00414720	ai	AIObject__v0_slot37	RTTI:00bf9b6c	AIObject__v0_slot37;AIObjectReal__v0_slot37;AIObjectPrimaryReal__v0_slot37;AIObjectShared__v0_slot37;AIObjectPrimaryShared__v0_slot37;BotBehaviour__v0_slot07;BBAirLift__v0_slot07;BBMoveToFixed__v0_slot07;BBFireUnarmed__v0_slot07;BBIdle__v0_slot07;BBBailOut__v0_slot07;BBChange__v0_slot07;BBChangeLandingCraft__v0_slot07;BBChangeTeleport__v0_slot07;BBMedicAssist__v0_slot07;BBAvoid__v0_slot07;BBMoveTo__v0_slot07;BBScout__v0_slot07;BBFire__v0_slot07;BBFireLargeBore__v0_slot07;BBFireArtilleryDriver__v0_slot07;BBFire3d__v0_slot07;BBFireInfantery__v0_slot07;BBRoam__v0_slot07;BBTakeCover__v0_slot07;BBTakeCoverInfantry__v0_slot07;BBTakeCover3d__v0_slot07
00423700	gameplay	ObjTemplNetworkModule__v0_slot03	RTTI:00b45220	ObjTemplNetworkModule__v0_slot03;PhysicsModule__v0_slot03;NetworkModule__v0_slot03;AIToolsModule__v0_slot03
0048e870	ai	AIObject__v0_slot38	RTTI:00bf9b6c	AIObject__v0_slot38;AIObjectReal__v0_slot38;AIObjectPrimaryReal__v0_slot38;AIObjectShared__v0_slot38;AIObjectPrimaryShared__v0_slot38
004fee00	gameplay	BfControlPointGauge__v0_slot30	RTTI:00b6b6c4	BfControlPointGauge__v0_slot30;BAPAMoveTo__v0_slot12;BAPAMoveToObject__v0_slot12;BAPAMoveToDirect__v0_slot12
00516fd0	ai	BAPConTrue__v0_slot01	RTTI:00bf478c	BAPConTrue__v0_slot01
00526750	ai	BAPAAimAt3d__v0_slot09	RTTI:00bfc444	BAPAAimAt3d__v0_slot09;BAPAAimAtObject3d__v0_slot09
0052f6f0	ai	AIDifficulty__v0_slot00	RTTI:00b64b48	AIDifficulty__v0_slot00;NoBotRespawningForTeam__v0_slot00;BotTeamSpawnGroup__v0_slot00;BotSpawnGroup__v0_slot00
0052f8a0	gameplay	PlayerControlPoint__v0_slot00	RTTI:00b64bac	PlayerControlPoint__v0_slot00;BotControlPoint__v0_slot00;ControlPointCapture__v0_slot00;ControlPointPossession__v0_slot00;ControlPointDefense__v0_slot00
0052f980	ai	BotTeamControlPoint__v0_slot00	RTTI:00b64be8	BotTeamControlPoint__v0_slot00
00565050	ai	AIMain__v0_slot02	RTTI:00bf2f38	AIMain__v0_slot02
0059ac60	ai	AIPathfinding__v0_slot05	RTTI:00bf8a3c	AIPathfinding__v0_slot05
0059ebb0	gameplay	BFSpawnPointManager__v0_slot01	RTTI:00b73ab0	BFSpawnPointManager__v0_slot01;AIObjectPrimaryShared__v0_slot01;AIObjectSecondaryShared__v0_slot01
005a3150	ai	BAPAComponentSoldierPose__v0_slot05	RTTI:00bfd0ec	BAPAComponentSoldierPose__v0_slot05;BAPAMoveTo__v24_slot05;BAPAMoveToObject__v24_slot05;BAPAMoveToObjectFinding__v24_slot05;BAPAMoveToFinding__v24_slot05;BAPAMoveToDirect__v24_slot05;BAPASoldierPose__v24_slot05
005c9880	ai	AIDifficulty__v0_slot01	RTTI:00b64b48	AIDifficulty__v0_slot01
005c98a0	ai	NoBotRespawningForTeam__v0_slot01	RTTI:00b64b84	NoBotRespawningForTeam__v0_slot01
005cdd50	ai	BotTeamControlPoint__v0_slot01	RTTI:00b64be8	BotTeamControlPoint__v0_slot01
005cdda0	ai	BotTeamSpawnGroup__v0_slot01	RTTI:00b64c24	BotTeamSpawnGroup__v0_slot01
005d32e0	gameplay	NetworkableInfoManager__v0_slot10	RTTI:00b9d074	NetworkableInfoManager__v0_slot10;AISettings__v4_slot18
005d3420	ai	AIObjectSecondaryReal__v0_slot38	RTTI:00bf543c	AIObjectSecondaryReal__v0_slot38;AIPathfinding__v4_slot36
005d34a0	ai	AISettings__v4_slot12	RTTI:00bf1c24	AISettings__v4_slot12
005f4ba0	gameplay	BFSoldier__v0_slot07	RTTI:00b9033c	BFSoldier__v0_slot07;ControlPoint__v0_slot07;BFSpawnPoint__v0_slot07;PlayerControlObject__v0_slot07;Projectile__v0_slot07;HandFireArms__v0_slot07;ClusterProjectile__v0_slot07;SpawnPoint__v0_slot07;BAPAAimAt3d__v0_slot10;BAPAAimAtObject3d__v0_slot10
005f4be0	ai	BotMain__v0_slot44	RTTI:00bf497c	BotMain__v0_slot44
005f89e0	gameplay	BfControlPointGauge__v0_slot08	RTTI:00b6b6c4	BfControlPointGauge__v0_slot08;StaticResponsePhysics__v0_slot27;PointResponsePhysics__v0_slot27;AIStrategicObject__v0_slot15;AIStrategicObject__v0_slot16;BAPConFalse__v0_slot00;BotBehaviour__v0_slot11;BBAirLift__v0_slot11;BBMoveToFixed__v0_slot11;BBFireUnarmed__v0_slot11;BBIdle__v0_slot11;BBBailOut__v0_slot11;BBChange__v0_slot11;BBChangeLandingCraft__v0_slot11;BBChangeTeleport__v0_slot11;BBMedicAssist__v0_slot11;BBAvoid__v0_slot11;BBMoveTo__v0_slot11;BBScout__v0_slot11;BBFire__v0_slot11;BBFireLargeBore__v0_slot11;BBFireArtilleryDriver__v0_slot11;BBFire3d__v0_slot11;BBFireInfantery__v0_slot11;BBRoam__v0_slot11;BBTakeCover__v0_slot11;BBTakeCoverInfantry__v0_slot11;BBTakeCover3d__v0_slot11;ISVUBot__v0_slot05;SVUBotVehicle__v0_slot05;SVUBotPos__v0_slot05;SVUBotHealth__v0_slot05;SVUBotExists__v0_slot05
00643610	gameplay	BFSoldier__v356_slot25	RTTI:00b9022c	BFSoldier__v356_slot25;BFSoldier__v356_slot26;BFSoldier__v356_slot27;BFSoldier__v356_slot37;BFSoldier__v0_slot74;BfControlPointGauge__v0_slot09;BfControlPointGauge__v0_slot10;PhysicsNode__v0_slot62;StaticResponsePhysics__v0_slot28;StaticPhysicsNode__v0_slot52;StaticPhysicsNode__v0_slot56;StaticPhysicsNode__v0_slot61;StaticPhysicsNode__v0_slot62;StaticPhysicsNode__v0_slot63;PointResponsePhysics__v0_slot28;PhysicsEngine__v0_slot62;PhysicsFloatingBundle__v0_slot62;PhysicsSpring__v0_slot62;PhysicsWing__v0_slot62;PhysicsWinch__v0_slot62;AIObjectFilter__v0_slot03;AIObject__v0_slot29;AIObjectReal__v0_slot29;AIObjectShared__v0_slot29;AIObjectSecondaryReal__v0_slot28;AIObjectSecondaryReal__v0_slot29;AIObjectSecondaryShared__v0_slot28;AIObjectSecondaryShared__v0_slot29;AIPredWrapper__v0_slot03;ISVUBot__v0_slot04;SVUBotVehicle__v0_slot04;SVUBotPos__v0_slot04;SVUBotHealth__v0_slot04;SVUBotExists__v0_slot04;BAPATrigger__v0_slot04;BAPAResetControls__v0_slot04;BAPAMoveTo3d__v0_slot04;BAPAMoveTo__v0_slot04;BAPAMoveTo__v0_slot10;BAPAMoveToObject__v0_slot04;BAPAMoveToObject__v0_slot10;BAPAMoveToObjectFinding__v0_slot04;BAPAMoveToObjectFinding__v0_slot10;BAPAMoveTo3dObject__v0_slot04;BAPAMoveToFinding__v0_slot04;BAPAMoveToFinding__v0_slot10;BAPALook__v0_slot04;BAPALookAtObject__v0_slot04;BAPAMoveToDirect__v0_slot04;BAPAMoveToDirect__v0_slot13;BAPASoldierPose__v0_slot04;BAPALookAhead__v0_slot04;BAPATriggerContinously__v0_slot04;BAPALookInDir__v0_slot04;BAPASense__v0_slot04;BAPATurn__v0_slot04;BAPATurnTowardsDirection__v0_slot04;BAPAAimAt__v0_slot04;BAPAAimAtPoint__v0_slot04;BAPAAimAtObject__v0_slot04;BAPATurnTowardsObject__v0_slot04;BAPASendMessage__v0_slot04;BAPAMoveTo3dDirection__v0_slot04;BAPAAimAt3d__v0_slot04;BAPAAimAtObject3d__v0_slot04;BAPARoll3d__v0_slot04
0064e7d0	gameplay	PhysicsModule__v0_slot07	RTTI:00b4531c	PhysicsModule__v0_slot07;NetworkModule__v0_slot07;AIDifficulty__v0_slot02;AIDifficulty__v0_slot03;NoBotRespawningForTeam__v0_slot02;NoBotRespawningForTeam__v0_slot03;PlayerControlPoint__v0_slot02;PlayerControlPoint__v0_slot03;BotTeamControlPoint__v0_slot02;BotTeamControlPoint__v0_slot03;BotTeamSpawnGroup__v0_slot02;BotTeamSpawnGroup__v0_slot03;BotControlPoint__v0_slot02;BotControlPoint__v0_slot03;BotSpawnGroup__v0_slot02;BotSpawnGroup__v0_slot03;ControlPointCapture__v0_slot03;ControlPointPossession__v0_slot03;ControlPointDefense__v0_slot02;BfControlPointGauge__v0_slot04;BfControlPointGauge__v0_slot05;Soldier__v0_slot03;SoldierAmmo__v0_slot03;HandFireArms__v0_slot70;PhysicsNode__v0_slot61;StaticPhysicsNode__v0_slot69;PointResponsePhysics__v0_slot21;PointPhysicsNode__v0_slot61;PointPhysicsNode__v0_slot62;PointPhysicsNode__v0_slot69;PhysicsEngine__v0_slot61;PhysicsFloatingBundle__v0_slot61;PhysicsSpring__v0_slot61;PhysicsWing__v0_slot61;PhysicsWinch__v0_slot61;AIObjectPrimaryReal__v0_slot28;AIObjectPrimaryShared__v0_slot28;BAPICScout__v0_slot04;ISVUBot__v0_slot02;ISVUBot__v0_slot03;SVUBotVehicle__v0_slot02;SVUBotVehicle__v0_slot03;SVUBotPos__v0_slot02;SVUBotPos__v0_slot03;SVUBotHealth__v0_slot02;SVUBotHealth__v0_slot03;SVUBotExists__v0_slot02;SVUBotExists__v0_slot03;BAPFlowCWhile__v0_slot04;BAPCombinerSerial__v0_slot04;BAPInfoWrapper__v0_slot04;BAPIWIdle__v0_slot04;BAPAUpdateVehicle__v0_slot04;BAPCombinerParallel__v0_slot04;BAPAMoveToObjectFinding__v0_slot13;BAPAMoveToFinding__v0_slot13;BAPIWChange__v0_slot04;BAPICTurnLock__v0_slot04;BAPICChangeVehicle__v0_slot04;BAPFlowCWait__v0_slot04;BAPIWFire__v0_slot04;BAPFlowCIf__v0_slot04;BAPIWMoveTo__v0_slot04;BAPIWScout__v0_slot04;BAPAChangeWeapon__v0_slot04;BAPANotifyBot__v0_slot04;BAPFlowCEnd__v0_slot04;BAPWrapperAiming__v0_slot04;BAPWrapperFinished__v0_slot04;BAPWrapperWeapon__v0_slot04;BAPAEvaluate__v0_slot04;BAPIWRoam__v0_slot04;BAPIWTakeCover__v0_slot04
0064f780	gameplay	ObjTemplNetworkModule__v0_slot05	RTTI:00b45220	ObjTemplNetworkModule__v0_slot05;PhysicsModule__v0_slot05;NetworkModule__v0_slot04;NetworkModule__v0_slot05;AIToolsModule__v0_slot05;BFSoldierTemplate__v0_slot23;BFSoldierTemplate__v0_slot24;BFSoldier__v356_slot13;BFSoldier__v356_slot29;BFSoldier__v356_slot33;BFSoldier__v356_slot34;BFSoldier__v356_slot36;BFSoldier__v356_slot46;BFSoldier__v0_slot69;BFSoldier__v0_slot73;ControlPoint__v0_slot19;BFSpawnPointTemplate__v0_slot23;BFSpawnPointTemplate__v0_slot24;PlayerControlObjectTemplate__v0_slot23;PlayerControlObjectTemplate__v0_slot24;NetworkableBase__v0_slot06;GameEvent__v0_slot03;BFSpawnPoint__v0_slot19;SoldierAmmo__v0_slot06;SpecialGameEvent__v0_slot03;ControlPointCapturedEvent__v0_slot03;PlayerControlObject__v0_slot19;Projectile__v0_slot19;ControlPointTemplate__v0_slot23;ControlPointTemplate__v0_slot24;ItemNetworkable__v56_slot04;SpringNetworkable__v56_slot04;PlayerControlObjectNetworkable__v56_slot04;PlayerControlObjectNetworkable__v0_slot06;KitNetworkable__v56_slot04;FireArmsNetworkable__v56_slot04;ControlPointNetworkable__v56_slot04;MusicPlayerNetworkable__v56_slot04;WinchNetworkable__v56_slot04;HandFireArmsTemplate__v0_slot23;HandFireArmsTemplate__v0_slot24;ClusterProjectile__v0_slot19;ProjectileTemplate__v0_slot23;ProjectileTemplate__v0_slot24;PhysicsNode__v0_slot06;ClusterProjectileTemplate__v0_slot23;ClusterProjectileTemplate__v0_slot24;SpawnPointTemplate__v0_slot23;SpawnPointTemplate__v0_slot24;BasicPhysicsSystem__v0_slot04;StaticResponsePhysics__v0_slot08;StaticResponsePhysics__v0_slot10;StaticResponsePhysics__v0_slot11;StaticResponsePhysics__v0_slot29;StaticResponsePhysics__v0_slot30;StaticPhysicsNode__v0_slot06;StaticPhysicsNode__v0_slot19;StaticPhysicsNode__v0_slot20;StaticPhysicsNode__v0_slot21;StaticPhysicsNode__v0_slot22;StaticPhysicsNode__v0_slot23;StaticPhysicsNode__v0_slot24;StaticPhysicsNode__v0_slot25;StaticPhysicsNode__v0_slot26;StaticPhysicsNode__v0_slot38;StaticPhysicsNode__v0_slot40;StaticPhysicsNode__v0_slot41;StaticPhysicsNode__v0_slot43;StaticPhysicsNode__v0_slot45;StaticPhysicsNode__v0_slot47;StaticPhysicsNode__v0_slot49;StaticPhysicsNode__v0_slot51;StaticPhysicsNode__v0_slot53;StaticPhysicsNode__v0_slot59;StaticPhysicsNode__v0_slot65;StaticPhysicsNode__v0_slot68;StaticPhysicsNode__v0_slot70;PointResponsePhysics__v0_slot19;PointResponsePhysics__v0_slot29;PointResponsePhysics__v0_slot30;PointPhysicsNode__v0_slot06;PointPhysicsNode__v0_slot20;PointPhysicsNode__v0_slot22;PointPhysicsNode__v0_slot24;PointPhysicsNode__v0_slot26;PointPhysicsNode__v0_slot38;PointPhysicsNode__v0_slot45;PointPhysicsNode__v0_slot47;PointPhysicsNode__v0_slot65;PointPhysicsNode__v0_slot68;PointPhysicsNode__v0_slot70;SpawnPoint__v0_slot19;PhysicsEngine__v0_slot06;PhysicsFloatingBundle__v0_slot06;PhysicsSpring__v0_slot06;PhysicsWing__v0_slot06;PhysicsWinch__v0_slot06;AIObject__v0_slot30;AIObjectReal__v0_slot30;AIObjectShared__v0_slot30;AIObjectSecondaryReal__v0_slot30;AIObjectSecondaryShared__v0_slot30;BAPAMoveToObjectFinding__v0_slot11;BAPAMoveToFinding__v0_slot11;BAPAMoveToDirect__v0_slot11
00672f90	gameplay	NetworkableInfo__v0_slot07	RTTI:00ba532c	NetworkableInfo__v0_slot07;AISettings__v4_slot14;BAPAComponentSoldierPose__v0_slot06;BAPAMoveTo__v24_slot06;BAPAMoveToObject__v24_slot06;BAPAMoveToObjectFinding__v24_slot06;BAPAMoveToFinding__v24_slot06;BAPAMoveToDirect__v24_slot06;BAPASoldierPose__v24_slot06
00677c90	ai	AISettings__v0_slot31	RTTI:00bf1c94	AISettings__v0_slot31
006823b0	gameplay	GameEventManager__v0_slot09	RTTI:00b76208	GameEventManager__v0_slot09;HandFireArmsTemplate__v1468_slot06;HandFireArms__v872_slot08;PhysicsNode__v0_slot04;StaticPhysicsNode__v0_slot04;PointPhysicsNode__v0_slot04;PhysicsEngine__v0_slot04;PhysicsFloatingBundle__v0_slot04;PhysicsSpring__v0_slot04;PhysicsWing__v0_slot04;PhysicsWinch__v0_slot04;BAPAComponentSoldierPose__v0_slot03;BAPAMoveTo__v24_slot03;BAPAMoveToObject__v24_slot03;BAPAMoveToObjectFinding__v24_slot03;BAPAMoveToFinding__v24_slot03;BAPAMoveToDirect__v24_slot03;BAPASoldierPose__v24_slot03
00682800	ai	AIMain__v4_slot06	RTTI:00bf2eac	AIMain__v4_slot06
00682850	gameplay	PhysicsNode__v0_slot63	RTTI:00b91ecc	PhysicsNode__v0_slot63;PhysicsEngine__v0_slot63;PhysicsFloatingBundle__v0_slot63;PhysicsSpring__v0_slot63;PhysicsWing__v0_slot63;PhysicsWinch__v0_slot63;AIMain__v4_slot12
006964f0	ai	BotMain__v0_slot101	RTTI:00bf497c	BotMain__v0_slot101
00696510	ai	BotMain__v0_slot32	RTTI:00bf497c	BotMain__v0_slot32
00699d20	gameplay	PlayerControlObjectTemplate__v472_slot07	RTTI:00b93a14	PlayerControlObjectTemplate__v472_slot07;BotMain__v0_slot51
0069d640	ai	BotMain__v0_slot25	RTTI:00bf497c	BotMain__v0_slot25
006a4100	ai	AIObjectSecondaryReal__v0_slot37	RTTI:00bf543c	AIObjectSecondaryReal__v0_slot37
006a9520	ai	BAPAAimAtPoint__v0_slot10	RTTI:00bfb9a4	BAPAAimAtPoint__v0_slot10;BAPAAimAtObject__v0_slot10
006b3460	gameplay	ObjTemplNetworkModule__v0_slot02	RTTI:00b45220	ObjTemplNetworkModule__v0_slot02;PhysicsModule__v0_slot02;NetworkModule__v0_slot02;AIToolsModule__v0_slot02;SpawnPointManager__v0_slot02;NetworkableInfoManager__v0_slot02;BasicPhysicsSystem__v0_slot02;PhysicsNodeManager__v0_slot02;ResponsePhysicsManager__v0_slot02;AIObject__v0_slot02
006b5960	ai	BotMain__v0_slot26	RTTI:00bf497c	BotMain__v0_slot26
006bbe50	ai	BotMain__v0_slot21	RTTI:00bf497c	BotMain__v0_slot21
006bc1b0	ai	AIScriptManager__v0_slot19	RTTI:00bf424c	AIScriptManager__v0_slot19
006bc1c0	ai	AIScriptManager__v0_slot24	RTTI:00bf424c	AIScriptManager__v0_slot24
006ddbc0	gameplay	BFSoldierTemplate__v0_slot09	RTTI:00b904ec	BFSoldierTemplate__v0_slot09;BFSpawnPointTemplate__v0_slot09;PlayerControlObjectTemplate__v0_slot09;ControlPointTemplate__v0_slot09;HandFireArmsTemplate__v0_slot09;ProjectileTemplate__v0_slot09;ClusterProjectileTemplate__v0_slot09;SpawnPointTemplate__v0_slot09;BotMain__v0_slot14
006e8dd0	gameplay	StaticPhysicsNode__v0_slot42	RTTI:00ba3da4	StaticPhysicsNode__v0_slot42;StaticPhysicsNode__v0_slot54;AIObjectReal__v0_slot18;AIObjectPrimaryReal__v0_slot18;AIObjectShared__v0_slot18;AIObjectPrimaryShared__v0_slot18;AIObjectSecondaryReal__v0_slot18;AIObjectSecondaryShared__v0_slot18
006e8f90	ai	AIObjectPrimaryReal__v0_slot31	RTTI:00bf521c	AIObjectPrimaryReal__v0_slot31;AIObjectPrimaryReal__v0_slot52
006e9310	ai	AIPathfinding__v4_slot37	RTTI:00bf8b14	AIPathfinding__v4_slot37
006ea120	ai	BotMain__v0_slot55	RTTI:00bf497c	BotMain__v0_slot55
006eab40	ai	AIPredWrapper__v0_slot01	RTTI:00bf8800	AIPredWrapper__v0_slot01
006f29e0	gameplay	HandFireArmsTemplate__v1468_slot07	RTTI:00b9db44	HandFireArmsTemplate__v1468_slot07;HandFireArms__v872_slot09;PhysicsNode__v0_slot05;StaticPhysicsNode__v0_slot05;PointPhysicsNode__v0_slot05;PhysicsEngine__v0_slot05;PhysicsFloatingBundle__v0_slot05;PhysicsSpring__v0_slot05;PhysicsWing__v0_slot05;PhysicsWinch__v0_slot05;AISettings__v0_slot20;BotMain__v0_slot79
006f2af0	gameplay	BFSoldier__v356_slot07	RTTI:00b9022c	BFSoldier__v356_slot07;BFSoldier__v356_slot35;BFSoldier__v356_slot45;IPlayerControlObject__v0_slot45;NetworkableBase__v0_slot05;BFSpawnPointManager__v4_slot05;FreeCameraNetworkable__v0_slot05;ItemNetworkable__v0_slot05;PlayerControlObjectNetworkable__v0_slot05;KitNetworkable__v0_slot05;ProjectileNetworkable__v0_slot05;FireArmsNetworkable__v0_slot05;ControlPointNetworkable__v0_slot05;EngineNetworkable__v0_slot05;MusicPlayerNetworkable__v0_slot05;WireLinkNetworkable__v0_slot05;HookNetworkable__v0_slot05;StaticPhysicsNode__v0_slot60;AIObject__v0_slot36;AIObjectReal__v0_slot36;AIObjectShared__v0_slot36;AIObjectSecondaryReal__v0_slot36;AIObjectSecondaryShared__v0_slot36;ISVUBot__v0_slot07;SVUBotVehicle__v0_slot07;SVUBotPos__v0_slot07;SVUBotHealth__v0_slot07;SVUBotExists__v0_slot07
006f39a0	gameplay	PointPhysicsNode__v0_slot54	RTTI:00ba3fd4	PointPhysicsNode__v0_slot54;AIPathfinding__v4_slot35
006f39d0	gameplay	PointPhysicsNode__v0_slot60	RTTI:00ba3fd4	PointPhysicsNode__v0_slot60;BotMain__v0_slot56
006f39e0	gameplay	PointPhysicsNode__v0_slot63	RTTI:00ba3fd4	PointPhysicsNode__v0_slot63;BotMain__v0_slot27
006fc8b0	gameplay	PlayerControlObject__v352_slot12	RTTI:00b93c44	PlayerControlObject__v352_slot12;NetworkableInfo__v0_slot09;AIScript__v0_slot04
007011b0	ai	AIStrategicObject__v0_slot21	RTTI:00bf3504	AIStrategicObject__v0_slot21;AIStrategicObject__v0_slot22
007028d0	ai	AIObjectUnit__v0_slot04	RTTI:00bf8d4c	AIObjectUnit__v0_slot04
0070a3c0	gameplay	GameEventManager__v0_slot04	RTTI:00b76208	GameEventManager__v0_slot04;BotMain__v0_slot23
0070a3f0	ai	AIScriptManager__v0_slot26	RTTI:00bf424c	AIScriptManager__v0_slot26
0070a420	ai	BotManager__v0_slot03	RTTI:00bf8014	BotManager__v0_slot03
00726570	gameplay	BFSoldier__v356_slot15	RTTI:00b9022c	BFSoldier__v356_slot15;BFSoldier__v0_slot50;BFSoldier__v0_slot55;ControlPoint__v0_slot50;ControlPoint__v0_slot55;BotControlPoint__v0_slot01;BotSpawnGroup__v0_slot01;BfControlPointGauge__v0_slot51;BFSpawnPoint__v0_slot50;BFSpawnPoint__v0_slot55;SoldierAmmo__v0_slot04;SoldierAmmo__v0_slot05;PlayerControlObject__v0_slot50;PlayerControlObject__v0_slot55;Projectile__v0_slot50;Projectile__v0_slot55;HandFireArms__v0_slot50;HandFireArms__v0_slot55;ClusterProjectile__v0_slot50;ClusterProjectile__v0_slot55;StaticResponsePhysics__v0_slot06;StaticPhysicsNode__v0_slot55;StaticPhysicsNode__v0_slot57;StaticPhysicsNode__v0_slot58;StaticPhysicsNode__v0_slot66;StaticPhysicsNode__v0_slot71;PointResponsePhysics__v0_slot06;PointResponsePhysics__v0_slot16;PointResponsePhysics__v0_slot20;PointPhysicsNode__v0_slot66;PointPhysicsNode__v0_slot71;SpawnPoint__v0_slot50;SpawnPoint__v0_slot55;AIObject__v0_slot10;BotMain__v0_slot05;AIObjectPlugIn__v0_slot04;AIObjectPlugIn__v0_slot05;AIObjectPhysical__v0_slot04;AIObjectPhysical__v0_slot05;TaskAStarStrategicSearch__v0_slot02;TaskStrategicPlayerMapSearch__v0_slot02;TaskGetStrategicCellInfoNo__v0_slot02;TaskStrategicSearch__v0_slot02;AIObjectSecondaryReal__v0_slot12;AIObjectSecondaryReal__v0_slot13;AIObjectSecondaryShared__v0_slot12;AIObjectSecondaryShared__v0_slot13;AIObjectControlInfo__v0_slot04;AIObjectControlInfo__v0_slot05;AIObjectUnit__v0_slot05;AIObjectMobile__v0_slot04;AIObjectArmament__v0_slot05;AIObjectCover__v0_slot04;AIObjectCover__v0_slot05
00726590	ai	AIPathfinding__v4_slot40	RTTI:00bf8b14	AIPathfinding__v4_slot40
0073b120	ai	BotMain__v0_slot33	RTTI:00bf497c	BotMain__v0_slot33
0073b330	gameplay	PhysicsNode__v0_slot36	RTTI:00b91ecc	PhysicsNode__v0_slot36;PhysicsEngine__v0_slot36;PhysicsFloatingBundle__v0_slot36;PhysicsSpring__v0_slot36;PhysicsWing__v0_slot36;PhysicsWinch__v0_slot36;AIObjectPrimaryShared__v0_slot31;AIObjectPrimaryShared__v0_slot52
00745a30	gameplay	ObjTemplNetworkModule__v0_slot00	RTTI:00b45220	ObjTemplNetworkModule__v0_slot00;PhysicsModule__v0_slot00;NetworkModule__v0_slot00;AIToolsModule__v0_slot00;IPlayerControlObject__v0_slot00;ISpawnPoint__v0_slot00;NetworkableBase__v0_slot00;NetworkableObjectBase__v0_slot00;IPlayerControlObjectTemplate__v0_slot00;BasicPhysicsSystem__v0_slot00;ResponsePhysicsManager__v0_slot00
0074d250	ai	AIScriptManager__v0_slot27	RTTI:00bf424c	AIScriptManager__v0_slot27
00764b20	gameplay	ObjTemplNetworkModule__v0_slot01	RTTI:00b45220	ObjTemplNetworkModule__v0_slot01;PhysicsModule__v0_slot01;NetworkModule__v0_slot01;AIToolsModule__v0_slot01;SpawnPointManager__v0_slot01;NetworkableInfoManager__v0_slot01;BasicPhysicsSystem__v0_slot01;PhysicsNodeManager__v0_slot01;ResponsePhysicsManager__v0_slot01;AIObject__v0_slot01
00772500	ai	AIMain__v4_slot07	RTTI:00bf2eac	AIMain__v4_slot07
007731d0	ai	AISettings__v4_slot15	RTTI:00bf1c24	AISettings__v4_slot15
00773200	gameplay	BFSoldierTemplate__v0_slot07	RTTI:00b904ec	BFSoldierTemplate__v0_slot07;BFSpawnPointTemplate__v0_slot07;PlayerControlObjectTemplate__v0_slot07;ControlPointTemplate__v0_slot07;HandFireArmsTemplate__v0_slot07;ProjectileTemplate__v0_slot07;ClusterProjectileTemplate__v0_slot07;SpawnPointTemplate__v0_slot07;PointPhysicsNode__v0_slot49;AIObjectReal__v0_slot04;AIObjectPrimaryReal__v0_slot04;AIObjectSecondaryReal__v0_slot04;AIObjectSecondaryShared__v0_slot38
007a92a0	ai	BotMain__v0_slot24	RTTI:00bf497c	BotMain__v0_slot24
007a92b0	ai	AIPathfinding__v4_slot53	RTTI:00bf8b14	AIPathfinding__v4_slot53
007c26de	gameplay	IPlayerControlObject__v0_slot01	RTTI:00b79c14	IPlayerControlObject__v0_slot01;IPlayerControlObject__v0_slot02;IPlayerControlObject__v0_slot03;IPlayerControlObject__v0_slot04;IPlayerControlObject__v0_slot06;IPlayerControlObject__v0_slot07;IPlayerControlObject__v0_slot08;IPlayerControlObject__v0_slot09;IPlayerControlObject__v0_slot10;IPlayerControlObject__v0_slot11;IPlayerControlObject__v0_slot12;IPlayerControlObject__v0_slot13;IPlayerControlObject__v0_slot14;IPlayerControlObject__v0_slot15;IPlayerControlObject__v0_slot16;IPlayerControlObject__v0_slot17;IPlayerControlObject__v0_slot18;IPlayerControlObject__v0_slot19;IPlayerControlObject__v0_slot20;IPlayerControlObject__v0_slot21;IPlayerControlObject__v0_slot22;IPlayerControlObject__v0_slot23;IPlayerControlObject__v0_slot24;IPlayerControlObject__v0_slot25;IPlayerControlObject__v0_slot26;IPlayerControlObject__v0_slot27;IPlayerControlObject__v0_slot28;IPlayerControlObject__v0_slot29;IPlayerControlObject__v0_slot30;IPlayerControlObject__v0_slot31;IPlayerControlObject__v0_slot32;IPlayerControlObject__v0_slot33;IPlayerControlObject__v0_slot34;IPlayerControlObject__v0_slot35;IPlayerControlObject__v0_slot36;IPlayerControlObject__v0_slot37;IPlayerControlObject__v0_slot38;IPlayerControlObject__v0_slot39;IPlayerControlObject__v0_slot40;IPlayerControlObject__v0_slot41;IPlayerControlObject__v0_slot42;IPlayerControlObject__v0_slot43;IPlayerControlObject__v0_slot44;IPlayerControlObject__v0_slot46;IPlayerControlObject__v0_slot47;ISpawnPoint__v0_slot01;ISpawnPoint__v0_slot02;ISpawnPoint__v0_slot03;ISpawnPoint__v0_slot04;ISpawnPoint__v0_slot05;ISpawnPoint__v0_slot06;ISpawnPoint__v0_slot07;ISpawnPoint__v0_slot08;ISpawnPoint__v0_slot09;ISpawnPoint__v0_slot10;NetworkableBase__v0_slot01;NetworkableBase__v0_slot02;NetworkableBase__v0_slot03;NetworkableBase__v0_slot04;NetworkableBase__v0_slot07;NetworkableBase__v0_slot08;GameEvent__v0_slot00;NetworkableObjectBase__v0_slot01;NetworkableObjectBase__v0_slot02;NetworkableObjectBase__v0_slot03;NetworkableObjectBase__v0_slot04;IPlayerControlObjectTemplate__v0_slot01;IPlayerControlObjectTemplate__v0_slot02;IPlayerControlObjectTemplate__v0_slot03;IPlayerControlObjectTemplate__v0_slot04;IPlayerControlObjectTemplate__v0_slot05;IPlayerControlObjectTemplate__v0_slot06;IPlayerControlObjectTemplate__v0_slot07;IPlayerControlObjectTemplate__v0_slot08;IPlayerControlObjectTemplate__v0_slot09;IPlayerControlObjectTemplate__v0_slot10;IPlayerControlObjectTemplate__v0_slot11;IPlayerControlObjectTemplate__v0_slot12;IPlayerControlObjectTemplate__v0_slot13;IPlayerControlObjectTemplate__v0_slot14;IPlayerControlObjectTemplate__v0_slot15;IPlayerControlObjectTemplate__v0_slot16;IPlayerControlObjectTemplate__v0_slot17;IPlayerControlObjectTemplate__v0_slot18;IPlayerControlObjectTemplate__v0_slot19;IPlayerControlObjectTemplate__v0_slot20;IPlayerControlObjectTemplate__v0_slot21;IPlayerControlObjectTemplate__v0_slot22;IPlayerControlObjectTemplate__v0_slot23;IPlayerControlObjectTemplate__v0_slot24;IPlayerControlObjectTemplate__v0_slot25;IPlayerControlObjectTemplate__v0_slot26;IPlayerControlObjectTemplate__v0_slot27;IPlayerControlObjectTemplate__v0_slot28;IPlayerControlObjectTemplate__v0_slot29;IPlayerControlObjectTemplate__v0_slot30;IPlayerControlObjectTemplate__v0_slot31;IPlayerControlObjectTemplate__v0_slot32;IPlayerControlObjectTemplate__v0_slot33;IPlayerControlObjectTemplate__v0_slot34;IPlayerControlObjectTemplate__v0_slot35;IPlayerControlObjectTemplate__v0_slot36;IPlayerControlObjectTemplate__v0_slot37;IPlayerControlObjectTemplate__v0_slot38;IPlayerControlObjectTemplate__v0_slot39;IPlayerControlObjectTemplate__v0_slot40;IPlayerControlObjectTemplate__v0_slot41;IPlayerControlObjectTemplate__v0_slot42;IPlayerControlObjectTemplate__v0_slot43;IPlayerControlObjectTemplate__v0_slot44;IPlayerControlObjectTemplate__v0_slot45;IPlayerControlObjectTemplate__v0_slot46;IPlayerControlObjectTemplate__v0_slot47;IPlayerControlObjectTemplate__v0_slot48;IPlayerControlObjectTemplate__v0_slot49;IPlayerControlObjectTemplate__v0_slot50;IPlayerControlObjectTemplate__v0_slot51;IPlayerControlObjectTemplate__v0_slot52;IPlayerControlObjectTemplate__v0_slot53;IPlayerControlObjectTemplate__v0_slot54;IPlayerControlObjectTemplate__v0_slot55;IPlayerControlObjectTemplate__v0_slot56;IPlayerControlObjectTemplate__v0_slot57;IPlayerControlObjectTemplate__v0_slot58;IPlayerControlObjectTemplate__v0_slot59;IPlayerControlObjectTemplate__v0_slot60;IPlayerControlObjectTemplate__v0_slot61;IPlayerControlObjectTemplate__v0_slot62;IPlayerControlObjectTemplate__v0_slot63;IPlayerControlObjectTemplate__v0_slot64;IPlayerControlObjectTemplate__v0_slot65;IPlayerControlObjectTemplate__v0_slot66;IPlayerControlObjectTemplate__v0_slot67;IPlayerControlObjectTemplate__v0_slot68;IPlayerControlObjectTemplate__v0_slot69;IPlayerControlObjectTemplate__v0_slot70;IPlayerControlObjectTemplate__v0_slot71;IPlayerControlObjectTemplate__v0_slot72;IPlayerControlObjectTemplate__v0_slot73;IPlayerControlObjectTemplate__v0_slot74;ISoldierSound__v0_slot01;ISoldierSound__v0_slot02;IBotManager__v0_slot01;IBotManager__v0_slot02;IBotManager__v0_slot03;IBotManager__v0_slot04;IBotManager__v0_slot05;IBotManager__v0_slot06;IBotManager__v0_slot07;IBotManager__v0_slot08;IBotManager__v0_slot09;IBotManager__v0_slot10;IBotManager__v0_slot11;IBotManager__v0_slot12;IBotManager__v0_slot13;IBotManager__v0_slot14;IBotManager__v0_slot15;IBotManager__v0_slot16;IBotManager__v0_slot17;IBotManager__v0_slot18;IBotManager__v0_slot19;IBotManager__v0_slot20;IBotManager__v0_slot21;AIObject__v0_slot04;AIObject__v0_slot05;AIObject__v0_slot06;AIObject__v0_slot07;AIObject__v0_slot08;AIObject__v0_slot11;AIObject__v0_slot12;AIObject__v0_slot13;AIObject__v0_slot16;AIObject__v0_slot17;AIObject__v0_slot18;AIObject__v0_slot19;AIObject__v0_slot20;AIObject__v0_slot21;AIObject__v0_slot22;AIObject__v0_slot23;AIObject__v0_slot24;AIObject__v0_slot25;AIObject__v0_slot26;AIObject__v0_slot27;AIObject__v0_slot28;AIObject__v0_slot39;AIObject__v0_slot40;AIObject__v0_slot41;AIObject__v0_slot42;AIObject__v0_slot45;AIObject__v0_slot46;AIObject__v0_slot47;AIObject__v0_slot48;AIObject__v0_slot49;AIObject__v0_slot50;AIObject__v0_slot51;AIStrategicObject__v0_slot04;AIStrategicObject__v0_slot05;AIStrategicObject__v0_slot06;AIStrategicObject__v0_slot07;AIStrategicObject__v0_slot08;AIStrategicObject__v0_slot09;AIStrategicObject__v0_slot10;AIStrategicObject__v0_slot11;AIStrategicObject__v0_slot12;AIStrategicObject__v0_slot13;AIStrategicObject__v0_slot17;AIStrategicObject__v0_slot18;AIStrategicObject__v0_slot19;AIStrategicObject__v0_slot20;AIStrategicObject__v0_slot23;AIStrategicObject__v0_slot26;AIStrategicObject__v0_slot27;StrategyCondition__v0_slot02;IBotManagerModifier__v0_slot01;IBotManagerModifier__v0_slot02;IBotManagerModifier__v0_slot03;IBotManagerModifier__v0_slot04;IBotManagerModifier__v0_slot05;IBotManagerModifier__v0_slot06;IBotManagerModifier__v0_slot07;IBotManagerModifier__v0_slot08;IBotManagerModifier__v0_slot09;IBotManagerModifier__v0_slot10;IBotManagerModifier__v0_slot11;IBotManagerModifier__v0_slot12;IBotManagerModifier__v0_slot13;IBotManagerModifier__v0_slot14;IBotManagerModifier__v0_slot15;IBotManagerModifier__v0_slot16;IBotManagerModifier__v0_slot17;IBotManagerModifier__v0_slot18;IBotManagerModifier__v0_slot19;IBotManagerModifier__v0_slot20;IBotManagerModifier__v0_slot21;IBotManagerModifier__v0_slot22;IBotManagerModifier__v0_slot23;IBotManagerModifier__v0_slot24;IBotManagerModifier__v0_slot25;IBotManagerModifier__v0_slot26;IBotManagerModifier__v0_slot27;IBotManagerModifier__v0_slot28;IBotManagerModifier__v0_slot29;IBotManagerModifier__v0_slot30;IBotManagerModifier__v0_slot31;IBotManagerModifier__v0_slot32;IBotManagerModifier__v0_slot33;IBotManagerModifier__v0_slot34;IBotManagerModifier__v0_slot35;IBotManagerModifier__v0_slot36;IBotManagerModifier__v0_slot37;IBotManagerModifier__v0_slot38;IBotManagerModifier__v0_slot39;IBotManagerModifier__v0_slot40;IBotManagerModifier__v0_slot41;AITemplatePlugIn__v0_slot01;AITemplatePlugIn__v0_slot02;Bot__v0_slot01;Bot__v0_slot02;Bot__v0_slot03;Bot__v0_slot04;Bot__v0_slot05;Bot__v0_slot06;Bot__v0_slot07;Bot__v0_slot08;Bot__v0_slot09;Bot__v0_slot10;Bot__v0_slot11;Bot__v0_slot12;Bot__v0_slot13;Bot__v0_slot14;Bot__v0_slot15;Bot__v0_slot16;Bot__v0_slot17;Bot__v0_slot18;Bot__v0_slot19;Bot__v0_slot20;Bot__v0_slot21;Bot__v0_slot22;Bot__v0_slot23;Bot__v0_slot24;Bot__v0_slot25;Bot__v0_slot26;Bot__v0_slot27;Bot__v0_slot28;Bot__v0_slot29;Bot__v0_slot30;Bot__v0_slot31;Bot__v0_slot32;Bot__v0_slot33;Bot__v0_slot34;Bot__v0_slot35;Bot__v0_slot36;Bot__v0_slot37;Bot__v0_slot38;Bot__v0_slot39;Bot__v0_slot40;Bot__v0_slot41;Bot__v0_slot42;Bot__v0_slot43;Bot__v0_slot44;Bot__v0_slot45;Bot__v0_slot46;Bot__v0_slot47;Bot__v0_slot48;Bot__v0_slot49;Bot__v0_slot50;Bot__v0_slot51;Bot__v0_slot52;Bot__v0_slot53;Bot__v0_slot55;Bot__v0_slot56;Bot__v0_slot57;Bot__v0_slot58;Bot__v0_slot59;Bot__v0_slot60;Bot__v0_slot61;Bot__v0_slot62;Bot__v0_slot63;Bot__v0_slot64;Bot__v0_slot65;Bot__v0_slot66;Bot__v0_slot67;Bot__v0_slot68;Bot__v0_slot69;Bot__v0_slot70;Bot__v0_slot71;Bot__v0_slot72;Bot__v0_slot73;Bot__v0_slot74;Bot__v0_slot75;Bot__v0_slot76;Bot__v0_slot77;Bot__v0_slot78;Bot__v0_slot79;Bot__v0_slot81;Bot__v0_slot82;Bot__v0_slot83;Bot__v0_slot84;Bot__v0_slot85;Bot__v0_slot86;Bot__v0_slot87;Bot__v0_slot88;Bot__v0_slot89;Bot__v0_slot90;Bot__v0_slot91;Bot__v0_slot92;Bot__v0_slot93;Bot__v0_slot94;Bot__v0_slot95;Bot__v0_slot96;Bot__v0_slot97;Bot__v0_slot98;Bot__v0_slot99;Bot__v0_slot100;Bot__v0_slot101;Bot__v0_slot102;Bot__v0_slot103;Bot__v0_slot104;BAPCondition__v0_slot00;BAPCondition__v0_slot01;AIObjectPlugIn__v0_slot01;AIObjectPlugIn__v0_slot02;AIObjectPlugIn__v0_slot03;AIObjectReal__v0_slot12;AIObjectReal__v0_slot13;AIObjectReal__v0_slot28;AIObjectShared__v0_slot12;AIObjectShared__v0_slot13;AIObjectShared__v0_slot28;BotBehaviour__v0_slot09;BBPPattern__v0_slot00;BBPIdle__v0_slot00;BBPAvoidCollision__v0_slot00;BBPAvoidCollision__v0_slot05;BBPGotoWaypoint__v0_slot00;BBPGotoWaypoint__v0_slot05;BotScript__v0_slot00;BAPStatement__v0_slot00;BAPStatement__v0_slot03;BAPStatement__v0_slot04;BAPExpression__v0_slot01;BAPExpression__v0_slot02;BBPFire__v0_slot00;BBPFire__v0_slot05;BBPRoam__v0_slot00;BAPEntry__v0_slot01;BAPEntry__v0_slot02;ISVUBot__v0_slot06;BAPAction__v0_slot00;BAPAction__v0_slot03;BAPAction__v0_slot04;BotScriptDebugger__v0_slot01;BotScriptDebugger__v0_slot02;BAPCombiner__v0_slot00;BAPCombiner__v0_slot02;BAPCombiner__v0_slot03;BAPCombiner__v0_slot04;BAPCombiner__v0_slot06;BAPAMoveTo__v0_slot00;BAPAMoveTo__v0_slot06;BAPAMoveTo__v0_slot07;BAPAMoveTo__v0_slot08;BAPAMoveTo__v0_slot09;BAPAMoveTo__v0_slot11;BAPAMoveTo__v0_slot13;BAPAMoveToObject__v0_slot06;BAPAMoveToObject__v0_slot07;BAPAMoveToObject__v0_slot08;BAPAMoveToObject__v0_slot09;BAPAMoveToObject__v0_slot11;BAPAMoveToObject__v0_slot13;BAPBoleanOp__v0_slot00;BAPBoleanOp__v0_slot01;BAPBoleanOp__v0_slot03;BAPALook__v0_slot06;BAPATurn__v0_slot06;BAPAAimAt__v0_slot06;BAPAAimAt__v0_slot07;BAPAAimAt__v0_slot08;BAPAAimAt__v0_slot09;BAPAAimAt__v0_slot10;BAPAAimAt__v0_slot11;BAPAAimAt__v0_slot12;BAPAAimAt__v0_slot13;BAPAAimAt__v0_slot14;BAPAAimAt3d__v0_slot06;BAPAAimAt3d__v0_slot07;BAPAAimAt3d__v0_slot08
008a84c0	ai	AIStrategicArea__v0_slot14	RTTI:00bf346c	AIStrategicArea__v0_slot14
008dfbb0	ai	IBotManager__v0_slot00	RTTI:00be11a4	IBotManager__v0_slot00
00925750	ai	AIToolsModule__v0_slot06	RTTI:00b45580	AIToolsModule__v0_slot06
009257c0	ai	AIToolsModule__v0_slot07	RTTI:00b45580	AIToolsModule__v0_slot07
009268c0	ai	AIToolsModule__v0_slot04	RTTI:00b45580	AIToolsModule__v0_slot04
00926b20	ai	AIObjectFilter__v0_slot00	RTTI:00bee7d0	AIObjectFilter__v0_slot00
0092d070	ai	AILODManager__v0_slot00	RTTI:00beeb6c	AILODManager__v0_slot00
0092d970	ai	AILODManager__v0_slot01	RTTI:00beeb6c	AILODManager__v0_slot01
0093ada0	ai	AITemplateManager__v0_slot01	RTTI:00bef178	AITemplateManager__v0_slot01
0093b610	ai	AITemplateManager__v0_slot00	RTTI:00bef178	AITemplateManager__v0_slot00
0093e810	ai	AITemplatePlugInManager__v0_slot01	RTTI:00bef2a4	AITemplatePlugInManager__v0_slot01
0093f330	ai	AITemplatePlugInManager__v0_slot00	RTTI:00bef2a4	AITemplatePlugInManager__v0_slot00
0093f7f0	ai	BBCreateFunctionAirLift__v0_slot00	RTTI:00bef34c	BBCreateFunctionAirLift__v0_slot00
0093f8b0	ai	BBCreateFunctionMoveToFixed__v0_slot00	RTTI:00bef364	BBCreateFunctionMoveToFixed__v0_slot00
0093f920	ai	BBCreateFunctionFireUnarmed__v0_slot00	RTTI:00bef39c	BBCreateFunctionFireUnarmed__v0_slot00
0093f990	ai	BBCreateFunctionIdle__v0_slot00	RTTI:00bef374	BBCreateFunctionIdle__v0_slot00
0093fae0	ai	BBCreateFunctionBailOut__v0_slot00	RTTI:00bef3d4	BBCreateFunctionBailOut__v0_slot00;AI_BBBailOut_factory_candidate
0093fba0	ai	BBCreateFunctionChange__v0_slot00	RTTI:00bef3dc	BBCreateFunctionChange__v0_slot00;AI_BBChange_factory_candidate
0093fc60	ai	BBCreateFunctionChangeLandingCraft__v0_slot00	RTTI:00bef3e4	BBCreateFunctionChangeLandingCraft__v0_slot00
0093fd20	ai	BBCreateFunctionChangeTeleport__v0_slot00	RTTI:00bef3ec	BBCreateFunctionChangeTeleport__v0_slot00
0093fde0	ai	BBCreateFunctionMedicAssist__v0_slot00	RTTI:00bef36c	BBCreateFunctionMedicAssist__v0_slot00
00940660	ai	BBCreateFunctionAvoid__v0_slot00	RTTI:00bef354	BBCreateFunctionAvoid__v0_slot00
009407c0	ai	BBCreateFunctionMoveTo__v0_slot00	RTTI:00bef35c	BBCreateFunctionMoveTo__v0_slot00
00940970	ai	BBCreateFunctionScout__v0_slot00	RTTI:00bef37c	BBCreateFunctionScout__v0_slot00
00940a90	ai	BBCreateFunctionFire__v0_slot00	RTTI:00bef384	BBCreateFunctionFire__v0_slot00
00940bb0	ai	BBCreateFunctionFireLargeBore__v0_slot00	RTTI:00bef3a4	BBCreateFunctionFireLargeBore__v0_slot00
00940cb0	ai	BBCreateFunctionFireDriver__v0_slot00	RTTI:00bef3ac	BBCreateFunctionFireDriver__v0_slot00
00940d80	ai	BBCreateFunctionFire3d__v0_slot00	RTTI:00bef38c	BBCreateFunctionFire3d__v0_slot00
00940e50	ai	BBCreateFunctionFireInfantery__v0_slot00	RTTI:00bef394	BBCreateFunctionFireInfantery__v0_slot00
00940f10	ai	BBCreateFunctionRoam__v0_slot00	RTTI:00bef3b4	BBCreateFunctionRoam__v0_slot00
00941030	ai	BBCreateFunctionTakeCover__v0_slot00	RTTI:00bef3bc	BBCreateFunctionTakeCover__v0_slot00
00941100	ai	BBCreateFunctionTakeCoverInfantry__v0_slot00	RTTI:00bef3c4	BBCreateFunctionTakeCoverInfantry__v0_slot00
009411d0	ai	BBCreateFunctionTakeCover3d__v0_slot00	RTTI:00bef3cc	BBCreateFunctionTakeCover3d__v0_slot00
00941450	ai	BotBehaviourManager__v0_slot01	RTTI:00bef5c8	BotBehaviourManager__v0_slot01
00942370	ai	BotBehaviourManager__v0_slot00	RTTI:00bef5c8	BotBehaviourManager__v0_slot00
00946770	ai	AIConsole__v0_slot01	RTTI:00befe54	AIConsole__v0_slot01
009488f0	ai	AIConsole__v0_slot00	RTTI:00befe54	AIConsole__v0_slot00
00949830	ai	AILandingZoneManager__v0_slot01	RTTI:00bf01ac	AILandingZoneManager__v0_slot01
00949a70	ai	AILandingZoneManager__v0_slot00	RTTI:00bf01ac	AILandingZoneManager__v0_slot00
009511b0	ai	AIStrategicObjectManager__v0_slot02	RTTI:00bf1b3c	AIStrategicObjectManager__v0_slot02
009534d0	ai	AIStrategicObjectManager__v0_slot00	RTTI:00bf1b3c	AIStrategicObjectManager__v0_slot00
009538f0	ai	AIStrategicObjectManager__v0_slot01	RTTI:00bf1b3c	AIStrategicObjectManager__v0_slot01
00954d20	ai	StrategyManager__v0_slot01	RTTI:00bf1bf0	StrategyManager__v0_slot01
00955e00	ai	StrategyManager__v0_slot00	RTTI:00bf1bf0	StrategyManager__v0_slot00
00955e20	ai	AISettings__v0_slot05	RTTI:00bf1c94	AISettings__v0_slot05
00955e40	ai	AISettings__v0_slot06	RTTI:00bf1c94	AISettings__v0_slot06
00955e60	ai	AISettings__v0_slot07	RTTI:00bf1c94	AISettings__v0_slot07
00955e70	ai	AISettings__v0_slot08	RTTI:00bf1c94	AISettings__v0_slot08
00955e90	ai	AISettings__v4_slot11	RTTI:00bf1c24	AISettings__v4_slot11
00956020	ai	AISettings__v4_slot13	RTTI:00bf1c24	AISettings__v4_slot13
00956100	ai	AISettings__v0_slot13	RTTI:00bf1c94	AISettings__v0_slot13
00956110	ai	AISettings__v0_slot10	RTTI:00bf1c94	AISettings__v0_slot10
00956120	ai	AISettings__v0_slot14	RTTI:00bf1c94	AISettings__v0_slot14;BotMain__v0_slot53
00956130	ai	AISettings__v0_slot15	RTTI:00bf1c94	AISettings__v0_slot15
00956140	gameplay	NetworkableInfo__v0_slot08	RTTI:00ba532c	NetworkableInfo__v0_slot08;AISettings__v4_slot17
00956150	ai	AISettings__v0_slot16	RTTI:00bf1c94	AISettings__v0_slot16;BotMain__v0_slot13
00956160	ai	AISettings__v4_slot19	RTTI:00bf1c24	AISettings__v4_slot19
00956180	ai	AISettings__v4_slot20	RTTI:00bf1c24	AISettings__v4_slot20
009561a0	ai	AISettings__v0_slot27	RTTI:00bf1c94	AISettings__v0_slot27
009561b0	ai	AISettings__v0_slot28	RTTI:00bf1c94	AISettings__v0_slot28
009561c0	ai	AISettings__v0_slot17	RTTI:00bf1c94	AISettings__v0_slot17
009561f0	ai	AISettings__v4_slot21	RTTI:00bf1c24	AISettings__v4_slot21
00956220	ai	AISettings__v0_slot29	RTTI:00bf1c94	AISettings__v0_slot29
00956230	ai	AISettings__v0_slot32	RTTI:00bf1c94	AISettings__v0_slot32
00956240	ai	AISettings__v0_slot23	RTTI:00bf1c94	AISettings__v0_slot23
00956270	ai	AISettings__v0_slot25	RTTI:00bf1c94	AISettings__v0_slot25
00956280	ai	AISettings__v0_slot26	RTTI:00bf1c94	AISettings__v0_slot26
00956290	ai	AISettings__v4_slot25	RTTI:00bf1c24	AISettings__v4_slot25
009562d0	ai	AISettings__v0_slot22	RTTI:00bf1c94	AISettings__v0_slot22
00956300	ai	AISettings__v0_slot21	RTTI:00bf1c94	AISettings__v0_slot21
00956340	gameplay	NetworkableInfo__v0_slot11	RTTI:00ba532c	NetworkableInfo__v0_slot11;AISettings__v0_slot03
00956350	ai	AISettings__v0_slot04	RTTI:00bf1c94	AISettings__v0_slot04;BAPAComponentSoldierPose__v0_slot11;BAPAMoveTo__v24_slot11;BAPAMoveToObject__v24_slot11;BAPAMoveToObjectFinding__v24_slot11;BAPAMoveToFinding__v24_slot11;BAPAMoveToDirect__v24_slot11;BAPASoldierPose__v24_slot11
00956360	ai	AISettings__v4_slot01	RTTI:00bf1c24	AISettings__v4_slot01
00956380	ai	AISettings__v4_slot03	RTTI:00bf1c24	AISettings__v4_slot03
009563a0	ai	AISettings__v4_slot04	RTTI:00bf1c24	AISettings__v4_slot04
009563d0	ai	AISettings__v4_slot05	RTTI:00bf1c24	AISettings__v4_slot05
009563f0	ai	AISettings__v4_slot10	RTTI:00bf1c24	AISettings__v4_slot10
00956420	ai	AISettings__v4_slot07	RTTI:00bf1c24	AISettings__v4_slot07
00956450	ai	AISettings__v4_slot06	RTTI:00bf1c24	AISettings__v4_slot06
00956480	ai	AISettings__v4_slot08	RTTI:00bf1c24	AISettings__v4_slot08
009564b0	ai	AISettings__v4_slot09	RTTI:00bf1c24	AISettings__v4_slot09
009564e0	ai	AISettings__v0_slot24	RTTI:00bf1c94	AISettings__v0_slot24
00956500	ai	AISettings__v4_slot22	RTTI:00bf1c24	AISettings__v4_slot22
009567b0	ai	AISettings__v0_slot18	RTTI:00bf1c94	AISettings__v0_slot18
009567c0	ai	AISettings__v0_slot19	RTTI:00bf1c94	AISettings__v0_slot19
009567d0	ai	AISettings__v4_slot00	RTTI:00bf1c24	AISettings__v4_slot00
009567e0	ai	AISettings__v4_slot24	RTTI:00bf1c24	AISettings__v4_slot24
00956a60	ai	AISettings__v0_slot00	RTTI:00bf1c94	AISettings__v0_slot00
00956a80	ai	AISettings__v4_slot23	RTTI:00bf1c24	AISettings__v4_slot23
00956b40	ai	AISettings__v0_slot30	RTTI:00bf1c94	AISettings__v0_slot30
00956cf0	ai	AISettings__v4_slot26	RTTI:00bf1c24	AISettings__v4_slot26
0095af10	ai	AISettings__v0_slot09	RTTI:00bf1c94	AISettings__v0_slot09;BAPAComponentSoldierPose__v0_slot12;BAPAMoveTo__v24_slot12;BAPAMoveToObject__v24_slot12;BAPAMoveToObjectFinding__v24_slot12;BAPAMoveToFinding__v24_slot12;BAPAMoveToDirect__v24_slot12;BAPASoldierPose__v24_slot12
0095b8f0	gameplay	NetworkableInfo__v0_slot06	RTTI:00ba532c	NetworkableInfo__v0_slot06;AIMain__v4_slot10
0095b980	ai	StrategyCondition__v0_slot00	RTTI:00bf2c3c	StrategyCondition__v0_slot00
0095bcd0	ai	AIMain__v0_slot01	RTTI:00bf2f38	AIMain__v0_slot01;BAPAComponentSoldierPose__v0_slot09;BAPAMoveTo__v24_slot09;BAPAMoveToObject__v24_slot09;BAPAMoveToObjectFinding__v24_slot09;BAPAMoveToFinding__v24_slot09;BAPAMoveToDirect__v24_slot09;BAPASoldierPose__v24_slot09
0095bd10	ai	AIMain__v4_slot15	RTTI:00bf2eac	AIMain__v4_slot15
0095bd30	ai	AIMain__v4_slot18	RTTI:00bf2eac	AIMain__v4_slot18
0095bd50	ai	AIMain__v4_slot05	RTTI:00bf2eac	AIMain__v4_slot05
0095bdc0	ai	AIMain__v4_slot04	RTTI:00bf2eac	AIMain__v4_slot04
0095be30	ai	AIMain__v4_slot13	RTTI:00bf2eac	AIMain__v4_slot13
0095bf10	ai	AIMain__v0_slot03	RTTI:00bf2f38	AIMain__v0_slot03
0095c0a0	ai	AIMain__v4_slot19	RTTI:00bf2eac	AIMain__v4_slot19
0095c0b0	ai	AIMain__v4_slot21	RTTI:00bf2eac	AIMain__v4_slot21
0095c120	ai	AIMain__v4_slot28	RTTI:00bf2eac	AIMain__v4_slot28
0095c160	ai	AIMain__v4_slot31	RTTI:00bf2eac	AIMain__v4_slot31
0095c1b0	ai	AIMain__v4_slot33	RTTI:00bf2eac	AIMain__v4_slot33
0095c270	ai	AIMain__v4_slot32	RTTI:00bf2eac	AIMain__v4_slot32
0095c7d0	ai	AIMain__v4_slot11	RTTI:00bf2eac	AIMain__v4_slot11
0095cc40	ai	AIMain__v4_slot23	RTTI:00bf2eac	AIMain__v4_slot23
0095d120	ai	AIMain__v4_slot26	RTTI:00bf2eac	AIMain__v4_slot26
0095d200	ai	AIMain__v0_slot04	RTTI:00bf2f38	AIMain__v0_slot04
0095d560	ai	AIMain__v4_slot17	RTTI:00bf2eac	AIMain__v4_slot17
0095e110	ai	AIMain__v4_slot24	RTTI:00bf2eac	AIMain__v4_slot24
0095e120	ai	AIMain__v4_slot25	RTTI:00bf2eac	AIMain__v4_slot25
0095e130	ai	AIMain__v4_slot27	RTTI:00bf2eac	AIMain__v4_slot27
0095e140	ai	AIMain__v4_slot08	RTTI:00bf2eac	AIMain__v4_slot08
0095e160	ai	AIMain__v4_slot09	RTTI:00bf2eac	AIMain__v4_slot09
0095e180	ai	AIMain__v4_slot29	RTTI:00bf2eac	AIMain__v4_slot29
0095e1a0	ai	AIMain__v4_slot30	RTTI:00bf2eac	AIMain__v4_slot30
0095e1b0	ai	AIMain__v4_slot00	RTTI:00bf2eac	AIMain__v4_slot00
0095e1c0	ai	AIMain__v4_slot02	RTTI:00bf2eac	AIMain__v4_slot02
0095e200	ai	AIMain__v4_slot20	RTTI:00bf2eac	AIMain__v4_slot20
0095e210	ai	AIMain__v4_slot01	RTTI:00bf2eac	AIMain__v4_slot01
0095f460	ai	AIMain__v4_slot22	RTTI:00bf2eac	AIMain__v4_slot22
0095f990	ai	AIMain__v0_slot00	RTTI:00bf2f38	AIMain__v0_slot00
009627a0	ai	AIMain__v4_slot03	RTTI:00bf2eac	AIMain__v4_slot03
00962800	ai	AIMain__v4_slot16	RTTI:00bf2eac	AIMain__v4_slot16
00963830	ai	AIMain__v4_slot14	RTTI:00bf2eac	AIMain__v4_slot14
009639e0	ai	IBotManagerModifier__v0_slot00	RTTI:00bf3364	IBotManagerModifier__v0_slot00
00963aa0	ai	AIStrategicArea__v0_slot07	RTTI:00bf346c	AIStrategicArea__v0_slot07
00963b20	ai	AIStrategicArea__v0_slot08	RTTI:00bf346c	AIStrategicArea__v0_slot08
00963bd0	ai	AIStrategicArea__v0_slot09	RTTI:00bf346c	AIStrategicArea__v0_slot09
00963c60	ai	AIStrategicArea__v0_slot04	RTTI:00bf346c	AIStrategicArea__v0_slot04
00963ca0	ai	AIStrategicArea__v0_slot15	RTTI:00bf346c	AIStrategicArea__v0_slot15
00963cc0	ai	AIStrategicArea__v0_slot16	RTTI:00bf346c	AIStrategicArea__v0_slot16
00963ce0	ai	AIStrategicArea__v0_slot17	RTTI:00bf346c	AIStrategicArea__v0_slot17
00963d40	ai	AIStrategicArea__v0_slot26	RTTI:00bf346c	AIStrategicArea__v0_slot26
00963f00	ai	AIStrategicArea__v0_slot28	RTTI:00bf346c	AIStrategicArea__v0_slot28
00963f40	ai	AIStrategicArea__v0_slot24	RTTI:00bf346c	AIStrategicArea__v0_slot24
00963f60	ai	AIStrategicArea__v0_slot25	RTTI:00bf346c	AIStrategicArea__v0_slot25
00963fb0	ai	AIStrategicArea__v0_slot10	RTTI:00bf346c	AIStrategicArea__v0_slot10
00963fe0	ai	AIStrategicArea__v0_slot11	RTTI:00bf346c	AIStrategicArea__v0_slot11
00964020	ai	AIStrategicArea__v0_slot12	RTTI:00bf346c	AIStrategicArea__v0_slot12
00964050	ai	AIStrategicArea__v0_slot13	RTTI:00bf346c	AIStrategicArea__v0_slot13
009648b0	ai	AIStrategicArea__v0_slot22	RTTI:00bf346c	AIStrategicArea__v0_slot22
00964a80	ai	AIStrategicArea__v0_slot21	RTTI:00bf346c	AIStrategicArea__v0_slot21
00964d80	ai	AIStrategicArea__v0_slot05	RTTI:00bf346c	AIStrategicArea__v0_slot05
00964eb0	ai	AIStrategicArea__v0_slot20	RTTI:00bf346c	AIStrategicArea__v0_slot20
00965090	ai	AIStrategicArea__v0_slot23	RTTI:00bf346c	AIStrategicArea__v0_slot23
009669b0	ai	AIStrategicArea__v0_slot06	RTTI:00bf346c	AIStrategicArea__v0_slot06
009674c0	ai	AIStrategicArea__v0_slot27	RTTI:00bf346c	AIStrategicArea__v0_slot27
00968060	ai	AIStrategicObject__v0_slot02	RTTI:00bf3504	AIStrategicObject__v0_slot02;AIStrategicArea__v0_slot02
00968070	ai	AIStrategicObject__v0_slot03	RTTI:00bf3504	AIStrategicObject__v0_slot03;AIStrategicArea__v0_slot03
009683c0	ai	AIStrategicArea__v0_slot00	RTTI:00bf346c	AIStrategicArea__v0_slot00
00968b00	ai	AIStrategicArea__v0_slot18	RTTI:00bf346c	AIStrategicArea__v0_slot18
00968dd0	ai	AIStrategicArea__v0_slot19	RTTI:00bf346c	AIStrategicArea__v0_slot19
00969890	ai	AIStrategicObject__v0_slot14	RTTI:00bf3504	AIStrategicObject__v0_slot14
009698a0	ai	AIStrategicObject__v0_slot24	RTTI:00bf3504	AIStrategicObject__v0_slot24;AIStrategicObject__v0_slot25
00969e20	ai	AIStrategicObject__v0_slot00	RTTI:00bf3504	AIStrategicObject__v0_slot00
0096a320	ai	AITemplateMobile__v0_slot01	RTTI:00bf35d0	AITemplateMobile__v0_slot01
0096a380	ai	AITemplateControlInfo__v0_slot05	RTTI:00bf3608	AITemplateControlInfo__v0_slot05
0096a3a0	ai	AITemplateControlInfo__v0_slot06	RTTI:00bf3608	AITemplateControlInfo__v0_slot06
0096a3c0	ai	AITemplateControlInfo__v0_slot07	RTTI:00bf3608	AITemplateControlInfo__v0_slot07;AITemplateControlInfo3d__v0_slot07
0096a650	ai	AITemplateControlInfo__v0_slot04	RTTI:00bf3608	AITemplateControlInfo__v0_slot04;AITemplateControlInfo3d__v0_slot04
0096bcd0	ai	AIScriptManager__v0_slot22	RTTI:00bf424c	AIScriptManager__v0_slot22
0096bcf0	ai	AIScriptManager__v0_slot25	RTTI:00bf424c	AIScriptManager__v0_slot25
0096c2d0	ai	AIScriptManager__v0_slot28	RTTI:00bf424c	AIScriptManager__v0_slot28
0096c790	ai	AIScriptManager__v0_slot01	RTTI:00bf424c	AIScriptManager__v0_slot01
0096c7c0	ai	AIScriptManager__v0_slot03	RTTI:00bf424c	AIScriptManager__v0_slot03
0096c8f0	ai	AIScriptManager__v0_slot16	RTTI:00bf424c	AIScriptManager__v0_slot16
0096c9f0	ai	AIScriptManager__v0_slot04	RTTI:00bf424c	AIScriptManager__v0_slot04
0096cdd0	ai	AIScriptManager__v0_slot08	RTTI:00bf424c	AIScriptManager__v0_slot08
0096dd90	ai	AIScriptManager__v0_slot09	RTTI:00bf424c	AIScriptManager__v0_slot09
0096de60	ai	AIScriptManager__v0_slot11	RTTI:00bf424c	AIScriptManager__v0_slot11
0096df30	ai	AIScriptManager__v0_slot13	RTTI:00bf424c	AIScriptManager__v0_slot13
0096e000	ai	AIScriptManager__v0_slot18	RTTI:00bf424c	AIScriptManager__v0_slot18
0096e120	ai	AIScriptManager__v0_slot17	RTTI:00bf424c	AIScriptManager__v0_slot17
0096e5c0	ai	AIScriptManager__v0_slot02	RTTI:00bf424c	AIScriptManager__v0_slot02
0096eaa0	ai	AIScriptManager__v0_slot10	RTTI:00bf424c	AIScriptManager__v0_slot10
0096eb90	ai	AIScriptManager__v0_slot12	RTTI:00bf424c	AIScriptManager__v0_slot12
0096ec90	ai	AIScriptManager__v0_slot14	RTTI:00bf424c	AIScriptManager__v0_slot14
0096ed90	ai	AIScriptManager__v0_slot15	RTTI:00bf424c	AIScriptManager__v0_slot15
0096f230	ai	AIScriptManager__v0_slot05	RTTI:00bf424c	AIScriptManager__v0_slot05
0096f370	ai	AIScriptManager__v0_slot06	RTTI:00bf424c	AIScriptManager__v0_slot06
0096f670	ai	AIScriptManager__v0_slot07	RTTI:00bf424c	AIScriptManager__v0_slot07
0096f870	ai	AIScriptManager__v0_slot00	RTTI:00bf424c	AIScriptManager__v0_slot00
009704b0	ai	Bot__v0_slot00	RTTI:00bf45d4	Bot__v0_slot00
009705b0	ai	BAPCondition__v0_slot02	RTTI:00bf477c	BAPCondition__v0_slot02
009705f0	ai	BAPConTrue__v0_slot02	RTTI:00bf478c	BAPConTrue__v0_slot02
00970640	ai	BAPConFalse__v0_slot02	RTTI:00bf479c	BAPConFalse__v0_slot02
009706a0	ai	BotMain__v0_slot06	RTTI:00bf497c	BotMain__v0_slot06
00970720	ai	BotMain__v0_slot15	RTTI:00bf497c	BotMain__v0_slot15;AIPathfinding__v0_slot51
00970730	ai	BotMain__v0_slot16	RTTI:00bf497c	BotMain__v0_slot16
00970760	ai	BotMain__v0_slot19	RTTI:00bf497c	BotMain__v0_slot19
00970780	ai	BotMain__v0_slot28	RTTI:00bf497c	BotMain__v0_slot28
00970800	ai	BotMain__v0_slot42	RTTI:00bf497c	BotMain__v0_slot42
00970810	ai	BotMain__v0_slot43	RTTI:00bf497c	BotMain__v0_slot43
00970820	ai	BotMain__v0_slot46	RTTI:00bf497c	BotMain__v0_slot46
00970840	ai	BotMain__v0_slot49	RTTI:00bf497c	BotMain__v0_slot49
00970850	ai	BotMain__v0_slot50	RTTI:00bf497c	BotMain__v0_slot50
00970870	ai	BotMain__v0_slot35	RTTI:00bf497c	BotMain__v0_slot35
00970880	ai	BotMain__v0_slot52	RTTI:00bf497c	BotMain__v0_slot52
00970890	ai	BotMain__v0_slot20	RTTI:00bf497c	BotMain__v0_slot20
009708a0	ai	BotMain__v0_slot22	RTTI:00bf497c	BotMain__v0_slot22
009708c0	ai	BotMain__v0_slot36	RTTI:00bf497c	BotMain__v0_slot36;BAPAAimAtPoint__v0_slot09;BAPAAimAtObject__v0_slot09
009708d0	ai	BotMain__v0_slot37	RTTI:00bf497c	BotMain__v0_slot37
009708e0	ai	BotMain__v0_slot38	RTTI:00bf497c	BotMain__v0_slot38
009708f0	ai	BotMain__v0_slot40	RTTI:00bf497c	BotMain__v0_slot40
00970900	ai	BotMain__v0_slot41	RTTI:00bf497c	BotMain__v0_slot41
00970910	ai	BotMain__v0_slot82	RTTI:00bf497c	BotMain__v0_slot82
00970960	ai	BotMain__v0_slot83	RTTI:00bf497c	BotMain__v0_slot83
00970a80	ai	BotMain__v0_slot106	RTTI:00bf497c	BotMain__v0_slot106
00970ac0	ai	BotMain__v0_slot68	RTTI:00bf497c	BotMain__v0_slot68
00970ad0	ai	BotMain__v0_slot73	RTTI:00bf497c	BotMain__v0_slot73
00970ae0	ai	BotMain__v0_slot74	RTTI:00bf497c	BotMain__v0_slot74
00970af0	ai	BotMain__v0_slot75	RTTI:00bf497c	BotMain__v0_slot75
00970b20	ai	BotMain__v0_slot76	RTTI:00bf497c	BotMain__v0_slot76
00970b50	ai	BotMain__v0_slot77	RTTI:00bf497c	BotMain__v0_slot77
00970bd0	ai	BotMain__v0_slot107	RTTI:00bf497c	BotMain__v0_slot107
00970c60	ai	BotMain__v0_slot30	RTTI:00bf497c	BotMain__v0_slot30
00970cc0	ai	BotMain__v0_slot31	RTTI:00bf497c	BotMain__v0_slot31
00970cf0	ai	BotMain__v0_slot89	RTTI:00bf497c	BotMain__v0_slot89
00970d00	ai	BotMain__v0_slot87	RTTI:00bf497c	BotMain__v0_slot87
00970d20	ai	BotMain__v0_slot90	RTTI:00bf497c	BotMain__v0_slot90
00970d30	ai	BotMain__v0_slot88	RTTI:00bf497c	BotMain__v0_slot88
00970d50	ai	BotMain__v0_slot57	RTTI:00bf497c	BotMain__v0_slot57
00970d60	ai	BotMain__v0_slot85	RTTI:00bf497c	BotMain__v0_slot85
00970d70	ai	BotMain__v0_slot86	RTTI:00bf497c	BotMain__v0_slot86
00970d80	ai	BotMain__v0_slot48	RTTI:00bf497c	BotMain__v0_slot48
00970d90	ai	BotMain__v0_slot100	RTTI:00bf497c	BotMain__v0_slot100
00970da0	ai	BotMain__v0_slot93	RTTI:00bf497c	BotMain__v0_slot93
00970dc0	ai	BotMain__v0_slot95	RTTI:00bf497c	BotMain__v0_slot95
00970dd0	ai	BotMain__v0_slot96	RTTI:00bf497c	BotMain__v0_slot96
00970df0	ai	BotMain__v0_slot97	RTTI:00bf497c	BotMain__v0_slot97
00970e60	ai	BotMain__v0_slot98	RTTI:00bf497c	BotMain__v0_slot98
00970e70	ai	BotMain__v0_slot99	RTTI:00bf497c	BotMain__v0_slot99
00970e80	ai	BotMain__v0_slot102	RTTI:00bf497c	BotMain__v0_slot102
00970e90	ai	BotMain__v0_slot39	RTTI:00bf497c	BotMain__v0_slot39
00970f50	ai	BotMain__v0_slot62	RTTI:00bf497c	BotMain__v0_slot62
00970f60	ai	BotMain__v0_slot63	RTTI:00bf497c	BotMain__v0_slot63
00970f80	ai	BotMain__v0_slot65	RTTI:00bf497c	BotMain__v0_slot65
00970f90	ai	BotMain__v0_slot66	RTTI:00bf497c	BotMain__v0_slot66
00970fb0	ai	BotMain__v0_slot69	RTTI:00bf497c	BotMain__v0_slot69
00971000	ai	BotMain__v0_slot47	RTTI:00bf497c	BotMain__v0_slot47
00971060	ai	BotMain__v0_slot94	RTTI:00bf497c	BotMain__v0_slot94
00971980	ai	BotMain__v0_slot18	RTTI:00bf497c	BotMain__v0_slot18
009719c0	ai	BotMain__v0_slot61	RTTI:00bf497c	BotMain__v0_slot61
00971dd0	ai	BotMain__v0_slot34	RTTI:00bf497c	BotMain__v0_slot34
00971e10	ai	BotMain__v0_slot105	RTTI:00bf497c	BotMain__v0_slot105
00973300	ai	BotMain__v0_slot29	RTTI:00bf497c	BotMain__v0_slot29
00973350	ai	BotMain__v0_slot64	RTTI:00bf497c	BotMain__v0_slot64
009733a0	ai	BotMain__v0_slot67	RTTI:00bf497c	BotMain__v0_slot67
009733f0	ai	BotMain__v0_slot45	RTTI:00bf497c	BotMain__v0_slot45
009741a0	ai	BotMain__v0_slot91	RTTI:00bf497c	BotMain__v0_slot91
009741d0	ai	BotMain__v0_slot78	RTTI:00bf497c	BotMain__v0_slot78
009750c0	ai	BotMain__v0_slot03	RTTI:00bf497c	BotMain__v0_slot03
00975480	ai	BotMain__v0_slot10	RTTI:00bf497c	BotMain__v0_slot10
00975720	ai	BotMain__v0_slot11	RTTI:00bf497c	BotMain__v0_slot11
009760c0	ai	BotMain__v0_slot04	RTTI:00bf497c	BotMain__v0_slot04
009768d0	ai	BotMain__v0_slot17	RTTI:00bf497c	BotMain__v0_slot17
00976940	ai	BotMain__v0_slot07	RTTI:00bf497c	BotMain__v0_slot07
00977910	ai	BotMain__v0_slot84	RTTI:00bf497c	BotMain__v0_slot84
00977d60	ai	BotMain__v0_slot81	RTTI:00bf497c	BotMain__v0_slot81
009781c0	ai	BotMain__v0_slot59	RTTI:00bf497c	BotMain__v0_slot59
00978430	ai	BotMain__v0_slot72	RTTI:00bf497c	BotMain__v0_slot72
009789e0	ai	BotMain__v0_slot92	RTTI:00bf497c	BotMain__v0_slot92
00978db0	ai	BotMain__v0_slot104	RTTI:00bf497c	BotMain__v0_slot104
00979020	ai	BotMain__v0_slot08	RTTI:00bf497c	BotMain__v0_slot08
00979f50	ai	BotMain__v0_slot09	RTTI:00bf497c	BotMain__v0_slot09
0097aa90	ai	BotMain__v0_slot60	RTTI:00bf497c	BotMain__v0_slot60
0097b0c0	ai	BotMain__v0_slot71	RTTI:00bf497c	BotMain__v0_slot71
0097bfd0	ai	BotMain__v0_slot70	RTTI:00bf497c	BotMain__v0_slot70
0097bfe0	ai	BotMain__v0_slot103	RTTI:00bf497c	BotMain__v0_slot103
0097c3c0	ai	BotMain__v0_slot58	RTTI:00bf497c	BotMain__v0_slot58
0097c560	ai	BotMain__v0_slot00	RTTI:00bf497c	BotMain__v0_slot00
0097caf0	ai	BotMain__v0_slot12	RTTI:00bf497c	BotMain__v0_slot12
0097cc90	ai	AIObjectPlugIn__v0_slot00	RTTI:00bf4ba4	AIObjectPlugIn__v0_slot00
0097ce40	ai	AIObjectPhysical__v0_slot00	RTTI:00bf4bc0	AIObjectPhysical__v0_slot00
0097cf10	ai	AIObjectPhysical__v0_slot03	RTTI:00bf4bc0	AIObjectPhysical__v0_slot03
0097cf50	ai	AIObjectPhysical__v0_slot02	RTTI:00bf4bc0	AIObjectPhysical__v0_slot02
0097e5c0	ai	AIMeshLoader__v0_slot00	RTTI:00bf4c14	AIMeshLoader__v0_slot00
00980090	ai	AStarStrategicSearch__v0_slot00	RTTI:00bf4e7c	AStarStrategicSearch__v0_slot00
009800b0	ai	TaskAStarStrategicSearch__v0_slot00	RTTI:00bf4e68	TaskAStarStrategicSearch__v0_slot00
00980180	ai	AStarStrategicSearch__v0_slot01	RTTI:00bf4e7c	AStarStrategicSearch__v0_slot01
00980320	ai	TaskStrategicPlayerMapSearch__v0_slot00	RTTI:00bf4ec8	TaskStrategicPlayerMapSearch__v0_slot00
00980340	ai	TaskGetStrategicCellInfoNo__v0_slot00	RTTI:00bf4edc	TaskGetStrategicCellInfoNo__v0_slot00
00980410	ai	TaskStrategicSearch__v0_slot00	RTTI:00bf4ef0	TaskStrategicSearch__v0_slot00
00980fe0	ai	AIObjectPrimaryReal__v0_slot12	RTTI:00bf521c	AIObjectPrimaryReal__v0_slot12
00981040	ai	AIObjectPrimaryReal__v0_slot13	RTTI:00bf521c	AIObjectPrimaryReal__v0_slot13
00981100	ai	AIObjectPrimaryReal__v0_slot29	RTTI:00bf521c	AIObjectPrimaryReal__v0_slot29
00981190	ai	AIObjectPrimaryReal__v0_slot10	RTTI:00bf521c	AIObjectPrimaryReal__v0_slot10
009811c0	ai	AIObjectPrimaryReal__v0_slot08	RTTI:00bf521c	AIObjectPrimaryReal__v0_slot08
00981200	ai	AIObjectPrimaryReal__v0_slot34	RTTI:00bf521c	AIObjectPrimaryReal__v0_slot34;AIObjectPrimaryReal__v0_slot35
00981240	ai	AIObjectPrimaryReal__v0_slot32	RTTI:00bf521c	AIObjectPrimaryReal__v0_slot32;AIObjectPrimaryReal__v0_slot33
009813e0	ai	AIObjectReal__v0_slot06	RTTI:00bf9a74	AIObjectReal__v0_slot06;AIObjectPrimaryReal__v0_slot06;AIObjectSecondaryReal__v0_slot06
009813f0	ai	AIObjectReal__v0_slot07	RTTI:00bf9a74	AIObjectReal__v0_slot07;AIObjectPrimaryReal__v0_slot07;AIObjectSecondaryReal__v0_slot07
00981400	ai	AIObjectReal__v0_slot40	RTTI:00bf9a74	AIObjectReal__v0_slot40;AIObjectPrimaryReal__v0_slot40;AIObjectShared__v0_slot40;AIObjectPrimaryShared__v0_slot40;AIObjectSecondaryReal__v0_slot40;AIObjectSecondaryShared__v0_slot40
00981410	ai	AIObjectReal__v0_slot41	RTTI:00bf9a74	AIObjectReal__v0_slot41;AIObjectPrimaryReal__v0_slot41;AIObjectShared__v0_slot41;AIObjectPrimaryShared__v0_slot41;AIObjectSecondaryReal__v0_slot41;AIObjectSecondaryShared__v0_slot41
00981420	ai	AIObjectReal__v0_slot51	RTTI:00bf9a74	AIObjectReal__v0_slot51;AIObjectPrimaryReal__v0_slot51;AIObjectSecondaryReal__v0_slot51
00981430	ai	AIObjectReal__v0_slot16	RTTI:00bf9a74	AIObjectReal__v0_slot16;AIObjectReal__v0_slot39;AIObjectPrimaryReal__v0_slot16;AIObjectPrimaryReal__v0_slot39;AIObjectSecondaryReal__v0_slot16;AIObjectSecondaryReal__v0_slot39
00981440	ai	AIObjectReal__v0_slot17	RTTI:00bf9a74	AIObjectReal__v0_slot17;AIObjectPrimaryReal__v0_slot17;AIObjectSecondaryReal__v0_slot17
00981450	ai	AIObjectPrimaryReal__v0_slot01	RTTI:00bf521c	AIObjectPrimaryReal__v0_slot01;AIObjectSecondaryReal__v0_slot01
00981460	ai	AIObjectPrimaryReal__v0_slot02	RTTI:00bf521c	AIObjectPrimaryReal__v0_slot02;AIObjectSecondaryReal__v0_slot02
00981480	ai	AIObjectPrimaryReal__v0_slot00	RTTI:00bf521c	AIObjectPrimaryReal__v0_slot00
009817b0	ai	AIObjectPrimaryReal__v0_slot30	RTTI:00bf521c	AIObjectPrimaryReal__v0_slot30
009817f0	ai	AIObjectPrimaryShared__v0_slot12	RTTI:00bf532c	AIObjectPrimaryShared__v0_slot12
00981840	ai	AIObjectPrimaryShared__v0_slot13	RTTI:00bf532c	AIObjectPrimaryShared__v0_slot13
009818f0	ai	AIObjectPrimaryShared__v0_slot29	RTTI:00bf532c	AIObjectPrimaryShared__v0_slot29
00981920	ai	AIObjectPrimaryShared__v0_slot10	RTTI:00bf532c	AIObjectPrimaryShared__v0_slot10
00981950	ai	AIObjectPrimaryShared__v0_slot08	RTTI:00bf532c	AIObjectPrimaryShared__v0_slot08
00981990	ai	AIObjectPrimaryShared__v0_slot34	RTTI:00bf532c	AIObjectPrimaryShared__v0_slot34;AIObjectPrimaryShared__v0_slot35
009819d0	ai	AIObjectPrimaryShared__v0_slot32	RTTI:00bf532c	AIObjectPrimaryShared__v0_slot32;AIObjectPrimaryShared__v0_slot33
00981ad0	ai	AIObjectShared__v0_slot06	RTTI:00bf9c64	AIObjectShared__v0_slot06;AIObjectPrimaryShared__v0_slot06;AIObjectSecondaryShared__v0_slot06
00981ae0	ai	AIObjectShared__v0_slot07	RTTI:00bf9c64	AIObjectShared__v0_slot07;AIObjectPrimaryShared__v0_slot07;AIObjectSecondaryShared__v0_slot07
00981af0	ai	AIObjectShared__v0_slot51	RTTI:00bf9c64	AIObjectShared__v0_slot51;AIObjectPrimaryShared__v0_slot51;AIObjectSecondaryShared__v0_slot51
00981b00	ai	AIObjectShared__v0_slot16	RTTI:00bf9c64	AIObjectShared__v0_slot16;AIObjectShared__v0_slot39;AIObjectPrimaryShared__v0_slot16;AIObjectPrimaryShared__v0_slot39;AIObjectSecondaryShared__v0_slot16;AIObjectSecondaryShared__v0_slot39
00981b10	ai	AIObjectShared__v0_slot17	RTTI:00bf9c64	AIObjectShared__v0_slot17;AIObjectPrimaryShared__v0_slot17;AIObjectSecondaryShared__v0_slot17
00981b20	ai	AIObjectShared__v0_slot03	RTTI:00bf9c64	AIObjectShared__v0_slot03;AIObjectPrimaryShared__v0_slot03;AIObjectSecondaryShared__v0_slot03
00981b50	ai	AIObjectShared__v0_slot26	RTTI:00bf9c64	AIObjectShared__v0_slot26;AIObjectPrimaryShared__v0_slot26;AIObjectSecondaryShared__v0_slot26
00981b80	gameplay	BFSpawnPointManager__v0_slot02	RTTI:00b73ab0	BFSpawnPointManager__v0_slot02;AIObjectPrimaryShared__v0_slot02;AIObjectSecondaryShared__v0_slot02
00981ba0	ai	AIObjectPrimaryShared__v0_slot00	RTTI:00bf532c	AIObjectPrimaryShared__v0_slot00
00981c10	ai	AIObjectPrimaryShared__v0_slot30	RTTI:00bf532c	AIObjectPrimaryShared__v0_slot30
00981c50	ai	AIObjectSecondaryReal__v0_slot10	RTTI:00bf543c	AIObjectSecondaryReal__v0_slot10
00981c60	ai	AIObjectSecondaryReal__v0_slot08	RTTI:00bf543c	AIObjectSecondaryReal__v0_slot08
00981dc0	ai	AIObjectSecondaryReal__v0_slot00	RTTI:00bf543c	AIObjectSecondaryReal__v0_slot00
00981de0	ai	AIObjectSecondaryReal__v0_slot21	RTTI:00bf543c	AIObjectSecondaryReal__v0_slot21
00981fc0	ai	AIObjectSecondaryShared__v0_slot10	RTTI:00bf554c	AIObjectSecondaryShared__v0_slot10
00981fd0	ai	AIObjectSecondaryShared__v0_slot08	RTTI:00bf554c	AIObjectSecondaryShared__v0_slot08
00982040	ai	AIObjectSecondaryShared__v0_slot00	RTTI:00bf554c	AIObjectSecondaryShared__v0_slot00
009820a0	ai	AIObjectSecondaryShared__v0_slot21	RTTI:00bf554c	AIObjectSecondaryShared__v0_slot21
009821f0	ai	AITemplateControlInfo3d__v0_slot05	RTTI:00bf565c	AITemplateControlInfo3d__v0_slot05
00982230	ai	AITemplateControlInfo3d__v0_slot06	RTTI:00bf565c	AITemplateControlInfo3d__v0_slot06
00982270	ai	AITemplateControlInfo3d__v0_slot00	RTTI:00bf565c	AITemplateControlInfo3d__v0_slot00
009822a0	ai	AITemplateControlInfo__v0_slot01	RTTI:00bf3608	AITemplateControlInfo__v0_slot01;AITemplateControlInfo3d__v0_slot01
009822e0	ai	AITemplateUnit__v0_slot00	RTTI:00bf56a4	AITemplateUnit__v0_slot00
00982510	ai	AITemplateUnit__v0_slot01	RTTI:00bf56a4	AITemplateUnit__v0_slot01
00982570	ai	AITemplatePlugIn__v0_slot00	RTTI:00bf35bc	AITemplatePlugIn__v0_slot00;AITemplateMobile__v0_slot00;AITemplateControlInfo__v0_slot00;AITemplateArmament__v0_slot00;AITemplatePhysical__v0_slot00
00982590	ai	AITemplateArmament__v0_slot01	RTTI:00bf56dc	AITemplateArmament__v0_slot01
00982810	ai	AITemplatePhysical__v0_slot01	RTTI:00bf5714	AITemplatePhysical__v0_slot01
009829f0	ai	AITemplateCover__v0_slot00	RTTI:00bf574c	AITemplateCover__v0_slot00
00982a60	ai	AITemplateCover__v0_slot01	RTTI:00bf574c	AITemplateCover__v0_slot01
009831c0	gameplay	NetworkableBase__v0_slot09	RTTI:00b5f4dc	NetworkableBase__v0_slot09;BfControlPointGauge__v0_slot11;BFSpawnPointManager__v4_slot09;FreeCameraNetworkable__v0_slot09;ItemNetworkable__v0_slot09;SpringNetworkable__v0_slot09;PlayerControlObjectNetworkable__v0_slot09;KitNetworkable__v0_slot09;ProjectileNetworkable__v0_slot09;FireArmsNetworkable__v0_slot09;ControlPointNetworkable__v0_slot09;MusicPlayerNetworkable__v0_slot09;WinchNetworkable__v0_slot09;WireLinkNetworkable__v0_slot09;HookNetworkable__v0_slot09;AIObjectFilter__v0_slot02;BAPConTrue__v0_slot00;BotBehaviour__v0_slot12;BBAirLift__v0_slot12;BBMoveToFixed__v0_slot12;BBFireUnarmed__v0_slot12;BBIdle__v0_slot12;BBBailOut__v0_slot12;BBChange__v0_slot12;BBChangeLandingCraft__v0_slot12;BBChangeTeleport__v0_slot12;BBAvoid__v0_slot12;BBMoveTo__v0_slot12;BBScout__v0_slot12;BBFire__v0_slot12;BBFireLargeBore__v0_slot12;BBFireArtilleryDriver__v0_slot12;BBFire3d__v0_slot12;BBFireInfantery__v0_slot12;BBRoam__v0_slot12;BBTakeCover__v0_slot12;BBTakeCoverInfantry__v0_slot12;BBTakeCover3d__v0_slot12;AIPredWrapper__v0_slot02;AIPathfinding__v4_slot02;AIPathfinding__v4_slot03
009831d0	ai	BBAirLift__v0_slot09	RTTI:00bf5794	BBAirLift__v0_slot09
009831e0	ai	BBAirLift__v0_slot00	RTTI:00bf5794	BBAirLift__v0_slot00
00983240	ai	BBPPattern__v0_slot02	RTTI:00bf9fa4	BBPPattern__v0_slot02;BBPAirLift__v0_slot02;BBPIdle__v0_slot02;BBPIdleInfantery__v0_slot02;BBPIdle3d__v0_slot02;BBPIdle2d__v0_slot02;BBPBailOut__v0_slot02;BBPChange__v0_slot02;BBPChangeLandingCraft__v0_slot02;BBPChangeTeleport__v0_slot02;BBPMedicAssist__v0_slot02;BBPAvoidCollision__v0_slot02;BBPAvoidCollisionInfantery__v0_slot02;BBPAvoidCollision3d__v0_slot02;BBPAvoidCollision2d__v0_slot02;BBPGotoWaypoint__v0_slot02;BBPGotoWaypointSoldier__v0_slot02;BBPGotoWaypoint3d__v0_slot02;BBPGotoWaypointBoat__v0_slot02;BBPGotoWaypoint2d__v0_slot02;BBPScout__v0_slot02;BBPScoutInfantery__v0_slot02;BBPFire__v0_slot02;BBPFireInfantery__v0_slot02;BBPFire2d__v0_slot02;BBPFire2dDriver__v0_slot02;BBPFire3d__v0_slot02;BBPRoam__v0_slot02;BBPRoam3d__v0_slot02;BBPRoam2d__v0_slot02;BBPTakeCover__v0_slot02;BBPTakeCoverInfantry__v0_slot02;BBPTakeCover3d__v0_slot02
00983260	ai	BBPPattern__v0_slot01	RTTI:00bf9fa4	BBPPattern__v0_slot01;BBPAirLift__v0_slot01;BBPIdle__v0_slot01;BBPIdleInfantery__v0_slot01;BBPIdle3d__v0_slot01;BBPIdle2d__v0_slot01;BBPBailOut__v0_slot01;BBPChange__v0_slot01;BBPChangeLandingCraft__v0_slot01;BBPChangeTeleport__v0_slot01;BBPMedicAssist__v0_slot01;BBPAvoidCollision__v0_slot01;BBPAvoidCollisionInfantery__v0_slot01;BBPAvoidCollision3d__v0_slot01;BBPAvoidCollision2d__v0_slot01;BBPGotoWaypoint__v0_slot01;BBPGotoWaypointSoldier__v0_slot01;BBPGotoWaypoint3d__v0_slot01;BBPGotoWaypointBoat__v0_slot01;BBPGotoWaypoint2d__v0_slot01;BBPScout__v0_slot01;BBPScoutInfantery__v0_slot01;BBPFire__v0_slot01;BBPFireInfantery__v0_slot01;BBPFire2d__v0_slot01;BBPFire2dDriver__v0_slot01;BBPFire3d__v0_slot01;BBPRoam__v0_slot01;BBPRoam3d__v0_slot01;BBPRoam2d__v0_slot01;BBPTakeCover__v0_slot01;BBPTakeCoverInfantry__v0_slot01;BBPTakeCover3d__v0_slot01
00983280	ai	BBPPattern__v0_slot03	RTTI:00bf9fa4	BBPPattern__v0_slot03;BBPAirLift__v0_slot03;BBPIdle__v0_slot03;BBPIdleInfantery__v0_slot03;BBPIdle3d__v0_slot03;BBPIdle2d__v0_slot03;BBPBailOut__v0_slot03;BBPChange__v0_slot03;BBPChangeLandingCraft__v0_slot03;BBPChangeTeleport__v0_slot03;BBPMedicAssist__v0_slot03;BBPAvoidCollision__v0_slot03;BBPAvoidCollisionInfantery__v0_slot03;BBPAvoidCollision3d__v0_slot03;BBPAvoidCollision2d__v0_slot03;BBPGotoWaypoint__v0_slot03;BBPGotoWaypointSoldier__v0_slot03;BBPGotoWaypointSoldier__v0_slot05;BBPGotoWaypoint3d__v0_slot03;BBPGotoWaypoint3d__v0_slot05;BBPGotoWaypointBoat__v0_slot03;BBPGotoWaypointBoat__v0_slot05;BBPGotoWaypoint2d__v0_slot03;BBPGotoWaypoint2d__v0_slot05;BBPScout__v0_slot03;BBPScoutInfantery__v0_slot03;BBPFire__v0_slot03;BBPFireInfantery__v0_slot03;BBPFire2d__v0_slot03;BBPFire2dDriver__v0_slot03;BBPFire3d__v0_slot03;BBPRoam__v0_slot03;BBPRoam3d__v0_slot03;BBPRoam2d__v0_slot03;BBPTakeCover__v0_slot03;BBPTakeCoverInfantry__v0_slot03;BBPTakeCover3d__v0_slot03
009832a0	ai	BBPAirLift__v0_slot00	RTTI:00bf57ec	BBPAirLift__v0_slot00;ISVUBot__v0_slot08;SVUBotVehicle__v0_slot08;SVUBotPos__v0_slot08;SVUBotHealth__v0_slot08;SVUBotExists__v0_slot08
009832b0	ai	BBPAirLift__v0_slot04	RTTI:00bf57ec	BBPAirLift__v0_slot04
009832e0	ai	BBMoveToFixed__v0_slot00	RTTI:00bf5824	BBMoveToFixed__v0_slot00
00983320	ai	BBMoveToFixed__v0_slot09	RTTI:00bf5824	BBMoveToFixed__v0_slot09
009835f0	ai	BBFireUnarmed__v0_slot00	RTTI:00bf587c	BBFireUnarmed__v0_slot00
009836f0	ai	BBFireUnarmed__v0_slot09	RTTI:00bf587c	BBFireUnarmed__v0_slot09
009841b0	ai	BBIdle__v0_slot08	RTTI:00bf58dc	BBIdle__v0_slot08
009841d0	ai	BBIdle__v0_slot00	RTTI:00bf58dc	BBIdle__v0_slot00
00984200	ai	BBIdle__v0_slot09	RTTI:00bf58dc	BBIdle__v0_slot09
009842d0	gameplay	MusicPlayerNetworkable__v0_slot10	RTTI:00b807fc	MusicPlayerNetworkable__v0_slot10;HookNetworkable__v0_slot10;AIStrategicObject__v0_slot01;AITemplateUnit__v0_slot02;BBPIdleInfantery__v0_slot05;BBPFire2dDriver__v0_slot06;AIObjectUnit__v0_slot01;BAPIWIdle__v0_slot06;BAPCConBombPrecision3d__v0_slot01
009842e0	ai	BBPIdleInfantery__v0_slot04	RTTI:00bf5934	BBPIdleInfantery__v0_slot04
00984310	ai	BBPIdleInfantery__v0_slot00	RTTI:00bf5934	BBPIdleInfantery__v0_slot00
00984530	gameplay	FireArmsNetworkable__v0_slot10	RTTI:00b80724	FireArmsNetworkable__v0_slot10;WireLinkNetworkable__v0_slot10;AISettings__v0_slot12;AITemplateMobile__v0_slot02;AStarStrategicSearch__v0_slot05;BBPIdle3d__v0_slot05;BBPFire2d__v0_slot06;BBPRoam3d__v0_slot05;AIObjectMobile__v0_slot01;ISVUBot__v0_slot01;SVUBotVehicle__v0_slot01;SVUBotPos__v0_slot01;SVUBotHealth__v0_slot01;SVUBotExists__v0_slot01;BAPFlowCEnd__v0_slot03;BAPCConPrecision3d__v0_slot01
00984580	ai	BBPIdle3d__v0_slot04	RTTI:00bf5974	BBPIdle3d__v0_slot04
00984620	ai	BBPIdle3d__v0_slot00	RTTI:00bf5974	BBPIdle3d__v0_slot00
00984970	ai	BBPIdle2d__v0_slot04	RTTI:00bf59b4	BBPIdle2d__v0_slot04
009849a0	ai	BBPIdle2d__v0_slot00	RTTI:00bf59b4	BBPIdle2d__v0_slot00
00984bf0	ai	BBBailOut__v0_slot00	RTTI:00bf59f4	BBBailOut__v0_slot00
00984c20	ai	BBBailOut__v0_slot09	RTTI:00bf59f4	BBBailOut__v0_slot09
00984d40	ai	AI_BBPBailOut_ctor_candidate	previous-local-notes; unverified name	AI_BBPBailOut_ctor_candidate
00984d60	ai	BBPBailOut__v0_slot04	RTTI:00bf5a4c	BBPBailOut__v0_slot04
00984d90	ai	BBPBailOut__v0_slot00	RTTI:00bf5a4c	BBPBailOut__v0_slot00
009854a0	ai	BBChange__v0_slot00	RTTI:00bf5a94	BBChange__v0_slot00
009856f0	ai	BBChange__v0_slot09	RTTI:00bf5a94	BBChange__v0_slot09
00986cb0	ai	BBPChange__v0_slot04	RTTI:00bf5afc	BBPChange__v0_slot04
00986cf0	ai	AI_BBPChange_ctor_candidate	previous-local-notes; unverified name	AI_BBPChange_ctor_candidate
00986d40	ai	BBPChange__v0_slot00	RTTI:00bf5afc	BBPChange__v0_slot00
00987fe0	ai	BBChangeLandingCraft__v0_slot00	RTTI:00bf5b3c	BBChangeLandingCraft__v0_slot00
00988020	ai	BBChangeLandingCraft__v0_slot09	RTTI:00bf5b3c	BBChangeLandingCraft__v0_slot09
00988990	ai	BBPChangeLandingCraft__v0_slot04	RTTI:00bf5b9c	BBPChangeLandingCraft__v0_slot04
00988a20	ai	BBPChangeLandingCraft__v0_slot00	RTTI:00bf5b9c	BBPChangeLandingCraft__v0_slot00
00988f20	ai	BBChangeTeleport__v0_slot00	RTTI:00bf5bd4	BBChangeTeleport__v0_slot00
00988f60	ai	BBChangeTeleport__v0_slot09	RTTI:00bf5bd4	BBChangeTeleport__v0_slot09
00989760	ai	BBPChangeTeleport__v0_slot04	RTTI:00bf5c2c	BBPChangeTeleport__v0_slot04
009897f0	ai	BBPChangeTeleport__v0_slot00	RTTI:00bf5c2c	BBPChangeTeleport__v0_slot00
00989d20	ai	BBMedicAssist__v0_slot12	RTTI:00bf5c64	BBMedicAssist__v0_slot12
00989da0	ai	BBMedicAssist__v0_slot00	RTTI:00bf5c64	BBMedicAssist__v0_slot00
00989f80	ai	BBMedicAssist__v0_slot09	RTTI:00bf5c64	BBMedicAssist__v0_slot09
0098aa00	ai	BotScriptVariable__v0_slot00	RTTI:00bf5cbc	BotScriptVariable__v0_slot00
0098aa90	ai	BBPMedicAssist__v0_slot04	RTTI:00bf5cc4	BBPMedicAssist__v0_slot04
0098ad00	ai	BBPMedicAssist__v0_slot00	RTTI:00bf5cc4	BBPMedicAssist__v0_slot00
0098bd70	ai	BBAvoid__v0_slot00	RTTI:00bf5d24	BBAvoid__v0_slot00
0098c1a0	ai	BBAvoid__v0_slot09	RTTI:00bf5d24	BBAvoid__v0_slot09
0098cac0	ai	BBPAvoidCollisionInfantery__v0_slot04	RTTI:00bf5d7c	BBPAvoidCollisionInfantery__v0_slot04
0098ccf0	ai	BBPAvoidCollisionInfantery__v0_slot00	RTTI:00bf5d7c	BBPAvoidCollisionInfantery__v0_slot00
0098da20	ai	BBPAvoidCollision3d__v0_slot05	RTTI:00bf5dbc	BBPAvoidCollision3d__v0_slot05
0098dac0	ai	BBPAvoidCollision3d__v0_slot04	RTTI:00bf5dbc	BBPAvoidCollision3d__v0_slot04
0098db40	ai	BBPAvoidCollision3d__v0_slot00	RTTI:00bf5dbc	BBPAvoidCollision3d__v0_slot00
0098e200	ai	BBPAvoidCollisionInfantery__v0_slot05	RTTI:00bf5d7c	BBPAvoidCollisionInfantery__v0_slot05;BBPAvoidCollision2d__v0_slot05
0098e290	ai	BBPAvoidCollision2d__v0_slot04	RTTI:00bf5dfc	BBPAvoidCollision2d__v0_slot04
0098e310	ai	BBPAvoidCollision2d__v0_slot00	RTTI:00bf5dfc	BBPAvoidCollision2d__v0_slot00
0098e890	ai	BBMoveTo__v0_slot00	RTTI:00bf5e40	BBMoveTo__v0_slot00
0098e9e0	ai	BBMoveTo__v0_slot09	RTTI:00bf5e40	BBMoveTo__v0_slot09
0098eea0	ai	BBPGotoWaypoint__v0_slot04	RTTI:00bf5e9c	BBPGotoWaypoint__v0_slot04
0098ef10	ai	BBPGotoWaypointSoldier__v0_slot04	RTTI:00bf5eb8	BBPGotoWaypointSoldier__v0_slot04;BBPGotoWaypoint3d__v0_slot04;BBPGotoWaypointBoat__v0_slot04;BBPGotoWaypoint2d__v0_slot04
0098efc0	ai	BBPGotoWaypointSoldier__v0_slot00	RTTI:00bf5eb8	BBPGotoWaypointSoldier__v0_slot00
0098fc30	ai	BBPGotoWaypoint3d__v0_slot00	RTTI:00bf5ef4	BBPGotoWaypoint3d__v0_slot00
00990080	ai	BBPGotoWaypointBoat__v0_slot00	RTTI:00bf5f34	BBPGotoWaypointBoat__v0_slot00
00990d60	ai	BBPGotoWaypoint2d__v0_slot00	RTTI:00bf5f74	BBPGotoWaypoint2d__v0_slot00
00991cf0	ai	BBScout__v0_slot08	RTTI:00bf6028	BBScout__v0_slot08
00991f30	ai	BBScout__v0_slot00	RTTI:00bf6028	BBScout__v0_slot00
00992750	ai	BBScout__v0_slot09	RTTI:00bf6028	BBScout__v0_slot09
00993b60	ai	BotScript__v0_slot01	RTTI:00bf6094	BotScript__v0_slot01
00993b80	ai	BAPStatement__v0_slot02	RTTI:00bf60a0	BAPStatement__v0_slot02;BAPICScout__v0_slot02;BAPAction__v0_slot02;BAPATrigger__v0_slot02;BAPAResetControls__v0_slot02;BAPAMoveTo3d__v0_slot02;BAPCombinerParallel__v0_slot02;BAPAMoveTo__v0_slot02;BAPAMoveToObject__v0_slot02;BAPAMoveToObjectFinding__v0_slot02;BAPAMoveTo3dObject__v0_slot02;BAPAMoveToFinding__v0_slot02;BAPICTurnLock__v0_slot02;BAPICChangeVehicle__v0_slot02;BAPALook__v0_slot02;BAPALookAtObject__v0_slot02;BAPAMoveToDirect__v0_slot02;BAPASoldierPose__v0_slot02;BAPALookAhead__v0_slot02;BAPATriggerContinously__v0_slot02;BAPALookInDir__v0_slot02;BAPATurn__v0_slot02;BAPATurnTowardsDirection__v0_slot02;BAPAChangeWeapon__v0_slot02;BAPAAimAt__v0_slot02;BAPAAimAtPoint__v0_slot02;BAPAAimAtObject__v0_slot02;BAPATurnTowardsObject__v0_slot02;BAPANotifyBot__v0_slot02;BAPWrapperAiming__v0_slot02;BAPWrapperFinished__v0_slot02;BAPWrapperWeapon__v0_slot02;BAPASendMessage__v0_slot02;BAPAEvaluate__v0_slot02;BAPAMoveTo3dDirection__v0_slot02;BAPAAimAt3d__v0_slot02;BAPAAimAtObject3d__v0_slot02;BAPARoll3d__v0_slot02
00993bf0	ai	BBPScoutInfantery__v0_slot04	RTTI:00bf60bc	BBPScoutInfantery__v0_slot04
00993c20	ai	BAPICScout__v0_slot01	RTTI:00bf60d8	BAPICScout__v0_slot01
00993c60	ai	BBPScoutInfantery__v0_slot00	RTTI:00bf60bc	BBPScoutInfantery__v0_slot00
009941d0	ai	BBPScout__v0_slot04	RTTI:00bf6114	BBPScout__v0_slot04
00994290	ai	BBPScout__v0_slot05	RTTI:00bf6114	BBPScout__v0_slot05;BBPScoutInfantery__v0_slot05
00994420	ai	BBPScout__v0_slot00	RTTI:00bf6114	BBPScout__v0_slot00
009951f0	ai	BBFire__v0_slot00	RTTI:00bf6174	BBFire__v0_slot00
00995210	ai	BBFire__v0_slot09	RTTI:00bf6174	BBFire__v0_slot09;BBFireInfantery__v0_slot09
00996b60	ai	BAPExpression__v0_slot00	RTTI:00bf61d8	BAPExpression__v0_slot00
00996e40	ai	BBPFireInfantery__v0_slot05	RTTI:00bf6210	BBPFireInfantery__v0_slot05
00997ae0	ai	BBPFireInfantery__v0_slot04	RTTI:00bf6210	BBPFireInfantery__v0_slot04
0099b060	ai	BBPFireInfantery__v0_slot00	RTTI:00bf6210	BBPFireInfantery__v0_slot00
0099d3d0	ai	BBPFire2d__v0_slot04	RTTI:00bf6294	BBPFire2d__v0_slot04
0099d590	ai	BBPFire2d__v0_slot00	RTTI:00bf6294	BBPFire2d__v0_slot00
0099eb00	ai	BBFireLargeBore__v0_slot13	RTTI:00bf62f0	BBFireLargeBore__v0_slot13
0099f280	ai	BBFireLargeBore__v0_slot00	RTTI:00bf62f0	BBFireLargeBore__v0_slot00
009a12f0	ai	BBFireLargeBore__v0_slot09	RTTI:00bf62f0	BBFireLargeBore__v0_slot09
009a1350	ai	BBFireArtilleryDriver__v0_slot00	RTTI:00bf6354	BBFireArtilleryDriver__v0_slot00
009a13a0	ai	BBFireArtilleryDriver__v0_slot09	RTTI:00bf6354	BBFireArtilleryDriver__v0_slot09
009a1680	ai	BBPFire2dDriver__v0_slot04	RTTI:00bf63ac	BBPFire2dDriver__v0_slot04
009a16c0	ai	BBPFire2d__v0_slot05	RTTI:00bf6294	BBPFire2d__v0_slot05;BBPFire2dDriver__v0_slot05
009a1730	ai	BBPFire2dDriver__v0_slot00	RTTI:00bf63ac	BBPFire2dDriver__v0_slot00
009a2980	ai	BBFire__v0_slot13	RTTI:00bf6174	BBFire__v0_slot13;BBFire3d__v0_slot13
009a30c0	ai	BBFire3d__v0_slot00	RTTI:00bf63f0	BBFire3d__v0_slot00
009a30e0	ai	BBFire3d__v0_slot09	RTTI:00bf63f0	BBFire3d__v0_slot09
009a5760	ai	BBPFire3d__v0_slot05	RTTI:00bf644c	BBPFire3d__v0_slot05
009a57c0	ai	BBPFire3d__v0_slot04	RTTI:00bf644c	BBPFire3d__v0_slot04
009a7830	ai	BBPFire3d__v0_slot00	RTTI:00bf644c	BBPFire3d__v0_slot00
009a7ce0	ai	BBFireInfantery__v0_slot13	RTTI:00bf648c	BBFireInfantery__v0_slot13
009a7cf0	ai	BBFireInfantery__v0_slot00	RTTI:00bf648c	BBFireInfantery__v0_slot00
009a7da0	ai	BBRoam__v0_slot00	RTTI:00bf64ec	BBRoam__v0_slot00
009a7ef0	ai	BBRoam__v0_slot09	RTTI:00bf64ec	BBRoam__v0_slot09
009a8660	ai	BBPRoam3d__v0_slot04	RTTI:00bf6544	BBPRoam3d__v0_slot04
009a86a0	ai	BBPRoam3d__v0_slot00	RTTI:00bf6544	BBPRoam3d__v0_slot00
009a8a90	ai	BBPRoam2d__v0_slot04	RTTI:00bf6584	BBPRoam2d__v0_slot04
009a8ac0	ai	BBPRoam2d__v0_slot00	RTTI:00bf6584	BBPRoam2d__v0_slot00
009a8d30	ai	BBTakeCover__v0_slot08	RTTI:00bf65c4	BBTakeCover__v0_slot08
009a8d90	ai	BBTakeCover__v0_slot00	RTTI:00bf65c4	BBTakeCover__v0_slot00
009a8f00	ai	BBTakeCover__v0_slot09	RTTI:00bf65c4	BBTakeCover__v0_slot09
009aa450	ai	BBPTakeCover__v0_slot04	RTTI:00bf6624	BBPTakeCover__v0_slot04
009aa5b0	ai	BAPConEndOfPath__v0_slot02	RTTI:00bf663c	BAPConEndOfPath__v0_slot02
009aa650	ai	BBPTakeCover__v0_slot00	RTTI:00bf6624	BBPTakeCover__v0_slot00
009aae70	ai	BBTakeCoverInfantry__v0_slot00	RTTI:00bf6674	BBTakeCoverInfantry__v0_slot00
009abed0	ai	BBTakeCoverInfantry__v0_slot09	RTTI:00bf6674	BBTakeCoverInfantry__v0_slot09
009adb60	ai	BBPTakeCoverInfantry__v0_slot04	RTTI:00bf66cc	BBPTakeCoverInfantry__v0_slot04
009adc30	ai	BBPTakeCoverInfantry__v0_slot00	RTTI:00bf66cc	BBPTakeCoverInfantry__v0_slot00
009af2a0	ai	BBTakeCover3d__v0_slot00	RTTI:00bf670c	BBTakeCover3d__v0_slot00
009af2e0	ai	BBTakeCover3d__v0_slot09	RTTI:00bf670c	BBTakeCover3d__v0_slot09
009af8c0	ai	BBPTakeCover3d__v0_slot04	RTTI:00bf6764	BBPTakeCover3d__v0_slot04
009af8f0	ai	BBPTakeCover3d__v0_slot00	RTTI:00bf6764	BBPTakeCover3d__v0_slot00
009b2f90	ai	BAPEntry__v0_slot00	RTTI:00bf69d0	BAPEntry__v0_slot00;EntryMoveToObjectMediumSoldier__v0_slot00;EntryMoveToMediumSoldier__v0_slot00;EntryMoveToLightSoldier__v0_slot00;EntrySoldierPose__v0_slot00
009be150	ai	BAPInterpreter__v0_slot00	RTTI:00bf7e30	BAPInterpreter__v0_slot00
009be180	ai	BAPInterpreter__v0_slot01	RTTI:00bf7e30	BAPInterpreter__v0_slot01
009be410	ai	AIObjectControlInfo__v0_slot00	RTTI:00bf7eb8	AIObjectControlInfo__v0_slot00
009bea70	ai	AIObjectControlInfo__v0_slot03	RTTI:00bf7eb8	AIObjectControlInfo__v0_slot03
009beaa0	ai	AIObjectControlInfo__v0_slot02	RTTI:00bf7eb8	AIObjectControlInfo__v0_slot02
009bedc0	ai	BotManager__v4_slot01	RTTI:00bf7f64	BotManager__v4_slot01
009bedf0	ai	BotManager__v4_slot02	RTTI:00bf7f64	BotManager__v4_slot02
009bee20	ai	BotManager__v4_slot03	RTTI:00bf7f64	BotManager__v4_slot03
009bee80	ai	BotManager__v4_slot04	RTTI:00bf7f64	BotManager__v4_slot04
009beee0	ai	BotManager__v4_slot05	RTTI:00bf7f64	BotManager__v4_slot05
009bef00	ai	BotManager__v4_slot08	RTTI:00bf7f64	BotManager__v4_slot08
009bef10	ai	BotManager__v4_slot09	RTTI:00bf7f64	BotManager__v4_slot09
009bef20	ai	BotManager__v4_slot10	RTTI:00bf7f64	BotManager__v4_slot10
009bef30	ai	BotManager__v4_slot11	RTTI:00bf7f64	BotManager__v4_slot11
009bef40	ai	BotManager__v4_slot12	RTTI:00bf7f64	BotManager__v4_slot12
009bef50	gameplay	PhysicsNode__v0_slot60	RTTI:00b91ecc	PhysicsNode__v0_slot60;PhysicsEngine__v0_slot60;PhysicsFloatingBundle__v0_slot60;PhysicsSpring__v0_slot60;PhysicsWing__v0_slot60;PhysicsWinch__v0_slot60;BotManager__v4_slot13
009bef60	ai	BotManager__v4_slot14	RTTI:00bf7f64	BotManager__v4_slot14
009bef70	ai	BotManager__v4_slot15	RTTI:00bf7f64	BotManager__v4_slot15
009bef80	ai	BotManager__v4_slot16	RTTI:00bf7f64	BotManager__v4_slot16
009bef90	ai	BotManager__v4_slot17	RTTI:00bf7f64	BotManager__v4_slot17
009befa0	ai	BotManager__v4_slot18	RTTI:00bf7f64	BotManager__v4_slot18
009befb0	ai	BotManager__v4_slot19	RTTI:00bf7f64	BotManager__v4_slot19
009befc0	ai	BotManager__v4_slot20	RTTI:00bf7f64	BotManager__v4_slot20
009befd0	gameplay	PhysicsNode__v0_slot64	RTTI:00b91ecc	PhysicsNode__v0_slot64;PhysicsEngine__v0_slot64;PhysicsFloatingBundle__v0_slot64;PhysicsSpring__v0_slot64;PhysicsWing__v0_slot64;PhysicsWinch__v0_slot64;BotManager__v4_slot21
009befe0	ai	BotManager__v4_slot22	RTTI:00bf7f64	BotManager__v4_slot22
009beff0	ai	BotManager__v4_slot23	RTTI:00bf7f64	BotManager__v4_slot23
009bf000	ai	BotManager__v4_slot24	RTTI:00bf7f64	BotManager__v4_slot24
009bf010	ai	BotManager__v4_slot25	RTTI:00bf7f64	BotManager__v4_slot25
009bf020	ai	BotManager__v4_slot26	RTTI:00bf7f64	BotManager__v4_slot26
009bf040	ai	BotManager__v0_slot10	RTTI:00bf8014	BotManager__v0_slot10
009bf110	ai	BotManager__v0_slot11	RTTI:00bf8014	BotManager__v0_slot11
009bf190	gameplay	PlayerControlObjectTemplate__v472_slot39	RTTI:00b93a14	PlayerControlObjectTemplate__v472_slot39;BotManager__v0_slot09
009bf1a0	ai	BotManager__v0_slot01	RTTI:00bf8014	BotManager__v0_slot01
009bf1c0	ai	BotManager__v0_slot02	RTTI:00bf8014	BotManager__v0_slot02
009bf1e0	ai	BotManager__v0_slot12	RTTI:00bf8014	BotManager__v0_slot12
009bf4c0	ai	BotManager__v4_slot29	RTTI:00bf7f64	BotManager__v4_slot29
009bf510	ai	BotManager__v4_slot41	RTTI:00bf7f64	BotManager__v4_slot41
009bf870	ai	BotManager__v0_slot06	RTTI:00bf8014	BotManager__v0_slot06
009bf8a0	ai	BotManager__v0_slot08	RTTI:00bf8014	BotManager__v0_slot08
009bf960	ai	BotManager__v0_slot07	RTTI:00bf8014	BotManager__v0_slot07
009bf980	ai	BotManager__v0_slot13	RTTI:00bf8014	BotManager__v0_slot13
009bfa60	ai	BotManager__v0_slot14	RTTI:00bf8014	BotManager__v0_slot14
009bfe40	ai	BotManager__v0_slot15	RTTI:00bf8014	BotManager__v0_slot15
009c0330	ai	BotManager__v4_slot06	RTTI:00bf7f64	BotManager__v4_slot06
009c0380	ai	BotManager__v4_slot07	RTTI:00bf7f64	BotManager__v4_slot07
009c03f0	ai	BotManager__v0_slot05	RTTI:00bf8014	BotManager__v0_slot05
009c0410	ai	BotManager__v0_slot04	RTTI:00bf8014	BotManager__v0_slot04
009c0460	ai	BotManager__v4_slot28	RTTI:00bf7f64	BotManager__v4_slot28
009c04a0	ai	BotManager__v4_slot30	RTTI:00bf7f64	BotManager__v4_slot30
009c04c0	ai	BotManager__v4_slot31	RTTI:00bf7f64	BotManager__v4_slot31
009c04e0	ai	BotManager__v4_slot32	RTTI:00bf7f64	BotManager__v4_slot32
009c0500	ai	BotManager__v4_slot33	RTTI:00bf7f64	BotManager__v4_slot33
009c0520	ai	BotManager__v4_slot34	RTTI:00bf7f64	BotManager__v4_slot34
009c0540	ai	BotManager__v4_slot35	RTTI:00bf7f64	BotManager__v4_slot35
009c0560	ai	BotManager__v4_slot36	RTTI:00bf7f64	BotManager__v4_slot36
009c0580	ai	BotManager__v4_slot37	RTTI:00bf7f64	BotManager__v4_slot37
009c05a0	ai	BotManager__v4_slot38	RTTI:00bf7f64	BotManager__v4_slot38
009c05c0	ai	BotManager__v4_slot39	RTTI:00bf7f64	BotManager__v4_slot39
009c05e0	ai	BotManager__v0_slot22	RTTI:00bf8014	BotManager__v0_slot22
009c2770	ai	BotManager__v0_slot16	RTTI:00bf8014	BotManager__v0_slot16
009c2d10	ai	BotManager__v0_slot17	RTTI:00bf8014	BotManager__v0_slot17
009c2d20	ai	BotManager__v0_slot18	RTTI:00bf8014	BotManager__v0_slot18
009c2d30	ai	BotManager__v0_slot21	RTTI:00bf8014	BotManager__v0_slot21
009c2d40	ai	BotManager__v4_slot00	RTTI:00bf7f64	BotManager__v4_slot00
009c2d50	ai	BotManager__v4_slot27	RTTI:00bf7f64	BotManager__v4_slot27
009c2d60	ai	BotManager__v0_slot19	RTTI:00bf8014	BotManager__v0_slot19
009c2d90	ai	BotManager__v4_slot40	RTTI:00bf7f64	BotManager__v4_slot40
009c2da0	ai	BotManager__v0_slot20	RTTI:00bf8014	BotManager__v0_slot20
009c33d0	ai	BotManager__v0_slot00	RTTI:00bf8014	BotManager__v0_slot00
009cb270	ai	AIDebugRenderer__v0_slot07	RTTI:00bf8774	AIDebugRenderer__v0_slot07
009cb3a0	ai	AIDebugRenderer__v0_slot06	RTTI:00bf8774	AIDebugRenderer__v0_slot06
009cb590	ai	AIDebugRenderer__v0_slot01	RTTI:00bf8774	AIDebugRenderer__v0_slot01
009cb630	ai	AIDebugRenderer__v0_slot02	RTTI:00bf8774	AIDebugRenderer__v0_slot02
009cb6c0	ai	AIDebugRenderer__v0_slot05	RTTI:00bf8774	AIDebugRenderer__v0_slot05
009cb7a0	ai	AIDebugRenderer__v0_slot04	RTTI:00bf8774	AIDebugRenderer__v0_slot04
009cb870	ai	AIDebugRenderer__v0_slot08	RTTI:00bf8774	AIDebugRenderer__v0_slot08
009cbb40	ai	AIDebugRenderer__v0_slot00	RTTI:00bf8774	AIDebugRenderer__v0_slot00
009cbc40	ai	AIDebugRenderer__v0_slot03	RTTI:00bf8774	AIDebugRenderer__v0_slot03
009cc350	ai	AIPredWrapper__v0_slot00	RTTI:00bf8800	AIPredWrapper__v0_slot00
009ceb30	ai	AIPathfinding__v4_slot21	RTTI:00bf8b14	AIPathfinding__v4_slot21
009ceb60	ai	AIPathfinding__v4_slot22	RTTI:00bf8b14	AIPathfinding__v4_slot22
009ceb70	ai	AIPathfinding__v0_slot15	RTTI:00bf8a3c	AIPathfinding__v0_slot15
009ceba0	ai	AIPathfinding__v0_slot19	RTTI:00bf8a3c	AIPathfinding__v0_slot19
009cebd0	ai	AIPathfinding__v0_slot21	RTTI:00bf8a3c	AIPathfinding__v0_slot21
009cec00	ai	AIPathfinding__v4_slot39	RTTI:00bf8b14	AIPathfinding__v4_slot39
009cec30	ai	AIPathfinding__v4_slot55	RTTI:00bf8b14	AIPathfinding__v4_slot55
009cec60	ai	AIPathfinding__v4_slot42	RTTI:00bf8b14	AIPathfinding__v4_slot42
009cec90	ai	AIPathfinding__v4_slot43	RTTI:00bf8b14	AIPathfinding__v4_slot43
009ceca0	ai	AIPathfinding__v4_slot44	RTTI:00bf8b14	AIPathfinding__v4_slot44
009cecd0	ai	AIPathfinding__v4_slot45	RTTI:00bf8b14	AIPathfinding__v4_slot45
009cece0	ai	AIPathfinding__v4_slot46	RTTI:00bf8b14	AIPathfinding__v4_slot46
009ced10	ai	AIPathfinding__v4_slot47	RTTI:00bf8b14	AIPathfinding__v4_slot47
009ced20	ai	AIPathfinding__v4_slot48	RTTI:00bf8b14	AIPathfinding__v4_slot48
009ced50	ai	AIPathfinding__v4_slot49	RTTI:00bf8b14	AIPathfinding__v4_slot49
009ced60	ai	AIPathfinding__v4_slot50	RTTI:00bf8b14	AIPathfinding__v4_slot50
009ced90	ai	AIPathfinding__v4_slot51	RTTI:00bf8b14	AIPathfinding__v4_slot51
009cee00	ai	AIPathfinding__v0_slot01	RTTI:00bf8a3c	AIPathfinding__v0_slot01
009cee20	ai	AIPathfinding__v0_slot02	RTTI:00bf8a3c	AIPathfinding__v0_slot02
009cee40	ai	AIPathfinding__v0_slot03	RTTI:00bf8a3c	AIPathfinding__v0_slot03
009cee60	ai	AIPathfinding__v0_slot49	RTTI:00bf8a3c	AIPathfinding__v0_slot49
009ceec0	ai	AIPathfinding__v0_slot13	RTTI:00bf8a3c	AIPathfinding__v0_slot13
009cf0c0	ai	AIPathfinding__v0_slot07	RTTI:00bf8a3c	AIPathfinding__v0_slot07
009cf9f0	ai	AIPathfinding__v0_slot06	RTTI:00bf8a3c	AIPathfinding__v0_slot06
009cfa00	ai	AIPathfinding__v0_slot08	RTTI:00bf8a3c	AIPathfinding__v0_slot08
009cfa30	ai	AIPathfinding__v0_slot09	RTTI:00bf8a3c	AIPathfinding__v0_slot09
009cfa60	ai	AIPathfinding__v0_slot04	RTTI:00bf8a3c	AIPathfinding__v0_slot04
009cfa80	ai	AIPathfinding__v4_slot19	RTTI:00bf8b14	AIPathfinding__v4_slot19
009cfab0	ai	AIPathfinding__v4_slot15	RTTI:00bf8b14	AIPathfinding__v4_slot15
009cfae0	ai	AIPathfinding__v0_slot10	RTTI:00bf8a3c	AIPathfinding__v0_slot10
009cfb00	ai	AIPathfinding__v4_slot17	RTTI:00bf8b14	AIPathfinding__v4_slot17
009cfb60	ai	AIPathfinding__v0_slot11	RTTI:00bf8a3c	AIPathfinding__v0_slot11
009cfb80	ai	AIPathfinding__v4_slot24	RTTI:00bf8b14	AIPathfinding__v4_slot24
009cfc20	ai	AIPathfinding__v4_slot23	RTTI:00bf8b14	AIPathfinding__v4_slot23
009cfd00	ai	AIPathfinding__v4_slot25	RTTI:00bf8b14	AIPathfinding__v4_slot25
009cfda0	ai	AIPathfinding__v0_slot40	RTTI:00bf8a3c	AIPathfinding__v0_slot40
009cfdf0	ai	AIPathfinding__v0_slot36	RTTI:00bf8a3c	AIPathfinding__v0_slot36
009cfe30	ai	AIPathfinding__v0_slot37	RTTI:00bf8a3c	AIPathfinding__v0_slot37
009cfe80	ai	AIPathfinding__v0_slot41	RTTI:00bf8a3c	AIPathfinding__v0_slot41
009cfee0	ai	AIPathfinding__v0_slot47	RTTI:00bf8a3c	AIPathfinding__v0_slot47
009cff10	ai	AIPathfinding__v0_slot48	RTTI:00bf8a3c	AIPathfinding__v0_slot48
009cff40	ai	AIPathfinding__v0_slot31	RTTI:00bf8a3c	AIPathfinding__v0_slot31
009cff80	ai	AIPathfinding__v0_slot35	RTTI:00bf8a3c	AIPathfinding__v0_slot35
009cffe0	ai	AIPathfinding__v0_slot34	RTTI:00bf8a3c	AIPathfinding__v0_slot34
009d0060	ai	AIPathfinding__v0_slot33	RTTI:00bf8a3c	AIPathfinding__v0_slot33
009d0110	ai	AIPathfinding__v0_slot32	RTTI:00bf8a3c	AIPathfinding__v0_slot32
009d01e0	ai	AIPathfinding__v0_slot12	RTTI:00bf8a3c	AIPathfinding__v0_slot12
009d02d0	ai	AIPathfinding__v0_slot14	RTTI:00bf8a3c	AIPathfinding__v0_slot14
009d04b0	ai	AIPathfinding__v0_slot46	RTTI:00bf8a3c	AIPathfinding__v0_slot46
009d0570	ai	AIPathfinding__v0_slot26	RTTI:00bf8a3c	AIPathfinding__v0_slot26
009d0620	ai	AIPathfinding__v0_slot29	RTTI:00bf8a3c	AIPathfinding__v0_slot29
009d0720	ai	AIPathfinding__v0_slot22	RTTI:00bf8a3c	AIPathfinding__v0_slot22
009d07d0	ai	AIPathfinding__v0_slot16	RTTI:00bf8a3c	AIPathfinding__v0_slot16
009d0800	ai	AIPathfinding__v0_slot17	RTTI:00bf8a3c	AIPathfinding__v0_slot17
009d0830	ai	AIPathfinding__v0_slot50	RTTI:00bf8a3c	AIPathfinding__v0_slot50
009d0b60	ai	AIPathfinding__v4_slot41	RTTI:00bf8b14	AIPathfinding__v4_slot41
009d0b90	ai	AIPathfinding__v4_slot09	RTTI:00bf8b14	AIPathfinding__v4_slot09
009d0bc0	ai	AIPathfinding__v4_slot10	RTTI:00bf8b14	AIPathfinding__v4_slot10
009d0c00	ai	AIPathfinding__v4_slot11	RTTI:00bf8b14	AIPathfinding__v4_slot11
009d0c30	ai	AIPathfinding__v4_slot12	RTTI:00bf8b14	AIPathfinding__v4_slot12
009d0c70	ai	AIPathfinding__v4_slot13	RTTI:00bf8b14	AIPathfinding__v4_slot13
009d0ca0	ai	AIPathfinding__v4_slot14	RTTI:00bf8b14	AIPathfinding__v4_slot14
009d0e50	ai	AIPathfinding__v0_slot44	RTTI:00bf8a3c	AIPathfinding__v0_slot44
009d15e0	ai	AIPathfinding__v4_slot26	RTTI:00bf8b14	AIPathfinding__v4_slot26
009d1780	ai	AIPathfinding__v4_slot29	RTTI:00bf8b14	AIPathfinding__v4_slot29
009d18c0	ai	AIPathfinding__v4_slot31	RTTI:00bf8b14	AIPathfinding__v4_slot31
009d1b40	ai	AIPathfinding__v4_slot28	RTTI:00bf8b14	AIPathfinding__v4_slot28
009d1de0	ai	AIPathfinding__v4_slot32	RTTI:00bf8b14	AIPathfinding__v4_slot32
009d2240	ai	AIPathfinding__v4_slot33	RTTI:00bf8b14	AIPathfinding__v4_slot33
009d2480	ai	AIPathfinding__v0_slot39	RTTI:00bf8a3c	AIPathfinding__v0_slot39
009d24c0	ai	AIPathfinding__v0_slot38	RTTI:00bf8a3c	AIPathfinding__v0_slot38
009d24f0	ai	AIPathfinding__v0_slot42	RTTI:00bf8a3c	AIPathfinding__v0_slot42
009d2550	ai	AIPathfinding__v0_slot25	RTTI:00bf8a3c	AIPathfinding__v0_slot25
009d25f0	ai	AIPathfinding__v0_slot24	RTTI:00bf8a3c	AIPathfinding__v0_slot24
009d26c0	ai	AIPathfinding__v0_slot45	RTTI:00bf8a3c	AIPathfinding__v0_slot45
009d26f0	ai	AIPathfinding__v0_slot28	RTTI:00bf8a3c	AIPathfinding__v0_slot28
009d27b0	ai	AIPathfinding__v0_slot27	RTTI:00bf8a3c	AIPathfinding__v0_slot27
009d28f0	ai	AIPathfinding__v0_slot30	RTTI:00bf8a3c	AIPathfinding__v0_slot30
009d2a20	ai	AIPathfinding__v0_slot18	RTTI:00bf8a3c	AIPathfinding__v0_slot18
009d2b00	ai	AIPathfinding__v0_slot20	RTTI:00bf8a3c	AIPathfinding__v0_slot20
009d2cb0	ai	AIPathfinding__v4_slot00	RTTI:00bf8b14	AIPathfinding__v4_slot00
009d2cc0	ai	AIPathfinding__v4_slot54	RTTI:00bf8b14	AIPathfinding__v4_slot54
009d2cd0	ai	AIPathfinding__v4_slot01	RTTI:00bf8b14	AIPathfinding__v4_slot01
009d2ce0	ai	AIPathfinding__v4_slot07	RTTI:00bf8b14	AIPathfinding__v4_slot07
009d2cf0	ai	AIPathfinding__v4_slot16	RTTI:00bf8b14	AIPathfinding__v4_slot16
009d2d00	ai	AIPathfinding__v4_slot18	RTTI:00bf8b14	AIPathfinding__v4_slot18
009d2d10	ai	AIPathfinding__v4_slot38	RTTI:00bf8b14	AIPathfinding__v4_slot38
009d2d20	ai	AIPathfinding__v4_slot08	RTTI:00bf8b14	AIPathfinding__v4_slot08
009d2ee0	ai	AIPathfinding__v0_slot23	RTTI:00bf8a3c	AIPathfinding__v0_slot23
009d30a0	ai	AIPathfinding__v4_slot06	RTTI:00bf8b14	AIPathfinding__v4_slot06
009d3300	ai	AIPathfinding__v4_slot05	RTTI:00bf8b14	AIPathfinding__v4_slot05
009d3410	ai	AIPathfinding__v4_slot04	RTTI:00bf8b14	AIPathfinding__v4_slot04
009d3600	ai	AIPathfinding__v0_slot43	RTTI:00bf8a3c	AIPathfinding__v0_slot43
009d3be0	ai	AIPathfinding__v0_slot00	RTTI:00bf8a3c	AIPathfinding__v0_slot00
009d3c00	ai	AIPathfinding__v4_slot20	RTTI:00bf8b14	AIPathfinding__v4_slot20
009d3c60	ai	AIPathfinding__v4_slot30	RTTI:00bf8b14	AIPathfinding__v4_slot30
009d3f10	ai	AIPathfinding__v4_slot52	RTTI:00bf8b14	AIPathfinding__v4_slot52
009d40c0	ai	AIPathfinding__v4_slot27	RTTI:00bf8b14	AIPathfinding__v4_slot27
009d4320	ai	AICollisionHandler__v0_slot05	RTTI:00bf8c60	AICollisionHandler__v0_slot05
009d4360	ai	AICollisionHandler__v0_slot07	RTTI:00bf8c60	AICollisionHandler__v0_slot07
009d43b0	ai	AICollisionHandler__v0_slot08	RTTI:00bf8c60	AICollisionHandler__v0_slot08
009d4460	ai	AICollisionHandler__v0_slot00	RTTI:00bf8c60	AICollisionHandler__v0_slot00
009d4570	ai	AICollisionHandler__v0_slot06	RTTI:00bf8c60	AICollisionHandler__v0_slot06
009d4ba0	ai	AICollisionHandler__v0_slot01	RTTI:00bf8c60	AICollisionHandler__v0_slot01
009d4f20	ai	AICollisionHandler__v0_slot04	RTTI:00bf8c60	AICollisionHandler__v0_slot04
009d58a0	ai	AICollisionHandler__v0_slot03	RTTI:00bf8c60	AICollisionHandler__v0_slot03
009d5960	ai	AICollisionHandler__v0_slot02	RTTI:00bf8c60	AICollisionHandler__v0_slot02
009d8140	ai	AIObjectUnit__v0_slot00	RTTI:00bf8d4c	AIObjectUnit__v0_slot00
009d82e0	ai	AIObjectUnit__v0_slot03	RTTI:00bf8d4c	AIObjectUnit__v0_slot03
009d8440	ai	AIObjectUnit__v0_slot02	RTTI:00bf8d4c	AIObjectUnit__v0_slot02
009d8f80	ai	AIObjectMobile__v0_slot00	RTTI:00bf8e1c	AIObjectMobile__v0_slot00
009d9010	ai	AIObjectMobile__v0_slot05	RTTI:00bf8e1c	AIObjectMobile__v0_slot05
009d9110	ai	AIObjectMobile__v0_slot02	RTTI:00bf8e1c	AIObjectMobile__v0_slot02
009d9350	ai	AIObjectMobile__v0_slot03	RTTI:00bf8e1c	AIObjectMobile__v0_slot03
009da120	ai	AIScriptExecuter__v0_slot00	RTTI:00bf8f24	AIScriptExecuter__v0_slot00
009dad90	ai	AIScript__v0_slot02	RTTI:00bf9054	AIScript__v0_slot02
009dada0	ai	AIScript__v0_slot03	RTTI:00bf9054	AIScript__v0_slot03
009dadb0	ai	AIScript__v0_slot01	RTTI:00bf9054	AIScript__v0_slot01
009db790	ai	AIScript__v0_slot00	RTTI:00bf9054	AIScript__v0_slot00
009db7e0	ai	SVUBotVehicle__v0_slot00	RTTI:00bf908c	SVUBotVehicle__v0_slot00
009db810	ai	SVUBotVehicle__v0_slot06	RTTI:00bf908c	SVUBotVehicle__v0_slot06
009db8c0	ai	SVUBotPos__v0_slot00	RTTI:00bf90e4	SVUBotPos__v0_slot00
009db8f0	ai	SVUBotPos__v0_slot06	RTTI:00bf90e4	SVUBotPos__v0_slot06
009dba00	ai	SVUBotHealth__v0_slot00	RTTI:00bf913c	SVUBotHealth__v0_slot00
009dba30	ai	SVUBotHealth__v0_slot06	RTTI:00bf913c	SVUBotHealth__v0_slot06
009dbb00	ai	SVUBotExists__v0_slot00	RTTI:00bf9194	SVUBotExists__v0_slot00
009dbb30	ai	SVUBotExists__v0_slot06	RTTI:00bf9194	SVUBotExists__v0_slot06
009dbb90	ai	AIScriptSubroutine__v0_slot00	RTTI:00bf91ec	AIScriptSubroutine__v0_slot00
009dc490	ai	BAPATrigger__v0_slot00	RTTI:00bf9428	BAPATrigger__v0_slot00
009dc530	gameplay	SimpleObjectNetworkable__v0_slot10	RTTI:00b8049c	SimpleObjectNetworkable__v0_slot10;BAPATrigger__v0_slot03
009dc540	ai	BAPATrigger__v0_slot01	RTTI:00bf9428	BAPATrigger__v0_slot01
009dc5a0	ai	BAPATrigger__v0_slot05	RTTI:00bf9428	BAPATrigger__v0_slot05
009dc8d0	ai	BotScriptDebugger__v0_slot00	RTTI:00bf954c	BotScriptDebugger__v0_slot00
009dcbc0	ai	BAPDebugger__v0_slot02	RTTI:00bf9560	BAPDebugger__v0_slot02
009dce30	ai	BAPDebugger__v0_slot01	RTTI:00bf9560	BAPDebugger__v0_slot01
009dcfb0	ai	BAPDebugger__v0_slot00	RTTI:00bf9560	BAPDebugger__v0_slot00
009dd8c0	ai	AIMeshLoader__v0_slot03	RTTI:00bf4c14	AIMeshLoader__v0_slot03
009dd910	ai	AIMeshLoader__v0_slot02	RTTI:00bf4c14	AIMeshLoader__v0_slot02
009ddde0	ai	AIMeshLoader__v0_slot01	RTTI:00bf4c14	AIMeshLoader__v0_slot01
009de020	ai	TaskAStarStrategicSearch__v0_slot03	RTTI:00bf4e68	TaskAStarStrategicSearch__v0_slot03;TaskStrategicPlayerMapSearch__v0_slot03;TaskGetStrategicCellInfoNo__v0_slot03;TaskStrategicSearch__v0_slot03
009de230	ai	TaskAStarStrategicSearch__v0_slot01	RTTI:00bf4e68	TaskAStarStrategicSearch__v0_slot01
009de390	ai	TaskStrategicPlayerMapSearch__v0_slot01	RTTI:00bf4ec8	TaskStrategicPlayerMapSearch__v0_slot01
009de410	ai	TaskStrategicSearch__v0_slot01	RTTI:00bf4ef0	TaskStrategicSearch__v0_slot01
009de710	ai	TaskGetStrategicCellInfoNo__v0_slot01	RTTI:00bf4edc	TaskGetStrategicCellInfoNo__v0_slot01
009de950	ai	AStarStrategicSearch__v0_slot06	RTTI:00bf4e7c	AStarStrategicSearch__v0_slot06
009de970	ai	AStarStrategicSearch__v0_slot07	RTTI:00bf4e7c	AStarStrategicSearch__v0_slot07
009de990	ai	AStarStrategicSearch__v0_slot02	RTTI:00bf4e7c	AStarStrategicSearch__v0_slot02
009deb80	ai	AStarStrategicSearch__v0_slot04	RTTI:00bf4e7c	AStarStrategicSearch__v0_slot04
009deed0	ai	AStarStrategicSearch__v0_slot03	RTTI:00bf4e7c	AStarStrategicSearch__v0_slot03
009eaf80	ai	AIObjectReal__v0_slot10	RTTI:00bf9a74	AIObjectReal__v0_slot10
009eafc0	ai	AIObjectReal__v0_slot11	RTTI:00bf9a74	AIObjectReal__v0_slot11;AIObjectPrimaryReal__v0_slot11;AIObjectShared__v0_slot11;AIObjectPrimaryShared__v0_slot11;AIObjectSecondaryReal__v0_slot11;AIObjectSecondaryShared__v0_slot11
009eb020	ai	AIObjectReal__v0_slot42	RTTI:00bf9a74	AIObjectReal__v0_slot42;AIObjectPrimaryReal__v0_slot42;AIObjectSecondaryReal__v0_slot42
009eb050	ai	AIObjectReal__v0_slot19	RTTI:00bf9a74	AIObjectReal__v0_slot19;AIObjectPrimaryReal__v0_slot19;AIObjectSecondaryReal__v0_slot19
009eb060	ai	AIObjectReal__v0_slot45	RTTI:00bf9a74	AIObjectReal__v0_slot45;AIObjectPrimaryReal__v0_slot45;AIObjectSecondaryReal__v0_slot45
009eb080	ai	AIObjectReal__v0_slot46	RTTI:00bf9a74	AIObjectReal__v0_slot46;AIObjectPrimaryReal__v0_slot46;AIObjectSecondaryReal__v0_slot46
009eb0a0	ai	AIObjectReal__v0_slot47	RTTI:00bf9a74	AIObjectReal__v0_slot47;AIObjectPrimaryReal__v0_slot47;AIObjectSecondaryReal__v0_slot47
009eb120	ai	AIObjectReal__v0_slot20	RTTI:00bf9a74	AIObjectReal__v0_slot20;AIObjectPrimaryReal__v0_slot20;AIObjectSecondaryReal__v0_slot20
009eb140	ai	AIObjectReal__v0_slot48	RTTI:00bf9a74	AIObjectReal__v0_slot48;AIObjectPrimaryReal__v0_slot48;AIObjectSecondaryReal__v0_slot48
009eb1b0	ai	AIObjectReal__v0_slot49	RTTI:00bf9a74	AIObjectReal__v0_slot49;AIObjectPrimaryReal__v0_slot49;AIObjectSecondaryReal__v0_slot49
009eb1d0	ai	AIObjectReal__v0_slot27	RTTI:00bf9a74	AIObjectReal__v0_slot27;AIObjectPrimaryReal__v0_slot27;AIObjectSecondaryReal__v0_slot27
009eb280	ai	AIObjectReal__v0_slot00	RTTI:00bf9a74	AIObjectReal__v0_slot00
009eb2a0	ai	AIObjectReal__v0_slot24	RTTI:00bf9a74	AIObjectReal__v0_slot24;AIObjectPrimaryReal__v0_slot24;AIObjectSecondaryReal__v0_slot24
009eb350	ai	AIObjectReal__v0_slot25	RTTI:00bf9a74	AIObjectReal__v0_slot25;AIObjectPrimaryReal__v0_slot25;AIObjectSecondaryReal__v0_slot25
009eb430	ai	AIObjectReal__v0_slot50	RTTI:00bf9a74	AIObjectReal__v0_slot50;AIObjectPrimaryReal__v0_slot50;AIObjectSecondaryReal__v0_slot50
009eb490	ai	AIObjectReal__v0_slot26	RTTI:00bf9a74	AIObjectReal__v0_slot26;AIObjectPrimaryReal__v0_slot26;AIObjectSecondaryReal__v0_slot26
009eb530	ai	AIObjectReal__v0_slot23	RTTI:00bf9a74	AIObjectReal__v0_slot23;AIObjectPrimaryReal__v0_slot23;AIObjectSecondaryReal__v0_slot23
009eb580	ai	AIObjectReal__v0_slot21	RTTI:00bf9a74	AIObjectReal__v0_slot21;AIObjectPrimaryReal__v0_slot21
009eb760	ai	AIObjectReal__v0_slot08	RTTI:00bf9a74	AIObjectReal__v0_slot08
009eb980	ai	AIObject__v0_slot43	RTTI:00bf9b6c	AIObject__v0_slot43;AIObjectReal__v0_slot43;AIObjectPrimaryReal__v0_slot43;AIObjectShared__v0_slot43;AIObjectPrimaryShared__v0_slot43;AIObjectSecondaryReal__v0_slot43;AIObjectSecondaryShared__v0_slot43
009eb9d0	ai	AIObject__v0_slot32	RTTI:00bf9b6c	AIObject__v0_slot32;AIObject__v0_slot33;AIObject__v0_slot34;AIObject__v0_slot35;AIObjectReal__v0_slot32;AIObjectReal__v0_slot33;AIObjectReal__v0_slot34;AIObjectReal__v0_slot35;AIObjectShared__v0_slot32;AIObjectShared__v0_slot33;AIObjectShared__v0_slot34;AIObjectShared__v0_slot35;AIObjectSecondaryReal__v0_slot32;AIObjectSecondaryReal__v0_slot33;AIObjectSecondaryReal__v0_slot34;AIObjectSecondaryReal__v0_slot35;AIObjectSecondaryShared__v0_slot32;AIObjectSecondaryShared__v0_slot33;AIObjectSecondaryShared__v0_slot34;AIObjectSecondaryShared__v0_slot35;ISVUBot__v0_slot09;ISVUBot__v0_slot10;SVUBotVehicle__v0_slot09;SVUBotVehicle__v0_slot10;SVUBotPos__v0_slot09;SVUBotPos__v0_slot10;SVUBotHealth__v0_slot09;SVUBotHealth__v0_slot10;SVUBotExists__v0_slot09;SVUBotExists__v0_slot10
009eba30	ai	AIObject__v0_slot03	RTTI:00bf9b6c	AIObject__v0_slot03;AIObjectReal__v0_slot03;AIObjectPrimaryReal__v0_slot03;AIObjectSecondaryReal__v0_slot03
009ebaa0	ai	AIObject__v0_slot00	RTTI:00bf9b6c	AIObject__v0_slot00
009ebac0	ai	AIObject__v0_slot44	RTTI:00bf9b6c	AIObject__v0_slot44;AIObjectReal__v0_slot44;AIObjectPrimaryReal__v0_slot44;AIObjectShared__v0_slot44;AIObjectPrimaryShared__v0_slot44;AIObjectSecondaryReal__v0_slot44;AIObjectSecondaryShared__v0_slot44
009ebb20	ai	AIObjectShared__v0_slot10	RTTI:00bf9c64	AIObjectShared__v0_slot10
009ebb90	ai	AIObjectShared__v0_slot42	RTTI:00bf9c64	AIObjectShared__v0_slot42;AIObjectPrimaryShared__v0_slot42;AIObjectSecondaryShared__v0_slot42
009ebbd0	ai	AIObjectReal__v0_slot22	RTTI:00bf9a74	AIObjectReal__v0_slot22;AIObjectPrimaryReal__v0_slot22;AIObjectShared__v0_slot22;AIObjectPrimaryShared__v0_slot22;AIObjectSecondaryReal__v0_slot22;AIObjectSecondaryShared__v0_slot22
009ebc00	ai	AIObjectShared__v0_slot08	RTTI:00bf9c64	AIObjectShared__v0_slot08
009ebc30	ai	AIObjectShared__v0_slot19	RTTI:00bf9c64	AIObjectShared__v0_slot19;AIObjectPrimaryShared__v0_slot19;AIObjectSecondaryShared__v0_slot19
009ebc40	ai	AIObjectShared__v0_slot45	RTTI:00bf9c64	AIObjectShared__v0_slot45;AIObjectPrimaryShared__v0_slot45;AIObjectSecondaryShared__v0_slot45
009ebc60	ai	AIObjectShared__v0_slot46	RTTI:00bf9c64	AIObjectShared__v0_slot46;AIObjectPrimaryShared__v0_slot46;AIObjectSecondaryShared__v0_slot46
009ebc80	ai	AIObjectShared__v0_slot47	RTTI:00bf9c64	AIObjectShared__v0_slot47;AIObjectPrimaryShared__v0_slot47;AIObjectSecondaryShared__v0_slot47
009ebcf0	ai	AIObjectShared__v0_slot20	RTTI:00bf9c64	AIObjectShared__v0_slot20;AIObjectPrimaryShared__v0_slot20;AIObjectSecondaryShared__v0_slot20
009ebd10	ai	AIObjectShared__v0_slot48	RTTI:00bf9c64	AIObjectShared__v0_slot48;AIObjectPrimaryShared__v0_slot48;AIObjectSecondaryShared__v0_slot48
009ebd80	ai	AIObjectShared__v0_slot49	RTTI:00bf9c64	AIObjectShared__v0_slot49;AIObjectPrimaryShared__v0_slot49;AIObjectSecondaryShared__v0_slot49
009ebdb0	ai	AIObjectShared__v0_slot27	RTTI:00bf9c64	AIObjectShared__v0_slot27;AIObjectPrimaryShared__v0_slot27;AIObjectSecondaryShared__v0_slot27
009ebdd0	ai	AIObjectReal__v0_slot01	RTTI:00bf9a74	AIObjectReal__v0_slot01;AIObjectShared__v0_slot01
009ebe30	ai	AIObjectShared__v0_slot00	RTTI:00bf9c64	AIObjectShared__v0_slot00
009ebe50	ai	AIObjectShared__v0_slot23	RTTI:00bf9c64	AIObjectShared__v0_slot23;AIObjectPrimaryShared__v0_slot23;AIObjectSecondaryShared__v0_slot23
009ebe90	ai	AIObjectShared__v0_slot24	RTTI:00bf9c64	AIObjectShared__v0_slot24;AIObjectPrimaryShared__v0_slot24;AIObjectSecondaryShared__v0_slot24
009ebf30	ai	AIObjectShared__v0_slot25	RTTI:00bf9c64	AIObjectShared__v0_slot25;AIObjectPrimaryShared__v0_slot25;AIObjectSecondaryShared__v0_slot25
009ebfc0	ai	AIObjectShared__v0_slot50	RTTI:00bf9c64	AIObjectShared__v0_slot50;AIObjectPrimaryShared__v0_slot50;AIObjectSecondaryShared__v0_slot50
009ec020	ai	AIObjectShared__v0_slot21	RTTI:00bf9c64	AIObjectShared__v0_slot21;AIObjectPrimaryShared__v0_slot21
009ecb80	ai	AIObjectArmament__v0_slot04	RTTI:00bf9e64	AIObjectArmament__v0_slot04
009ecf80	ai	AIObjectArmament__v0_slot02	RTTI:00bf9e64	AIObjectArmament__v0_slot02
009ed260	ai	AIObjectArmament__v0_slot00	RTTI:00bf9e64	AIObjectArmament__v0_slot00
009ed280	ai	AIObjectArmament__v0_slot03	RTTI:00bf9e64	AIObjectArmament__v0_slot03
009ed3e0	ai	AIObjectCover__v0_slot00	RTTI:00bf9eb4	AIObjectCover__v0_slot00
009ed410	ai	AIObjectCover__v0_slot03	RTTI:00bf9eb4	AIObjectCover__v0_slot03
009ed450	ai	AIObjectCover__v0_slot02	RTTI:00bf9eb4	AIObjectCover__v0_slot02
009ee040	ai	BotBehaviour__v0_slot01	RTTI:00bf9f4c	BotBehaviour__v0_slot01;BBAirLift__v0_slot01;BBMoveToFixed__v0_slot01;BBFireUnarmed__v0_slot01;BBIdle__v0_slot01;BBBailOut__v0_slot01;BBChange__v0_slot01;BBChangeLandingCraft__v0_slot01;BBChangeTeleport__v0_slot01;BBMedicAssist__v0_slot01;BBAvoid__v0_slot01;BBMoveTo__v0_slot01;BBScout__v0_slot01;BBFire__v0_slot01;BBFireLargeBore__v0_slot01;BBFireArtilleryDriver__v0_slot01;BBFire3d__v0_slot01;BBFireInfantery__v0_slot01;BBRoam__v0_slot01;BBTakeCover__v0_slot01;BBTakeCoverInfantry__v0_slot01;BBTakeCover3d__v0_slot01
009ee060	ai	BotBehaviour__v0_slot02	RTTI:00bf9f4c	BotBehaviour__v0_slot02;BBAirLift__v0_slot02;BBMoveToFixed__v0_slot02;BBFireUnarmed__v0_slot02;BBIdle__v0_slot02;BBBailOut__v0_slot02;BBChange__v0_slot02;BBChangeLandingCraft__v0_slot02;BBChangeTeleport__v0_slot02;BBMedicAssist__v0_slot02;BBAvoid__v0_slot02;BBMoveTo__v0_slot02;BBScout__v0_slot02;BBFire__v0_slot02;BBFireLargeBore__v0_slot02;BBFireArtilleryDriver__v0_slot02;BBFire3d__v0_slot02;BBFireInfantery__v0_slot02;BBRoam__v0_slot02;BBTakeCover__v0_slot02;BBTakeCoverInfantry__v0_slot02;BBTakeCover3d__v0_slot02
009ee080	ai	BotBehaviour__v0_slot03	RTTI:00bf9f4c	BotBehaviour__v0_slot03;BBAirLift__v0_slot03;BBMoveToFixed__v0_slot03;BBFireUnarmed__v0_slot03;BBIdle__v0_slot03;BBBailOut__v0_slot03;BBChange__v0_slot03;BBChangeLandingCraft__v0_slot03;BBChangeTeleport__v0_slot03;BBMedicAssist__v0_slot03;BBAvoid__v0_slot03;BBMoveTo__v0_slot03;BBScout__v0_slot03;BBFire__v0_slot03;BBFireLargeBore__v0_slot03;BBFireArtilleryDriver__v0_slot03;BBFire3d__v0_slot03;BBFireInfantery__v0_slot03;BBRoam__v0_slot03;BBTakeCover__v0_slot03;BBTakeCoverInfantry__v0_slot03;BBTakeCover3d__v0_slot03
009ee0c0	ai	BotBehaviour__v0_slot04	RTTI:00bf9f4c	BotBehaviour__v0_slot04;BBAirLift__v0_slot04;BBMoveToFixed__v0_slot04;BBFireUnarmed__v0_slot04;BBIdle__v0_slot04;BBBailOut__v0_slot04;BBChange__v0_slot04;BBChangeLandingCraft__v0_slot04;BBChangeTeleport__v0_slot04;BBMedicAssist__v0_slot04;BBAvoid__v0_slot04;BBMoveTo__v0_slot04;BBScout__v0_slot04;BBFire__v0_slot04;BBFireLargeBore__v0_slot04;BBFireArtilleryDriver__v0_slot04;BBFire3d__v0_slot04;BBFireInfantery__v0_slot04;BBRoam__v0_slot04;BBTakeCover__v0_slot04;BBTakeCoverInfantry__v0_slot04;BBTakeCover3d__v0_slot04
009ee0e0	ai	BotBehaviour__v0_slot05	RTTI:00bf9f4c	BotBehaviour__v0_slot05;BBAirLift__v0_slot05;BBMoveToFixed__v0_slot05;BBFireUnarmed__v0_slot05;BBIdle__v0_slot05;BBBailOut__v0_slot05;BBChange__v0_slot05;BBChangeLandingCraft__v0_slot05;BBChangeTeleport__v0_slot05;BBMedicAssist__v0_slot05;BBAvoid__v0_slot05;BBMoveTo__v0_slot05;BBScout__v0_slot05;BBFire__v0_slot05;BBFireLargeBore__v0_slot05;BBFireArtilleryDriver__v0_slot05;BBFire3d__v0_slot05;BBFireInfantery__v0_slot05;BBRoam__v0_slot05;BBTakeCover__v0_slot05;BBTakeCoverInfantry__v0_slot05;BBTakeCover3d__v0_slot05
009ee1a0	ai	BotBehaviour__v0_slot06	RTTI:00bf9f4c	BotBehaviour__v0_slot06;BBAirLift__v0_slot06;BBMoveToFixed__v0_slot06;BBFireUnarmed__v0_slot06;BBIdle__v0_slot06;BBBailOut__v0_slot06;BBChange__v0_slot06;BBChangeLandingCraft__v0_slot06;BBChangeTeleport__v0_slot06;BBMedicAssist__v0_slot06;BBAvoid__v0_slot06;BBMoveTo__v0_slot06;BBScout__v0_slot06;BBFire__v0_slot06;BBFireLargeBore__v0_slot06;BBFireArtilleryDriver__v0_slot06;BBFire3d__v0_slot06;BBFireInfantery__v0_slot06;BBRoam__v0_slot06;BBTakeCover__v0_slot06;BBTakeCoverInfantry__v0_slot06;BBTakeCover3d__v0_slot06
009ee1e0	ai	BotBehaviour__v0_slot08	RTTI:00bf9f4c	BotBehaviour__v0_slot08;BBAirLift__v0_slot08;BBMoveToFixed__v0_slot08;BBFireUnarmed__v0_slot08;BBBailOut__v0_slot08;BBChange__v0_slot08;BBChangeLandingCraft__v0_slot08;BBChangeTeleport__v0_slot08;BBMedicAssist__v0_slot08;BBAvoid__v0_slot08;BBMoveTo__v0_slot08;BBFire__v0_slot08;BBFireLargeBore__v0_slot08;BBFireArtilleryDriver__v0_slot08;BBFire3d__v0_slot08;BBFireInfantery__v0_slot08;BBRoam__v0_slot08;BBTakeCoverInfantry__v0_slot08;BBTakeCover3d__v0_slot08
009ee2b0	ai	BotBehaviour__v0_slot00	RTTI:00bf9f4c	BotBehaviour__v0_slot00
009ee3a0	ai	BotBehaviour__v0_slot10	RTTI:00bf9f4c	BotBehaviour__v0_slot10;BBAirLift__v0_slot10;BBMoveToFixed__v0_slot10;BBFireUnarmed__v0_slot10;BBIdle__v0_slot10;BBBailOut__v0_slot10;BBChange__v0_slot10;BBChangeLandingCraft__v0_slot10;BBChangeTeleport__v0_slot10;BBMedicAssist__v0_slot10;BBAvoid__v0_slot10;BBMoveTo__v0_slot10;BBScout__v0_slot10;BBFire__v0_slot10;BBFireLargeBore__v0_slot10;BBFireArtilleryDriver__v0_slot10;BBFire3d__v0_slot10;BBFireInfantery__v0_slot10;BBRoam__v0_slot10;BBTakeCover__v0_slot10;BBTakeCoverInfantry__v0_slot10;BBTakeCover3d__v0_slot10
009ee470	ai	BBPPattern__v0_slot04	RTTI:00bf9fa4	BBPPattern__v0_slot04
009ee560	ai	BAPAResetControls__v0_slot00	RTTI:00bf9fdc	BAPAResetControls__v0_slot00
009ee5a0	ai	BAPAResetControls__v0_slot01	RTTI:00bf9fdc	BAPAResetControls__v0_slot01
009ee630	ai	BAPFlowCWhile__v0_slot02	RTTI:00bfa074	BAPFlowCWhile__v0_slot02
009ee640	ai	BAPFlowCWhile__v0_slot03	RTTI:00bfa074	BAPFlowCWhile__v0_slot03
009ee6f0	ai	BAPFlowCWhile__v0_slot00	RTTI:00bfa074	BAPFlowCWhile__v0_slot00
009ee7c0	ai	BAPFlowCWhile__v0_slot01	RTTI:00bfa074	BAPFlowCWhile__v0_slot01
009ee850	ai	BBPIdle__v0_slot04	RTTI:00bfa104	BBPIdle__v0_slot04
009ee880	ai	BAPAMoveTo3d__v0_slot00	RTTI:00bfa184	BAPAMoveTo3d__v0_slot00
009ee9e0	ai	BAPAMoveTo3d__v0_slot01	RTTI:00bfa184	BAPAMoveTo3d__v0_slot01
009eea30	ai	BAPCombinerSerial__v0_slot02	RTTI:00bfa1f4	BAPCombinerSerial__v0_slot02
009eea40	ai	BAPCombiner__v0_slot01	RTTI:00bfa1d4	BAPCombiner__v0_slot01
009eeba0	ai	BAPCombinerSerial__v0_slot00	RTTI:00bfa1f4	BAPCombinerSerial__v0_slot00
009eed00	ai	BAPCombinerSerial__v0_slot01	RTTI:00bfa1f4	BAPCombinerSerial__v0_slot01
009eed20	ai	BAPCombinerSerial__v0_slot06	RTTI:00bfa1f4	BAPCombinerSerial__v0_slot06
009eee50	ai	BAPInfoWrapper__v0_slot02	RTTI:00bfd05c	BAPInfoWrapper__v0_slot02;BAPIWIdle__v0_slot02;BAPIWChange__v0_slot02;BAPIWFire__v0_slot02;BAPIWMoveTo__v0_slot02;BAPIWScout__v0_slot02;BAPIWRoam__v0_slot02;BAPIWTakeCover__v0_slot02
009eee60	ai	BAPIWIdle__v0_slot01	RTTI:00bfa24c	BAPIWIdle__v0_slot01
009eeed0	ai	BAPAUpdateVehicle__v0_slot02	RTTI:00bfa29c	BAPAUpdateVehicle__v0_slot02;BAPFlowCWait__v0_slot02;BAPASense__v0_slot02;BAPFlowCEnd__v0_slot02
009eeee0	ai	BAPAUpdateVehicle__v0_slot01	RTTI:00bfa29c	BAPAUpdateVehicle__v0_slot01
009eef20	ai	BAPAUpdateVehicle__v0_slot00	RTTI:00bfa29c	BAPAUpdateVehicle__v0_slot00
009f0730	ai	BAPCombinerParallel__v0_slot00	RTTI:00bfa354	BAPCombinerParallel__v0_slot00
009f0840	ai	BAPCombinerParallel__v0_slot01	RTTI:00bfa354	BAPCombinerParallel__v0_slot01
009f0860	ai	BAPCombinerParallel__v0_slot06	RTTI:00bfa354	BAPCombinerParallel__v0_slot06
009f08f0	ai	BAPAMoveToObject__v0_slot01	RTTI:00bfa3ec	BAPAMoveToObject__v0_slot01
009f0920	ai	BAPAMoveToObjectFinding__v0_slot06	RTTI:00bfa4bc	BAPAMoveToObjectFinding__v0_slot06
009f0950	ai	BAPAMoveToObjectFinding__v0_slot07	RTTI:00bfa4bc	BAPAMoveToObjectFinding__v0_slot07
009f09b0	ai	BAPAMoveToObjectFinding__v0_slot08	RTTI:00bfa4bc	BAPAMoveToObjectFinding__v0_slot08
009f09f0	ai	BAPAMoveToObjectFinding__v0_slot09	RTTI:00bfa4bc	BAPAMoveToObjectFinding__v0_slot09
009f0a00	ai	BAPAMoveToObject__v24_slot00	RTTI:00bfa3ac	BAPAMoveToObject__v24_slot00
009f0a10	ai	BAPAMoveToObjectFinding__v24_slot00	RTTI:00bfa47c	BAPAMoveToObjectFinding__v24_slot00
009f0a20	ai	BAPAMoveToObjectFinding__v0_slot01	RTTI:00bfa4bc	BAPAMoveToObjectFinding__v0_slot01
009f12f0	ai	BAPAMoveToObjectFinding__v0_slot12	RTTI:00bfa4bc	BAPAMoveToObjectFinding__v0_slot12
009f1560	ai	BAPAMoveTo3dObject__v0_slot00	RTTI:00bfa578	BAPAMoveTo3dObject__v0_slot00
009f1710	ai	BAPAMoveTo3dObject__v0_slot01	RTTI:00bfa578	BAPAMoveTo3dObject__v0_slot01
009f1760	ai	BAPAMoveToFinding__v0_slot00	RTTI:00bfa654	BAPAMoveToFinding__v0_slot00
009f17a0	ai	BAPAMoveToFinding__v0_slot06	RTTI:00bfa654	BAPAMoveToFinding__v0_slot06
009f17d0	ai	BAPAMoveToFinding__v0_slot07	RTTI:00bfa654	BAPAMoveToFinding__v0_slot07
009f1830	ai	BAPAMoveToFinding__v0_slot08	RTTI:00bfa654	BAPAMoveToFinding__v0_slot08
009f1870	ai	BAPAMoveToFinding__v0_slot09	RTTI:00bfa654	BAPAMoveToFinding__v0_slot09
009f1880	ai	BAPAMoveToFinding__v0_slot12	RTTI:00bfa654	BAPAMoveToFinding__v0_slot12
009f1b90	ai	BAPAMoveToFinding__v24_slot00	RTTI:00bfa614	BAPAMoveToFinding__v24_slot00
009f1ba0	ai	BAPAMoveToFinding__v0_slot01	RTTI:00bfa654	BAPAMoveToFinding__v0_slot01
009f1be0	ai	BAPConOr__v0_slot00	RTTI:00bfa714	BAPConOr__v0_slot00
009f1c50	ai	BAPBoleanOp__v0_slot02	RTTI:00bfa700	BAPBoleanOp__v0_slot02
009f1e00	ai	BAPConOr__v0_slot02	RTTI:00bfa714	BAPConOr__v0_slot02
009f1e20	ai	BAPConOr__v0_slot03	RTTI:00bfa714	BAPConOr__v0_slot03;BAPConAnd__v0_slot03
009f1ee0	ai	BAPConAnd__v0_slot00	RTTI:00bfa790	BAPConAnd__v0_slot00
009f2010	ai	BAPConAnd__v0_slot02	RTTI:00bfa790	BAPConAnd__v0_slot02
009f2060	ai	BAPIWChange__v0_slot01	RTTI:00bfa7d4	BAPIWChange__v0_slot01
009f20d0	ai	BAPConObjectBehind__v0_slot01	RTTI:00bfa824	BAPConObjectBehind__v0_slot01
009f20e0	ai	BAPConObjectBehind__v0_slot02	RTTI:00bfa824	BAPConObjectBehind__v0_slot02
009f2110	ai	BAPConObjectBehind__v0_slot00	RTTI:00bfa824	BAPConObjectBehind__v0_slot00
009f2300	ai	BAPAResetControls__v0_slot03	RTTI:00bf9fdc	BAPAResetControls__v0_slot03;BAPConObjectDistance__v0_slot01
009f2310	ai	BAPConObjectDistance__v0_slot02	RTTI:00bfa8ac	BAPConObjectDistance__v0_slot02
009f2340	ai	BAPConObjectDistance__v0_slot00	RTTI:00bfa8ac	BAPConObjectDistance__v0_slot00
009f2550	ai	BAPConObjectOccupied__v0_slot02	RTTI:00bfa93c	BAPConObjectOccupied__v0_slot02
009f2580	ai	BAPConObjectOccupied__v0_slot00	RTTI:00bfa93c	BAPConObjectOccupied__v0_slot00
009f2630	ai	BAPConObjectMoved__v0_slot02	RTTI:00bfa9cc	BAPConObjectMoved__v0_slot02
009f2660	ai	BAPConObjectMoved__v0_slot00	RTTI:00bfa9cc	BAPConObjectMoved__v0_slot00
009f2710	ai	BAPConObjectEnemyOccupied__v0_slot02	RTTI:00bfaa14	BAPConObjectEnemyOccupied__v0_slot02
009f2740	ai	BAPConObjectEnemyOccupied__v0_slot00	RTTI:00bfaa14	BAPConObjectEnemyOccupied__v0_slot00
009f2890	ai	BAPConPosition__v0_slot01	RTTI:00bfaaac	BAPConPosition__v0_slot01
009f28a0	ai	BAPConPosition__v0_slot02	RTTI:00bfaaac	BAPConPosition__v0_slot02
009f28f0	ai	BAPConPosition__v0_slot00	RTTI:00bfaaac	BAPConPosition__v0_slot00
009f2a10	gameplay	BfControlPointGauge__v0_slot02	RTTI:00b6b6c4	BfControlPointGauge__v0_slot02;BAPICTurnLock__v0_slot03
009f2a20	ai	BAPICTurnLock__v0_slot01	RTTI:00bfab2c	BAPICTurnLock__v0_slot01
009f2a60	ai	BAPICTurnLock__v0_slot00	RTTI:00bfab2c	BAPICTurnLock__v0_slot00
009f2ac0	ai	BAPICChangeVehicle__v0_slot01	RTTI:00bfab7c	BAPICChangeVehicle__v0_slot01
009f2b00	ai	BAPICChangeVehicle__v0_slot00	RTTI:00bfab7c	BAPICChangeVehicle__v0_slot00
009f2b30	ai	BAPICChangeVehicle__v0_slot03	RTTI:00bfab7c	BAPICChangeVehicle__v0_slot03
009f2b40	ai	BAPFlowCWait__v0_slot00	RTTI:00bfac0c	BAPFlowCWait__v0_slot00
009f2b90	ai	BAPFlowCWait__v0_slot03	RTTI:00bfac0c	BAPFlowCWait__v0_slot03
009f2be0	ai	BAPFlowCWait__v0_slot01	RTTI:00bfac0c	BAPFlowCWait__v0_slot01
009f2c70	ai	BAPConTime__v0_slot00	RTTI:00bfac5c	BAPConTime__v0_slot00
009f2d00	ai	BAPConTime__v0_slot01	RTTI:00bfac5c	BAPConTime__v0_slot01
009f2d30	ai	BAPConRandTime__v0_slot00	RTTI:00bfaca8	BAPConRandTime__v0_slot00
009f2df0	ai	BAPConRandTime__v0_slot01	RTTI:00bfaca8	BAPConRandTime__v0_slot01
009f2e00	ai	BAPConTime__v0_slot02	RTTI:00bfac5c	BAPConTime__v0_slot02
009f2e30	ai	BAPConRandTime__v0_slot02	RTTI:00bfaca8	BAPConRandTime__v0_slot02
009f2eb0	ai	BAPIWFire__v0_slot01	RTTI:00bfacf4	BAPIWFire__v0_slot01
009f2ef0	ai	BAPFlowCIf__v0_slot02	RTTI:00bfad44	BAPFlowCIf__v0_slot02
009f2f30	ai	BAPFlowCIf__v0_slot03	RTTI:00bfad44	BAPFlowCIf__v0_slot03
009f2fa0	ai	BAPFlowCIf__v0_slot00	RTTI:00bfad44	BAPFlowCIf__v0_slot00
009f3060	ai	BAPFlowCIf__v0_slot05	RTTI:00bfad44	BAPFlowCIf__v0_slot05
009f3170	ai	BAPFlowCIf__v0_slot01	RTTI:00bfad44	BAPFlowCIf__v0_slot01
009f31e0	ai	BAPALookAtObject__v0_slot06	RTTI:00bfae68	BAPALookAtObject__v0_slot06
009f3340	ai	BAPALookAtObject__v0_slot01	RTTI:00bfae68	BAPALookAtObject__v0_slot01
009f3380	ai	BAPConNot__v0_slot00	RTTI:00bfaef8	BAPConNot__v0_slot00
009f3490	ai	BAPConNot__v0_slot02	RTTI:00bfaef8	BAPConNot__v0_slot02
009f3590	ai	BAPConNot__v0_slot03	RTTI:00bfaef8	BAPConNot__v0_slot03
009f3600	ai	BAPConObjectExists__v0_slot02	RTTI:00bfaf3c	BAPConObjectExists__v0_slot02
009f3630	ai	BAPConObjectExists__v0_slot00	RTTI:00bfaf3c	BAPConObjectExists__v0_slot00
009f36c0	ai	BAPConObjectHealth__v0_slot02	RTTI:00bfafc4	BAPConObjectHealth__v0_slot02
009f36f0	ai	BAPConObjectHealth__v0_slot00	RTTI:00bfafc4	BAPConObjectHealth__v0_slot00
009f37b0	gameplay	BFSpawnPointManager__v4_slot10	RTTI:00b73a80	BFSpawnPointManager__v4_slot10;ControlPointCapturedEvent__v0_slot00;BAPConWeaponMagAmmo__v0_slot01
009f37c0	ai	BAPConWeaponMagAmmo__v0_slot02	RTTI:00bfb04c	BAPConWeaponMagAmmo__v0_slot02
009f37f0	ai	BAPConWeaponMagAmmo__v0_slot00	RTTI:00bfb04c	BAPConWeaponMagAmmo__v0_slot00
009f3b10	ai	BAPAMoveToDirect__v0_slot00	RTTI:00bfb184	BAPAMoveToDirect__v0_slot00
009f3b50	ai	BAPAMoveToDirect__v0_slot06	RTTI:00bfb184	BAPAMoveToDirect__v0_slot06
009f3b80	ai	BAPAMoveToDirect__v0_slot08	RTTI:00bfb184	BAPAMoveToDirect__v0_slot08
009f3bc0	ai	BAPAMoveToDirect__v0_slot09	RTTI:00bfb184	BAPAMoveToDirect__v0_slot09
009f3bd0	ai	BAPAMoveToDirect__v0_slot07	RTTI:00bfb184	BAPAMoveToDirect__v0_slot07
009f3d10	ai	BAPAMoveToDirect__v0_slot10	RTTI:00bfb184	BAPAMoveToDirect__v0_slot10
009f3d20	ai	BAPAMoveToDirect__v24_slot00	RTTI:00bfb144	BAPAMoveToDirect__v24_slot00
009f3d30	ai	BAPAMoveToDirect__v0_slot01	RTTI:00bfb184	BAPAMoveToDirect__v0_slot01
009f3d70	gameplay	EntrySoldierPose__v0_slot02	RTTI:00bf6d14	EntrySoldierPose__v0_slot02;BAPConObjectMoved__v0_slot01;BAPASoldierPose__v0_slot03
009f3d80	ai	BAPASoldierPose__v0_slot00	RTTI:00bfb27c	BAPASoldierPose__v0_slot00
009f3e40	ai	BAPASoldierPose__v24_slot00	RTTI:00bfb23c	BAPASoldierPose__v24_slot00
009f3f80	ai	BAPASoldierPose__v0_slot01	RTTI:00bfb27c	BAPASoldierPose__v0_slot01
009f4010	ai	BAPConObjectSpeed__v0_slot02	RTTI:00bfb2cc	BAPConObjectSpeed__v0_slot02
009f4040	ai	BAPConObjectSpeed__v0_slot00	RTTI:00bfb2cc	BAPConObjectSpeed__v0_slot00
009f4110	ai	BBPAvoidCollision__v0_slot04	RTTI:00bfb354	BBPAvoidCollision__v0_slot04
009f4910	ai	BAPIWMoveTo__v0_slot01	RTTI:00bfb404	BAPIWMoveTo__v0_slot01
009f4950	ai	BAPALookAhead__v0_slot06	RTTI:00bfb494	BAPALookAhead__v0_slot06
009f4a30	ai	BAPALookAhead__v0_slot01	RTTI:00bfb494	BAPALookAhead__v0_slot01
009f4a70	ai	BAPATriggerContinously__v0_slot00	RTTI:00bfb52c	BAPATriggerContinously__v0_slot00
009f4b20	ai	BAPATriggerContinously__v0_slot01	RTTI:00bfb52c	BAPATriggerContinously__v0_slot01
009f4ed0	ai	BAPStatement__v0_slot05	RTTI:00bf60a0	BAPStatement__v0_slot05;BAPICScout__v0_slot05;BAPAction__v0_slot05;BAPAResetControls__v0_slot05;BAPFlowCWhile__v0_slot05;BAPAMoveTo3d__v0_slot05;BAPCombiner__v0_slot05;BAPCombinerSerial__v0_slot05;BAPInfoWrapper__v0_slot05;BAPIWIdle__v0_slot05;BAPAUpdateVehicle__v0_slot05;BAPCombinerParallel__v0_slot05;BAPAMoveTo__v0_slot05;BAPAMoveToObject__v0_slot05;BAPAMoveToObjectFinding__v0_slot05;BAPAMoveTo3dObject__v0_slot05;BAPAMoveToFinding__v0_slot05;BAPIWChange__v0_slot05;BAPICTurnLock__v0_slot05;BAPICChangeVehicle__v0_slot05;BAPFlowCWait__v0_slot05;BAPIWFire__v0_slot05;BAPALook__v0_slot05;BAPALookAtObject__v0_slot05;BAPAMoveToDirect__v0_slot05;BAPASoldierPose__v0_slot05;BAPIWMoveTo__v0_slot05;BAPALookAhead__v0_slot05;BAPATriggerContinously__v0_slot05;BAPALookInDir__v0_slot05;BAPASense__v0_slot05;BAPIWScout__v0_slot05;BAPATurn__v0_slot05;BAPATurnTowardsDirection__v0_slot05;BAPAChangeWeapon__v0_slot05;BAPAAimAt__v0_slot05;BAPAAimAtPoint__v0_slot05;BAPAAimAtObject__v0_slot05;BAPATurnTowardsObject__v0_slot05;BAPANotifyBot__v0_slot05;BAPFlowCEnd__v0_slot05;BAPWrapperAiming__v0_slot05;BAPWrapperFinished__v0_slot05;BAPWrapperWeapon__v0_slot05;BAPAEvaluate__v0_slot05;BAPAMoveTo3dDirection__v0_slot05;BAPAAimAt3d__v0_slot05;BAPAAimAtObject3d__v0_slot05;BAPIWRoam__v0_slot05;BAPIWTakeCover__v0_slot05;BAPARoll3d__v0_slot05
009f4f40	ai	BAPALookInDir__v0_slot01	RTTI:00bfb63c	BAPALookInDir__v0_slot01
009f4f80	ai	BAPASense__v0_slot00	RTTI:00bfb6c8	BAPASense__v0_slot00
009f5000	ai	BAPASense__v0_slot01	RTTI:00bfb6c8	BAPASense__v0_slot01
009f5110	ai	BAPCConLookDeviation__v0_slot02	RTTI:00bfb714	BAPCConLookDeviation__v0_slot02
009f5140	ai	BAPCConLookDeviation__v0_slot00	RTTI:00bfb714	BAPCConLookDeviation__v0_slot00
009f53a0	ai	AITemplateControlInfo__v0_slot02	RTTI:00bf3608	AITemplateControlInfo__v0_slot02;AITemplateControlInfo3d__v0_slot02;BBPFireInfantery__v0_slot06;BAPConEndOfPath__v0_slot01;AIObjectControlInfo__v0_slot01;BAPIWScout__v0_slot06
009f53b0	ai	BAPIWScout__v0_slot01	RTTI:00bfb7a4	BAPIWScout__v0_slot01
009f53f0	ai	BAPICScout__v0_slot00	RTTI:00bf60d8	BAPICScout__v0_slot00
009f5410	ai	BAPALookInDir__v0_slot06	RTTI:00bfb63c	BAPALookInDir__v0_slot06;BAPATurnTowardsDirection__v0_slot06
009f5490	ai	BAPATurnTowardsDirection__v0_slot01	RTTI:00bfb824	BAPATurnTowardsDirection__v0_slot01
009f5550	ai	BAPConObjectValidYawAiming__v0_slot02	RTTI:00bfb884	BAPConObjectValidYawAiming__v0_slot02
009f5570	ai	BAPConObjectValidYawAiming__v0_slot00	RTTI:00bfb884	BAPConObjectValidYawAiming__v0_slot00
009f57f0	ai	BBPFire__v0_slot04	RTTI:00bfb8d4	BBPFire__v0_slot04
009f5880	ai	BAPConObjectSpeed__v0_slot01	RTTI:00bfb2cc	BAPConObjectSpeed__v0_slot01;BAPAChangeWeapon__v0_slot03
009f59b0	ai	BAPAChangeWeapon__v0_slot01	RTTI:00bfb914	BAPAChangeWeapon__v0_slot01
009f59f0	ai	BAPAChangeWeapon__v0_slot00	RTTI:00bfb914	BAPAChangeWeapon__v0_slot00
009f5c40	ai	BAPAAimAt__v0_slot01	RTTI:00bfb964	BAPAAimAt__v0_slot01
009f5c90	ai	BAPAAimAtPoint__v0_slot13	RTTI:00bfb9a4	BAPAAimAtPoint__v0_slot13;BAPAAimAtObject__v0_slot13
009f5cb0	ai	BAPAAimAtPoint__v0_slot08	RTTI:00bfb9a4	BAPAAimAtPoint__v0_slot08
009f5d90	ai	BAPAAimAtPoint__v0_slot07	RTTI:00bfb9a4	BAPAAimAtPoint__v0_slot07
009f6160	ai	BAPAAimAtPoint__v0_slot01	RTTI:00bfb9a4	BAPAAimAtPoint__v0_slot01
009f61c0	ai	BAPAAimAtPoint__v0_slot11	RTTI:00bfb9a4	BAPAAimAtPoint__v0_slot11;BAPAAimAtObject__v0_slot11
009f61f0	ai	BAPAAimAtPoint__v0_slot12	RTTI:00bfb9a4	BAPAAimAtPoint__v0_slot12;BAPAAimAtObject__v0_slot12
009f6220	ai	BAPAAimAtPoint__v0_slot14	RTTI:00bfb9a4	BAPAAimAtPoint__v0_slot14;BAPAAimAtObject__v0_slot14
009f6290	ai	BAPAAimAtObject__v0_slot08	RTTI:00bfba14	BAPAAimAtObject__v0_slot08
009f6470	ai	BAPAAimAtObject__v0_slot07	RTTI:00bfba14	BAPAAimAtObject__v0_slot07
009f69e0	ai	BAPAAimAtObject__v0_slot01	RTTI:00bfba14	BAPAAimAtObject__v0_slot01
009f6a40	ai	BAPATurnTowardsObject__v0_slot06	RTTI:00bfbb14	BAPATurnTowardsObject__v0_slot06
009f6c70	ai	BAPATurnTowardsObject__v0_slot01	RTTI:00bfbb14	BAPATurnTowardsObject__v0_slot01
009f6cf0	ai	BAPConOr__v0_slot01	RTTI:00bfa714	BAPConOr__v0_slot01;BAPANotifyBot__v0_slot03
009f6d00	ai	BAPANotifyBot__v0_slot01	RTTI:00bfbb6c	BAPANotifyBot__v0_slot01
009f6d40	ai	BAPANotifyBot__v0_slot00	RTTI:00bfbb6c	BAPANotifyBot__v0_slot00
009f6de0	ai	BAPInfoWrapper__v0_slot03	RTTI:00bfd05c	BAPInfoWrapper__v0_slot03;BAPIWIdle__v0_slot03;BAPIWChange__v0_slot03;BAPIWFire__v0_slot03;BAPIWMoveTo__v0_slot03;BAPIWScout__v0_slot03;BAPConObjectDistanceToPoint__v0_slot01;BAPIWRoam__v0_slot03;BAPIWTakeCover__v0_slot03
009f6df0	ai	BAPConObjectDistanceToPoint__v0_slot02	RTTI:00bfbbbc	BAPConObjectDistanceToPoint__v0_slot02
009f6e20	ai	BAPConObjectDistanceToPoint__v0_slot00	RTTI:00bfbbbc	BAPConObjectDistanceToPoint__v0_slot00
009f6fc0	ai	BAPConObjectLineOfFire__v0_slot02	RTTI:00bfbc5c	BAPConObjectLineOfFire__v0_slot02
009f6ff0	ai	BAPConObjectLineOfFire__v0_slot00	RTTI:00bfbc5c	BAPConObjectLineOfFire__v0_slot00
009f70b0	ai	BAPATurn__v0_slot03	RTTI:00bfd278	BAPATurn__v0_slot03;BAPATurnTowardsDirection__v0_slot03;BAPATurnTowardsObject__v0_slot03;BAPConObjectInsideFrustum__v0_slot01
009f70c0	ai	BAPConObjectInsideFrustum__v0_slot00	RTTI:00bfbd38	BAPConObjectInsideFrustum__v0_slot00
009f7240	ai	BAPConObjectInsideFrustum__v0_slot02	RTTI:00bfbd38	BAPConObjectInsideFrustum__v0_slot02
009f72f0	ai	BAPConObjectValidAiming__v0_slot02	RTTI:00bfbd84	BAPConObjectValidAiming__v0_slot02
009f7660	ai	BAPConObjectValidAiming__v0_slot00	RTTI:00bfbd84	BAPConObjectValidAiming__v0_slot00
009f7720	ai	BAPICScout__v0_slot03	RTTI:00bf60d8	BAPICScout__v0_slot03;BAPConObjectValidAiming__v0_slot01;BAPConObjectValidYawAiming__v0_slot01;BAPConObjectValidPitchAiming__v0_slot01
009f7730	ai	BAPConObjectValidPitchAiming__v0_slot02	RTTI:00bfbdcc	BAPConObjectValidPitchAiming__v0_slot02
009f7750	ai	BAPConObjectValidPitchAiming__v0_slot00	RTTI:00bfbdcc	BAPConObjectValidPitchAiming__v0_slot00
009f7840	gameplay	BFSoldierNetworkable__v0_slot10	RTTI:00b80574	BFSoldierNetworkable__v0_slot10;BAPConWeaponHeat__v0_slot01
009f7850	ai	BAPConWeaponHeat__v0_slot02	RTTI:00bfbe1c	BAPConWeaponHeat__v0_slot02
009f7880	ai	BAPConWeaponHeat__v0_slot00	RTTI:00bfbe1c	BAPConWeaponHeat__v0_slot00
009f78c0	ai	BAPConSharedCondition__v0_slot00	RTTI:00bfbe64	BAPConSharedCondition__v0_slot00
009f78f0	ai	BAPConSharedCondition__v0_slot01	RTTI:00bfbe64	BAPConSharedCondition__v0_slot01
009f7990	ai	BAPConSharedCondition__v0_slot02	RTTI:00bfbe64	BAPConSharedCondition__v0_slot02
009f7a30	ai	BAPCConPrecision__v0_slot02	RTTI:00bfbeb0	BAPCConPrecision__v0_slot02
009f7a60	ai	BAPCConPrecision__v0_slot00	RTTI:00bfbeb0	BAPCConPrecision__v0_slot00
009f7d50	ai	BAPFlowCEnd__v0_slot00	RTTI:00bfbf3c	BAPFlowCEnd__v0_slot00
009f7e50	ai	BAPFlowCEnd__v0_slot01	RTTI:00bfbf3c	BAPFlowCEnd__v0_slot01
009f7f00	ai	BAPConObjectEnemyOccupied__v0_slot01	RTTI:00bfaa14	BAPConObjectEnemyOccupied__v0_slot01;BAPWrapperAiming__v0_slot03
009f7f10	ai	BAPWrapperAiming__v0_slot01	RTTI:00bfbfc4	BAPWrapperAiming__v0_slot01
009f7f50	ai	BAPWrapperAiming__v0_slot00	RTTI:00bfbfc4	BAPWrapperAiming__v0_slot00
009f82f0	ai	BAPWrapperFinished__v0_slot00	RTTI:00bfc014	BAPWrapperFinished__v0_slot00
009f8330	ai	BAPConObjectExists__v0_slot01	RTTI:00bfaf3c	BAPConObjectExists__v0_slot01;BAPWrapperFinished__v0_slot03
009f8390	ai	BAPWrapperFinished__v0_slot01	RTTI:00bfc014	BAPWrapperFinished__v0_slot01
009f83e0	ai	BAPConObjectHealth__v0_slot01	RTTI:00bfafc4	BAPConObjectHealth__v0_slot01;BAPWrapperWeapon__v0_slot03
009f8430	ai	BAPWrapperWeapon__v0_slot01	RTTI:00bfc064	BAPWrapperWeapon__v0_slot01
009f84b0	ai	BAPWrapperWeapon__v0_slot00	RTTI:00bfc064	BAPWrapperWeapon__v0_slot00
009f8590	gameplay	EngineNetworkable__v0_slot10	RTTI:00b807b4	EngineNetworkable__v0_slot10;WinchNetworkable__v0_slot10;BAPATriggerContinously__v0_slot03;BAPConLineOfFire__v0_slot01
009f85a0	ai	BAPConLineOfFire__v0_slot02	RTTI:00bfc0b4	BAPConLineOfFire__v0_slot02
009f85d0	ai	BAPConLineOfFire__v0_slot00	RTTI:00bfc0b4	BAPConLineOfFire__v0_slot00
009f8720	ai	BAPASendMessage__v0_slot00	RTTI:00bfc140	BAPASendMessage__v0_slot00
009f87a0	gameplay	ProjectileNetworkable__v0_slot10	RTTI:00b806dc	ProjectileNetworkable__v0_slot10;BAPConNot__v0_slot01;BAPASendMessage__v0_slot03
009f87b0	ai	BAPASendMessage__v0_slot01	RTTI:00bfc140	BAPASendMessage__v0_slot01
009f8800	ai	BAPASendMessage__v0_slot05	RTTI:00bfc140	BAPASendMessage__v0_slot05
009f89d0	ai	BAPAEvaluate__v0_slot00	RTTI:00bfc1bc	BAPAEvaluate__v0_slot00
009f89f0	ai	BAPAEvaluate__v0_slot01	RTTI:00bfc1bc	BAPAEvaluate__v0_slot01
009f8ac0	ai	BAPCConPrecision3d__v0_slot02	RTTI:00bfc1fc	BAPCConPrecision3d__v0_slot02
009f8af0	ai	BAPCConPrecision3d__v0_slot00	RTTI:00bfc1fc	BAPCConPrecision3d__v0_slot00
009f8d30	ai	BAPCConBombPrecision3d__v0_slot02	RTTI:00bfc284	BAPCConBombPrecision3d__v0_slot02
009f8d60	ai	BAPCConBombPrecision3d__v0_slot00	RTTI:00bfc284	BAPCConBombPrecision3d__v0_slot00
009f9090	ai	BAPASense__v0_slot03	RTTI:00bfb6c8	BAPASense__v0_slot03;BAPConObjectInFront__v0_slot01
009f90a0	ai	BAPConObjectInFront__v0_slot02	RTTI:00bfc2cc	BAPConObjectInFront__v0_slot02
009f90d0	ai	BAPConObjectInFront__v0_slot00	RTTI:00bfc2cc	BAPConObjectInFront__v0_slot00
009f9290	gameplay	EntryMoveToObjectMediumSoldier__v0_slot02	RTTI:00bf6a14	EntryMoveToObjectMediumSoldier__v0_slot02;BAPAMoveToObject__v0_slot03;BAPAMoveToObjectFinding__v0_slot03;BAPAMoveTo3dObject__v0_slot03;BAPConInsideBattleZone__v0_slot01
009f92a0	ai	BAPConInsideBattleZone__v0_slot02	RTTI:00bfc35c	BAPConInsideBattleZone__v0_slot02
009f92d0	ai	BAPConInsideBattleZone__v0_slot00	RTTI:00bfc35c	BAPConInsideBattleZone__v0_slot00
009f9390	gameplay	KitNetworkable__v0_slot10	RTTI:00b80694	KitNetworkable__v0_slot10;BAPInfoWrapper__v0_slot06;BAPAMoveTo3dDirection__v0_slot03
009f93a0	ai	BAPAMoveTo3dDirection__v0_slot00	RTTI:00bfc3ec	BAPAMoveTo3dDirection__v0_slot00
009f9610	ai	BAPAMoveTo3dDirection__v0_slot01	RTTI:00bfc3ec	BAPAMoveTo3dDirection__v0_slot01
009f9660	gameplay	ItemNetworkable__v0_slot10	RTTI:00b805bc	ItemNetworkable__v0_slot10;ControlPointNetworkable__v0_slot10;AISettings__v0_slot11;BAPConFalse__v0_slot01;BAPAAimAt__v0_slot03;BAPAAimAtPoint__v0_slot03;BAPAAimAtObject__v0_slot03;BAPAAimAt3d__v0_slot03;BAPAAimAtObject3d__v0_slot03;BAPIWTakeCover__v0_slot06
009f9670	ai	BAPAAimAt3d__v0_slot11	RTTI:00bfc444	BAPAAimAt3d__v0_slot11;BAPAAimAtObject3d__v0_slot11
009f96a0	ai	BAPAAimAt3d__v0_slot13	RTTI:00bfc444	BAPAAimAt3d__v0_slot13;BAPAAimAtObject3d__v0_slot13
009f96d0	ai	BAPAAimAt3d__v0_slot14	RTTI:00bfc444	BAPAAimAt3d__v0_slot14;BAPAAimAtObject3d__v0_slot14
009f96f0	ai	BAPAAimAt3d__v0_slot01	RTTI:00bfc444	BAPAAimAt3d__v0_slot01
009f9740	ai	BAPAAimAtObject3d__v0_slot07	RTTI:00bfc48c	BAPAAimAtObject3d__v0_slot07
009f9830	gameplay	BfControlPointGauge__v0_slot17	RTTI:00b6b6c4	BfControlPointGauge__v0_slot17;StaticPhysicsNode__v0_slot67;PointPhysicsNode__v0_slot67;Bot__v0_slot54;AIObjectPhysical__v0_slot01;AITemplateControlInfo3d__v0_slot03;AITemplatePhysical__v0_slot02;BBPIdle2d__v0_slot05;BBPRoam2d__v0_slot05;BAPDebugger__v0_slot03;BAPCombinerSerial__v0_slot03;BAPIWMoveTo__v0_slot06;BAPAAimAtObject__v0_slot06;BAPCConPrecision__v0_slot01;BAPAAimAtObject3d__v0_slot06
009f9840	ai	BAPAAimAtObject3d__v0_slot08	RTTI:00bfc48c	BAPAAimAtObject3d__v0_slot08
009f9cf0	ai	BAPAAimAtObject3d__v0_slot01	RTTI:00bfc48c	BAPAAimAtObject3d__v0_slot01
009f9d70	ai	BAPConObjectVisible__v0_slot00	RTTI:00bfc50c	BAPConObjectVisible__v0_slot00
009f9dc0	ai	BAPAEvaluate__v0_slot03	RTTI:00bfc1bc	BAPAEvaluate__v0_slot03;BAPConObjectVisible__v0_slot01
009f9dd0	ai	BAPConObjectVisible__v0_slot02	RTTI:00bfc50c	BAPConObjectVisible__v0_slot02
009f9e30	ai	StrategyCondition__v0_slot01	RTTI:00bf2c3c	StrategyCondition__v0_slot01;AITemplateArmament__v0_slot02;BBPFire3d__v0_slot06;AIObjectArmament__v0_slot01;BAPConAnd__v0_slot01;BAPIWRoam__v0_slot06
009f9e40	ai	BAPIWRoam__v0_slot01	RTTI:00bfc59c	BAPIWRoam__v0_slot01
009f9ea0	ai	BBPRoam__v0_slot04	RTTI:00bfc5ec	BBPRoam__v0_slot04
009f9f10	ai	BAPConEndOfPath__v0_slot00	RTTI:00bf663c	BAPConEndOfPath__v0_slot00
009f9fe0	ai	BAPIWTakeCover__v0_slot01	RTTI:00bfc65c	BAPIWTakeCover__v0_slot01
009fa020	ai	BAPARoll3d__v0_slot00	RTTI:00bfc6e8	BAPARoll3d__v0_slot00
009fa060	ai	BAPConObjectLineOfFire__v0_slot01	RTTI:00bfbc5c	BAPConObjectLineOfFire__v0_slot01;BAPARoll3d__v0_slot03
009fa1b0	ai	BAPARoll3d__v0_slot01	RTTI:00bfc6e8	BAPARoll3d__v0_slot01
009fc8c0	gameplay	RotationalBundleNetworkable__v0_slot10	RTTI:00b804e4	RotationalBundleNetworkable__v0_slot10;EntryMoveToMediumSoldier__v0_slot02;EntryMoveToLightSoldier__v0_slot02;BAPAMoveTo3d__v0_slot03;BAPAMoveTo__v0_slot03;BAPAMoveToFinding__v0_slot03;BAPIWChange__v0_slot06;BAPAMoveToDirect__v0_slot03
009fc8d0	ai	BAPAMoveTo__v24_slot00	RTTI:00bfc85c	BAPAMoveTo__v24_slot00
009fc8e0	ai	BAPAMoveTo__v0_slot01	RTTI:00bfc89c	BAPAMoveTo__v0_slot01
009fc9d0	ai	AIScriptManager__v0_slot21	RTTI:00bf424c	AIScriptManager__v0_slot21
00a041c0	ai	AIInformationGrid__v0_slot01	RTTI:00bfcc18	AIInformationGrid__v0_slot01
00a04210	ai	AIInformationGrid__v0_slot02	RTTI:00bfcc18	AIInformationGrid__v0_slot02
00a04880	ai	AIInformationGrid__v0_slot09	RTTI:00bfcc18	AIInformationGrid__v0_slot09
00a048a0	ai	AIInformationGrid__v0_slot00	RTTI:00bfcc18	AIInformationGrid__v0_slot00
00a04a00	ai	AIInformationGrid__v0_slot03	RTTI:00bfcc18	AIInformationGrid__v0_slot03
00a04ab0	ai	AIInformationGrid__v0_slot04	RTTI:00bfcc18	AIInformationGrid__v0_slot04
00a04c10	ai	AIInformationGrid__v0_slot05	RTTI:00bfcc18	AIInformationGrid__v0_slot05
00a04e70	ai	AIInformationGrid__v0_slot06	RTTI:00bfcc18	AIInformationGrid__v0_slot06
00a054b0	ai	AIInformationGrid__v0_slot07	RTTI:00bfcc18	AIInformationGrid__v0_slot07
00a05720	ai	AIInformationGrid__v0_slot08	RTTI:00bfcc18	AIInformationGrid__v0_slot08
00a09e40	ai	ISVUBot__v0_slot00	RTTI:00bfce00	ISVUBot__v0_slot00
00a0a6f0	ai	BAPInfoWrapper__v0_slot01	RTTI:00bfd05c	BAPInfoWrapper__v0_slot01
00a0a730	ai	BAPInfoWrapper__v0_slot00	RTTI:00bfd05c	BAPInfoWrapper__v0_slot00;BAPIWIdle__v0_slot00;BAPIWChange__v0_slot00;BAPIWFire__v0_slot00;BAPIWMoveTo__v0_slot00;BAPIWScout__v0_slot00;BAPIWRoam__v0_slot00;BAPIWTakeCover__v0_slot00
00a0a840	ai	BAPAComponentSoldierPose__v0_slot00	RTTI:00bfd0ec	BAPAComponentSoldierPose__v0_slot00
00a0a860	ai	BAPAComponentSoldierPose__v0_slot14	RTTI:00bfd0ec	BAPAComponentSoldierPose__v0_slot14;BAPAMoveTo__v24_slot14;BAPAMoveToObject__v24_slot14;BAPAMoveToObjectFinding__v24_slot14;BAPAMoveToFinding__v24_slot14;BAPAMoveToDirect__v24_slot14;BAPASoldierPose__v24_slot14
00a0a930	ai	BAPAMoveToObject__v0_slot00	RTTI:00bfa3ec	BAPAMoveToObject__v0_slot00;BAPAMoveToObjectFinding__v0_slot00
00a0a9f0	ai	BAPALook__v0_slot00	RTTI:00bfd1f8	BAPALook__v0_slot00;BAPALookAtObject__v0_slot00;BAPALookAhead__v0_slot00;BAPALookInDir__v0_slot00
00a0aa80	ai	BAPATurn__v0_slot00	RTTI:00bfd278	BAPATurn__v0_slot00;BAPATurnTowardsDirection__v0_slot00;BAPATurnTowardsObject__v0_slot00
00a0ab10	ai	BAPStatement__v0_slot01	RTTI:00bf60a0	BAPStatement__v0_slot01;BAPAction__v0_slot01;BAPALook__v0_slot01;BAPATurn__v0_slot01
00a0ab50	ai	BAPAAimAt__v0_slot00	RTTI:00bfb964	BAPAAimAt__v0_slot00;BAPAAimAtPoint__v0_slot00;BAPAAimAtObject__v0_slot00
00a0ae80	ai	BAPAAimAt3d__v0_slot00	RTTI:00bfc444	BAPAAimAt3d__v0_slot00;BAPAAimAtObject3d__v0_slot00
00a0aec0	ai	BAPAAimAt3d__v0_slot15	RTTI:00bfc444	BAPAAimAt3d__v0_slot15;BAPAAimAtObject3d__v0_slot15
00a0af30	ai	BAPAAimAt3d__v0_slot16	RTTI:00bfc444	BAPAAimAt3d__v0_slot16;BAPAAimAtObject3d__v0_slot16
00a0afa0	ai	BAPAAimAt3d__v0_slot12	RTTI:00bfc444	BAPAAimAt3d__v0_slot12;BAPAAimAtObject3d__v0_slot12
00a50970	ai	AIScriptManager__v0_slot20	RTTI:00bf424c	AIScriptManager__v0_slot20
00a50af0	ai	AIScriptManager__v0_slot23	RTTI:00bf424c	AIScriptManager__v0_slot23
00a5c730	gameplay	BFSoldierTemplate__v0_slot08	RTTI:00b904ec	BFSoldierTemplate__v0_slot08;BFSpawnPointTemplate__v0_slot08;PlayerControlObjectTemplate__v0_slot08;ControlPointTemplate__v0_slot08;HandFireArmsTemplate__v0_slot08;ProjectileTemplate__v0_slot08;ClusterProjectileTemplate__v0_slot08;SpawnPointTemplate__v0_slot08;AIScriptManager__v0_slot29;AIObjectReal__v0_slot05;AIObjectPrimaryReal__v0_slot05;AIObjectSecondaryReal__v0_slot05;AIObjectSecondaryShared__v0_slot37
00a5cb30	gameplay	HandFireArmsTemplate__v1468_slot05	RTTI:00b9db44	HandFireArmsTemplate__v1468_slot05;HandFireArms__v872_slot07;AIObject__v0_slot09;AISettings__v0_slot01;Bot__v0_slot80;BotMain__v0_slot80;AIObjectReal__v0_slot09;AIObjectPrimaryReal__v0_slot09;AIObjectShared__v0_slot09;AIObjectPrimaryShared__v0_slot09;AIObjectSecondaryReal__v0_slot09;AIObjectSecondaryShared__v0_slot09;ISVUBot__v0_slot11;SVUBotVehicle__v0_slot11;SVUBotPos__v0_slot11;SVUBotHealth__v0_slot11;SVUBotExists__v0_slot11;BAPAComponentSoldierPose__v0_slot08;BAPAMoveTo__v24_slot08;BAPAMoveToObject__v24_slot08;BAPAMoveToObjectFinding__v24_slot08;BAPAMoveToFinding__v24_slot08;BAPAMoveToDirect__v24_slot08;BAPASoldierPose__v24_slot08
00a5e2c0	ai	AIObjectShared__v0_slot05	RTTI:00bf9c64	AIObjectShared__v0_slot05;AIObjectPrimaryShared__v0_slot05;AIObjectSecondaryShared__v0_slot05
00a5e300	ai	BAPAComponentSoldierPose__v0_slot13	RTTI:00bfd0ec	BAPAComponentSoldierPose__v0_slot13;BAPAMoveTo__v24_slot13;BAPAMoveToObject__v24_slot13;BAPAMoveToObjectFinding__v24_slot13;BAPAMoveToFinding__v24_slot13;BAPAMoveToDirect__v24_slot13;BAPASoldierPose__v24_slot13
00a7cb60	gameplay	PointPhysicsNode__v0_slot41	RTTI:00ba3fd4	PointPhysicsNode__v0_slot41;AIObjectShared__v0_slot04;AIObjectPrimaryShared__v0_slot04;AIObjectSecondaryShared__v0_slot04
00a7d0a0	ai	AISettings__v4_slot16	RTTI:00bf1c24	AISettings__v4_slot16
00a7d110	gameplay	Soldier__v0_slot01	RTTI:00b709d8	Soldier__v0_slot01;SoldierAmmo__v0_slot01;AISettings__v4_slot02;BAPAComponentSoldierPose__v0_slot01;BAPAMoveTo__v24_slot01;BAPAMoveToObject__v24_slot01;BAPAMoveToObjectFinding__v24_slot01;BAPAMoveToFinding__v24_slot01;BAPAMoveToDirect__v24_slot01;BAPASoldierPose__v24_slot01
00a7d120	gameplay	HandFireArmsTemplate__v1468_slot04	RTTI:00b9db44	HandFireArmsTemplate__v1468_slot04;HandFireArms__v872_slot06;BasicPhysicsSystem__v0_slot05;BAPAComponentSoldierPose__v0_slot02;BAPAMoveTo__v24_slot02;BAPAMoveToObject__v24_slot02;BAPAMoveToObjectFinding__v24_slot02;BAPAMoveToFinding__v24_slot02;BAPAMoveToDirect__v24_slot02;BAPASoldierPose__v24_slot02
00a7d330	gameplay	PointPhysicsNode__v0_slot53	RTTI:00ba3fd4	PointPhysicsNode__v0_slot53;AIPathfinding__v4_slot34
00a80dd0	ai	AIObjectReal__v0_slot02	RTTI:00bf9a74	AIObjectReal__v0_slot02;AIObjectShared__v0_slot02
00a82480	gameplay	BFSoldier__v356_slot05	RTTI:00b9022c	BFSoldier__v356_slot05;BFSoldier__v356_slot12;BFSoldier__v356_slot41;BFSoldier__v356_slot42;BFSoldier__v356_slot43;BFSoldier__v356_slot44;BFSoldier__v356_slot47;BFSoldier__v0_slot70;BFSoldier__v0_slot72;IPlayerControlObject__v0_slot05;NetworkableBase__v0_slot10;BfControlPointGauge__v0_slot07;BfControlPointGauge__v0_slot26;FreeCameraNetworkable__v0_slot10;SpringNetworkable__v0_slot05;SpringNetworkable__v0_slot10;PlayerControlObjectNetworkable__v0_slot10;WinchNetworkable__v0_slot05;StaticResponsePhysics__v0_slot12;StaticPhysicsNode__v0_slot64;PointResponsePhysics__v0_slot17;PointResponsePhysics__v0_slot18;PointPhysicsNode__v0_slot07;PointPhysicsNode__v0_slot64;AIObjectFilter__v0_slot01;AIObject__v0_slot31;AIStrategicArea__v0_slot01;AITemplatePlugIn__v0_slot03;AITemplateMobile__v0_slot03;AITemplateControlInfo__v0_slot03;BotMain__v0_slot54;AIObjectReal__v0_slot31;AIObjectPrimaryReal__v0_slot36;AIObjectShared__v0_slot31;AIObjectPrimaryShared__v0_slot36;AIObjectSecondaryReal__v0_slot31;AIObjectSecondaryShared__v0_slot31;AITemplateUnit__v0_slot03;AITemplateArmament__v0_slot03;AITemplatePhysical__v0_slot03;AITemplateCover__v0_slot02;AITemplateCover__v0_slot03;BBPIdle__v0_slot05;BBPFire__v0_slot06;BBPRoam__v0_slot05;BotScriptDebugger__v0_slot03;AIObjectCover__v0_slot01;BAPCombinerParallel__v0_slot03;BAPIWFire__v0_slot06;BAPCConLookDeviation__v0_slot01;BAPAAimAtPoint__v0_slot06
00a8ab30	ai	AIObject__v0_slot15	RTTI:00bf9b6c	AIObject__v0_slot15;BotMain__v0_slot01;AIObjectReal__v0_slot15;AIObjectPrimaryReal__v0_slot15;AIObjectShared__v0_slot15;AIObjectPrimaryShared__v0_slot15;AIObjectSecondaryReal__v0_slot15;AIObjectSecondaryShared__v0_slot15;BAPAComponentSoldierPose__v0_slot04;BAPAMoveTo__v24_slot04;BAPAMoveToObject__v24_slot04;BAPAMoveToObjectFinding__v24_slot04;BAPAMoveToFinding__v24_slot04;BAPAMoveToDirect__v24_slot04;BAPASoldierPose__v24_slot04
00ac3950	ai	BAPAUpdateVehicle__v0_slot03	RTTI:00bfa29c	BAPAUpdateVehicle__v0_slot03;BAPConObjectOccupied__v0_slot01
00ac3ee0	ai	BAPAComponentSoldierPose__v0_slot07	RTTI:00bfd0ec	BAPAComponentSoldierPose__v0_slot07;BAPAMoveTo__v24_slot07;BAPAMoveToObject__v24_slot07;BAPAMoveToObjectFinding__v24_slot07;BAPAMoveToFinding__v24_slot07;BAPAMoveToDirect__v24_slot07;BAPASoldierPose__v24_slot07
00ac3f60	gameplay	GameEventManager__v0_slot10	RTTI:00b76208	GameEventManager__v0_slot10;PlayerControlObject__v352_slot07;AIObject__v0_slot14;AISettings__v0_slot02;BotMain__v0_slot02;AIObjectReal__v0_slot14;AIObjectPrimaryReal__v0_slot14;AIObjectShared__v0_slot14;AIObjectPrimaryShared__v0_slot14;AIObjectSecondaryReal__v0_slot14;AIObjectSecondaryShared__v0_slot14;BAPAComponentSoldierPose__v0_slot10;BAPAMoveTo__v24_slot10;BAPAMoveToObject__v24_slot10;BAPAMoveToObjectFinding__v24_slot10;BAPAMoveToFinding__v24_slot10;BAPAMoveToDirect__v24_slot10;BAPASoldierPose__v24_slot10
00ac4490	ai	BAPALook__v0_slot03	RTTI:00bfd1f8	BAPALook__v0_slot03;BAPALookAtObject__v0_slot03;BAPALookAhead__v0_slot03;BAPALookInDir__v0_slot03
00442310	gameplay	Gameplay_ModeParser_candidate	previous-local-notes; unverified name	Gameplay_ModeParser_candidate
004a0cf0	gameplay	BFSoldier__v356_slot06	RTTI:00b9022c	BFSoldier__v356_slot06
004ece20	gameplay	Gameplay_EnterAction_candidate	previous-local-notes; unverified name	Gameplay_EnterAction_candidate
004f9040	gameplay	PlayerControlObjectTemplate__v472_slot26	RTTI:00b93a14	PlayerControlObjectTemplate__v472_slot26
004f9050	gameplay	BFSpawnPoint__v0_slot42	RTTI:00b706ac	BFSpawnPoint__v0_slot42;SpawnPoint__v0_slot42
00504a40	gameplay	NetworkableInfo__v0_slot12	RTTI:00ba532c	NetworkableInfo__v0_slot12
00509ed0	gameplay	ResponsePhysics__v0_slot04	RTTI:00ba3a1c	ResponsePhysics__v0_slot04;StaticResponsePhysics__v0_slot04;PointResponsePhysics__v0_slot04
0051a450	gameplay	GameEvent__v0_slot01	RTTI:00b6111c	GameEvent__v0_slot01
005206d0	gameplay	PlayerControlObjectTemplate__v472_slot55	RTTI:00b93a14	PlayerControlObjectTemplate__v472_slot55
00520a80	gameplay	ResponsePhysics__v0_slot15	RTTI:00ba3a1c	ResponsePhysics__v0_slot15
0054fe80	gameplay	GameEventManager__v0_slot03	RTTI:00b76208	GameEventManager__v0_slot03
005501f0	gameplay	StaticResponsePhysics__v0_slot18	RTTI:00ba3cdc	StaticResponsePhysics__v0_slot18
0055f1c0	gameplay	BfControlPointGauge__v0_slot13	RTTI:00b6b6c4	BfControlPointGauge__v0_slot13
0055f400	gameplay	BfControlPointGauge__v0_slot28	RTTI:00b6b6c4	BfControlPointGauge__v0_slot28
0055ffc0	gameplay	BfControlPointGauge__v0_slot01	RTTI:00b6b6c4	BfControlPointGauge__v0_slot01
00560870	gameplay	PlayerControlObject__v352_slot17	RTTI:00b93c44	PlayerControlObject__v352_slot17
00583d50	gameplay	BFSpawnPoint__v0_slot06	RTTI:00b706ac	BFSpawnPoint__v0_slot06
00583da0	gameplay	BFSpawnPoint__v0_slot04	RTTI:00b706ac	BFSpawnPoint__v0_slot04
00583e30	gameplay	BFSpawnPoint__v352_slot05	RTTI:00b70660	BFSpawnPoint__v352_slot05
00583e60	gameplay	BFSpawnPoint__v352_slot06	RTTI:00b70660	BFSpawnPoint__v352_slot06
00583fe0	gameplay	BFSpawnPoint__v132_slot04	RTTI:00b70690	BFSpawnPoint__v132_slot04
00584000	gameplay	BFSpawnPoint__v0_slot10	RTTI:00b706ac	BFSpawnPoint__v0_slot10
005840e0	gameplay	BFSpawnPoint__v0_slot13	RTTI:00b706ac	BFSpawnPoint__v0_slot13
005840f0	gameplay	BFSpawnPoint__v0_slot14	RTTI:00b706ac	BFSpawnPoint__v0_slot14
005842b0	gameplay	BFSoldier__v0_slot31	RTTI:00b9033c	BFSoldier__v0_slot31;ControlPoint__v0_slot31;BFSpawnPoint__v0_slot31;PlayerControlObject__v0_slot31;Projectile__v0_slot31;HandFireArms__v0_slot31;ClusterProjectile__v0_slot31;SpawnPoint__v0_slot31
005842c0	gameplay	BFSoldier__v0_slot38	RTTI:00b9033c	BFSoldier__v0_slot38;ControlPoint__v0_slot38;BFSpawnPoint__v0_slot38;PlayerControlObject__v0_slot38;Projectile__v0_slot38;HandFireArms__v0_slot38;ClusterProjectile__v0_slot38;SpawnPoint__v0_slot38
005842d0	gameplay	BFSoldier__v0_slot46	RTTI:00b9033c	BFSoldier__v0_slot46;ControlPoint__v0_slot46;BFSpawnPoint__v0_slot46;PlayerControlObject__v0_slot46;Projectile__v0_slot46;HandFireArms__v0_slot46;ClusterProjectile__v0_slot46;SpawnPoint__v0_slot46
005842e0	gameplay	BFSoldier__v0_slot51	RTTI:00b9033c	BFSoldier__v0_slot51;ControlPoint__v0_slot51;BFSpawnPoint__v0_slot51;PlayerControlObject__v0_slot51;Projectile__v0_slot51;HandFireArms__v0_slot51;ClusterProjectile__v0_slot51;SpawnPoint__v0_slot51
005842f0	gameplay	BFSpawnPoint__v0_slot03	RTTI:00b706ac	BFSpawnPoint__v0_slot03;SpawnPoint__v0_slot03
00584340	gameplay	BFSpawnPoint__v352_slot07	RTTI:00b70660	BFSpawnPoint__v352_slot07;SpawnPoint__v352_slot07
00584350	gameplay	BFSpawnPoint__v352_slot08	RTTI:00b70660	BFSpawnPoint__v352_slot08;SpawnPoint__v352_slot08
00584360	gameplay	BFSpawnPoint__v352_slot09	RTTI:00b70660	BFSpawnPoint__v352_slot09;SpawnPoint__v352_slot09
00584370	gameplay	BFSpawnPoint__v352_slot10	RTTI:00b70660	BFSpawnPoint__v352_slot10;SpawnPoint__v352_slot10
00584380	gameplay	BFSpawnPoint__v132_slot03	RTTI:00b70690	BFSpawnPoint__v132_slot03;SpawnPoint__v132_slot03
00584390	gameplay	BFSpawnPoint__v352_slot03	RTTI:00b70660	BFSpawnPoint__v352_slot03;SpawnPoint__v352_slot03
00584df0	gameplay	Soldier__v0_slot04	RTTI:00b709d8	Soldier__v0_slot04
00584e00	gameplay	Soldier__v0_slot05	RTTI:00b709d8	Soldier__v0_slot05
00584f40	gameplay	Soldier__v0_slot06	RTTI:00b709d8	Soldier__v0_slot06
00585240	gameplay	Soldier__v0_slot00	RTTI:00b709d8	Soldier__v0_slot00
00585260	gameplay	Soldier__v0_slot02	RTTI:00b709d8	Soldier__v0_slot02
00592820	gameplay	BFSoldier__v0_slot45	RTTI:00b9033c	BFSoldier__v0_slot45;ControlPoint__v0_slot45;BFSpawnPoint__v0_slot45;PlayerControlObject__v0_slot45;Projectile__v0_slot45;HandFireArms__v0_slot45;ClusterProjectile__v0_slot45;SpawnPoint__v0_slot45
0059acd0	gameplay	BFSpawnPointManager__v4_slot01	RTTI:00b73a80	BFSpawnPointManager__v4_slot01
0059ace0	gameplay	BFSpawnPointManager__v4_slot02	RTTI:00b73a80	BFSpawnPointManager__v4_slot02
0059c240	gameplay	BFSpawnPointManager__v0_slot06	RTTI:00b73ab0	BFSpawnPointManager__v0_slot06
0059ccd0	gameplay	BFSpawnPointManager__v0_slot05	RTTI:00b73ab0	BFSpawnPointManager__v0_slot05
0059cd90	gameplay	BFSpawnPointManager__v4_slot07	RTTI:00b73a80	BFSpawnPointManager__v4_slot07
0059dae0	gameplay	BFSpawnPointManager__v0_slot04	RTTI:00b73ab0	BFSpawnPointManager__v0_slot04
0059dbb0	gameplay	BFSpawnPointManager__v4_slot04	RTTI:00b73a80	BFSpawnPointManager__v4_slot04
0059e220	gameplay	BFSpawnPointManager__v4_slot06	RTTI:00b73a80	BFSpawnPointManager__v4_slot06
0059e240	gameplay	BFSpawnPointManager__v4_slot08	RTTI:00b73a80	BFSpawnPointManager__v4_slot08
0059eb60	gameplay	BFSpawnPointManager__v0_slot03	RTTI:00b73ab0	BFSpawnPointManager__v0_slot03
0059eb90	gameplay	BFSpawnPointManager__v4_slot00	RTTI:00b73a80	BFSpawnPointManager__v4_slot00
0059eba0	gameplay	BFSpawnPointManager__v4_slot03	RTTI:00b73a80	BFSpawnPointManager__v4_slot03
0059ee20	gameplay	BFSpawnPointManager__v0_slot00	RTTI:00b73ab0	BFSpawnPointManager__v0_slot00
0059eee0	gameplay	BFSoldierTemplate__v0_slot16	RTTI:00b904ec	BFSoldierTemplate__v0_slot16;BFSpawnPointTemplate__v0_slot16;PlayerControlObjectTemplate__v0_slot16;ControlPointTemplate__v0_slot16;HandFireArmsTemplate__v0_slot16;ProjectileTemplate__v0_slot16;ClusterProjectileTemplate__v0_slot16;SpawnPointTemplate__v0_slot16
0059eef0	gameplay	BFSoldierTemplate__v0_slot17	RTTI:00b904ec	BFSoldierTemplate__v0_slot17;BFSpawnPointTemplate__v0_slot17;PlayerControlObjectTemplate__v0_slot17;ControlPointTemplate__v0_slot17;HandFireArmsTemplate__v0_slot17;ProjectileTemplate__v0_slot17;ClusterProjectileTemplate__v0_slot17;SpawnPointTemplate__v0_slot17
0059ef00	gameplay	BFSoldierTemplate__v0_slot21	RTTI:00b904ec	BFSoldierTemplate__v0_slot21;BFSpawnPointTemplate__v0_slot21;PlayerControlObjectTemplate__v0_slot21;ControlPointTemplate__v0_slot21;HandFireArmsTemplate__v0_slot21;ProjectileTemplate__v0_slot21;ClusterProjectileTemplate__v0_slot21;SpawnPointTemplate__v0_slot21
0059ef10	gameplay	BFSoldierTemplate__v0_slot18	RTTI:00b904ec	BFSoldierTemplate__v0_slot18;BFSpawnPointTemplate__v0_slot18;PlayerControlObjectTemplate__v0_slot18;ControlPointTemplate__v0_slot18;HandFireArmsTemplate__v0_slot18;ProjectileTemplate__v0_slot18;ClusterProjectileTemplate__v0_slot18;SpawnPointTemplate__v0_slot18
0059ef20	gameplay	BFSpawnPointTemplate__v0_slot04	RTTI:00b73b3c	BFSpawnPointTemplate__v0_slot04
0059ef30	gameplay	BFSpawnPointTemplate__v0_slot11	RTTI:00b73b3c	BFSpawnPointTemplate__v0_slot11
0059ef60	gameplay	BFSpawnPointTemplate__v0_slot00	RTTI:00b73b3c	BFSpawnPointTemplate__v0_slot00;SpawnPointTemplate__v0_slot00
0059ef80	gameplay	BFSoldierTemplate__v0_slot19	RTTI:00b904ec	BFSoldierTemplate__v0_slot19;BFSpawnPointTemplate__v0_slot19;PlayerControlObjectTemplate__v0_slot19;ControlPointTemplate__v0_slot19;HandFireArmsTemplate__v0_slot19;ProjectileTemplate__v0_slot19;ClusterProjectileTemplate__v0_slot19;SpawnPointTemplate__v0_slot19;NetworkableInfo__v0_slot04
0059efa0	gameplay	BFSoldierTemplate__v0_slot22	RTTI:00b904ec	BFSoldierTemplate__v0_slot22;BFSpawnPointTemplate__v0_slot22;PlayerControlObjectTemplate__v0_slot22;ControlPointTemplate__v0_slot22;HandFireArmsTemplate__v0_slot22;SpawnPointTemplate__v0_slot22
0059efc0	gameplay	BFSpawnPointTemplate__v0_slot12	RTTI:00b73b3c	BFSpawnPointTemplate__v0_slot12
0059eff0	gameplay	BFSpawnPointTemplate__v4_slot04	RTTI:00b73b20	BFSpawnPointTemplate__v4_slot04
005a0a60	gameplay	SoldierAmmo__v0_slot00	RTTI:00b74114	SoldierAmmo__v0_slot00
005a0a80	gameplay	SoldierAmmo__v0_slot02	RTTI:00b74114	SoldierAmmo__v0_slot02
005ac4c0	gameplay	SpecialGameEvent__v0_slot00	RTTI:00b75b94	SpecialGameEvent__v0_slot00
005ad020	gameplay	__GameEventMakerMaker__v0_slot01	RTTI:00b75be8	__GameEventMakerMaker__v0_slot01
005ad070	gameplay	__GameEventMakerMaker__v0_slot00	RTTI:00b75be8	__GameEventMakerMaker__v0_slot00
005ad0c0	gameplay	__GameEventMakerMaker__v0_slot01	RTTI:00b75bf4	__GameEventMakerMaker__v0_slot01
005ad0f0	gameplay	__GameEventMakerMaker__v0_slot00	RTTI:00b75bf4	__GameEventMakerMaker__v0_slot00
005ad140	gameplay	__GameEventMakerMaker__v0_slot01	RTTI:00b75c00	__GameEventMakerMaker__v0_slot01
005ad170	gameplay	__GameEventMakerMaker__v0_slot00	RTTI:00b75c00	__GameEventMakerMaker__v0_slot00
005ad1c0	gameplay	__GameEventMakerMaker__v0_slot01	RTTI:00b75c0c	__GameEventMakerMaker__v0_slot01
005ad1f0	gameplay	__GameEventMakerMaker__v0_slot00	RTTI:00b75c0c	__GameEventMakerMaker__v0_slot00
005ad240	gameplay	__GameEventMakerMaker__v0_slot01	RTTI:00b75c18	__GameEventMakerMaker__v0_slot01
005ad280	gameplay	__GameEventMakerMaker__v0_slot00	RTTI:00b75c18	__GameEventMakerMaker__v0_slot00
005ad2c0	gameplay	__GameEventMakerMaker__v0_slot01	RTTI:00b75c24	__GameEventMakerMaker__v0_slot01
005ad2f0	gameplay	__GameEventMakerMaker__v0_slot00	RTTI:00b75c24	__GameEventMakerMaker__v0_slot00
005ad350	gameplay	__GameEventMakerMaker__v0_slot01	RTTI:00b75c30	__GameEventMakerMaker__v0_slot01
005ad3b0	gameplay	__GameEventMakerMaker__v0_slot00	RTTI:00b75c30	__GameEventMakerMaker__v0_slot00
005ad420	gameplay	__GameEventMakerMaker__v0_slot01	RTTI:00b75c3c	__GameEventMakerMaker__v0_slot01
005ad450	gameplay	__GameEventMakerMaker__v0_slot00	RTTI:00b75c3c	__GameEventMakerMaker__v0_slot00
005ad4b0	gameplay	__GameEventMakerMaker__v0_slot01	RTTI:00b75c48	__GameEventMakerMaker__v0_slot01
005ad4e0	gameplay	__GameEventMakerMaker__v0_slot00	RTTI:00b75c48	__GameEventMakerMaker__v0_slot00
005ad530	gameplay	__GameEventMakerMaker__v0_slot01	RTTI:00b75c54	__GameEventMakerMaker__v0_slot01
005ad560	gameplay	__GameEventMakerMaker__v0_slot00	RTTI:00b75c54	__GameEventMakerMaker__v0_slot00
005ad5c0	gameplay	__GameEventMakerMaker__v0_slot01	RTTI:00b75c60	__GameEventMakerMaker__v0_slot01
005ad600	gameplay	__GameEventMakerMaker__v0_slot00	RTTI:00b75c60	__GameEventMakerMaker__v0_slot00
005ad650	gameplay	__GameEventMakerMaker__v0_slot01	RTTI:00b75c6c	__GameEventMakerMaker__v0_slot01
005ad680	gameplay	__GameEventMakerMaker__v0_slot00	RTTI:00b75c6c	__GameEventMakerMaker__v0_slot00
005ad6d0	gameplay	__GameEventMakerMaker__v0_slot01	RTTI:00b75c78	__GameEventMakerMaker__v0_slot01
005ad700	gameplay	__GameEventMakerMaker__v0_slot00	RTTI:00b75c78	__GameEventMakerMaker__v0_slot00
005ad750	gameplay	__GameEventMakerMaker__v0_slot01	RTTI:00b75c84	__GameEventMakerMaker__v0_slot01
005ad780	gameplay	__GameEventMakerMaker__v0_slot00	RTTI:00b75c84	__GameEventMakerMaker__v0_slot00
005ad7d0	gameplay	__GameEventMakerMaker__v0_slot01	RTTI:00b75c90	__GameEventMakerMaker__v0_slot01
005ad800	gameplay	__GameEventMakerMaker__v0_slot00	RTTI:00b75c90	__GameEventMakerMaker__v0_slot00
005ad850	gameplay	__GameEventMakerMaker__v0_slot01	RTTI:00b75c9c	__GameEventMakerMaker__v0_slot01
005ad880	gameplay	__GameEventMakerMaker__v0_slot00	RTTI:00b75c9c	__GameEventMakerMaker__v0_slot00
005ad8d0	gameplay	__GameEventMakerMaker__v0_slot01	RTTI:00b75ca8	__GameEventMakerMaker__v0_slot01
005ad900	gameplay	__GameEventMakerMaker__v0_slot00	RTTI:00b75ca8	__GameEventMakerMaker__v0_slot00
005ad960	gameplay	__GameEventMakerMaker__v0_slot01	RTTI:00b75cb4	__GameEventMakerMaker__v0_slot01
005ad990	gameplay	__GameEventMakerMaker__v0_slot00	RTTI:00b75cb4	__GameEventMakerMaker__v0_slot00
005ad9f0	gameplay	__GameEventMakerMaker__v0_slot01	RTTI:00b75cc0	__GameEventMakerMaker__v0_slot01
005ada20	gameplay	__GameEventMakerMaker__v0_slot00	RTTI:00b75cc0	__GameEventMakerMaker__v0_slot00
005ada70	gameplay	__GameEventMakerMaker__v0_slot01	RTTI:00b75ccc	__GameEventMakerMaker__v0_slot01
005adaa0	gameplay	__GameEventMakerMaker__v0_slot00	RTTI:00b75ccc	__GameEventMakerMaker__v0_slot00
005adae0	gameplay	__GameEventMakerMaker__v0_slot01	RTTI:00b75cd8	__GameEventMakerMaker__v0_slot01
005adb20	gameplay	__GameEventMakerMaker__v0_slot00	RTTI:00b75cd8	__GameEventMakerMaker__v0_slot00
005adb70	gameplay	__GameEventMakerMaker__v0_slot01	RTTI:00b75ce4	__GameEventMakerMaker__v0_slot01
005adbb0	gameplay	__GameEventMakerMaker__v0_slot00	RTTI:00b75ce4	__GameEventMakerMaker__v0_slot00
005adbf0	gameplay	__GameEventMakerMaker__v0_slot01	RTTI:00b75cf0	__GameEventMakerMaker__v0_slot01
005adc20	gameplay	__GameEventMakerMaker__v0_slot00	RTTI:00b75cf0	__GameEventMakerMaker__v0_slot00
005adc60	gameplay	__GameEventMakerMaker__v0_slot01	RTTI:00b75cfc	__GameEventMakerMaker__v0_slot01
005adc90	gameplay	__GameEventMakerMaker__v0_slot00	RTTI:00b75cfc	__GameEventMakerMaker__v0_slot00
005adcd0	gameplay	__GameEventMakerMaker__v0_slot01	RTTI:00b75d08	__GameEventMakerMaker__v0_slot01
005add00	gameplay	__GameEventMakerMaker__v0_slot00	RTTI:00b75d08	__GameEventMakerMaker__v0_slot00
005add50	gameplay	__GameEventMakerMaker__v0_slot01	RTTI:00b75d14	__GameEventMakerMaker__v0_slot01
005add80	gameplay	__GameEventMakerMaker__v0_slot00	RTTI:00b75d14	__GameEventMakerMaker__v0_slot00
005addd0	gameplay	__GameEventMakerMaker__v0_slot01	RTTI:00b75d20	__GameEventMakerMaker__v0_slot01
005ade00	gameplay	__GameEventMakerMaker__v0_slot00	RTTI:00b75d20	__GameEventMakerMaker__v0_slot00
005ade50	gameplay	__GameEventMakerMaker__v0_slot01	RTTI:00b75d2c	__GameEventMakerMaker__v0_slot01
005ade80	gameplay	__GameEventMakerMaker__v0_slot00	RTTI:00b75d2c	__GameEventMakerMaker__v0_slot00
005aded0	gameplay	__GameEventMakerMaker__v0_slot01	RTTI:00b75d38	__GameEventMakerMaker__v0_slot01
005adf00	gameplay	__GameEventMakerMaker__v0_slot00	RTTI:00b75d38	__GameEventMakerMaker__v0_slot00
005adf50	gameplay	__GameEventMakerMaker__v0_slot01	RTTI:00b75d44	__GameEventMakerMaker__v0_slot01
005adf80	gameplay	__GameEventMakerMaker__v0_slot00	RTTI:00b75d44	__GameEventMakerMaker__v0_slot00
005adfd0	gameplay	__GameEventMakerMaker__v0_slot01	RTTI:00b75d50	__GameEventMakerMaker__v0_slot01
005ae000	gameplay	__GameEventMakerMaker__v0_slot00	RTTI:00b75d50	__GameEventMakerMaker__v0_slot00
005ae050	gameplay	__GameEventMakerMaker__v0_slot01	RTTI:00b75d5c	__GameEventMakerMaker__v0_slot01
005ae090	gameplay	__GameEventMakerMaker__v0_slot00	RTTI:00b75d5c	__GameEventMakerMaker__v0_slot00
005ae0e0	gameplay	__GameEventMakerMaker__v0_slot01	RTTI:00b75d68	__GameEventMakerMaker__v0_slot01
005ae110	gameplay	__GameEventMakerMaker__v0_slot00	RTTI:00b75d68	__GameEventMakerMaker__v0_slot00
005ae160	gameplay	__GameEventMakerMaker__v0_slot01	RTTI:00b75d74	__GameEventMakerMaker__v0_slot01
005ae1a0	gameplay	__GameEventMakerMaker__v0_slot00	RTTI:00b75d74	__GameEventMakerMaker__v0_slot00
005ae1f0	gameplay	__GameEventMakerMaker__v0_slot01	RTTI:00b75d80	__GameEventMakerMaker__v0_slot01
005ae220	gameplay	__GameEventMakerMaker__v0_slot00	RTTI:00b75d80	__GameEventMakerMaker__v0_slot00
005ae270	gameplay	__GameEventMakerMaker__v0_slot01	RTTI:00b75d8c	__GameEventMakerMaker__v0_slot01
005ae2a0	gameplay	__GameEventMakerMaker__v0_slot00	RTTI:00b75d8c	__GameEventMakerMaker__v0_slot00
005ae300	gameplay	__GameEventMakerMaker__v0_slot01	RTTI:00b75d98	__GameEventMakerMaker__v0_slot01
005ae330	gameplay	__GameEventMakerMaker__v0_slot00	RTTI:00b75d98	__GameEventMakerMaker__v0_slot00
005ae390	gameplay	__GameEventMakerMaker__v0_slot01	RTTI:00b75da4	__GameEventMakerMaker__v0_slot01
005ae3c0	gameplay	__GameEventMakerMaker__v0_slot00	RTTI:00b75da4	__GameEventMakerMaker__v0_slot00
005ae410	gameplay	__GameEventMakerMaker__v0_slot01	RTTI:00b75db0	__GameEventMakerMaker__v0_slot01
005ae440	gameplay	__GameEventMakerMaker__v0_slot00	RTTI:00b75db0	__GameEventMakerMaker__v0_slot00
005ae490	gameplay	__GameEventMakerMaker__v0_slot01	RTTI:00b75dbc	__GameEventMakerMaker__v0_slot01
005ae4c0	gameplay	__GameEventMakerMaker__v0_slot00	RTTI:00b75dbc	__GameEventMakerMaker__v0_slot00
005ae500	gameplay	__GameEventMakerMaker__v0_slot01	RTTI:00b75dc8	__GameEventMakerMaker__v0_slot01
005ae530	gameplay	__GameEventMakerMaker__v0_slot00	RTTI:00b75dc8	__GameEventMakerMaker__v0_slot00
005ae580	gameplay	__GameEventMakerMaker__v0_slot01	RTTI:00b75dd4	__GameEventMakerMaker__v0_slot01
005ae5b0	gameplay	__GameEventMakerMaker__v0_slot00	RTTI:00b75dd4	__GameEventMakerMaker__v0_slot00
005ae5f0	gameplay	__GameEventMakerMaker__v0_slot01	RTTI:00b75de0	__GameEventMakerMaker__v0_slot01
005ae620	gameplay	__GameEventMakerMaker__v0_slot00	RTTI:00b75de0	__GameEventMakerMaker__v0_slot00
005ae660	gameplay	__GameEventMakerMaker__v0_slot01	RTTI:00b75dec	__GameEventMakerMaker__v0_slot01
005ae690	gameplay	__GameEventMakerMaker__v0_slot00	RTTI:00b75dec	__GameEventMakerMaker__v0_slot00
005ae6e0	gameplay	__GameEventMakerMaker__v0_slot01	RTTI:00b75df8	__GameEventMakerMaker__v0_slot01
005ae710	gameplay	__GameEventMakerMaker__v0_slot00	RTTI:00b75df8	__GameEventMakerMaker__v0_slot00
005ae760	gameplay	__GameEventMakerMaker__v0_slot01	RTTI:00b75e04	__GameEventMakerMaker__v0_slot01
005ae7a0	gameplay	__GameEventMakerMaker__v0_slot00	RTTI:00b75e04	__GameEventMakerMaker__v0_slot00
005ae800	gameplay	__GameEventMakerMaker__v0_slot01	RTTI:00b75e10	__GameEventMakerMaker__v0_slot01
005ae830	gameplay	__GameEventMakerMaker__v0_slot00	RTTI:00b75e10	__GameEventMakerMaker__v0_slot00
005ae880	gameplay	__GameEventMakerMaker__v0_slot01	RTTI:00b75e1c	__GameEventMakerMaker__v0_slot01
005ae8b0	gameplay	__GameEventMakerMaker__v0_slot00	RTTI:00b75e1c	__GameEventMakerMaker__v0_slot00
005ae8f0	gameplay	__GameEventMakerMaker__v0_slot01	RTTI:00b75e28	__GameEventMakerMaker__v0_slot01
005ae920	gameplay	__GameEventMakerMaker__v0_slot00	RTTI:00b75e28	__GameEventMakerMaker__v0_slot00
005ae960	gameplay	__GameEventMakerMaker__v0_slot01	RTTI:00b75e34	__GameEventMakerMaker__v0_slot01
005ae990	gameplay	__GameEventMakerMaker__v0_slot00	RTTI:00b75e34	__GameEventMakerMaker__v0_slot00
005ae9f0	gameplay	__GameEventMakerMaker__v0_slot01	RTTI:00b75e40	__GameEventMakerMaker__v0_slot01
005aea20	gameplay	__GameEventMakerMaker__v0_slot00	RTTI:00b75e40	__GameEventMakerMaker__v0_slot00
005aea60	gameplay	__GameEventMakerMaker__v0_slot01	RTTI:00b75e4c	__GameEventMakerMaker__v0_slot01
005aea90	gameplay	__GameEventMakerMaker__v0_slot00	RTTI:00b75e4c	__GameEventMakerMaker__v0_slot00
005aeae0	gameplay	__GameEventMakerMaker__v0_slot01	RTTI:00b75e58	__GameEventMakerMaker__v0_slot01
005aeb10	gameplay	__GameEventMakerMaker__v0_slot00	RTTI:00b75e58	__GameEventMakerMaker__v0_slot00
005aeb60	gameplay	__GameEventMakerMaker__v0_slot01	RTTI:00b75e64	__GameEventMakerMaker__v0_slot01
005aeb90	gameplay	__GameEventMakerMaker__v0_slot00	RTTI:00b75e64	__GameEventMakerMaker__v0_slot00
005aebf0	gameplay	__GameEventMakerMaker__v0_slot01	RTTI:00b75e70	__GameEventMakerMaker__v0_slot01
005aec20	gameplay	__GameEventMakerMaker__v0_slot00	RTTI:00b75e70	__GameEventMakerMaker__v0_slot00
005af630	gameplay	ControlPointCapturedEvent__v0_slot05	RTTI:00b760ac	ControlPointCapturedEvent__v0_slot05
005b00e0	gameplay	ControlPointCapturedEvent__v0_slot04	RTTI:00b760ac	ControlPointCapturedEvent__v0_slot04
005b16b0	gameplay	SpecialGameEvent__v0_slot04	RTTI:00b75b94	SpecialGameEvent__v0_slot04
005b1700	gameplay	SpecialGameEvent__v0_slot05	RTTI:00b75b94	SpecialGameEvent__v0_slot05
005b3b40	gameplay	GameEventManager__v0_slot05	RTTI:00b76208	GameEventManager__v0_slot05
005b3b50	gameplay	GameEventManager__v0_slot06	RTTI:00b76208	GameEventManager__v0_slot06
005b3ed0	gameplay	GameEventManager__v0_slot00	RTTI:00b76208	GameEventManager__v0_slot00
005b3ef0	gameplay	GameEventManager__v0_slot08	RTTI:00b76208	GameEventManager__v0_slot08
005b43d0	gameplay	GameEventManager__v0_slot07	RTTI:00b76208	GameEventManager__v0_slot07
005c8480	gameplay	SpecialGameEvent__v0_slot01	RTTI:00b75b94	SpecialGameEvent__v0_slot01;ControlPointCapturedEvent__v0_slot01
005cb030	gameplay	ControlPointCapture__v0_slot01	RTTI:00b64c60	ControlPointCapture__v0_slot01
005cb3e0	gameplay	ControlPointPossession__v0_slot01	RTTI:00b64c74	ControlPointPossession__v0_slot01
005cc4e0	gameplay	ControlPointDefense__v0_slot01	RTTI:00b64d14	ControlPointDefense__v0_slot01
005cd9b0	gameplay	ControlPointCapture__v0_slot02	RTTI:00b64c60	ControlPointCapture__v0_slot02
005cda90	gameplay	ControlPointPossession__v0_slot02	RTTI:00b64c74	ControlPointPossession__v0_slot02
005cdb80	gameplay	ControlPointDefense__v0_slot03	RTTI:00b64d14	ControlPointDefense__v0_slot03
005cdd30	gameplay	PlayerControlPoint__v0_slot01	RTTI:00b64bac	PlayerControlPoint__v0_slot01
005d3650	gameplay	PlayerControlObjectTemplate__v472_slot04	RTTI:00b93a14	PlayerControlObjectTemplate__v472_slot04
005da080	gameplay	StaticResponsePhysics__v0_slot09	RTTI:00ba3cdc	StaticResponsePhysics__v0_slot09;PointResponsePhysics__v0_slot09
005efd60	gameplay	Projectile__v0_slot01	RTTI:00b92294	Projectile__v0_slot01;ClusterProjectile__v0_slot01
005efd70	gameplay	Projectile__v0_slot02	RTTI:00b92294	Projectile__v0_slot02;ClusterProjectile__v0_slot02
005f02c0	gameplay	Projectile__v132_slot01	RTTI:00b9227c	Projectile__v132_slot01;ClusterProjectile__v132_slot01
005f02d0	gameplay	Projectile__v132_slot02	RTTI:00b9227c	Projectile__v132_slot02;ClusterProjectile__v132_slot02
005f05e0	gameplay	PhysicsEngine__v0_slot01	RTTI:00ba498c	PhysicsEngine__v0_slot01;PhysicsFloatingBundle__v0_slot01;PhysicsSpring__v0_slot01;PhysicsWing__v0_slot01;PhysicsWinch__v0_slot01
005f4bf0	gameplay	PhysicsNode__v0_slot39	RTTI:00b91ecc	PhysicsNode__v0_slot39;PhysicsEngine__v0_slot39;PhysicsFloatingBundle__v0_slot39;PhysicsSpring__v0_slot39;PhysicsWing__v0_slot39;PhysicsWinch__v0_slot39
005f4d40	gameplay	BFSoldier__v356_slot20	RTTI:00b9022c	BFSoldier__v356_slot20
00614650	gameplay	ObjTemplNetworkModule__v0_slot07	RTTI:00b45220	ObjTemplNetworkModule__v0_slot07
006146d0	gameplay	SimpleObjectNetworkable__v0_slot00	RTTI:00b8049c	SimpleObjectNetworkable__v0_slot00
006146f0	gameplay	SimpleObjectNetworkable__v56_slot00	RTTI:00b80484	SimpleObjectNetworkable__v56_slot00
00614700	gameplay	SimpleObjectNetworkable__v0_slot01	RTTI:00b8049c	SimpleObjectNetworkable__v0_slot01;RotationalBundleNetworkable__v0_slot01;FreeCameraNetworkable__v0_slot01;BFSoldierNetworkable__v0_slot01;ItemNetworkable__v0_slot01;SpringNetworkable__v0_slot01;PlayerControlObjectNetworkable__v0_slot01;KitNetworkable__v0_slot01;ProjectileNetworkable__v0_slot01;FireArmsNetworkable__v0_slot01;ControlPointNetworkable__v0_slot01;EngineNetworkable__v0_slot01;MusicPlayerNetworkable__v0_slot01;WinchNetworkable__v0_slot01;WireLinkNetworkable__v0_slot01;HookNetworkable__v0_slot01
00614710	gameplay	SimpleObjectNetworkable__v0_slot02	RTTI:00b8049c	SimpleObjectNetworkable__v0_slot02;RotationalBundleNetworkable__v0_slot02;FreeCameraNetworkable__v0_slot02;BFSoldierNetworkable__v0_slot02;ItemNetworkable__v0_slot02;SpringNetworkable__v0_slot02;PlayerControlObjectNetworkable__v0_slot02;KitNetworkable__v0_slot02;ProjectileNetworkable__v0_slot02;FireArmsNetworkable__v0_slot02;ControlPointNetworkable__v0_slot02;EngineNetworkable__v0_slot02;MusicPlayerNetworkable__v0_slot02;WinchNetworkable__v0_slot02;WireLinkNetworkable__v0_slot02;HookNetworkable__v0_slot02
00614790	gameplay	RotationalBundleNetworkable__v0_slot00	RTTI:00b804e4	RotationalBundleNetworkable__v0_slot00
006147b0	gameplay	RotationalBundleNetworkable__v56_slot00	RTTI:00b804cc	RotationalBundleNetworkable__v56_slot00
00614820	gameplay	FreeCameraNetworkable__v0_slot00	RTTI:00b8052c	FreeCameraNetworkable__v0_slot00
00614840	gameplay	FreeCameraNetworkable__v56_slot00	RTTI:00b80514	FreeCameraNetworkable__v56_slot00
006148b0	gameplay	BFSoldierNetworkable__v0_slot03	RTTI:00b80574	BFSoldierNetworkable__v0_slot03
006148f0	gameplay	BFSoldierNetworkable__v0_slot00	RTTI:00b80574	BFSoldierNetworkable__v0_slot00
00614910	gameplay	BFSoldierNetworkable__v56_slot00	RTTI:00b8055c	BFSoldierNetworkable__v56_slot00
00614920	gameplay	BFSoldierNetworkable__v56_slot03	RTTI:00b8055c	BFSoldierNetworkable__v56_slot03
00614990	gameplay	ItemNetworkable__v0_slot00	RTTI:00b805bc	ItemNetworkable__v0_slot00
006149b0	gameplay	ItemNetworkable__v56_slot00	RTTI:00b805a4	ItemNetworkable__v56_slot00
00614a20	gameplay	SpringNetworkable__v0_slot00	RTTI:00b80604	SpringNetworkable__v0_slot00
00614a40	gameplay	SpringNetworkable__v56_slot00	RTTI:00b805ec	SpringNetworkable__v56_slot00
00614ab0	gameplay	PlayerControlObjectNetworkable__v0_slot00	RTTI:00b8064c	PlayerControlObjectNetworkable__v0_slot00
00614ad0	gameplay	PlayerControlObjectNetworkable__v56_slot00	RTTI:00b80634	PlayerControlObjectNetworkable__v56_slot00
00614b40	gameplay	SimpleObjectNetworkable__v0_slot03	RTTI:00b8049c	SimpleObjectNetworkable__v0_slot03;RotationalBundleNetworkable__v0_slot03;FreeCameraNetworkable__v0_slot03;ItemNetworkable__v0_slot03;SpringNetworkable__v0_slot03;PlayerControlObjectNetworkable__v0_slot03;KitNetworkable__v0_slot03;ProjectileNetworkable__v0_slot03;FireArmsNetworkable__v0_slot03;ControlPointNetworkable__v0_slot03;EngineNetworkable__v0_slot03;MusicPlayerNetworkable__v0_slot03;WinchNetworkable__v0_slot03;WireLinkNetworkable__v0_slot03;HookNetworkable__v0_slot03
00614b70	gameplay	KitNetworkable__v0_slot00	RTTI:00b80694	KitNetworkable__v0_slot00
00614b90	gameplay	KitNetworkable__v56_slot00	RTTI:00b8067c	KitNetworkable__v56_slot00
00614c00	gameplay	ProjectileNetworkable__v0_slot00	RTTI:00b806dc	ProjectileNetworkable__v0_slot00
00614c20	gameplay	ProjectileNetworkable__v56_slot00	RTTI:00b806c4	ProjectileNetworkable__v56_slot00
00614c90	gameplay	FireArmsNetworkable__v0_slot00	RTTI:00b80724	FireArmsNetworkable__v0_slot00
00614cb0	gameplay	FireArmsNetworkable__v56_slot00	RTTI:00b8070c	FireArmsNetworkable__v56_slot00
00614d20	gameplay	ControlPointNetworkable__v0_slot00	RTTI:00b8076c	ControlPointNetworkable__v0_slot00
00614d40	gameplay	ControlPointNetworkable__v56_slot00	RTTI:00b80754	ControlPointNetworkable__v56_slot00
00614db0	gameplay	EngineNetworkable__v0_slot00	RTTI:00b807b4	EngineNetworkable__v0_slot00
00614dd0	gameplay	EngineNetworkable__v56_slot00	RTTI:00b8079c	EngineNetworkable__v56_slot00
00614e40	gameplay	MusicPlayerNetworkable__v0_slot00	RTTI:00b807fc	MusicPlayerNetworkable__v0_slot00
00614e60	gameplay	MusicPlayerNetworkable__v56_slot00	RTTI:00b807e4	MusicPlayerNetworkable__v56_slot00
00614ed0	gameplay	WinchNetworkable__v0_slot00	RTTI:00b80844	WinchNetworkable__v0_slot00
00614ef0	gameplay	WinchNetworkable__v56_slot00	RTTI:00b8082c	WinchNetworkable__v56_slot00
00614f00	gameplay	SimpleObjectNetworkable__v56_slot03	RTTI:00b80484	SimpleObjectNetworkable__v56_slot03;RotationalBundleNetworkable__v56_slot03;FreeCameraNetworkable__v56_slot03;ItemNetworkable__v56_slot03;SpringNetworkable__v56_slot03;PlayerControlObjectNetworkable__v56_slot03;KitNetworkable__v56_slot03;ProjectileNetworkable__v56_slot03;FireArmsNetworkable__v56_slot03;ControlPointNetworkable__v56_slot03;EngineNetworkable__v56_slot03;MusicPlayerNetworkable__v56_slot03;WinchNetworkable__v56_slot03;WireLinkNetworkable__v56_slot03;HookNetworkable__v56_slot03
00614f70	gameplay	WireLinkNetworkable__v0_slot00	RTTI:00b8088c	WireLinkNetworkable__v0_slot00
00614f90	gameplay	WireLinkNetworkable__v56_slot00	RTTI:00b80874	WireLinkNetworkable__v56_slot00
00615000	gameplay	HookNetworkable__v0_slot00	RTTI:00b808d4	HookNetworkable__v0_slot00
00615020	gameplay	HookNetworkable__v56_slot00	RTTI:00b808bc	HookNetworkable__v56_slot00
00615030	gameplay	ObjTemplNetworkModule__v0_slot06	RTTI:00b45220	ObjTemplNetworkModule__v0_slot06
00615060	gameplay	SimpleObjectNetworkable__v56_slot01	RTTI:00b80484	SimpleObjectNetworkable__v56_slot01;RotationalBundleNetworkable__v56_slot01;FreeCameraNetworkable__v56_slot01;BFSoldierNetworkable__v56_slot01;ItemNetworkable__v56_slot01;SpringNetworkable__v56_slot01;PlayerControlObjectNetworkable__v56_slot01;KitNetworkable__v56_slot01;ProjectileNetworkable__v56_slot01;FireArmsNetworkable__v56_slot01;ControlPointNetworkable__v56_slot01;EngineNetworkable__v56_slot01;MusicPlayerNetworkable__v56_slot01;WinchNetworkable__v56_slot01;WireLinkNetworkable__v56_slot01;HookNetworkable__v56_slot01
00615070	gameplay	SimpleObjectNetworkable__v56_slot02	RTTI:00b80484	SimpleObjectNetworkable__v56_slot02;RotationalBundleNetworkable__v56_slot02;FreeCameraNetworkable__v56_slot02;BFSoldierNetworkable__v56_slot02;ItemNetworkable__v56_slot02;SpringNetworkable__v56_slot02;PlayerControlObjectNetworkable__v56_slot02;KitNetworkable__v56_slot02;ProjectileNetworkable__v56_slot02;FireArmsNetworkable__v56_slot02;ControlPointNetworkable__v56_slot02;EngineNetworkable__v56_slot02;MusicPlayerNetworkable__v56_slot02;WinchNetworkable__v56_slot02;WireLinkNetworkable__v56_slot02;HookNetworkable__v56_slot02
00616800	gameplay	ObjTemplNetworkModule__v0_slot04	RTTI:00b45220	ObjTemplNetworkModule__v0_slot04
00650550	gameplay	GameEvent__v0_slot02	RTTI:00b6111c	GameEvent__v0_slot02;BFSpawnPoint__v0_slot18;SpecialGameEvent__v0_slot02;ControlPointCapturedEvent__v0_slot02;PlayerControlObject__v0_slot18;StaticPhysicsNode__v0_slot27;StaticPhysicsNode__v0_slot28;StaticPhysicsNode__v0_slot29;StaticPhysicsNode__v0_slot30;StaticPhysicsNode__v0_slot31;PointPhysicsNode__v0_slot31;SpawnPoint__v0_slot18
00658c10	gameplay	PhysicsModule__v0_slot06	RTTI:00b4531c	PhysicsModule__v0_slot06
00658e00	gameplay	PhysicsModule__v0_slot04	RTTI:00b4531c	PhysicsModule__v0_slot04
00659210	gameplay	BFSoldier__v0_slot03	RTTI:00b9033c	BFSoldier__v0_slot03
006592d0	gameplay	BFSoldier__v0_slot05	RTTI:00b9033c	BFSoldier__v0_slot05
00659300	gameplay	BFSoldier__v0_slot06	RTTI:00b9033c	BFSoldier__v0_slot06
00659390	gameplay	BFSoldier__v0_slot61	RTTI:00b9033c	BFSoldier__v0_slot61
00659550	gameplay	BFSoldier__v352_slot07	RTTI:00b902f0	BFSoldier__v352_slot07
00659620	gameplay	BFSoldier__v0_slot75	RTTI:00b9033c	BFSoldier__v0_slot75
00659910	gameplay	BFSoldier__v356_slot38	RTTI:00b9022c	BFSoldier__v356_slot38
00659920	gameplay	BFSoldier__v356_slot39	RTTI:00b9022c	BFSoldier__v356_slot39
00659930	gameplay	BFSoldier__v356_slot40	RTTI:00b9022c	BFSoldier__v356_slot40
0065a650	gameplay	BFSoldier__v356_slot32	RTTI:00b9022c	BFSoldier__v356_slot32
0065c300	gameplay	BFSoldier__v0_slot18	RTTI:00b9033c	BFSoldier__v0_slot18
0065c550	gameplay	BFSoldier__v0_slot19	RTTI:00b9033c	BFSoldier__v0_slot19
0065d590	gameplay	BFSoldier__v352_slot05	RTTI:00b902f0	BFSoldier__v352_slot05
0065d6a0	gameplay	BFSoldier__v352_slot04	RTTI:00b902f0	BFSoldier__v352_slot04
0065d710	gameplay	BFSoldier__v0_slot63	RTTI:00b9033c	BFSoldier__v0_slot63
0065d780	gameplay	BFSoldier__v0_slot49	RTTI:00b9033c	BFSoldier__v0_slot49
0065e9e0	gameplay	BFSoldier__v356_slot24	RTTI:00b9022c	BFSoldier__v356_slot24
0065efe0	gameplay	BFSoldier__v356_slot09	RTTI:00b9022c	BFSoldier__v356_slot09
0065f1a0	gameplay	BFSoldier__v356_slot10	RTTI:00b9022c	BFSoldier__v356_slot10
0065f270	gameplay	BFSoldier__v356_slot11	RTTI:00b9022c	BFSoldier__v356_slot11
0065f350	gameplay	BFSoldier__v0_slot39	RTTI:00b9033c	BFSoldier__v0_slot39
006610a0	gameplay	BFSoldier__v0_slot40	RTTI:00b9033c	BFSoldier__v0_slot40
006617e0	gameplay	BFSoldier__v0_slot58	RTTI:00b9033c	BFSoldier__v0_slot58
00661b40	gameplay	BFSoldier__v0_slot57	RTTI:00b9033c	BFSoldier__v0_slot57
00661f40	gameplay	BFSoldier__v0_slot59	RTTI:00b9033c	BFSoldier__v0_slot59
00661fe0	gameplay	BFSoldier__v352_slot06	RTTI:00b902f0	BFSoldier__v352_slot06
00662030	gameplay	BFSoldier__v352_slot08	RTTI:00b902f0	BFSoldier__v352_slot08
006620d0	gameplay	BFSoldierTemplate__v0_slot13	RTTI:00b904ec	BFSoldierTemplate__v0_slot13
006629c0	gameplay	BFSoldier__v0_slot21	RTTI:00b9033c	BFSoldier__v0_slot21
00663be0	gameplay	BFSoldier__v0_slot53	RTTI:00b9033c	BFSoldier__v0_slot53
006643d0	gameplay	BFSoldier__v0_slot20	RTTI:00b9033c	BFSoldier__v0_slot20
00665260	gameplay	BFSoldier__v0_slot60	RTTI:00b9033c	BFSoldier__v0_slot60
00665330	gameplay	BFSoldier__v356_slot31	RTTI:00b9022c	BFSoldier__v356_slot31
006656d0	gameplay	BFSoldier__v352_slot09	RTTI:00b902f0	BFSoldier__v352_slot09
006656e0	gameplay	BFSoldier__v352_slot10	RTTI:00b902f0	BFSoldier__v352_slot10
006656f0	gameplay	BFSoldier__v356_slot04	RTTI:00b9022c	BFSoldier__v356_slot04
00665700	gameplay	BFSoldier__v356_slot08	RTTI:00b9022c	BFSoldier__v356_slot08
00665710	gameplay	BFSoldier__v356_slot14	RTTI:00b9022c	BFSoldier__v356_slot14
00665720	gameplay	BFSoldier__v356_slot17	RTTI:00b9022c	BFSoldier__v356_slot17
00665730	gameplay	BFSoldier__v356_slot19	RTTI:00b9022c	BFSoldier__v356_slot19
00665740	gameplay	BFSoldier__v0_slot66	RTTI:00b9033c	BFSoldier__v0_slot66
00665750	gameplay	BFSoldier__v0_slot67	RTTI:00b9033c	BFSoldier__v0_slot67
00665760	gameplay	BFSoldier__v0_slot68	RTTI:00b9033c	BFSoldier__v0_slot68
00665770	gameplay	BFSoldier__v0_slot71	RTTI:00b9033c	BFSoldier__v0_slot71
00665780	gameplay	BFSoldier__v356_slot28	RTTI:00b9022c	BFSoldier__v356_slot28
00665790	gameplay	BFSoldier__v356_slot30	RTTI:00b9022c	BFSoldier__v356_slot30
006657a0	gameplay	BFSoldier__v132_slot00	RTTI:00b90320	BFSoldier__v132_slot00
006657b0	gameplay	BFSoldier__v132_slot03	RTTI:00b90320	BFSoldier__v132_slot03
006657c0	gameplay	BFSoldier__v352_slot00	RTTI:00b902f0	BFSoldier__v352_slot00
006657d0	gameplay	BFSoldier__v352_slot03	RTTI:00b902f0	BFSoldier__v352_slot03
006657e0	gameplay	BFSoldier__v356_slot00	RTTI:00b9022c	BFSoldier__v356_slot00
006657f0	gameplay	BFSoldier__v356_slot03	RTTI:00b9022c	BFSoldier__v356_slot03
00665800	gameplay	BFSoldier__v0_slot01	RTTI:00b9033c	BFSoldier__v0_slot01
00665810	gameplay	BFSoldier__v0_slot02	RTTI:00b9033c	BFSoldier__v0_slot02
00665830	gameplay	BFSoldier__v0_slot56	RTTI:00b9033c	BFSoldier__v0_slot56
00665850	gameplay	BFSoldierTemplate__v444_slot06	RTTI:00b90498	BFSoldierTemplate__v444_slot06;BFSoldier__v356_slot22;PlayerControlObjectTemplate__v444_slot06;ControlPointTemplate__v444_slot06;HandFireArmsTemplate__v444_slot06;ProjectileTemplate__v444_slot06;ClusterProjectileTemplate__v444_slot06
00665870	gameplay	BFSoldier__v132_slot01	RTTI:00b90320	BFSoldier__v132_slot01
00665880	gameplay	BFSoldier__v132_slot02	RTTI:00b90320	BFSoldier__v132_slot02
00665890	gameplay	BFSoldier__v352_slot01	RTTI:00b902f0	BFSoldier__v352_slot01
006658a0	gameplay	BFSoldier__v352_slot02	RTTI:00b902f0	BFSoldier__v352_slot02
006658b0	gameplay	BFSoldier__v356_slot01	RTTI:00b9022c	BFSoldier__v356_slot01
006658c0	gameplay	BFSoldier__v356_slot02	RTTI:00b9022c	BFSoldier__v356_slot02
006658d0	gameplay	BFSoldier__v356_slot16	RTTI:00b9022c	BFSoldier__v356_slot16
00665a30	gameplay	BFSoldier__v0_slot62	RTTI:00b9033c	BFSoldier__v0_slot62
00665aa0	gameplay	BFSoldier__v0_slot64	RTTI:00b9033c	BFSoldier__v0_slot64
00665d50	gameplay	BFSoldier__v0_slot65	RTTI:00b9033c	BFSoldier__v0_slot65
00666350	gameplay	BFSoldier__v356_slot21	RTTI:00b9022c	BFSoldier__v356_slot21
00666c80	gameplay	BFSoldier__v0_slot00	RTTI:00b9033c	BFSoldier__v0_slot00
00666ca0	gameplay	BFSoldier__v0_slot04	RTTI:00b9033c	BFSoldier__v0_slot04
006670f0	gameplay	BFSoldierTemplate__v0_slot03	RTTI:00b904ec	BFSoldierTemplate__v0_slot03
00667150	gameplay	BFSoldierTemplate__v0_slot11	RTTI:00b904ec	BFSoldierTemplate__v0_slot11
00667170	gameplay	BFSoldierTemplate__v0_slot04	RTTI:00b904ec	BFSoldierTemplate__v0_slot04
00667180	gameplay	BFSoldierTemplate__v472_slot04	RTTI:00b9047c	BFSoldierTemplate__v472_slot04
00667190	gameplay	BFSoldierTemplate__v472_slot05	RTTI:00b9047c	BFSoldierTemplate__v472_slot05
006671a0	gameplay	BFSoldierTemplate__v0_slot33	RTTI:00b904ec	BFSoldierTemplate__v0_slot33;PlayerControlObjectTemplate__v0_slot35
006671b0	gameplay	BFSoldierTemplate__v0_slot34	RTTI:00b904ec	BFSoldierTemplate__v0_slot34
006671c0	gameplay	BFSoldierTemplate__v0_slot35	RTTI:00b904ec	BFSoldierTemplate__v0_slot35
006671e0	gameplay	BFSoldierTemplate__v0_slot36	RTTI:00b904ec	BFSoldierTemplate__v0_slot36
006671f0	gameplay	BFSoldierTemplate__v0_slot37	RTTI:00b904ec	BFSoldierTemplate__v0_slot37
00667210	gameplay	BFSoldierTemplate__v0_slot38	RTTI:00b904ec	BFSoldierTemplate__v0_slot38
00667220	gameplay	BFSoldierTemplate__v0_slot39	RTTI:00b904ec	BFSoldierTemplate__v0_slot39
00667230	gameplay	BFSoldierTemplate__v0_slot40	RTTI:00b904ec	BFSoldierTemplate__v0_slot40
00667240	gameplay	BFSoldierTemplate__v0_slot52	RTTI:00b904ec	BFSoldierTemplate__v0_slot52
00667250	gameplay	BFSoldierTemplate__v4_slot00	RTTI:00b904d0	BFSoldierTemplate__v4_slot00
00667260	gameplay	BFSoldierTemplate__v4_slot03	RTTI:00b904d0	BFSoldierTemplate__v4_slot03
00667270	gameplay	BFSoldierTemplate__v120_slot00	RTTI:00b904c4	BFSoldierTemplate__v120_slot00
00667280	gameplay	BFSoldierTemplate__v444_slot00	RTTI:00b90498	BFSoldierTemplate__v444_slot00
00667290	gameplay	BFSoldierTemplate__v444_slot03	RTTI:00b90498	BFSoldierTemplate__v444_slot03
006672a0	gameplay	BFSoldierTemplate__v472_slot00	RTTI:00b9047c	BFSoldierTemplate__v472_slot00
006672b0	gameplay	BFSoldierTemplate__v472_slot03	RTTI:00b9047c	BFSoldierTemplate__v472_slot03
006672c0	gameplay	BFSoldierTemplate__v0_slot02	RTTI:00b904ec	BFSoldierTemplate__v0_slot02
006672e0	gameplay	BFSoldierTemplate__v0_slot42	RTTI:00b904ec	BFSoldierTemplate__v0_slot42
00667310	gameplay	BFSoldierTemplate__v0_slot44	RTTI:00b904ec	BFSoldierTemplate__v0_slot44
00667340	gameplay	BFSoldierTemplate__v0_slot46	RTTI:00b904ec	BFSoldierTemplate__v0_slot46
00667370	gameplay	BFSoldierTemplate__v0_slot48	RTTI:00b904ec	BFSoldierTemplate__v0_slot48
006673a0	gameplay	BFSoldierTemplate__v0_slot50	RTTI:00b904ec	BFSoldierTemplate__v0_slot50
006673d0	gameplay	BFSoldierTemplate__v0_slot54	RTTI:00b904ec	BFSoldierTemplate__v0_slot54
00667400	gameplay	BFSoldierTemplate__v0_slot56	RTTI:00b904ec	BFSoldierTemplate__v0_slot56
00667430	gameplay	BFSoldierTemplate__v0_slot58	RTTI:00b904ec	BFSoldierTemplate__v0_slot58
00667460	gameplay	BFSoldierTemplate__v0_slot60	RTTI:00b904ec	BFSoldierTemplate__v0_slot60
00667490	gameplay	BFSoldierTemplate__v0_slot62	RTTI:00b904ec	BFSoldierTemplate__v0_slot62
006674c0	gameplay	BFSoldierTemplate__v0_slot64	RTTI:00b904ec	BFSoldierTemplate__v0_slot64
006674f0	gameplay	BFSoldierTemplate__v0_slot66	RTTI:00b904ec	BFSoldierTemplate__v0_slot66
00667520	gameplay	BFSoldierTemplate__v0_slot68	RTTI:00b904ec	BFSoldierTemplate__v0_slot68
00667550	gameplay	BFSoldierTemplate__v0_slot70	RTTI:00b904ec	BFSoldierTemplate__v0_slot70
00667580	gameplay	BFSoldierTemplate__v0_slot41	RTTI:00b904ec	BFSoldierTemplate__v0_slot41
006675b0	gameplay	BFSoldierTemplate__v0_slot43	RTTI:00b904ec	BFSoldierTemplate__v0_slot43
006675e0	gameplay	BFSoldierTemplate__v0_slot45	RTTI:00b904ec	BFSoldierTemplate__v0_slot45
00667610	gameplay	BFSoldierTemplate__v0_slot47	RTTI:00b904ec	BFSoldierTemplate__v0_slot47
00667640	gameplay	BFSoldierTemplate__v0_slot49	RTTI:00b904ec	BFSoldierTemplate__v0_slot49
00667670	gameplay	BFSoldierTemplate__v0_slot51	RTTI:00b904ec	BFSoldierTemplate__v0_slot51
006676a0	gameplay	BFSoldierTemplate__v0_slot53	RTTI:00b904ec	BFSoldierTemplate__v0_slot53
006676d0	gameplay	BFSoldierTemplate__v0_slot55	RTTI:00b904ec	BFSoldierTemplate__v0_slot55
00667700	gameplay	BFSoldierTemplate__v0_slot57	RTTI:00b904ec	BFSoldierTemplate__v0_slot57
00667730	gameplay	BFSoldierTemplate__v0_slot59	RTTI:00b904ec	BFSoldierTemplate__v0_slot59
00667760	gameplay	BFSoldierTemplate__v0_slot61	RTTI:00b904ec	BFSoldierTemplate__v0_slot61
00667790	gameplay	BFSoldierTemplate__v0_slot63	RTTI:00b904ec	BFSoldierTemplate__v0_slot63
006677c0	gameplay	BFSoldierTemplate__v0_slot65	RTTI:00b904ec	BFSoldierTemplate__v0_slot65
006677f0	gameplay	BFSoldierTemplate__v0_slot67	RTTI:00b904ec	BFSoldierTemplate__v0_slot67
00667820	gameplay	BFSoldierTemplate__v0_slot69	RTTI:00b904ec	BFSoldierTemplate__v0_slot69
00667ca0	gameplay	BFSoldierTemplate__v0_slot12	RTTI:00b904ec	BFSoldierTemplate__v0_slot12
00667cd0	gameplay	BFSoldierTemplate__v0_slot00	RTTI:00b904ec	BFSoldierTemplate__v0_slot00
0066b6a0	gameplay	BFSoldierTemplate__v0_slot10	RTTI:00b904ec	BFSoldierTemplate__v0_slot10;BFSpawnPointTemplate__v0_slot10;PlayerControlObjectTemplate__v0_slot10;ControlPointTemplate__v0_slot10;HandFireArmsTemplate__v0_slot10;ProjectileTemplate__v0_slot10;ClusterProjectileTemplate__v0_slot10;SpawnPointTemplate__v0_slot10
0066b890	gameplay	BFSoldierTemplate__v0_slot15	RTTI:00b904ec	BFSoldierTemplate__v0_slot15;BFSpawnPointTemplate__v0_slot15;PlayerControlObjectTemplate__v0_slot15;ControlPointTemplate__v0_slot15;HandFireArmsTemplate__v0_slot15;ProjectileTemplate__v0_slot15;ClusterProjectileTemplate__v0_slot15;SpawnPointTemplate__v0_slot15
0066bd90	gameplay	BFSoldierTemplate__v0_slot05	RTTI:00b904ec	BFSoldierTemplate__v0_slot05;BFSpawnPointTemplate__v0_slot05;PlayerControlObjectTemplate__v0_slot05;ControlPointTemplate__v0_slot05;HandFireArmsTemplate__v0_slot05;ProjectileTemplate__v0_slot05;ClusterProjectileTemplate__v0_slot05;SpawnPointTemplate__v0_slot05
0066c4a0	gameplay	BFSoldierTemplate__v0_slot14	RTTI:00b904ec	BFSoldierTemplate__v0_slot14;BFSpawnPointTemplate__v0_slot14;PlayerControlObjectTemplate__v0_slot14;ControlPointTemplate__v0_slot14;HandFireArmsTemplate__v0_slot14;ProjectileTemplate__v0_slot14;ClusterProjectileTemplate__v0_slot14;SpawnPointTemplate__v0_slot14
0066c6a0	gameplay	BFSoldier__v0_slot54	RTTI:00b9033c	BFSoldier__v0_slot54;ControlPoint__v0_slot54;BFSpawnPoint__v0_slot54;PlayerControlObject__v0_slot54;Projectile__v0_slot54;HandFireArms__v0_slot54;ClusterProjectile__v0_slot54;SpawnPoint__v0_slot54
0066c710	gameplay	ControlPoint__v0_slot53	RTTI:00b90c94	ControlPoint__v0_slot53;BFSpawnPoint__v0_slot53;PlayerControlObject__v0_slot53;Projectile__v0_slot53;HandFireArms__v0_slot53;ClusterProjectile__v0_slot53;SpawnPoint__v0_slot53
0066c890	gameplay	SpawnPoint__v0_slot04	RTTI:00ba474c	SpawnPoint__v0_slot04
0066c910	gameplay	BFSpawnPoint__v0_slot40	RTTI:00b706ac	BFSpawnPoint__v0_slot40;SpawnPoint__v0_slot40
0066caa0	gameplay	BFSpawnPoint__v0_slot20	RTTI:00b706ac	BFSpawnPoint__v0_slot20;SpawnPoint__v0_slot20
0066d140	gameplay	BFSpawnPoint__v0_slot49	RTTI:00b706ac	BFSpawnPoint__v0_slot49;SpawnPoint__v0_slot49
0066d180	gameplay	ControlPoint__v0_slot21	RTTI:00b90c94	ControlPoint__v0_slot21;BFSpawnPoint__v0_slot21;HandFireArms__v0_slot21;SpawnPoint__v0_slot21
006743c0	gameplay	ControlPoint__v0_slot03	RTTI:00b90c94	ControlPoint__v0_slot03
00674540	gameplay	ControlPoint__v132_slot00	RTTI:00b90c7c	ControlPoint__v132_slot00
00674550	gameplay	ControlPoint__v352_slot00	RTTI:00b90c50	ControlPoint__v352_slot00
00674560	gameplay	ControlPoint__v0_slot00	RTTI:00b90c94	ControlPoint__v0_slot00
00674960	gameplay	ControlPoint__v0_slot49	RTTI:00b90c94	ControlPoint__v0_slot49
00674a60	gameplay	ControlPointTemplate__v0_slot13	RTTI:00b9101c	ControlPointTemplate__v0_slot13
00674ac0	gameplay	ControlPoint__v0_slot04	RTTI:00b90c94	ControlPoint__v0_slot04
00674b40	gameplay	ControlPoint__v0_slot20	RTTI:00b90c94	ControlPoint__v0_slot20
00674ec0	gameplay	ControlPointTemplate__v4_slot04	RTTI:00b91000	ControlPointTemplate__v4_slot04
00675690	gameplay	ControlPointTemplate__v0_slot03	RTTI:00b9101c	ControlPointTemplate__v0_slot03;ProjectileTemplate__v0_slot03;ClusterProjectileTemplate__v0_slot03
006756e0	gameplay	ControlPointTemplate__v0_slot04	RTTI:00b9101c	ControlPointTemplate__v0_slot04
006756f0	gameplay	ControlPointTemplate__v0_slot11	RTTI:00b9101c	ControlPointTemplate__v0_slot11
00675720	gameplay	ControlPointTemplate__v4_slot00	RTTI:00b91000	ControlPointTemplate__v4_slot00
00675730	gameplay	ControlPointTemplate__v4_slot03	RTTI:00b91000	ControlPointTemplate__v4_slot03;ProjectileTemplate__v4_slot03;ClusterProjectileTemplate__v4_slot03
00675740	gameplay	ControlPointTemplate__v120_slot00	RTTI:00b90ff4	ControlPointTemplate__v120_slot00
00675750	gameplay	ControlPointTemplate__v444_slot00	RTTI:00b90fc8	ControlPointTemplate__v444_slot00
00675760	gameplay	ControlPointTemplate__v444_slot03	RTTI:00b90fc8	ControlPointTemplate__v444_slot03;ProjectileTemplate__v444_slot03;ClusterProjectileTemplate__v444_slot03
00675770	gameplay	ControlPointTemplate__v0_slot12	RTTI:00b9101c	ControlPointTemplate__v0_slot12
006757a0	gameplay	ControlPointTemplate__v444_slot01	RTTI:00b90fc8	ControlPointTemplate__v444_slot01
006757b0	gameplay	ControlPointTemplate__v444_slot02	RTTI:00b90fc8	ControlPointTemplate__v444_slot02
006757c0	gameplay	ControlPointTemplate__v0_slot00	RTTI:00b9101c	ControlPointTemplate__v0_slot00
00678cc0	gameplay	HandFireArms__v0_slot64	RTTI:00b9d97c	HandFireArms__v0_slot64
00678d00	gameplay	HandFireArms__v0_slot65	RTTI:00b9d97c	HandFireArms__v0_slot65
00679000	gameplay	HandFireArms__v0_slot19	RTTI:00b9d97c	HandFireArms__v0_slot19
006791d0	gameplay	HandFireArms__v0_slot58	RTTI:00b9d97c	HandFireArms__v0_slot58
006791e0	gameplay	HandFireArms__v0_slot62	RTTI:00b9d97c	HandFireArms__v0_slot62
00679b20	gameplay	HandFireArms__v0_slot56	RTTI:00b9d97c	HandFireArms__v0_slot56
00679b90	gameplay	HandFireArms__v0_slot57	RTTI:00b9d97c	HandFireArms__v0_slot57
00679ce0	gameplay	HandFireArms__v0_slot61	RTTI:00b9d97c	HandFireArms__v0_slot61
0067ae40	gameplay	HandFireArmsTemplate__v0_slot13	RTTI:00b9dbbc	HandFireArmsTemplate__v0_slot13
0067b450	gameplay	HandFireArms__v0_slot49	RTTI:00b9d97c	HandFireArms__v0_slot49
0067bb80	gameplay	HandFireArms__v0_slot59	RTTI:00b9d97c	HandFireArms__v0_slot59
0067bb90	gameplay	HandFireArms__v0_slot60	RTTI:00b9d97c	HandFireArms__v0_slot60
0067bba0	gameplay	HandFireArms__v0_slot63	RTTI:00b9d97c	HandFireArms__v0_slot63
0067bbd0	gameplay	ControlPoint__v132_slot03	RTTI:00b90c7c	ControlPoint__v132_slot03
0067bbf0	gameplay	ControlPoint__v352_slot03	RTTI:00b90c50	ControlPoint__v352_slot03
00680950	gameplay	HandFireArms__v0_slot04	RTTI:00b9d97c	HandFireArms__v0_slot04
006809d0	gameplay	HandFireArms__v0_slot20	RTTI:00b9d97c	HandFireArms__v0_slot20
006819e0	gameplay	HandFireArms__v0_slot40	RTTI:00b9d97c	HandFireArms__v0_slot40
00682360	gameplay	PhysicsNode__v0_slot65	RTTI:00b91ecc	PhysicsNode__v0_slot65;PhysicsEngine__v0_slot65;PhysicsFloatingBundle__v0_slot65;PhysicsSpring__v0_slot65;PhysicsWing__v0_slot65;PhysicsWinch__v0_slot65
006823f0	gameplay	PhysicsNode__v0_slot58	RTTI:00b91ecc	PhysicsNode__v0_slot58;PhysicsEngine__v0_slot58;PhysicsFloatingBundle__v0_slot58;PhysicsSpring__v0_slot58;PhysicsWing__v0_slot58;PhysicsWinch__v0_slot58
00682580	gameplay	StaticPhysicsNode__v0_slot16	RTTI:00ba3da4	StaticPhysicsNode__v0_slot16;PointPhysicsNode__v0_slot16
006825b0	gameplay	StaticPhysicsNode__v0_slot17	RTTI:00ba3da4	StaticPhysicsNode__v0_slot17;PointPhysicsNode__v0_slot17
006825d0	gameplay	PhysicsNode__v0_slot16	RTTI:00b91ecc	PhysicsNode__v0_slot16;PhysicsEngine__v0_slot16;PhysicsFloatingBundle__v0_slot16;PhysicsSpring__v0_slot16;PhysicsWing__v0_slot16;PhysicsWinch__v0_slot16
00682720	gameplay	PhysicsNode__v0_slot24	RTTI:00b91ecc	PhysicsNode__v0_slot24;PhysicsEngine__v0_slot24;PhysicsFloatingBundle__v0_slot24;PhysicsSpring__v0_slot24;PhysicsWing__v0_slot24;PhysicsWinch__v0_slot24
00682740	gameplay	PhysicsNode__v0_slot25	RTTI:00b91ecc	PhysicsNode__v0_slot25;PhysicsEngine__v0_slot25;PhysicsFloatingBundle__v0_slot25;PhysicsSpring__v0_slot25;PhysicsWing__v0_slot25;PhysicsWinch__v0_slot25
00682760	gameplay	PhysicsNode__v0_slot41	RTTI:00b91ecc	PhysicsNode__v0_slot41;PhysicsEngine__v0_slot41;PhysicsFloatingBundle__v0_slot41;PhysicsSpring__v0_slot41;PhysicsWing__v0_slot41;PhysicsWinch__v0_slot41
00682770	gameplay	PhysicsNode__v0_slot43	RTTI:00b91ecc	PhysicsNode__v0_slot43;PhysicsEngine__v0_slot43;PhysicsFloatingBundle__v0_slot43;PhysicsSpring__v0_slot43;PhysicsWing__v0_slot43;PhysicsWinch__v0_slot43
00682780	gameplay	PhysicsNode__v0_slot38	RTTI:00b91ecc	PhysicsNode__v0_slot38;PhysicsEngine__v0_slot38;PhysicsFloatingBundle__v0_slot38;PhysicsSpring__v0_slot38;PhysicsWing__v0_slot38;PhysicsWinch__v0_slot38
006827a0	gameplay	PhysicsNode__v0_slot49	RTTI:00b91ecc	PhysicsNode__v0_slot49;PhysicsEngine__v0_slot49;PhysicsFloatingBundle__v0_slot49;PhysicsSpring__v0_slot49;PhysicsWing__v0_slot49;PhysicsWinch__v0_slot49
006827b0	gameplay	PhysicsNode__v0_slot50	RTTI:00b91ecc	PhysicsNode__v0_slot50;PhysicsEngine__v0_slot50;PhysicsFloatingBundle__v0_slot50;PhysicsSpring__v0_slot50;PhysicsWing__v0_slot50;PhysicsWinch__v0_slot50
006827c0	gameplay	PhysicsNode__v0_slot51	RTTI:00b91ecc	PhysicsNode__v0_slot51;PhysicsEngine__v0_slot51;PhysicsFloatingBundle__v0_slot51;PhysicsSpring__v0_slot51;PhysicsWing__v0_slot51;PhysicsWinch__v0_slot51
006827d0	gameplay	PhysicsNode__v0_slot52	RTTI:00b91ecc	PhysicsNode__v0_slot52;PhysicsEngine__v0_slot52;PhysicsFloatingBundle__v0_slot52;PhysicsSpring__v0_slot52;PhysicsWing__v0_slot52;PhysicsWinch__v0_slot52
006827e0	gameplay	PhysicsNode__v0_slot54	RTTI:00b91ecc	PhysicsNode__v0_slot54;PhysicsEngine__v0_slot54;PhysicsFloatingBundle__v0_slot54;PhysicsSpring__v0_slot54;PhysicsWing__v0_slot54;PhysicsWinch__v0_slot54
00682820	gameplay	PhysicsNode__v0_slot56	RTTI:00b91ecc	PhysicsNode__v0_slot56;PhysicsEngine__v0_slot56;PhysicsFloatingBundle__v0_slot56;PhysicsSpring__v0_slot56;PhysicsWing__v0_slot56;PhysicsWinch__v0_slot56
00682830	gameplay	PhysicsNode__v0_slot57	RTTI:00b91ecc	PhysicsNode__v0_slot57;PhysicsEngine__v0_slot57;PhysicsFloatingBundle__v0_slot57;PhysicsSpring__v0_slot57;PhysicsWing__v0_slot57;PhysicsWinch__v0_slot57
00682840	gameplay	PhysicsNode__v0_slot59	RTTI:00b91ecc	PhysicsNode__v0_slot59;PhysicsEngine__v0_slot59;PhysicsFloatingBundle__v0_slot59;PhysicsSpring__v0_slot59;PhysicsWing__v0_slot59;PhysicsWinch__v0_slot59
00682860	gameplay	PhysicsNode__v0_slot55	RTTI:00b91ecc	PhysicsNode__v0_slot55;PhysicsEngine__v0_slot55;PhysicsFloatingBundle__v0_slot55;PhysicsSpring__v0_slot55;PhysicsWing__v0_slot55;PhysicsWinch__v0_slot55
00682950	gameplay	PhysicsNode__v0_slot22	RTTI:00b91ecc	PhysicsNode__v0_slot22;PhysicsEngine__v0_slot22;PhysicsFloatingBundle__v0_slot22;PhysicsSpring__v0_slot22;PhysicsWing__v0_slot22;PhysicsWinch__v0_slot22
00682980	gameplay	PhysicsNode__v0_slot33	RTTI:00b91ecc	PhysicsNode__v0_slot33;PhysicsEngine__v0_slot33;PhysicsFloatingBundle__v0_slot33;PhysicsSpring__v0_slot33;PhysicsWing__v0_slot33;PhysicsWinch__v0_slot33
00682a20	gameplay	PhysicsNode__v0_slot28	RTTI:00b91ecc	PhysicsNode__v0_slot28;PhysicsEngine__v0_slot28;PhysicsFloatingBundle__v0_slot28;PhysicsSpring__v0_slot28;PhysicsWing__v0_slot28;PhysicsWinch__v0_slot28
00682f90	gameplay	PhysicsNode__v0_slot15	RTTI:00b91ecc	PhysicsNode__v0_slot15;PhysicsEngine__v0_slot15;PhysicsFloatingBundle__v0_slot15;PhysicsSpring__v0_slot15;PhysicsWing__v0_slot15;PhysicsWinch__v0_slot15
00682fe0	gameplay	PhysicsNode__v0_slot18	RTTI:00b91ecc	PhysicsNode__v0_slot18;PhysicsEngine__v0_slot18;PhysicsFloatingBundle__v0_slot18;PhysicsSpring__v0_slot18;PhysicsWing__v0_slot18;PhysicsWinch__v0_slot18
00683030	gameplay	PhysicsNode__v0_slot32	RTTI:00b91ecc	PhysicsNode__v0_slot32;PhysicsEngine__v0_slot32;PhysicsFloatingBundle__v0_slot32;PhysicsSpring__v0_slot32;PhysicsWing__v0_slot32;PhysicsWinch__v0_slot32
00683110	gameplay	PhysicsNode__v0_slot17	RTTI:00b91ecc	PhysicsNode__v0_slot17;PhysicsEngine__v0_slot17;PhysicsFloatingBundle__v0_slot17;PhysicsSpring__v0_slot17;PhysicsWing__v0_slot17;PhysicsWinch__v0_slot17
006831f0	gameplay	PhysicsNode__v0_slot27	RTTI:00b91ecc	PhysicsNode__v0_slot27;PhysicsEngine__v0_slot27;PhysicsFloatingBundle__v0_slot27;PhysicsSpring__v0_slot27;PhysicsWing__v0_slot27;PhysicsWinch__v0_slot27
006832a0	gameplay	PhysicsNode__v0_slot29	RTTI:00b91ecc	PhysicsNode__v0_slot29;PhysicsEngine__v0_slot29;PhysicsFloatingBundle__v0_slot29;PhysicsSpring__v0_slot29;PhysicsWing__v0_slot29;PhysicsWinch__v0_slot29
00683370	gameplay	PhysicsNode__v0_slot30	RTTI:00b91ecc	PhysicsNode__v0_slot30;PhysicsEngine__v0_slot30;PhysicsFloatingBundle__v0_slot30;PhysicsSpring__v0_slot30;PhysicsWing__v0_slot30;PhysicsWinch__v0_slot30
00683d40	gameplay	PhysicsNode__v0_slot40	RTTI:00b91ecc	PhysicsNode__v0_slot40
00684080	gameplay	PhysicsNode__v0_slot10	RTTI:00b91ecc	PhysicsNode__v0_slot10;PhysicsEngine__v0_slot10;PhysicsFloatingBundle__v0_slot10;PhysicsSpring__v0_slot10;PhysicsWing__v0_slot10;PhysicsWinch__v0_slot10
006840b0	gameplay	PhysicsNode__v0_slot13	RTTI:00b91ecc	PhysicsNode__v0_slot13;PhysicsEngine__v0_slot13;PhysicsFloatingBundle__v0_slot13;PhysicsSpring__v0_slot13;PhysicsWing__v0_slot13;PhysicsWinch__v0_slot13
00684130	gameplay	PhysicsNode__v0_slot31	RTTI:00b91ecc	PhysicsNode__v0_slot31;PhysicsEngine__v0_slot31;PhysicsFloatingBundle__v0_slot31;PhysicsSpring__v0_slot31;PhysicsWing__v0_slot31;PhysicsWinch__v0_slot31
00684310	gameplay	BFSoldier__v356_slot18	RTTI:00b9022c	BFSoldier__v356_slot18;BFSoldier__v0_slot11;ControlPoint__v0_slot11;BFSpawnPoint__v0_slot11;PlayerControlObject__v0_slot11;Projectile__v0_slot11;HandFireArms__v0_slot11;ClusterProjectile__v0_slot11;SpawnPoint__v0_slot11
00684320	gameplay	BFSoldier__v0_slot23	RTTI:00b9033c	BFSoldier__v0_slot23;ControlPoint__v0_slot23;BFSpawnPoint__v0_slot23;PlayerControlObject__v0_slot23;Projectile__v0_slot23;HandFireArms__v0_slot23;ClusterProjectile__v0_slot23;SpawnPoint__v0_slot23
00684340	gameplay	ControlPoint__v0_slot05	RTTI:00b90c94	ControlPoint__v0_slot05;BFSpawnPoint__v0_slot05;HandFireArms__v0_slot05;SpawnPoint__v0_slot05
00684390	gameplay	ControlPoint__v0_slot06	RTTI:00b90c94	ControlPoint__v0_slot06;Projectile__v0_slot06;HandFireArms__v0_slot06;ClusterProjectile__v0_slot06;SpawnPoint__v0_slot06
006843e0	gameplay	BFSoldier__v0_slot10	RTTI:00b9033c	BFSoldier__v0_slot10;ControlPoint__v0_slot10;PlayerControlObject__v0_slot10;Projectile__v0_slot10;HandFireArms__v0_slot10;ClusterProjectile__v0_slot10;SpawnPoint__v0_slot10
00684760	gameplay	BFSoldier__v0_slot37	RTTI:00b9033c	BFSoldier__v0_slot37;ControlPoint__v0_slot37;BFSpawnPoint__v0_slot37;PlayerControlObject__v0_slot37;Projectile__v0_slot37;HandFireArms__v0_slot37;ClusterProjectile__v0_slot37;SpawnPoint__v0_slot37
006847a0	gameplay	BFSoldier__v0_slot34	RTTI:00b9033c	BFSoldier__v0_slot34;ControlPoint__v0_slot34;BFSpawnPoint__v0_slot34;PlayerControlObject__v0_slot34;Projectile__v0_slot34;HandFireArms__v0_slot34;ClusterProjectile__v0_slot34;SpawnPoint__v0_slot34
006847c0	gameplay	BFSoldier__v0_slot41	RTTI:00b9033c	BFSoldier__v0_slot41;ControlPoint__v0_slot41;BFSpawnPoint__v0_slot41;PlayerControlObject__v0_slot41;Projectile__v0_slot41;HandFireArms__v0_slot41;ClusterProjectile__v0_slot41;SpawnPoint__v0_slot41
006847d0	gameplay	BFSoldier__v0_slot43	RTTI:00b9033c	BFSoldier__v0_slot43;ControlPoint__v0_slot43;BFSpawnPoint__v0_slot43;PlayerControlObject__v0_slot43;Projectile__v0_slot43;HandFireArms__v0_slot43;ClusterProjectile__v0_slot43;SpawnPoint__v0_slot43
006847e0	gameplay	BFSoldier__v0_slot44	RTTI:00b9033c	BFSoldier__v0_slot44;ControlPoint__v0_slot44;BFSpawnPoint__v0_slot44;PlayerControlObject__v0_slot44;Projectile__v0_slot44;HandFireArms__v0_slot44;ClusterProjectile__v0_slot44;SpawnPoint__v0_slot44
006847f0	gameplay	BFSoldier__v0_slot47	RTTI:00b9033c	BFSoldier__v0_slot47;ControlPoint__v0_slot47;BFSpawnPoint__v0_slot47;PlayerControlObject__v0_slot47;Projectile__v0_slot47;HandFireArms__v0_slot47;ClusterProjectile__v0_slot47;SpawnPoint__v0_slot47
00684800	gameplay	BFSoldier__v0_slot48	RTTI:00b9033c	BFSoldier__v0_slot48;ControlPoint__v0_slot48;BFSpawnPoint__v0_slot48;PlayerControlObject__v0_slot48;Projectile__v0_slot48;HandFireArms__v0_slot48;ClusterProjectile__v0_slot48;SpawnPoint__v0_slot48
00684810	gameplay	BFSoldier__v0_slot22	RTTI:00b9033c	BFSoldier__v0_slot22;ControlPoint__v0_slot22;BFSpawnPoint__v0_slot22;PlayerControlObject__v0_slot22;HandFireArms__v0_slot22;SpawnPoint__v0_slot22
00684890	gameplay	BFSoldier__v0_slot27	RTTI:00b9033c	BFSoldier__v0_slot27;ControlPoint__v0_slot27;BFSpawnPoint__v0_slot27;PlayerControlObject__v0_slot27;Projectile__v0_slot27;HandFireArms__v0_slot27;ClusterProjectile__v0_slot27;SpawnPoint__v0_slot27
006848f0	gameplay	BFSoldier__v0_slot13	RTTI:00b9033c	BFSoldier__v0_slot13;ControlPoint__v0_slot13;PlayerControlObject__v0_slot13;Projectile__v0_slot13;HandFireArms__v0_slot13;ClusterProjectile__v0_slot13;SpawnPoint__v0_slot13
00684930	gameplay	BFSoldier__v0_slot29	RTTI:00b9033c	BFSoldier__v0_slot29;ControlPoint__v0_slot29;BFSpawnPoint__v0_slot29;PlayerControlObject__v0_slot29;Projectile__v0_slot29;HandFireArms__v0_slot29;ClusterProjectile__v0_slot29;SpawnPoint__v0_slot29
00684990	gameplay	BFSoldier__v0_slot15	RTTI:00b9033c	BFSoldier__v0_slot15;ControlPoint__v0_slot15;BFSpawnPoint__v0_slot15;PlayerControlObject__v0_slot15;Projectile__v0_slot15;HandFireArms__v0_slot15;ClusterProjectile__v0_slot15;SpawnPoint__v0_slot15
00684a30	gameplay	BFSoldier__v0_slot09	RTTI:00b9033c	BFSoldier__v0_slot09;ControlPoint__v0_slot09;BFSpawnPoint__v0_slot09;PlayerControlObject__v0_slot09;Projectile__v0_slot09;HandFireArms__v0_slot09;ClusterProjectile__v0_slot09;SpawnPoint__v0_slot09
00684bc0	gameplay	BFSoldier__v0_slot14	RTTI:00b9033c	BFSoldier__v0_slot14;ControlPoint__v0_slot14;PlayerControlObject__v0_slot14;HandFireArms__v0_slot14
00684cf0	gameplay	BFSoldier__v0_slot16	RTTI:00b9033c	BFSoldier__v0_slot16;ControlPoint__v0_slot16;BFSpawnPoint__v0_slot16;PlayerControlObject__v0_slot16;HandFireArms__v0_slot16;SpawnPoint__v0_slot16
00684e00	gameplay	BFSoldier__v0_slot28	RTTI:00b9033c	BFSoldier__v0_slot28;ControlPoint__v0_slot28;BFSpawnPoint__v0_slot28;PlayerControlObject__v0_slot28;Projectile__v0_slot28;HandFireArms__v0_slot28;ClusterProjectile__v0_slot28;SpawnPoint__v0_slot28
00684e30	gameplay	BFSoldier__v0_slot30	RTTI:00b9033c	BFSoldier__v0_slot30;ControlPoint__v0_slot30;BFSpawnPoint__v0_slot30;PlayerControlObject__v0_slot30;Projectile__v0_slot30;HandFireArms__v0_slot30;ClusterProjectile__v0_slot30;SpawnPoint__v0_slot30
00684e60	gameplay	BFSoldier__v0_slot17	RTTI:00b9033c	BFSoldier__v0_slot17;ControlPoint__v0_slot17;BFSpawnPoint__v0_slot17;PlayerControlObject__v0_slot17;Projectile__v0_slot17;HandFireArms__v0_slot17;ClusterProjectile__v0_slot17;SpawnPoint__v0_slot17
00685400	gameplay	BFSoldier__v0_slot12	RTTI:00b9033c	BFSoldier__v0_slot12;ControlPoint__v0_slot12;BFSpawnPoint__v0_slot12;PlayerControlObject__v0_slot12;Projectile__v0_slot12;HandFireArms__v0_slot12;ClusterProjectile__v0_slot12;SpawnPoint__v0_slot12
00685460	gameplay	BFSoldier__v0_slot32	RTTI:00b9033c	BFSoldier__v0_slot32;ControlPoint__v0_slot32;BFSpawnPoint__v0_slot32;PlayerControlObject__v0_slot32;Projectile__v0_slot32;HandFireArms__v0_slot32;ClusterProjectile__v0_slot32;SpawnPoint__v0_slot32
00685550	gameplay	BFSoldier__v0_slot33	RTTI:00b9033c	BFSoldier__v0_slot33;ControlPoint__v0_slot33;BFSpawnPoint__v0_slot33;PlayerControlObject__v0_slot33;Projectile__v0_slot33;HandFireArms__v0_slot33;ClusterProjectile__v0_slot33;SpawnPoint__v0_slot33
00685650	gameplay	BFSoldier__v0_slot35	RTTI:00b9033c	BFSoldier__v0_slot35;ControlPoint__v0_slot35;BFSpawnPoint__v0_slot35;PlayerControlObject__v0_slot35;Projectile__v0_slot35;HandFireArms__v0_slot35;ClusterProjectile__v0_slot35;SpawnPoint__v0_slot35
006856c0	gameplay	BFSoldier__v0_slot36	RTTI:00b9033c	BFSoldier__v0_slot36;ControlPoint__v0_slot36;BFSpawnPoint__v0_slot36;PlayerControlObject__v0_slot36;Projectile__v0_slot36;HandFireArms__v0_slot36;ClusterProjectile__v0_slot36;SpawnPoint__v0_slot36
00685770	gameplay	BFSoldier__v132_slot04	RTTI:00b90320	BFSoldier__v132_slot04;ControlPoint__v132_slot04;PlayerControlObject__v132_slot04;Projectile__v132_slot04;HandFireArms__v132_slot04;ClusterProjectile__v132_slot04;SpawnPoint__v132_slot04
00685a50	gameplay	BFSoldier__v0_slot26	RTTI:00b9033c	BFSoldier__v0_slot26;ControlPoint__v0_slot26;BFSpawnPoint__v0_slot26;PlayerControlObject__v0_slot26;Projectile__v0_slot26;HandFireArms__v0_slot26;ClusterProjectile__v0_slot26;SpawnPoint__v0_slot26
00685e90	gameplay	BFSoldier__v0_slot52	RTTI:00b9033c	BFSoldier__v0_slot52;ControlPoint__v0_slot52;BFSpawnPoint__v0_slot52;PlayerControlObject__v0_slot52;Projectile__v0_slot52;HandFireArms__v0_slot52;ClusterProjectile__v0_slot52;SpawnPoint__v0_slot52
00685ed0	gameplay	BFSoldier__v0_slot08	RTTI:00b9033c	BFSoldier__v0_slot08;ControlPoint__v0_slot08;BFSpawnPoint__v0_slot08;PlayerControlObject__v0_slot08;Projectile__v0_slot08;HandFireArms__v0_slot08;ClusterProjectile__v0_slot08;SpawnPoint__v0_slot08
006865e0	gameplay	Projectile__v0_slot16	RTTI:00b92294	Projectile__v0_slot16;ClusterProjectile__v0_slot16
00686620	gameplay	Projectile__v0_slot14	RTTI:00b92294	Projectile__v0_slot14;ClusterProjectile__v0_slot14
00686660	gameplay	Projectile__v0_slot05	RTTI:00b92294	Projectile__v0_slot05;ClusterProjectile__v0_slot05
00686ea0	gameplay	Projectile__v0_slot22	RTTI:00b92294	Projectile__v0_slot22;ClusterProjectile__v0_slot22
006872f0	gameplay	ProjectileTemplate__v0_slot04	RTTI:00b921f4	ProjectileTemplate__v0_slot04
00687300	gameplay	ProjectileTemplate__v0_slot11	RTTI:00b921f4	ProjectileTemplate__v0_slot11
00687320	gameplay	ProjectileTemplate__v4_slot00	RTTI:00b921d8	ProjectileTemplate__v4_slot00
00687330	gameplay	ProjectileTemplate__v120_slot00	RTTI:00b921cc	ProjectileTemplate__v120_slot00
00687340	gameplay	ProjectileTemplate__v444_slot00	RTTI:00b921a0	ProjectileTemplate__v444_slot00
00687350	gameplay	ProjectileTemplate__v0_slot01	RTTI:00b921f4	ProjectileTemplate__v0_slot01;ClusterProjectileTemplate__v0_slot01
00687360	gameplay	ProjectileTemplate__v0_slot02	RTTI:00b921f4	ProjectileTemplate__v0_slot02;ClusterProjectileTemplate__v0_slot02
00687380	gameplay	ProjectileTemplate__v4_slot01	RTTI:00b921d8	ProjectileTemplate__v4_slot01;ClusterProjectileTemplate__v4_slot01
00687390	gameplay	ProjectileTemplate__v4_slot02	RTTI:00b921d8	ProjectileTemplate__v4_slot02;ClusterProjectileTemplate__v4_slot02
006873a0	gameplay	ProjectileTemplate__v444_slot01	RTTI:00b921a0	ProjectileTemplate__v444_slot01;ClusterProjectileTemplate__v444_slot01
006873b0	gameplay	ProjectileTemplate__v444_slot02	RTTI:00b921a0	ProjectileTemplate__v444_slot02;ClusterProjectileTemplate__v444_slot02
006873c0	gameplay	ProjectileTemplate__v0_slot00	RTTI:00b921f4	ProjectileTemplate__v0_slot00
00687400	gameplay	ClusterProjectile__v0_slot59	RTTI:00b9239c	ClusterProjectile__v0_slot59
00687420	gameplay	ClusterProjectile__v0_slot60	RTTI:00b9239c	ClusterProjectile__v0_slot60
006876b0	gameplay	Projectile__v132_slot00	RTTI:00b9227c	Projectile__v132_slot00
006877b0	gameplay	Projectile__v0_slot18	RTTI:00b92294	Projectile__v0_slot18;ClusterProjectile__v0_slot18
00687990	gameplay	Projectile__v0_slot40	RTTI:00b92294	Projectile__v0_slot40;ClusterProjectile__v0_slot40
00687c80	gameplay	ProjectileTemplate__v0_slot12	RTTI:00b921f4	ProjectileTemplate__v0_slot12
00687d90	gameplay	ClusterProjectile__v0_slot57	RTTI:00b9239c	ClusterProjectile__v0_slot57
00687f80	gameplay	Projectile__v0_slot56	RTTI:00b92294	Projectile__v0_slot56;ClusterProjectile__v0_slot56
006882d0	gameplay	ClusterProjectile__v0_slot20	RTTI:00b9239c	ClusterProjectile__v0_slot20
006883f0	gameplay	Projectile__v0_slot20	RTTI:00b92294	Projectile__v0_slot20
00688a10	gameplay	Projectile__v0_slot49	RTTI:00b92294	Projectile__v0_slot49;ClusterProjectile__v0_slot49
00688a50	gameplay	ProjectileTemplate__v0_slot22	RTTI:00b921f4	ProjectileTemplate__v0_slot22;ClusterProjectileTemplate__v0_slot22
00688aa0	gameplay	ProjectileTemplate__v0_slot13	RTTI:00b921f4	ProjectileTemplate__v0_slot13
00689210	gameplay	ClusterProjectile__v132_slot00	RTTI:00b92384	ClusterProjectile__v132_slot00
006892a0	gameplay	Projectile__v0_slot00	RTTI:00b92294	Projectile__v0_slot00
006895a0	gameplay	ClusterProjectileTemplate__v0_slot13	RTTI:00b9265c	ClusterProjectileTemplate__v0_slot13
00689610	gameplay	ProjectileTemplate__v4_slot04	RTTI:00b921d8	ProjectileTemplate__v4_slot04;ClusterProjectileTemplate__v4_slot04
00689e40	gameplay	ClusterProjectile__v0_slot00	RTTI:00b9239c	ClusterProjectile__v0_slot00
0068a1e0	gameplay	ClusterProjectile__v0_slot58	RTTI:00b9239c	ClusterProjectile__v0_slot58
0068a9b0	gameplay	Projectile__v0_slot21	RTTI:00b92294	Projectile__v0_slot21;ClusterProjectile__v0_slot21
0068b080	gameplay	Projectile__v0_slot04	RTTI:00b92294	Projectile__v0_slot04;ClusterProjectile__v0_slot04
0068b2c0	gameplay	ClusterProjectileTemplate__v0_slot04	RTTI:00b9265c	ClusterProjectileTemplate__v0_slot04
0068b2d0	gameplay	ClusterProjectileTemplate__v0_slot11	RTTI:00b9265c	ClusterProjectileTemplate__v0_slot11
0068b300	gameplay	ClusterProjectileTemplate__v4_slot00	RTTI:00b92640	ClusterProjectileTemplate__v4_slot00
0068b310	gameplay	ClusterProjectileTemplate__v120_slot00	RTTI:00b92634	ClusterProjectileTemplate__v120_slot00
0068b320	gameplay	ClusterProjectileTemplate__v444_slot00	RTTI:00b92608	ClusterProjectileTemplate__v444_slot00
0068b330	gameplay	ClusterProjectileTemplate__v0_slot12	RTTI:00b9265c	ClusterProjectileTemplate__v0_slot12
0068b360	gameplay	ClusterProjectileTemplate__v0_slot00	RTTI:00b9265c	ClusterProjectileTemplate__v0_slot00
0068c4c0	gameplay	BFSoldierTemplate__v4_slot01	RTTI:00b904d0	BFSoldierTemplate__v4_slot01
0068c4d0	gameplay	BFSoldierTemplate__v4_slot02	RTTI:00b904d0	BFSoldierTemplate__v4_slot02
0068c4e0	gameplay	BFSoldierTemplate__v444_slot01	RTTI:00b90498	BFSoldierTemplate__v444_slot01
0068c4f0	gameplay	BFSoldierTemplate__v444_slot02	RTTI:00b90498	BFSoldierTemplate__v444_slot02
0068c500	gameplay	BFSoldierTemplate__v472_slot01	RTTI:00b9047c	BFSoldierTemplate__v472_slot01
0068c510	gameplay	BFSoldierTemplate__v472_slot02	RTTI:00b9047c	BFSoldierTemplate__v472_slot02
0068cea0	gameplay	ControlPoint__v132_slot01	RTTI:00b90c7c	ControlPoint__v132_slot01;BFSpawnPoint__v132_slot01;PlayerControlObject__v132_slot01;SpawnPoint__v132_slot01
0068ceb0	gameplay	ControlPoint__v132_slot02	RTTI:00b90c7c	ControlPoint__v132_slot02;BFSpawnPoint__v132_slot02;PlayerControlObject__v132_slot02;SpawnPoint__v132_slot02
0068cec0	gameplay	ControlPoint__v352_slot01	RTTI:00b90c50	ControlPoint__v352_slot01;BFSpawnPoint__v352_slot01;PlayerControlObject__v352_slot01;SpawnPoint__v352_slot01
0068ced0	gameplay	ControlPoint__v352_slot02	RTTI:00b90c50	ControlPoint__v352_slot02;BFSpawnPoint__v352_slot02;PlayerControlObject__v352_slot02;SpawnPoint__v352_slot02
00690e80	gameplay	Projectile__v0_slot03	RTTI:00b92294	Projectile__v0_slot03;ClusterProjectile__v0_slot03
00690ed0	gameplay	Projectile__v132_slot03	RTTI:00b9227c	Projectile__v132_slot03;ClusterProjectile__v132_slot03
006915f0	gameplay	BFSpawnPointTemplate__v4_slot03	RTTI:00b73b20	BFSpawnPointTemplate__v4_slot03;SpawnPointTemplate__v4_slot03
00691610	gameplay	BFSpawnPointTemplate__v0_slot01	RTTI:00b73b3c	BFSpawnPointTemplate__v0_slot01;SpawnPointTemplate__v0_slot01
00691620	gameplay	BFSpawnPointTemplate__v0_slot02	RTTI:00b73b3c	BFSpawnPointTemplate__v0_slot02;SpawnPointTemplate__v0_slot02
00691640	gameplay	BFSpawnPointTemplate__v4_slot01	RTTI:00b73b20	BFSpawnPointTemplate__v4_slot01;SpawnPointTemplate__v4_slot01
00691650	gameplay	BFSpawnPointTemplate__v4_slot02	RTTI:00b73b20	BFSpawnPointTemplate__v4_slot02;SpawnPointTemplate__v4_slot02
00694520	gameplay	BFSoldierTemplate__v120_slot01	RTTI:00b904c4	BFSoldierTemplate__v120_slot01;BFSpawnPointTemplate__v120_slot01;PlayerControlObjectTemplate__v120_slot01;ControlPointTemplate__v120_slot01;HandFireArmsTemplate__v120_slot01;ProjectileTemplate__v120_slot01;ClusterProjectileTemplate__v120_slot01;SpawnPointTemplate__v120_slot01
006945d0	gameplay	BFSoldierTemplate__v0_slot30	RTTI:00b904ec	BFSoldierTemplate__v0_slot30;BFSpawnPointTemplate__v0_slot30;PlayerControlObjectTemplate__v0_slot30;ControlPointTemplate__v0_slot30;HandFireArmsTemplate__v0_slot30;ProjectileTemplate__v0_slot30;ClusterProjectileTemplate__v0_slot30;SpawnPointTemplate__v0_slot30
00694630	gameplay	BFSoldierTemplate__v0_slot28	RTTI:00b904ec	BFSoldierTemplate__v0_slot28;BFSpawnPointTemplate__v0_slot28;PlayerControlObjectTemplate__v0_slot28;ControlPointTemplate__v0_slot28;HandFireArmsTemplate__v0_slot28;ProjectileTemplate__v0_slot28;ClusterProjectileTemplate__v0_slot28;SpawnPointTemplate__v0_slot28
00694670	gameplay	BFSoldierTemplate__v0_slot26	RTTI:00b904ec	BFSoldierTemplate__v0_slot26;BFSpawnPointTemplate__v0_slot26;PlayerControlObjectTemplate__v0_slot26;ControlPointTemplate__v0_slot26;HandFireArmsTemplate__v0_slot26;ProjectileTemplate__v0_slot26;ClusterProjectileTemplate__v0_slot26;SpawnPointTemplate__v0_slot26
00694bc0	gameplay	BFSpawnPointTemplate__v0_slot13	RTTI:00b73b3c	BFSpawnPointTemplate__v0_slot13;SpawnPointTemplate__v0_slot13
00694d00	gameplay	BFSoldierTemplate__v0_slot27	RTTI:00b904ec	BFSoldierTemplate__v0_slot27;BFSpawnPointTemplate__v0_slot27;PlayerControlObjectTemplate__v0_slot27;ControlPointTemplate__v0_slot27;HandFireArmsTemplate__v0_slot27;ProjectileTemplate__v0_slot27;ClusterProjectileTemplate__v0_slot27;SpawnPointTemplate__v0_slot27
00694de0	gameplay	BFSoldierTemplate__v0_slot25	RTTI:00b904ec	BFSoldierTemplate__v0_slot25;BFSpawnPointTemplate__v0_slot25;PlayerControlObjectTemplate__v0_slot25;ControlPointTemplate__v0_slot25;HandFireArmsTemplate__v0_slot25;ProjectileTemplate__v0_slot25;ClusterProjectileTemplate__v0_slot25;SpawnPointTemplate__v0_slot25
00695d50	gameplay	BFSoldierTemplate__v0_slot29	RTTI:00b904ec	BFSoldierTemplate__v0_slot29;BFSpawnPointTemplate__v0_slot29;PlayerControlObjectTemplate__v0_slot29;ControlPointTemplate__v0_slot29;HandFireArmsTemplate__v0_slot29;ProjectileTemplate__v0_slot29;ClusterProjectileTemplate__v0_slot29;SpawnPointTemplate__v0_slot29
00696270	gameplay	BFSpawnPointTemplate__v4_slot00	RTTI:00b73b20	BFSpawnPointTemplate__v4_slot00;SpawnPointTemplate__v4_slot00
00696280	gameplay	BFSpawnPointTemplate__v120_slot00	RTTI:00b73b14	BFSpawnPointTemplate__v120_slot00;SpawnPointTemplate__v120_slot00
00696520	gameplay	PlayerControlObject__v0_slot05	RTTI:00b93d24	PlayerControlObject__v0_slot05
00696540	gameplay	PlayerControlObject__v0_slot06	RTTI:00b93d24	PlayerControlObject__v0_slot06
00696570	gameplay	PlayerControlObject__v0_slot40	RTTI:00b93d24	PlayerControlObject__v0_slot40
00696690	gameplay	PlayerControlObject__v352_slot25	RTTI:00b93c44	PlayerControlObject__v352_slot25
006966a0	gameplay	PlayerControlObject__v352_slot26	RTTI:00b93c44	PlayerControlObject__v352_slot26
006966b0	gameplay	PlayerControlObject__v352_slot27	RTTI:00b93c44	PlayerControlObject__v352_slot27
006967d0	gameplay	PlayerControlObject__v352_slot18	RTTI:00b93c44	PlayerControlObject__v352_slot18
006967e0	gameplay	PlayerControlObject__v352_slot19	RTTI:00b93c44	PlayerControlObject__v352_slot19
00696900	gameplay	PlayerControlObjectTemplate__v0_slot34	RTTI:00b93b94	PlayerControlObjectTemplate__v0_slot34
00696950	gameplay	PlayerControlObjectTemplate__v0_slot04	RTTI:00b93b94	PlayerControlObjectTemplate__v0_slot04
00696960	gameplay	PlayerControlObjectTemplate__v0_slot11	RTTI:00b93b94	PlayerControlObjectTemplate__v0_slot11
00696980	gameplay	PlayerControlObject__v352_slot28	RTTI:00b93c44	PlayerControlObject__v352_slot28
006969d0	gameplay	PlayerControlObject__v0_slot58	RTTI:00b93d24	PlayerControlObject__v0_slot58
006969f0	gameplay	PlayerControlObject__v0_slot59	RTTI:00b93d24	PlayerControlObject__v0_slot59
00696b10	gameplay	PlayerControlObject__v0_slot57	RTTI:00b93d24	PlayerControlObject__v0_slot57
00696c40	gameplay	PlayerControlObject__v352_slot11	RTTI:00b93c44	PlayerControlObject__v352_slot11
00696df0	gameplay	PlayerControlObject__v0_slot21	RTTI:00b93d24	PlayerControlObject__v0_slot21
00697050	gameplay	PlayerControlObject__v352_slot16	RTTI:00b93c44	PlayerControlObject__v352_slot16
00697090	gameplay	PlayerControlObject__v0_slot20	RTTI:00b93d24	PlayerControlObject__v0_slot20
00697560	gameplay	PlayerControlObject__v352_slot15	RTTI:00b93c44	PlayerControlObject__v352_slot15
00697580	gameplay	PlayerControlObject__v0_slot49	RTTI:00b93d24	PlayerControlObject__v0_slot49
00697ae0	gameplay	PlayerControlObject__v0_slot39	RTTI:00b93d24	PlayerControlObject__v0_slot39
00697bb0	gameplay	PlayerControlObjectTemplate__v0_slot13	RTTI:00b93b94	PlayerControlObjectTemplate__v0_slot13
00697e70	gameplay	PlayerControlObject__v352_slot24	RTTI:00b93c44	PlayerControlObject__v352_slot24
00698000	gameplay	PlayerControlObject__v352_slot09	RTTI:00b93c44	PlayerControlObject__v352_slot09
006983f0	gameplay	PlayerControlObjectTemplate__v4_slot04	RTTI:00b93b7c	PlayerControlObjectTemplate__v4_slot04
00699420	gameplay	PlayerControlObject__v352_slot10	RTTI:00b93c44	PlayerControlObject__v352_slot10
00699c90	gameplay	PlayerControlObjectTemplate__v0_slot03	RTTI:00b93b94	PlayerControlObjectTemplate__v0_slot03
00699cf0	gameplay	PlayerControlObjectTemplate__v472_slot05	RTTI:00b93a14	PlayerControlObjectTemplate__v472_slot05
00699d00	gameplay	PlayerControlObjectTemplate__v472_slot06	RTTI:00b93a14	PlayerControlObjectTemplate__v472_slot06
00699d30	gameplay	PlayerControlObjectTemplate__v472_slot09	RTTI:00b93a14	PlayerControlObjectTemplate__v472_slot09
00699d40	gameplay	PlayerControlObjectTemplate__v472_slot12	RTTI:00b93a14	PlayerControlObjectTemplate__v472_slot12
00699d60	gameplay	PlayerControlObjectTemplate__v472_slot13	RTTI:00b93a14	PlayerControlObjectTemplate__v472_slot13
00699d80	gameplay	PlayerControlObjectTemplate__v472_slot14	RTTI:00b93a14	PlayerControlObjectTemplate__v472_slot14
00699d90	gameplay	PlayerControlObjectTemplate__v472_slot15	RTTI:00b93a14	PlayerControlObjectTemplate__v472_slot15
00699da0	gameplay	PlayerControlObjectTemplate__v472_slot18	RTTI:00b93a14	PlayerControlObjectTemplate__v472_slot18
00699db0	gameplay	PlayerControlObjectTemplate__v472_slot19	RTTI:00b93a14	PlayerControlObjectTemplate__v472_slot19
00699dc0	gameplay	PlayerControlObjectTemplate__v472_slot22	RTTI:00b93a14	PlayerControlObjectTemplate__v472_slot22
00699dd0	gameplay	PlayerControlObjectTemplate__v472_slot23	RTTI:00b93a14	PlayerControlObjectTemplate__v472_slot23
00699de0	gameplay	PlayerControlObjectTemplate__v472_slot24	RTTI:00b93a14	PlayerControlObjectTemplate__v472_slot24
00699df0	gameplay	PlayerControlObjectTemplate__v472_slot25	RTTI:00b93a14	PlayerControlObjectTemplate__v472_slot25
00699e00	gameplay	PlayerControlObjectTemplate__v472_slot27	RTTI:00b93a14	PlayerControlObjectTemplate__v472_slot27
00699e10	gameplay	PlayerControlObjectTemplate__v472_slot28	RTTI:00b93a14	PlayerControlObjectTemplate__v472_slot28
00699e20	gameplay	PlayerControlObjectTemplate__v472_slot29	RTTI:00b93a14	PlayerControlObjectTemplate__v472_slot29
00699e30	gameplay	PlayerControlObjectTemplate__v472_slot30	RTTI:00b93a14	PlayerControlObjectTemplate__v472_slot30
00699e40	gameplay	PlayerControlObjectTemplate__v472_slot31	RTTI:00b93a14	PlayerControlObjectTemplate__v472_slot31
00699e50	gameplay	PlayerControlObjectTemplate__v472_slot34	RTTI:00b93a14	PlayerControlObjectTemplate__v472_slot34
00699e60	gameplay	PlayerControlObjectTemplate__v472_slot35	RTTI:00b93a14	PlayerControlObjectTemplate__v472_slot35
00699e70	gameplay	PlayerControlObjectTemplate__v472_slot37	RTTI:00b93a14	PlayerControlObjectTemplate__v472_slot37
00699e80	gameplay	PlayerControlObjectTemplate__v472_slot42	RTTI:00b93a14	PlayerControlObjectTemplate__v472_slot42
00699e90	gameplay	PlayerControlObjectTemplate__v472_slot43	RTTI:00b93a14	PlayerControlObjectTemplate__v472_slot43
00699ea0	gameplay	PlayerControlObjectTemplate__v472_slot44	RTTI:00b93a14	PlayerControlObjectTemplate__v472_slot44
00699eb0	gameplay	PlayerControlObjectTemplate__v472_slot45	RTTI:00b93a14	PlayerControlObjectTemplate__v472_slot45
00699ec0	gameplay	PlayerControlObjectTemplate__v472_slot46	RTTI:00b93a14	PlayerControlObjectTemplate__v472_slot46
00699f00	gameplay	PlayerControlObjectTemplate__v472_slot47	RTTI:00b93a14	PlayerControlObjectTemplate__v472_slot47
00699f10	gameplay	PlayerControlObjectTemplate__v472_slot48	RTTI:00b93a14	PlayerControlObjectTemplate__v472_slot48
00699f20	gameplay	PlayerControlObjectTemplate__v472_slot49	RTTI:00b93a14	PlayerControlObjectTemplate__v472_slot49
00699f30	gameplay	PlayerControlObjectTemplate__v472_slot50	RTTI:00b93a14	PlayerControlObjectTemplate__v472_slot50
00699f40	gameplay	PlayerControlObjectTemplate__v472_slot51	RTTI:00b93a14	PlayerControlObjectTemplate__v472_slot51
00699f50	gameplay	PlayerControlObjectTemplate__v472_slot52	RTTI:00b93a14	PlayerControlObjectTemplate__v472_slot52
00699f60	gameplay	PlayerControlObjectTemplate__v472_slot53	RTTI:00b93a14	PlayerControlObjectTemplate__v472_slot53
00699f70	gameplay	PlayerControlObjectTemplate__v472_slot54	RTTI:00b93a14	PlayerControlObjectTemplate__v472_slot54
00699f80	gameplay	PlayerControlObjectTemplate__v472_slot56	RTTI:00b93a14	PlayerControlObjectTemplate__v472_slot56
00699f90	gameplay	PlayerControlObjectTemplate__v472_slot57	RTTI:00b93a14	PlayerControlObjectTemplate__v472_slot57
00699fa0	gameplay	PlayerControlObjectTemplate__v472_slot58	RTTI:00b93a14	PlayerControlObjectTemplate__v472_slot58
00699fb0	gameplay	PlayerControlObjectTemplate__v472_slot59	RTTI:00b93a14	PlayerControlObjectTemplate__v472_slot59
00699fc0	gameplay	PlayerControlObjectTemplate__v472_slot60	RTTI:00b93a14	PlayerControlObjectTemplate__v472_slot60
00699fd0	gameplay	PlayerControlObjectTemplate__v472_slot61	RTTI:00b93a14	PlayerControlObjectTemplate__v472_slot61
00699fe0	gameplay	PlayerControlObjectTemplate__v472_slot62	RTTI:00b93a14	PlayerControlObjectTemplate__v472_slot62
00699ff0	gameplay	PlayerControlObjectTemplate__v472_slot63	RTTI:00b93a14	PlayerControlObjectTemplate__v472_slot63
0069a000	gameplay	PlayerControlObjectTemplate__v472_slot64	RTTI:00b93a14	PlayerControlObjectTemplate__v472_slot64
0069a010	gameplay	PlayerControlObjectTemplate__v0_slot36	RTTI:00b93b94	PlayerControlObjectTemplate__v0_slot36
0069a020	gameplay	PlayerControlObjectTemplate__v0_slot37	RTTI:00b93b94	PlayerControlObjectTemplate__v0_slot37
0069a030	gameplay	PlayerControlObjectTemplate__v0_slot38	RTTI:00b93b94	PlayerControlObjectTemplate__v0_slot38
0069a040	gameplay	PlayerControlObjectTemplate__v472_slot65	RTTI:00b93a14	PlayerControlObjectTemplate__v472_slot65
0069a060	gameplay	PlayerControlObjectTemplate__v472_slot67	RTTI:00b93a14	PlayerControlObjectTemplate__v472_slot67
0069a080	gameplay	PlayerControlObjectTemplate__v472_slot71	RTTI:00b93a14	PlayerControlObjectTemplate__v472_slot71
0069a090	gameplay	PlayerControlObjectTemplate__v472_slot72	RTTI:00b93a14	PlayerControlObjectTemplate__v472_slot72
0069a0a0	gameplay	PlayerControlObjectTemplate__v472_slot69	RTTI:00b93a14	PlayerControlObjectTemplate__v472_slot69
0069a0b0	gameplay	PlayerControlObjectTemplate__v472_slot70	RTTI:00b93a14	PlayerControlObjectTemplate__v472_slot70
0069a0c0	gameplay	PlayerControlObjectTemplate__v0_slot39	RTTI:00b93b94	PlayerControlObjectTemplate__v0_slot39
0069a0d0	gameplay	PlayerControlObjectTemplate__v0_slot40	RTTI:00b93b94	PlayerControlObjectTemplate__v0_slot40
0069a0e0	gameplay	PlayerControlObjectTemplate__v472_slot73	RTTI:00b93a14	PlayerControlObjectTemplate__v472_slot73
0069a100	gameplay	PlayerControlObjectTemplate__v472_slot74	RTTI:00b93a14	PlayerControlObjectTemplate__v472_slot74
0069a110	gameplay	PlayerControlObjectTemplate__v0_slot41	RTTI:00b93b94	PlayerControlObjectTemplate__v0_slot41
0069a120	gameplay	PlayerControlObjectTemplate__v0_slot42	RTTI:00b93b94	PlayerControlObjectTemplate__v0_slot42
0069a130	gameplay	PlayerControlObjectTemplate__v4_slot00	RTTI:00b93b7c	PlayerControlObjectTemplate__v4_slot00
0069a140	gameplay	PlayerControlObjectTemplate__v4_slot03	RTTI:00b93b7c	PlayerControlObjectTemplate__v4_slot03
0069a150	gameplay	PlayerControlObjectTemplate__v120_slot00	RTTI:00b93b70	PlayerControlObjectTemplate__v120_slot00
0069a160	gameplay	PlayerControlObjectTemplate__v444_slot00	RTTI:00b93b44	PlayerControlObjectTemplate__v444_slot00
0069a170	gameplay	PlayerControlObjectTemplate__v444_slot03	RTTI:00b93b44	PlayerControlObjectTemplate__v444_slot03
0069a180	gameplay	PlayerControlObjectTemplate__v472_slot00	RTTI:00b93a14	PlayerControlObjectTemplate__v472_slot00
0069a190	gameplay	PlayerControlObjectTemplate__v472_slot03	RTTI:00b93a14	PlayerControlObjectTemplate__v472_slot03
0069a1a0	gameplay	PlayerControlObjectTemplate__v0_slot01	RTTI:00b93b94	PlayerControlObjectTemplate__v0_slot01
0069a1b0	gameplay	PlayerControlObjectTemplate__v0_slot02	RTTI:00b93b94	PlayerControlObjectTemplate__v0_slot02
0069a1d0	gameplay	PlayerControlObjectTemplate__v4_slot01	RTTI:00b93b7c	PlayerControlObjectTemplate__v4_slot01
0069a1e0	gameplay	PlayerControlObjectTemplate__v4_slot02	RTTI:00b93b7c	PlayerControlObjectTemplate__v4_slot02
0069a1f0	gameplay	PlayerControlObjectTemplate__v444_slot01	RTTI:00b93b44	PlayerControlObjectTemplate__v444_slot01
0069a200	gameplay	PlayerControlObjectTemplate__v444_slot02	RTTI:00b93b44	PlayerControlObjectTemplate__v444_slot02
0069a210	gameplay	PlayerControlObjectTemplate__v472_slot01	RTTI:00b93a14	PlayerControlObjectTemplate__v472_slot01
0069a220	gameplay	PlayerControlObjectTemplate__v472_slot02	RTTI:00b93a14	PlayerControlObjectTemplate__v472_slot02
0069a230	gameplay	PlayerControlObjectTemplate__v472_slot11	RTTI:00b93a14	PlayerControlObjectTemplate__v472_slot11
0069a260	gameplay	PlayerControlObjectTemplate__v472_slot17	RTTI:00b93a14	PlayerControlObjectTemplate__v472_slot17
0069a290	gameplay	PlayerControlObjectTemplate__v472_slot21	RTTI:00b93a14	PlayerControlObjectTemplate__v472_slot21
0069a2c0	gameplay	PlayerControlObjectTemplate__v472_slot33	RTTI:00b93a14	PlayerControlObjectTemplate__v472_slot33
0069a2f0	gameplay	PlayerControlObjectTemplate__v472_slot41	RTTI:00b93a14	PlayerControlObjectTemplate__v472_slot41
0069a320	gameplay	PlayerControlObjectTemplate__v472_slot10	RTTI:00b93a14	PlayerControlObjectTemplate__v472_slot10
0069a350	gameplay	PlayerControlObjectTemplate__v472_slot16	RTTI:00b93a14	PlayerControlObjectTemplate__v472_slot16
0069a380	gameplay	PlayerControlObjectTemplate__v472_slot20	RTTI:00b93a14	PlayerControlObjectTemplate__v472_slot20
0069a3b0	gameplay	PlayerControlObjectTemplate__v472_slot32	RTTI:00b93a14	PlayerControlObjectTemplate__v472_slot32
0069a3e0	gameplay	PlayerControlObjectTemplate__v472_slot40	RTTI:00b93a14	PlayerControlObjectTemplate__v472_slot40
0069a410	gameplay	PlayerControlObjectTemplate__v0_slot00	RTTI:00b93b94	PlayerControlObjectTemplate__v0_slot00
0069a5b0	gameplay	PlayerControlObjectTemplate__v0_slot33	RTTI:00b93b94	PlayerControlObjectTemplate__v0_slot33
0069a750	gameplay	PlayerControlObject__v0_slot03	RTTI:00b93d24	PlayerControlObject__v0_slot03
0069a7a0	gameplay	PlayerControlObject__v352_slot08	RTTI:00b93c44	PlayerControlObject__v352_slot08
0069a7b0	gameplay	PlayerControlObject__v352_slot13	RTTI:00b93c44	PlayerControlObject__v352_slot13
0069a7c0	gameplay	PlayerControlObject__v0_slot56	RTTI:00b93d24	PlayerControlObject__v0_slot56
0069a810	gameplay	PlayerControlObject__v132_slot00	RTTI:00b93d08	PlayerControlObject__v132_slot00
0069a820	gameplay	PlayerControlObject__v132_slot03	RTTI:00b93d08	PlayerControlObject__v132_slot03
0069a830	gameplay	PlayerControlObject__v352_slot00	RTTI:00b93c44	PlayerControlObject__v352_slot00
0069a840	gameplay	PlayerControlObject__v352_slot03	RTTI:00b93c44	PlayerControlObject__v352_slot03
0069a850	gameplay	ControlPoint__v0_slot01	RTTI:00b90c94	ControlPoint__v0_slot01;BFSpawnPoint__v0_slot01;PlayerControlObject__v0_slot01;SpawnPoint__v0_slot01
0069a860	gameplay	PlayerControlObject__v352_slot22	RTTI:00b93c44	PlayerControlObject__v352_slot22
0069a880	gameplay	PlayerControlObject__v352_slot20	RTTI:00b93c44	PlayerControlObject__v352_slot20
0069a890	gameplay	PlayerControlObject__v352_slot21	RTTI:00b93c44	PlayerControlObject__v352_slot21
0069aa90	gameplay	PlayerControlObject__v0_slot00	RTTI:00b93d24	PlayerControlObject__v0_slot00
0069aab0	gameplay	PlayerControlObjectTemplate__v0_slot12	RTTI:00b93b94	PlayerControlObjectTemplate__v0_slot12
0069ae80	gameplay	PlayerControlObject__v0_slot04	RTTI:00b93d24	PlayerControlObject__v0_slot04
0069afe0	gameplay	SpringNetworkable__v0_slot04	RTTI:00b80604	SpringNetworkable__v0_slot04
0069b070	gameplay	SpringNetworkable__v0_slot06	RTTI:00b80604	SpringNetworkable__v0_slot06
0069b390	gameplay	SpringNetworkable__v0_slot07	RTTI:00b80604	SpringNetworkable__v0_slot07
0069b480	gameplay	SpringNetworkable__v0_slot08	RTTI:00b80604	SpringNetworkable__v0_slot08
0069fbd0	gameplay	BFSoldier__v0_slot42	RTTI:00b9033c	BFSoldier__v0_slot42;ControlPoint__v0_slot42;PlayerControlObject__v0_slot42;Projectile__v0_slot42;HandFireArms__v0_slot42;ClusterProjectile__v0_slot42
0069fc70	gameplay	ControlPoint__v0_slot40	RTTI:00b90c94	ControlPoint__v0_slot40
0069ff50	gameplay	SpawnPointManager__v0_slot06	RTTI:00b95194	SpawnPointManager__v0_slot06
006a01f0	gameplay	SpawnPointManager__v0_slot05	RTTI:00b95194	SpawnPointManager__v0_slot05
006a0500	gameplay	SpawnPointManager__v0_slot03	RTTI:00b95194	SpawnPointManager__v0_slot03
006a05f0	gameplay	SpawnPointManager__v0_slot00	RTTI:00b95194	SpawnPointManager__v0_slot00
006a0610	gameplay	SpawnPointManager__v0_slot04	RTTI:00b95194	SpawnPointManager__v0_slot04
006a4300	gameplay	BFSoldierTemplate__v444_slot07	RTTI:00b90498	BFSoldierTemplate__v444_slot07;PlayerControlObjectTemplate__v444_slot07;ControlPointTemplate__v444_slot07;HandFireArmsTemplate__v444_slot07;ProjectileTemplate__v444_slot07;ClusterProjectileTemplate__v444_slot07
006a43d0	gameplay	BFSoldierTemplate__v444_slot09	RTTI:00b90498	BFSoldierTemplate__v444_slot09;PlayerControlObjectTemplate__v444_slot09;ControlPointTemplate__v444_slot09;HandFireArmsTemplate__v444_slot09;ProjectileTemplate__v444_slot09;ClusterProjectileTemplate__v444_slot09
006a4510	gameplay	BFSoldierTemplate__v444_slot05	RTTI:00b90498	BFSoldierTemplate__v444_slot05;PlayerControlObjectTemplate__v444_slot05;ControlPointTemplate__v444_slot05;HandFireArmsTemplate__v444_slot05;ProjectileTemplate__v444_slot05;ClusterProjectileTemplate__v444_slot05
006a4680	gameplay	BFSoldierTemplate__v444_slot08	RTTI:00b90498	BFSoldierTemplate__v444_slot08;PlayerControlObjectTemplate__v444_slot08;ControlPointTemplate__v444_slot08;HandFireArmsTemplate__v444_slot08;ProjectileTemplate__v444_slot08;ClusterProjectileTemplate__v444_slot08
006a4870	gameplay	BFSoldierTemplate__v0_slot31	RTTI:00b904ec	BFSoldierTemplate__v0_slot31;PlayerControlObjectTemplate__v0_slot31;ControlPointTemplate__v0_slot31;HandFireArmsTemplate__v0_slot31;ProjectileTemplate__v0_slot31;ClusterProjectileTemplate__v0_slot31
006a49e0	gameplay	BFSoldierTemplate__v4_slot04	RTTI:00b904d0	BFSoldierTemplate__v4_slot04
006a4c80	gameplay	BFSoldierTemplate__v0_slot32	RTTI:00b904ec	BFSoldierTemplate__v0_slot32;PlayerControlObjectTemplate__v0_slot32;ControlPointTemplate__v0_slot32;HandFireArmsTemplate__v0_slot32;ProjectileTemplate__v0_slot32;ClusterProjectileTemplate__v0_slot32
006a5360	gameplay	BFSoldierTemplate__v444_slot04	RTTI:00b90498	BFSoldierTemplate__v444_slot04;PlayerControlObjectTemplate__v444_slot04;ControlPointTemplate__v444_slot04;HandFireArmsTemplate__v444_slot04;ProjectileTemplate__v444_slot04;ClusterProjectileTemplate__v444_slot04
006a8e00	gameplay	SpawnPointTemplate__v0_slot12	RTTI:00b9606c	SpawnPointTemplate__v0_slot12
006a8ea0	gameplay	SpawnPointTemplate__v0_slot04	RTTI:00b9606c	SpawnPointTemplate__v0_slot04
006a8eb0	gameplay	SpawnPointTemplate__v0_slot11	RTTI:00b9606c	SpawnPointTemplate__v0_slot11
006a8ee0	gameplay	SpawnPointTemplate__v4_slot04	RTTI:00b96050	SpawnPointTemplate__v4_slot04
006a9260	gameplay	ResponsePhysics__v0_slot05	RTTI:00ba3a1c	ResponsePhysics__v0_slot05;StaticResponsePhysics__v0_slot05;PointResponsePhysics__v0_slot05
006a9320	gameplay	PointResponsePhysics__v0_slot11	RTTI:00ba3f0c	PointResponsePhysics__v0_slot11
006a9880	gameplay	ResponsePhysics__v0_slot11	RTTI:00ba3a1c	ResponsePhysics__v0_slot11
006c2350	gameplay	NetworkableInfoManager__v0_slot08	RTTI:00b9d074	NetworkableInfoManager__v0_slot08
006c2370	gameplay	NetworkableInfoManager__v0_slot07	RTTI:00b9d074	NetworkableInfoManager__v0_slot07
006c25b0	gameplay	NetworkableInfoManager__v0_slot05	RTTI:00b9d074	NetworkableInfoManager__v0_slot05
006c25f0	gameplay	NetworkableInfoManager__v0_slot04	RTTI:00b9d074	NetworkableInfoManager__v0_slot04
006c2630	gameplay	NetworkableInfoManager__v0_slot12	RTTI:00b9d074	NetworkableInfoManager__v0_slot12
006c2c80	gameplay	NetworkableInfoManager__v0_slot11	RTTI:00b9d074	NetworkableInfoManager__v0_slot11
006c2df0	gameplay	NetworkableInfoManager__v0_slot13	RTTI:00b9d074	NetworkableInfoManager__v0_slot13
006c2ee0	gameplay	NetworkableInfoManager__v0_slot06	RTTI:00b9d074	NetworkableInfoManager__v0_slot06
006c3000	gameplay	NetworkableInfoManager__v0_slot03	RTTI:00b9d074	NetworkableInfoManager__v0_slot03
006c3030	gameplay	NetworkableInfoManager__v0_slot00	RTTI:00b9d074	NetworkableInfoManager__v0_slot00
006c3270	gameplay	SimpleObjectNetworkable__v0_slot05	RTTI:00b8049c	SimpleObjectNetworkable__v0_slot05
006c3480	gameplay	SimpleObjectNetworkable__v0_slot04	RTTI:00b8049c	SimpleObjectNetworkable__v0_slot04
006c3680	gameplay	SimpleObjectNetworkable__v0_slot06	RTTI:00b8049c	SimpleObjectNetworkable__v0_slot06
006c39b0	gameplay	SimpleObjectNetworkable__v0_slot09	RTTI:00b8049c	SimpleObjectNetworkable__v0_slot09
006c3ad0	gameplay	SimpleObjectNetworkable__v56_slot04	RTTI:00b80484	SimpleObjectNetworkable__v56_slot04
006c4870	gameplay	SimpleObjectNetworkable__v0_slot07	RTTI:00b8049c	SimpleObjectNetworkable__v0_slot07
006c4c30	gameplay	SimpleObjectNetworkable__v0_slot08	RTTI:00b8049c	SimpleObjectNetworkable__v0_slot08
006c5430	gameplay	RotationalBundleNetworkable__v0_slot05	RTTI:00b804e4	RotationalBundleNetworkable__v0_slot05
006c5440	gameplay	RotationalBundleNetworkable__v0_slot06	RTTI:00b804e4	RotationalBundleNetworkable__v0_slot06
006c56c0	gameplay	RotationalBundleNetworkable__v0_slot04	RTTI:00b804e4	RotationalBundleNetworkable__v0_slot04
006c5820	gameplay	RotationalBundleNetworkable__v0_slot09	RTTI:00b804e4	RotationalBundleNetworkable__v0_slot09
006c5890	gameplay	RotationalBundleNetworkable__v56_slot04	RTTI:00b804cc	RotationalBundleNetworkable__v56_slot04
006c5fe0	gameplay	RotationalBundleNetworkable__v0_slot07	RTTI:00b804e4	RotationalBundleNetworkable__v0_slot07
006c61a0	gameplay	RotationalBundleNetworkable__v0_slot08	RTTI:00b804e4	RotationalBundleNetworkable__v0_slot08
006c6760	gameplay	FreeCameraNetworkable__v0_slot06	RTTI:00b8052c	FreeCameraNetworkable__v0_slot06
006c68b0	gameplay	FreeCameraNetworkable__v0_slot04	RTTI:00b8052c	FreeCameraNetworkable__v0_slot04
006c69e0	gameplay	FreeCameraNetworkable__v56_slot04	RTTI:00b80514	FreeCameraNetworkable__v56_slot04
006c6d50	gameplay	FreeCameraNetworkable__v0_slot07	RTTI:00b8052c	FreeCameraNetworkable__v0_slot07
006c6e90	gameplay	FreeCameraNetworkable__v0_slot08	RTTI:00b8052c	FreeCameraNetworkable__v0_slot08
006c72d0	gameplay	BFSoldierNetworkable__v0_slot05	RTTI:00b80574	BFSoldierNetworkable__v0_slot05
006c72e0	gameplay	BFSoldierNetworkable__v0_slot06	RTTI:00b80574	BFSoldierNetworkable__v0_slot06
006c77a0	gameplay	BFSoldierNetworkable__v0_slot04	RTTI:00b80574	BFSoldierNetworkable__v0_slot04
006c7a00	gameplay	BFSoldierNetworkable__v0_slot09	RTTI:00b80574	BFSoldierNetworkable__v0_slot09
006c7ae0	gameplay	BFSoldierNetworkable__v56_slot04	RTTI:00b8055c	BFSoldierNetworkable__v56_slot04
006c8a50	gameplay	BFSoldierNetworkable__v0_slot07	RTTI:00b80574	BFSoldierNetworkable__v0_slot07
006c8f40	gameplay	BFSoldierNetworkable__v0_slot08	RTTI:00b80574	BFSoldierNetworkable__v0_slot08
006c9890	gameplay	ItemNetworkable__v0_slot06	RTTI:00b805bc	ItemNetworkable__v0_slot06
006c99c0	gameplay	ItemNetworkable__v0_slot04	RTTI:00b805bc	ItemNetworkable__v0_slot04
006c9ac0	gameplay	ItemNetworkable__v0_slot07	RTTI:00b805bc	ItemNetworkable__v0_slot07
006c9c00	gameplay	ItemNetworkable__v0_slot08	RTTI:00b805bc	ItemNetworkable__v0_slot08
006c9ee0	gameplay	PlayerControlObjectNetworkable__v0_slot04	RTTI:00b8064c	PlayerControlObjectNetworkable__v0_slot04
006c9f40	gameplay	KitNetworkable__v0_slot06	RTTI:00b80694	KitNetworkable__v0_slot06
006ca050	gameplay	KitNetworkable__v0_slot04	RTTI:00b80694	KitNetworkable__v0_slot04
006ca140	gameplay	KitNetworkable__v0_slot07	RTTI:00b80694	KitNetworkable__v0_slot07
006ca2d0	gameplay	KitNetworkable__v0_slot08	RTTI:00b80694	KitNetworkable__v0_slot08
006ca640	gameplay	ProjectileNetworkable__v0_slot04	RTTI:00b806dc	ProjectileNetworkable__v0_slot04
006ca8f0	gameplay	ProjectileNetworkable__v0_slot06	RTTI:00b806dc	ProjectileNetworkable__v0_slot06
006cad40	gameplay	ProjectileNetworkable__v56_slot04	RTTI:00b806c4	ProjectileNetworkable__v56_slot04
006cb3b0	gameplay	ProjectileNetworkable__v0_slot07	RTTI:00b806dc	ProjectileNetworkable__v0_slot07
006cb790	gameplay	ProjectileNetworkable__v0_slot08	RTTI:00b806dc	ProjectileNetworkable__v0_slot08
006cc0b0	gameplay	FireArmsNetworkable__v0_slot04	RTTI:00b80724	FireArmsNetworkable__v0_slot04
006cc270	gameplay	FireArmsNetworkable__v0_slot06	RTTI:00b80724	FireArmsNetworkable__v0_slot06
006cc570	gameplay	FireArmsNetworkable__v0_slot07	RTTI:00b80724	FireArmsNetworkable__v0_slot07
006cc7c0	gameplay	FireArmsNetworkable__v0_slot08	RTTI:00b80724	FireArmsNetworkable__v0_slot08
006ccd40	gameplay	ControlPointNetworkable__v0_slot04	RTTI:00b8076c	ControlPointNetworkable__v0_slot04
006cce00	gameplay	ControlPointNetworkable__v0_slot06	RTTI:00b8076c	ControlPointNetworkable__v0_slot06
006ccee0	gameplay	ControlPointNetworkable__v0_slot07	RTTI:00b8076c	ControlPointNetworkable__v0_slot07
006cd050	gameplay	ControlPointNetworkable__v0_slot08	RTTI:00b8076c	ControlPointNetworkable__v0_slot08
006cd320	gameplay	EngineNetworkable__v0_slot04	RTTI:00b807b4	EngineNetworkable__v0_slot04
006cd3e0	gameplay	EngineNetworkable__v0_slot09	RTTI:00b807b4	EngineNetworkable__v0_slot09
006cd440	gameplay	EngineNetworkable__v0_slot06	RTTI:00b807b4	EngineNetworkable__v0_slot06
006cd660	gameplay	EngineNetworkable__v56_slot04	RTTI:00b8079c	EngineNetworkable__v56_slot04
006cd790	gameplay	EngineNetworkable__v0_slot07	RTTI:00b807b4	EngineNetworkable__v0_slot07
006cdb00	gameplay	EngineNetworkable__v0_slot08	RTTI:00b807b4	EngineNetworkable__v0_slot08
006ce100	gameplay	MusicPlayerNetworkable__v0_slot04	RTTI:00b807fc	MusicPlayerNetworkable__v0_slot04
006ce1b0	gameplay	MusicPlayerNetworkable__v0_slot06	RTTI:00b807fc	MusicPlayerNetworkable__v0_slot06
006ce230	gameplay	MusicPlayerNetworkable__v0_slot07	RTTI:00b807fc	MusicPlayerNetworkable__v0_slot07
006ce340	gameplay	MusicPlayerNetworkable__v0_slot08	RTTI:00b807fc	MusicPlayerNetworkable__v0_slot08
006ce5a0	gameplay	WinchNetworkable__v0_slot06	RTTI:00b80844	WinchNetworkable__v0_slot06
006cec90	gameplay	WinchNetworkable__v0_slot04	RTTI:00b80844	WinchNetworkable__v0_slot04
006ced70	gameplay	WinchNetworkable__v0_slot07	RTTI:00b80844	WinchNetworkable__v0_slot07
006cf070	gameplay	WinchNetworkable__v0_slot08	RTTI:00b80844	WinchNetworkable__v0_slot08
006cf710	gameplay	WireLinkNetworkable__v0_slot06	RTTI:00b8088c	WireLinkNetworkable__v0_slot06
006cf800	gameplay	WireLinkNetworkable__v56_slot04	RTTI:00b80874	WireLinkNetworkable__v56_slot04
006cf980	gameplay	WireLinkNetworkable__v0_slot04	RTTI:00b8088c	WireLinkNetworkable__v0_slot04
006cfa80	gameplay	WireLinkNetworkable__v0_slot07	RTTI:00b8088c	WireLinkNetworkable__v0_slot07
006cfc40	gameplay	WireLinkNetworkable__v0_slot08	RTTI:00b8088c	WireLinkNetworkable__v0_slot08
006d00a0	gameplay	HookNetworkable__v0_slot06	RTTI:00b808d4	HookNetworkable__v0_slot06
006d0110	gameplay	HookNetworkable__v0_slot04	RTTI:00b808d4	HookNetworkable__v0_slot04
006d0280	gameplay	HookNetworkable__v56_slot04	RTTI:00b808bc	HookNetworkable__v56_slot04
006d0360	gameplay	HookNetworkable__v0_slot07	RTTI:00b808d4	HookNetworkable__v0_slot07
006d0450	gameplay	HookNetworkable__v0_slot08	RTTI:00b808d4	HookNetworkable__v0_slot08
006d07e0	gameplay	BFSpawnPoint__v132_slot00	RTTI:00b70690	BFSpawnPoint__v132_slot00;SpawnPoint__v132_slot00
006d07f0	gameplay	BFSpawnPoint__v352_slot00	RTTI:00b70660	BFSpawnPoint__v352_slot00;SpawnPoint__v352_slot00
006d09d0	gameplay	ControlPoint__v352_slot07	RTTI:00b90c50	ControlPoint__v352_slot07;HandFireArms__v352_slot07
006d0a00	gameplay	ControlPoint__v352_slot09	RTTI:00b90c50	ControlPoint__v352_slot09;HandFireArms__v352_slot09
006d0ba0	gameplay	ControlPoint__v352_slot08	RTTI:00b90c50	ControlPoint__v352_slot08;HandFireArms__v352_slot08
006d10a0	gameplay	ControlPoint__v352_slot06	RTTI:00b90c50	ControlPoint__v352_slot06;HandFireArms__v352_slot06
006d1440	gameplay	ControlPoint__v352_slot04	RTTI:00b90c50	ControlPoint__v352_slot04;HandFireArms__v352_slot04
006d1470	gameplay	ControlPoint__v352_slot05	RTTI:00b90c50	ControlPoint__v352_slot05;HandFireArms__v352_slot05
006d2810	gameplay	ControlPoint__v0_slot18	RTTI:00b90c94	ControlPoint__v0_slot18;HandFireArms__v0_slot18
006d4030	gameplay	HandFireArms__v872_slot04	RTTI:00b9d8f8	HandFireArms__v872_slot04
006d4080	gameplay	HandFireArms__v872_slot05	RTTI:00b9d8f8	HandFireArms__v872_slot05
006d40f0	gameplay	HandFireArms__v872_slot11	RTTI:00b9d8f8	HandFireArms__v872_slot11
006d4190	gameplay	HandFireArms__v0_slot66	RTTI:00b9d97c	HandFireArms__v0_slot66
006d41a0	gameplay	HandFireArms__v872_slot12	RTTI:00b9d8f8	HandFireArms__v872_slot12
006d41b0	gameplay	HandFireArms__v0_slot67	RTTI:00b9d97c	HandFireArms__v0_slot67
006d4220	gameplay	HandFireArms__v0_slot69	RTTI:00b9d97c	HandFireArms__v0_slot69
006d43c0	gameplay	HandFireArms__v0_slot03	RTTI:00b9d97c	HandFireArms__v0_slot03
006d4420	gameplay	HandFireArms__v132_slot00	RTTI:00b9d960	HandFireArms__v132_slot00
006d4430	gameplay	HandFireArms__v132_slot03	RTTI:00b9d960	HandFireArms__v132_slot03
006d4440	gameplay	HandFireArms__v352_slot00	RTTI:00b9d934	HandFireArms__v352_slot00
006d4450	gameplay	HandFireArms__v352_slot03	RTTI:00b9d934	HandFireArms__v352_slot03
006d4460	gameplay	HandFireArms__v872_slot00	RTTI:00b9d8f8	HandFireArms__v872_slot00
006d4470	gameplay	HandFireArms__v872_slot03	RTTI:00b9d8f8	HandFireArms__v872_slot03
006d4480	gameplay	HandFireArms__v872_slot13	RTTI:00b9d8f8	HandFireArms__v872_slot13
006d4490	gameplay	HandFireArms__v0_slot01	RTTI:00b9d97c	HandFireArms__v0_slot01
006d44a0	gameplay	HandFireArms__v0_slot02	RTTI:00b9d97c	HandFireArms__v0_slot02
006d44c0	gameplay	HandFireArms__v0_slot00	RTTI:00b9d97c	HandFireArms__v0_slot00
006d4500	gameplay	HandFireArms__v132_slot01	RTTI:00b9d960	HandFireArms__v132_slot01
006d4510	gameplay	HandFireArms__v132_slot02	RTTI:00b9d960	HandFireArms__v132_slot02
006d4520	gameplay	HandFireArms__v352_slot01	RTTI:00b9d934	HandFireArms__v352_slot01
006d4530	gameplay	HandFireArms__v352_slot02	RTTI:00b9d934	HandFireArms__v352_slot02
006d4540	gameplay	HandFireArms__v872_slot01	RTTI:00b9d8f8	HandFireArms__v872_slot01
006d4550	gameplay	HandFireArms__v872_slot02	RTTI:00b9d8f8	HandFireArms__v872_slot02
006d4560	gameplay	HandFireArms__v0_slot68	RTTI:00b9d97c	HandFireArms__v0_slot68
006d4a30	gameplay	HandFireArms__v872_slot10	RTTI:00b9d8f8	HandFireArms__v872_slot10
006d4c00	gameplay	HandFireArmsTemplate__v4_slot04	RTTI:00b9dba0	HandFireArmsTemplate__v4_slot04
006d5080	gameplay	HandFireArmsTemplate__v0_slot03	RTTI:00b9dbbc	HandFireArmsTemplate__v0_slot03
006d50e0	gameplay	HandFireArmsTemplate__v0_slot04	RTTI:00b9dbbc	HandFireArmsTemplate__v0_slot04
006d50f0	gameplay	HandFireArmsTemplate__v0_slot11	RTTI:00b9dbbc	HandFireArmsTemplate__v0_slot11
006d5120	gameplay	HandFireArmsTemplate__v4_slot00	RTTI:00b9dba0	HandFireArmsTemplate__v4_slot00
006d5130	gameplay	HandFireArmsTemplate__v4_slot03	RTTI:00b9dba0	HandFireArmsTemplate__v4_slot03
006d5140	gameplay	HandFireArmsTemplate__v120_slot00	RTTI:00b9db94	HandFireArmsTemplate__v120_slot00
006d5150	gameplay	HandFireArmsTemplate__v444_slot00	RTTI:00b9db68	HandFireArmsTemplate__v444_slot00
006d5160	gameplay	HandFireArmsTemplate__v444_slot03	RTTI:00b9db68	HandFireArmsTemplate__v444_slot03
006d5170	gameplay	HandFireArmsTemplate__v1468_slot00	RTTI:00b9db44	HandFireArmsTemplate__v1468_slot00
006d5180	gameplay	HandFireArmsTemplate__v1468_slot03	RTTI:00b9db44	HandFireArmsTemplate__v1468_slot03
006d5190	gameplay	HandFireArmsTemplate__v0_slot01	RTTI:00b9dbbc	HandFireArmsTemplate__v0_slot01
006d51a0	gameplay	HandFireArmsTemplate__v0_slot02	RTTI:00b9dbbc	HandFireArmsTemplate__v0_slot02
006d51c0	gameplay	HandFireArmsTemplate__v4_slot01	RTTI:00b9dba0	HandFireArmsTemplate__v4_slot01
006d51d0	gameplay	HandFireArmsTemplate__v4_slot02	RTTI:00b9dba0	HandFireArmsTemplate__v4_slot02
006d51e0	gameplay	HandFireArmsTemplate__v444_slot01	RTTI:00b9db68	HandFireArmsTemplate__v444_slot01
006d51f0	gameplay	HandFireArmsTemplate__v444_slot02	RTTI:00b9db68	HandFireArmsTemplate__v444_slot02
006d5200	gameplay	HandFireArmsTemplate__v1468_slot01	RTTI:00b9db44	HandFireArmsTemplate__v1468_slot01
006d5210	gameplay	HandFireArmsTemplate__v1468_slot02	RTTI:00b9db44	HandFireArmsTemplate__v1468_slot02
006d5220	gameplay	HandFireArmsTemplate__v0_slot12	RTTI:00b9dbbc	HandFireArmsTemplate__v0_slot12
006d5250	gameplay	HandFireArmsTemplate__v0_slot00	RTTI:00b9dbbc	HandFireArmsTemplate__v0_slot00
006d6ab0	gameplay	BFSoldierTemplate__v0_slot01	RTTI:00b904ec	BFSoldierTemplate__v0_slot01
006db650	gameplay	ControlPointTemplate__v0_slot01	RTTI:00b9101c	ControlPointTemplate__v0_slot01
006db660	gameplay	ControlPointTemplate__v4_slot01	RTTI:00b91000	ControlPointTemplate__v4_slot01
006db670	gameplay	ControlPointTemplate__v4_slot02	RTTI:00b91000	ControlPointTemplate__v4_slot02
006dbfe0	gameplay	ControlPointTemplate__v0_slot02	RTTI:00b9101c	ControlPointTemplate__v0_slot02
006dc0d0	gameplay	NetworkManager__v0_slot26	RTTI:00bddcac	NetworkManager__v0_slot26
006dd2b0	gameplay	NetworkManager__v0_slot24	RTTI:00bddcac	NetworkManager__v0_slot24
006ddbb0	gameplay	NetworkManager__v0_slot27	RTTI:00bddcac	NetworkManager__v0_slot27
006e7f80	gameplay	ISoldierSound__v0_slot00	RTTI:00ba340c	ISoldierSound__v0_slot00;SoldierSound__v0_slot00
006e7fa0	gameplay	SoldierSound__v0_slot02	RTTI:00ba341c	SoldierSound__v0_slot02
006e8190	gameplay	SoldierSound__v0_slot01	RTTI:00ba341c	SoldierSound__v0_slot01
006e9410	gameplay	PhysicsNode__v0_slot37	RTTI:00b91ecc	PhysicsNode__v0_slot37;PhysicsEngine__v0_slot37;PhysicsFloatingBundle__v0_slot37;PhysicsSpring__v0_slot37;PhysicsWing__v0_slot37;PhysicsWinch__v0_slot37
006e9440	gameplay	GameEventManager__v0_slot02	RTTI:00b76208	GameEventManager__v0_slot02;PhysicsNode__v0_slot02;StaticPhysicsNode__v0_slot02;PointPhysicsNode__v0_slot02;NetworkableInfo__v0_slot02
006ed3f0	gameplay	ResponsePhysics__v0_slot20	RTTI:00ba3a1c	ResponsePhysics__v0_slot20
006ed410	gameplay	ResponsePhysics__v0_slot19	RTTI:00ba3a1c	ResponsePhysics__v0_slot19
006ed430	gameplay	ResponsePhysics__v0_slot18	RTTI:00ba3a1c	ResponsePhysics__v0_slot18
006ed440	gameplay	ResponsePhysics__v0_slot22	RTTI:00ba3a1c	ResponsePhysics__v0_slot22
006ed4c0	gameplay	ResponsePhysics__v0_slot21	RTTI:00ba3a1c	ResponsePhysics__v0_slot21;StaticResponsePhysics__v0_slot21
006ed510	gameplay	ResponsePhysics__v0_slot23	RTTI:00ba3a1c	ResponsePhysics__v0_slot23
006ed5a0	gameplay	ResponsePhysics__v0_slot24	RTTI:00ba3a1c	ResponsePhysics__v0_slot24
006ed650	gameplay	ResponsePhysics__v0_slot33	RTTI:00ba3a1c	ResponsePhysics__v0_slot33;StaticResponsePhysics__v0_slot33;PointResponsePhysics__v0_slot33
006ed890	gameplay	ResponsePhysics__v0_slot03	RTTI:00ba3a1c	ResponsePhysics__v0_slot03;StaticResponsePhysics__v0_slot03;PointResponsePhysics__v0_slot03
006ed8c0	gameplay	ResponsePhysics__v0_slot12	RTTI:00ba3a1c	ResponsePhysics__v0_slot12
006ed8d0	gameplay	ResponsePhysics__v0_slot13	RTTI:00ba3a1c	ResponsePhysics__v0_slot13
006ed8f0	gameplay	ResponsePhysics__v0_slot14	RTTI:00ba3a1c	ResponsePhysics__v0_slot14
006ed910	gameplay	ResponsePhysics__v0_slot26	RTTI:00ba3a1c	ResponsePhysics__v0_slot26
006ed920	gameplay	ResponsePhysics__v0_slot27	RTTI:00ba3a1c	ResponsePhysics__v0_slot27
006ed950	gameplay	ResponsePhysics__v0_slot28	RTTI:00ba3a1c	ResponsePhysics__v0_slot28
006ed960	gameplay	ResponsePhysics__v0_slot29	RTTI:00ba3a1c	ResponsePhysics__v0_slot29
006ed970	gameplay	ResponsePhysics__v0_slot32	RTTI:00ba3a1c	ResponsePhysics__v0_slot32
006ed980	gameplay	ResponsePhysics__v0_slot30	RTTI:00ba3a1c	ResponsePhysics__v0_slot30
006ed9a0	gameplay	ResponsePhysics__v0_slot31	RTTI:00ba3a1c	ResponsePhysics__v0_slot31
006ed9b0	gameplay	ResponsePhysics__v0_slot01	RTTI:00ba3a1c	ResponsePhysics__v0_slot01;StaticResponsePhysics__v0_slot01;PointResponsePhysics__v0_slot01
006ed9c0	gameplay	ResponsePhysics__v0_slot00	RTTI:00ba3a1c	ResponsePhysics__v0_slot00
006edaa0	gameplay	ResponsePhysics__v0_slot06	RTTI:00ba3a1c	ResponsePhysics__v0_slot06
006edb30	gameplay	ResponsePhysics__v0_slot07	RTTI:00ba3a1c	ResponsePhysics__v0_slot07
006ee020	gameplay	ResponsePhysics__v0_slot16	RTTI:00ba3a1c	ResponsePhysics__v0_slot16
006ee050	gameplay	ResponsePhysics__v0_slot10	RTTI:00ba3a1c	ResponsePhysics__v0_slot10
006eea90	gameplay	ResponsePhysics__v0_slot08	RTTI:00ba3a1c	ResponsePhysics__v0_slot08
006ef190	gameplay	ResponsePhysics__v0_slot09	RTTI:00ba3a1c	ResponsePhysics__v0_slot09
006f0430	gameplay	ResponsePhysics__v0_slot25	RTTI:00ba3a1c	ResponsePhysics__v0_slot25
006f1150	gameplay	ResponsePhysics__v0_slot17	RTTI:00ba3a1c	ResponsePhysics__v0_slot17
006f11e0	gameplay	BasicPhysicsSystem__v0_slot06	RTTI:00ba3b1c	BasicPhysicsSystem__v0_slot06
006f11f0	gameplay	BasicPhysicsSystem__v0_slot07	RTTI:00ba3b1c	BasicPhysicsSystem__v0_slot07
006f1210	gameplay	BasicPhysicsSystem__v0_slot08	RTTI:00ba3b1c	BasicPhysicsSystem__v0_slot08
006f1230	gameplay	BasicPhysicsSystem__v0_slot10	RTTI:00ba3b1c	BasicPhysicsSystem__v0_slot10
006f1280	gameplay	BasicPhysicsSystem__v0_slot03	RTTI:00ba3b1c	BasicPhysicsSystem__v0_slot03
006f12b0	gameplay	BasicPhysicsSystem__v0_slot11	RTTI:00ba3b1c	BasicPhysicsSystem__v0_slot11
006f13e0	gameplay	PhysicsNodeManager__v0_slot05	RTTI:00ba3b74	PhysicsNodeManager__v0_slot05
006f1430	gameplay	PhysicsNodeManager__v0_slot06	RTTI:00ba3b74	PhysicsNodeManager__v0_slot06
006f1510	gameplay	PhysicsNodeManager__v0_slot03	RTTI:00ba3b74	PhysicsNodeManager__v0_slot03
006f1540	gameplay	PhysicsNodeManager__v0_slot07	RTTI:00ba3b74	PhysicsNodeManager__v0_slot07
006f18c0	gameplay	PhysicsNodeManager__v0_slot04	RTTI:00ba3b74	PhysicsNodeManager__v0_slot04
006f1990	gameplay	ResponsePhysicsManager__v0_slot03	RTTI:00ba3c74	ResponsePhysicsManager__v0_slot03
006f1ae0	gameplay	ResponsePhysicsManager__v0_slot04	RTTI:00ba3c74	ResponsePhysicsManager__v0_slot04
006f1b40	gameplay	ResponsePhysicsManager__v0_slot05	RTTI:00ba3c74	ResponsePhysicsManager__v0_slot05
006f2320	gameplay	ResponsePhysicsManager__v0_slot06	RTTI:00ba3c74	ResponsePhysicsManager__v0_slot06
006f25f0	gameplay	StaticResponsePhysics__v0_slot20	RTTI:00ba3cdc	StaticResponsePhysics__v0_slot20
006f2610	gameplay	StaticResponsePhysics__v0_slot19	RTTI:00ba3cdc	StaticResponsePhysics__v0_slot19
006f2630	gameplay	StaticResponsePhysics__v0_slot22	RTTI:00ba3cdc	StaticResponsePhysics__v0_slot22
006f2640	gameplay	StaticResponsePhysics__v0_slot07	RTTI:00ba3cdc	StaticResponsePhysics__v0_slot07;PointResponsePhysics__v0_slot07
006f2650	gameplay	StaticResponsePhysics__v0_slot23	RTTI:00ba3cdc	StaticResponsePhysics__v0_slot23
006f26e0	gameplay	StaticResponsePhysics__v0_slot24	RTTI:00ba3cdc	StaticResponsePhysics__v0_slot24
006f2810	gameplay	StaticResponsePhysics__v0_slot26	RTTI:00ba3cdc	StaticResponsePhysics__v0_slot26
006f2820	gameplay	ResponsePhysics__v0_slot02	RTTI:00ba3a1c	ResponsePhysics__v0_slot02;StaticResponsePhysics__v0_slot02;PointResponsePhysics__v0_slot02
006f2840	gameplay	StaticResponsePhysics__v0_slot00	RTTI:00ba3cdc	StaticResponsePhysics__v0_slot00
006f2870	gameplay	StaticResponsePhysics__v0_slot31	RTTI:00ba3cdc	StaticResponsePhysics__v0_slot31;StaticResponsePhysics__v0_slot32
006f28b0	gameplay	StaticResponsePhysics__v0_slot16	RTTI:00ba3cdc	StaticResponsePhysics__v0_slot16
006f2930	gameplay	StaticResponsePhysics__v0_slot17	RTTI:00ba3cdc	StaticResponsePhysics__v0_slot17
006f29f0	gameplay	StaticPhysicsNode__v0_slot10	RTTI:00ba3da4	StaticPhysicsNode__v0_slot10;PointPhysicsNode__v0_slot10
006f2a00	gameplay	PhysicsNode__v0_slot09	RTTI:00b91ecc	PhysicsNode__v0_slot09;StaticPhysicsNode__v0_slot09;PointPhysicsNode__v0_slot09;PhysicsEngine__v0_slot09;PhysicsFloatingBundle__v0_slot09;PhysicsSpring__v0_slot09;PhysicsWing__v0_slot09;PhysicsWinch__v0_slot09
006f2a10	gameplay	PhysicsNode__v0_slot11	RTTI:00b91ecc	PhysicsNode__v0_slot11;StaticPhysicsNode__v0_slot11;PointPhysicsNode__v0_slot11;PhysicsEngine__v0_slot11;PhysicsFloatingBundle__v0_slot11;PhysicsSpring__v0_slot11;PhysicsWing__v0_slot11;PhysicsWinch__v0_slot11
006f2a20	gameplay	PhysicsNode__v0_slot12	RTTI:00b91ecc	PhysicsNode__v0_slot12;StaticPhysicsNode__v0_slot12;PointPhysicsNode__v0_slot12;PhysicsEngine__v0_slot12;PhysicsFloatingBundle__v0_slot12;PhysicsSpring__v0_slot12;PhysicsWing__v0_slot12;PhysicsWinch__v0_slot12
006f2a30	gameplay	StaticPhysicsNode__v0_slot13	RTTI:00ba3da4	StaticPhysicsNode__v0_slot13;PointPhysicsNode__v0_slot13
006f2a40	gameplay	PhysicsNode__v0_slot14	RTTI:00b91ecc	PhysicsNode__v0_slot14;StaticPhysicsNode__v0_slot14;PointPhysicsNode__v0_slot14;PhysicsEngine__v0_slot14;PhysicsFloatingBundle__v0_slot14;PhysicsSpring__v0_slot14;PhysicsWing__v0_slot14;PhysicsWinch__v0_slot14
006f2a50	gameplay	PhysicsNode__v0_slot08	RTTI:00b91ecc	PhysicsNode__v0_slot08;StaticPhysicsNode__v0_slot08;PointPhysicsNode__v0_slot08;PhysicsEngine__v0_slot08;PhysicsFloatingBundle__v0_slot08;PhysicsSpring__v0_slot08;PhysicsWing__v0_slot08;PhysicsWinch__v0_slot08
006f2a60	gameplay	PhysicsNode__v0_slot07	RTTI:00b91ecc	PhysicsNode__v0_slot07;StaticPhysicsNode__v0_slot07;PhysicsEngine__v0_slot07;PhysicsFloatingBundle__v0_slot07;PhysicsSpring__v0_slot07;PhysicsWing__v0_slot07;PhysicsWinch__v0_slot07
006f2aa0	gameplay	PhysicsNode__v0_slot03	RTTI:00b91ecc	PhysicsNode__v0_slot03;StaticPhysicsNode__v0_slot03;PointPhysicsNode__v0_slot03;PhysicsEngine__v0_slot03;PhysicsFloatingBundle__v0_slot03;PhysicsSpring__v0_slot03;PhysicsWing__v0_slot03;PhysicsWinch__v0_slot03
006f2ad0	gameplay	StaticPhysicsNode__v0_slot44	RTTI:00ba3da4	StaticPhysicsNode__v0_slot44
006f2ae0	gameplay	StaticPhysicsNode__v0_slot50	RTTI:00ba3da4	StaticPhysicsNode__v0_slot50
006f2b00	gameplay	StaticPhysicsNode__v0_slot00	RTTI:00ba3da4	StaticPhysicsNode__v0_slot00
006f2b30	gameplay	StaticPhysicsNode__v0_slot15	RTTI:00ba3da4	StaticPhysicsNode__v0_slot15;StaticPhysicsNode__v0_slot18;StaticPhysicsNode__v0_slot34;StaticPhysicsNode__v0_slot35;StaticPhysicsNode__v0_slot36;StaticPhysicsNode__v0_slot37;StaticPhysicsNode__v0_slot39;StaticPhysicsNode__v0_slot46;PointPhysicsNode__v0_slot18;PointPhysicsNode__v0_slot35;PointPhysicsNode__v0_slot37;PointPhysicsNode__v0_slot39;PointPhysicsNode__v0_slot46
006f2b70	gameplay	StaticPhysicsNode__v0_slot32	RTTI:00ba3da4	StaticPhysicsNode__v0_slot32;StaticPhysicsNode__v0_slot33
006f2bf0	gameplay	PointResponsePhysics__v0_slot22	RTTI:00ba3f0c	PointResponsePhysics__v0_slot22
006f2c00	gameplay	PointResponsePhysics__v0_slot23	RTTI:00ba3f0c	PointResponsePhysics__v0_slot23
006f2c90	gameplay	PointResponsePhysics__v0_slot24	RTTI:00ba3f0c	PointResponsePhysics__v0_slot24
006f2d90	gameplay	StaticResponsePhysics__v0_slot13	RTTI:00ba3cdc	StaticResponsePhysics__v0_slot13;PointResponsePhysics__v0_slot13
006f2db0	gameplay	StaticResponsePhysics__v0_slot14	RTTI:00ba3cdc	StaticResponsePhysics__v0_slot14;PointResponsePhysics__v0_slot14
006f2dd0	gameplay	PointResponsePhysics__v0_slot26	RTTI:00ba3f0c	PointResponsePhysics__v0_slot26
006f2de0	gameplay	PointResponsePhysics__v0_slot00	RTTI:00ba3f0c	PointResponsePhysics__v0_slot00
006f2e10	gameplay	PointResponsePhysics__v0_slot31	RTTI:00ba3f0c	PointResponsePhysics__v0_slot31;PointResponsePhysics__v0_slot32
006f2e50	gameplay	PointResponsePhysics__v0_slot08	RTTI:00ba3f0c	PointResponsePhysics__v0_slot08
006f2f10	gameplay	PointResponsePhysics__v0_slot10	RTTI:00ba3f0c	PointResponsePhysics__v0_slot10
006f33e0	gameplay	PointResponsePhysics__v0_slot25	RTTI:00ba3f0c	PointResponsePhysics__v0_slot25
006f3820	gameplay	PointPhysicsNode__v0_slot15	RTTI:00ba3fd4	PointPhysicsNode__v0_slot15
006f3830	gameplay	PointPhysicsNode__v0_slot32	RTTI:00ba3fd4	PointPhysicsNode__v0_slot32;PointPhysicsNode__v0_slot33
006f3860	gameplay	PointPhysicsNode__v0_slot58	RTTI:00ba3fd4	PointPhysicsNode__v0_slot58
006f38d0	gameplay	PhysicsNode__v0_slot19	RTTI:00b91ecc	PhysicsNode__v0_slot19;PointPhysicsNode__v0_slot19;PhysicsEngine__v0_slot19;PhysicsFloatingBundle__v0_slot19;PhysicsSpring__v0_slot19;PhysicsWing__v0_slot19;PhysicsWinch__v0_slot19
006f38f0	gameplay	PhysicsNode__v0_slot20	RTTI:00b91ecc	PhysicsNode__v0_slot20;PointPhysicsNode__v0_slot23;PhysicsEngine__v0_slot20;PhysicsFloatingBundle__v0_slot20;PhysicsSpring__v0_slot20;PhysicsWing__v0_slot20;PhysicsWinch__v0_slot20
006f3910	gameplay	PhysicsNode__v0_slot23	RTTI:00b91ecc	PhysicsNode__v0_slot23;PointPhysicsNode__v0_slot25;PhysicsEngine__v0_slot23;PhysicsFloatingBundle__v0_slot23;PhysicsSpring__v0_slot23;PhysicsWing__v0_slot23;PhysicsWinch__v0_slot23
006f3930	gameplay	PointPhysicsNode__v0_slot42	RTTI:00ba3fd4	PointPhysicsNode__v0_slot42
006f3940	gameplay	PointPhysicsNode__v0_slot44	RTTI:00ba3fd4	PointPhysicsNode__v0_slot44
006f3950	gameplay	PointPhysicsNode__v0_slot34	RTTI:00ba3fd4	PointPhysicsNode__v0_slot34
006f3960	gameplay	PhysicsNode__v0_slot34	RTTI:00b91ecc	PhysicsNode__v0_slot34;PointPhysicsNode__v0_slot36;PhysicsEngine__v0_slot34;PhysicsFloatingBundle__v0_slot34;PhysicsSpring__v0_slot34;PhysicsWing__v0_slot34;PhysicsWinch__v0_slot34
006f3970	gameplay	PointPhysicsNode__v0_slot50	RTTI:00ba3fd4	PointPhysicsNode__v0_slot50
006f3980	gameplay	PointPhysicsNode__v0_slot51	RTTI:00ba3fd4	PointPhysicsNode__v0_slot51
006f3990	gameplay	PointPhysicsNode__v0_slot52	RTTI:00ba3fd4	PointPhysicsNode__v0_slot52
006f39b0	gameplay	PointPhysicsNode__v0_slot56	RTTI:00ba3fd4	PointPhysicsNode__v0_slot56
006f39c0	gameplay	PointPhysicsNode__v0_slot57	RTTI:00ba3fd4	PointPhysicsNode__v0_slot57
006f39f0	gameplay	PointPhysicsNode__v0_slot00	RTTI:00ba3fd4	PointPhysicsNode__v0_slot00
006f3a20	gameplay	PointPhysicsNode__v0_slot55	RTTI:00ba3fd4	PointPhysicsNode__v0_slot55
006f3a40	gameplay	PhysicsNode__v0_slot21	RTTI:00b91ecc	PhysicsNode__v0_slot21;PointPhysicsNode__v0_slot21;PhysicsEngine__v0_slot21;PhysicsFloatingBundle__v0_slot21;PhysicsSpring__v0_slot21;PhysicsWing__v0_slot21;PhysicsWinch__v0_slot21
006f3a70	gameplay	PointPhysicsNode__v0_slot27	RTTI:00ba3fd4	PointPhysicsNode__v0_slot27;PointPhysicsNode__v0_slot28
006f3aa0	gameplay	PointPhysicsNode__v0_slot29	RTTI:00ba3fd4	PointPhysicsNode__v0_slot29;PointPhysicsNode__v0_slot30
006f3ad0	gameplay	StaticPhysicsNode__v0_slot48	RTTI:00ba3da4	StaticPhysicsNode__v0_slot48;PointPhysicsNode__v0_slot48
006f3e20	gameplay	PointPhysicsNode__v0_slot40	RTTI:00ba3fd4	PointPhysicsNode__v0_slot40
006f6e30	gameplay	ControlPoint__v0_slot02	RTTI:00b90c94	ControlPoint__v0_slot02;BFSpawnPoint__v0_slot02;PlayerControlObject__v0_slot02;SpawnPoint__v0_slot02
006f9330	gameplay	SpawnPoint__v352_slot06	RTTI:00ba4704	SpawnPoint__v352_slot06
006f9350	gameplay	SpawnPoint__v0_slot14	RTTI:00ba474c	SpawnPoint__v0_slot14
006f94e0	gameplay	BFSpawnPoint__v0_slot00	RTTI:00b706ac	BFSpawnPoint__v0_slot00;SpawnPoint__v0_slot00
006f9520	gameplay	SpawnPoint__v352_slot05	RTTI:00ba4704	SpawnPoint__v352_slot05
006fa470	gameplay	PhysicsEngine__v0_slot40	RTTI:00ba498c	PhysicsEngine__v0_slot40
006fb020	gameplay	PhysicsFloatingBundle__v0_slot40	RTTI:00ba4bfc	PhysicsFloatingBundle__v0_slot40
006fb6f0	gameplay	PhysicsSpring__v0_slot40	RTTI:00ba4e64	PhysicsSpring__v0_slot40
006fc1d0	gameplay	PhysicsWing__v0_slot40	RTTI:00ba50e4	PhysicsWing__v0_slot40
006fc870	gameplay	NetworkableInfo__v0_slot03	RTTI:00ba532c	NetworkableInfo__v0_slot03
006fc8a0	gameplay	BFSoldierTemplate__v0_slot20	RTTI:00b904ec	BFSoldierTemplate__v0_slot20;BFSpawnPointTemplate__v0_slot20;PlayerControlObjectTemplate__v0_slot20;ControlPointTemplate__v0_slot20;HandFireArmsTemplate__v0_slot20;ProjectileTemplate__v0_slot20;ClusterProjectileTemplate__v0_slot20;SpawnPointTemplate__v0_slot20;NetworkableInfo__v0_slot05
006fc8c0	gameplay	NetworkableInfo__v0_slot10	RTTI:00ba532c	NetworkableInfo__v0_slot10
006fc8f0	gameplay	PlayerControlObject__v352_slot06	RTTI:00b93c44	PlayerControlObject__v352_slot06;NetworkableInfo__v0_slot16
006fc900	gameplay	NetworkableInfo__v0_slot18	RTTI:00ba532c	NetworkableInfo__v0_slot18
006fc910	gameplay	NetworkableInfo__v0_slot19	RTTI:00ba532c	NetworkableInfo__v0_slot19
006fc920	gameplay	NetworkableInfo__v0_slot20	RTTI:00ba532c	NetworkableInfo__v0_slot20
006fc930	gameplay	NetworkableInfo__v0_slot21	RTTI:00ba532c	NetworkableInfo__v0_slot21
006fc940	gameplay	NetworkableInfo__v0_slot22	RTTI:00ba532c	NetworkableInfo__v0_slot22
006fc950	gameplay	NetworkableInfo__v0_slot23	RTTI:00ba532c	NetworkableInfo__v0_slot23
006fc960	gameplay	NetworkableInfo__v0_slot13	RTTI:00ba532c	NetworkableInfo__v0_slot13
006fc970	gameplay	NetworkableInfo__v0_slot15	RTTI:00ba532c	NetworkableInfo__v0_slot15
006fc980	gameplay	NetworkableInfo__v0_slot00	RTTI:00ba532c	NetworkableInfo__v0_slot00
006fe310	gameplay	PhysicsEngine__v0_slot02	RTTI:00ba498c	PhysicsEngine__v0_slot02;PhysicsFloatingBundle__v0_slot02;PhysicsSpring__v0_slot02;PhysicsWing__v0_slot02;PhysicsWinch__v0_slot02
006fe330	gameplay	PhysicsNode__v0_slot00	RTTI:00b91ecc	PhysicsNode__v0_slot00;PhysicsEngine__v0_slot00;PhysicsFloatingBundle__v0_slot00;PhysicsSpring__v0_slot00;PhysicsWing__v0_slot00;PhysicsWinch__v0_slot00
006ff3b0	gameplay	PhysicsWinch__v0_slot40	RTTI:00ba54e4	PhysicsWinch__v0_slot40
00700db0	gameplay	BFSoldierTemplate__v0_slot06	RTTI:00b904ec	BFSoldierTemplate__v0_slot06;BFSoldier__v356_slot23;BFSpawnPointTemplate__v0_slot06;PlayerControlObjectTemplate__v0_slot06;ControlPointTemplate__v0_slot06;HandFireArmsTemplate__v0_slot06;ProjectileTemplate__v0_slot06;ClusterProjectileTemplate__v0_slot06;SpawnPointTemplate__v0_slot06
00707dd0	gameplay	PlayerControlObject__v352_slot14	RTTI:00b93c44	PlayerControlObject__v352_slot14;NetworkManager__v0_slot25
0071ff20	gameplay	PhysicsNode__v0_slot35	RTTI:00b91ecc	PhysicsNode__v0_slot35;PhysicsEngine__v0_slot35;PhysicsFloatingBundle__v0_slot35;PhysicsSpring__v0_slot35;PhysicsWing__v0_slot35;PhysicsWinch__v0_slot35
007215b0	gameplay	BFSoldier__v0_slot24	RTTI:00b9033c	BFSoldier__v0_slot24;ControlPoint__v0_slot24;BFSpawnPoint__v0_slot24;PlayerControlObject__v0_slot24;Projectile__v0_slot24;HandFireArms__v0_slot24;ClusterProjectile__v0_slot24;SpawnPoint__v0_slot24
00736e90	gameplay	PhysicsNode__v0_slot44	RTTI:00b91ecc	PhysicsNode__v0_slot44;PhysicsEngine__v0_slot44;PhysicsFloatingBundle__v0_slot44;PhysicsSpring__v0_slot44;PhysicsWing__v0_slot44;PhysicsWinch__v0_slot44
0073eaf0	gameplay	PhysicsNode__v0_slot26	RTTI:00b91ecc	PhysicsNode__v0_slot26;PhysicsEngine__v0_slot26;PhysicsFloatingBundle__v0_slot26;PhysicsSpring__v0_slot26;PhysicsWing__v0_slot26;PhysicsWinch__v0_slot26
0074dd40	gameplay	PhysicsNode__v0_slot42	RTTI:00b91ecc	PhysicsNode__v0_slot42;PhysicsEngine__v0_slot42;PhysicsFloatingBundle__v0_slot42;PhysicsSpring__v0_slot42;PhysicsWing__v0_slot42;PhysicsWinch__v0_slot42
00750410	gameplay	PhysicsNode__v0_slot45	RTTI:00b91ecc	PhysicsNode__v0_slot45;PhysicsEngine__v0_slot45;PhysicsFloatingBundle__v0_slot45;PhysicsSpring__v0_slot45;PhysicsWing__v0_slot45;PhysicsWinch__v0_slot45
00750430	gameplay	PhysicsNode__v0_slot46	RTTI:00b91ecc	PhysicsNode__v0_slot46;PhysicsEngine__v0_slot46;PhysicsFloatingBundle__v0_slot46;PhysicsSpring__v0_slot46;PhysicsWing__v0_slot46;PhysicsWinch__v0_slot46
00750440	gameplay	PhysicsNode__v0_slot47	RTTI:00b91ecc	PhysicsNode__v0_slot47;PhysicsEngine__v0_slot47;PhysicsFloatingBundle__v0_slot47;PhysicsSpring__v0_slot47;PhysicsWing__v0_slot47;PhysicsWinch__v0_slot47
00750460	gameplay	PhysicsNode__v0_slot48	RTTI:00b91ecc	PhysicsNode__v0_slot48;PhysicsEngine__v0_slot48;PhysicsFloatingBundle__v0_slot48;PhysicsSpring__v0_slot48;PhysicsWing__v0_slot48;PhysicsWinch__v0_slot48
00753220	gameplay	PlayerControlObjectTemplate__v472_slot66	RTTI:00b93a14	PlayerControlObjectTemplate__v472_slot66;PlayerControlObject__v352_slot23
007532a0	gameplay	BFSoldier__v0_slot25	RTTI:00b9033c	BFSoldier__v0_slot25;ControlPoint__v0_slot25;BFSpawnPoint__v0_slot25;PlayerControlObject__v0_slot25;Projectile__v0_slot25;HandFireArms__v0_slot25;ClusterProjectile__v0_slot25;SpawnPoint__v0_slot25
00770030	gameplay	PointResponsePhysics__v0_slot12	RTTI:00ba3f0c	PointResponsePhysics__v0_slot12
00775d50	gameplay	PlayerControlObjectTemplate__v472_slot68	RTTI:00b93a14	PlayerControlObjectTemplate__v472_slot68
00777860	gameplay	NetworkableInfo__v0_slot14	RTTI:00ba532c	NetworkableInfo__v0_slot14
00873dc0	gameplay	BfControlPointGauge__v0_slot21	RTTI:00b6b6c4	BfControlPointGauge__v0_slot21
00873df0	gameplay	BfControlPointGauge__v0_slot22	RTTI:00b6b6c4	BfControlPointGauge__v0_slot22
00873e40	gameplay	BfControlPointGauge__v0_slot23	RTTI:00b6b6c4	BfControlPointGauge__v0_slot23
00873ea0	gameplay	BfControlPointGauge__v0_slot24	RTTI:00b6b6c4	BfControlPointGauge__v0_slot24
00873ed0	gameplay	BfControlPointGauge__v0_slot25	RTTI:00b6b6c4	BfControlPointGauge__v0_slot25
00873f30	gameplay	BfControlPointGauge__v0_slot18	RTTI:00b6b6c4	BfControlPointGauge__v0_slot18
00873f40	gameplay	BfControlPointGauge__v0_slot20	RTTI:00b6b6c4	BfControlPointGauge__v0_slot20
00873f90	gameplay	BfControlPointGauge__v0_slot29	RTTI:00b6b6c4	BfControlPointGauge__v0_slot29
008742a0	gameplay	BfControlPointGauge__v0_slot31	RTTI:00b6b6c4	BfControlPointGauge__v0_slot31;BfControlPointGauge__v0_slot34
00874360	gameplay	BfControlPointGauge__v0_slot19	RTTI:00b6b6c4	BfControlPointGauge__v0_slot19
00874890	gameplay	BfControlPointGauge__v0_slot06	RTTI:00b6b6c4	BfControlPointGauge__v0_slot06
00874b30	gameplay	BfControlPointGauge__v0_slot12	RTTI:00b6b6c4	BfControlPointGauge__v0_slot12;BfControlPointGauge__v0_slot14;BfControlPointGauge__v0_slot15;BfControlPointGauge__v0_slot16
0087e760	gameplay	BfControlPointGauge__v0_slot00	RTTI:00b6b6c4	BfControlPointGauge__v0_slot00
008ae380	gameplay	NetworkManager__v0_slot05	RTTI:00bddcac	NetworkManager__v0_slot05
008ae390	gameplay	NetworkManager__v0_slot07	RTTI:00bddcac	NetworkManager__v0_slot07
008ae3d0	gameplay	NetworkManager__v0_slot03	RTTI:00bddcac	NetworkManager__v0_slot03
008ae410	gameplay	PointPhysicsNode__v0_slot59	RTTI:00ba3fd4	PointPhysicsNode__v0_slot59
008aea70	gameplay	NetworkManager__v0_slot01	RTTI:00bddcac	NetworkManager__v0_slot01
008aeb20	gameplay	NetworkManager__v0_slot09	RTTI:00bddcac	NetworkManager__v0_slot09
008aeb50	gameplay	NetworkManager__v0_slot11	RTTI:00bddcac	NetworkManager__v0_slot11
008aede0	gameplay	NetworkManager__v0_slot02	RTTI:00bddcac	NetworkManager__v0_slot02
008aee30	gameplay	NetworkManager__v0_slot10	RTTI:00bddcac	NetworkManager__v0_slot10
008af700	gameplay	NetworkManager__v0_slot04	RTTI:00bddcac	NetworkManager__v0_slot04
008af750	gameplay	NetworkManager__v0_slot29	RTTI:00bddcac	NetworkManager__v0_slot29
008b0970	gameplay	NetworkManager__v0_slot06	RTTI:00bddcac	NetworkManager__v0_slot06
008b0e50	gameplay	NetworkManager__v0_slot08	RTTI:00bddcac	NetworkManager__v0_slot08
008b1c60	gameplay	NetworkManager__v0_slot28	RTTI:00bddcac	NetworkManager__v0_slot28
008b2740	gameplay	NetworkManager__v0_slot13	RTTI:00bddcac	NetworkManager__v0_slot13
008b2770	gameplay	NetworkManager__v0_slot14	RTTI:00bddcac	NetworkManager__v0_slot14
008b27a0	gameplay	NetworkManager__v0_slot17	RTTI:00bddcac	NetworkManager__v0_slot17
008b27c0	gameplay	NetworkManager__v0_slot18	RTTI:00bddcac	NetworkManager__v0_slot18
008b2800	gameplay	NetworkManager__v0_slot20	RTTI:00bddcac	NetworkManager__v0_slot20
008b2830	gameplay	NetworkManager__v0_slot22	RTTI:00bddcac	NetworkManager__v0_slot22
008b2880	gameplay	NetworkManager__v0_slot12	RTTI:00bddcac	NetworkManager__v0_slot12
008b29f0	gameplay	NetworkManager__v0_slot15	RTTI:00bddcac	NetworkManager__v0_slot15
008b2a90	gameplay	NetworkManager__v0_slot19	RTTI:00bddcac	NetworkManager__v0_slot19
008b2c40	gameplay	NetworkManager__v0_slot21	RTTI:00bddcac	NetworkManager__v0_slot21
008b2d00	gameplay	NetworkManager__v0_slot16	RTTI:00bddcac	NetworkManager__v0_slot16
008b2ea0	gameplay	NetworkManager__v0_slot00	RTTI:00bddcac	NetworkManager__v0_slot00
008b37d0	gameplay	PhysicsNodeManager__v0_slot00	RTTI:00ba3b74	PhysicsNodeManager__v0_slot00
008b4080	gameplay	NetworkModule__v0_slot06	RTTI:00b454cc	NetworkModule__v0_slot06
008c0230	gameplay	PlayerControlObjectTemplate__v472_slot08	RTTI:00b93a14	PlayerControlObjectTemplate__v472_slot08
008d83c0	gameplay	BfControlPointGauge__v0_slot37	RTTI:00b6b6c4	BfControlPointGauge__v0_slot37;BfControlPointGauge__v0_slot38;BfControlPointGauge__v0_slot39;BfControlPointGauge__v0_slot40;BfControlPointGauge__v0_slot41;BfControlPointGauge__v0_slot42;BfControlPointGauge__v0_slot43;BfControlPointGauge__v0_slot44;BfControlPointGauge__v0_slot45;BfControlPointGauge__v0_slot46;BfControlPointGauge__v0_slot47;BfControlPointGauge__v0_slot48;BfControlPointGauge__v0_slot49;BfControlPointGauge__v0_slot50
0094a490	gameplay	BFSpawnPointTemplate__v0_slot03	RTTI:00b73b3c	BFSpawnPointTemplate__v0_slot03;SpawnPointTemplate__v0_slot03
00970ab0	gameplay	StaticResponsePhysics__v0_slot15	RTTI:00ba3cdc	StaticResponsePhysics__v0_slot15;PointResponsePhysics__v0_slot15
009b0040	gameplay	PhysicsNode__v0_slot53	RTTI:00b91ecc	PhysicsNode__v0_slot53;PhysicsEngine__v0_slot53;PhysicsFloatingBundle__v0_slot53;PhysicsSpring__v0_slot53;PhysicsWing__v0_slot53;PhysicsWinch__v0_slot53
009b36f0	gameplay	EntryMoveToObjectMediumSoldier__v0_slot01	RTTI:00bf6a14	EntryMoveToObjectMediumSoldier__v0_slot01
009b48b0	gameplay	EntryMoveToMediumSoldier__v0_slot01	RTTI:00bf6aa4	EntryMoveToMediumSoldier__v0_slot01
009b5b50	gameplay	EntryMoveToLightSoldier__v0_slot01	RTTI:00bf6c1c	EntryMoveToLightSoldier__v0_slot01
009b63c0	gameplay	EntrySoldierPose__v0_slot01	RTTI:00bf6d14	EntrySoldierPose__v0_slot01
009cc260	gameplay	IPlayerControlObjectConstraint__v0_slot00	RTTI:00bf8824	IPlayerControlObjectConstraint__v0_slot00
00a5cb40	gameplay	NetworkManager__v0_slot23	RTTI:00bddcac	NetworkManager__v0_slot23
00a5e2b0	gameplay	BFSpawnPoint__v352_slot04	RTTI:00b70660	BFSpawnPoint__v352_slot04;SpawnPoint__v352_slot04
00a64cc0	gameplay	PlayerControlObject__v352_slot04	RTTI:00b93c44	PlayerControlObject__v352_slot04;NetworkableInfoManager__v0_slot09
00a64d40	gameplay	PlayerControlObject__v352_slot05	RTTI:00b93c44	PlayerControlObject__v352_slot05
00a67020	gameplay	BfControlPointGauge__v0_slot32	RTTI:00b6b6c4	BfControlPointGauge__v0_slot32;BfControlPointGauge__v0_slot33;BfControlPointGauge__v0_slot35;BfControlPointGauge__v0_slot36
00a69ad0	gameplay	GameEventManager__v0_slot01	RTTI:00b76208	GameEventManager__v0_slot01;PhysicsNode__v0_slot01;StaticPhysicsNode__v0_slot01;PointPhysicsNode__v0_slot01;NetworkableInfo__v0_slot01
00a7d0b0	gameplay	BasicPhysicsSystem__v0_slot09	RTTI:00ba3b1c	BasicPhysicsSystem__v0_slot09
00a7ea60	gameplay	PlayerControlObjectTemplate__v472_slot38	RTTI:00b93a14	PlayerControlObjectTemplate__v472_slot38
00a7eaa0	gameplay	PlayerControlObjectTemplate__v472_slot36	RTTI:00b93a14	PlayerControlObjectTemplate__v472_slot36
00a7ed80	gameplay	PlayerControlObjectNetworkable__v0_slot08	RTTI:00b8064c	PlayerControlObjectNetworkable__v0_slot08;StaticResponsePhysics__v0_slot25
00a7ed90	gameplay	ControlPoint__v0_slot39	RTTI:00b90c94	ControlPoint__v0_slot39;BFSpawnPoint__v0_slot39;Projectile__v0_slot39;HandFireArms__v0_slot39;ClusterProjectile__v0_slot39;SpawnPoint__v0_slot39
00a8ab20	gameplay	NetworkableInfo__v0_slot17	RTTI:00ba532c	NetworkableInfo__v0_slot17
00a8ab50	gameplay	PointPhysicsNode__v0_slot43	RTTI:00ba3fd4	PointPhysicsNode__v0_slot43
00abfff0	gameplay	BfControlPointGauge__v0_slot03	RTTI:00b6b6c4	BfControlPointGauge__v0_slot03
00ac3820	gameplay	BfControlPointGauge__v0_slot27	RTTI:00b6b6c4	BfControlPointGauge__v0_slot27;PlayerControlObjectNetworkable__v0_slot07
