start	end	bytes
00403700	00403740	65
00403750	00403790	65
00403ae4	00403ae4	1
00403b6e	00403b6e	1
00403c70	00403cb6	71
004050c2	004050c4	3
0041039f	0041039f	1
00410874	00410874	1
0041175f	0041175f	1
0041183f	0041183f	1
00411f03	00411f03	1
00412123	00412123	1
00412e0e	00412e48	59
00414244	00414244	1
004142ce	004142ce	1
0041435a	0041435a	1
00414402	00414402	1
004144af	004144af	1
0041453a	0041453a	1
004145df	004145df	1
0041467f	0041467f	1
004161ad	004161ad	1
0041623a	0041623a	1
00417e66	00417e76	17
00419209	004192bc	180
004192c0	00419337	120
00419b7a	00419b93	26
0041a67f	0041a67f	1
0041acca	0041acca	1
0041c05f	0041c05f	1
0041c0ff	0041c0ff	1
0041ccfa	0041ccfa	1
0041d69a	0041d69a	1
0041dc93	0041dca6	20
0041dd34	0041dd46	19
0041e41a	0041e41a	1
0041fd8f	0041fd8f	1
0041fe1a	0041fe1a	1
0041febf	0041febf	1
0042083a	0042083a	1
00422090	0042209c	13
004220a0	004220a6	7
00422b50	00422b5c	13
00423a30	00423a59	42
00423b94	00423b94	1
00423c24	00423c24	1
00423cb7	00423cb7	1
00423da4	00423da4	1
00423e34	00423e34	1
004241df	004241df	1
0042427f	0042427f	1
0042447f	0042447f	1
00424cf0	00424d02	19
004266e0	004266fe	31
0042854a	0042854a	1
0042cda2	0042cda2	1
0042d06a	0042d06a	1
0042d0fa	0042d0fa	1
0042fc0a	0042fc0a	1
00433f3b	00433f4f	21
0043af80	0043afae	47
0043afb2	0043afc4	19
0043b13f	0043b14d	15
0043b415	0043b415	1
0043e564	0043e599	54
0043e59d	0043e5d6	58
0043e5da	0043e5ff	38
0043e603	0043e628	38
0043e62c	0043e651	38
0043e655	0043e67a	38
0043e67e	0043e6a3	38
0043e6a7	0043e6cc	38
0043e6d0	0043e70a	59
0043e70e	0043e73d	48
0043e741	0043e766	38
0043e76a	0043e78f	38
0043e793	0043e7b8	38
0043e7bc	0043e7e1	38
0043e7e5	0043e81b	55
0043e843	0043e87a	56
0043e87e	0043e89f	34
0043e8a3	0043e8c4	34
0043e8c8	0043e8e9	34
0043e8ed	0043e912	38
0043e916	0043e93b	38
0043e93f	0043e964	38
0043e968	0043e98d	38
0043e991	0043e9c7	55
0043e9e9	0043ea05	29
0043ea09	0043ea20	24
0043ea24	0043ea31	14
00441cc0	00441d03	68
00441d10	00441d53	68
00441d60	00441da3	68
00441e8e	00441e8e	1
00470754	00470754	1
004859b3	004859b3	1
00487614	00487614	1
0048770e	0048770e	1
0048a0cf	0048a0e0	18
0048a33e	0048a38a	77
0048a392	0048a395	4
0048c9da	0048c9da	1
0048ca7f	0048ca7f	1
0048e900	0048e93a	59
0048e9c0	0048e9fa	59
0048ea00	0048ea30	49
0048ea40	0048ea70	49
0048ea80	0048eab0	49
0048eac0	0048eaf0	49
0048eb80	0048ebb0	49
0048fca0	0048fca2	3
0048fd60	0048fd6e	15
0048feb0	0048feef	64
0049055f	0049055f	1
00491614	00491626	19
00491d94	00491da6	19
00492a9c	00492ac6	43
00492aca	00492aef	38
00492af3	00492b18	38
00492b1c	00492b41	38
00492b45	00492b6a	38
00492b6e	00492bfd	144
00492c01	00492c2b	43
00492c2f	00492c54	38
00492c58	00492c7d	38
00492c81	00492ca6	38
00492caa	00492ccf	38
00492cd3	00492cf8	38
00492cfc	00492d22	39
00492d26	00492d51	44
00492d55	00492d7f	43
00492d83	00492da8	38
00492dac	00492dd1	38
00492dd5	00492dfa	38
00492dfe	00492e33	54
00492e37	00492e64	46
00492e68	00492e8c	37
00492e90	00492ebb	44
00492ebf	00492eea	44
00492eee	00492f19	44
00492f1d	00492f47	43
00492f4b	00492f76	44
00492f7a	00492fa5	44
00492fa9	00492fcf	39
00492fd3	00492ff9	39
00492ffd	00493027	43
0049302b	00493056	44
0049305a	00493085	44
00493089	004930b4	44
004930b8	004930e3	44
004930e7	00493112	44
00493116	00493140	43
00493144	0049316e	43
00493172	0049319c	43
004931a0	004931ca	43
004931ce	004931f8	43
004931fc	00493226	43
0049322a	00493254	43
00493258	00493282	43
00493286	004932b0	43
004932b4	004932de	43
004932e2	0049330c	43
00493310	0049333a	43
0049333e	00493368	43
0049336c	00493396	43
0049339a	004933c4	43
004933c8	004933f2	43
004933f6	00493420	43
00493424	0049344e	43
00493452	0049347c	43
00493480	004934aa	43
004934ae	004934d8	43
004934dc	00493507	44
0049350b	00493535	43
00493539	00493564	44
00493568	00493593	44
00493597	004935c2	44
004935c6	004935f0	43
004935f4	0049361f	44
00493623	0049364e	44
00493652	0049367d	44
00493681	004936ab	43
004936af	004936d9	43
004936dd	00493707	43
0049370b	00493735	43
00493739	00493763	43
00493767	00493791	43
00493795	004937bf	43
004937c3	004937ee	44
004937f2	0049381c	43
00493820	0049384b	44
0049384f	0049387a	44
0049387e	004938a8	43
004938ac	004938d6	43
004938da	00493989	176
0049398d	004939b7	43
004939bb	004939e1	39
004939e5	00493a0f	43
00493a13	00493a38	38
00493a3c	00493a61	38
00493a65	00493a8b	39
00493a8f	00493ab9	43
00493abd	00493ae2	38
00493ae6	00493b0b	38
00493b0f	00493b34	38
00493b38	00493b5d	38
00493b61	00493b86	38
00493b8a	00493baf	38
00493bb3	00493c12	96
00493c16	00493c22	13
00494eca	00494eca	1
00495df4	00495df4	1
00495e9f	00495e9f	1
00495f1e	00495f1e	1
004962e2	004962e2	1
00499102	0049912c	43
00499130	00499163	52
00499167	00499191	43
00499195	004991bf	43
004991c3	004991db	25
0049a486	0049a603	382
0049a607	0049a631	43
0049a635	0049a6e9	181
0049a6ed	0049a751	101
0049a755	0049a7a0	76
0049a7a4	0049a7f1	78
0049a7f5	0049a815	33
0049a819	0049a83d	37
0049a841	0049a861	33
0049a865	0049a877	19
0049a89b	0049a8c5	43
0049a8c9	0049a8e3	27
0049aea4	0049aea4	1
0049af2e	0049af2e	1
0049afba	0049afba	1
0049b05f	0049b05f	1
0049b0ff	0049b0ff	1
004a0b40	004a0b4b	12
004a0b50	004a0b56	7
004a0b60	004a0b6b	12
004a0b70	004a0b76	7
004a0b80	004a0bd4	85
004a1814	004a1814	1
004a5342	004a5342	1
004a963e	004a963e	1
004a96c4	004a96c4	1
004bed70	004bedb0	65
004bee30	004bee7d	78
004c1090	004c10d3	68
004c2220	004c2263	68
004c2270	004c22b3	68
004c7300	004c7327	40
004c9bbf	004c9bbf	1
004ca02a	004ca02a	1
004cd420	004cd42d	14
004cd430	004cd43d	14
004cd440	004cd44d	14
004cd450	004cd45d	14
004cd460	004cd46d	14
004cd470	004cd47d	14
004cd480	004cd48d	14
004cd490	004cd49d	14
004cd4a0	004cd4ad	14
004cd4b0	004cd4bd	14
004cd4c0	004cd4cd	14
004cd4d0	004cd4dd	14
004cd4e0	004cd4ed	14
004cd4f0	004cd4fd	14
004cd500	004cd50f	16
004d0a50	004d0a77	40
004d0a80	004d0aa7	40
004d0ab0	004d0ad7	40
004d0da0	004d0db0	17
004d0dc0	004d0dd0	17
004d0de0	004d0df0	17
004d1a90	004d1ae0	81
004d1af0	004d1b38	73
004d32cf	004d32cf	1
004d4cfa	004d4cfa	1
004d4d8a	004d4d8a	1
004e0ca0	004e0ccc	45
004e0d80	004e0d8a	11
004e0d90	004e0dd5	70
004e0de0	004e0dea	11
004e0e80	004e0ee2	99
004e0ef0	004e0f61	114
004e10d0	004e116e	159
004e2a20	004e2a7a	91
004e2b0a	004e2b0a	1
004e3eff	004e3eff	1
004e3fca	004e3fca	1
004e6a60	004e6ab3	84
004e6ab7	004e6abc	6
004e7770	004e77ae	63
004e77b0	004e77ba	11
004e77c0	004e77ca	11
004e795f	004e795f	1
004ead6a	004ead6a	1
004ee5f0	004ee5fd	14
004ee600	004ee60d	14
004ee610	004ee61d	14
004ee620	004ee62d	14
004f046c	004f0484	25
004f1fe8	004f200c	37
004f2010	004f202b	28
004f202f	004f2050	34
004f2054	004f207e	43
004f2082	004f20ac	43
004f20b0	004f20d7	40
004f20db	004f20fc	34
004f2100	004f2121	34
004f2125	004f213d	25
004f2141	004f216b	43
004f216f	004f2199	43
004f219d	004f21b5	25
004f3004	004f3004	1
004f308e	004f308e	1
004f83c0	004f83e9	42
004f95e5	004f95e5	1
004f968f	004f968f	1
004f972f	004f972f	1
004fdf5a	004fdf5a	1
0050012f	0050012f	1
005026ca	005026ca	1
005037f0	005037fd	14
00504930	00504937	8
00504960	00504976	23
00504bf0	00504bfd	14
00504d8f	00504d8f	1
0050733a	0050733a	1
0050996f	00509976	8
00509f60	00509f6a	11
00509f70	00509f7a	11
00509f80	00509f8a	11
00509f90	00509f9a	11
0050a09f	0050a09f	1
0050e050	0050e05d	14
0050e060	0050e06d	14
0050e070	0050e07d	14
0050e080	0050e08d	14
0050e090	0050e09d	14
0050e0a0	0050e0ad	14
0050e0b0	0050e0bd	14
0050e0c0	0050e0cd	14
0050e0d0	0050e121	82
00512550	0051255d	14
00512560	0051256d	14
0051260e	0051260e	1
005126af	005126af	1
00512734	00512734	1
00512ca0	00512ce2	67
00513760	00513772	19
005146ca	005146ca	1
00514da0	00514dfe	95
00514e00	00514e0b	12
005151d0	005151dd	14
005151e0	005151ed	14
005151f0	0051522c	61
005158b0	005158f7	72
005164f0	005165bf	208
00516932	00516932	1
005181f4	005181f4	1
005182c4	005182c4	1
00518357	00518357	1
005183ea	005183ea	1
0051848f	0051848f	1
0052328a	0052328a	1
0052336f	0052336f	1
00529840	00529843	4
0052ceaa	0052ceaa	1
0052d09a	0052d09a	1
0052d9af	0052d9af	1
0052da4f	0052da4f	1
0052f320	0052f34f	48
0053a42a	0053a42a	1
0053e300	0053e30b	12
0053e310	0053e31b	12
0053e320	0053e325	6
00542caa	00542caa	1
00542d4f	00542d4f	1
00542def	00542def	1
00543baa	00543baa	1
00544ac0	00544ad3	20
00545344	00545344	1
005453d2	005453d2	1
0054547f	0054547f	1
0054627a	0054627a	1
0054c244	0054c244	1
0054c2ce	0054c2ce	1
0054c35a	0054c35a	1
0054c3e4	0054c3e4	1
0054c472	0054c472	1
0054c55f	0054c55f	1
0054d61f	0054d61f	1
00551bd0	00551bec	29
00551c30	00551c4b	28
00551c50	00551c6b	28
0055420f	0055420f	1
005554e4	005554f5	18
005555ea	005555ea	1
00555c84	00555c96	19
0055bd84	0055bd84	1
0055c252	0055c252	1
00563f3a	00563f3a	1
00563fdf	00563fdf	1
005672f4	005672f4	1
0056737e	0056737e	1
00570dde	00570dde	1
00570e64	00570e64	1
00570f0f	00570f0f	1
00571320	005713f8	217
005713fc	0057141c	33
00571420	0057143d	30
00571441	0057144e	14
0057481a	0057481a	1
0057a080	0057a127	168
0057a12b	0057a171	71
0057a185	0057a19b	23
0057a1a0	0057a1b6	23
0057a1c0	0057a1eb	44
0057a1f0	0057a21b	44
0057a220	0057a23e	31
0057a240	0057a25e	31
0057a260	0057a27e	31
0057a280	0057a29e	31
0057bc2f	0057bc2f	1
0057be5a	0057be5a	1
0057c1f0	0057c2b2	195
0057c2b6	0057c2d6	33
0057c2da	0057c2e1	8
0057c5b0	0057c610	97
0057d2d0	0057d345	118
0058300a	0058300a	1
005846c0	005846cf	16
00585fe0	00585fea	11
00585ff0	00585ffa	11
00586000	0058600a	11
00586010	0058601a	11
00586660	005866fd	158
00586701	00586721	33
00586725	0058674f	43
005885c3	005885ea	40
0058b9e0	0058b9ed	14
0058b9f0	0058b9fd	14
00590870	0059087a	11
00590880	0059088a	11
00590890	0059089a	11
005908a0	005908aa	11
005908b0	005908ba	11
005908c0	005908ca	11
005908d0	005908da	11
005908e0	005908ea	11
00592130	0059213e	15
00592140	00592167	40
00592170	00592184	21
00592190	005921a1	18
005921b0	005921c4	21
00592810	00592814	5
00592830	00592834	5
00592840	00592844	5
00592860	00592872	19
00592880	0059289e	31
0059705a	0059705a	1
005970ff	005970ff	1
00597184	00597184	1
00597212	00597212	1
00598c3f	00598c3f	1
0059a07f	0059a07f	1
0059b303	0059b303	1
0059b8ba	0059b8ba	1
0059b95f	0059b95f	1
005a18ee	005a18ee	1
005a1f4f	005a1f4f	1
005a29ba	005a29ba	1
005a34b7	005a34bb	5
005a37f0	005a37f7	8
005a43f7	005a43fb	5
005a4730	005a4737	8
005a5558	005a5579	34
005a557d	005a55a4	40
005a55a8	005a55c9	34
005a55cd	005a55ee	34
005a55f2	005a561c	43
005a5620	005a5644	37
005a5648	005a5669	34
005a566d	005a5697	43
005a569b	005a56b0	22
005a56b4	005a56e2	47
005a5850	005a5857	8
005a64e4	005a64e8	5
005a6960	005a6967	8
005a78af	005a78af	1
005a85da	005a85da	1
005a9e0c	005a9e26	27
005a9e2a	005a9e3b	18
005ab8d4	005ab8d4	1
005ab95e	005ab95e	1
005abe94	005abe94	1
005abf22	005abf22	1
005ac61a	005ac61a	1
005ac6bf	005ac6bf	1
005b2bfa	005b2bfa	1
005b2c9f	005b2c9f	1
005b4514	005b4514	1
005b45a2	005b45a2	1
005b4930	005b4936	7
005b55c4	005b55c4	1
005b5652	005b5652	1
005b56de	005b56de	1
005b5762	005b5762	1
005c27e4	005c27e4	1
005c2872	005c2872	1
005c775c	005c783b	224
005c7931	005c7e89	1369
005c7fa4	005c7fa4	1
005c802e	005c802e	1
005c80ba	005c80ba	1
005c815f	005c815f	1
005ce2bf	005ce2bf	1
005cf05a	005cf05a	1
005cfdc0	005cfdcd	14
005cfdd0	005cfddd	14
005d23e4	005d23e4	1
005d2680	005d2689	10
005d2cc0	005d2cc8	9
005d2cd0	005d2ce8	25
005d7cd4	005d7cd4	1
005d8ca2	005d8ca2	1
005d9230	005d94bd	654
005db2ef	005db2ef	1
005db37a	005db37a	1
005dd910	005dd95d	78
005dda00	005dda82	131
005dda90	005ddae7	88
005df17f	005df17f	1
005df20a	005df20a	1
005e47c0	005e47c4	5
005e4f80	005e4fd8	89
005e5060	005e51bd	350
005e51e0	005e524f	112
005e6ed4	005e6ed4	1
005efb70	005efb76	7
005efb80	005efb8c	13
005f297a	005f297a	1
005f2a1f	005f2a1f	1
005f4e50	005f4e93	68
005f4ea0	005f4ee0	65
005f4ef0	005f4f30	65
005f4f40	005f4f80	65
005f4f90	005f4fd3	68
005f4fe0	005f5025	70
005f50c0	005f5106	71
005f55b0	005f55f0	65
005f5600	005f5643	68
005f5650	005f5693	68
005f56a0	005f56e3	68
005f56f0	005f5733	68
005f5740	005f5783	68
005f5790	005f57d3	68
005f5890	005f58fb	108
00600260	006002a0	65
006002d0	00600313	68
00600320	00600363	68
00600370	006003b3	68
006003c0	00600403	68
00600410	00600453	68
00600460	006004a3	68
00613b40	00613b83	68
00613b90	00613bd3	68
00613be0	00613c23	68
00613c30	00613c73	68
00613c80	00613cc3	68
00614600	00614640	65
00615080	006150c0	65
006150d0	00615110	65
00615120	00615160	65
00615170	006151b0	65
006151c0	00615200	65
00615210	00615250	65
00615260	006152a0	65
006152b0	006152f0	65
00615300	00615340	65
00615350	00615390	65
006153a0	006153e0	65
006153f0	00615430	65
00615440	00615480	65
00615490	006154d0	65
006154e0	00615520	65
00615530	00615570	65
00617110	00617153	68
00617160	006171a3	68
006171b0	006171f3	68
00617200	00617243	68
00617250	00617293	68
006172a0	006172e3	68
006172f0	00617333	68
00617340	00617383	68
00617390	006173d3	68
006173e0	00617423	68
00617430	00617473	68
00617480	006174c3	68
006174d0	00617513	68
00617520	00617563	68
00617570	006175b3	68
006175c0	00617603	68
00617610	00617653	68
00617660	006176a3	68
006176b0	006176f3	68
00617700	00617743	68
0064f790	0064f7d3	68
0064f7e0	0064f823	68
0064f830	0064f873	68
0064f880	0064f8c3	68
0064fbd0	0064fc13	68
00653a10	00653a50	65
00653a60	00653aa0	65
00653ab0	00653af0	65
00653b00	00653b40	65
00653c6f	00653c6f	1
00653da0	00653de3	68
00658070	006580b0	65
00658460	006584a0	65
00658a80	00658ac0	65
00658ad0	00658b1d	78
00658b20	00658b60	65
00658b70	00658bbd	78
00658bc0	00658c00	65
006590d0	00659113	68
00659200	0065920b	12
00659270	00659276	7
0065a37a	0065a37a	1
0066823a	0066823a	1
0066897e	0066897e	1
00668a04	00668a04	1
00668aaf	00668aaf	1
0066b7bf	0066b7bf	1
0066b88a	0066b88a	1
0066c680	0066c686	7
0066c690	0066c696	7
0066d8d4	0066d8d4	1
0066d96a	0066d96a	1
0066d9f2	0066d9f2	1
0066da9f	0066da9f	1
0066db24	0066db24	1
0066dbcf	0066dbcf	1
0066eecf	0066eecf	1
0066f06f	0066f06f	1
00677c80	00677c86	7
00677ca0	00677ca6	7
00677cb0	00677cb6	7
00677cc0	00677cc6	7
00677cd0	00677cd6	7
00686510	0068652c	29
00686530	0068654a	27
00686550	0068656b	28
0068c2bf	0068c2bf	1
0068d294	0068d294	1
0068dd84	0068dd84	1
0068eefa	0068eefa	1
0068ef9f	0068ef9f	1
0068f03f	0068f03f	1
0068fdda	0068fdda	1
00693670	00693676	7
00694590	00694596	7
00694734	00694734	1
006947be	006947be	1
0069484a	0069484a	1
006964a0	006964a6	7
006964c0	006964c6	7
006964d0	006964d6	7
006964e0	006964e6	7
00696500	00696506	7
00696bb4	00696bb4	1
00696c3e	00696c3e	1
0069b690	0069b69a	11
0069b6a0	0069b6aa	11
0069b6b0	0069b6b8	9
0069b6c0	0069b6d7	24
0069b6e0	0069b6e9	10
0069b6f0	0069b707	24
0069b710	0069b71a	11
0069b720	0069b737	24
0069b740	0069b74a	11
0069b750	0069b767	24
0069b770	0069b77a	11
0069b780	0069b797	24
0069b7a0	0069b7aa	11
0069b7b0	0069b7ba	11
0069b7c0	0069b7dd	30
0069b7e0	0069b7ea	11
0069b7f0	0069b80d	30
0069b810	0069b81a	11
0069b820	0069b83d	30
0069b840	0069b84a	11
0069b850	0069b86d	30
0069b870	0069b87a	11
0069b880	0069b89d	30
0069ba30	0069ba34	5
0069ba40	0069ba44	5
0069ba50	0069ba54	5
0069d5c0	0069d5c9	10
0069d5d0	0069d5d9	10
0069d5e0	0069d5e9	10
0069d5f0	0069d5f9	10
0069d600	0069d609	10
0069d610	0069d61b	12
0069d620	0069d62b	12
0069d630	0069d63b	12
0069d650	0069d65a	11
0069d660	0069d66c	13
0069d670	0069d67a	11
0069d680	0069d68b	12
0069d690	0069d69c	13
0069d6a0	0069d6ac	13
0069d6b0	0069d6bb	12
0069d6c0	0069d6cb	12
0069d6d0	0069d6db	12
0069d6e0	0069d6ea	11
0069d6f0	0069d6fb	12
0069d700	0069d70b	12
0069d710	0069d71b	12
0069d720	0069d72b	12
0069d730	0069d73b	12
0069d740	0069d74b	12
0069d750	0069d75b	12
0069e7a0	0069e7a6	7
0069e7b0	0069e7b6	7
0069febf	0069febf	1
0069ff4a	0069ff4a	1
006a0824	006a0824	1
006a08ae	006a08ae	1
006a3464	006a3464	1
006a34ee	006a34ee	1
006a3a02	006a3a02	1
006a42b0	006a42c9	26
006a53f0	006a53f6	7
006a55d0	006a55dc	13
006a5764	006a5764	1
006a57f2	006a57f2	1
006a8190	006a819c	13
006a81a0	006a81ac	13
006a81e0	006a8204	37
006a8210	006a821c	13
006a8230	006a8236	7
006a9190	006a91ab	28
006a91b0	006a91cb	28
006a91d0	006a91db	12
006a91e0	006a91e8	9
006a91f0	006a91fa	11
006a9200	006a920b	12
006a9210	006a922c	29
006a9230	006a9236	7
006a9240	006a9246	7
006a9270	006a9293	36
006a92c0	006a92e3	36
006a9330	006a933c	13
006a9340	006a9346	7
006a9350	006a935c	13
006a9360	006a9366	7
006a9370	006a9383	20
006a9390	006a9396	7
006a93a0	006a93b6	23
006a93c0	006a93c6	7
006a93d0	006a93dc	13
006a93e0	006a93e6	7
006a93f0	006a93fc	13
006a9400	006a9406	7
006a9410	006a941c	13
006a9420	006a942c	13
006a9430	006a9436	7
006a9440	006a944c	13
006a9450	006a945c	13
006a9460	006a946c	13
006a9470	006a9476	7
006a9480	006a948c	13
006a9490	006a9496	7
006a94a0	006a94ac	13
006a94b0	006a94b6	7
006a94c0	006a94cc	13
006a94d0	006a94d6	7
006a94e0	006a94ec	13
006a94f0	006a950c	29
006a9510	006a951c	13
006a9530	006a953c	13
006a9540	006a9546	7
006a9550	006a955c	13
006a9560	006a9566	7
006a9570	006a957c	13
006a9580	006a9586	7
006a9590	006a959c	13
006a95a0	006a95a6	7
006a95b0	006a95cc	29
006a95d0	006a95ec	29
006a95f0	006a960c	29
006a9610	006a962c	29
006a9630	006a964c	29
006a9650	006a966c	29
006a9670	006a9676	7
006a9680	006a968c	13
006a9690	006a9696	7
006a96a0	006a96ac	13
006a96b0	006a96b6	7
006a96c0	006a96cc	13
006a96d0	006a96d6	7
006a96e0	006a96e6	7
006a96f0	006a96fc	13
006a9700	006a9706	7
006a9710	006a971c	13
006a9720	006a9726	7
006a9730	006a973c	13
006a9740	006a9746	7
006a9750	006a975c	13
006a9760	006a9766	7
006a9770	006a977c	13
006a9780	006a9786	7
006a9790	006a979c	13
006a97a0	006a97a6	7
006a97b0	006a97bc	13
006a97c0	006a97c6	7
006a97d0	006a97dc	13
006a97e0	006a97e6	7
006a97f0	006a97fc	13
006a9800	006a9806	7
006a9810	006a981c	13
006a9820	006a982c	13
006a9830	006a9836	7
006a9840	006a985c	29
006a9860	006a986c	13
006a9870	006a9876	7
006a9890	006a9896	7
006a98a0	006a98ae	15
006a98b0	006a98bc	13
006a98c0	006a98c6	7
006aa180	006aa184	5
006aac00	006aac30	49
006ab2f0	006ab306	23
006b2fe4	006b2fe4	1
006b3074	006b3074	1
006b3102	006b3102	1
006b3192	006b3192	1
006b3e34	006b3e34	1
006b3ebe	006b3ebe	1
006b51c0	006b51e2	35
006b51f0	006b51f6	7
006b5200	006b5206	7
006b5220	006b5242	35
006b5250	006b5272	35
006b5280	006b52a2	35
006b52b0	006b52b6	7
006b52c0	006b52e2	35
006b5370	006b538c	29
006b5390	006b539c	13
006b53a0	006b53a6	7
006b53b0	006b53b6	7
006b53c0	006b53cc	13
006b53d0	006b53d6	7
006b53e0	006b53ec	13
006b53f0	006b53fc	13
006b5400	006b5406	7
006b5410	006b5416	7
006b5420	006b5426	7
006b5430	006b543c	13
006b5440	006b5446	7
006b5450	006b5472	35
006b5480	006b5486	7
006b5490	006b54b2	35
006b54c0	006b54e2	35
006b54f0	006b54f6	7
006b5520	006b552c	13
006b5530	006b5536	7
006b5540	006b5562	35
006b5570	006b5576	7
006b5580	006b55a2	35
006b55b0	006b55b6	7
006b55c0	006b55e2	35
006b55f0	006b55f6	7
006b5600	006b5622	35
006b5630	006b5636	7
006b5640	006b5662	35
006b5670	006b5676	7
006b5680	006b56a2	35
006b56b0	006b56b6	7
006b56c0	006b56e2	35
006b56f0	006b5712	35
006b5720	006b5726	7
006b5730	006b5752	35
006b5760	006b5766	7
006b5770	006b5792	35
006b57a0	006b57a6	7
006b57b0	006b57bc	13
006b57c0	006b57cc	13
006b57d0	006b57dc	13
006b57e0	006b57ec	13
006b57f0	006b57fc	13
006b5800	006b580c	13
006b5810	006b581c	13
006b5820	006b5826	7
006b5830	006b5865	54
006b5870	006b5895	38
006b58a0	006b58c5	38
006b58d0	006b58f5	38
006b5970	006b5982	19
006b5990	006b599a	11
006b59a0	006b59c7	40
006b59d0	006b59da	11
006b59e0	006b59ea	11
006b59f0	006b5a17	40
006b5a20	006b5a47	40
006b5a50	006b5a77	40
006b5a80	006b5a8a	11
006b5a90	006b5ab7	40
006b5b40	006b5b67	40
006b5b90	006b5ba2	19
006b70d0	006b70e3	20
006b70f0	006b7106	23
006bbfa4	006bbfa4	1
006bc8e6	006bc8e6	1
006bd070	006bd099	42
006bdfc0	006bdfcc	13
006be400	006be413	20
006beb60	006beb6c	13
006beb70	006beb76	7
006beb80	006beb8c	13
006beb90	006beb96	7
006beba0	006bebac	13
006bebb0	006bebb6	7
006bebc0	006bebcc	13
006bebd0	006bebd6	7
006bebe0	006bebec	13
006bebf0	006bebf6	7
006bec00	006bec0c	13
006bec10	006bec16	7
006bec20	006bec2c	13
006bec30	006bec36	7
006bec40	006bec4c	13
006bec50	006bec56	7
006bec60	006bec6c	13
006bec70	006bec76	7
006bec80	006bec86	7
006bec90	006bec96	7
006beca0	006becac	13
006becb0	006becb6	7
006becc0	006becc6	7
006becd0	006becdc	13
006bece0	006bece6	7
006bef40	006bef44	5
006c245a	006c245a	1
006c24ff	006c24ff	1
006c3b82	006c44fa	2425
006d7320	006d732c	13
006d7330	006d733c	13
006d7340	006d7346	7
006d7350	006d735c	13
006d7360	006d7366	7
006d7370	006d7387	24
006d7390	006d73a7	24
006d73b0	006d73c7	24
006d73d0	006d73e7	24
006d73f0	006d73fc	13
006d7400	006d740c	13
006d7410	006d741c	13
006d7710	006d7717	8
006d7720	006d7724	5
006d7730	006d7734	5
006dc0b0	006dc0bc	13
006dc0c0	006dc0c6	7
006ddaa0	006ddab7	24
006ddabb	006ddac0	6
006de260	006de2ef	144
006de2f3	006de359	103
006e42f0	006e42f4	5
006e80ff	006e80ff	1
006e818a	006e818a	1
006ea22a	006ea22a	1
006eac94	006eac94	1
006ead2a	006ead2a	1
006eadae	006eadae	1
006eae4f	006eae4f	1
006eaeda	006eaeda	1
006eafbf	006eafbf	1
006f00dc	006f0291	438
006f1354	006f1354	1
006f13de	006f13de	1
006f3faa	006f3faa	1
006f404f	006f404f	1
006f786f	006f786f	1
006f78fa	006f78fa	1
00701270	007012d2	99
007012e0	00701326	71
007027e0	00702823	68
00702830	00702870	65
00702880	007028c5	70
00702910	00702953	68
00702960	007029a3	68
007029b0	007029f3	68
00702a00	00702a43	68
00702a50	00702a90	65
00702d6f	00702d6f	1
00702e0f	00702e0f	1
00706963	0070696a	8
00707740	00707780	65
00708ffe	00708ffe	1
0070c8b0	0070c918	105
0070cea0	0070cee3	68
0070cef0	0070cf33	68
007131e0	00713223	68
00715af0	00715b33	68
00715b40	00715b83	68
00715d70	00715db3	68
0071c90f	0071c90f	1
0071cbba	0071cbba	1
0071e610	0071e62e	31
0071fcc0	0071fcdb	28
0071ffb4	0071ffb4	1
0072003e	0072003e	1
00721f5f	00721f5f	1
00721fea	00721fea	1
00723fef	00723fef	1
00726ff0	00726ffa	11
00727000	00727005	6
00727010	00727015	6
00727020	00727025	6
00727340	00727344	5
00727350	00727354	5
00727360	00727364	5
007317ef	007317ef	1
0073ba80	0073baaa	43
0073ed54	0073ed54	1
0073edde	0073edde	1
00740c4f	00740c4f	1
00740cef	00740cef	1
00743487	00743487	1
00745c5c	00745c67	12
0074c23a	0074c23a	1
0074c2ca	0074c2ca	1
0074e07f	0074e07f	1
0074e11f	0074e11f	1
0074e67a	0074e67a	1
00750097	00750097	1
007524e4	007524e4	1
00753814	00753814	1
0075389e	0075389e	1
00759aba	00759aba	1
00759b5f	00759b5f	1
0075e0c0	0075e0d5	22
0075e0e0	0075e0f5	22
0075eeef	0075eeef	1
0076135f	0076135f	1
007613ea	007613ea	1
00763da0	00763dd5	54
00764944	00764944	1
007649d2	007649d2	1
007680c9	007680c9	1
00768b45	00768b45	1
0076fe04	0076fe04	1
0076fe92	0076fe92	1
00774644	00774644	1
00774dc2	00774dc2	1
007759b4	007759b4	1
00776112	00776112	1
00777b60	00777b8e	47
00778d50	00778d84	53
00779b50	00779b5b	12
00779b60	00779b7e	31
0077a9e3	0077a9e5	3
0077c630	0077c636	7
0077c640	0077c645	6
0077c650	0077c656	7
0077c660	0077c665	6
0077c670	0077c676	7
0077c680	0077c685	6
0077e390	0077e39b	12
00780b62	00780b7f	30
007811af	007811c2	20
007811e1	007811f4	20
00781210	00781249	58
0078124d	00781254	8
00781b2f	00781b2f	1
0078594f	0078594f	1
007859da	007859da	1
0079a730	0079a773	68
0079b6d0	0079b713	68
0079ebc0	0079ec00	65
0079ecc0	0079ed03	68
0079f114	0079f114	1
007a2330	007a2373	68
007a480f	007a480f	1
007a9260	007a9273	20
007a95cf	007a95cf	1
007a965a	007a965a	1
007ae3a4	007ae3a4	1
007b23aa	007b23aa	1
007b526f	007b526f	1
007c1ba4	007c1bde	59
007c1ee0	007c1f01	34
007c7224	007c7309	230
007c8a9f	007c8bcb	301
007c9a49	007c9ae9	161
007ca86d	007ca899	45
007ca8a1	007ca8b0	16
007e0ee0	007e0f02	35
007e1124	007e112e	11
007f21a0	007f21bd	30
007f21c0	007f21f3	52
007f2200	007f22aa	171
007f22b0	007f22c0	17
007f3054	007f3058	5
007f3913	007f3b33	545
007f5aea	007f5b2f	70
007f6ee0	007f6ffc	285
007f7000	007f711b	284
007f8240	007f826f	48
008011e0	0080128b	172
00804a24	00804a77	84
00815287	00815486	512
008155b9	008156fe	326
00815c08	00815cff	248
00815dae	00815e94	231
00815f8c	008165d2	1607
0081945d	00819703	679
008197c5	0081997f	443
00819a77	00819b4a	212
0081ab7c	0081ac71	246
0081acb6	0081b1ab	1270
0081b46e	0081b4d1	100
0081b579	0081b61d	165
0081c057	0081c8c5	2159
0081ca6b	0081cf9e	1332
0081d39a	0081d791	1016
0081dac6	0081db52	141
0081dc19	0081de47	559
0081e9ad	0081f18a	2014
0081f1ef	0081f26c	126
0081f2e0	0081f339	90
0081f340	0081f399	90
0081f3a0	0081f3b0	17
0081f4d0	0081f51c	77
0081fc80	0081fd3b	188
008209e0	00820b38	345
008228f0	00822933	68
00822940	00822acc	397
00822ad0	00822b47	120
00823170	008231b4	69
008241a0	0082423b	156
0082669c	008266b1	22
008296f5	00829742	78
00857860	00857a85	550
00858050	00858085	54
00866e38	00866e72	59
0086aa70	0086aaad	62
0087c82f	0087c82f	1
0087cbda	0087cbda	1
0087ea7a	0087ea7a	1
0087eb1f	0087eb1f	1
00884e80	00884e99	26
00884ea0	00884ea5	6
00885bc0	00885be3	36
00894ea0	00894ee0	65
00894ef0	00894f30	65
00894f40	00894f80	65
00894fe0	00894ff4	21
00895060	008950a6	71
008950b0	008950f6	71
008a28e4	008a28e4	1
008a29de	008a29de	1
008a2a7f	008a2a7f	1
008a54da	008a54da	1
008ac744	008ac744	1
008ac7ce	008ac7ce	1
008ac86f	008ac86f	1
008aca4a	008aca4a	1
008ace4e	008ace68	27
008ae1c6	008ae1e3	30
008ae1e7	008ae217	49
008ae229	008ae231	9
008ae273	008ae288	22
008ae6ca	008ae6ca	1
008ae76f	008ae76f	1
008ae80f	008ae80f	1
008b168a	008b168a	1
008b33d0	008b3410	65
008b3420	008b3460	65
008b3470	008b34b0	65
008b34c0	008b3503	68
008b3510	008b3550	65
008b3560	008b35a0	65
008b3694	008b3694	1
008b36a0	008b36e6	71
008b36f0	008b3736	71
008b3770	008b37cc	93
008b3d00	008b3d40	65
008b3e00	008b3e40	65
008b3ef0	008b3f3d	78
008b4090	008b40d3	68
008b40e0	008b4123	68
008b47af	008b47af	1
008b4f2a	008b4f2a	1
008b6234	008b6234	1
008b634f	008b634f	1
008b63ef	008b63ef	1
008b6d42	008b6d42	1
008b6dda	008b6dda	1
008b889a	008b889a	1
008bb2c0	008bb2de	31
008bb3a4	008bb3a4	1
008bb43a	008bb43a	1
008bb4df	008bb4df	1
008bb57f	008bb57f	1
008bcc42	008bcc42	1
008bccda	008bccda	1
008c313f	008c313f	1
008c31ca	008c31ca	1
008c7f7f	008c7f7f	1
008c8b6a	008c8b6a	1
008c970f	008c970f	1
008cadda	008cadda	1
008cc134	008cc134	1
008cc1df	008cc1df	1
008cce52	008cce52	1
008cd42a	008cd42a	1
008cfe04	008cfe04	1
008d0382	008d0382	1
008d119f	008d119f	1
008d289a	008d289a	1
008d4eee	008d4eee	1
008d5a1a	008d5a1a	1
008d5abf	008d5abf	1
008d6304	008d6304	1
008d63af	008d63af	1
008d643a	008d643a	1
008d6902	008d6902	1
008d8be2	008d8be2	1
008da034	008da034	1
008da0c4	008da0c4	1
008da152	008da152	1
008da1de	008da1de	1
008da27f	008da27f	1
008da30a	008da30a	1
008dd2c0	008dd2f0	49
008dfcd0	008dfd13	68
008fe5a4	008fe5a4	1
009255f4	009255f4	1
009256b0	009256f3	68
00925700	00925743	68
0092b45a	0092b45a	1
0092b4ff	0092b4ff	1
0092e04f	0092e04f	1
0092e0da	0092e0da	1
00931424	00931424	1
009316e2	009316e2	1
0093283a	0093283a	1
0093295f	0093295f	1
00938d8f	00938d8f	1
0093924a	0093924a	1
009392da	009392da	1
0093a55f	0093a55f	1
0093a82a	0093a82a	1
0093a8ba	0093a8ba	1
0093b9af	0093b9af	1
0093bbca	0093bbca	1
0093bc5a	0093bc5a	1
0093e1af	0093e1af	1
0093e2fa	0093e2fa	1
0093e38a	0093e38a	1
0093f504	0093f504	1
0093f58e	0093f58e	1
0093f62f	0093f62f	1
0093ffea	0093ffea	1
0094253f	0094253f	1
00943a1a	00943a1a	1
00948d0f	00948d0f	1
00948e2a	00948e2a	1
0094b7e0	0094b80d	46
0095111f	0095111f	1
00951b4a	00951b4a	1
00951bda	00951bda	1
00953bb4	00953bb4	1
00953c44	00953c44	1
00953cce	00953cce	1
00953d6f	00953d6f	1
00954622	00954622	1
009546ba	009546ba	1
0095b08a	0095b08a	1
0095b12f	0095b12f	1
0095b9c3	0095babc	250
0095bb03	0095bbbd	187
0095c3a4	0095c3a4	1
0095c434	0095c434	1
0095c4c2	0095c4c2	1
0095c55a	0095c55a	1
0095c5ff	0095c5ff	1
00964114	00964114	1
009641a4	009641a4	1
00964234	00964234	1
00964304	00964304	1
00964392	00964392	1
00964422	00964422	1
009644b2	009644b2	1
0096454a	0096454a	1
009645ce	009645ce	1
00964652	00964652	1
009646ff	009646ff	1
0096479f	0096479f	1
0096779a	0096779a	1
0096ac64	0096ac64	1
0096acee	0096acee	1
0096b394	0096b394	1
0096b41e	0096b41e	1
0096c21f	0096c21f	1
0096dd8a	0096dd8a	1
00971474	00971474	1
00971504	00971504	1
009715ce	009715ce	1
0097165a	0097165a	1
009716e2	009716e2	1
00971770	00971770	1
0097181f	0097181f	1
0097465f	0097465f	1
0097473f	0097473f	1
0097d48f	0097d48f	1
0098abce	0098abce	1
0098cb84	0098cb84	1
0098cc0e	0098cc0e	1
00994a50	00994a75	38
00994b8a	00994b8a	1
00994c2f	00994c2f	1
00997124	00997124	1
009971ae	009971ae	1
0099724f	0099724f	1
009972da	009972da	1
0099ec6a	0099ec6a	1
0099ed0f	0099ed0f	1
009a2aaa	009a2aaa	1
009a2b4f	009a2b4f	1
009bd804	009bd804	1
009bd892	009bd892	1
009bf5c4	009bf5c4	1
009bf68e	009bf68e	1
009bf71a	009bf71a	1
009bf7bf	009bf7bf	1
009c06df	009c06df	1
009c38e4	009c38e4	1
009c3972	009c3972	1
009c3a1f	009c3a1f	1
009caf04	009caf04	1
009caf94	009caf94	1
009cb024	009cb024	1
009cb0b2	009cb0b2	1
009cb142	009cb142	1
009cb4b2	009cb4b2	1
009cbc32	009cbc32	1
009cc72f	009cc72f	1
009d7304	009d7304	1
009d738e	009d738e	1
009d9b44	009d9b44	1
009daab2	009daab2	1
009dad8f	009dad8f	1
009db09a	009db09a	1
009dc7d4	009dc7d4	1
009dcaaf	009dcaaf	1
009dda6a	009dda6a	1
009df664	009df664	1
009df6fa	009df6fa	1
009df79f	009df79f	1
009df8a2	009df8a2	1
009e5344	009e5344	1
009e53d2	009e53d2	1
009e5f9f	009e5f9f	1
009f04e4	009f04e4	1
009f056e	009f056e	1
00a03814	00a03814	1
00a038a2	00a038a2	1
00a0393a	00a0393a	1
00a039df	00a039df	1
00a05c4f	00a05c4f	1
00a05cda	00a05cda	1
00a08ddf	00a08ddf	1
00a1dc10	00a1dc17	8
00a1df0a	00a1df0a	1
00a1dfaf	00a1dfaf	1
00a1ec6f	00a1ec6f	1
00a2a4bf	00a2a4bf	1
00a2ad6a	00a2ad6a	1
00a2c6b0	00a2c6f0	65
00a2daa0	00a2dae3	68
00a2dba0	00a2dbe3	68
00a2dca0	00a2dce3	68
00a2dcf0	00a2dd30	65
00a2dd40	00a2dd80	65
00a2df50	00a2df93	68
00a2dfa0	00a2dfe0	65
00a2dff0	00a2e030	65
00a2e040	00a2e080	65
00a2e090	00a2e0d0	65
00a2e0e0	00a2e120	65
00a2e130	00a2e170	65
00a2e180	00a2e1c0	65
00a2e290	00a2e2e4	85
00a2e2f0	00a2e336	71
00a2e8c0	00a2e900	65
00a2e9c0	00a2ea00	65
00a2ea10	00a2ea50	65
00a2eba0	00a2ebe3	68
00a37880	00a37885	6
00a379c0	00a379e1	34
00a379f0	00a37a11	34
00a37faf	00a37faf	1
00a3804f	00a3804f	1
00a380ef	00a380ef	1
00a39c6a	00a39c6a	1
00a3ca7f	00a3ca7f	1
00a3cb0a	00a3cb0a	1
00a475df	00a475df	1
00a4793a	00a4793a	1
00a47c90	00a47ca3	20
00a47cb0	00a47cc3	20
00a47cd0	00a47ce3	20
00a47cf0	00a47d03	20
00a47d10	00a47d23	20
00a47d30	00a47d43	20
00a47d50	00a47d63	20
00a47d70	00a47d83	20
00a47d90	00a47da3	20
00a50c34	00a50c34	1
00a50d3e	00a50d3e	1
00a50dc4	00a50dc4	1
00a50e6f	00a50e6f	1
00a50efa	00a50efa	1
00a50f9f	00a50f9f	1
00a529ba	00a529ba	1
00a52a42	00a52a42	1
00a57490	00a574b0	33
00a574c0	00a574e0	33
00a574f0	00a57510	33
00a57520	00a57540	33
00a57550	00a57554	5
00a57560	00a57564	5
00a57cb0	00a57cb6	7
00a57cc0	00a57cc6	7
00a57cd0	00a57cd6	7
00a57ce0	00a57ce6	7
00a58540	00a5856d	46
00a58570	00a5859d	46
00a5c6d0	00a5c6d3	4
00a5c6e0	00a5c6e3	4
00a5c6f0	00a5c6f3	4
00a5c700	00a5c703	4
00a5c740	00a5c74b	12
00a5c750	00a5c758	9
00a5e3d4	00a5e3d4	1
00a5e45e	00a5e45e	1
00a5e460	00a5e577	280
00a67c24	00a67c24	1
00a67cb2	00a67cb2	1
00a67d5f	00a67d5f	1
00a6837a	00a6837a	1
00a6972f	00a6972f	1
00a6f1bf	00a6f1bf	1
00a70a6a	00a70a6a	1
00a72dfa	00a72dfa	1
00a72e9f	00a72e9f	1
00a79e0f	00a79e0f	1
00a7a4da	00a7a4da	1
00a82554	00a82554	1
00a825de	00a825de	1
00a826bf	00a826bf	1
00a83eea	00a83eea	1
00a84864	00a84864	1
00a848ee	00a848ee	1
00a87da0	00a87dad	14
00a88874	00a88874	1
00a888fe	00a888fe	1
00a8960a	00a89618	15
00a8961c	00a89628	13
00a8d4db	00a8d500	38
00a92f3e	00a92f4a	13
00a9d2a0	00a9d362	195
00a9f1e5	00a9f225	65
00aa31d2	00aa31e3	18
00aab53a	00aab554	27
00aab62c	00aab64b	32
00aaeb9a	00aaeba6	13
00ab2341	00ab237c	60
00ab23b3	00ab241c	106
00ac45b0	00ac45b9	10
00ac45c0	00ac45c9	10
00ac45d0	00ac45d9	10
00ac45e0	00ac45e9	10
00ac45f0	00ac45f9	10
00ac4600	00ac4609	10
00ac4610	00ac4619	10
00ac4620	00ac4629	10
00ac4630	00ac4639	10
00ac4640	00ac4649	10
00ac4650	00ac4659	10
00ac4660	00ac4669	10
00ac4670	00ac4679	10
00ac4680	00ac4689	10
00ac4690	00ac4699	10
00ac46a0	00ac46a9	10
00ac46b0	00ac46b9	10
00ac46c0	00ac46c9	10
00ac46d0	00ac46d9	10
00ac46e0	00ac46e9	10
00ac46f0	00ac46f9	10
00ac4700	00ac4709	10
00ac4710	00ac4719	10
00ac4720	00ac4729	10
00ac4730	00ac4739	10
00ac4740	00ac4749	10
00ac4750	00ac4759	10
00ac4760	00ac4769	10
00ac4770	00ac4779	10
00ac4780	00ac4789	10
00ac4790	00ac4799	10
00ac47a0	00ac47a9	10
00ac47b0	00ac47b9	10
00ac47c0	00ac47c9	10
00ac47d0	00ac47d9	10
00ac47e0	00ac47e9	10
00ac47f0	00ac47f9	10
00ac4800	00ac4809	10
00ac4810	00ac4819	10
00ac4820	00ac4829	10
00ac4830	00ac4839	10
00ac4840	00ac4849	10
00ac4850	00ac4859	10
00ac4860	00ac4869	10
00ac4870	00ac4879	10
00ac4880	00ac4889	10
00ac4890	00ac4899	10
00ac48a0	00ac48a9	10
00ac48b0	00ac48b9	10
00ac48c0	00ac48c9	10
00ac48d0	00ac48d9	10
00ac48e0	00ac48e9	10
00ac48f0	00ac48f9	10
00ac4900	00ac4909	10
00ac4910	00ac4919	10
00ac4920	00ac4929	10
00ac4930	00ac4939	10
00ac4940	00ac4949	10
00ac4950	00ac4959	10
00ac4960	00ac4969	10
00ac4970	00ac4979	10
00ac4980	00ac4989	10
00ac4990	00ac4999	10
00ac49a0	00ac49a9	10
00ac49b0	00ac49b9	10
00ac49c0	00ac49c9	10
00ac49d0	00ac49d9	10
00ac49e0	00ac49e9	10
00ac49f0	00ac49f9	10
00ac4a00	00ac4a09	10
00ac4a10	00ac4a19	10
00ac4a20	00ac4a29	10
00ac4a30	00ac4a39	10
00ac4a40	00ac4a49	10
00ac4a50	00ac4a59	10
00ac4a60	00ac4a69	10
00ac4a70	00ac4a79	10
00ac4a80	00ac4a89	10
00ac4a90	00ac4a99	10
00ac4aa0	00ac4aa9	10
00ac4ab0	00ac4ab9	10
00ac4ac0	00ac4ac9	10
00ac4ad0	00ac4ad9	10
00ac4ae0	00ac4ae9	10
00ac4af0	00ac4af9	10
00ac4b00	00ac4b09	10
00ac4b10	00ac4b19	10
00ac4b20	00ac4b29	10
00ac4b30	00ac4b39	10
00ac4b40	00ac4b49	10
00ac4b50	00ac4b59	10
00ac4b60	00ac4b69	10
00ac4b70	00ac4b79	10
00ac4b80	00ac4b89	10
00ac4b90	00ac4b99	10
00ac4ba0	00ac4ba9	10
00ac4bb0	00ac4bb9	10
00ac4bc0	00ac4bc9	10
00ac4bd0	00ac4bd9	10
00ac4be0	00ac4be9	10
00ac4bf0	00ac4bf9	10
00ac4c00	00ac4c09	10
00ac4c10	00ac4c19	10
00ac4c20	00ac4c29	10
00ac4c30	00ac4c39	10
00ac4c40	00ac4c49	10
00ac4c50	00ac4c59	10
00ac4c60	00ac4c69	10
00ac4c70	00ac4c79	10
00ac4c80	00ac4c89	10
00ac4c90	00ac4c99	10
00ac4ca0	00ac4ca9	10
00ac4cb0	00ac4cb9	10
00ac4cc0	00ac4cc9	10
00ac4cd0	00ac4cd9	10
00ac4ce0	00ac4ce9	10
00ac4cf0	00ac4cf9	10
00ac4d00	00ac4d09	10
00ac4d10	00ac4d19	10
00ac4d20	00ac4d29	10
00ac4d30	00ac4d39	10
00ac4d40	00ac4d49	10
00ac4d50	00ac4d59	10
00ac4d60	00ac4d69	10
00ac4d70	00ac4d79	10
00ac4d80	00ac4d89	10
00ac4d90	00ac4d99	10
00ac4da0	00ac4da9	10
00ac4db0	00ac4db9	10
00ac4dc0	00ac4dc9	10
00ac4dd0	00ac4dd9	10
00ac4de0	00ac4de9	10
00ac4df0	00ac4df9	10
00ac4e00	00ac4e09	10
00ac4e10	00ac4e19	10
00ac4e20	00ac4e29	10
00ac4e30	00ac4e39	10
00ac4e40	00ac4e49	10
00ac4e50	00ac4e59	10
00ac4e60	00ac4e69	10
00ac4e70	00ac4e79	10
00ac4e80	00ac4e89	10
00ac4e90	00ac4e99	10
00ac4ea0	00ac4ea9	10
00ac4eb0	00ac4eb9	10
00ac4ec0	00ac4ec9	10
00ac4ed0	00ac4ed9	10
00ac4ee0	00ac4ee9	10
00ac4ef0	00ac4ef9	10
00ac4f00	00ac4f09	10
00ac4f10	00ac4f19	10
00ac4f20	00ac4f29	10
00ac4f30	00ac4f39	10
00ac4f40	00ac4f49	10
00ac4f50	00ac4f59	10
00ac4f60	00ac4f69	10
00ac4f70	00ac4f79	10
00ac4f80	00ac4f89	10
00ac4f90	00ac4f99	10
00ac4fa0	00ac4fa9	10
00ac4fb0	00ac4fb9	10
00ac4fc0	00ac4fc9	10
00ac4fd0	00ac4fd9	10
00ac4fe0	00ac4fe9	10
00ac4ff0	00ac4ff9	10
00ac5000	00ac5009	10
00ac5010	00ac5019	10
00ac5020	00ac5029	10
00ac5030	00ac5039	10
00ac5040	00ac5049	10
00ac5050	00ac5059	10
00ac5060	00ac5069	10
00ac5070	00ac5079	10
00ac5080	00ac5089	10
00ac5090	00ac5099	10
00ac50a0	00ac50a9	10
00ac50b0	00ac50b9	10
00ac50c0	00ac50c9	10
00ac50d0	00ac50d9	10
00ac50e0	00ac50e9	10
00ac50f0	00ac50f9	10
00ac5100	00ac5109	10
00ac5110	00ac5119	10
00ac5120	00ac5129	10
00ac5130	00ac5139	10
00ac5140	00ac5149	10
00ac5150	00ac5159	10
00ac5160	00ac5169	10
00ac5170	00ac5179	10
00ac5180	00ac5189	10
00ac5190	00ac5199	10
00ac51a0	00ac51a9	10
00ac51b0	00ac51b9	10
00ac51c0	00ac51c9	10
00ac51d0	00ac51d9	10
00ac51e0	00ac51e9	10
00ac51f0	00ac51f9	10
00ac5200	00ac5209	10
00ac5210	00ac5219	10
00ac5220	00ac5229	10
00ac5230	00ac5239	10
00ac5240	00ac5249	10
00ac5250	00ac5259	10
00ac5260	00ac5269	10
00ac5270	00ac5279	10
00ac5280	00ac5289	10
00ac5290	00ac5299	10
00ac52a0	00ac52a9	10
00ac52b0	00ac52b9	10
00ac52c0	00ac52c9	10
00ac52d0	00ac52d9	10
00ac52e0	00ac52e9	10
00ac52f0	00ac52f9	10
00ac5300	00ac5309	10
00ac5310	00ac5319	10
00ac5320	00ac5329	10
00ac5330	00ac5339	10
00ac5340	00ac5349	10
00ac5350	00ac5359	10
00ac5360	00ac5369	10
00ac5370	00ac5379	10
00ac5380	00ac5389	10
00ac5390	00ac5399	10
00ac53a0	00ac53a9	10
00ac53b0	00ac53b9	10
00ac53c0	00ac53c9	10
00ac53d0	00ac53d9	10
00ac53e0	00ac53e9	10
00ac53f0	00ac53f9	10
00ac5400	00ac5409	10
00ac5410	00ac5419	10
00ac5420	00ac5429	10
00ac5430	00ac5439	10
00ac5440	00ac5449	10
00ac5450	00ac5459	10
00ac5460	00ac5469	10
00ac5470	00ac5479	10
00ac5480	00ac5489	10
00ac5490	00ac5499	10
00ac54a0	00ac54a9	10
00ac54b0	00ac54b9	10
00ac54c0	00ac54c9	10
00ac54d0	00ac54d9	10
00ac54e0	00ac54e9	10
00ac54f0	00ac54f9	10
00ac5500	00ac5509	10
00ac5510	00ac5519	10
00ac5520	00ac5529	10
00ac5530	00ac5539	10
00ac5540	00ac5549	10
00ac5550	00ac5559	10
00ac5560	00ac5569	10
00ac5570	00ac5579	10
00ac5580	00ac5589	10
00ac5590	00ac5599	10
00ac55a0	00ac55a9	10
00ac55b0	00ac55b9	10
00ac55c0	00ac55c9	10
00ac55d0	00ac55d9	10
00ac55e0	00ac55e9	10
00ac55f0	00ac55f9	10
00ac5600	00ac5609	10
00ac5610	00ac5619	10
00ac5620	00ac5629	10
00ac5630	00ac5639	10
00ac5640	00ac5649	10
00ac5650	00ac5659	10
00ac5660	00ac5669	10
00ac5670	00ac5679	10
00ac5680	00ac5689	10
00ac5690	00ac5699	10
00ac56a0	00ac56a9	10
00ac56b0	00ac56b9	10
00ac56c0	00ac56c9	10
00ac56d0	00ac56d9	10
00ac56e0	00ac56e9	10
00ac56f0	00ac56f9	10
00ac5700	00ac5709	10
00ac5710	00ac5719	10
00ac5720	00ac5729	10
00ac5730	00ac5739	10
00ac5740	00ac5749	10
00ac5750	00ac5759	10
00ac5760	00ac5769	10
00ac5770	00ac5779	10
00ac5780	00ac5789	10
00ac5790	00ac5799	10
00ac57a0	00ac57a9	10
00ac57b0	00ac57b9	10
00ac57c0	00ac57c9	10
00ac57d0	00ac57d9	10
00ac57e0	00ac57e9	10
00ac57f0	00ac57f9	10
00ac5800	00ac5809	10
00ac5810	00ac5819	10
00ac5820	00ac5829	10
00ac5830	00ac5839	10
00ac5840	00ac5849	10
00ac5850	00ac5859	10
00ac5860	00ac5869	10
00ac5870	00ac5879	10
00ac5880	00ac5889	10
00ac5890	00ac5899	10
00ac58a0	00ac58a9	10
00ac58b0	00ac58b9	10
00ac58c0	00ac58c9	10
00ac58d0	00ac58d9	10
00ac58e0	00ac58e9	10
00ac58f0	00ac58f9	10
00ac5900	00ac5909	10
00ac5910	00ac5919	10
00ac5920	00ac5929	10
00ac5930	00ac5939	10
00ac5940	00ac5949	10
00ac5950	00ac5959	10
00ac5960	00ac5969	10
00ac5970	00ac5979	10
00ac5980	00ac5989	10
00ac5990	00ac5999	10
00ac59a0	00ac59a9	10
00ac59b0	00ac59b9	10
00ac59c0	00ac59c9	10
00ac59d0	00ac59d9	10
00ac59e0	00ac59e9	10
00ac59f0	00ac59f9	10
00ac5a00	00ac5a09	10
00ac5a10	00ac5a19	10
00ac5a20	00ac5a29	10
00ac5a30	00ac5a39	10
00ac5a40	00ac5a49	10
00ac5a50	00ac5a59	10
00ac5a60	00ac5a69	10
00ac5a70	00ac5a79	10
00ac5a80	00ac5a89	10
00ac5a90	00ac5a99	10
00ac5aa0	00ac5aa9	10
00ac5ab0	00ac5ab9	10
00ac5ac0	00ac5ac9	10
00ac5ad0	00ac5ad9	10
00ac5ae0	00ac5ae9	10
00ac5af0	00ac5af9	10
00ac5b00	00ac5b09	10
00ac5b10	00ac5b19	10
00ac5b20	00ac5b29	10
00ac5b30	00ac5b39	10
00ac5b40	00ac5b49	10
00ac5b50	00ac5b59	10
00ac5b60	00ac5b69	10
00ac5b70	00ac5b79	10
00ac5b80	00ac5b89	10
00ac5b90	00ac5b99	10
00ac5ba0	00ac5ba9	10
00ac5bb0	00ac5bb9	10
00ac5bc0	00ac5bc9	10
00ac5bd0	00ac5bd9	10
00ac5be0	00ac5be9	10
00ac5bf0	00ac5bf9	10
00ac5c00	00ac5c09	10
00ac5c10	00ac5c19	10
00ac5c20	00ac5c29	10
00ac5c30	00ac5c39	10
00ac5c40	00ac5c49	10
00ac5c50	00ac5c59	10
00ac5c60	00ac5c69	10
00ac5c70	00ac5c79	10
00ac5c80	00ac5c89	10
00ac5c90	00ac5c99	10
00ac5ca0	00ac5ca9	10
00ac5cb0	00ac5cb9	10
00ac5cc0	00ac5cc9	10
00ac5cd0	00ac5cd9	10
00ac5ce0	00ac5ce9	10
00ac5cf0	00ac5cf9	10
00ac5d00	00ac5d09	10
00ac5d10	00ac5d19	10
00ac5d20	00ac5d29	10
00ac5d30	00ac5d39	10
00ac5d40	00ac5d49	10
00ac5d50	00ac5d59	10
00ac5d60	00ac5d69	10
00ac5d70	00ac5d79	10
00ac5d80	00ac5d89	10
00ac5d90	00ac5d99	10
00ac5da0	00ac5da9	10
00ac5db0	00ac5db9	10
00ac5dc0	00ac5dc9	10
00ac5dd0	00ac5dd9	10
00ac5de0	00ac5de9	10
00ac5df0	00ac5df9	10
00ac5e00	00ac5e09	10
00ac5e10	00ac5e19	10
00ac5e20	00ac5e29	10
00ac5e30	00ac5e39	10
00ac5e40	00ac5e49	10
00ac5e50	00ac5e59	10
00ac5e60	00ac5e69	10
00ac5e70	00ac5e79	10
00ac5e80	00ac5e89	10
00ac5e90	00ac5e99	10
00ac5ea0	00ac5ea9	10
00ac5eb0	00ac5eb9	10
00ac5ec0	00ac5ec9	10
00ac5ed0	00ac5ed9	10
00ac5ee0	00ac5ee9	10
00ac5ef0	00ac5ef9	10
00ac5f00	00ac5f09	10
00ac5f10	00ac5f19	10
00ac5f20	00ac5f29	10
00ac5f30	00ac5f39	10
00ac5f40	00ac5f49	10
00ac5f50	00ac5f59	10
00ac5f60	00ac5f69	10
00ac5f70	00ac5f79	10
00ac5f80	00ac5f89	10
00ac5f90	00ac5f99	10
00ac5fa0	00ac5fa9	10
00ac5fb0	00ac5fb9	10
00ac5fc0	00ac5fc9	10
00ac5fd0	00ac5fd9	10
00ac5fe0	00ac5fe9	10
00ac5ff0	00ac5ff9	10
00ac6000	00ac6009	10
00ac6010	00ac6019	10
00ac6020	00ac6029	10
00ac6030	00ac6039	10
00ac6040	00ac6049	10
00ac6050	00ac6059	10
00ac6060	00ac6069	10
00ac6070	00ac6079	10
00ac6080	00ac6089	10
00ac6090	00ac6099	10
00ac60a0	00ac60a9	10
00ac60b0	00ac60b9	10
00ac60c0	00ac60c9	10
00ac60d0	00ac60d9	10
00ac60e0	00ac60e9	10
00ac60f0	00ac60f9	10
00ac6100	00ac6109	10
00ac6110	00ac6119	10
00ac6120	00ac6129	10
00ac6130	00ac6139	10
00ac6140	00ac6149	10
00ac6150	00ac6159	10
00ac6160	00ac6169	10
00ac6170	00ac6179	10
00ac6180	00ac6189	10
00ac6190	00ac6199	10
00ac61a0	00ac61a9	10
00ac61b0	00ac61b9	10
00ac61c0	00ac61c9	10
00ac61d0	00ac61d9	10
00ac61e0	00ac61e9	10
00ac61f0	00ac61f9	10
00ac6200	00ac6209	10
00ac6210	00ac6219	10
00ac6220	00ac6229	10
00ac6230	00ac6239	10
00ac6240	00ac6249	10
00ac6250	00ac6259	10
00ac6260	00ac6269	10
00ac6270	00ac6279	10
00ac6280	00ac6289	10
00ac6290	00ac6299	10
00ac62a0	00ac62a9	10
00ac62b0	00ac62b9	10
00ac62c0	00ac62c9	10
00ac62d0	00ac62d9	10
00ac62e0	00ac62e9	10
00ac62f0	00ac62f9	10
00ac6300	00ac6309	10
00ac6310	00ac6319	10
00ac6320	00ac6329	10
00ac6330	00ac6339	10
00ac6340	00ac6349	10
00ac6350	00ac6359	10
00ac6360	00ac6369	10
00ac6370	00ac6379	10
00ac6380	00ac6389	10
00ac6390	00ac6399	10
00ac63a0	00ac63a9	10
00ac63b0	00ac63b9	10
00ac63c0	00ac63c9	10
00ac63d0	00ac63d9	10
00ac63e0	00ac63e9	10
00ac63f0	00ac63f9	10
00ac6400	00ac6409	10
00ac6410	00ac6419	10
00ac6420	00ac6429	10
00ac6430	00ac6439	10
00ac6440	00ac6449	10
00ac6450	00ac6459	10
00ac6460	00ac6469	10
00ac6470	00ac6479	10
00ac6480	00ac6489	10
00ac6490	00ac6499	10
00ac64a0	00ac64a9	10
00ac64b0	00ac64b9	10
00ac64c0	00ac64c9	10
00ac64d0	00ac64d9	10
00ac64e0	00ac64e9	10
00ac64f0	00ac64f9	10
00ac6500	00ac6509	10
00ac6510	00ac6519	10
00ac6520	00ac6529	10
00ac6530	00ac6539	10
00ac6540	00ac6549	10
00ac6550	00ac6559	10
00ac6560	00ac6569	10
00ac6570	00ac6579	10
00ac6580	00ac6589	10
00ac6590	00ac6599	10
00ac65a0	00ac65a9	10
00ac65b0	00ac65b9	10
00ac65c0	00ac65c9	10
00ac65d0	00ac65d9	10
00ac65e0	00ac65e9	10
00ac65f0	00ac65f9	10
00ac6600	00ac6609	10
00ac6610	00ac6619	10
00ac6620	00ac6629	10
00ac6630	00ac6639	10
00ac6640	00ac6649	10
00ac6650	00ac6659	10
00ac6660	00ac6669	10
00ac6670	00ac6679	10
00ac6680	00ac6689	10
00ac6690	00ac6699	10
00ac66a0	00ac66a9	10
00ac66b0	00ac66b9	10
00ac66c0	00ac66c9	10
00ac66d0	00ac66d9	10
00ac66e0	00ac66e9	10
00ac66f0	00ac66f9	10
00ac6700	00ac6709	10
00ac6710	00ac6719	10
00ac6720	00ac6729	10
00ac6730	00ac6739	10
00ac6740	00ac6749	10
00ac6750	00ac6759	10
00ac6760	00ac6769	10
00ac6770	00ac6779	10
00ac6780	00ac6789	10
00ac6790	00ac6799	10
00ac67a0	00ac67a9	10
00ac67b0	00ac67b9	10
00ac67c0	00ac67c9	10
00ac67d0	00ac67d9	10
00ac67e0	00ac67e9	10
00ac67f0	00ac67f9	10
00ac6800	00ac6809	10
00ac6810	00ac6819	10
00ac6820	00ac6829	10
00ac6830	00ac6839	10
00ac6840	00ac6849	10
00ac6850	00ac6859	10
00ac6860	00ac6869	10
00ac6870	00ac6879	10
00ac6880	00ac6889	10
00ac6890	00ac6899	10
00ac68a0	00ac68a9	10
00ac68b0	00ac68b9	10
00ac68c0	00ac68c9	10
00ac68d0	00ac68d9	10
00ac68e0	00ac68e9	10
00ac68f0	00ac68f9	10
00ac6900	00ac6909	10
00ac6910	00ac6919	10
00ac6920	00ac6929	10
00ac6930	00ac6939	10
00ac6940	00ac6949	10
00ac6950	00ac6959	10
00ac6960	00ac6969	10
00ac6970	00ac6979	10
00ac6980	00ac6989	10
00ac6990	00ac6999	10
00ac69a0	00ac69a9	10
00ac69b0	00ac69b9	10
00ac69c0	00ac69c9	10
00ac69d0	00ac69d9	10
00ac69e0	00ac69e9	10
00ac69f0	00ac69f9	10
00ac6a00	00ac6a09	10
00ac6a10	00ac6a19	10
00ac6a20	00ac6a29	10
00ac6a30	00ac6a39	10
00ac6a40	00ac6a49	10
00ac6a50	00ac6a59	10
00ac6a60	00ac6a69	10
00ac6a70	00ac6a79	10
00ac6a80	00ac6a89	10
00ac6a90	00ac6a99	10
00ac6aa0	00ac6aa9	10
00ac6ab0	00ac6ab9	10
00ac6ac0	00ac6ac9	10
00ac6ad0	00ac6ad9	10
00ac6ae0	00ac6ae9	10
00ac6af0	00ac6af9	10
00ac6b00	00ac6b09	10
00ac6b10	00ac6b19	10
00ac6b20	00ac6b29	10
00ac6b30	00ac6b39	10
00ac6b40	00ac6b49	10
00ac6b50	00ac6b59	10
00ac6b60	00ac6b69	10
00ac6b70	00ac6b79	10
00ac6b80	00ac6b89	10
00ac6b90	00ac6b99	10
00ac6ba0	00ac6ba9	10
00ac6bb0	00ac6bb9	10
00ac6bc0	00ac6bc9	10
00ac6bd0	00ac6bd9	10
00ac6be0	00ac6be9	10
00ac6bf0	00ac6bf9	10
00ac6c00	00ac6c09	10
00ac6c10	00ac6c19	10
00ac6c20	00ac6c29	10
00ac6c30	00ac6c39	10
00ac6c40	00ac6c49	10
00ac6c50	00ac6c59	10
00ac6c60	00ac6c69	10
00ac6c70	00ac6c79	10
00ac6c80	00ac6c89	10
00ac6c90	00ac6c99	10
00ac6ca0	00ac6ca9	10
00ac6cb0	00ac6cb9	10
00ac6cc0	00ac6cc9	10
00ac6cd0	00ac6cd9	10
00ac6ce0	00ac6ce9	10
00ac6cf0	00ac6cf9	10
00ac6d00	00ac6d09	10
00ac6d10	00ac6d19	10
00ac6d20	00ac6d29	10
00ac6d30	00ac6d39	10
00ac6d40	00ac6d49	10
00ac6d50	00ac6d59	10
00ac6d60	00ac6d69	10
00ac6d70	00ac6d79	10
00ac6d80	00ac6d89	10
00ac6d90	00ac6d99	10
00ac6da0	00ac6da9	10
00ac6db0	00ac6db9	10
00ac6dc0	00ac6dc9	10
00ac6dd0	00ac6dd9	10
00ac6de0	00ac6de9	10
00ac6df0	00ac6df9	10
00ac6e00	00ac6e09	10
00ac6e10	00ac6e19	10
00ac6e20	00ac6e29	10
00ac6e30	00ac6e39	10
00ac6e40	00ac6e49	10
00ac6e50	00ac6e59	10
00ac6e60	00ac6e69	10
00ac6e70	00ac6e79	10
00ac6e80	00ac6e89	10
00ac6e90	00ac6e99	10
00ac6ea0	00ac6ea9	10
00ac6eb0	00ac6eb9	10
00ac6ec0	00ac6ec9	10
00ac6ed0	00ac6ed9	10
00ac6ee0	00ac6ee9	10
00ac6ef0	00ac6ef9	10
00ac6f00	00ac6f09	10
00ac6f10	00ac6f19	10
00ac6f20	00ac6f29	10
00ac6f30	00ac6f39	10
00ac6f40	00ac6f49	10
00ac6f50	00ac6f59	10
00ac6f60	00ac6f69	10
00ac6f70	00ac6f79	10
00ac6f80	00ac6f89	10
00ac6f90	00ac6f99	10
00ac6fa0	00ac6fa9	10
00ac6fb0	00ac6fb9	10
00ac6fc0	00ac6fc9	10
00ac6fd0	00ac6fd9	10
00ac6fe0	00ac6fe9	10
00ac6ff0	00ac6ff9	10
00ac7000	00ac7009	10
00ac7010	00ac7019	10
00ac7020	00ac7029	10
00ac7030	00ac7039	10
00ac7040	00ac7049	10
00ac7050	00ac7059	10
00ac7060	00ac7069	10
00ac7070	00ac7079	10
00ac7080	00ac7089	10
00ac7090	00ac7099	10
00ac70a0	00ac70a9	10
00ac70b0	00ac70b9	10
00ac70c0	00ac70c9	10
00ac70d0	00ac70d9	10
00ac70e0	00ac70e9	10
00ac70f0	00ac70f9	10
00ac7100	00ac7109	10
00ac7110	00ac7119	10
00ac7120	00ac7129	10
00ac7130	00ac7139	10
00ac7140	00ac7149	10
00ac7150	00ac7159	10
00ac7160	00ac7169	10
00ac7170	00ac7179	10
00ac7180	00ac7189	10
00ac7190	00ac7199	10
00ac71a0	00ac71a9	10
00ac71b0	00ac71b9	10
00ac71c0	00ac71c9	10
00ac71d0	00ac71d9	10
00ac71e0	00ac71e9	10
00ac71f0	00ac71f9	10
00ac7200	00ac7209	10
00ac7210	00ac7219	10
00ac7220	00ac7229	10
00ac7230	00ac7239	10
00ac7240	00ac7249	10
00ac7250	00ac7259	10
00ac7260	00ac7269	10
00ac7270	00ac7279	10
00ac7280	00ac7289	10
00ac7290	00ac7299	10
00ac72a0	00ac72a9	10
00ac72b0	00ac72b9	10
00ac72c0	00ac72c9	10
00ac72d0	00ac72d9	10
00ac72e0	00ac72e9	10
00ac72f0	00ac72f9	10
00ac7300	00ac7309	10
00ac7310	00ac7319	10
00ac7320	00ac7329	10
00ac7330	00ac7339	10
00ac7340	00ac7349	10
00ac7350	00ac7359	10
00ac7360	00ac7369	10
00ac7370	00ac7379	10
00ac7380	00ac7389	10
00ac7390	00ac7399	10
00ac73a0	00ac73a9	10
00ac73b0	00ac73b9	10
00ac73c0	00ac73c9	10
00ac73d0	00ac73d9	10
00ac73e0	00ac73e9	10
00ac73f0	00ac73f9	10
00ac7400	00ac7409	10
00ac7410	00ac7419	10
00ac7420	00ac7429	10
00ac7430	00ac7439	10
00ac7440	00ac7449	10
00ac7450	00ac7459	10
00ac7460	00ac7469	10
00ac7470	00ac7479	10
00ac7480	00ac7489	10
00ac7490	00ac7499	10
00ac74a0	00ac74a9	10
00ac74b0	00ac74b9	10
00ac74c0	00ac74c9	10
00ac74d0	00ac74d9	10
00ac74e0	00ac74e9	10
00ac74f0	00ac74f9	10
00ac7500	00ac7509	10
00ac7510	00ac7519	10
00ac7520	00ac7529	10
00ac7530	00ac7539	10
00ac7540	00ac7549	10
00ac7550	00ac7559	10
00ac7560	00ac7569	10
00ac7570	00ac7579	10
00ac7580	00ac7589	10
00ac7590	00ac7599	10
00ac75a0	00ac75a9	10
00ac75b0	00ac75b9	10
00ac75c0	00ac75c9	10
00ac75d0	00ac75d9	10
00ac75f5	00ac75fe	10
00ac7607	00ac7610	10
00ac7645	00ac764e	10
00ac7661	00ac766a	10
00ac7686	00ac768f	10
00ac7698	00ac76a1	10
00ac76aa	00ac76bd	20
00ac76c0	00ac76c9	10
00ac76d0	00ac76d9	10
00ac76e0	00ac76e9	10
00ac76f0	00ac76f9	10
00ac7700	00ac7709	10
00ac7710	00ac7719	10
00ac7720	00ac7729	10
00ac7730	00ac7739	10
00ac7740	00ac7749	10
00ac7750	00ac7759	10
00ac7760	00ac7769	10
00ac7770	00ac7779	10
00ac7780	00ac7789	10
00ac7790	00ac7799	10
00ac77a0	00ac77a9	10
00ac77b0	00ac77b9	10
00ac77c0	00ac77c9	10
00ac77d0	00ac77d9	10
00ac77e0	00ac77e9	10
00ac77f0	00ac77f9	10
00ac7800	00ac7809	10
00ac7810	00ac7819	10
00ac7820	00ac7829	10
00ac7830	00ac7839	10
00ac7840	00ac7849	10
00ac7850	00ac7859	10
00ac7860	00ac7869	10
00ac7870	00ac7879	10
00ac7880	00ac7889	10
00ac7890	00ac7899	10
00ac78a0	00ac78a9	10
00ac78b0	00ac78b9	10
00ac78c0	00ac78c9	10
00ac78d0	00ac78d9	10
00ac78e0	00ac78e9	10
00ac78f0	00ac78f9	10
00ac7900	00ac7909	10
00ac7910	00ac7919	10
00ac7920	00ac7929	10
00ac7930	00ac7939	10
00ac7940	00ac7949	10
00ac7950	00ac7959	10
00ac7960	00ac7969	10
00ac7970	00ac7979	10
00ac7980	00ac7989	10
00ac7990	00ac7999	10
00ac79a0	00ac79a9	10
00ac79b0	00ac79b9	10
00ac79c0	00ac79c9	10
00ac79d0	00ac79d9	10
00ac79e0	00ac79e9	10
00ac79f0	00ac79f9	10
00ac7a00	00ac7a09	10
00ac7a10	00ac7a19	10
00ac7a20	00ac7a29	10
00ac7a30	00ac7a39	10
00ac7a40	00ac7a49	10
00ac7a50	00ac7a59	10
00ac7a60	00ac7a69	10
00ac7a70	00ac7a79	10
00ac7a80	00ac7a89	10
00ac7a90	00ac7a99	10
00ac7aa0	00ac7aa9	10
00ac7ab0	00ac7ab9	10
00ac7ac0	00ac7ac9	10
00ac7ad0	00ac7ad9	10
00ac7ae0	00ac7ae9	10
00ac7af0	00ac7af9	10
00ac7b00	00ac7b09	10
00ac7b10	00ac7b19	10
00ac7b20	00ac7b29	10
00ac7b30	00ac7b39	10
00ac7b40	00ac7b49	10
00ac7b50	00ac7b59	10
00ac7b60	00ac7b69	10
00ac7b70	00ac7b79	10
00ac7b80	00ac7b89	10
00ac7b90	00ac7b99	10
00ac7ba0	00ac7ba9	10
00ac7bb0	00ac7bb9	10
00ac7bc0	00ac7bc9	10
00ac7bd0	00ac7bd9	10
00ac7be0	00ac7be9	10
00ac7bf0	00ac7bf9	10
00ac7c00	00ac7c09	10
00ac7c10	00ac7c19	10
00ac7c20	00ac7c29	10
00ac7c30	00ac7c39	10
00ac7c40	00ac7c49	10
00ac7c50	00ac7c59	10
00ac7c60	00ac7c69	10
00ac7c70	00ac7c79	10
00ac7c80	00ac7c89	10
00ac7c90	00ac7c99	10
00ac7ca0	00ac7ca9	10
00ac7cb0	00ac7cb9	10
00ac7cc0	00ac7cc9	10
00ac7cd0	00ac7cd9	10
00ac7ce0	00ac7ce9	10
00ac7cf0	00ac7cf9	10
00ac7d00	00ac7d09	10
00ac7d10	00ac7d19	10
00ac7d20	00ac7d29	10
00ac7d30	00ac7d39	10
00ac7d40	00ac7d49	10
00ac7d50	00ac7d59	10
00ac7d60	00ac7d69	10
00ac7d70	00ac7d79	10
00ac7d80	00ac7d89	10
00ac7d90	00ac7d99	10
00ac7da0	00ac7da9	10
00ac7db0	00ac7db9	10
00ac7dc0	00ac7dc9	10
00ac7dd0	00ac7dd9	10
00ac7de0	00ac7de9	10
00ac7df0	00ac7df9	10
00ac7e00	00ac7e09	10
00ac7e10	00ac7e19	10
00ac7e20	00ac7e29	10
00ac7e30	00ac7e39	10
00ac7e40	00ac7e49	10
00ac7e50	00ac7e59	10
00ac7e60	00ac7e69	10
00ac7e70	00ac7e79	10
00ac7e80	00ac7e89	10
00ac7e90	00ac7e99	10
00ac7ea0	00ac7ea9	10
00ac7eb0	00ac7eb9	10
00ac7ec0	00ac7ec9	10
00ac7ed0	00ac7ed9	10
00ac7ee0	00ac7ee9	10
00ac7ef0	00ac7ef9	10
00ac7f00	00ac7f09	10
00ac7f10	00ac7f19	10
00ac7f20	00ac7f29	10
00ac7f30	00ac7f39	10
00ac7f40	00ac7f49	10
00ac7f50	00ac7f59	10
00ac7f60	00ac7f69	10
00ac7f70	00ac7f79	10
00ac7f80	00ac7f89	10
00ac7f90	00ac7f99	10
00ac7fa0	00ac7fa9	10
00ac7fb0	00ac7fb9	10
00ac7fc0	00ac7fc9	10
00ac7fd0	00ac7fd9	10
00ac7fe0	00ac7fe9	10
00ac7ff0	00ac7ff9	10
00ac8000	00ac8009	10
00ac8010	00ac8019	10
00ac8020	00ac8029	10
00ac8030	00ac8039	10
00ac8040	00ac8049	10
00ac8050	00ac8059	10
00ac8060	00ac8069	10
00ac8070	00ac8079	10
00ac8080	00ac8089	10
00ac8090	00ac8099	10
00ac80a0	00ac80a9	10
00ac80b0	00ac80b9	10
00ac80c0	00ac80c9	10
00ac80d0	00ac80d9	10
00ac80e0	00ac80e9	10
00ac80f0	00ac80f9	10
00ac8100	00ac8109	10
00ac8110	00ac8119	10
00ac8120	00ac8129	10
00ac8130	00ac8139	10
00ac8140	00ac8149	10
00ac8150	00ac8159	10
00ac8160	00ac8169	10
00ac8170	00ac8179	10
00ac8180	00ac8189	10
00ac8190	00ac8199	10
00ac81a0	00ac81a9	10
00ac81b0	00ac81b9	10
00ac81c0	00ac81c9	10
00ac81d0	00ac81d9	10
00ac81e0	00ac81e9	10
00ac81f0	00ac81f9	10
00ac8200	00ac8209	10
00ac8210	00ac8219	10
00ac8220	00ac8229	10
00ac8230	00ac8239	10
00ac8240	00ac8249	10
00ac8250	00ac8259	10
00ac8260	00ac8269	10
00ac8270	00ac8279	10
00ac8280	00ac8289	10
00ac8290	00ac8299	10
00ac82a0	00ac82a9	10
00ac82b0	00ac82b9	10
00ac82c0	00ac82c9	10
00ac82d0	00ac82d9	10
00ac82e0	00ac82e9	10
00ac82f0	00ac82f9	10
00ac8300	00ac8309	10
00ac8310	00ac8319	10
00ac8320	00ac8329	10
00ac8330	00ac8339	10
00ac8340	00ac8349	10
00ac8350	00ac8359	10
00ac8360	00ac8369	10
00ac8370	00ac8379	10
00ac8380	00ac8389	10
00ac8390	00ac8399	10
00ac83a0	00ac83a9	10
00ac83b0	00ac83b9	10
00ac83c0	00ac83c9	10
00ac83d0	00ac83d9	10
00ac83e0	00ac83e9	10
00ac83f0	00ac83f9	10
00ac8400	00ac8409	10
00ac8410	00ac8419	10
00ac8420	00ac8429	10
00ac8430	00ac8439	10
00ac8440	00ac8449	10
00ac8450	00ac8459	10
00ac8460	00ac8469	10
00ac8470	00ac8479	10
00ac8480	00ac8489	10
00ac8490	00ac8499	10
00ac84a0	00ac84a9	10
00ac84b0	00ac84b9	10
00ac84c0	00ac84c9	10
00ac84d0	00ac84d9	10
00ac84e0	00ac84e9	10
00ac84f0	00ac84f9	10
00ac8500	00ac8509	10
00ac8510	00ac8519	10
00ac8520	00ac8529	10
00ac8530	00ac8539	10
00ac8540	00ac8549	10
00ac8550	00ac8559	10
00ac8560	00ac8569	10
00ac8570	00ac8579	10
00ac8580	00ac8589	10
00ac8590	00ac8599	10
00ac85a0	00ac85a9	10
00ac85b0	00ac85b9	10
00ac85c0	00ac85c9	10
00ac85d0	00ac85d9	10
00ac85e0	00ac85e9	10
00ac85f0	00ac85f9	10
00ac8600	00ac8609	10
00ac8610	00ac8619	10
00ac8620	00ac8629	10
00ac8630	00ac8639	10
00ac8640	00ac8649	10
00ac8650	00ac8659	10
00ac8660	00ac8669	10
00ac8670	00ac8679	10
00ac8680	00ac8689	10
00ac8690	00ac8699	10
00ac86a0	00ac86a9	10
00ac86b0	00ac86b9	10
00ac86c0	00ac86c9	10
00ac86d0	00ac86d9	10
00ac86e0	00ac86e9	10
00ac86f0	00ac86f9	10
00ac8700	00ac8709	10
00ac8710	00ac8719	10
00ac8720	00ac8729	10
00ac8730	00ac8739	10
00ac8740	00ac8749	10
00ac8750	00ac8759	10
00ac8760	00ac8769	10
00ac8770	00ac8779	10
00ac8780	00ac8789	10
00ac8790	00ac8799	10
00ac87a0	00ac87a9	10
00ac87b0	00ac87b9	10
00ac87c0	00ac87c9	10
00ac87d0	00ac87d9	10
00ac87e0	00ac87e9	10
00ac87f0	00ac87f9	10
00ac8800	00ac8809	10
00ac8810	00ac8819	10
00ac8820	00ac8829	10
00ac8830	00ac8839	10
00ac8840	00ac8849	10
00ac8850	00ac8859	10
00ac8860	00ac8869	10
00ac8870	00ac8879	10
00ac8880	00ac8889	10
00ac8890	00ac8899	10
00ac88a0	00ac88a9	10
00ac88b0	00ac88b9	10
00ac88c0	00ac88c9	10
00ac88d0	00ac88d9	10
00ac88e0	00ac88e9	10
00ac88f0	00ac88f9	10
00ac8900	00ac8909	10
00ac8910	00ac8919	10
00ac8920	00ac8929	10
00ac8930	00ac8939	10
00ac8940	00ac8949	10
00ac8950	00ac8959	10
00ac8960	00ac8969	10
00ac8970	00ac8979	10
00ac8980	00ac8989	10
00ac8990	00ac8999	10
00ac89a0	00ac89a9	10
00ac89b0	00ac89b9	10
00ac89c0	00ac89c9	10
00ac89d0	00ac89d9	10
00ac89e0	00ac89e9	10
00ac89f0	00ac89f9	10
00ac8a00	00ac8a09	10
00ac8a10	00ac8a19	10
00ac8a20	00ac8a29	10
00ac8a30	00ac8a39	10
00ac8a40	00ac8a49	10
00ac8a50	00ac8a59	10
00ac8a60	00ac8a69	10
00ac8a70	00ac8a79	10
00ac8a80	00ac8a89	10
00ac8a90	00ac8a99	10
00ac8aa0	00ac8aa9	10
00ac8ab0	00ac8ab9	10
00ac8ac0	00ac8ac9	10
00ac8ad0	00ac8ad9	10
00ac8ae0	00ac8ae9	10
00ac8af0	00ac8af9	10
00ac8b00	00ac8b09	10
00ac8b10	00ac8b19	10
00ac8b20	00ac8b29	10
00ac8b30	00ac8b39	10
00ac8b40	00ac8b49	10
00ac8b50	00ac8b59	10
00ac8b60	00ac8b69	10
00ac8b70	00ac8b79	10
00ac8b80	00ac8b89	10
00ac8b90	00ac8b99	10
00ac8ba0	00ac8ba9	10
00ac8bb0	00ac8bb9	10
00ac8bc0	00ac8bc9	10
00ac8bd0	00ac8bd9	10
00ac8be0	00ac8be9	10
00ac8bf0	00ac8bf9	10
00ac8c00	00ac8c09	10
00ac8c10	00ac8c19	10
00ac8c20	00ac8c29	10
00ac8c30	00ac8c39	10
00ac8c40	00ac8c49	10
00ac8c50	00ac8c59	10
00ac8c60	00ac8c69	10
00ac8c70	00ac8c79	10
00ac8c80	00ac8c89	10
00ac8c90	00ac8c99	10
00ac8ca0	00ac8ca9	10
00ac8cb0	00ac8cb9	10
00ac8cc0	00ac8cc9	10
00ac8cd0	00ac8cd9	10
00ac8ce0	00ac8ce9	10
00ac8cf0	00ac8cf9	10
00ac8d00	00ac8d09	10
00ac8d10	00ac8d19	10
00ac8d20	00ac8d29	10
00ac8d30	00ac8d39	10
00ac8d40	00ac8d49	10
00ac8d50	00ac8d59	10
00ac8d60	00ac8d69	10
00ac8d70	00ac8d79	10
00ac8d80	00ac8d89	10
00ac8d90	00ac8d99	10
00ac8da0	00ac8da9	10
00ac8db0	00ac8db9	10
00ac8dc0	00ac8dc9	10
00ac8dd0	00ac8dd9	10
00ac8de0	00ac8de9	10
00ac8df0	00ac8df9	10
00ac8e00	00ac8e09	10
00ac8e10	00ac8e19	10
00ac8e20	00ac8e29	10
00ac8e30	00ac8e39	10
00ac8e40	00ac8e49	10
00ac8e50	00ac8e59	10
00ac8e60	00ac8e69	10
00ac8e70	00ac8e79	10
00ac8e80	00ac8e89	10
00ac8e90	00ac8e99	10
00ac8ea0	00ac8ea9	10
00ac8eb0	00ac8eb9	10
00ac8ec0	00ac8ec9	10
00ac8ed0	00ac8ed9	10
00ac8ee0	00ac8ee9	10
00ac8ef0	00ac8ef9	10
00ac8f00	00ac8f09	10
00ac8f10	00ac8f19	10
00ac8f20	00ac8f29	10
00ac8f30	00ac8f39	10
00ac8f40	00ac8f49	10
00ac8f50	00ac8f59	10
00ac8f60	00ac8f69	10
00ac8f70	00ac8f79	10
00ac8f80	00ac8f89	10
00ac8f90	00ac8f99	10
00ac8fa0	00ac8fa9	10
00ac8fb0	00ac8fb9	10
00ac8fc0	00ac8fc9	10
00ac8fd0	00ac8fd9	10
00ac8fe0	00ac8fe9	10
00ac8ff0	00ac8ff9	10
00ac9000	00ac9009	10
00ac9010	00ac9019	10
00ac9020	00ac9029	10
00ac9030	00ac9039	10
00ac9040	00ac9049	10
00ac9050	00ac9059	10
00ac9060	00ac9069	10
00ac9070	00ac9079	10
00ac9080	00ac9089	10
00ac9090	00ac9099	10
00ac90a0	00ac90a9	10
00ac90b0	00ac90b9	10
00ac90c0	00ac90c9	10
00ac90d0	00ac90d9	10
00ac90e0	00ac90e9	10
00ac90f0	00ac90f9	10
00ac9100	00ac9109	10
00ac9110	00ac9119	10
00ac9120	00ac9129	10
00ac9130	00ac9139	10
00ac9140	00ac9149	10
00ac9150	00ac9159	10
00ac9160	00ac9169	10
00ac9170	00ac9179	10
00ac9180	00ac9189	10
00ac9190	00ac9199	10
00ac91a0	00ac91a9	10
00ac91b0	00ac91b9	10
00ac91c0	00ac91c9	10
00ac91d0	00ac91d9	10
00ac91e0	00ac91e9	10
00ac91f0	00ac91f9	10
00ac9200	00ac9209	10
00ac9210	00ac9219	10
00ac9220	00ac9229	10
00ac9230	00ac9239	10
00ac9240	00ac9249	10
00ac9250	00ac9259	10
00ac9260	00ac9269	10
00ac9270	00ac9279	10
00ac9280	00ac9289	10
00ac9290	00ac9299	10
00ac92a0	00ac92a9	10
00ac92b0	00ac92b9	10
00ac92c0	00ac92c9	10
00ac92d0	00ac92d9	10
00ac92e0	00ac92e9	10
00ac92f0	00ac92f9	10
00ac9300	00ac9309	10
00ac9310	00ac9319	10
00ac9320	00ac9329	10
00ac9330	00ac9339	10
00ac9340	00ac9349	10
00ac9350	00ac9359	10
00ac9360	00ac9369	10
00ac9370	00ac9379	10
00ac9380	00ac9389	10
00ac9390	00ac9399	10
00ac93a0	00ac93a9	10
00ac93b0	00ac93b9	10
00ac93c0	00ac93c9	10
00ac93d0	00ac93d9	10
00ac93e0	00ac93e9	10
00ac93f0	00ac93f9	10
00ac9400	00ac9409	10
00ac9410	00ac9419	10
00ac9420	00ac9429	10
00ac9430	00ac9439	10
00ac9440	00ac9449	10
00ac9450	00ac9459	10
00ac9460	00ac9469	10
00ac9470	00ac9479	10
00ac9482	00ac948b	10
00ac9497	00ac94a0	10
00b27cc0	00b27cca	11
00b27cd0	00b27cda	11
00b27ce0	00b27cea	11
00b27cf0	00b27cfa	11
00b27d00	00b27d0a	11
00b27d10	00b27d1a	11
00b27d20	00b27d2a	11
00b27d30	00b27d3a	11
00b27d40	00b27d4a	11
00b27d50	00b27d5a	11
00b27d60	00b27d6a	11
00b27d70	00b27d7a	11
00b27d80	00b27d8a	11
00b27d90	00b27d9a	11
00b27da0	00b27daa	11
00b27db0	00b27dba	11
00b27dc0	00b27dca	11
00b27dd0	00b27dda	11
00b27de0	00b27dea	11
00b27df0	00b27dfa	11
00b27e00	00b27e0a	11
00b27e10	00b27e1a	11
00b27e20	00b27e2a	11
00b27e30	00b27e3a	11
00b27e40	00b27e4a	11
00b27e50	00b27e5a	11
00b27e60	00b27e6a	11
00b27e70	00b27e7a	11
00b27e80	00b27e8a	11
00b27e90	00b27e9a	11
00b27ea0	00b27eaa	11
00b27eb0	00b27eba	11
00b27ec0	00b27eca	11
00b27ed0	00b27eda	11
00b27ee0	00b27eea	11
00b27ef0	00b27efa	11
00b27f00	00b27f13	20
00b27f17	00b27f2d	23
00b27f30	00b27f43	20
00b27f47	00b27f5d	23
00b27f60	00b27f73	20
00b27f77	00b27f8d	23
00b27f90	00b27fa3	20
00b27fa7	00b27fbd	23
00b27fc0	00b27fd3	20
00b27fd7	00b27fed	23
00b27ff0	00b28003	20
00b28007	00b2801d	23
00b28020	00b28033	20
00b28037	00b2804d	23
00b28050	00b28063	20
00b28067	00b2807d	23
00b280e0	00b280f3	20
00b280f7	00b28117	33
00b28120	00b28133	20
00b28137	00b28157	33
00b28160	00b28173	20
00b28177	00b28197	33
00b281a0	00b281b3	20
00b281b7	00b281d7	33
00b281e0	00b281f3	20
00b281f7	00b28217	33
00b28220	00b28233	20
00b28237	00b28257	33
00b28260	00b28273	20
00b28277	00b28297	33
00b282a0	00b282b3	20
00b282b7	00b282d7	33
00b282e0	00b282f3	20
00b282f7	00b28317	33
00b28320	00b28333	20
00b28337	00b28357	33
00b28360	00b28369	10
00b28370	00b28379	10
00b28380	00b2838e	15
00b28392	00b283b0	31
00b28420	00b28429	10
00b284a0	00b284aa	11
00b28670	00b28683	20
00b28687	00b2869d	23
00b286a0	00b286b3	20
00b286b7	00b286cd	23
00b286d0	00b286e3	20
00b286e7	00b286fd	23
00b28760	00b28773	20
00b28777	00b287a5	47
00b287a9	00b287c0	24
00b287d0	00b287d9	10
00b28820	00b2882a	11
00b28830	00b2883a	11
00b28840	00b2884a	11
00b28850	00b2885a	11
00b28860	00b2886a	11
00b28870	00b2887a	11
00b28880	00b2888a	11
00b28890	00b2889a	11
00b288a0	00b288aa	11
00b288b0	00b288ba	11
00b288c0	00b288ca	11
00b288d0	00b288da	11
00b288e0	00b288ea	11
00b288f0	00b288fa	11
00b28900	00b2890a	11
00b28910	00b2891a	11
00b28920	00b2892a	11
00b28930	00b2893a	11
00b28940	00b2894a	11
00b28950	00b2895a	11
00b28960	00b2896a	11
00b28970	00b2897a	11
00b28980	00b2898a	11
00b28990	00b2899a	11
00b289a0	00b289aa	11
00b289b0	00b289ba	11
00b289c0	00b289ca	11
00b289d0	00b289da	11
00b289e0	00b289ea	11
00b289f0	00b289fa	11
00b28a00	00b28a0a	11
00b28a10	00b28a1a	11
00b28a20	00b28a2a	11
00b28a30	00b28a3a	11
00b28a40	00b28a4a	11
00b28a50	00b28a5a	11
00b28a60	00b28a6a	11
00b28a70	00b28a7a	11
00b28a80	00b28a8a	11
00b28a90	00b28a9a	11
00b28aa0	00b28aaa	11
00b28ab0	00b28aba	11
00b28ac0	00b28aca	11
00b28ad0	00b28ada	11
00b28ae0	00b28aea	11
00b28af0	00b28afa	11
00b28b00	00b28b0a	11
00b28b10	00b28b1a	11
00b28b20	00b28b2a	11
00b28b30	00b28b3a	11
00b28b40	00b28b4a	11
00b28b50	00b28b5a	11
00b28b60	00b28b6a	11
00b28b70	00b28b7a	11
00b28b80	00b28b8a	11
00b28b90	00b28b9a	11
00b28ba0	00b28baa	11
00b28bb0	00b28bba	11
00b28bc0	00b28bca	11
00b28bd0	00b28bda	11
00b28be0	00b28bea	11
00b28bf0	00b28bfa	11
00b28c00	00b28c0a	11
00b28c10	00b28c1a	11
00b28c20	00b28c2a	11
00b28c30	00b28c3a	11
00b28c40	00b28c4a	11
00b28c50	00b28c5a	11
00b28c60	00b28c6a	11
00b28c70	00b28c7a	11
00b28c80	00b28c8a	11
00b28c90	00b28c9a	11
00b28ca0	00b28caa	11
00b28cb0	00b28cba	11
00b28cc0	00b28cca	11
00b28cd0	00b28cda	11
00b28ce0	00b28cea	11
00b28cf0	00b28cfa	11
00b28d00	00b28d0a	11
00b28d10	00b28d1a	11
00b28d20	00b28d2a	11
00b28d30	00b28d3a	11
00b28d40	00b28d4a	11
00b28d50	00b28d5a	11
00b28d60	00b28d6a	11
00b28d70	00b28d7a	11
00b28d80	00b28d8a	11
00b28d90	00b28d9a	11
00b28da0	00b28daa	11
00b28db0	00b28dba	11
00b28dc0	00b28dca	11
00b28dd0	00b28dda	11
00b28de0	00b28dea	11
00b28df0	00b28dfa	11
00b28e00	00b28e0a	11
00b28e10	00b28e1a	11
00b28e20	00b28e2a	11
00b28e30	00b28e3a	11
00b28e40	00b28e4a	11
00b28e50	00b28e5a	11
00b28e60	00b28e6a	11
00b28e70	00b28e7a	11
00b28e80	00b28e8a	11
00b28e90	00b28e9a	11
00b28ea0	00b28eaa	11
00b28eb0	00b28eba	11
00b28ec0	00b28eca	11
00b28ed0	00b28eda	11
00b28ee0	00b28eea	11
00b28ef0	00b28efa	11
00b28f00	00b28f0a	11
00b28f10	00b28f1a	11
00b28f20	00b28f2a	11
00b28f30	00b28f3a	11
00b28f40	00b28f4a	11
00b28f50	00b28f5a	11
00b28f60	00b28f6a	11
00b28f70	00b28f7a	11
00b28f80	00b28f8a	11
00b28f90	00b28f9a	11
00b28fa0	00b28faa	11
00b28fb0	00b28fba	11
00b28fc0	00b28fca	11
00b28fd0	00b28fda	11
00b28fe0	00b28fea	11
00b28ff0	00b28ffa	11
00b29000	00b2900a	11
00b29010	00b2901a	11
00b29020	00b2902a	11
00b29030	00b2903a	11
00b29040	00b2904a	11
00b29050	00b2905a	11
00b29060	00b2906a	11
00b29070	00b2907a	11
00b29080	00b2908a	11
00b29090	00b2909a	11
00b290a0	00b290aa	11
00b290b0	00b290ba	11
00b290c0	00b290ca	11
00b290d0	00b290da	11
00b290e0	00b290ea	11
00b290f0	00b290fa	11
00b29100	00b2910a	11
00b29110	00b2911a	11
00b29120	00b2912a	11
00b29130	00b2913a	11
00b29140	00b2914a	11
00b29150	00b2915a	11
00b29160	00b2916a	11
00b29170	00b2917a	11
00b29180	00b2918a	11
00b29190	00b2919a	11
00b291a0	00b291aa	11
00b291b0	00b291ba	11
00b291c0	00b291ca	11
00b291d0	00b291da	11
00b291e0	00b291ea	11
00b291f0	00b291fa	11
00b29200	00b2920a	11
00b29210	00b2921a	11
00b29220	00b2922a	11
00b29230	00b2923a	11
00b29240	00b2924a	11
00b29250	00b2925a	11
00b29260	00b2926a	11
00b29270	00b2927a	11
00b29280	00b2928a	11
00b29290	00b2929a	11
00b292a0	00b292aa	11
00b292b0	00b292ba	11
00b292c0	00b292ca	11
00b292d0	00b292da	11
00b292e0	00b292ea	11
00b292f0	00b292fa	11
00b29300	00b2930a	11
00b29310	00b2931a	11
00b29320	00b2932a	11
00b29330	00b2933a	11
00b29340	00b2934a	11
00b29350	00b2935a	11
00b29360	00b2936a	11
00b29370	00b2937a	11
00b29380	00b2938a	11
00b29390	00b2939a	11
00b293a0	00b293aa	11
00b293b0	00b293ba	11
00b293c0	00b293ca	11
00b293d0	00b293da	11
00b293e0	00b293ea	11
00b293f0	00b293fa	11
00b29400	00b2940a	11
00b29410	00b2941a	11
00b29420	00b2942a	11
00b29430	00b2943a	11
00b29440	00b2944a	11
00b29450	00b2945a	11
00b29460	00b2946a	11
00b29470	00b2947a	11
00b29480	00b2948a	11
00b29490	00b2949a	11
00b294a0	00b294aa	11
00b294b0	00b294ba	11
00b294c0	00b294ca	11
00b294d0	00b294da	11
00b294e0	00b294ea	11
00b294f0	00b294fa	11
00b29500	00b2950a	11
00b29510	00b2951a	11
00b29520	00b2952a	11
00b29530	00b2953a	11
00b29540	00b2954a	11
00b29550	00b2955a	11
00b29560	00b2956a	11
00b29570	00b2957a	11
00b29580	00b2958a	11
00b29590	00b2959a	11
00b295a0	00b295aa	11
00b295b0	00b295ba	11
00b295c0	00b295ca	11
00b295d0	00b295da	11
00b295e0	00b295ea	11
00b295f0	00b295fa	11
00b29600	00b2960a	11
00b29610	00b2961a	11
00b29620	00b2962a	11
00b29630	00b2963a	11
00b29640	00b2964a	11
00b29650	00b2965a	11
00b29660	00b2966a	11
00b29670	00b2967a	11
00b29680	00b2968a	11
00b29690	00b2969a	11
00b296a0	00b296aa	11
00b296b0	00b296ba	11
00b296c0	00b296ca	11
00b296d0	00b296da	11
00b296e0	00b296ea	11
00b296f0	00b296fa	11
00b29700	00b2970a	11
00b29710	00b2971a	11
00b29720	00b2972a	11
00b29730	00b2973a	11
00b29740	00b2974a	11
00b29750	00b2975a	11
00b29760	00b2976a	11
00b29770	00b2977a	11
00b29780	00b2978a	11
00b29790	00b2979a	11
00b297a0	00b297aa	11
00b297b0	00b297ba	11
00b297c0	00b297ca	11
00b297d0	00b297da	11
00b297e0	00b297ea	11
00b297f0	00b297fa	11
00b29800	00b2980a	11
00b29810	00b2981a	11
00b29820	00b2982a	11
00b29830	00b2983a	11
00b29840	00b2984a	11
00b29850	00b2985a	11
00b29860	00b2986a	11
00b29870	00b2987a	11
00b29880	00b2988a	11
00b29890	00b2989a	11
00b298a0	00b298aa	11
00b298b0	00b298ba	11
00b298c0	00b298ca	11
00b298d0	00b298da	11
00b298e0	00b298ea	11
00b298f0	00b298fa	11
00b29900	00b2990a	11
00b29910	00b2991a	11
00b29920	00b2992a	11
00b29930	00b2993a	11
00b29940	00b2994a	11
00b29950	00b2995a	11
00b29960	00b2996a	11
00b29970	00b2997a	11
00b29980	00b2998a	11
00b29990	00b2999a	11
00b299a0	00b299aa	11
00b299b0	00b299ba	11
00b299c0	00b299ca	11
00b299d0	00b299da	11
00b299e0	00b299ea	11
00b299f0	00b299fa	11
00b29a00	00b29a0a	11
00b29a10	00b29a1a	11
00b29a20	00b29a2a	11
00b29a30	00b29a3a	11
00b29a40	00b29a4a	11
00b29a50	00b29a5a	11
00b29a60	00b29a6a	11
00b29a70	00b29a7a	11
00b29a80	00b29a8a	11
00b29a90	00b29a9a	11
00b29aa0	00b29aaa	11
00b29ab0	00b29aba	11
00b29ac0	00b29aca	11
00b29ad0	00b29ada	11
00b29ae0	00b29aea	11
00b29af0	00b29afa	11
00b29b00	00b29b0a	11
00b29b10	00b29b1a	11
00b29b20	00b29b2a	11
00b29b30	00b29b3a	11
00b29b40	00b29b4a	11
00b29b50	00b29b5a	11
00b29b60	00b29b6a	11
00b29b70	00b29b7a	11
00b29b80	00b29b8a	11
00b29b90	00b29b9a	11
00b29ba0	00b29baa	11
00b29bb0	00b29bba	11
00b29bc0	00b29bca	11
00b29bd0	00b29bda	11
00b29be0	00b29bea	11
00b29bf0	00b29bfa	11
00b29c00	00b29c0a	11
00b29c10	00b29c1a	11
00b29c20	00b29c2a	11
00b29c30	00b29c3a	11
00b29c40	00b29c4a	11
00b29c50	00b29c5a	11
00b29c60	00b29c6a	11
00b29c70	00b29c7a	11
00b29c80	00b29c8a	11
00b29c90	00b29c9a	11
00b29ca0	00b29caa	11
00b29cb0	00b29cba	11
00b29cc0	00b29cca	11
00b29cd0	00b29cda	11
00b29ce0	00b29cea	11
00b29cf0	00b29cfa	11
00b29d00	00b29d0a	11
00b29d10	00b29d1a	11
00b29d20	00b29d2a	11
00b29d30	00b29d3a	11
00b29d40	00b29d4a	11
00b29d50	00b29d5a	11
00b29d60	00b29d6a	11
00b29d70	00b29d7a	11
00b29d80	00b29d8a	11
00b29d90	00b29d9a	11
00b29da0	00b29daa	11
00b29db0	00b29dba	11
00b29dc0	00b29dca	11
00b29dd0	00b29dda	11
00b29de0	00b29dea	11
00b29df0	00b29dfa	11
00b29e00	00b29e0a	11
00b29e10	00b29e1a	11
00b29e20	00b29e2a	11
00b29e30	00b29e3a	11
00b29e40	00b29e4a	11
00b29e50	00b29e5a	11
00b29e60	00b29e6a	11
00b29e70	00b29e7a	11
00b29e80	00b29e8a	11
00b29e90	00b29e9a	11
00b29ea0	00b29eaa	11
00b29eb0	00b29eba	11
00b29ec0	00b29eca	11
00b29ed0	00b29eda	11
00b29ee0	00b29eea	11
00b29ef0	00b29efa	11
00b29f00	00b29f0a	11
00b29f10	00b29f1a	11
00b29f20	00b29f2a	11
00b29f30	00b29f3a	11
00b29f40	00b29f4a	11
00b29f50	00b29f5a	11
00b29f60	00b29f6a	11
00b29f70	00b29f7a	11
00b29f80	00b29f8a	11
00b29f90	00b29f9a	11
00b29fa0	00b29faa	11
00b29fb0	00b29fba	11
00b29fc0	00b29fca	11
00b29fd0	00b29fda	11
00b29fe0	00b29fea	11
00b29ff0	00b29ffa	11
00b2a000	00b2a00a	11
00b2a010	00b2a01a	11
00b2a020	00b2a02a	11
00b2a030	00b2a03a	11
00b2a040	00b2a04a	11
00b2a050	00b2a05a	11
00b2a060	00b2a06a	11
00b2a070	00b2a07a	11
00b2a080	00b2a08a	11
00b2a090	00b2a09a	11
00b2a0a0	00b2a0aa	11
00b2a0b0	00b2a0ba	11
00b2a0c0	00b2a0ca	11
00b2a0d0	00b2a0da	11
00b2a0e0	00b2a0ea	11
00b2a0f0	00b2a0fa	11
00b2a100	00b2a10a	11
00b2a110	00b2a11a	11
00b2a120	00b2a12a	11
00b2a170	00b2a183	20
00b2a187	00b2a19d	23
00b2a1a0	00b2a1b3	20
00b2a1b7	00b2a1cd	23
00b2a1d0	00b2a1e3	20
00b2a1e7	00b2a1fd	23
00b2a200	00b2a213	20
00b2a217	00b2a22d	23
00b2a230	00b2a243	20
00b2a247	00b2a25d	23
00b2a260	00b2a273	20
00b2a277	00b2a28d	23
00b2a290	00b2a2a3	20
00b2a2a7	00b2a2bd	23
00b2a2c0	00b2a2d3	20
00b2a2d7	00b2a2ed	23
00b2a2f0	00b2a303	20
00b2a307	00b2a31d	23
00b2a320	00b2a333	20
00b2a337	00b2a34d	23
00b2a350	00b2a363	20
00b2a367	00b2a37d	23
00b2a380	00b2a393	20
00b2a397	00b2a3ad	23
00b2a3b0	00b2a3c3	20
00b2a3c7	00b2a3dd	23
00b2a3e0	00b2a3f3	20
00b2a3f7	00b2a40d	23
00b2a410	00b2a423	20
00b2a427	00b2a43d	23
00b2a440	00b2a453	20
00b2a457	00b2a46d	23
00b2a470	00b2a483	20
00b2a487	00b2a49d	23
00b2a4a0	00b2a4b3	20
00b2a4b7	00b2a4cd	23
00b2a4d0	00b2a4e3	20
00b2a4e7	00b2a4fd	23
00b2a500	00b2a513	20
00b2a517	00b2a52d	23
00b2a530	00b2a543	20
00b2a547	00b2a55d	23
00b2a560	00b2a573	20
00b2a577	00b2a58d	23
00b2a590	00b2a5a3	20
00b2a5a7	00b2a5bd	23
00b2a5c0	00b2a5d3	20
00b2a5d7	00b2a5ed	23
00b2a5f0	00b2a603	20
00b2a607	00b2a61d	23
00b2a620	00b2a633	20
00b2a637	00b2a64d	23
00b2a650	00b2a663	20
00b2a667	00b2a67d	23
00b2a680	00b2a693	20
00b2a697	00b2a6ad	23
00b2a6b0	00b2a6c3	20
00b2a6c7	00b2a6dd	23
00b2a6e0	00b2a6f3	20
00b2a6f7	00b2a70d	23
00b2a710	00b2a723	20
00b2a727	00b2a73d	23
00b2a740	00b2a753	20
00b2a757	00b2a76d	23
00b2a770	00b2a783	20
00b2a787	00b2a79d	23
00b2a7a0	00b2a7b3	20
00b2a7b7	00b2a7cd	23
00b2a7d0	00b2a7e3	20
00b2a7e7	00b2a7fd	23
00b2a800	00b2a813	20
00b2a817	00b2a82d	23
00b2a830	00b2a843	20
00b2a847	00b2a85d	23
00b2a860	00b2a873	20
00b2a877	00b2a88d	23
00b2a890	00b2a8a3	20
00b2a8a7	00b2a8bd	23
00b2a8c0	00b2a8d3	20
00b2a8d7	00b2a8ed	23
00b2a8f0	00b2a903	20
00b2a907	00b2a91d	23
00b2a920	00b2a933	20
00b2a937	00b2a94d	23
00b2a950	00b2a963	20
00b2a967	00b2a97d	23
00b2a980	00b2a993	20
00b2a997	00b2a9ad	23
00b2a9b0	00b2a9c3	20
00b2a9c7	00b2a9dd	23
00b2a9e0	00b2a9f3	20
00b2a9f7	00b2aa0d	23
00b2aa10	00b2aa23	20
00b2aa27	00b2aa3d	23
00b2aa40	00b2aa53	20
00b2aa57	00b2aa6d	23
00b2aa70	00b2aa83	20
00b2aa87	00b2aa9d	23
00b2aaa0	00b2aab3	20
00b2aab7	00b2aacd	23
00b2aad0	00b2aae3	20
00b2aae7	00b2aafd	23
00b2ab00	00b2ab13	20
00b2ab17	00b2ab2d	23
00b2ab30	00b2ab43	20
00b2ab47	00b2ab5d	23
00b2ab60	00b2ab73	20
00b2ab77	00b2ab8d	23
00b2ab90	00b2aba3	20
00b2aba7	00b2abbd	23
00b2abc0	00b2abd3	20
00b2abd7	00b2abed	23
00b2abf0	00b2ac03	20
00b2ac07	00b2ac1d	23
00b2ac20	00b2ac33	20
00b2ac37	00b2ac4d	23
00b2ac50	00b2ac63	20
00b2ac67	00b2ac7d	23
00b2ac80	00b2ac93	20
00b2ac97	00b2acad	23
00b2acb0	00b2acc3	20
00b2acc7	00b2acdd	23
00b2ace0	00b2acf3	20
00b2acf7	00b2ad0d	23
00b2ad10	00b2ad23	20
00b2ad27	00b2ad3d	23
00b2ad40	00b2ad53	20
00b2ad57	00b2ad6d	23
00b2ad70	00b2ad83	20
00b2ad87	00b2ad9d	23
00b2ada0	00b2adb3	20
00b2adb7	00b2adcd	23
00b2add0	00b2ade3	20
00b2ade7	00b2adfd	23
00b2ae00	00b2ae13	20
00b2ae17	00b2ae2d	23
00b2ae30	00b2ae43	20
00b2ae47	00b2ae5d	23
00b2ae60	00b2ae73	20
00b2ae77	00b2ae8d	23
00b2ae90	00b2aea3	20
00b2aea7	00b2aebd	23
00b2aec0	00b2aed3	20
00b2aed7	00b2aeed	23
00b2aef0	00b2af03	20
00b2af07	00b2af1d	23
00b2af20	00b2af33	20
00b2af37	00b2af4d	23
00b2af50	00b2af63	20
00b2af67	00b2af7d	23
00b2af80	00b2af93	20
00b2af97	00b2afad	23
00b2afb0	00b2afc3	20
00b2afc7	00b2afdd	23
00b2afe0	00b2aff3	20
00b2aff7	00b2b00d	23
00b2b010	00b2b023	20
00b2b027	00b2b03d	23
00b2b040	00b2b053	20
00b2b057	00b2b06d	23
00b2b070	00b2b083	20
00b2b087	00b2b09d	23
00b2b0a0	00b2b0b3	20
00b2b0b7	00b2b0cd	23
00b2b0d0	00b2b0e3	20
00b2b0e7	00b2b0fd	23
00b2b100	00b2b113	20
00b2b117	00b2b12d	23
00b2b130	00b2b143	20
00b2b147	00b2b15d	23
00b2b160	00b2b173	20
00b2b177	00b2b18d	23
00b2b190	00b2b1a3	20
00b2b1a7	00b2b1bd	23
00b2b1c0	00b2b1d3	20
00b2b1d7	00b2b1ed	23
00b2b1f0	00b2b203	20
00b2b207	00b2b21d	23
00b2b220	00b2b233	20
00b2b237	00b2b24d	23
00b2b250	00b2b263	20
00b2b267	00b2b27d	23
00b2b280	00b2b293	20
00b2b297	00b2b2ad	23
00b2b2b0	00b2b2c3	20
00b2b2c7	00b2b2dd	23
00b2b2e0	00b2b2f3	20
00b2b2f7	00b2b30d	23
00b2b310	00b2b323	20
00b2b327	00b2b33d	23
00b2b340	00b2b353	20
00b2b357	00b2b36d	23
00b2b370	00b2b383	20
00b2b387	00b2b39d	23
00b2b3a0	00b2b3b3	20
00b2b3b7	00b2b3cd	23
00b2b3d0	00b2b3e3	20
00b2b3e7	00b2b3fd	23
00b2b400	00b2b413	20
00b2b417	00b2b42d	23
00b2b430	00b2b443	20
00b2b447	00b2b45d	23
00b2b460	00b2b473	20
00b2b477	00b2b48d	23
00b2b490	00b2b4a3	20
00b2b4a7	00b2b4bd	23
00b2b4c0	00b2b4d3	20
00b2b4d7	00b2b4ed	23
00b2b4f0	00b2b503	20
00b2b507	00b2b51d	23
00b2b520	00b2b533	20
00b2b537	00b2b54d	23
00b2b550	00b2b563	20
00b2b567	00b2b57d	23
00b2b580	00b2b593	20
00b2b597	00b2b5ad	23
00b2b5b0	00b2b5c3	20
00b2b5c7	00b2b5dd	23
00b2b5e0	00b2b5f3	20
00b2b5f7	00b2b60d	23
00b2b610	00b2b623	20
00b2b627	00b2b647	33
00b2b650	00b2b663	20
00b2b667	00b2b687	33
00b2b690	00b2b6a3	20
00b2b6a7	00b2b6c7	33
00b2b6d0	00b2b6e3	20
00b2b6e7	00b2b707	33
00b2b710	00b2b723	20
00b2b727	00b2b747	33
00b2b750	00b2b763	20
00b2b767	00b2b787	33
00b2b790	00b2b7a3	20
00b2b7a7	00b2b7c7	33
00b2b7d0	00b2b7e3	20
00b2b7e7	00b2b807	33
00b2b810	00b2b823	20
00b2b827	00b2b847	33
00b2b850	00b2b863	20
00b2b867	00b2b887	33
00b2b890	00b2b8a3	20
00b2b8a7	00b2b8c7	33
00b2b8d0	00b2b8e3	20
00b2b8e7	00b2b907	33
00b2b910	00b2b923	20
00b2b927	00b2b947	33
00b2b950	00b2b963	20
00b2b967	00b2b987	33
00b2b990	00b2b9a3	20
00b2b9a7	00b2b9c7	33
00b2b9d0	00b2b9e3	20
00b2b9e7	00b2ba07	33
00b2ba10	00b2ba23	20
00b2ba27	00b2ba47	33
00b2ba50	00b2ba63	20
00b2ba67	00b2ba87	33
00b2ba90	00b2baa3	20
00b2baa7	00b2bac7	33
00b2bad0	00b2bae3	20
00b2bae7	00b2bb07	33
00b2bb10	00b2bb23	20
00b2bb27	00b2bb47	33
00b2bb50	00b2bb63	20
00b2bb67	00b2bb87	33
00b2bb90	00b2bba3	20
00b2bba7	00b2bbc7	33
00b2bbd0	00b2bbe3	20
00b2bbe7	00b2bc07	33
00b2bc10	00b2bc23	20
00b2bc27	00b2bc47	33
00b2bc50	00b2bc59	10
00b2bc60	00b2bc73	20
00b2bc77	00b2bc97	33
00b2bca0	00b2bcb3	20
00b2bcb7	00b2bcd7	33
00b2c160	00b2c173	20
00b2c177	00b2c18d	23
00b2c1f0	00b2c1f9	10
00b2c200	00b2c209	10
00b2c4d0	00b2c4de	15
00b2c4e2	00b2c500	31
00b2c510	00b2c51e	15
00b2c522	00b2c540	31
00b2c550	00b2c55e	15
00b2c562	00b2c580	31
00b2c990	00b2c99a	11
00b2c9a0	00b2c9aa	11
00b2c9b0	00b2c9ba	11
00b2c9c0	00b2c9ca	11
00b2c9d0	00b2c9da	11
00b2c9e0	00b2c9ea	11
00b2c9f0	00b2c9fa	11
00b2ca00	00b2ca0a	11
00b2ca10	00b2ca1a	11
00b2ca20	00b2ca2a	11
00b2ca30	00b2ca3a	11
00b2ca40	00b2ca4a	11
00b2ca50	00b2ca5a	11
00b2ca60	00b2ca6a	11
00b2ca70	00b2ca7a	11
00b2ca80	00b2ca8a	11
00b2ca90	00b2ca9a	11
00b2caa0	00b2caaa	11
00b2cab0	00b2caba	11
00b2cac0	00b2caca	11
00b2cad0	00b2cada	11
00b2cae0	00b2caea	11
00b2caf0	00b2cafa	11
00b2cb00	00b2cb0a	11
00b2cb10	00b2cb1a	11
00b2cb20	00b2cb2a	11
00b2cb30	00b2cb3a	11
00b2cb40	00b2cb4a	11
00b2cb50	00b2cb5a	11
00b2cb60	00b2cb6a	11
00b2cb70	00b2cb7a	11
00b2cb80	00b2cb8a	11
00b2cb90	00b2cb9a	11
00b2cba0	00b2cbaa	11
00b2cbb0	00b2cbba	11
00b2cbc0	00b2cbca	11
00b2cbd0	00b2cbda	11
00b2cbe0	00b2cbea	11
00b2cbf0	00b2cbfa	11
00b2cc00	00b2cc0a	11
00b2cc10	00b2cc1a	11
00b2cc20	00b2cc2a	11
00b2cc30	00b2cc3a	11
00b2cc40	00b2cc4a	11
00b2cc50	00b2cc5a	11
00b2cc60	00b2cc6a	11
00b2cc70	00b2cc7a	11
00b2cc80	00b2cc8a	11
00b2cc90	00b2cc9a	11
00b2cca0	00b2ccaa	11
00b2ccb0	00b2ccba	11
00b2ccc0	00b2ccca	11
00b2ccd0	00b2ccda	11
00b2cce0	00b2ccea	11
00b2ccf0	00b2ccfa	11
00b2cd00	00b2cd0a	11
00b2cd10	00b2cd1a	11
00b2cd20	00b2cd2a	11
00b2cd30	00b2cd3a	11
00b2cd40	00b2cd4a	11
00b2cd50	00b2cd5a	11
00b2cd60	00b2cd6a	11
00b2cd70	00b2cd7a	11
00b2cd80	00b2cd8a	11
00b2cd90	00b2cd9a	11
00b2cda0	00b2cdaa	11
00b2cdb0	00b2cdba	11
00b2cdc0	00b2cdca	11
00b2cdd0	00b2cdda	11
00b2cde0	00b2cdea	11
00b2cdf0	00b2cdfa	11
00b2ce00	00b2ce0a	11
00b2ce10	00b2ce1a	11
00b2ce20	00b2ce2a	11
00b2ce30	00b2ce3a	11
00b2ce40	00b2ce4a	11
00b2ce50	00b2ce5a	11
00b2ce60	00b2ce6a	11
00b2ce70	00b2ce7a	11
00b2ce80	00b2ce8a	11
00b2ce90	00b2ce9a	11
00b2cea0	00b2ceaa	11
00b2ceb0	00b2ceba	11
00b2cec0	00b2ceca	11
00b2ced0	00b2ceda	11
00b2cee0	00b2ceea	11
00b2cef0	00b2cefa	11
00b2cf00	00b2cf0a	11
00b2cf10	00b2cf1a	11
00b2cf20	00b2cf2a	11
00b2cf30	00b2cf3a	11
00b2cf40	00b2cf4a	11
00b2cf50	00b2cf5a	11
00b2cf60	00b2cf6a	11
00b2cf70	00b2cf7a	11
00b2cf80	00b2cf8a	11
00b2cf90	00b2cf9a	11
00b2cfa0	00b2cfaa	11
00b2cfb0	00b2cfba	11
00b2cfc0	00b2cfca	11
00b2cfd0	00b2cfda	11
00b2cfe0	00b2cfea	11
00b2cff0	00b2cffa	11
00b2d000	00b2d00a	11
00b2d190	00b2d1a3	20
00b2d1a7	00b2d1bd	23
00b2d1c0	00b2d1d3	20
00b2d1d7	00b2d1ed	23
00b2d1f0	00b2d203	20
00b2d207	00b2d21d	23
00b2d220	00b2d233	20
00b2d237	00b2d24d	23
00b2d250	00b2d263	20
00b2d267	00b2d27d	23
00b2d280	00b2d293	20
00b2d297	00b2d2ad	23
00b2d2b0	00b2d2c3	20
00b2d2c7	00b2d2dd	23
00b2d2e0	00b2d2f3	20
00b2d2f7	00b2d30d	23
00b2d310	00b2d323	20
00b2d327	00b2d33d	23
00b2d340	00b2d353	20
00b2d357	00b2d36d	23
00b2d370	00b2d383	20
00b2d387	00b2d39d	23
00b2d3a0	00b2d3b3	20
00b2d3b7	00b2d3cd	23
00b2d3d0	00b2d3e3	20
00b2d3e7	00b2d3fd	23
00b2d400	00b2d413	20
00b2d417	00b2d42d	23
00b2d430	00b2d443	20
00b2d447	00b2d45d	23
00b2d460	00b2d473	20
00b2d477	00b2d48d	23
00b2d490	00b2d4a3	20
00b2d4a7	00b2d4bd	23
00b2d4c0	00b2d4d3	20
00b2d4d7	00b2d4ed	23
00b2d4f0	00b2d503	20
00b2d507	00b2d51d	23
00b2d520	00b2d533	20
00b2d537	00b2d54d	23
00b2d550	00b2d563	20
00b2d567	00b2d57d	23
00b2d580	00b2d593	20
00b2d597	00b2d5ad	23
00b2d5b0	00b2d5c3	20
00b2d5c7	00b2d5dd	23
00b2d5e0	00b2d5f3	20
00b2d5f7	00b2d60d	23
00b2d610	00b2d623	20
00b2d627	00b2d63d	23
00b2d640	00b2d653	20
00b2d657	00b2d66d	23
00b2d670	00b2d683	20
00b2d687	00b2d69d	23
00b2d6a0	00b2d6b3	20
00b2d6b7	00b2d6cd	23
00b2d6d0	00b2d6e3	20
00b2d6e7	00b2d6fd	23
00b2d700	00b2d713	20
00b2d717	00b2d72d	23
00b2d730	00b2d743	20
00b2d747	00b2d75d	23
00b2d760	00b2d773	20
00b2d777	00b2d78d	23
00b2d790	00b2d7a3	20
00b2d7a7	00b2d7bd	23
00b2d7c0	00b2d7d3	20
00b2d7d7	00b2d7ed	23
00b2d7f0	00b2d803	20
00b2d807	00b2d81d	23
00b2d8e0	00b2d8ea	11
00b2d8f0	00b2d8fa	11
00b2d900	00b2d90a	11
00b2d910	00b2d91a	11
00b2d980	00b2d98a	11
00b2d990	00b2d99a	11
00b2d9a0	00b2d9aa	11
00b2d9b0	00b2d9ba	11
00b2d9c0	00b2d9ca	11
00b2d9d0	00b2d9da	11
00b2d9e0	00b2d9ea	11
00b2d9f0	00b2d9fa	11
00b2da00	00b2da0a	11
00b2da10	00b2da1a	11
00b2da20	00b2da2a	11
00b2da30	00b2da3a	11
00b2da40	00b2da4a	11
00b2da50	00b2da5a	11
00b2da60	00b2da73	20
00b2da77	00b2da8d	23
00b2da90	00b2daa3	20
00b2daa7	00b2dabd	23
00b2db20	00b2db2a	11
00b2db30	00b2db3a	11
00b2db40	00b2db4a	11
00b2db50	00b2db5a	11
00b2db60	00b2db6a	11
00b2db70	00b2db7a	11
00b2db80	00b2db8a	11
00b2db90	00b2db9a	11
00b2dc00	00b2dc0a	11
00b2dc10	00b2dc1a	11
00b2dc20	00b2dc2a	11
00b2dc30	00b2dc3a	11
00b2dc40	00b2dc4a	11
00b2dc50	00b2dc5a	11
00b2dc60	00b2dc6a	11
00b2dc70	00b2dc7a	11
00b2dc80	00b2dc8a	11
00b2dc90	00b2dc9a	11
00b2dca0	00b2dcaa	11
00b2dcb0	00b2dcba	11
00b2dcc0	00b2dcca	11
00b2dcd0	00b2dcda	11
00b2dce0	00b2dcea	11
00b2dcf0	00b2dcfa	11
00b2dd00	00b2dd0a	11
00b2dd10	00b2dd1a	11
00b2dd20	00b2dd2a	11
00b2dd30	00b2dd3a	11
00b2dd40	00b2dd4a	11
00b2dd50	00b2dd5a	11
00b2dd60	00b2dd6a	11
00b2dd70	00b2dd7a	11
00b2dd80	00b2dd93	20
00b2dd97	00b2ddad	23
00b2de10	00b2de23	20
00b2de27	00b2de47	33
00b2de50	00b2de63	20
00b2de67	00b2de87	33
00b2de90	00b2dea3	20
00b2dea7	00b2dec7	33
00b2ded0	00b2dee3	20
00b2dee7	00b2df07	33
00b2e350	00b2e367	24
00b2e36b	00b2e38b	33
00b2e38f	00b2e3a2	20
00b2e4b0	00b2e4c3	20
00b2e4c7	00b2e4dd	23
00b2e4e0	00b2e4f3	20
00b2e4f7	00b2e50d	23
00b2f390	00b2f3e4	85
00b2f3f0	00b2f43e	79
00b2f4c0	00b2f4d3	20
00b2f4d7	00b2f4ed	23
00b2f830	00b2f843	20
00b2f847	00b2f85d	23
00b2f8a0	00b2f8b4	21
00b2fd70	00b2fd83	20
00b2fd87	00b2fd9d	23
00b2fda0	00b2fdb3	20
00b2fdb7	00b2fdcd	23
00b2fdd0	00b2fde3	20
00b2fde7	00b2fdfd	23
00b2fe00	00b2fe13	20
00b2fe17	00b2fe2d	23
00b2fe30	00b2fe43	20
00b2fe47	00b2fe5d	23
00b2fe60	00b2fe73	20
00b2fe77	00b2fe8d	23
00b2ff30	00b2ff43	20
00b2ff47	00b2ff5d	23
00b2ff60	00b2ff69	10
00b2ff70	00b2ff79	10
00b2ff80	00b2ff89	10
00b30010	00b3001a	11
00b30020	00b3002a	11
00b30030	00b3003a	11
00b30040	00b3004a	11
00b30050	00b3005a	11
00b30060	00b3006a	11
00b30070	00b3007a	11
00b30080	00b3008a	11
00b30090	00b3009a	11
00b300a0	00b300aa	11
00b300b0	00b300ba	11
00b300c0	00b300ca	11
00b300d0	00b300da	11
00b300e0	00b300ea	11
00b300f0	00b300fa	11
00b30100	00b3010a	11
00b30110	00b3011a	11
00b30120	00b3012a	11
00b30130	00b3013a	11
00b30140	00b3014a	11
00b30150	00b3015a	11
00b30160	00b3016a	11
00b30170	00b3017a	11
00b30180	00b3018a	11
00b30190	00b301a3	20
00b301a7	00b301bd	23
00b301c0	00b301ca	11
00b301d0	00b301da	11
00b301e0	00b301ea	11
00b301f0	00b301fa	11
00b30200	00b3020a	11
00b30210	00b3021a	11
00b30220	00b3022a	11
00b30230	00b3023a	11
00b30240	00b3024a	11
00b30250	00b3025a	11
00b30260	00b3026a	11
00b30270	00b3027a	11
00b30280	00b3028a	11
00b30290	00b3029a	11
00b302a0	00b302aa	11
00b302b0	00b302ba	11
00b302c0	00b302ca	11
00b302d0	00b302da	11
00b302e0	00b302ea	11
00b302f0	00b302fa	11
00b30300	00b3030a	11
00b30310	00b3031a	11
00b30320	00b3032a	11
00b30330	00b3033a	11
00b30340	00b3034a	11
00b30350	00b3035a	11
00b30360	00b3036a	11
00b30370	00b3037a	11
00b30a80	00b30a8e	15
00b30a92	00b30ab0	31
00b313c0	00b313c9	10
00b313d0	00b313de	15
00b313e2	00b31400	31
00b31410	00b3141e	15
00b31422	00b31440	31
00b31450	00b3145e	15
00b31462	00b31480	31
00b314f0	00b314fe	15
00b31502	00b31520	31
00b317d0	00b317e3	20
00b317e7	00b317fd	23
00b31840	00b31853	20
00b31857	00b3186d	23
00b318b0	00b318c3	20
00b318c7	00b318dd	23
00b318e0	00b318ea	11
00b318f0	00b318fa	11
00b31900	00b3190a	11
00b31910	00b3191a	11
00b31920	00b3192a	11
00b31930	00b3193a	11
00b31940	00b3194a	11
00b31950	00b3195a	11
00b31960	00b3196a	11
00b31970	00b3197a	11
00b31980	00b3198a	11
00b31990	00b3199a	11
00b319a0	00b319aa	11
00b319b0	00b319ba	11
00b319c0	00b319ca	11
00b319d0	00b319da	11
00b319e0	00b319ea	11
00b319f0	00b319fa	11
00b31a00	00b31a0a	11
00b31a10	00b31a1a	11
00b31a20	00b31a2a	11
00b31a30	00b31a3a	11
00b31a40	00b31a4a	11
00b31a50	00b31a5a	11
00b31a60	00b31a6a	11
00b31a70	00b31a7a	11
00b31a80	00b31a8a	11
00b31a90	00b31a9a	11
00b31aa0	00b31aaa	11
00b31ab0	00b31aba	11
00b31ac0	00b31aca	11
00b31ad0	00b31ada	11
00b31ae0	00b31aea	11
00b31af0	00b31afa	11
00b31b00	00b31b0a	11
00b31b10	00b31b23	20
00b31b27	00b31b3d	23
00b31b40	00b31b53	20
00b31b57	00b31b6d	23
00b31b70	00b31b83	20
00b31b87	00b31b9d	23
00b31ba0	00b31bb3	20
00b31bb7	00b31bcd	23
00b31bd0	00b31be3	20
00b31be7	00b31bfd	23
00b31c60	00b31c73	20
00b31c77	00b31c97	33
00b31ca0	00b31cb3	20
00b31cb7	00b31cd7	33
00b31ce0	00b31cf3	20
00b31cf7	00b31d17	33
00b31d20	00b31d33	20
00b31d37	00b31d57	33
00b31d60	00b31d73	20
00b31d77	00b31d97	33
00b31da0	00b31db3	20
00b31db7	00b31dd7	33
00b31de0	00b31df3	20
00b31df7	00b31e17	33
00b31e20	00b31e33	20
00b31e37	00b31e57	33
00b31e60	00b31e73	20
00b31e77	00b31e97	33
00b31ee0	00b31eea	11
00b31f50	00b31f5a	11
00b31f60	00b31f6a	11
00b31f70	00b31f7a	11
00b31f80	00b31f8a	11
00b31f90	00b31f9a	11
00b31fa0	00b31faa	11
00b31fb0	00b31fba	11
00b31fc0	00b31fca	11
00b31fd0	00b31fda	11
00b31fe0	00b31fea	11
00b31ff0	00b31ffa	11
00b32000	00b3200a	11
00b32010	00b3201a	11
00b32020	00b3202a	11
00b32030	00b3203a	11
00b32040	00b3204a	11
00b32050	00b3205a	11
00b32060	00b3206a	11
00b32070	00b3207a	11
00b32080	00b3208a	11
00b32090	00b3209a	11
00b320a0	00b320aa	11
00b320b0	00b320ba	11
00b320c0	00b320ca	11
00b320d0	00b320da	11
00b320e0	00b320ea	11
00b320f0	00b320fa	11
00b32100	00b3210a	11
00b32110	00b3211a	11
00b32120	00b3212a	11
00b32130	00b3213a	11
00b32140	00b3214a	11
00b32150	00b3215a	11
00b32160	00b3216a	11
00b32170	00b3217a	11
00b32180	00b3218a	11
00b32190	00b3219a	11
00b321a0	00b321aa	11
00b321b0	00b321ba	11
00b321c0	00b321ca	11
00b321d0	00b321da	11
00b321e0	00b321ea	11
00b321f0	00b321fa	11
00b32200	00b3220a	11
00b32210	00b3221a	11
00b32220	00b3222a	11
00b32230	00b3223a	11
00b32240	00b3224a	11
00b32250	00b3225a	11
00b32260	00b3226a	11
00b32270	00b3227a	11
00b32280	00b3228a	11
00b32290	00b3229a	11
00b322a0	00b322aa	11
00b322b0	00b322ba	11
00b322c0	00b322ca	11
00b322d0	00b322da	11
00b322e0	00b322ea	11
00b322f0	00b322fa	11
00b32300	00b3230a	11
00b32310	00b3231a	11
00b32320	00b3232a	11
00b32330	00b3233a	11
00b32340	00b3234a	11
00b32350	00b3235a	11
00b32360	00b3236a	11
00b32370	00b3237a	11
00b32380	00b3238a	11
00b32390	00b3239a	11
00b323a0	00b323aa	11
00b323b0	00b323c3	20
00b323c7	00b323dd	23
00b323e0	00b323f3	20
00b323f7	00b3240d	23
00b32410	00b32423	20
00b32427	00b3243d	23
00b32440	00b32453	20
00b32457	00b3246d	23
00b32470	00b32483	20
00b32487	00b3249d	23
00b324a0	00b324b3	20
00b324b7	00b324cd	23
00b32530	00b32543	20
00b32547	00b32567	33
00b32570	00b32583	20
00b32587	00b325a7	33
00b325b0	00b325c3	20
00b325c7	00b325e7	33
00b325f0	00b32603	20
00b32607	00b32627	33
00b32630	00b3263a	11
00b32640	00b3264a	11
00b32650	00b3265a	11
00b32660	00b3266a	11
00b32670	00b3267a	11
00b32680	00b3268a	11
00b32690	00b3269a	11
00b326a0	00b326aa	11
00b326b0	00b326ba	11
00b326c0	00b326ca	11
00b326d0	00b326da	11
00b326e0	00b326ea	11
00b326f0	00b326fa	11
00b32700	00b3270a	11
00b32710	00b3271a	11
00b32720	00b3272a	11
00b32730	00b3273a	11
00b32740	00b3274a	11
00b32750	00b3275a	11
00b32760	00b3276a	11
00b32770	00b3277a	11
00b32780	00b3278a	11
00b32790	00b3279a	11
00b327a0	00b327aa	11
00b327b0	00b327ba	11
00b327c0	00b327ca	11
00b327d0	00b327da	11
00b327e0	00b327ea	11
00b327f0	00b327fa	11
00b32800	00b3280a	11
00b32810	00b3281a	11
00b32820	00b3282a	11
00b32830	00b3283a	11
00b32840	00b3284a	11
00b32850	00b3285a	11
00b32860	00b3286a	11
00b32870	00b3287a	11
00b32880	00b3288a	11
00b32890	00b3289a	11
00b328a0	00b328aa	11
00b328b0	00b328ba	11
00b328c0	00b328ca	11
00b328d0	00b328da	11
00b328e0	00b328ea	11
00b328f0	00b328fa	11
00b32900	00b3290a	11
00b32910	00b3291a	11
00b32920	00b3292a	11
00b32930	00b3293a	11
00b32940	00b3294a	11
00b32950	00b3295a	11
00b32960	00b3296a	11
00b32970	00b3297a	11
00b32980	00b3298a	11
00b32990	00b3299a	11
00b329a0	00b329aa	11
00b329b0	00b329ba	11
00b329c0	00b329ca	11
00b329d0	00b329da	11
00b329e0	00b329ea	11
00b329f0	00b329fa	11
00b32a00	00b32a0a	11
00b32a10	00b32a1a	11
00b32a20	00b32a2a	11
00b32a30	00b32a3a	11
00b32a40	00b32a4a	11
00b32a50	00b32a5a	11
00b32a60	00b32a6a	11
00b32a70	00b32a7a	11
00b32a80	00b32a8a	11
00b32a90	00b32a9a	11
00b32aa0	00b32aaa	11
00b32ab0	00b32aba	11
00b32ac0	00b32aca	11
00b32ad0	00b32ada	11
00b32ae0	00b32aea	11
00b32af0	00b32afa	11
00b32b00	00b32b0a	11
00b32b10	00b32b1a	11
00b32b20	00b32b2a	11
00b32b30	00b32b3a	11
00b32b40	00b32b4a	11
00b32b50	00b32b5a	11
00b32b60	00b32b6a	11
00b32b70	00b32b7a	11
00b32b80	00b32b8a	11
00b32b90	00b32b9a	11
00b32ba0	00b32baa	11
00b32bb0	00b32bba	11
00b32bc0	00b32bca	11
00b32bd0	00b32bda	11
00b32be0	00b32bea	11
00b32bf0	00b32bfa	11
00b32c00	00b32c0a	11
00b32c10	00b32c1a	11
00b32c20	00b32c2a	11
00b32c30	00b32c3a	11
00b32c40	00b32c4a	11
00b32c50	00b32c5a	11
00b32c60	00b32c6a	11
00b32c70	00b32c7a	11
00b32c80	00b32c8a	11
00b32c90	00b32c9a	11
00b32ca0	00b32caa	11
00b32cb0	00b32cba	11
00b32cc0	00b32cca	11
00b32cd0	00b32cda	11
00b32ce0	00b32cea	11
00b32cf0	00b32cfa	11
00b32d00	00b32d0a	11
00b32d10	00b32d1a	11
00b32d20	00b32d2a	11
00b32d30	00b32d3a	11
00b32d40	00b32d4a	11
00b32d50	00b32d5a	11
00b32d60	00b32d6a	11
00b32d70	00b32d7a	11
00b32d80	00b32d8a	11
00b32d90	00b32d9a	11
00b32da0	00b32daa	11
00b32db0	00b32dc3	20
00b32dc7	00b32ddd	23
00b32de0	00b32df3	20
00b32df7	00b32e0d	23
00b32e10	00b32e23	20
00b32e27	00b32e3d	23
00b32e40	00b32e53	20
00b32e57	00b32e6d	23
00b32e70	00b32e83	20
00b32e87	00b32e9d	23
00b32ea0	00b32eb3	20
00b32eb7	00b32ecd	23
00b32ed0	00b32ee3	20
00b32ee7	00b32efd	23
00b32f60	00b32f73	20
00b32f77	00b32f97	33
00b32fa0	00b32fb3	20
00b32fb7	00b32fd7	33
00b32fe0	00b32ff3	20
00b32ff7	00b33017	33
00b33020	00b3302a	11
00b33090	00b330a3	20
00b330a7	00b330c7	33
00b330d0	00b330da	11
00b330e0	00b330ea	11
00b330f0	00b330fa	11
00b33100	00b3310a	11
00b33110	00b3311a	11
00b33120	00b3312a	11
00b33130	00b3313a	11
00b33140	00b3314a	11
00b33150	00b33163	20
00b33167	00b3317d	23
00b33180	00b33193	20
00b33197	00b331ad	23
00b33210	00b3321a	11
00b33220	00b3322a	11
00b33230	00b3323a	11
00b33240	00b3324a	11
00b33250	00b3325a	11
00b33260	00b3326a	11
00b33270	00b3327a	11
00b33280	00b3328a	11
00b33290	00b3329a	11
00b332a0	00b332aa	11
00b332b0	00b332ba	11
00b332c0	00b332ca	11
00b332d0	00b332da	11
00b332e0	00b332ea	11
00b332f0	00b332fa	11
00b33300	00b3330a	11
00b33310	00b3331a	11
00b33320	00b3332a	11
00b33330	00b3333a	11
00b33340	00b3334a	11
00b33350	00b3335a	11
00b33360	00b3336a	11
00b33370	00b3337a	11
00b33380	00b3338a	11
00b33390	00b3339a	11
00b333a0	00b333aa	11
00b333b0	00b333ba	11
00b333c0	00b333ca	11
00b333d0	00b333da	11
00b333e0	00b333ea	11
00b333f0	00b333fa	11
00b33400	00b3340a	11
00b33410	00b3341a	11
00b33420	00b3342a	11
00b33430	00b3343a	11
00b33440	00b3344a	11
00b33450	00b3345a	11
00b33460	00b3346a	11
00b33470	00b3347a	11
00b33480	00b3348a	11
00b33490	00b3349a	11
00b334a0	00b334aa	11
00b334b0	00b334ba	11
00b334c0	00b334ca	11
00b334d0	00b334da	11
00b334e0	00b334ea	11
00b334f0	00b334fa	11
00b33500	00b3350a	11
00b33510	00b3351a	11
00b33520	00b3352a	11
00b33530	00b3353a	11
00b33540	00b3354a	11
00b33550	00b3355a	11
00b33560	00b3356a	11
00b33570	00b3357a	11
00b33580	00b3358a	11
00b33590	00b3359a	11
00b335a0	00b335aa	11
00b335b0	00b335ba	11
00b335c0	00b335ca	11
00b335d0	00b335da	11
00b335e0	00b335ea	11
00b335f0	00b335fa	11
00b33600	00b3360a	11
00b33610	00b3361a	11
00b33620	00b3362a	11
00b33630	00b3363a	11
00b33640	00b3364a	11
00b33650	00b3365a	11
00b33660	00b3366a	11
00b33670	00b3367a	11
00b33680	00b3368a	11
00b33690	00b3369a	11
00b336a0	00b336aa	11
00b336b0	00b336ba	11
00b336c0	00b336ca	11
00b336d0	00b336da	11
00b336e0	00b336ea	11
00b336f0	00b336fa	11
00b33700	00b3370a	11
00b33710	00b3371a	11
00b33720	00b3372a	11
00b33730	00b3373a	11
00b33740	00b3374a	11
00b33750	00b3375a	11
00b33760	00b3376a	11
00b33770	00b3377a	11
00b33780	00b3378a	11
00b33790	00b3379a	11
00b337a0	00b337aa	11
00b337b0	00b337ba	11
00b337c0	00b337ca	11
00b337d0	00b337da	11
00b337e0	00b337ea	11
00b337f0	00b337fa	11
00b33800	00b3380a	11
00b33810	00b3381a	11
00b33820	00b3382a	11
00b33830	00b3383a	11
00b33840	00b3384a	11
00b33850	00b3385a	11
00b33860	00b3386a	11
00b33870	00b3387a	11
00b33880	00b3388a	11
00b33890	00b3389a	11
00b338a0	00b338aa	11
00b338b0	00b338ba	11
00b338c0	00b338ca	11
00b338d0	00b338da	11
00b338e0	00b338ea	11
00b338f0	00b338fa	11
00b33900	00b3390a	11
00b33910	00b3391a	11
00b33920	00b3392a	11
00b33930	00b3393a	11
00b33940	00b3394a	11
00b33950	00b3395a	11
00b33960	00b3396a	11
00b33970	00b3397a	11
00b33980	00b3398a	11
00b33990	00b3399a	11
00b339a0	00b339aa	11
00b339b0	00b339ba	11
00b339c0	00b339ca	11
00b339d0	00b339da	11
00b339e0	00b339ea	11
00b339f0	00b339fa	11
00b33a00	00b33a0a	11
00b33a10	00b33a1a	11
00b33a20	00b33a2a	11
00b33a30	00b33a3a	11
00b33a40	00b33a4a	11
00b33a50	00b33a5a	11
00b33a60	00b33a6a	11
00b33a70	00b33a7a	11
00b33a80	00b33a8a	11
00b33a90	00b33a9a	11
00b33aa0	00b33aaa	11
00b33ab0	00b33aba	11
00b33ac0	00b33aca	11
00b33ad0	00b33ada	11
00b33ae0	00b33aea	11
00b33af0	00b33afa	11
00b33b00	00b33b0a	11
00b33b10	00b33b1a	11
00b33b20	00b33b2a	11
00b33b30	00b33b3a	11
00b33b40	00b33b4a	11
00b33b50	00b33b5a	11
00b33b60	00b33b6a	11
00b33b70	00b33b7a	11
00b33b80	00b33b8a	11
00b33b90	00b33b9a	11
00b33ba0	00b33baa	11
00b33bb0	00b33bba	11
00b33bc0	00b33bca	11
00b33bd0	00b33bda	11
00b33be0	00b33bea	11
00b33bf0	00b33bfa	11
00b33c00	00b33c0a	11
00b33c10	00b33c1a	11
00b33c20	00b33c2a	11
00b33c30	00b33c3a	11
00b33c40	00b33c4a	11
00b33c50	00b33c5a	11
00b33c60	00b33c6a	11
00b33c70	00b33c7a	11
00b33c80	00b33c8a	11
00b33c90	00b33c9a	11
00b33ca0	00b33caa	11
00b33cb0	00b33cba	11
00b33cc0	00b33cca	11
00b33cd0	00b33cda	11
00b33ce0	00b33cea	11
00b33cf0	00b33cfa	11
00b33d00	00b33d0a	11
00b33d10	00b33d1a	11
00b33d20	00b33d2a	11
00b33d30	00b33d3a	11
00b33d40	00b33d4a	11
00b33d50	00b33d5a	11
00b33d60	00b33d6a	11
00b33d70	00b33d7a	11
00b33d80	00b33d8a	11
00b33d90	00b33d9a	11
00b33da0	00b33daa	11
00b33db0	00b33dba	11
00b33dc0	00b33dca	11
00b33dd0	00b33dda	11
00b33de0	00b33dea	11
00b33df0	00b33dfa	11
00b33e00	00b33e0a	11
00b33e10	00b33e1a	11
00b33e20	00b33e2a	11
00b33e30	00b33e3a	11
00b33e40	00b33e4a	11
00b33e50	00b33e5a	11
00b33e60	00b33e6a	11
00b33e70	00b33e7a	11
00b33e80	00b33e8a	11
00b33e90	00b33e9a	11
00b33ea0	00b33eaa	11
00b33eb0	00b33eba	11
00b33ec0	00b33eca	11
00b33ed0	00b33eda	11
00b33ee0	00b33eea	11
00b33ef0	00b33efa	11
00b33f00	00b33f0a	11
00b33f10	00b33f1a	11
00b33f20	00b33f2a	11
00b33f30	00b33f3a	11
00b33f40	00b33f4a	11
00b33f50	00b33f5a	11
00b33f60	00b33f6a	11
00b33f70	00b33f7a	11
00b33f80	00b33f8a	11
00b33f90	00b33f9a	11
00b33fa0	00b33faa	11
00b33fb0	00b33fba	11
00b33fc0	00b33fca	11
00b33fd0	00b33fda	11
00b33fe0	00b33fea	11
00b33ff0	00b33ffa	11
00b34000	00b3400a	11
00b34010	00b3401a	11
00b34020	00b3402a	11
00b34030	00b3403a	11
00b34040	00b3404a	11
00b34050	00b3405a	11
00b34060	00b3406a	11
00b34070	00b3407a	11
00b34080	00b3408a	11
00b34090	00b3409a	11
00b340a0	00b340aa	11
00b340b0	00b340ba	11
00b340c0	00b340ca	11
00b340d0	00b340da	11
00b340e0	00b340ea	11
00b340f0	00b340fa	11
00b34100	00b3410a	11
00b34110	00b3411a	11
00b34120	00b3412a	11
00b34130	00b3413a	11
00b34140	00b3414a	11
00b34150	00b3415a	11
00b34160	00b3416a	11
00b34170	00b3417a	11
00b34180	00b3418a	11
00b34190	00b3419a	11
00b341a0	00b341aa	11
00b341b0	00b341ba	11
00b341c0	00b341ca	11
00b341d0	00b341da	11
00b341e0	00b341ea	11
00b341f0	00b341fa	11
00b34200	00b3420a	11
00b34210	00b3421a	11
00b34220	00b3422a	11
00b34230	00b3423a	11
00b34240	00b3424a	11
00b34250	00b3425a	11
00b34260	00b3426a	11
00b34270	00b3427a	11
00b34280	00b3428a	11
00b34290	00b3429a	11
00b342a0	00b342aa	11
00b342b0	00b342ba	11
00b342c0	00b342ca	11
00b342d0	00b342da	11
00b342e0	00b342ea	11
00b342f0	00b342fa	11
00b34300	00b3430a	11
00b34310	00b3431a	11
00b34320	00b3432a	11
00b34330	00b3433a	11
00b34340	00b3434a	11
00b34350	00b3435a	11
00b34360	00b3436a	11
00b34370	00b3437a	11
00b34380	00b3438a	11
00b34390	00b3439a	11
00b343a0	00b343aa	11
00b343b0	00b343ba	11
00b343c0	00b343ca	11
00b343d0	00b343da	11
00b343e0	00b343ea	11
00b343f0	00b343fa	11
00b34400	00b3440a	11
00b34410	00b3441a	11
00b34420	00b3442a	11
00b34430	00b3443a	11
00b34440	00b3444a	11
00b34450	00b3445a	11
00b34460	00b3446a	11
00b34470	00b3447a	11
00b34480	00b3448a	11
00b34490	00b3449a	11
00b344a0	00b344aa	11
00b344b0	00b344ba	11
00b344c0	00b344ca	11
00b344d0	00b344da	11
00b344e0	00b344ea	11
00b344f0	00b344fa	11
00b34500	00b3450a	11
00b34510	00b3451a	11
00b34520	00b3452a	11
00b34530	00b3453a	11
00b34540	00b3454a	11
00b34550	00b3455a	11
00b34560	00b3456a	11
00b34570	00b3457a	11
00b34580	00b3458a	11
00b34590	00b3459a	11
00b345a0	00b345aa	11
00b345b0	00b345ba	11
00b345c0	00b345ca	11
00b345d0	00b345da	11
00b345e0	00b345ea	11
00b345f0	00b345fa	11
00b34600	00b3460a	11
00b34610	00b3461a	11
00b34620	00b3462a	11
00b34630	00b3463a	11
00b34640	00b3464a	11
00b34650	00b3465a	11
00b34660	00b3466a	11
00b34670	00b3467a	11
00b34680	00b3468a	11
00b34690	00b3469a	11
00b346a0	00b346aa	11
00b346b0	00b346ba	11
00b346c0	00b346ca	11
00b346d0	00b346da	11
00b346e0	00b346ea	11
00b346f0	00b346fa	11
00b34700	00b3470a	11
00b34710	00b3471a	11
00b34720	00b3472a	11
00b34730	00b3473a	11
00b34740	00b3474a	11
00b34750	00b3475a	11
00b34760	00b3476a	11
00b34770	00b3477a	11
00b34780	00b3478a	11
00b34790	00b3479a	11
00b347a0	00b347aa	11
00b347b0	00b347ba	11
00b347c0	00b347ca	11
00b347d0	00b347da	11
00b347e0	00b347ea	11
00b347f0	00b347fa	11
00b34800	00b3480a	11
00b34810	00b3481a	11
00b34820	00b3482a	11
00b34830	00b3483a	11
00b34840	00b3484a	11
00b34850	00b3485a	11
00b34860	00b3486a	11
00b34870	00b3487a	11
00b34880	00b3488a	11
00b34890	00b3489a	11
00b348a0	00b348aa	11
00b348b0	00b348ba	11
00b348c0	00b348d3	20
00b348d7	00b348ed	23
00b348f0	00b34903	20
00b34907	00b3491d	23
00b34920	00b34933	20
00b34937	00b3494d	23
00b34950	00b34963	20
00b34967	00b3497d	23
00b34980	00b34993	20
00b34997	00b349ad	23
00b349b0	00b349c3	20
00b349c7	00b349dd	23
00b349e0	00b349f3	20
00b349f7	00b34a0d	23
00b34a10	00b34a23	20
00b34a27	00b34a3d	23
00b34a40	00b34a53	20
00b34a57	00b34a6d	23
00b34a70	00b34a83	20
00b34a87	00b34a9d	23
00b34aa0	00b34ab3	20
00b34ab7	00b34acd	23
00b34ad0	00b34ae3	20
00b34ae7	00b34afd	23
00b34b00	00b34b13	20
00b34b17	00b34b2d	23
00b34b30	00b34b43	20
00b34b47	00b34b5d	23
00b34b60	00b34b73	20
00b34b77	00b34b8d	23
00b34b90	00b34ba3	20
00b34ba7	00b34bbd	23
00b34bc0	00b34bd3	20
00b34bd7	00b34bed	23
00b34bf0	00b34c03	20
00b34c07	00b34c1d	23
00b34c20	00b34c33	20
00b34c37	00b34c4d	23
00b34c50	00b34c63	20
00b34c67	00b34c7d	23
00b34c80	00b34c93	20
00b34c97	00b34cad	23
00b34cb0	00b34cc3	20
00b34cc7	00b34cdd	23
00b34ce0	00b34cf3	20
00b34cf7	00b34d0d	23
00b34d10	00b34d23	20
00b34d27	00b34d3d	23
00b34d40	00b34d53	20
00b34d57	00b34d6d	23
00b34d70	00b34d83	20
00b34d87	00b34d9d	23
00b34da0	00b34db3	20
00b34db7	00b34dcd	23
00b34dd0	00b34de3	20
00b34de7	00b34dfd	23
00b34e00	00b34e13	20
00b34e17	00b34e2d	23
00b34e30	00b34e43	20
00b34e47	00b34e5d	23
00b34e60	00b34e73	20
00b34e77	00b34e8d	23
00b34e90	00b34ea3	20
00b34ea7	00b34ebd	23
00b34ec0	00b34ed3	20
00b34ed7	00b34eed	23
00b34ef0	00b34f03	20
00b34f07	00b34f1d	23
00b34f20	00b34f33	20
00b34f37	00b34f4d	23
00b34f50	00b34f63	20
00b34f67	00b34f7d	23
00b34f80	00b34f93	20
00b34f97	00b34fad	23
00b34fb0	00b34fc3	20
00b34fc7	00b34fdd	23
00b34fe0	00b34ff3	20
00b34ff7	00b3500d	23
00b35010	00b35023	20
00b35027	00b3503d	23
00b35040	00b35053	20
00b35057	00b3506d	23
00b35070	00b35083	20
00b35087	00b3509d	23
00b350a0	00b350b3	20
00b350b7	00b350cd	23
00b350d0	00b350e3	20
00b350e7	00b350fd	23
00b35100	00b35113	20
00b35117	00b3512d	23
00b35130	00b35143	20
00b35147	00b3515d	23
00b35160	00b35173	20
00b35177	00b3518d	23
00b35190	00b351a3	20
00b351a7	00b351bd	23
00b351c0	00b351d3	20
00b351d7	00b351ed	23
00b351f0	00b35203	20
00b35207	00b3521d	23
00b35220	00b35233	20
00b35237	00b3524d	23
00b35250	00b35263	20
00b35267	00b3527d	23
00b35280	00b35293	20
00b35297	00b352ad	23
00b352b0	00b352c3	20
00b352c7	00b352dd	23
00b352e0	00b352f3	20
00b352f7	00b3530d	23
00b35310	00b35323	20
00b35327	00b3533d	23
00b35340	00b35353	20
00b35357	00b3536d	23
00b35370	00b35383	20
00b35387	00b3539d	23
00b353a0	00b353b3	20
00b353b7	00b353cd	23
00b353d0	00b353e3	20
00b353e7	00b353fd	23
00b35400	00b35413	20
00b35417	00b3542d	23
00b35430	00b35443	20
00b35447	00b3545d	23
00b35460	00b35473	20
00b35477	00b3548d	23
00b35490	00b354a3	20
00b354a7	00b354bd	23
00b354c0	00b354d3	20
00b354d7	00b354ed	23
00b354f0	00b35503	20
00b35507	00b3551d	23
00b35520	00b35533	20
00b35537	00b3554d	23
00b35550	00b35563	20
00b35567	00b3557d	23
00b35580	00b35593	20
00b35597	00b355ad	23
00b35610	00b35623	20
00b35627	00b3563d	23
00b35640	00b35653	20
00b35657	00b3566d	23
00b35670	00b35683	20
00b35687	00b3569d	23
00b356a0	00b356b3	20
00b356b7	00b356cd	23
00b356d0	00b356e3	20
00b356e7	00b356fd	23
00b35700	00b35713	20
00b35717	00b3572d	23
00b35730	00b35743	20
00b35747	00b3575d	23
00b35760	00b35773	20
00b35777	00b3578d	23
00b35790	00b357a3	20
00b357a7	00b357bd	23
00b357c0	00b357d3	20
00b357d7	00b357ed	23
00b357f0	00b35803	20
00b35807	00b3581d	23
00b35820	00b35833	20
00b35837	00b3584d	23
00b35850	00b35863	20
00b35867	00b3587d	23
00b35880	00b35893	20
00b35897	00b358ad	23
00b358b0	00b358c3	20
00b358c7	00b358dd	23
00b358e0	00b358f3	20
00b358f7	00b3590d	23
00b35910	00b35923	20
00b35927	00b3593d	23
00b35940	00b35953	20
00b35957	00b3596d	23
00b359d0	00b359e3	20
00b359e7	00b35a07	33
00b35a10	00b35a23	20
00b35a27	00b35a47	33
00b35a50	00b35a63	20
00b35a67	00b35a87	33
00b35a90	00b35aa3	20
00b35aa7	00b35ac7	33
00b35ad0	00b35ae3	20
00b35ae7	00b35b07	33
00b35b10	00b35b23	20
00b35b27	00b35b47	33
00b35b50	00b35b63	20
00b35b67	00b35b87	33
00b35b90	00b35ba3	20
00b35ba7	00b35bc7	33
00b35bd0	00b35be3	20
00b35be7	00b35c07	33
00b35c10	00b35c23	20
00b35c27	00b35c47	33
00b35c50	00b35c63	20
00b35c67	00b35c87	33
00b35c90	00b35ca3	20
00b35ca7	00b35cc7	33
00b35cd0	00b35ce3	20
00b35ce7	00b35d07	33
00b35d10	00b35d23	20
00b35d27	00b35d47	33
00b35d50	00b35d63	20
00b35d67	00b35d87	33
00b35d90	00b35da3	20
00b35da7	00b35dc7	33
00b35dd0	00b35de3	20
00b35de7	00b35e07	33
00b35e10	00b35e23	20
00b35e27	00b35e47	33
00b35e50	00b35e63	20
00b35e67	00b35e87	33
00b35e90	00b35ea3	20
00b35ea7	00b35ec7	33
00b35ed0	00b35ee3	20
00b35ee7	00b35f07	33
00b35f10	00b35f23	20
00b35f27	00b35f47	33
00b35f50	00b35f63	20
00b35f67	00b35f87	33
00b35f90	00b35fa3	20
00b35fa7	00b35fc7	33
00b35fd0	00b35fe3	20
00b35fe7	00b36007	33
00b36010	00b36023	20
00b36027	00b36047	33
00b36050	00b36063	20
00b36067	00b36087	33
00b36090	00b360a3	20
00b360a7	00b360c7	33
00b360d0	00b360e3	20
00b360e7	00b36107	33
00b36110	00b36123	20
00b36127	00b36147	33
00b36150	00b36163	20
00b36167	00b36187	33
00b36190	00b361a3	20
00b361a7	00b361c7	33
00b361d0	00b361e3	20
00b361e7	00b36207	33
00b36210	00b36223	20
00b36227	00b36247	33
00b36250	00b36263	20
00b36267	00b36287	33
00b36290	00b362a3	20
00b362a7	00b362c7	33
00b362d0	00b362e3	20
00b362e7	00b36307	33
00b36310	00b36323	20
00b36327	00b36347	33
00b36350	00b36363	20
00b36367	00b36387	33
00b36390	00b363a3	20
00b363a7	00b363c7	33
00b363d0	00b363e3	20
00b363e7	00b36407	33
00b36410	00b36423	20
00b36427	00b36447	33
00b36450	00b36463	20
00b36467	00b36487	33
00b36490	00b364a3	20
00b364a7	00b364c7	33
00b36530	00b3653a	11
00b36540	00b3654a	11
00b36550	00b3655a	11
00b36560	00b3656a	11
00b36570	00b3657a	11
00b36580	00b3658a	11
00b36590	00b3659a	11
00b365a0	00b365aa	11
00b365b0	00b365ba	11
00b365c0	00b365ca	11
00b365d0	00b365da	11
00b365e0	00b365ea	11
00b365f0	00b365fa	11
00b36600	00b3660a	11
00b36610	00b3661a	11
00b36620	00b3662a	11
00b36630	00b3663a	11
00b36640	00b3664a	11
00b36650	00b3665a	11
00b36660	00b3666a	11
00b36670	00b3667a	11
00b36680	00b3668a	11
00b36690	00b3669a	11
00b366a0	00b366aa	11
00b366b0	00b366ba	11
00b366c0	00b366ca	11
00b366d0	00b366da	11
00b366e0	00b366ea	11
00b366f0	00b36703	20
00b36707	00b3671d	23
00b36720	00b36733	20
00b36737	00b3674d	23
00b36750	00b36763	20
00b36767	00b3677d	23
00b36780	00b36793	20
00b36797	00b367ad	23
00b367b0	00b367c3	20
00b367c7	00b367dd	23
00b36840	00b3684a	11
00b36850	00b3685a	11
00b36860	00b3686a	11
00b36870	00b3687a	11
00b36880	00b3688a	11
00b36890	00b3689a	11
00b368a0	00b368aa	11
00b368b0	00b368ba	11
00b368c0	00b368ca	11
00b368d0	00b368da	11
00b368e0	00b368ea	11
00b368f0	00b368fa	11
00b36900	00b3690a	11
00b36910	00b3691a	11
00b36920	00b3692a	11
00b36930	00b3693a	11
00b36940	00b3694a	11
00b36950	00b3695a	11
00b36960	00b3696a	11
00b36970	00b3697a	11
00b36980	00b3698a	11
00b36990	00b369a3	20
00b369a7	00b369bd	23
00b369c0	00b369d3	20
00b369d7	00b369ed	23
00b369f0	00b36a03	20
00b36a07	00b36a1d	23
00b36a20	00b36a33	20
00b36a37	00b36a4d	23
00b36a50	00b36a63	20
00b36a67	00b36a7d	23
00b36a80	00b36a93	20
00b36a97	00b36ab7	33
00b36ac0	00b36ad3	20
00b36ad7	00b36af7	33
00b36b00	00b36b13	20
00b36b17	00b36b37	33
00b36b40	00b36b53	20
00b36b57	00b36b77	33
00b36be0	00b36bea	11
00b36bf0	00b36bfa	11
00b36df0	00b36dfe	15
00b36e02	00b36e20	31
00b36e30	00b36e3e	15
00b36e42	00b36e60	31
00b36f90	00b36f9e	15
00b36fa2	00b36fc0	31
00b36fd0	00b36fde	15
00b36fe2	00b37000	31
00b37130	00b37139	10
00b37140	00b3714e	15
00b37152	00b37170	31
00b372e0	00b372f3	20
00b372f7	00b3730d	23
00b37310	00b37323	20
00b37327	00b3733d	23
00b37340	00b37353	20
00b37357	00b3736d	23
00b37370	00b37383	20
00b37387	00b3739d	23
00b37400	00b37409	10
00b37410	00b37423	20
00b37427	00b3743d	23
00b37440	00b3744e	15
00b37452	00b37470	31
00b37500	00b37513	20
00b37517	00b3752d	23
00b37530	00b37543	20
00b37547	00b3755d	23
00b37560	00b3756e	15
00b37572	00b37590	31
00b375a0	00b375ae	15
00b375b2	00b375d0	31
00b375e0	00b375ee	15
00b375f2	00b37610	31
00b37620	00b3762e	15
00b37632	00b37650	31
00b376a0	00b376b3	20
00b376b7	00b376cd	23
00b376d0	00b376da	11
00b376e0	00b376ea	11
00b376f0	00b376fa	11
00b37700	00b3770a	11
00b37710	00b3771a	11
00b37720	00b37733	20
00b37737	00b3774d	23
00b37750	00b37763	20
00b37767	00b3777d	23
00b37780	00b37793	20
00b37797	00b377ad	23
00b377b0	00b377c3	20
00b377c7	00b377e7	33
00b37850	00b3785a	11
00b37860	00b3786a	11
00b37870	00b3787a	11
00b37880	00b3788a	11
00b37890	00b3789a	11
00b378a0	00b378aa	11
00b378b0	00b378ba	11
00b378c0	00b378ca	11
00b378d0	00b378da	11
00b378e0	00b378ea	11
00b378f0	00b378fa	11
00b37900	00b3790a	11
00b37910	00b3791a	11
00b37920	00b3792a	11
00b37930	00b3793a	11
00b37940	00b3794a	11
00b37950	00b3795a	11
00b37960	00b3796a	11
00b37970	00b3797a	11
00b37980	00b3798a	11
00b37990	00b3799a	11
00b379a0	00b379b3	20
00b379b7	00b379cd	23
00b379d0	00b379e3	20
00b379e7	00b379fd	23
00b37a00	00b37a13	20
00b37a17	00b37a2d	23
00b37a30	00b37a43	20
00b37a47	00b37a5d	23
00b37ac0	00b37ad3	20
00b37ad7	00b37af7	33
00b37b00	00b37b13	20
00b37b17	00b37b37	33
00b37b40	00b37b4a	11
00b37b50	00b37b5a	11
00b37b60	00b37b6a	11
00b37b70	00b37b7a	11
00b37b80	00b37b8a	11
00b37b90	00b37b9a	11
00b37ba0	00b37baa	11
00b37bb0	00b37bba	11
00b37bc0	00b37bca	11
00b37bd0	00b37bda	11
00b37be0	00b37bea	11
00b37bf0	00b37bfa	11
00b37c00	00b37c0a	11
00b37c10	00b37c1a	11
00b37c20	00b37c2a	11
00b37c30	00b37c3a	11
00b37c40	00b37c4a	11
00b37c50	00b37c5a	11
00b37c60	00b37c6a	11
00b37c70	00b37c7a	11
00b37c80	00b37c8a	11
00b37c90	00b37c9a	11
00b37ca0	00b37caa	11
00b37cb0	00b37cba	11
00b37cc0	00b37cca	11
00b37cd0	00b37cda	11
00b37ce0	00b37cea	11
00b37cf0	00b37cfa	11
00b37d00	00b37d0a	11
00b37d10	00b37d1a	11
00b37d20	00b37d2a	11
00b37d30	00b37d3a	11
00b37d40	00b37d4a	11
00b37d50	00b37d5a	11
00b37d60	00b37d6a	11
00b37d70	00b37d83	20
00b37d87	00b37d9d	23
00b37da0	00b37db3	20
00b37db7	00b37dcd	23
00b37dd0	00b37de3	20
00b37de7	00b37dfd	23
00b37e00	00b37e13	20
00b37e17	00b37e2d	23
00b37e30	00b37e43	20
00b37e47	00b37e5d	23
00b37ec0	00b37ed3	20
00b37ed7	00b37ef7	33
00b37f00	00b37f13	20
00b37f17	00b37f37	33
00b37f40	00b37f53	20
00b37f57	00b37f77	33
00b37f80	00b37f93	20
00b37f97	00b37fb7	33
00b37fc0	00b37fd3	20
00b37fd7	00b37ff7	33
00b38000	00b38013	20
00b38017	00b38037	33
00b38040	00b3804a	11
00b38050	00b3805a	11
00b38060	00b3806a	11
00b38070	00b3807a	11
00b38080	00b3808a	11
00b38090	00b3809a	11
00b380a0	00b380aa	11
00b380b0	00b380ba	11
00b380c0	00b380ca	11
00b380d0	00b380da	11
00b380e0	00b380ea	11
00b380f0	00b38103	20
00b38107	00b3811d	23
00b38120	00b38133	20
00b38137	00b3814d	23
00b38150	00b38163	20
00b38167	00b3817d	23
00b38180	00b38193	20
00b38197	00b381ad	23
00b381b0	00b381c3	20
00b381c7	00b381dd	23
00b38240	00b38253	20
00b38257	00b38277	33
00b38280	00b38293	20
00b38297	00b382b7	33
00b382c0	00b382d3	20
00b382d7	00b382f7	33
00b38300	00b38313	20
00b38317	00b38337	33
00b38340	00b38353	20
00b38357	00b38377	33
00b38380	00b38393	20
00b38397	00b383b7	33
00b383c0	00b383ca	11
00b383d0	00b383da	11
00b383e0	00b383ea	11
00b383f0	00b383fa	11
00b38400	00b3840a	11
00b38410	00b3841a	11
00b38420	00b3842a	11
00b38430	00b3843a	11
00b38440	00b3844a	11
00b38450	00b3845a	11
00b38460	00b3846a	11
00b38470	00b3847a	11
00b38480	00b3848a	11
00b38490	00b3849a	11
00b384a0	00b384aa	11
00b384b0	00b384ba	11
00b384c0	00b384ca	11
00b384d0	00b384da	11
00b384e0	00b384ea	11
00b384f0	00b384fa	11
00b38500	00b3850a	11
00b38510	00b3851a	11
00b38520	00b3852a	11
00b38530	00b3853a	11
00b38540	00b3854a	11
00b38550	00b3855a	11
00b38560	00b3856a	11
00b38570	00b3857a	11
00b38580	00b3858a	11
00b38590	00b3859a	11
00b385a0	00b385aa	11
00b385b0	00b385ba	11
00b385c0	00b385ca	11
00b385d0	00b385da	11
00b385e0	00b385ea	11
00b385f0	00b385fa	11
00b38600	00b3860a	11
00b38610	00b3861a	11
00b38620	00b3862a	11
00b38630	00b3863a	11
00b38640	00b3864a	11
00b38650	00b3865a	11
00b38660	00b38673	20
00b38677	00b3868d	23
00b38690	00b386a3	20
00b386a7	00b386bd	23
00b386c0	00b386d3	20
00b386d7	00b386ed	23
00b386f0	00b38703	20
00b38707	00b3871d	23
00b38720	00b38733	20
00b38737	00b3874d	23
00b38750	00b38763	20
00b38767	00b3877d	23
00b38780	00b38793	20
00b38797	00b387ad	23
00b387b0	00b387c3	20
00b387c7	00b387dd	23
00b387e0	00b387f3	20
00b387f7	00b3880d	23
00b38810	00b38823	20
00b38827	00b3883d	23
00b38840	00b38853	20
00b38857	00b3886d	23
00b38870	00b38883	20
00b38887	00b3889d	23
00b388a0	00b388b3	20
00b388b7	00b388cd	23
00b388d0	00b388e3	20
00b388e7	00b388fd	23
00b38900	00b38913	20
00b38917	00b3892d	23
00b38930	00b38943	20
00b38947	00b3895d	23
00b38960	00b38973	20
00b38977	00b3898d	23
00b38990	00b389a3	20
00b389a7	00b389bd	23
00b389c0	00b389d3	20
00b389d7	00b389ed	23
00b389f0	00b38a03	20
00b38a07	00b38a1d	23
00b38b40	00b38b49	10
00b38b50	00b38b63	20
00b38b67	00b38b7d	23
00b38b80	00b38ba3	36
00b38ba7	00b38bbd	23
00b38bc0	00b38bd3	20
00b38bd7	00b38bed	23
00b38bf0	00b38bfe	15
00b38c02	00b38c20	31
00b38c30	00b38c43	20
00b38c47	00b38c5d	23
00b38c60	00b38c6e	15
00b38c72	00b38c90	31
00b38ca0	00b38cae	15
00b38cb2	00b38cd0	31
00b38d40	00b38d49	10
00b38d50	00b38d61	18
00b38d65	00b38d8b	39
00b38da0	00b38db1	18
00b38db5	00b38ddb	39
00b38df0	00b38e03	20
00b38e07	00b38e1d	23
00b38e60	00b38e6a	11
00b38e80	00b38e89	10
00b38ed0	00b38ee3	20
00b38ee7	00b38efd	23
00b38f00	00b38f13	20
00b38f17	00b38f2d	23
00b38f30	00b38f43	20
00b38f47	00b38f5d	23
00b38f60	00b38f73	20
00b38f77	00b38f8d	23
00b38f90	00b38fa3	20
00b38fa7	00b38fbd	23
00b38fc0	00b38fce	15
00b38fd2	00b38ff0	31
00b39000	00b3900e	15
00b39012	00b39030	31
00b39040	00b3904e	15
00b39052	00b39070	31
00b39080	00b3908e	15
00b39092	00b390b0	31
00b390c0	00b390ca	11
00b390d0	00b390da	11
00b390e0	00b390ea	11
00b390f0	00b390fa	11
00b39100	00b3910a	11
00b39110	00b3911a	11
00b39120	00b3912a	11
00b39130	00b3913a	11
00b39140	00b3914a	11
00b39150	00b3915a	11
00b39160	00b3916a	11
00b39170	00b3917a	11
00b39180	00b3918a	11
00b39190	00b3919a	11
00b391a0	00b391aa	11
00b391b0	00b391ba	11
00b391c0	00b391ca	11
00b391d0	00b391da	11
00b391e0	00b391ea	11
00b391f0	00b391fa	11
00b39200	00b3920a	11
00b39210	00b3921a	11
00b39220	00b3922a	11
00b39230	00b3923a	11
00b39240	00b3924a	11
00b39250	00b3925a	11
00b39260	00b3926a	11
00b39270	00b3927a	11
00b39280	00b3928a	11
00b39290	00b3929a	11
00b392a0	00b392aa	11
00b392b0	00b392ba	11
00b392c0	00b392ca	11
00b392d0	00b392da	11
00b392e0	00b392ea	11
00b392f0	00b392fa	11
00b39300	00b3930a	11
00b39310	00b3931a	11
00b39320	00b3932a	11
00b39330	00b3933a	11
00b39340	00b3934a	11
00b39350	00b3935a	11
00b39360	00b3936a	11
00b39370	00b3937a	11
00b39380	00b3938a	11
00b39390	00b3939a	11
00b393a0	00b393aa	11
00b393b0	00b393ba	11
00b393c0	00b393ca	11
00b393d0	00b393da	11
00b393e0	00b393ea	11
00b393f0	00b393fa	11
00b39400	00b3940a	11
00b39410	00b3941a	11
00b39420	00b3942a	11
00b39430	00b3943a	11
00b39440	00b3944a	11
00b39450	00b3945a	11
00b39460	00b3946a	11
00b39470	00b3947a	11
00b39480	00b3948a	11
00b39490	00b3949a	11
00b394a0	00b394aa	11
00b394b0	00b394ba	11
00b394c0	00b394ca	11
00b394d0	00b394da	11
00b394e0	00b394ea	11
00b394f0	00b394fa	11
00b39500	00b3950a	11
00b39510	00b3951a	11
00b39520	00b3952a	11
00b39530	00b3953a	11
00b39540	00b3954a	11
00b39550	00b3955a	11
00b39560	00b3956a	11
00b39570	00b3957a	11
00b39580	00b3958a	11
00b39590	00b3959a	11
00b395a0	00b395aa	11
00b395b0	00b395ba	11
00b395c0	00b395ca	11
00b395d0	00b395da	11
00b395e0	00b395ea	11
00b395f0	00b395fa	11
00b39600	00b3960a	11
00b39610	00b3961a	11
00b39620	00b3962a	11
00b39630	00b3963a	11
00b39640	00b39653	20
00b39657	00b3966d	23
00b39670	00b39683	20
00b39687	00b3969d	23
00b396a0	00b396b3	20
00b396b7	00b396cd	23
00b396d0	00b396e3	20
00b396e7	00b396fd	23
00b39700	00b39713	20
00b39717	00b3972d	23
00b39730	00b39743	20
00b39747	00b3975d	23
00b39760	00b39773	20
00b39777	00b3978d	23
00b39790	00b397a3	20
00b397a7	00b397bd	23
00b397c0	00b397d3	20
00b397d7	00b397ed	23
00b397f0	00b39803	20
00b39807	00b3981d	23
00b39820	00b39833	20
00b39837	00b3984d	23
00b39850	00b39863	20
00b39867	00b3987d	23
00b39880	00b39893	20
00b39897	00b398ad	23
00b398b0	00b398c3	20
00b398c7	00b398dd	23
00b398e0	00b398f3	20
00b398f7	00b3990d	23
00b39910	00b39923	20
00b39927	00b3993d	23
00b39940	00b39953	20
00b39957	00b3996d	23
00b39970	00b39983	20
00b39987	00b3999d	23
00b399a0	00b399b3	20
00b399b7	00b399cd	23
00b399d0	00b399e3	20
00b399e7	00b399fd	23
00b39a00	00b39a13	20
00b39a17	00b39a2d	23
00b39a30	00b39a43	20
00b39a47	00b39a5d	23
00b39a60	00b39a73	20
00b39a77	00b39a8d	23
00b39af0	00b39b03	20
00b39b07	00b39b27	33
00b39b30	00b39b43	20
00b39b47	00b39b67	33
00b39b70	00b39b83	20
00b39b87	00b39ba7	33
00b39bb0	00b39bc3	20
00b39bc7	00b39be7	33
00b39bf0	00b39c03	20
00b39c07	00b39c27	33
00b39c30	00b39c43	20
00b39c47	00b39c67	33
00b39c70	00b39c83	20
00b39c87	00b39ca7	33
00b39cb0	00b39cc3	20
00b39cc7	00b39ce7	33
00b39cf0	00b39d03	20
00b39d07	00b39d27	33
00b39d30	00b39d43	20
00b39d47	00b39d67	33
00b39d70	00b39d83	20
00b39d87	00b39da7	33
00b39db0	00b39dc3	20
00b39dc7	00b39de7	33
00b39df0	00b39e03	20
00b39e07	00b39e27	33
00b39e30	00b39e43	20
00b39e47	00b39e67	33
00b39e70	00b39e83	20
00b39e87	00b39ea7	33
00b39eb0	00b39ec3	20
00b39ec7	00b39ee7	33
00b39ef0	00b39f03	20
00b39f07	00b39f27	33
00b39f30	00b39f43	20
00b39f47	00b39f67	33
00b39f70	00b39f83	20
00b39f87	00b39fa7	33
00b39fb0	00b39fc3	20
00b39fc7	00b39fe7	33
00b39ff0	00b3a003	20
00b3a007	00b3a027	33
00b3a030	00b3a043	20
00b3a047	00b3a067	33
00b3a070	00b3a07a	11
00b3a080	00b3a08a	11
00b3a090	00b3a09a	11
00b3a0a0	00b3a0aa	11
00b3a0b0	00b3a0ba	11
00b3a0c0	00b3a0ca	11
00b3a0d0	00b3a0da	11
00b3a0e0	00b3a0ea	11
00b3a0f0	00b3a0fa	11
00b3a100	00b3a10a	11
00b3a110	00b3a11a	11
00b3a120	00b3a12a	11
00b3a130	00b3a13a	11
00b3a140	00b3a14a	11
00b3a150	00b3a15a	11
00b3a160	00b3a16a	11
00b3a170	00b3a17a	11
00b3a180	00b3a18a	11
00b3a190	00b3a19a	11
00b3a1a0	00b3a1aa	11
00b3a1b0	00b3a1c3	20
00b3a1c7	00b3a1dd	23
00b3a1e0	00b3a1f3	20
00b3a1f7	00b3a20d	23
00b3a210	00b3a223	20
00b3a227	00b3a23d	23
00b3a240	00b3a253	20
00b3a257	00b3a26d	23
00b3a2d0	00b3a2da	11
00b3a2e0	00b3a2ea	11
00b3a2f0	00b3a2fa	11
00b3a300	00b3a30a	11
00b3a310	00b3a31a	11
00b3a320	00b3a32a	11
00b3a330	00b3a33a	11
00b3a340	00b3a34a	11
00b3a350	00b3a35a	11
00b3a360	00b3a373	20
00b3a377	00b3a38d	23
00b3a3f0	00b3a3fa	11
00b3a400	00b3a40a	11
00b3a410	00b3a41a	11
00b3a420	00b3a42a	11
00b3a430	00b3a43a	11
00b3a440	00b3a44a	11
00b3a450	00b3a45a	11
00b3a460	00b3a46a	11
00b3a470	00b3a47a	11
00b3a480	00b3a48a	11
00b3a490	00b3a49a	11
00b3a4a0	00b3a4aa	11
00b3a4b0	00b3a4ba	11
00b3a4c0	00b3a4ca	11
00b3a4d0	00b3a4da	11
00b3a4e0	00b3a4ea	11
00b3a4f0	00b3a4fa	11
00b3a500	00b3a50a	11
00b3a510	00b3a51a	11
00b3a520	00b3a52a	11
00b3a530	00b3a53a	11
00b3a540	00b3a54a	11
00b3a550	00b3a55a	11
00b3a560	00b3a56a	11
00b3a570	00b3a57a	11
00b3a580	00b3a593	20
00b3a597	00b3a5ad	23
00b3a5b0	00b3a5c3	20
00b3a5c7	00b3a5dd	23
00b3a5e0	00b3a5f3	20
00b3a5f7	00b3a60d	23
00b3a610	00b3a623	20
00b3a627	00b3a63d	23
00b3a640	00b3a653	20
00b3a657	00b3a66d	23
00b3a6d0	00b3a6da	11
00b3a6e0	00b3a6f3	20
00b3a6f7	00b3a70d	23
00b3a770	00b3a77a	11
00b3a780	00b3a78a	11
00b3a790	00b3a79a	11
00b3a7a0	00b3a7aa	11
00b3a7b0	00b3a7ba	11
00b3a7c0	00b3a7ca	11
00b3a7d0	00b3a7da	11
00b3a7e0	00b3a7ea	11
00b3a7f0	00b3a7fa	11
00b3a800	00b3a80a	11
00b3a810	00b3a81a	11
00b3a820	00b3a82a	11
00b3a830	00b3a83a	11
00b3a840	00b3a84a	11
00b3a850	00b3a85a	11
00b3a860	00b3a86a	11
00b3a870	00b3a87a	11
00b3a880	00b3a88a	11
00b3a890	00b3a89a	11
00b3a8a0	00b3a8aa	11
00b3a910	00b3a923	20
00b3a927	00b3a93d	23
00b3a940	00b3a953	20
00b3a957	00b3a96d	23
00b3a970	00b3a983	20
00b3a987	00b3a99d	23
00b3a9a0	00b3a9a9	10
00b3a9b0	00b3a9be	15
00b3a9c2	00b3a9e0	31
00b3a9f0	00b3aa21	50
00b3aa30	00b3aa3a	11
00b3aa40	00b3aa4a	11
00b3aa50	00b3aa5a	11
00b3aa60	00b3aa6a	11
00b3aa70	00b3aa7a	11
00b3aa80	00b3aa8a	11
00b3aa90	00b3aa9a	11
00b3aaa0	00b3aaaa	11
00b3aab0	00b3aaba	11
00b3aac0	00b3aaca	11
00b3aad0	00b3aada	11
00b3aae0	00b3aaea	11
00b3aaf0	00b3aafa	11
00b3ab00	00b3ab0a	11
00b3ab10	00b3ab1a	11
00b3ab20	00b3ab2a	11
00b3ab30	00b3ab3a	11
00b3ab40	00b3ab4a	11
00b3ab50	00b3ab5a	11
00b3ab60	00b3ab6a	11
00b3ab70	00b3ab7a	11
00b3ab80	00b3ab8a	11
00b3ab90	00b3ab9a	11
00b3aba0	00b3abaa	11
00b3abb0	00b3abba	11
00b3abc0	00b3abca	11
00b3abd0	00b3abda	11
00b3abe0	00b3abea	11
00b3abf0	00b3abfa	11
00b3ac00	00b3ac0a	11
00b3ac10	00b3ac1a	11
00b3ac20	00b3ac2a	11
00b3ac30	00b3ac3a	11
00b3ac40	00b3ac4a	11
00b3ac50	00b3ac5a	11
00b3ac60	00b3ac6a	11
00b3ac70	00b3ac7a	11
00b3ac80	00b3ac8a	11
00b3ac90	00b3ac9a	11
00b3aca0	00b3acaa	11
00b3acb0	00b3acba	11
00b3acc0	00b3acca	11
00b3acd0	00b3acda	11
00b3ace0	00b3acea	11
00b3acf0	00b3acfa	11
00b3ad00	00b3ad0a	11
00b3ad10	00b3ad1a	11
00b3ad20	00b3ad2a	11
00b3ad30	00b3ad3a	11
00b3ad40	00b3ad4a	11
00b3ad50	00b3ad5a	11
00b3ad60	00b3ad6a	11
00b3ad70	00b3ad7a	11
00b3ad80	00b3ad8a	11
00b3ad90	00b3ad9a	11
00b3ada0	00b3adaa	11
00b3adb0	00b3adba	11
00b3adc0	00b3adca	11
00b3add0	00b3adda	11
00b3ade0	00b3adea	11
00b3adf0	00b3adfa	11
00b3ae00	00b3ae0a	11
00b3ae10	00b3ae1a	11
00b3ae20	00b3ae2a	11
00b3ae30	00b3ae3a	11
00b3ae40	00b3ae4a	11
00b3ae50	00b3ae5a	11
00b3ae60	00b3ae6a	11
00b3ae70	00b3ae7a	11
00b3ae80	00b3ae8a	11
00b3ae90	00b3ae9a	11
00b3aea0	00b3aeaa	11
00b3aeb0	00b3aeba	11
00b3aec0	00b3aeca	11
00b3aed0	00b3aeda	11
00b3aee0	00b3aeea	11
00b3aef0	00b3aefa	11
00b3af00	00b3af0a	11
00b3af10	00b3af1a	11
00b3af20	00b3af2a	11
00b3af30	00b3af3a	11
00b3af40	00b3af4a	11
00b3af50	00b3af5a	11
00b3af60	00b3af6a	11
00b3af70	00b3af7a	11
00b3af80	00b3af8a	11
00b3af90	00b3af9a	11
00b3afa0	00b3afaa	11
00b3afb0	00b3afba	11
00b3afc0	00b3afca	11
00b3afd0	00b3afda	11
00b3afe0	00b3afea	11
00b3b030	00b3b03a	11
00b3b040	00b3b04a	11
00b3b0b0	00b3b0ba	11
00b3b0c0	00b3b0ca	11
00b3b0d0	00b3b0da	11
00b3b0f0	00b3b0fa	11
00b3b100	00b3b10a	11
00b3b110	00b3b11a	11
00b3b120	00b3b12a	11
00b3b130	00b3b13e	15
00b3b142	00b3b160	31
00b3b170	00b3b17e	15
00b3b182	00b3b1a0	31
00b3b1f0	00b3b1f9	10
00b3b200	00b3b224	37
00b3b230	00b3b243	20
00b3b247	00b3b25d	23
00b3b260	00b3b273	20
00b3b277	00b3b28d	23
00b3b290	00b3b29a	11
00b3b2a0	00b3b2aa	11
00b3b2b0	00b3b2ba	11
00b3b2c0	00b3b2ca	11
00b3b2d0	00b3b2da	11
00b3b2e0	00b3b2ea	11
00b3b2f0	00b3b2fa	11
00b3b300	00b3b30a	11
00b3b310	00b3b31a	11
00b3b320	00b3b32a	11
00b3b330	00b3b33a	11
00b3b340	00b3b34a	11
00b3b350	00b3b35a	11
00b3b360	00b3b36a	11
00b3b370	00b3b37a	11
00b3b380	00b3b38a	11
00b3b390	00b3b39a	11
00b3b3a0	00b3b3aa	11
00b3b3b0	00b3b3ba	11
00b3b3c0	00b3b3ca	11
00b3b3d0	00b3b3da	11
00b3b3e0	00b3b3ea	11
00b3b3f0	00b3b3fa	11
00b3b400	00b3b40a	11
00b3b410	00b3b41a	11
00b3b420	00b3b42a	11
00b3b430	00b3b43a	11
00b3b440	00b3b44a	11
00b3b450	00b3b45a	11
00b3b460	00b3b46a	11
00b3b470	00b3b47a	11
00b3b480	00b3b48a	11
00b3b490	00b3b49a	11
00b3b4a0	00b3b4aa	11
00b3b4b0	00b3b4ba	11
00b3b4c0	00b3b4ca	11
00b3b4d0	00b3b4da	11
00b3b4e0	00b3b4ea	11
00b3b4f0	00b3b4fa	11
00b3b500	00b3b50a	11
00b3b510	00b3b51a	11
00b3b520	00b3b52a	11
00b3b530	00b3b53a	11
00b3b540	00b3b54a	11
00b3b550	00b3b55a	11
00b3b560	00b3b56a	11
00b3b570	00b3b57a	11
00b3b580	00b3b593	20
00b3b597	00b3b5ad	23
00b3b5b0	00b3b5c3	20
00b3b5c7	00b3b5dd	23
00b3b5e0	00b3b5f3	20
00b3b5f7	00b3b60d	23
00b3b610	00b3b623	20
00b3b627	00b3b63d	23
00b3b640	00b3b653	20
00b3b657	00b3b66d	23
00b3b670	00b3b683	20
00b3b687	00b3b69d	23
00b3b6a0	00b3b6b3	20
00b3b6b7	00b3b6cd	23
00b3b6d0	00b3b6e3	20
00b3b6e7	00b3b6fd	23
00b3b700	00b3b713	20
00b3b717	00b3b72d	23
00b3b730	00b3b743	20
00b3b747	00b3b75d	23
00b3b760	00b3b773	20
00b3b777	00b3b78d	23
00b3b790	00b3b7a3	20
00b3b7a7	00b3b7bd	23
00b3b7c0	00b3b7d3	20
00b3b7d7	00b3b7ed	23
00b3b7f0	00b3b803	20
00b3b807	00b3b81d	23
00b3b820	00b3b833	20
00b3b837	00b3b84d	23
00b3b850	00b3b863	20
00b3b867	00b3b87d	23
00b3b880	00b3b893	20
00b3b897	00b3b8ad	23
00b3b8b0	00b3b8c3	20
00b3b8c7	00b3b8dd	23
00b3b8e0	00b3b8f3	20
00b3b8f7	00b3b90d	23
00b3b910	00b3b923	20
00b3b927	00b3b93d	23
00b3b940	00b3b953	20
00b3b957	00b3b96d	23
00b3b970	00b3b983	20
00b3b987	00b3b99d	23
00b3b9a0	00b3b9b3	20
00b3b9b7	00b3b9cd	23
00b3b9d0	00b3b9e3	20
00b3b9e7	00b3b9fd	23
00b3ba00	00b3ba13	20
00b3ba17	00b3ba2d	23
00b3ba30	00b3ba43	20
00b3ba47	00b3ba5d	23
00b3ba60	00b3ba73	20
00b3ba77	00b3ba8d	23
00b3ba90	00b3baa3	20
00b3baa7	00b3babd	23
00b3bac0	00b3bad3	20
00b3bad7	00b3baed	23
00b3baf0	00b3bb03	20
00b3bb07	00b3bb1d	23
00b3bb20	00b3bb33	20
00b3bb37	00b3bb4d	23
00b3bb50	00b3bb63	20
00b3bb67	00b3bb7d	23
00b3bb80	00b3bb93	20
00b3bb97	00b3bbad	23
00b3bbb0	00b3bbc3	20
00b3bbc7	00b3bbdd	23
00b3bc40	00b3bc53	20
00b3bc57	00b3bc77	33
00b3bc80	00b3bc93	20
00b3bc97	00b3bcb7	33
00b3bcc0	00b3bcd3	20
00b3bcd7	00b3bcf7	33
00b3bd00	00b3bd13	20
00b3bd17	00b3bd37	33
00b3bd40	00b3bd53	20
00b3bd57	00b3bd77	33
00b3bd80	00b3bd93	20
00b3bd97	00b3bdb7	33
00b3bdc0	00b3bdd3	20
00b3bdd7	00b3bdf7	33
00b3be00	00b3be13	20
00b3be17	00b3be2d	23
00b3be30	00b3be44	21
00b3be60	00b3be6e	15
00b3be72	00b3be90	31
00b3bea0	00b3beae	15
00b3beb2	00b3bed0	31
00b3bee0	00b3beee	15
00b3bef2	00b3bf10	31
00b3bfe0	00b3bfee	15
00b3bff2	00b3c010	31
00b3c020	00b3c02a	11
00b3c030	00b3c03a	11
00b3c040	00b3c04a	11
00b3c050	00b3c05a	11
00b3c060	00b3c06a	11
00b3c070	00b3c07a	11
00b3c080	00b3c08a	11
00b3c090	00b3c09a	11
00b3c0a0	00b3c0aa	11
00b3c0b0	00b3c0ba	11
00b3c0c0	00b3c0ca	11
00b3c0d0	00b3c0da	11
00b3c0e0	00b3c0ea	11
00b3c0f0	00b3c0fa	11
00b3c100	00b3c10a	11
00b3c110	00b3c11a	11
00b3c120	00b3c12a	11
00b3c130	00b3c13a	11
00b3c140	00b3c14a	11
00b3c150	00b3c15a	11
00b3c160	00b3c16a	11
00b3c170	00b3c17a	11
00b3c180	00b3c18a	11
00b3c190	00b3c19a	11
00b3c1a0	00b3c1aa	11
00b3c1b0	00b3c1ba	11
00b3c1c0	00b3c1ca	11
00b3c1d0	00b3c1da	11
00b3c1e0	00b3c1ea	11
00b3c1f0	00b3c1fa	11
00b3c200	00b3c20a	11
00b3c210	00b3c21a	11
00b3c220	00b3c22a	11
00b3c230	00b3c23a	11
00b3c240	00b3c24a	11
00b3c250	00b3c25a	11
00b3c260	00b3c26a	11
00b3c270	00b3c27a	11
00b3c280	00b3c28a	11
00b3c290	00b3c29a	11
00b3c2a0	00b3c2aa	11
00b3c2b0	00b3c2ba	11
00b3c2c0	00b3c2ca	11
00b3c2d0	00b3c2da	11
00b3c2e0	00b3c2ea	11
00b3c2f0	00b3c2fa	11
00b3c300	00b3c30a	11
00b3c310	00b3c31a	11
00b3c320	00b3c32a	11
00b3c330	00b3c33a	11
00b3c340	00b3c34a	11
00b3c350	00b3c35a	11
00b3c360	00b3c36a	11
00b3c370	00b3c37a	11
00b3c380	00b3c38a	11
00b3c390	00b3c39a	11
00b3c3a0	00b3c3aa	11
00b3c3b0	00b3c3ba	11
00b3c3c0	00b3c3ca	11
00b3c3d0	00b3c3da	11
00b3c3e0	00b3c3ea	11
00b3c3f0	00b3c3fa	11
00b3c400	00b3c40a	11
00b3c410	00b3c41a	11
00b3c420	00b3c42a	11
00b3c430	00b3c43a	11
00b3c440	00b3c44a	11
00b3c450	00b3c45a	11
00b3c460	00b3c46a	11
00b3c470	00b3c47a	11
00b3c480	00b3c48a	11
00b3c490	00b3c49a	11
00b3c4a0	00b3c4aa	11
00b3c4b0	00b3c4ba	11
00b3c4c0	00b3c4ca	11
00b3c4d0	00b3c4da	11
00b3c4e0	00b3c4ea	11
00b3c4f0	00b3c4fa	11
00b3c500	00b3c50a	11
00b3c510	00b3c51a	11
00b3c520	00b3c52a	11
00b3c530	00b3c53a	11
00b3c540	00b3c54a	11
00b3c550	00b3c55a	11
00b3c560	00b3c56a	11
00b3c570	00b3c57a	11
00b3c580	00b3c58a	11
00b3c590	00b3c59a	11
00b3c5a0	00b3c5aa	11
00b3c5b0	00b3c5ba	11
00b3c5c0	00b3c5ca	11
00b3c5d0	00b3c5da	11
00b3c5e0	00b3c5ea	11
00b3c5f0	00b3c5fa	11
00b3c600	00b3c60a	11
00b3c610	00b3c61a	11
00b3c620	00b3c62a	11
00b3c630	00b3c63a	11
00b3c640	00b3c64a	11
00b3c650	00b3c65a	11
00b3c660	00b3c66a	11
00b3c670	00b3c67a	11
00b3c680	00b3c68a	11
00b3c690	00b3c69a	11
00b3c6a0	00b3c6aa	11
00b3c6b0	00b3c6ba	11
00b3c6c0	00b3c6ca	11
00b3c6d0	00b3c6da	11
00b3c6e0	00b3c6ea	11
00b3c6f0	00b3c6fa	11
00b3c700	00b3c70a	11
00b3c710	00b3c71a	11
00b3c720	00b3c72a	11
00b3c730	00b3c73a	11
00b3c740	00b3c74a	11
00b3c750	00b3c75a	11
00b3c760	00b3c76a	11
00b3c770	00b3c77a	11
00b3c780	00b3c78a	11
00b3c790	00b3c79a	11
00b3c7a0	00b3c7aa	11
00b3c7b0	00b3c7ba	11
00b3c7c0	00b3c7ca	11
00b3c7d0	00b3c7da	11
00b3c7e0	00b3c7ea	11
00b3c7f0	00b3c7fa	11
00b3c800	00b3c80a	11
00b3c810	00b3c81a	11
00b3c820	00b3c82a	11
00b3c830	00b3c83a	11
00b3c840	00b3c84a	11
00b3c850	00b3c85a	11
00b3c860	00b3c86a	11
00b3c870	00b3c87a	11
00b3c880	00b3c88a	11
00b3c890	00b3c89a	11
00b3c8a0	00b3c8aa	11
00b3c8b0	00b3c8ba	11
00b3c8c0	00b3c8ca	11
00b3c8d0	00b3c8da	11
00b3c8e0	00b3c8ea	11
00b3c8f0	00b3c8fa	11
00b3c900	00b3c90a	11
00b3c910	00b3c91a	11
00b3c920	00b3c92a	11
00b3c930	00b3c93a	11
00b3c940	00b3c94a	11
00b3c950	00b3c95a	11
00b3c960	00b3c96a	11
00b3c970	00b3c97a	11
00b3c980	00b3c98a	11
00b3c990	00b3c99a	11
00b3c9a0	00b3c9aa	11
00b3c9b0	00b3c9ba	11
00b3c9c0	00b3c9ca	11
00b3c9d0	00b3c9da	11
00b3c9e0	00b3c9ea	11
00b3c9f0	00b3c9fa	11
00b3ca00	00b3ca0a	11
00b3ca10	00b3ca1a	11
00b3ca20	00b3ca2a	11
00b3ca30	00b3ca3a	11
00b3ca40	00b3ca4a	11
00b3ca50	00b3ca5a	11
00b3ca60	00b3ca6a	11
00b3ca70	00b3ca7a	11
00b3ca80	00b3ca8a	11
00b3ca90	00b3ca9a	11
00b3caa0	00b3caaa	11
00b3cab0	00b3caba	11
00b3cac0	00b3caca	11
00b3cad0	00b3cada	11
00b3cae0	00b3caea	11
00b3caf0	00b3cafa	11
00b3cb00	00b3cb0a	11
00b3cb10	00b3cb1a	11
00b3cb20	00b3cb2a	11
00b3cb30	00b3cb3a	11
00b3cb40	00b3cb4a	11
00b3cb50	00b3cb5a	11
00b3cb60	00b3cb6a	11
00b3cb70	00b3cb7a	11
00b3cb80	00b3cb8a	11
00b3cb90	00b3cb9a	11
00b3cba0	00b3cbaa	11
00b3cbb0	00b3cbba	11
00b3cbc0	00b3cbca	11
00b3cbd0	00b3cbda	11
00b3cbe0	00b3cbea	11
00b3cbf0	00b3cbfa	11
00b3cc00	00b3cc0a	11
00b3cc10	00b3cc1a	11
00b3cc20	00b3cc2a	11
00b3cc30	00b3cc3a	11
00b3cc40	00b3cc4a	11
00b3cc50	00b3cc5a	11
00b3cc60	00b3cc6a	11
00b3cc70	00b3cc7a	11
00b3cc80	00b3cc8a	11
00b3cc90	00b3cc9a	11
00b3cca0	00b3ccaa	11
00b3ccb0	00b3ccba	11
00b3ccc0	00b3ccca	11
00b3ccd0	00b3ccda	11
00b3cce0	00b3ccea	11
00b3ccf0	00b3ccfa	11
00b3cd00	00b3cd0a	11
00b3cd10	00b3cd1a	11
00b3cd20	00b3cd2a	11
00b3cd30	00b3cd3a	11
00b3cd40	00b3cd4a	11
00b3cd50	00b3cd5a	11
00b3cd60	00b3cd6a	11
00b3cd70	00b3cd7a	11
00b3cd80	00b3cd8a	11
00b3cd90	00b3cd9a	11
00b3cda0	00b3cdaa	11
00b3cdb0	00b3cdba	11
00b3cdc0	00b3cdca	11
00b3cdd0	00b3cdda	11
00b3cde0	00b3cdea	11
00b3cdf0	00b3cdfa	11
00b3ce00	00b3ce0a	11
00b3ce10	00b3ce1a	11
00b3ce20	00b3ce2a	11
00b3ce30	00b3ce3a	11
00b3ce40	00b3ce4a	11
00b3ce50	00b3ce5a	11
00b3ce60	00b3ce6a	11
00b3ce70	00b3ce7a	11
00b3ce80	00b3ce8a	11
00b3ce90	00b3ce9a	11
00b3cea0	00b3ceaa	11
00b3ceb0	00b3ceba	11
00b3cec0	00b3ceca	11
00b3ced0	00b3ceda	11
00b3cee0	00b3ceea	11
00b3cef0	00b3cefa	11
00b3cf00	00b3cf0a	11
00b3cf10	00b3cf1a	11
00b3cf20	00b3cf2a	11
00b3cf30	00b3cf3a	11
00b3cf40	00b3cf4a	11
00b3cf50	00b3cf5a	11
00b3cf60	00b3cf6a	11
00b3cf70	00b3cf7a	11
00b3cf80	00b3cf8a	11
00b3cf90	00b3cf9a	11
00b3cfa0	00b3cfaa	11
00b3cfb0	00b3cfba	11
00b3cfc0	00b3cfca	11
00b3cfd0	00b3cfda	11
00b3cfe0	00b3cfea	11
00b3cff0	00b3cffa	11
00b3d000	00b3d00a	11
00b3d010	00b3d01a	11
00b3d020	00b3d02a	11
00b3d030	00b3d03a	11
00b3d040	00b3d04a	11
00b3d050	00b3d05a	11
00b3d060	00b3d06a	11
00b3d070	00b3d07a	11
00b3d080	00b3d08a	11
00b3d090	00b3d09a	11
00b3d0a0	00b3d0aa	11
00b3d0b0	00b3d0ba	11
00b3d0c0	00b3d0ca	11
00b3d0d0	00b3d0da	11
00b3d0e0	00b3d0ea	11
00b3d0f0	00b3d0fa	11
00b3d100	00b3d10a	11
00b3d110	00b3d11a	11
00b3d120	00b3d12a	11
00b3d130	00b3d13a	11
00b3d140	00b3d14a	11
00b3d150	00b3d15a	11
00b3d160	00b3d16a	11
00b3d170	00b3d17a	11
00b3d180	00b3d18a	11
00b3d190	00b3d19a	11
00b3d1a0	00b3d1aa	11
00b3d1b0	00b3d1ba	11
00b3d1c0	00b3d1ca	11
00b3d1d0	00b3d1da	11
00b3d1e0	00b3d1ea	11
00b3d1f0	00b3d1fa	11
00b3d200	00b3d20a	11
00b3d210	00b3d21a	11
00b3d220	00b3d22a	11
00b3d230	00b3d23a	11
00b3d240	00b3d24a	11
00b3d250	00b3d25a	11
00b3d260	00b3d26a	11
00b3d270	00b3d27a	11
00b3d280	00b3d28a	11
00b3d290	00b3d29a	11
00b3d2a0	00b3d2aa	11
00b3d2b0	00b3d2ba	11
00b3d2c0	00b3d2ca	11
00b3d2d0	00b3d2da	11
00b3d2e0	00b3d2ea	11
00b3d2f0	00b3d2fa	11
00b3d300	00b3d30a	11
00b3d310	00b3d31a	11
00b3d320	00b3d32a	11
00b3d330	00b3d33a	11
00b3d340	00b3d34a	11
00b3d350	00b3d35a	11
00b3d360	00b3d36a	11
00b3d370	00b3d37a	11
00b3d380	00b3d38a	11
00b3d390	00b3d39a	11
00b3d3a0	00b3d3aa	11
00b3d3b0	00b3d3ba	11
00b3d3c0	00b3d3ca	11
00b3d3d0	00b3d3da	11
00b3d3e0	00b3d3ea	11
00b3d3f0	00b3d3fa	11
00b3d400	00b3d40a	11
00b3d410	00b3d41a	11
00b3d420	00b3d42a	11
00b3d430	00b3d43a	11
00b3d440	00b3d44a	11
00b3d450	00b3d45a	11
00b3d460	00b3d46a	11
00b3d470	00b3d47a	11
00b3d480	00b3d48a	11
00b3d490	00b3d49a	11
00b3d4a0	00b3d4aa	11
00b3d4b0	00b3d4ba	11
00b3d4c0	00b3d4ca	11
00b3d4d0	00b3d4da	11
00b3d4e0	00b3d4ea	11
00b3d4f0	00b3d4fa	11
00b3d500	00b3d50a	11
00b3d510	00b3d51a	11
00b3d520	00b3d52a	11
00b3d530	00b3d53a	11
00b3d540	00b3d54a	11
00b3d550	00b3d55a	11
00b3d560	00b3d56a	11
00b3d570	00b3d57a	11
00b3d580	00b3d58a	11
00b3d590	00b3d59a	11
00b3d5a0	00b3d5aa	11
00b3d5b0	00b3d5ba	11
00b3d5c0	00b3d5ca	11
00b3d5d0	00b3d5da	11
00b3d5e0	00b3d5ea	11
00b3d5f0	00b3d5fa	11
00b3d600	00b3d60a	11
00b3d610	00b3d61a	11
00b3d620	00b3d62a	11
00b3d630	00b3d63a	11
00b3d640	00b3d64a	11
00b3d650	00b3d65a	11
00b3d660	00b3d66a	11
00b3d670	00b3d67a	11
00b3d680	00b3d68a	11
00b3d690	00b3d6a3	20
00b3d6a7	00b3d6bd	23
00b3d6c0	00b3d6d3	20
00b3d6d7	00b3d6ed	23
00b3d6f0	00b3d703	20
00b3d707	00b3d71d	23
00b3d720	00b3d733	20
00b3d737	00b3d74d	23
00b3d750	00b3d763	20
00b3d767	00b3d77d	23
00b3d780	00b3d793	20
00b3d797	00b3d7ad	23
00b3d7b0	00b3d7c3	20
00b3d7c7	00b3d7dd	23
00b3d7e0	00b3d7f3	20
00b3d7f7	00b3d80d	23
00b3d810	00b3d823	20
00b3d827	00b3d83d	23
00b3d840	00b3d853	20
00b3d857	00b3d86d	23
00b3d870	00b3d883	20
00b3d887	00b3d89d	23
00b3d8a0	00b3d8b3	20
00b3d8b7	00b3d8cd	23
00b3d8d0	00b3d8e3	20
00b3d8e7	00b3d8fd	23
00b3d900	00b3d913	20
00b3d917	00b3d92d	23
00b3d930	00b3d943	20
00b3d947	00b3d95d	23
00b3d960	00b3d973	20
00b3d977	00b3d98d	23
00b3d990	00b3d9a3	20
00b3d9a7	00b3d9bd	23
00b3d9c0	00b3d9d3	20
00b3d9d7	00b3d9ed	23
00b3d9f0	00b3da03	20
00b3da07	00b3da1d	23
00b3da20	00b3da33	20
00b3da37	00b3da4d	23
00b3da50	00b3da63	20
00b3da67	00b3da7d	23
00b3da80	00b3da93	20
00b3da97	00b3daad	23
00b3dab0	00b3dac3	20
00b3dac7	00b3dadd	23
00b3dae0	00b3daf3	20
00b3daf7	00b3db0d	23
00b3db10	00b3db23	20
00b3db27	00b3db3d	23
00b3db40	00b3db53	20
00b3db57	00b3db6d	23
00b3db70	00b3db83	20
00b3db87	00b3db9d	23
00b3dba0	00b3dbb3	20
00b3dbb7	00b3dbcd	23
00b3dbd0	00b3dbe3	20
00b3dbe7	00b3dbfd	23
00b3dc00	00b3dc13	20
00b3dc17	00b3dc2d	23
00b3dc30	00b3dc43	20
00b3dc47	00b3dc5d	23
00b3dc60	00b3dc73	20
00b3dc77	00b3dc8d	23
00b3dc90	00b3dca3	20
00b3dca7	00b3dcbd	23
00b3dcc0	00b3dcd3	20
00b3dcd7	00b3dced	23
00b3dcf0	00b3dd03	20
00b3dd07	00b3dd1d	23
00b3dd20	00b3dd33	20
00b3dd37	00b3dd4d	23
00b3dd50	00b3dd63	20
00b3dd67	00b3dd7d	23
00b3dd80	00b3dd93	20
00b3dd97	00b3ddad	23
00b3ddb0	00b3ddc3	20
00b3ddc7	00b3dddd	23
00b3dde0	00b3ddf3	20
00b3ddf7	00b3de0d	23
00b3de10	00b3de23	20
00b3de27	00b3de3d	23
00b3de40	00b3de53	20
00b3de57	00b3de6d	23
00b3de70	00b3de83	20
00b3de87	00b3de9d	23
00b3dea0	00b3deb3	20
00b3deb7	00b3decd	23
00b3ded0	00b3dee3	20
00b3dee7	00b3defd	23
00b3df00	00b3df13	20
00b3df17	00b3df2d	23
00b3df30	00b3df43	20
00b3df47	00b3df5d	23
00b3df60	00b3df73	20
00b3df77	00b3df8d	23
00b3df90	00b3dfa3	20
00b3dfa7	00b3dfbd	23
00b3dfc0	00b3dfd3	20
00b3dfd7	00b3dfed	23
00b3dff0	00b3e003	20
00b3e007	00b3e01d	23
00b3e020	00b3e033	20
00b3e037	00b3e04d	23
00b3e050	00b3e063	20
00b3e067	00b3e07d	23
00b3e080	00b3e093	20
00b3e097	00b3e0ad	23
00b3e0b0	00b3e0c3	20
00b3e0c7	00b3e0dd	23
00b3e0e0	00b3e0f3	20
00b3e0f7	00b3e10d	23
00b3e110	00b3e123	20
00b3e127	00b3e13d	23
00b3e140	00b3e153	20
00b3e157	00b3e16d	23
00b3e170	00b3e183	20
00b3e187	00b3e19d	23
00b3e1a0	00b3e1b3	20
00b3e1b7	00b3e1cd	23
00b3e1d0	00b3e1e3	20
00b3e1e7	00b3e1fd	23
00b3e200	00b3e213	20
00b3e217	00b3e22d	23
00b3e230	00b3e243	20
00b3e247	00b3e25d	23
00b3e260	00b3e273	20
00b3e277	00b3e28d	23
00b3e290	00b3e2a3	20
00b3e2a7	00b3e2bd	23
00b3e2c0	00b3e2d3	20
00b3e2d7	00b3e2ed	23
00b3e2f0	00b3e303	20
00b3e307	00b3e31d	23
00b3e320	00b3e333	20
00b3e337	00b3e34d	23
00b3e350	00b3e363	20
00b3e367	00b3e37d	23
00b3e380	00b3e393	20
00b3e397	00b3e3ad	23
00b3e3b0	00b3e3c3	20
00b3e3c7	00b3e3dd	23
00b3e3e0	00b3e3f3	20
00b3e3f7	00b3e40d	23
00b3e410	00b3e423	20
00b3e427	00b3e43d	23
00b3e440	00b3e453	20
00b3e457	00b3e46d	23
00b3e470	00b3e483	20
00b3e487	00b3e49d	23
00b3e4a0	00b3e4b3	20
00b3e4b7	00b3e4cd	23
00b3e4d0	00b3e4e3	20
00b3e4e7	00b3e4fd	23
00b3e500	00b3e513	20
00b3e517	00b3e52d	23
00b3e530	00b3e543	20
00b3e547	00b3e55d	23
00b3e560	00b3e573	20
00b3e577	00b3e58d	23
00b3e590	00b3e5a3	20
00b3e5a7	00b3e5bd	23
00b3e5c0	00b3e5d3	20
00b3e5d7	00b3e5ed	23
00b3e5f0	00b3e603	20
00b3e607	00b3e61d	23
00b3e620	00b3e633	20
00b3e637	00b3e64d	23
00b3e650	00b3e663	20
00b3e667	00b3e67d	23
00b3e680	00b3e693	20
00b3e697	00b3e6ad	23
00b3e6b0	00b3e6c3	20
00b3e6c7	00b3e6dd	23
00b3e6e0	00b3e6f3	20
00b3e6f7	00b3e70d	23
00b3e710	00b3e723	20
00b3e727	00b3e73d	23
00b3e740	00b3e753	20
00b3e757	00b3e76d	23
00b3e770	00b3e783	20
00b3e787	00b3e79d	23
00b3e7a0	00b3e7b3	20
00b3e7b7	00b3e7cd	23
00b3e7d0	00b3e7e3	20
00b3e7e7	00b3e7fd	23
00b3e800	00b3e813	20
00b3e817	00b3e82d	23
00b3e830	00b3e843	20
00b3e847	00b3e85d	23
00b3e860	00b3e873	20
00b3e877	00b3e88d	23
00b3e890	00b3e8a3	20
00b3e8a7	00b3e8bd	23
00b3e8c0	00b3e8d3	20
00b3e8d7	00b3e8ed	23
00b3e8f0	00b3e903	20
00b3e907	00b3e91d	23
00b3e920	00b3e933	20
00b3e937	00b3e94d	23
00b3e950	00b3e963	20
00b3e967	00b3e97d	23
00b3e980	00b3e993	20
00b3e997	00b3e9ad	23
00b3e9b0	00b3e9c3	20
00b3e9c7	00b3e9dd	23
00b3e9e0	00b3e9f3	20
00b3e9f7	00b3ea0d	23
00b3ea10	00b3ea23	20
00b3ea27	00b3ea3d	23
00b3ea40	00b3ea53	20
00b3ea57	00b3ea6d	23
00b3ea70	00b3ea83	20
00b3ea87	00b3ea9d	23
00b3eaa0	00b3eab3	20
00b3eab7	00b3eacd	23
00b3ead0	00b3eae3	20
00b3eae7	00b3eafd	23
00b3eb60	00b3eb73	20
00b3eb77	00b3eb97	33
00b3eba0	00b3ebb3	20
00b3ebb7	00b3ebd7	33
00b3ebe0	00b3ebf3	20
00b3ebf7	00b3ec17	33
00b3ec20	00b3ec33	20
00b3ec37	00b3ec57	33
00b3ec60	00b3ec73	20
00b3ec77	00b3ec97	33
00b3eca0	00b3ecb3	20
00b3ecb7	00b3ecd7	33
00b3ece0	00b3ecf3	20
00b3ecf7	00b3ed17	33
00b3ed20	00b3ed33	20
00b3ed37	00b3ed57	33
00b3ed60	00b3ed73	20
00b3ed77	00b3ed97	33
00b3eda0	00b3edb3	20
00b3edb7	00b3edd7	33
00b3ede0	00b3edf3	20
00b3edf7	00b3ee17	33
00b3ee20	00b3ee33	20
00b3ee37	00b3ee57	33
00b3ee60	00b3ee73	20
00b3ee77	00b3ee97	33
00b3eea0	00b3eeb3	20
00b3eeb7	00b3eed7	33
00b3eee0	00b3eef3	20
00b3eef7	00b3ef17	33
00b3ef20	00b3ef33	20
00b3ef37	00b3ef57	33
00b3ef60	00b3ef73	20
00b3ef77	00b3ef97	33
00b3efa0	00b3efb3	20
00b3efb7	00b3efd7	33
00b3efe0	00b3eff3	20
00b3eff7	00b3f017	33
00b3f020	00b3f033	20
00b3f037	00b3f057	33
00b3f060	00b3f069	10
00b3f070	00b3f079	10
00b3f080	00b3f093	20
00b3f097	00b3f0b7	33
00b3f0c0	00b3f0d3	20
00b3f0d7	00b3f0f7	33
00b3f100	00b3f113	20
00b3f117	00b3f137	33
00b3f140	00b3f153	20
00b3f157	00b3f177	33
00b3f180	00b3f193	20
00b3f197	00b3f1b7	33
00b3f1c0	00b3f1d3	20
00b3f1d7	00b3f1f7	33
00b3f200	00b3f213	20
00b3f217	00b3f237	33
00b3f240	00b3f253	20
00b3f257	00b3f277	33
00b3f280	00b3f293	20
00b3f297	00b3f2b7	33
00b3f2c0	00b3f2d3	20
00b3f2d7	00b3f2f7	33
00b3f300	00b3f313	20
00b3f317	00b3f337	33
00b3f340	00b3f353	20
00b3f357	00b3f377	33
00b3f380	00b3f393	20
00b3f397	00b3f3b7	33
00b3f3c0	00b3f3d3	20
00b3f3d7	00b3f3f7	33
00b3f400	00b3f413	20
00b3f417	00b3f437	33
00b3f440	00b3f453	20
00b3f457	00b3f477	33
00b3f480	00b3f493	20
00b3f497	00b3f4b7	33
00b3f4c0	00b3f4d3	20
00b3f4d7	00b3f4f7	33
00b3f500	00b3f513	20
00b3f517	00b3f537	33
00b3f540	00b3f553	20
00b3f557	00b3f577	33
00b3f580	00b3f593	20
00b3f597	00b3f5b7	33
00b3f5c0	00b3f5d3	20
00b3f5d7	00b3f5f7	33
00b3f600	00b3f613	20
00b3f617	00b3f637	33
00b3f640	00b3f653	20
00b3f657	00b3f677	33
00b3f680	00b3f693	20
00b3f697	00b3f6b7	33
00b3f6c0	00b3f6d3	20
00b3f6d7	00b3f6f7	33
00b3f700	00b3f713	20
00b3f717	00b3f737	33
00b3f740	00b3f753	20
00b3f757	00b3f777	33
00b3f780	00b3f793	20
00b3f797	00b3f7b7	33
00b3f7c0	00b3f7d3	20
00b3f7d7	00b3f7f7	33
00b3f800	00b3f813	20
00b3f817	00b3f837	33
00b3f840	00b3f853	20
00b3f857	00b3f877	33
00b3f880	00b3f893	20
00b3f897	00b3f8b7	33
00b3f8c0	00b3f8d3	20
00b3f8d7	00b3f8f7	33
00b3f900	00b3f913	20
00b3f917	00b3f937	33
00b3f940	00b3f953	20
00b3f957	00b3f977	33
00b3f980	00b3f993	20
00b3f997	00b3f9b7	33
00b3f9c0	00b3f9d3	20
00b3f9d7	00b3f9f7	33
00b3fa00	00b3fa13	20
00b3fa17	00b3fa37	33
00b3fa40	00b3fa53	20
00b3fa57	00b3fa77	33
00b3fa80	00b3fa93	20
00b3fa97	00b3fab7	33
00b3fac0	00b3fad3	20
00b3fad7	00b3faf7	33
00b3fb00	00b3fb13	20
00b3fb17	00b3fb37	33
00b3fb40	00b3fb53	20
00b3fb57	00b3fb77	33
00b3fb80	00b3fb93	20
00b3fb97	00b3fbb7	33
00b3fbc0	00b3fbd3	20
00b3fbd7	00b3fbf7	33
00b3fc00	00b3fc13	20
00b3fc17	00b3fc37	33
00b3fc40	00b3fc53	20
00b3fc57	00b3fc77	33
00b3fc80	00b3fc93	20
00b3fc97	00b3fcb7	33
00b3fcc0	00b3fcd3	20
00b3fcd7	00b3fcf7	33
00b3fd00	00b3fd13	20
00b3fd17	00b3fd37	33
00b3fd40	00b3fd53	20
00b3fd57	00b3fd77	33
00b3fd80	00b3fd93	20
00b3fd97	00b3fdb7	33
00b3fdc0	00b3fdd3	20
00b3fdd7	00b3fdf7	33
00b3fe00	00b3fe13	20
00b3fe17	00b3fe37	33
00b3fe40	00b3fe53	20
00b3fe57	00b3fe77	33
00b3fe80	00b3fe93	20
00b3fe97	00b3feb7	33
00b3fec0	00b3fed3	20
00b3fed7	00b3fef7	33
00b3ff00	00b3ff13	20
00b3ff17	00b3ff37	33
00b3ff40	00b3ff53	20
00b3ff57	00b3ff77	33
00b3ff80	00b3ff93	20
00b3ff97	00b3ffb7	33
00b3ffc0	00b3ffca	11
00b3ffd0	00b3ffda	11
00b3ffe0	00b3ffea	11
00b3fff0	00b3fffa	11
00b40000	00b4000a	11
00b40010	00b4001a	11
00b40080	00b4008e	15
00b40092	00b400b0	31
00b400c0	00b400ce	15
00b400d2	00b400f0	31
00b40100	00b40109	10
00b40110	00b40119	10
00b40120	00b40129	10
00b40130	00b40139	10
00b40140	00b40149	10
00b40150	00b40163	20
00b40167	00b4017d	23
00b40180	00b40189	10
00b40190	00b4019e	15
00b401a2	00b401c0	31
00b401d0	00b401d9	10
00b401e0	00b401e9	10
00b401f0	00b401f9	10
00b40200	00b40209	10
00b40210	00b40219	10
00b40220	00b40229	10
00b40230	00b40239	10
00b40240	00b40249	10
00b40250	00b40259	10
00b40260	00b40269	10
00b40270	00b40279	10
00b40280	00b40289	10
00b40290	00b40299	10
00b402a0	00b402a9	10
00b402b0	00b402b9	10
00b402c0	00b402c9	10
00b402d0	00b402d9	10
00b402e0	00b402e9	10
00b402f0	00b402f9	10
00b40300	00b4030e	15
00b40312	00b40330	31
00b40340	00b40353	20
00b40357	00b4036d	23
00b40370	00b40379	10
00b40380	00b40389	10
00b40390	00b40399	10
00b403a0	00b403a9	10
00b403b0	00b403b9	10
00b403c0	00b403c9	10
00b403d0	00b403d9	10
00b403e0	00b403e9	10
00b403f0	00b403f9	10
00b40400	00b40409	10
00b40410	00b40419	10
00b40420	00b40429	10
00b40430	00b40439	10
00b40440	00b40449	10
00b40450	00b40459	10
00b40460	00b40469	10
00b40470	00b40479	10
00b40480	00b40489	10
00b40490	00b40499	10
00b404a0	00b404a9	10
00b404b0	00b404b9	10
00b404c0	00b404c9	10
00b404d0	00b404d9	10
00b404e0	00b404e9	10
00b404f0	00b404f9	10
00b40500	00b40509	10
00b40510	00b40519	10
00b40520	00b40529	10
00b40530	00b40539	10
00b40540	00b40549	10
00b40550	00b40559	10
00b40560	00b40569	10
00b40570	00b40579	10
00b40580	00b40589	10
00b40590	00b40599	10
00b405a0	00b405a9	10
00b405b0	00b405b9	10
00b405c0	00b405c9	10
00b405d0	00b405d9	10
00b405e0	00b405e9	10
00b405f0	00b405f9	10
00b40600	00b40609	10
00b40610	00b40619	10
00b40620	00b40629	10
00b40630	00b40639	10
00b40640	00b40649	10
00b40bc0	00b40bd3	20
00b40bd7	00b40bed	23
00b40bf0	00b40c03	20
00b40c07	00b40c1d	23
00b40c20	00b40c33	20
00b40c37	00b40c4d	23
00b40c50	00b40c63	20
00b40c67	00b40c7d	23
00b40c80	00b40c93	20
00b40c97	00b40cad	23
00b40cb0	00b40cc3	20
00b40cc7	00b40cdd	23
00b40ce0	00b40cf3	20
00b40cf7	00b40d0d	23
00b40d40	00b40d53	20
00b40d57	00b40d6d	23
00b40d70	00b40d83	20
00b40d87	00b40d9d	23
00b40da0	00b40db3	20
00b40db7	00b40dcd	23
00b41200	00b41213	20
00b41217	00b4122d	23
00b41230	00b41243	20
00b41247	00b4125d	23
00b41260	00b41273	20
00b41277	00b4128d	23
00b41290	00b412a3	20
00b412a7	00b412bd	23
00b412c0	00b412d3	20
00b412d7	00b412ed	23
00b412f0	00b41303	20
00b41307	00b4131d	23
00b41320	00b41333	20
00b41337	00b4134d	23
00b41350	00b41363	20
00b41367	00b4137d	23
00b41380	00b41393	20
00b41397	00b413ad	23
00b413b0	00b413c3	20
00b413c7	00b413dd	23
00b413e0	00b413f3	20
00b413f7	00b4140d	23
00b41410	00b41423	20
00b41427	00b4143d	23
00b41440	00b41453	20
00b41457	00b4146d	23
00b41470	00b41483	20
00b41487	00b4149d	23
00b414a0	00b414b3	20
00b414b7	00b414cd	23
00b41670	00b41683	20
00b41687	00b4169d	23
00b416a0	00b416b3	20
00b416b7	00b416cd	23
00b41700	00b4170e	15
00b41712	00b41730	31
00b41740	00b41753	20
00b41757	00b4176d	23
00b41770	00b41783	20
00b41787	00b4179d	23
00b417a0	00b417b3	20
00b417b7	00b417cd	23
00b417d0	00b417e3	20
00b417e7	00b417fd	23
00b41800	00b41813	20
00b41817	00b4182d	23
00b41830	00b41843	20
00b41847	00b4185d	23
00b41860	00b41873	20
00b41877	00b4188d	23
00b418d0	00b418e3	20
00b418e7	00b418fd	23
00b41900	00b41913	20
00b41917	00b4192d	23
00b41930	00b41943	20
00b41947	00b4195d	23
00b41960	00b41973	20
00b41977	00b4198d	23
00b41a20	00b41a4f	48
