target	pointer_location	status	body_bytes
00403460	00b42674	candidate_created	57
004034a0	00b42678	candidate_created	57
004034e0	00b4267c	candidate_created	57
00403970	00b42864	candidate_created	11
00403990	00b42878	candidate_created	17
004039b0	00b42880	candidate_created	7
004039c0	00b42884	candidate_created	7
00403c10	00b427e0	candidate_created	14
00403cc0	00b4287c	candidate_created	17
004045f0	00b42890	candidate_created	28
00404610	00b42898	candidate_created	105
004047b0	00b428e8	candidate_created	158
00404850	00b428ec	candidate_created	162
00404900	00b42930	candidate_created	42
00404930	00b428d8	candidate_created	81
00404990	00b428e0	candidate_created	97
00404a00	00b428f0	candidate_created	368
00404b70	00b428f4	candidate_created	231
00404c60	00b428c8	candidate_created	30
00404f10	00b42908	candidate_created	48
00405530	00b42950	candidate_created	21
00405580	00b42958	candidate_created	21
004055d0	00b42960	candidate_created	7
004055e0	00b4295c	candidate_created	37
00405610	00b42968	candidate_created	7
00405620	00b42964	candidate_created	37
00406470	00b42998	candidate_created	289
004076e0	00b42a08	candidate_created	28
00407700	00b42a10	candidate_created	153
00407920	00b42a88	candidate_created	322
00407c50	00b42a80	candidate_created	117
00407e50	00b42af8	candidate_created	322
00408130	00b42b70	candidate_created	61
00408170	00b42b78	candidate_created	153
004083e0	00b42ba0	candidate_created	30
00408430	00b42ba8	candidate_created	48
00408860	00b42b6c	candidate_created	14
00408870	00b42bf8	candidate_created	28
004094e0	00b42fe0	candidate_created	153
004096a0	00b43058	candidate_created	153
004099e0	00b431c8	candidate_created	153
00409c60	00b43240	candidate_created	33
00409c90	00b43248	candidate_created	250
00409ea0	00b432c0	candidate_created	28
00409ec0	00b432c8	candidate_created	153
0040a200	00b43330	candidate_created	28
0040a220	00b43338	candidate_created	153
0040a3d0	00b433a0	candidate_created	54
0040a410	00b433a8	candidate_created	153
0040a5c0	00b43420	candidate_created	54
0040a600	00b43428	candidate_created	153
0040a8b0	00b43520	candidate_created	76
0040a900	00b43528	candidate_created	153
0040aba0	00b435a0	candidate_created	351
0040b260	00b43610	candidate_created	212
0040b340	00b43618	candidate_created	573
0040b7f0	00b43688	candidate_created	781
0040bdd0	00b436e8	candidate_created	98
0040be40	00b436f0	candidate_created	220
0040bfa0	00b43760	candidate_created	28
0040c0d0	00b437d0	candidate_created	79
0040c120	00b437d8	candidate_created	220
0040c280	00b43840	candidate_created	28
0040c320	00b438b8	candidate_created	28
0040c450	00b43930	candidate_created	33
0040c480	00b43938	candidate_created	220
0040c670	00b439a0	candidate_created	33
0040c6a0	00b439a8	candidate_created	220
0040c890	00b43a18	candidate_created	33
0040c8c0	00b43a20	candidate_created	220
0040cab0	00b43a90	candidate_created	33
0040cae0	00b43a98	candidate_created	220
0040cdb0	00b43b18	candidate_created	274
0040ced0	00b43b20	candidate_created	569
0040d380	00b43b90	candidate_created	33
0040d3b0	00b43b98	candidate_created	220
0040d5a0	00b43c18	candidate_created	283
0040d850	00b43c90	candidate_created	283
0040db00	00b43d10	candidate_created	283
0040ddb0	00b4351c	candidate_created	14
0040ddc0	00b43d90	candidate_created	283
0040e180	00b43e88	candidate_created	220
0040e420	00b43ef8	candidate_created	67
0040e470	00b43f00	candidate_created	220
0040e660	00b43f78	candidate_created	69
0040e6b0	00b43f80	candidate_created	220
0040e920	00b43fe8	candidate_created	388
0040ec40	00b44048	candidate_created	27
0040ece0	00b440c0	candidate_created	27
0040ee10	00b44140	candidate_created	283
0040f2e0	00b441a8	candidate_created	32
0040f300	00b441b0	candidate_created	220
00410180	00b4425c	candidate_created	48
00410260	00b44254	candidate_created	48
004129e0	00b430c8	candidate_created	44
00412e50	00b44eb8	candidate_created	42
00412ef0	00b427cc	candidate_created	13
00412f90	00b44370	candidate_created	37
0041bb10	00ca6668	candidate_created	528
0041ff50	00b44d20	candidate_created	55
00420b70	00b44d38	candidate_created	69
00420bc0	00b44d40	candidate_created	57
00421020	00b44d30	candidate_created	101
00421730	00b44d1c	candidate_created	22
00421c90	00b44d10	candidate_created	37
00422010	00b44d6c	candidate_created	28
004236b0	00b44e64	candidate_created	28
004236d0	00b44e6c	candidate_created	8
004236e0	00b44e70	candidate_created	23
00423ed0	00b45614	candidate_created	65
00425ce0	00b4561c	candidate_created	28
00427f50	00b4560c	candidate_created	318
00433620	00b45c64	candidate_created	80
00441db0	00b44e94	candidate_created	18
00442a50	00b47604	candidate_created	12
00442b30	00b47610	candidate_created	329
00442e10	00b47680	candidate_created	222
00443000	00b476e8	candidate_created	67
00443050	00b476f0	candidate_created	153
00443310	00b47770	candidate_created	319
00443320	00b73170	absorbed	0
00443600	00b477e8	candidate_created	222
004437f0	00b47858	candidate_created	26
00443810	00b47860	candidate_created	153
004439c0	00b478d8	candidate_created	40
004439f0	00b478e0	candidate_created	153
00443df0	00b47958	candidate_created	483
004440f0	00b479c0	candidate_created	50
00444130	00b479c8	candidate_created	220
00444441	00bb0708	candidate_created	258
00444670	00b47ab8	candidate_created	27
004447a0	00b47764	candidate_created	20
004447c0	00b47b30	candidate_created	36
004447f0	00b47b38	candidate_created	220
004449e0	00b47ba0	candidate_created	36
00444a10	00b47ba8	candidate_created	220
00444c00	00b47c10	candidate_created	36
00444c30	00b47c18	candidate_created	220
00444e20	00b47c80	candidate_created	36
00444e50	00b47c88	candidate_created	220
00445040	00b47cf0	candidate_created	36
00445070	00b47cf8	candidate_created	220
00445260	00b47d60	candidate_created	36
00445290	00b47d68	candidate_created	220
00445480	00b47dd0	candidate_created	36
004454b0	00b47dd8	candidate_created	220
00445541	00c0b7ac	absorbed	0
004456a0	00b47e40	candidate_created	39
004456d0	00b47e48	candidate_created	220
004458c0	00b47eb8	candidate_created	39
004458f0	00b47ec0	candidate_created	220
00445b50	00b47f30	candidate_created	451
00445ea0	00b47fa8	candidate_created	451
004461f0	00b48020	candidate_created	451
004464d0	00b48098	candidate_created	39
00446500	00b480a0	candidate_created	220
004466f0	00b48110	candidate_created	39
00446720	00b48118	candidate_created	220
00446910	00b48188	candidate_created	39
00446940	00b48190	candidate_created	220
00446b30	00b48200	candidate_created	39
00446b60	00b48208	candidate_created	220
00446d50	00b48278	candidate_created	39
00446d80	00b48280	candidate_created	220
00446f70	00b482e8	candidate_created	39
00446fa0	00b482f0	candidate_created	220
00447190	00b48360	candidate_created	39
004471c0	00b48368	candidate_created	220
004473b0	00b483d8	candidate_created	39
004473e0	00b483e0	candidate_created	220
004475d0	00b48450	candidate_created	39
00447600	00b48458	candidate_created	220
004477f0	00b484c0	candidate_created	39
00447820	00b484c8	candidate_created	220
00447a80	00b48538	candidate_created	451
00447dd0	00b485b8	candidate_created	451
00448120	00b48630	candidate_created	451
00448400	00b486a8	candidate_created	67
00448450	00b486b0	candidate_created	220
004486e0	00b48730	candidate_created	283
00448910	00b48798	candidate_created	79
00448960	00b487a0	candidate_created	220
00448bd0	00b48818	candidate_created	283
00448e80	00b48890	candidate_created	283
00449130	00b48908	candidate_created	283
004493e0	00b48980	candidate_created	283
00449610	00b48a00	candidate_created	82
00449670	00b48a08	candidate_created	236
004498c0	00b48a80	candidate_created	82
00449920	00b48a88	candidate_created	283
00449c60	00b42c74	candidate_created	191
00449e80	00b48be8	candidate_created	220
0044a0c0	00b48c58	candidate_created	220
0044a2b0	00b48bdc	candidate_created	40
0044a330	00b48cd0	candidate_created	220
0044a490	00b48d40	candidate_created	45
0044a540	00b48db0	candidate_created	45
0044a730	00b48e28	candidate_created	283
0044a960	00b48e98	candidate_created	61
0044a9a0	00b48ea0	candidate_created	220
0044ab90	00b48f20	candidate_created	220
0044ac70	00b48f18	candidate_created	76
0044ade0	00b48f98	candidate_created	67
0044ae30	00b48fa0	candidate_created	220
0044af90	00b49008	candidate_created	33
0044b040	00b49078	candidate_created	33
0044b110	00b490ec	candidate_created	25
0044b2b0	00b49160	candidate_created	45
0044b2e0	00b49168	candidate_created	220
0044b4d0	00b491e0	candidate_created	45
0044b500	00b491e8	candidate_created	220
0044ba50	00b49268	candidate_created	781
0044bf00	00b492e8	candidate_created	283
0044c0a0	00b49368	candidate_created	39
0044c150	00b493e8	candidate_created	47
0044c290	00b49460	candidate_created	283
0044c5e0	00b494d8	candidate_created	39
0044c610	00b494e0	candidate_created	220
0044c800	00b49550	candidate_created	39
0044c830	00b49558	candidate_created	220
0044cbf0	00b49640	candidate_created	52
0044cc30	00b49648	candidate_created	553
0044cf70	00b496b8	candidate_created	83
0044cfd0	00b496c0	candidate_created	220
0044d1c0	00b49730	candidate_created	83
0044d220	00b49738	candidate_created	220
0044d410	00b497a8	candidate_created	83
0044d470	00b497b0	candidate_created	220
0044d760	00b49890	candidate_created	92
0044d7c0	00b49898	candidate_created	220
0044d9b0	00b49908	candidate_created	92
0044da10	00b49910	candidate_created	220
0044dc00	00b49980	candidate_created	47
0044dc30	00b49988	candidate_created	220
0044df20	00b49a80	candidate_created	92
0044df80	00b49a88	candidate_created	220
0044e170	00b49af8	candidate_created	83
0044e1d0	00b49b00	candidate_created	220
0044e3c0	00b49b70	candidate_created	79
0044e410	00b49b78	candidate_created	220
0044e600	00b49be8	candidate_created	67
0044e650	00b49bf0	candidate_created	220
0044e840	00b49c58	candidate_created	67
0044e890	00b49c60	candidate_created	220
0044ea80	00b49cd0	candidate_created	67
0044ead0	00b49cd8	candidate_created	220
0044ecc0	00b49d48	candidate_created	67
0044ed10	00b49d50	candidate_created	220
0044ef00	00b49dc0	candidate_created	67
0044ef50	00b49dc8	candidate_created	220
0044f140	00b49e40	candidate_created	67
0044f190	00b49e48	candidate_created	220
0044f380	00b49eb8	candidate_created	67
0044f3d0	00b49ec0	candidate_created	220
0044f5c0	00b49f30	candidate_created	91
0044f620	00b49f38	candidate_created	220
0044f780	00b49fa0	candidate_created	22
0044f910	00b4a030	candidate_created	283
0044fc70	00b4a0a8	candidate_created	283
0044ffc0	00b4a118	candidate_created	105
00450030	00b4a120	candidate_created	236
0045003e	00d389a8	absorbed	0
00450044	00d308f8	absorbed	0
00450270	00b4a190	candidate_created	105
004502e0	00b4a198	candidate_created	236
004504e0	00b4a208	candidate_created	105
00450550	00b4a210	candidate_created	236
00450750	00b4a280	candidate_created	105
004507c0	00b4a288	candidate_created	236
004508b0	00b4a194	candidate_created	241
00450ac0	00b4a2f8	candidate_created	105
00450b30	00b4a300	candidate_created	236
00450d30	00b4a36c	candidate_created	25
00450d50	00b4a370	candidate_created	85
00450db0	00b4a378	candidate_created	220
00450fa0	00b4a3e0	candidate_created	41
00450fd0	00b4a3e8	candidate_created	220
00451240	00b4a468	candidate_created	283
00451470	00b4a4e0	candidate_created	41
004514a0	00b4a4e8	candidate_created	220
00451700	00b4a560	candidate_created	71
00451750	00b4a568	candidate_created	404
00451a70	00b4a5e8	candidate_created	71
00451ac0	00b4a5f0	candidate_created	404
00451dd0	00b4a670	candidate_created	66
00451e20	00b4a678	candidate_created	388
00452120	00b4a6e8	candidate_created	66
00452170	00b4a6f0	candidate_created	388
00452410	00b4a760	candidate_created	47
00452440	00b4a768	candidate_created	220
00452630	00b4a7e0	candidate_created	39
00452660	00b4a7e8	candidate_created	220
00452850	00b4a858	candidate_created	39
00452880	00b4a860	candidate_created	220
00452a70	00b4a8d0	candidate_created	39
00452aa0	00b4a8d8	candidate_created	220
00452c90	00b4a950	candidate_created	39
00452cc0	00b4a958	candidate_created	220
00452eb0	00b4a9d0	candidate_created	39
00452ee0	00b4a9d8	candidate_created	220
004530d0	00b4aa50	candidate_created	39
00453100	00b4aa58	candidate_created	220
004532f0	00b4aad0	candidate_created	39
00453320	00b4aad8	candidate_created	220
00453510	00b4ab40	candidate_created	39
00453540	00b4ab48	candidate_created	220
00453730	00b4abc0	candidate_created	39
00453760	00b4abc8	candidate_created	220
00453950	00b4ac40	candidate_created	283
00453cc0	00b4acc0	candidate_created	283
00453ef0	00b4ad40	candidate_created	283
004541d0	00b4adb8	candidate_created	283
004544b0	00b4ae38	candidate_created	283
00454790	00b4aec0	candidate_created	283
00454ae0	00b4af40	candidate_created	451
00454c47	00b56118	absorbed	0
00454e80	00b4afa0	candidate_created	41
00454f49	00b73d0c	candidate_created	67
004551f0	00b4b010	candidate_created	781
00455345	00bbd23c	absorbed	0
00455441	00c0ae70	absorbed	0
004556f0	00b4b070	candidate_created	30
00455710	00b4b078	candidate_created	220
00455753	00bbc9c0	absorbed	0
00455900	00b4b0d8	candidate_created	33
00455930	00b4b0e0	candidate_created	220
00455be0	00b4b148	candidate_created	738
00456290	00b4b1b8	candidate_created	283
00456550	00b4b230	candidate_created	283
00456790	00b4b2a0	candidate_created	283
00456aa0	00b4b318	candidate_created	283
00456db0	00b4b390	candidate_created	283
004570c0	00b4b408	candidate_created	283
004573d0	00b4b480	candidate_created	283
00457820	00b4b4f8	candidate_created	513
00457ac0	00b4b570	candidate_created	38
00457c00	00b4b5f0	candidate_created	67
00457c50	00b4b5f8	candidate_created	220
00457d30	00b4b5f4	candidate_created	182
00457f10	00b4b668	candidate_created	283
004581f0	00b4b6d8	candidate_created	77
00458240	00b4b6e0	candidate_created	220
00458430	00b4b748	candidate_created	67
00458480	00b4b750	candidate_created	220
00458680	00b4b7c0	candidate_created	283
004589d0	00b4b830	candidate_created	283
00458d20	00b4b8a0	candidate_created	283
00459060	00b4b908	candidate_created	67
004590b0	00b4b910	candidate_created	220
004592a0	00b4b990	candidate_created	67
004592f0	00b4b998	candidate_created	220
004594e0	00b4ba10	candidate_created	79
00459530	00b4ba18	candidate_created	220
004597a0	00b4bb10	candidate_created	67
004597f0	00b4bb18	candidate_created	220
004599f0	00b4bb90	candidate_created	283
00459cb0	00b4bbf8	candidate_created	27
00459de0	00b4bc70	candidate_created	73
00459e30	00b4bc78	candidate_created	220
00459f10	00b4bb14	candidate_created	196
0045a0f0	00b4bce8	candidate_created	67
0045a140	00b4bcf0	candidate_created	220
0045a330	00b4bd60	candidate_created	77
0045a380	00b4bd68	candidate_created	220
0045a570	00b4bdd8	candidate_created	67
0045a5c0	00b4bde0	candidate_created	220
0045a7b0	00b4be50	candidate_created	67
0045a800	00b4be58	candidate_created	220
0045a9f0	00b4bec8	candidate_created	67
0045aa40	00b4bed0	candidate_created	220
0045ac30	00b4bf48	candidate_created	67
0045ac80	00b4bf50	candidate_created	220
0045ae70	00b4bfc0	candidate_created	67
0045aec0	00b4bfc8	candidate_created	220
0045b0b0	00b4c038	candidate_created	67
0045b100	00b4c040	candidate_created	220
0045b2f0	00b4c0b8	candidate_created	67
0045b340	00b4c0c0	candidate_created	220
0045b530	00b4c138	candidate_created	67
0045b580	00b4c140	candidate_created	220
0045b770	00b4c1b8	candidate_created	67
0045b7c0	00b4c1c0	candidate_created	220
0045b9b0	00b4c238	candidate_created	67
0045ba00	00b4c240	candidate_created	220
0045bbf0	00b4c2b0	candidate_created	67
0045bc40	00b4c2b8	candidate_created	220
0045be30	00b4c330	candidate_created	67
0045be80	00b4c338	candidate_created	220
0045c070	00b4c3a8	candidate_created	67
0045c0c0	00b4c3b0	candidate_created	220
0045c2b0	00b4c420	candidate_created	67
0045c300	00b4c428	candidate_created	220
0045c500	00b4c4a0	candidate_created	283
0045c850	00b4c518	candidate_created	283
0045cb90	00b4c590	candidate_created	73
0045cbe0	00b4c598	candidate_created	220
0045cdd0	00b4c610	candidate_created	67
0045ce20	00b4c618	candidate_created	220
0045d010	00b4c698	candidate_created	67
0045d060	00b4c6a0	candidate_created	220
0045d360	00b4c720	candidate_created	451
0045d640	00b4c798	candidate_created	63
0045d690	00b4c7a0	candidate_created	220
0045d880	00b4c818	candidate_created	67
0045d8d0	00b4c820	candidate_created	220
0045dac0	00b4c898	candidate_created	67
0045db10	00b4c8a0	candidate_created	220
0045dd00	00b4c918	candidate_created	67
0045dd50	00b4c920	candidate_created	220
0045df40	00b4c998	candidate_created	67
0045df90	00b4c9a0	candidate_created	220
0045e180	00b4ca18	candidate_created	67
0045e1d0	00b4ca20	candidate_created	220
0045e3c0	00b4ca98	candidate_created	67
0045e410	00b4caa0	candidate_created	220
0045e610	00b4cb20	candidate_created	283
0045e900	00b4cb98	candidate_created	283
0045ebe0	00b4cc08	candidate_created	67
0045ec30	00b4cc10	candidate_created	220
0045ee20	00b4cc88	candidate_created	67
0045ee70	00b4cc90	candidate_created	220
0045f060	00b4cd08	candidate_created	67
0045f0b0	00b4cd10	candidate_created	220
0045f2a0	00b4cd98	candidate_created	70
0045f2f0	00b4cda0	candidate_created	220
0045f3d0	00b4cd9c	candidate_created	182
0045f5a0	00b4ce20	candidate_created	67
0045f5f0	00b4ce28	candidate_created	220
0045f7e0	00b4ce98	candidate_created	67
0045f830	00b4cea0	candidate_created	220
0045fa20	00b4cf10	candidate_created	67
0045fa70	00b4cf18	candidate_created	220
0045fc60	00b4cf88	candidate_created	67
0045fcb0	00b4cf90	candidate_created	220
0045fea0	00b4d000	candidate_created	67
0045fef0	00b4d008	candidate_created	220
004600e0	00b4d080	candidate_created	67
00460130	00b4d088	candidate_created	220
00460320	00b4d108	candidate_created	67
00460370	00b4d110	candidate_created	220
00460570	00b4d198	candidate_created	283
004608b0	00b4d200	candidate_created	67
00460900	00b4d208	candidate_created	220
00460af0	00b4d270	candidate_created	67
00460b40	00b4d278	candidate_created	220
00460d30	00b4d2e8	candidate_created	67
00460d80	00b4d2f0	candidate_created	220
00460f70	00b4d360	candidate_created	67
00460fc0	00b4d368	candidate_created	220
004611b0	00b4d3e0	candidate_created	67
00461200	00b4d3e8	candidate_created	220
004612e0	00b496bc	candidate_created	187
004614b0	00b4d460	candidate_created	79
00461500	00b4d468	candidate_created	220
004616f0	00b476e4	candidate_created	14
00461700	00b4d4d8	candidate_created	77
00461750	00b4d4e0	candidate_created	220
00461940	00b4d550	candidate_created	67
00461990	00b4d558	candidate_created	220
00461b80	00b4d5c8	candidate_created	67
00461bd0	00b4d5d0	candidate_created	220
00461dc0	00b4d648	candidate_created	67
00461e10	00b4d650	candidate_created	220
00462000	00b4d6c0	candidate_created	67
00462050	00b4d6c8	candidate_created	220
00462240	00b4d730	candidate_created	67
00462290	00b4d738	candidate_created	220
004624e0	00b4d7a0	candidate_created	61
00462520	00b4d7a8	candidate_created	388
00462730	00b4ba88	candidate_created	28
00462860	00b4d890	candidate_created	67
004628b0	00b4d898	candidate_created	220
00462aa0	00b4d908	candidate_created	67
00462af0	00b4d910	candidate_created	220
00462d70	00b4d980	candidate_created	220
00462f60	00b4d9f0	candidate_created	55
00462fa0	00b4d9f8	candidate_created	220
00463190	00b4da60	candidate_created	52
004631d0	00b4da68	candidate_created	220
004634d0	00b4dad8	candidate_created	451
00463930	00b4db50	candidate_created	616
00463e30	00b4dbc8	candidate_created	616
004642c0	00b4dc38	candidate_created	451
004646b0	00b4dcb0	candidate_created	451
00464b40	00b4de10	candidate_created	61
00464b80	00b4de18	candidate_created	220
00464eb0	00b4de90	candidate_created	109
00464f20	00b4de98	candidate_created	718
00465370	00b4df10	candidate_created	451
00465443	00b474a0	absorbed	0
00465654	00b77550	candidate_created	107
00465a70	00b4dfa0	candidate_created	799
00465fb0	00b4e018	candidate_created	451
00466200	00b4e090	candidate_created	90
00466370	00b4e100	candidate_created	33
004663a0	00b4e108	candidate_created	220
00466590	00b4e178	candidate_created	33
004665c0	00b4e180	candidate_created	220
00466810	00b4e200	candidate_created	513
00466bd0	00b4e270	candidate_created	58
00466d90	00b4e2e8	candidate_created	451
004674b0	00b4e358	candidate_created	650
00467900	00b4e3d0	candidate_created	283
00467b80	00b4e440	candidate_created	220
00467de0	00b4da5c	candidate_created	40
00467e10	00b4e4b8	candidate_created	68
00467e60	00b4e4c0	candidate_created	388
00468170	00b4e540	candidate_created	71
004681c0	00b4e548	candidate_created	388
004684c0	00b4e5b8	candidate_created	63
00468500	00b4e5c0	candidate_created	388
004687a0	00b4e630	candidate_created	144
00468830	00b4e638	candidate_created	220
00468a20	00b4e6a8	candidate_created	144
00468ab0	00b4e6b0	candidate_created	220
00468ca0	00b4e728	candidate_created	144
00468d30	00b4e730	candidate_created	220
00468f20	00b4e798	candidate_created	144
00468fb0	00b4e7a0	candidate_created	220
004691a0	00b4e808	candidate_created	169
00469250	00b4e810	candidate_created	220
00469440	00b4e878	candidate_created	144
004694d0	00b4e880	candidate_created	220
00469720	00b4e8f0	candidate_created	81
00469780	00b4e8f8	candidate_created	388
00469a80	00b4e968	candidate_created	63
00469ac0	00b4e970	candidate_created	388
00469dc0	00b4e9e8	candidate_created	63
00469e00	00b4e9f0	candidate_created	388
0046a010	00b4ea68	candidate_created	48
0046a150	00b4eae0	candidate_created	144
0046a1e0	00b4eae8	candidate_created	220
0046a3d0	00b4eb58	candidate_created	144
0046a460	00b4eb60	candidate_created	224
0046a540	00b4eb5c	candidate_created	193
0046a780	00b4ebc8	candidate_created	81
0046a7e0	00b4ebd0	candidate_created	388
0046aa80	00b4ec48	candidate_created	61
0046aac0	00b4ec50	candidate_created	220
0046acb0	00b4ecb8	candidate_created	61
0046acf0	00b4ecc0	candidate_created	220
0046aee0	00b4ed30	candidate_created	61
0046af20	00b4ed38	candidate_created	220
0046b110	00b4eda8	candidate_created	144
0046b1a0	00b4edb0	candidate_created	220
0046b390	00b4ee28	candidate_created	144
0046b420	00b4ee30	candidate_created	220
0046b610	00b4eea8	candidate_created	54
0046b650	00b4eeb0	candidate_created	220
0046b900	00b4ef30	candidate_created	738
0046bff0	00b4efa0	candidate_created	738
0046c620	00b4f010	candidate_created	67
0046c670	00b4f018	candidate_created	220
0046c7d0	00b4f088	candidate_created	28
0046c900	00b4f100	candidate_created	33
0046c930	00b4f108	candidate_created	220
0046cc50	00b4f180	candidate_created	451
0046d060	00b4f1f8	candidate_created	451
0046d350	00b4f270	candidate_created	220
0046d5c0	00b4f2e8	candidate_created	144
0046d650	00b4f2f0	candidate_created	220
0046d840	00b4f358	candidate_created	144
0046d8d0	00b4f360	candidate_created	220
0046db50	00b4f3d8	candidate_created	220
0046de80	00b4f458	candidate_created	846
0046e5f0	00b4f4b8	candidate_created	135
0046e680	00b4f4c0	candidate_created	220
0046e870	00b4f538	candidate_created	135
0046e900	00b4f540	candidate_created	220
0046eaf0	00b4f5b8	candidate_created	155
0046eb90	00b4f5c0	candidate_created	220
0046ed80	00b4f640	candidate_created	135
0046ee10	00b4f648	candidate_created	220
0046f000	00b4f6b0	candidate_created	54
0046f040	00b4f6b8	candidate_created	220
0046f230	00b4f44c	candidate_created	40
0046f260	00b4f720	candidate_created	169
0046f310	00b4f728	candidate_created	220
0046f500	00b4f7a8	candidate_created	61
0046f540	00b4f7b0	candidate_created	220
0046f730	00b48e94	candidate_created	14
0046f740	00b4f820	candidate_created	61
0046f780	00b4f828	candidate_created	220
0046f970	00b4f898	candidate_created	67
0046f9c0	00b4f8a0	candidate_created	220
0046fbb0	00b4f908	candidate_created	67
0046fc00	00b4f910	candidate_created	220
0046fdf0	00b479bc	candidate_created	40
0046fe20	00b4f978	candidate_created	144
0046feb0	00b4f980	candidate_created	220
004700a0	00b4f9e8	candidate_created	145
004700a2	00d05314	absorbed	0
00470140	00b4f9f0	candidate_created	220
00470151	00d0500c	absorbed	0
00470330	00b4fa60	candidate_created	144
004703c0	00b4fa68	candidate_created	220
004705b0	00b4faf0	candidate_created	278
004707e0	00b4fb68	candidate_created	59
004709b0	00b4fbe0	candidate_created	220
00470ba0	00b4fc50	candidate_created	135
00470c30	00b4fc58	candidate_created	220
00470e20	00b4fcc8	candidate_created	67
00470e70	00b4fcd0	candidate_created	220
00471060	00b4fd40	candidate_created	54
004710a0	00b4fd48	candidate_created	220
00471290	00b4fdb8	candidate_created	135
00471320	00b4fdc0	candidate_created	220
00471510	00b4fe38	candidate_created	54
00471550	00b4fe40	candidate_created	220
004716b0	00b4feb0	candidate_created	30
004717e0	00b4ff30	candidate_created	220
004719d0	00b4ffa8	candidate_created	220
00471bc0	00b50018	candidate_created	144
00471c50	00b50020	candidate_created	220
00471e40	00b50098	candidate_created	144
00471ed0	00b500a0	candidate_created	220
004720c0	00b50120	candidate_created	144
00472150	00b50128	candidate_created	220
00472340	00b50198	candidate_created	144
004723d0	00b501a0	candidate_created	220
004725c0	00b50210	candidate_created	144
00472650	00b50218	candidate_created	220
00472840	00b50290	candidate_created	144
004728d0	00b50298	candidate_created	220
00472ac0	00b50310	candidate_created	144
00472b50	00b50318	candidate_created	220
00472d40	00b50388	candidate_created	220
00472f30	00b50400	candidate_created	220
00473120	00b50468	candidate_created	220
00473310	00b504d8	candidate_created	220
004737c0	00b50630	candidate_created	738
00473bc0	00b506a0	candidate_created	144
00473c50	00b506a8	candidate_created	220
00473e40	00b50720	candidate_created	55
00473e80	00b50728	candidate_created	220
00474070	00b50798	candidate_created	55
004740b0	00b507a0	candidate_created	220
0047414d	00b5ed24	absorbed	0
004742a0	00b50818	candidate_created	220
00474490	00b50890	candidate_created	220
00474680	00b50900	candidate_created	144
00474710	00b50908	candidate_created	220
00474900	00b50980	candidate_created	144
00474990	00b50988	candidate_created	220
00474b80	00b509f8	candidate_created	144
00474c10	00b50a00	candidate_created	220
00474e00	00b50a70	candidate_created	144
00474e45	00bbd17c	absorbed	0
00474f46	00bc6090	candidate_created	38
00475080	00b50ae8	candidate_created	52
004750c0	00b50af0	candidate_created	220
00475220	00b50b60	candidate_created	38
004755a0	00b50be8	candidate_created	681
004758d0	00b50c58	candidate_created	28
00475970	00b50cd8	candidate_created	29
00475a10	00b50d58	candidate_created	30
00475bd0	00b50de0	candidate_created	220
00475e50	00b50e60	candidate_created	283
00475ff0	00b50ed0	candidate_created	48
004761e0	00b50f50	candidate_created	283
00476410	00b50fc0	candidate_created	144
004764a0	00b50fc8	candidate_created	220
00476690	00b51038	candidate_created	144
00476720	00b51040	candidate_created	220
00476910	00b510b8	candidate_created	144
004769a0	00b510c0	candidate_created	220
00476b90	00b51138	candidate_created	144
00476c20	00b51140	candidate_created	220
00476e10	00b511b0	candidate_created	144
00476ea0	00b511b8	candidate_created	220
00477090	00b51230	candidate_created	144
00477120	00b51238	candidate_created	220
00477310	00b512b0	candidate_created	144
004773a0	00b512b8	candidate_created	220
00477590	00b51320	candidate_created	74
004775e0	00b51328	candidate_created	220
00477860	00b51398	candidate_created	283
00477c00	00b51410	candidate_created	451
00478090	00b51480	candidate_created	513
00478440	00b514f8	candidate_created	283
004786f0	00b515e8	candidate_created	48
004789a0	00b51668	candidate_created	451
00478e30	00b516e0	candidate_created	513
004791e0	00b51758	candidate_created	283
004795e0	00b51850	candidate_created	738
00479c50	00b518b8	candidate_created	55
00479c90	00b518c0	candidate_created	220
00479f10	00b51928	candidate_created	220
0047a190	00b51998	candidate_created	220
0047a380	00b51a08	candidate_created	144
0047a410	00b51a10	candidate_created	220
0047a600	00b51a80	candidate_created	144
0047a690	00b51a88	candidate_created	220
0047a880	00b51af8	candidate_created	144
0047a910	00b51b00	candidate_created	220
0047ab80	00b4ff28	candidate_created	61
0047abc0	00b51be8	candidate_created	220
0047adb0	00b4ffa0	candidate_created	144
0047ae40	00b51c50	candidate_created	220
0047b030	00b51cb8	candidate_created	220
0047b220	00b51d20	candidate_created	220
0047b4a0	00b51d88	candidate_created	283
0047b6d0	00b51e00	candidate_created	220
0047b8c0	00b51e68	candidate_created	220
0047bab0	00b51ed0	candidate_created	220
0047bca0	00b51f38	candidate_created	220
0047be90	00b51fa0	candidate_created	220
0047c080	00b52008	candidate_created	220
0047c270	00b50380	candidate_created	144
0047c300	00b52070	candidate_created	220
0047c580	00b520d8	candidate_created	220
0047c800	00b52140	candidate_created	220
0047c960	00b50540	candidate_created	48
0047ca10	00b505b0	candidate_created	28
0047cc00	00b52278	candidate_created	738
0047d000	00b522e0	candidate_created	220
0047d1f0	00b52348	candidate_created	220
0047d3e0	00b50810	candidate_created	144
0047d470	00b523b0	candidate_created	220
0047d660	00b50888	candidate_created	144
0047d6f0	00b52418	candidate_created	220
0047d8e0	00b52478	candidate_created	79
0047d930	00b52480	candidate_created	220
0047db20	00b524f0	candidate_created	79
0047db70	00b524f8	candidate_created	220
0047dd60	00b52560	candidate_created	79
0047ddb0	00b52568	candidate_created	220
0047e020	00b525d8	candidate_created	236
0047e220	00b52640	candidate_created	92
0047e280	00b52648	candidate_created	220
0047e470	00b526b0	candidate_created	92
0047e4d0	00b526b8	candidate_created	220
0047e6c0	00b52730	candidate_created	92
0047e720	00b52738	candidate_created	220
0047e910	00b527a8	candidate_created	92
0047e970	00b527b0	candidate_created	220
0047eb60	00b52818	candidate_created	92
0047ebc0	00b52820	candidate_created	220
0047edb0	00b52890	candidate_created	92
0047ee10	00b52898	candidate_created	220
0047f000	00b5263c	candidate_created	20
0047f020	00b52900	candidate_created	92
0047f080	00b52908	candidate_created	220
0047f270	00b52970	candidate_created	79
0047f2c0	00b52978	candidate_created	220
0047f4b0	00b529e0	candidate_created	79
0047f500	00b529e8	candidate_created	220
0047f7f0	00b52a58	candidate_created	451
0047fa40	00b52ac0	candidate_created	33
0047fb80	00b52b3c	candidate_created	14
0047fb90	00b52b40	candidate_created	77
0047fbe0	00b52b48	candidate_created	220
0047fdd0	00b52bb0	candidate_created	79
0047fe20	00b52bb8	candidate_created	220
00480010	00b52c30	candidate_created	79
00480020	00bb73ac	absorbed	0
00480045	00d04fd8	absorbed	0
00480048	00d38340	absorbed	0
00480060	00b52c38	candidate_created	220
00480250	00b52ca0	candidate_created	67
004802a0	00b52ca8	candidate_created	220
00480510	00b52d20	candidate_created	236
004807a0	00b52d98	candidate_created	236
00480a20	00b52e18	candidate_created	236
00480ca0	00b52e90	candidate_created	236
00480f30	00b52f08	candidate_created	236
00481130	00b52f78	candidate_created	79
00481180	00b52f80	candidate_created	220
00481370	00b52ff0	candidate_created	70
004813c0	00b52ff8	candidate_created	220
004815b0	00b53070	candidate_created	79
00481600	00b53078	candidate_created	220
004817f0	00b530f0	candidate_created	77
00481840	00b530f8	candidate_created	220
00481a30	00b53160	candidate_created	79
00481a80	00b53168	candidate_created	220
00481c70	00b531dc	candidate_created	25
00481d40	00b531e8	candidate_created	236
00481ec0	00b531e4	candidate_created	182
004820f0	00b53258	candidate_created	220
004822e0	00b532c0	candidate_created	39
00482310	00b532c8	candidate_created	220
00482500	00b53338	candidate_created	85
00482560	00b53340	candidate_created	220
00482750	00b533b0	candidate_created	88
004827b0	00b533b8	candidate_created	220
004829a0	00b53428	candidate_created	85
00482a00	00b53430	candidate_created	220
00482bf0	00b534a0	candidate_created	85
00482c50	00b534a8	candidate_created	220
00482e40	00b53518	candidate_created	79
00482e90	00b53520	candidate_created	220
00482ff0	00b53590	candidate_created	28
00483120	00b53610	candidate_created	79
00483170	00b53618	candidate_created	220
004832d0	00b53688	candidate_created	28
00483370	00b53700	candidate_created	28
004834a0	00b53778	candidate_created	79
004834f0	00b53780	candidate_created	220
004836e0	00b537e8	candidate_created	70
00483730	00b537f0	candidate_created	220
00483920	00b53858	candidate_created	67
00483970	00b53860	candidate_created	220
00483b60	00b538d8	candidate_created	67
00483bb0	00b538e0	candidate_created	220
00483da0	00b53948	candidate_created	67
00483df0	00b53950	candidate_created	220
00483fe0	00b539c0	candidate_created	67
00484030	00b539c8	candidate_created	220
00484220	00b53a30	candidate_created	79
00484270	00b53a38	candidate_created	220
00484341	00be07ec	absorbed	0
00484460	00b53aa8	candidate_created	79
004844b0	00b53ab0	candidate_created	220
00484560	00bb872c	absorbed	0
00484720	00b53b28	candidate_created	220
004849a0	00b53b98	candidate_created	220
00484c10	00b53c00	candidate_created	220
00484e80	00b53c78	candidate_created	220
004850f0	00b53ce8	candidate_created	220
004852e0	00b53d48	candidate_created	129
00485370	00b53d50	candidate_created	220
00485449	00b76b88	absorbed	0
004854d0	00b53b1c	candidate_created	37
00485500	00b53db8	candidate_created	40
00485530	00b42764	candidate_created	28
00485550	00b47f28	candidate_created	149
004863d0	00b53ea8	candidate_created	28
00486560	00b53ee4	candidate_created	33
00486590	00b53ee0	candidate_created	30
00486630	00b53ef4	candidate_created	20
00486690	00b53efc	candidate_created	20
00486920	00b53f18	candidate_created	7
00486930	00b53f24	candidate_created	5
00486940	00b428f8	candidate_created	5
004869d0	00b53f2c	candidate_created	181
00486a90	00b53f30	candidate_created	177
00486b50	00b42934	candidate_created	42
00486b90	00b53f54	candidate_created	92
00486bf0	00b53f5c	candidate_created	102
00486c60	00b53f6c	candidate_created	401
00486e00	00b53f70	candidate_created	254
00486f00	00b53ebc	candidate_created	30
00486f70	00b53ecc	candidate_created	30
00486fc0	00b53ed4	candidate_created	48
00487220	00b42628	candidate_created	28
004877b0	00b53fac	candidate_created	48
00488a70	00b54000	candidate_created	5
00488a80	00b54004	candidate_created	5
00489f70	00b5400c	candidate_created	22
0048c100	00b541b4	candidate_created	86
0048c160	00b541b8	candidate_created	66
0048e7e0	00b54510	candidate_created	85
0048ec30	00b54500	candidate_created	85
004905b0	00b546f0	candidate_created	93
00494f45	00b73e80	candidate_created	1
004ae510	00b561d8	candidate_created	131
004ae660	00b561e4	candidate_created	8
004ae670	00b561e8	candidate_created	31
004ae8b0	00b44f44	candidate_created	18
004ae8d0	00b44f48	candidate_created	18
004aea00	00b5625c	candidate_created	17
004aea20	00b56260	candidate_created	66
004aea70	00b56268	candidate_created	105
004aeae0	00b56264	candidate_created	139
004aec80	00b562d8	candidate_created	66
004aecd0	00b562e0	candidate_created	153
004aee80	00b5634c	candidate_created	17
004aeea0	00b56350	candidate_created	33
004aeed0	00b56358	candidate_created	153
004af080	00b563c8	candidate_created	41
004af0b0	00b563d0	candidate_created	153
004af260	00b56448	candidate_created	222
004af4e0	00b564c0	candidate_created	222
004af760	00b56538	candidate_created	222
004af9e0	00b565b0	candidate_created	222
004afc60	00b56628	candidate_created	222
004afee0	00b566a0	candidate_created	222
004b0160	00b42894	candidate_created	22
004b0180	00b56718	candidate_created	222
004b0400	00b56790	candidate_created	222
004b0680	00b56808	candidate_created	222
004b0900	00b56890	candidate_created	222
004b0b80	00b56918	candidate_created	222
004b0e00	00b569a0	candidate_created	222
004b1080	00b563c4	candidate_created	14
004b1090	00b56a28	candidate_created	222
004b1310	00b56ab0	candidate_created	222
004b1590	00b56b38	candidate_created	222
004b1810	00b56bc0	candidate_created	222
004b1a90	00b56c48	candidate_created	222
004b1d10	00b56cd0	candidate_created	222
004b1f90	00b56d58	candidate_created	222
004b2210	00b56dd0	candidate_created	222
004b2490	00b56e48	candidate_created	222
004b2710	00b56eb8	candidate_created	222
004b2990	00b56f30	candidate_created	222
004b2c10	00b56fa8	candidate_created	44
004b2c40	00b56fb0	candidate_created	153
004b2df0	00b57018	candidate_created	44
004b2e20	00b57020	candidate_created	153
004b30a0	00b57090	candidate_created	49
004b30e0	00b57098	candidate_created	351
004b3350	00b57108	candidate_created	44
004b3380	00b57110	candidate_created	214
004b3570	00b57180	candidate_created	36
004b35a0	00b57188	candidate_created	220
004b3860	00b56fa4	candidate_created	17
004b3880	00b57200	candidate_created	77
004b38d0	00b57208	candidate_created	590
004b3c30	00b57288	candidate_created	283
004b3ef0	00b572f8	candidate_created	36
004b3f20	00b57300	candidate_created	220
004b4110	00b57370	candidate_created	36
004b4140	00b57378	candidate_created	220
004b4330	00b573f0	candidate_created	36
004b4360	00b573f8	candidate_created	220
004b4550	00b57470	candidate_created	36
004b4580	00b57478	candidate_created	220
004b4770	00b574f0	candidate_created	36
004b47a0	00b574f8	candidate_created	220
004b4a00	00b5756c	candidate_created	17
004b4a20	00b57578	candidate_created	451
004b4da0	00b575e4	candidate_created	17
004b4dc0	00b575e8	candidate_created	33
004b4df0	00b575f0	candidate_created	220
004b4fe0	00b57670	candidate_created	283
004b52a0	00b576e8	candidate_created	283
004b5560	00b57758	candidate_created	36
004b5590	00b57760	candidate_created	220
004b5780	00b577d8	candidate_created	36
004b57b0	00b577e0	candidate_created	220
004b59a0	00b5784c	candidate_created	17
004b59c0	00b57850	candidate_created	44
004b59f0	00b57858	candidate_created	220
004b5be0	00b578c0	candidate_created	36
004b5c10	00b578c8	candidate_created	220
004b5e00	00b57930	candidate_created	36
004b5e30	00b57938	candidate_created	220
004b6020	00b579a8	candidate_created	36
004b6050	00b579b0	candidate_created	220
004b6240	00b57a20	candidate_created	36
004b6270	00b57a28	candidate_created	220
004b6460	00b57a90	candidate_created	36
004b6490	00b57a98	candidate_created	220
004b6680	00b57b08	candidate_created	36
004b66b0	00b57b10	candidate_created	220
004b68a0	00b57b78	candidate_created	69
004b68f0	00b57b80	candidate_created	220
004b6ae0	00b57bf0	candidate_created	69
004b6b30	00b57bf8	candidate_created	220
004b6d20	00b57c60	candidate_created	67
004b6d70	00b57c68	candidate_created	220
004b6f60	00b57cd8	candidate_created	76
004b6fb0	00b57ce0	candidate_created	220
004b71a0	00b57d58	candidate_created	67
004b71f0	00b57d60	candidate_created	220
004b73e0	00b57dd0	candidate_created	79
004b7430	00b57dd8	candidate_created	220
004b7620	00b53250	candidate_created	44
004b7650	00b57e50	candidate_created	220
004b7840	00b57eb0	candidate_created	44
004b78f0	00b57eb8	candidate_created	220
004b7ae0	00b57f30	candidate_created	36
004b7b10	00b57f38	candidate_created	220
004b7d00	00b57fa8	candidate_created	36
004b7d30	00b57fb0	candidate_created	220
004b7f20	00b58020	candidate_created	36
004b7f50	00b58028	candidate_created	220
004b8140	00b58098	candidate_created	44
004b8170	00b580a0	candidate_created	220
004b8360	00b58110	candidate_created	36
004b8390	00b58118	candidate_created	220
004b8580	00b58188	candidate_created	36
004b85b0	00b58190	candidate_created	220
004b87a0	00b58200	candidate_created	44
004b87d0	00b58208	candidate_created	220
004b8b00	00b58280	candidate_created	57
004b8b40	00b58288	candidate_created	718
004b9060	00b582f8	candidate_created	57
004b90a0	00b58300	candidate_created	718
004b9480	00b58370	candidate_created	44
004b94b0	00b58378	candidate_created	220
004b96a0	00b583e8	candidate_created	44
004b96d0	00b583f0	candidate_created	220
004b98c0	00b529dc	candidate_created	17
004b98e0	00b58460	candidate_created	44
004b9910	00b58468	candidate_created	220
004b9b00	00b584d8	candidate_created	44
004b9b30	00b584e0	candidate_created	220
004b9d20	00b58558	candidate_created	44
004b9d50	00b58560	candidate_created	220
004b9f40	00b585d8	candidate_created	44
004b9f70	00b585e0	candidate_created	220
004ba160	00b58650	candidate_created	44
004ba190	00b58658	candidate_created	220
004ba380	00b586d0	candidate_created	44
004ba3b0	00b586d8	candidate_created	220
004ba5a0	00b58750	candidate_created	44
004ba5d0	00b58758	candidate_created	220
004ba7c0	00b584d4	candidate_created	17
004ba7e0	00b587d8	candidate_created	44
004ba810	00b587e0	candidate_created	220
004baa00	00b58858	candidate_created	44
004baa30	00b58860	candidate_created	220
004bac20	00b588d8	candidate_created	44
004bac50	00b588e0	candidate_created	220
004bae40	00b5894c	candidate_created	14
004bae50	00b58958	candidate_created	283
004bb110	00b589c0	candidate_created	39
004bb140	00b589c8	candidate_created	220
004bb330	00b58a38	candidate_created	39
004bb360	00b58a40	candidate_created	220
004bb550	00b58ab0	candidate_created	39
004bb580	00b58ab8	candidate_created	220
004bb770	00b58b38	candidate_created	283
004bba50	00b58ba8	candidate_created	39
004bba80	00b58bb0	candidate_created	220
004bbc70	00b589bc	candidate_created	19
004bbc90	00b58c20	candidate_created	39
004bbcc0	00b58c28	candidate_created	220
004bbeb0	00b58ca0	candidate_created	36
004bbee0	00b58ca8	candidate_created	220
004bc0d0	00b58d18	candidate_created	36
004bc100	00b58d20	candidate_created	220
004bc2f0	00b58d90	candidate_created	36
004bc320	00b58d98	candidate_created	220
004bc510	00b58c9c	candidate_created	19
004bc530	00b58e10	candidate_created	36
004bc560	00b58e18	candidate_created	220
004bc750	00b58e74	candidate_created	17
004bc770	00b58e80	candidate_created	283
004bca30	00b58ef8	candidate_created	283
004bccf0	00b58f70	candidate_created	283
004bcfb0	00b58fe8	candidate_created	283
004bd270	00b59060	candidate_created	283
004bd530	00b590d0	candidate_created	44
004bd560	00b590d8	candidate_created	220
004bd750	00b59150	candidate_created	44
004bd780	00b59158	candidate_created	220
004bd970	00b591d0	candidate_created	44
004bd9a0	00b591d8	candidate_created	220
004bdb90	00b59250	candidate_created	44
004bdbc0	00b59258	candidate_created	220
004bddb0	00b592d0	candidate_created	44
004bdde0	00b592d8	candidate_created	220
004bdfd0	00b59358	candidate_created	283
004be290	00b593c8	candidate_created	85
004be2f0	00b593d0	candidate_created	220
004be3d0	00b452c8	candidate_created	23
004be3f0	00b452cc	candidate_created	18
004be520	00b59458	candidate_created	33
004be550	00b59460	candidate_created	105
004be6d0	00b594c8	candidate_created	33
004be700	00b594d0	candidate_created	153
004be990	00b59540	candidate_created	71
004be9e0	00b59548	candidate_created	351
004bec50	00b59454	candidate_created	14
004bec60	00b595b0	candidate_created	41
004bec90	00b595b8	candidate_created	214
004bedc0	00b4552c	candidate_created	23
004bede0	00b45530	candidate_created	8
004bef90	00b59664	candidate_created	14
004befa0	00b59668	candidate_created	70
004beff0	00b59670	candidate_created	105
004bf060	00b5966c	candidate_created	139
004bf250	00b596e0	candidate_created	153
004bf450	00b59758	candidate_created	153
004bf600	00b597c8	candidate_created	105
004bf670	00b597d0	candidate_created	153
004bf820	00b59840	candidate_created	89
004bf880	00b59848	candidate_created	153
004bfa30	00b598b8	candidate_created	89
004bfa90	00b598c0	candidate_created	153
004bfc40	00b596d4	candidate_created	18
004bfc60	00b59930	candidate_created	89
004bfcc0	00b59938	candidate_created	153
004bfe70	00b599a8	candidate_created	70
004bfec0	00b599b0	candidate_created	153
004c0070	00b59a18	candidate_created	70
004c00c0	00b59a20	candidate_created	153
004c00e4	00d38a40	absorbed	0
004c0270	00b59a88	candidate_created	87
004c02d0	00b59a90	candidate_created	153
004c04e0	00b59af8	candidate_created	54
004c0520	00b59b00	candidate_created	250
004c07a0	00b59a84	candidate_created	18
004c07c0	00b59b78	candidate_created	319
004c0900	00b59b70	candidate_created	276
004c0c10	00b59bf0	candidate_created	431
004c0dc0	00b59be8	candidate_created	223
004c0f30	00b59c58	candidate_created	28
004c10e0	00b45550	candidate_created	18
004c1250	00b59d40	candidate_created	70
004c12a0	00b59d48	candidate_created	105
004c1310	00b59d44	candidate_created	139
004c14b0	00b59db0	candidate_created	70
004c1500	00b59db8	candidate_created	153
004c16b0	00b59e20	candidate_created	70
004c1700	00b59e28	candidate_created	153
004c18b0	00b59e88	candidate_created	70
004c1900	00b59e90	candidate_created	153
004c1ab0	00b59ef8	candidate_created	70
004c1b00	00b59f00	candidate_created	153
004c1cb0	00b59d3c	candidate_created	14
004c1cc0	00b59f68	candidate_created	70
004c1d10	00b59f70	candidate_created	153
004c1ec0	00b59fd8	candidate_created	33
004c1ef0	00b59fe0	candidate_created	153
004c20a0	00b5a048	candidate_created	39
004c20d0	00b5a050	candidate_created	153
004c2440	00b5a114	candidate_created	12
004c2450	00b5a118	candidate_created	72
004c24a0	00b5a120	candidate_created	105
004c2620	00b5a184	candidate_created	19
004c26a0	00b5a190	candidate_created	153
004c28d0	00b5a210	candidate_created	173
004c2aa0	00b5a280	candidate_created	222
004c2d80	00b5a2e8	candidate_created	85
004c2de0	00b5a2f0	candidate_created	153
004c2ff0	00b5a360	candidate_created	153
004c3200	00b5a3e0	candidate_created	153
004c3410	00b5a450	candidate_created	153
004c35c0	00b5a4c0	candidate_created	42
004c35f0	00b5a4c8	candidate_created	153
004c3710	00b5a530	candidate_created	29
004c3b40	00b5a708	candidate_created	57
004c3b80	00b5a710	candidate_created	173
004c3d40	00b5a780	candidate_created	57
004c3d80	00b5a788	candidate_created	173
004c3f40	00b5a800	candidate_created	46
004c3f70	00b5a808	candidate_created	153
004c4120	00b5a880	candidate_created	40
004c4150	00b5a888	candidate_created	153
004c4300	00b5a8f0	candidate_created	40
004c4330	00b5a8f8	candidate_created	153
004c4490	00b4413c	candidate_created	187
004c4542	00bbca44	absorbed	0
004c4720	00b5aa40	candidate_created	40
004c4750	00b5aa48	candidate_created	153
004c4900	00b5aac0	candidate_created	40
004c4930	00b5aac8	candidate_created	153
004c4ae0	00b5ab38	candidate_created	40
004c4b10	00b5ab40	candidate_created	153
004c4cc0	00b5abb0	candidate_created	40
004c4cf0	00b5abb8	candidate_created	153
004c4ea0	00b5a704	candidate_created	18
004c4f20	00b5ac38	candidate_created	153
004c5130	00b5acb8	candidate_created	153
004c5340	00b5ad30	candidate_created	153
004c5349	00bbc98c	absorbed	0
004c5550	00b5ada8	candidate_created	153
004c5730	00b5b49c	candidate_created	5
004c5740	00b5b4a0	candidate_created	5
004c8340	00b5b62c	candidate_created	151
004c8c50	00b5b640	candidate_created	102
004d2c80	00b5d01c	candidate_created	51
004d5345	00bbca10	candidate_created	1257
004e0aa0	00b5d46c	candidate_created	21
004e1840	00b5d470	candidate_created	4255
004e2b10	00b5d474	candidate_created	832
004e33e0	00b5d480	candidate_created	2576
004e6e90	00b5dc20	candidate_created	167
004f0750	00b5e2fc	candidate_created	5
004f0760	00b5e300	candidate_created	5
004f33f0	00b5e940	candidate_created	1468
004f4d10	00b5eaac	candidate_created	43
004f4d60	00b5eab8	candidate_created	5
004f4d70	00b5eabc	candidate_created	5
004f544c	00bf30d4	candidate_created	1866
004f5453	00bf30d0	absorbed	0
004f8d90	00b4646c	candidate_created	43
004f8e70	00b5f2c4	candidate_created	11
004f8e80	00b5f2fc	candidate_created	21
004f8ed0	00b5f2e0	candidate_created	47
004f8f00	00b5f2e4	candidate_created	47
004f8f30	00b5f2ec	candidate_created	88
004f8fc0	00b5f380	candidate_created	18
004f8fe0	00b5f310	candidate_created	19
004f9000	00b5f318	candidate_created	22
004f9020	00b5f370	candidate_created	13
004f9030	00b5f374	candidate_created	7
004f9060	00b5f2f8	candidate_created	224
004f91b0	00b5f3a0	candidate_created	21
004f91d0	00b5f3c8	candidate_created	29
004f91f0	00b5f3f0	candidate_created	61
004f9230	00b5f3f4	candidate_created	7
004f9240	00b5f3fc	candidate_created	13
004f99e0	00b5f31c	candidate_created	219
004fa050	00b5f414	candidate_created	6
004fa060	00b5f418	candidate_created	6
004fa070	00b5f430	candidate_created	114
004fa0f0	00b5f304	candidate_created	142
004fa180	00b5f30c	candidate_created	57
004fa1c0	00b5f314	candidate_created	60
004fa5a0	00b5f2bc	candidate_created	6
004fa650	00b5f3bc	candidate_created	1674
004fb6d0	00b5f2cc	candidate_created	80
004fb800	00b5f348	candidate_created	128
004fbd50	00b5f3b4	candidate_created	71
004fbda0	00b5f3b8	candidate_created	71
004fedf0	00b5f324	candidate_created	5
004fee10	00b5f330	candidate_created	13
004fee20	00b5f350	candidate_created	7
004fee30	00b5f354	candidate_created	16
004fee40	00b5f360	candidate_created	7
004fee50	00b5f368	candidate_created	13
004fee60	00b5f36c	candidate_created	7
004fee70	00b5f384	candidate_created	13
004fee80	00b5f388	candidate_created	7
004fee90	00b5f38c	candidate_created	50
004feed0	00b5f390	candidate_created	51
004fef10	00b5f394	candidate_created	7
004fef20	00b5f398	candidate_created	7
004fef30	00b5f3a4	candidate_created	7
004fef40	00b5f3c0	candidate_created	10
004fef50	00b5f3c4	candidate_created	7
004fef70	00b5f3d0	candidate_created	7
004fef80	00b5f3e0	candidate_created	13
004fef90	00b5f408	candidate_created	7
004fefd0	00b5f3e8	candidate_created	23
004feff0	00b5f2f0	candidate_created	24
004ff010	00b5f404	candidate_created	21
004ffa20	00b5f6dc	candidate_created	999
004fff70	00b5f768	candidate_created	15
00500040	00b5f72c	candidate_created	43
00500047	00bffe58	absorbed	0
00500049	00d3839c	absorbed	0
0050004e	00d03f10	absorbed	0
00500050	00d03f14	absorbed	0
00500051	00d383ec	absorbed	0
00500070	00b5f728	candidate_created	22
00500074	00bffccc	absorbed	0
00500e50	00b5f720	candidate_created	81
00501260	00b5f704	candidate_created	511
00501470	00b5f6e0	candidate_created	1165
005032e0	00b5f71c	candidate_created	6
005032f0	00b5f738	candidate_created	13
00503300	00b5f754	candidate_created	16
0050332f	00bab6a0	candidate_created	1
00503330	00b5f758	candidate_created	13
00503340	00b5f75c	candidate_created	7
00503350	00b5f6f4	candidate_created	8
00503360	00b5f700	candidate_created	8
00503370	00b5f6c4	candidate_created	8
00503380	00b5f6d0	candidate_created	8
00503390	00b5f714	candidate_created	26
005033b0	00b5f6f8	candidate_created	8
005033c0	00b5f6fc	candidate_created	8
005033d0	00b5f6c8	candidate_created	8
005033e0	00b5f6cc	candidate_created	8
00504d90	00b5f960	candidate_created	999
00504f44	00c0b168	absorbed	0
0050dcf0	00b6023c	candidate_created	817
005165c0	00b60f14	candidate_created	634
00517080	00b617a0	candidate_created	28
005170a0	00b611bc	candidate_created	6
005170b0	00b61afc	candidate_created	8
005170d0	00b617f4	candidate_created	7
00517180	00b6177c	candidate_created	24
005171a0	00b61780	candidate_created	23
005171c0	00b61a0c	candidate_created	7
005171d0	00b61a88	candidate_created	7
005171e0	00b61790	candidate_created	7
005171f0	00b61784	candidate_created	24
00517210	00b617c8	candidate_created	25
00517230	00b617d4	candidate_created	25
00517250	00b617d0	candidate_created	23
005172a0	00b611d8	candidate_created	6
005172b0	00b618e4	candidate_created	22
005172d0	00b61248	candidate_created	6
00517370	00b61c28	candidate_created	209
00517520	00b61970	candidate_created	207
005175f0	00b61978	candidate_created	207
005176c0	00b61980	candidate_created	207
00517790	00b61990	candidate_created	207
00517860	00b61998	candidate_created	207
00517930	00b619a0	candidate_created	207
00517a00	00b61988	candidate_created	207
00517ad0	00b61a90	candidate_created	13
00517ae0	00b61a94	candidate_created	7
00517af0	00b61a98	candidate_created	45
00517b20	00b61a9c	candidate_created	7
005187a0	00b61a3c	candidate_created	72
005187f0	00b61a38	candidate_created	58
00519400	00b617a4	candidate_created	92
00519990	00b61acc	candidate_created	69
005199e0	00b61ad4	candidate_created	60
00519a80	00b617cc	candidate_created	66
0051a840	00b61b3c	candidate_created	381
0051ab90	00b617f0	candidate_created	23
0051ae10	00b61858	candidate_created	70
0051aec0	00b61ad8	candidate_created	70
0051af10	00b618d8	candidate_created	23
0051b690	00b617a8	candidate_created	55
0051bd70	00b61a60	candidate_created	66
0051cbe0	00b61c68	candidate_created	823
0051d3e0	00b61a08	candidate_created	24
0051d400	00b61a84	candidate_created	92
0051d460	00b617e8	candidate_created	746
0051d750	00b61c48	candidate_created	2180
0051e7a0	00b618e0	candidate_created	643
0051efc0	00b61b30	candidate_created	67
00520660	00b61788	candidate_created	7
00520670	00b61824	candidate_created	13
00520680	00b61828	candidate_created	7
005206a0	00b61884	candidate_created	7
005206c0	00b61820	candidate_created	13
005206e0	00b61834	candidate_created	21
00520700	00b6183c	candidate_created	13
00520710	00b61840	candidate_created	7
00520720	00b61844	candidate_created	13
00520730	00b61848	candidate_created	7
00520740	00b61850	candidate_created	13
00520750	00b61860	candidate_created	13
00520760	00b61864	candidate_created	7
00520770	00b61868	candidate_created	23
00520790	00b6186c	candidate_created	38
005207c0	00b61870	candidate_created	21
005207e0	00b61878	candidate_created	13
005207f0	00b6187c	candidate_created	7
00520800	00b6189c	candidate_created	7
00520810	00b618a4	candidate_created	7
00520820	00b618ac	candidate_created	7
00520830	00b618b4	candidate_created	7
00520840	00b618bc	candidate_created	7
00520850	00b618c4	candidate_created	7
00520860	00b618dc	candidate_created	7
00520870	00b618ec	candidate_created	13
00520880	00b618f0	candidate_created	7
00520890	00b61900	candidate_created	13
005208a0	00b61904	candidate_created	7
005208b0	00b6190c	candidate_created	13
005208c0	00b61910	candidate_created	13
005208d0	00b61914	candidate_created	7
005208e0	00b61918	candidate_created	13
005208f0	00b6191c	candidate_created	7
00520900	00b61920	candidate_created	13
00520910	00b61924	candidate_created	7
00520920	00b61928	candidate_created	13
00520930	00b6192c	candidate_created	7
00520940	00b61a24	candidate_created	13
00520950	00b61a28	candidate_created	7
00520960	00b6196c	candidate_created	7
00520970	00b61974	candidate_created	7
00520980	00b6197c	candidate_created	7
00520990	00b61984	candidate_created	7
005209a0	00b6198c	candidate_created	7
005209b0	00b61994	candidate_created	7
005209c0	00b6199c	candidate_created	7
005209d0	00b619a4	candidate_created	7
005209e0	00b61a2c	candidate_created	7
005209f0	00b61a30	candidate_created	7
00520a00	00b61890	candidate_created	10
00520a10	00b61894	candidate_created	10
00520a20	00b61a40	candidate_created	13
00520a30	00b61a44	candidate_created	7
00520a40	00b61a48	candidate_created	13
00520a50	00b61a4c	candidate_created	7
00520a60	00b61a54	candidate_created	13
00520a70	00b61a58	candidate_created	7
00520a90	00b61a68	candidate_created	7
00520aa0	00b61a7c	candidate_created	13
00520ab0	00b61a80	candidate_created	7
00520ac0	00b61a8c	candidate_created	13
00520ad0	00b61aa0	candidate_created	13
00520ae0	00b61aa4	candidate_created	7
00520af0	00b61aa8	candidate_created	13
00520b00	00b61aac	candidate_created	7
00520b10	00b61ab0	candidate_created	13
00520b20	00b61ab4	candidate_created	7
00520b30	00b61ab8	candidate_created	13
00520b40	00b61abc	candidate_created	7
00520b50	00b61ac0	candidate_created	13
00520b70	00b61764	candidate_created	11
00520b80	00b61770	candidate_created	11
00520b90	00b617d8	candidate_created	11
00520ba0	00b617e4	candidate_created	11
00520bb0	00b617ec	candidate_created	11
00520bc0	00b61a50	candidate_created	11
00520bd0	00b61ad0	candidate_created	11
00520c00	00b618d0	candidate_created	82
00520c60	00b61adc	candidate_created	19
00522d10	00b61f8c	candidate_created	21
00522d30	00b61f90	candidate_created	17
00522d50	00b61f94	candidate_created	18
00522d70	00b61fd8	candidate_created	24
00522d90	00b61fdc	candidate_created	18
00522e40	00b61fe4	candidate_created	13
00522e50	00b61fe8	candidate_created	7
00522e60	00b61ffc	candidate_created	19
00522e80	00b62000	candidate_created	17
00522ea0	00b62004	candidate_created	17
00522f20	00b620ec	candidate_created	7
00522f70	00b621f8	candidate_created	5
00522f80	00b6211c	candidate_created	64
00522fd0	00b61fb4	candidate_created	23
00522ff0	00b62024	candidate_created	46
00523020	00b61fc4	candidate_created	79
00523070	00b61fcc	candidate_created	79
005230c0	00b61dc0	candidate_created	6
005230d0	00b62034	candidate_created	11
00523100	00b6203c	candidate_created	7
00523170	00b6201c	candidate_created	66
00524bf0	00b62020	candidate_created	596
00525390	00b61fbc	candidate_created	71
00525ca0	00b620ac	candidate_created	29
00525cc0	00b621b8	candidate_created	1090
005263f0	00b62074	candidate_created	322
00526740	00b61f98	candidate_created	7
00526760	00b61fec	candidate_created	13
00526770	00b61ff0	candidate_created	7
00526780	00b61ff8	candidate_created	27
005267a0	00b6202c	candidate_created	8
005267b0	00b61f74	candidate_created	11
005267c0	00b61f80	candidate_created	11
005267d0	00b62038	candidate_created	11
005267e0	00b61ae8	candidate_created	14
005267f0	00b61768	candidate_created	11
00526800	00b6176c	candidate_created	11
00526810	00b62028	candidate_created	11
00526820	00b62040	candidate_created	11
005297e0	00b62350	candidate_created	12
005297f0	00b6237c	candidate_created	26
00529830	00badd94	candidate_created	7
00529850	00b623cc	candidate_created	30
00529900	00b62440	candidate_created	8
00529910	00b62448	candidate_created	8
00529920	00b62444	candidate_created	8
005299d0	00b6244c	candidate_created	8
00529b90	00b62464	candidate_created	14
00529e80	00b62400	candidate_created	29
00529ea0	00b630cc	candidate_created	38
0052a570	00b62fa4	candidate_created	43
0052adb0	00b63280	candidate_created	6
0052ae20	00b632c0	candidate_created	6
0052ae90	00b63300	candidate_created	6
0052afd0	00b633bc	candidate_created	12
0052afe0	00b633c0	candidate_created	6
0052aff0	00bafed8	candidate_created	17
0052b010	00bafedc	candidate_created	17
0052b090	00b63400	candidate_created	6
0052b100	00b63440	candidate_created	6
0052b170	00b63480	candidate_created	6
0052b1e0	00b634c0	candidate_created	6
0052b250	00b63500	candidate_created	6
0052b2c0	00b63540	candidate_created	6
0052b570	00b63700	candidate_created	6
0052b5e0	00b63740	candidate_created	6
0052b650	00b63780	candidate_created	6
0052b6c0	00b637c0	candidate_created	6
0052b730	00b63800	candidate_created	6
0052b7a0	00b63840	candidate_created	6
0052b810	00b63880	candidate_created	6
0052b880	00b638c0	candidate_created	6
0052b8f0	00b63900	candidate_created	6
0052b960	00b63940	candidate_created	6
0052b9d0	00b63980	candidate_created	6
0052ba40	00b639c0	candidate_created	6
0052bab0	00b63a00	candidate_created	6
0052bb20	00b63a40	candidate_created	6
0052bb90	00b63a80	candidate_created	6
0052bc00	00b63ac0	candidate_created	6
0052bc70	00b63b00	candidate_created	6
0052bce0	00b63b40	candidate_created	6
0052bd50	00b63b80	candidate_created	6
0052bdc0	00b63bc0	candidate_created	6
0052be90	00b63c40	candidate_created	6
0052bf00	00b63c80	candidate_created	6
0052bf80	00b63088	candidate_created	6
0052bf90	00b62378	candidate_created	6
0052bfa0	00b63090	candidate_created	6
0052bfb0	00b63cdc	candidate_created	6
0052bfc0	00b62460	candidate_created	12
0052c000	00b625b0	candidate_created	12
0052c040	00b62660	candidate_created	12
0052c080	00b627a0	candidate_created	12
0052c0c0	00b62700	candidate_created	46
0052c0f0	00b628e0	candidate_created	46
0052c120	00b62980	candidate_created	12
0052c160	00b62a20	candidate_created	12
0052c1a0	00b62ad0	candidate_created	12
0052c1e0	00b62b70	candidate_created	46
0052c210	00b62c10	candidate_created	12
0052c250	00b62cb0	candidate_created	12
0052c290	00b62d50	candidate_created	12
0052c2d0	00b62e00	candidate_created	12
0052c310	00b62ea0	candidate_created	12
0052c350	00b62f40	candidate_created	12
0052c390	00b630d4	candidate_created	32
0052c3b0	00b630dc	candidate_created	32
0052c3d0	00b630e4	candidate_created	32
0052c3f0	00b630ec	candidate_created	32
0052c410	00b630f4	candidate_created	32
0052c430	00b630fc	candidate_created	32
0052c450	00b63104	candidate_created	32
0052c470	00b6310c	candidate_created	32
0052c490	00b63114	candidate_created	32
0052c4b0	00b6311c	candidate_created	32
0052c4d0	00b63124	candidate_created	32
0052c4f0	00b6312c	candidate_created	32
0052c510	00b63134	candidate_created	32
0052c530	00b6313c	candidate_created	32
0052c550	00b63144	candidate_created	32
0052c570	00b6314c	candidate_created	32
0052c590	00b63154	candidate_created	32
0052c5b0	00b6315c	candidate_created	32
0052c5d0	00b63164	candidate_created	32
0052c5f0	00b6316c	candidate_created	32
0052c610	00b63174	candidate_created	32
0052c630	00b6317c	candidate_created	32
0052c650	00b63184	candidate_created	32
0052c670	00b6318c	candidate_created	32
0052c690	00b63194	candidate_created	32
0052c6b0	00b6319c	candidate_created	32
0052c6d0	00b631a4	candidate_created	32
0052c6f0	00b631ac	candidate_created	32
0052c710	00b631b4	candidate_created	32
0052c730	00b631bc	candidate_created	32
0052c750	00b631c4	candidate_created	32
0052c770	00b631cc	candidate_created	32
0052c790	00b631d4	candidate_created	32
0052c7b0	00b631dc	candidate_created	32
0052c7d0	00b631e4	candidate_created	32
0052c7f0	00b631ec	candidate_created	32
0052c810	00b631f4	candidate_created	32
0052c830	00b631fc	candidate_created	32
0052c850	00b63204	candidate_created	32
0052c870	00b6320c	candidate_created	32
0052c890	00b63214	candidate_created	32
0052c8b0	00b6321c	candidate_created	32
0052c8d0	00b63224	candidate_created	32
0052c8f0	00b6322c	candidate_created	32
0052c910	00b63234	candidate_created	32
0052c930	00b6323c	candidate_created	32
0052c950	00b63244	candidate_created	32
0052c970	00b6324c	candidate_created	32
0052c990	00b63254	candidate_created	32
0052c9b0	00b6325c	candidate_created	32
0052c9d0	00b63264	candidate_created	32
0052c9f0	00b63b58	candidate_created	6
0052ca00	00b63580	candidate_created	6
0052ca10	00b635c0	candidate_created	6
0052ca20	00b635d8	candidate_created	6
0052ca30	00b63600	candidate_created	6
0052ca40	00b63618	candidate_created	6
0052ca50	00b63b98	candidate_created	6
0052ca60	00b63640	candidate_created	6
0052ca70	00b63658	candidate_created	6
0052ca80	00b63680	candidate_created	6
0052ca90	00b63698	candidate_created	6
0052caa0	00b636c0	candidate_created	6
0052cab0	00b636d8	candidate_created	6
0052cac0	00b63718	candidate_created	6
0052cad0	00b63758	candidate_created	6
0052cae0	00b63798	candidate_created	6
0052caf0	00b63818	candidate_created	6
0052cb00	00b637d8	candidate_created	6
0052cb10	00b63c00	candidate_created	6
0052cb20	00b63c18	candidate_created	6
0052cb30	00b63898	candidate_created	6
0052cb40	00b638d8	candidate_created	6
0052cb50	00b63918	candidate_created	6
0052cb60	00b642c8	candidate_created	6
0052cb70	00b642d0	candidate_created	6
0052cb80	00b64314	candidate_created	6
0052cb90	00b6431c	candidate_created	6
0052cba0	00b64360	candidate_created	6
0052cbb0	00b64368	candidate_created	6
0052cbc0	00b643ac	candidate_created	6
0052cbd0	00b643b4	candidate_created	6
0052cbe0	00b643f8	candidate_created	6
0052cbf0	00b64400	candidate_created	6
0052cc00	00b64444	candidate_created	6
0052cc10	00b6444c	candidate_created	6
0052cc20	00b64490	candidate_created	6
0052cc30	00b64498	candidate_created	6
0052cc40	00b644dc	candidate_created	6
0052cc50	00b644e4	candidate_created	6
0052cc60	00b64528	candidate_created	6
0052cc70	00b64530	candidate_created	6
0052cc80	00b64574	candidate_created	6
0052cc90	00b6457c	candidate_created	6
0052cca0	00b645c0	candidate_created	6
0052ccb0	00b645c8	candidate_created	6
0052ccc0	00b6460c	candidate_created	6
0052ccd0	00b64614	candidate_created	6
0052cce0	00b64658	candidate_created	6
0052ccf0	00b64660	candidate_created	6
0052cd00	00b646a4	candidate_created	6
0052cd10	00b646ac	candidate_created	6
0052cd20	00b646f0	candidate_created	6
0052cd30	00b646f8	candidate_created	6
0052cd40	00b6473c	candidate_created	6
0052cd50	00b64744	candidate_created	6
0052cd60	00b64788	candidate_created	6
0052cd70	00b64790	candidate_created	6
0052cd80	00b647d4	candidate_created	6
0052cd90	00b647dc	candidate_created	6
0052cda0	00b64820	candidate_created	6
0052cdb0	00b64828	candidate_created	6
0052cdc0	00b6486c	candidate_created	6
0052cdd0	00b64874	candidate_created	6
0052cde0	00b648b8	candidate_created	6
0052cdf0	00b648c0	candidate_created	6
0052ce00	00b64904	candidate_created	6
0052ce10	00b6490c	candidate_created	6
0052d0a0	00b63298	candidate_created	6
0052d0b0	00b63284	candidate_created	35
0052d0e0	00b632d8	candidate_created	6
0052d0f0	00b632c4	candidate_created	35
0052d120	00b63318	candidate_created	6
0052d130	00b63304	candidate_created	35
0052d160	00b63374	candidate_created	5
0052d170	00b633b4	candidate_created	10
0052d180	00b63458	candidate_created	6
0052d190	00b63444	candidate_created	35
0052d1c0	00b63498	candidate_created	6
0052d1d0	00b63484	candidate_created	35
0052d200	00b634d8	candidate_created	6
0052d210	00b634c4	candidate_created	35
0052d240	00b63504	candidate_created	35
0052d270	00b63558	candidate_created	6
0052d280	00b63544	candidate_created	35
0052d2b0	00b63598	candidate_created	6
0052d2c0	00b63584	candidate_created	35
0052d2f0	00b635c4	candidate_created	35
0052d320	00b63604	candidate_created	35
0052d350	00b63644	candidate_created	35
0052d380	00b63684	candidate_created	35
0052d3b0	00b636c4	candidate_created	35
0052d3e0	00b63704	candidate_created	35
0052d410	00b63744	candidate_created	35
0052d440	00b63784	candidate_created	35
0052d470	00b637c4	candidate_created	35
0052d4a0	00b63804	candidate_created	35
0052d4d0	00b63858	candidate_created	6
0052d4e0	00b63844	candidate_created	35
0052d510	00b63884	candidate_created	35
0052d540	00b638c4	candidate_created	35
0052d570	00b63904	candidate_created	35
0052d5a0	00b63958	candidate_created	6
0052d5b0	00b63944	candidate_created	35
0052d5e0	00b63998	candidate_created	6
0052d5f0	00b63984	candidate_created	35
0052d620	00b639d8	candidate_created	6
0052d630	00b639c4	candidate_created	35
0052d660	00b63a18	candidate_created	6
0052d670	00b63a04	candidate_created	35
0052d6a0	00b63a58	candidate_created	6
0052d6b0	00b63a44	candidate_created	35
0052d6e0	00b63a98	candidate_created	6
0052d6f0	00b63a84	candidate_created	35
0052d720	00b63ad8	candidate_created	6
0052d730	00b63ac4	candidate_created	35
0052d760	00b63b18	candidate_created	6
0052d770	00b63b04	candidate_created	35
0052d7a0	00b63b44	candidate_created	35
0052d7d0	00b63b84	candidate_created	35
0052d800	00b63bd8	candidate_created	6
0052d810	00b63bc4	candidate_created	35
0052d840	00b63c04	candidate_created	35
0052d870	00b63c58	candidate_created	6
0052d880	00b63c44	candidate_created	35
0052d8b0	00b63c98	candidate_created	6
0052d8c0	00b63c84	candidate_created	35
0052d8f0	00b6309c	candidate_created	24
0052dc50	00b63344	candidate_created	35
0052dc80	00b63340	candidate_created	6
0052dc90	00b64938	candidate_created	6
0052dd00	00b63380	candidate_created	6
0052dd10	00b64978	candidate_created	6
0052dd80	00b63384	candidate_created	35
0052ddb0	00b633c4	candidate_created	35
0052dde0	00b649b8	candidate_created	6
0052de50	00b649bc	candidate_created	35
0052de80	00b649f8	candidate_created	6
0052def0	00b63404	candidate_created	35
0052df80	00b6241c	candidate_created	133
0052f150	00b64a3c	candidate_created	35
0052f180	00b64a38	candidate_created	6
0052f190	00b64a78	candidate_created	6
0052f200	00b64a7c	candidate_created	35
0052f230	00b64abc	candidate_created	35
0052f260	00b64af8	candidate_created	6
0052f2d0	00b64afc	candidate_created	35
0052f350	00b64ab4	candidate_created	20
0052f5c0	00b63e6c	candidate_created	52
0052f600	00b64034	candidate_created	52
0052f670	00b64294	candidate_created	55
0052f6b0	00b642e0	candidate_created	64
0052f770	00b6432c	candidate_created	64
0052f7b0	00b64378	candidate_created	64
0052f7f0	00b643c4	candidate_created	64
0052f830	00b64410	candidate_created	62
0052f8d0	00b6445c	candidate_created	62
0052f910	00b644a8	candidate_created	62
0052f9b0	00b644f4	candidate_created	64
0052f9f0	00b64540	candidate_created	64
0052fa30	00b6458c	candidate_created	62
0052fa70	00b645d8	candidate_created	64
0052fab0	00b64624	candidate_created	62
0052faf0	00b64670	candidate_created	62
0052fb30	00b646bc	candidate_created	62
0052fb70	00b64708	candidate_created	62
0052fbb0	00b64754	candidate_created	65
0052fc30	00b647a0	candidate_created	65
0052fcb0	00b647ec	candidate_created	64
0052fcf0	00b64838	candidate_created	64
0052fd30	00b64884	candidate_created	62
0052fd70	00b648d0	candidate_created	62
0052fdb0	00b6491c	candidate_created	62
00530220	00b632c8	candidate_created	275
00530380	00b62430	candidate_created	13
00530460	00b64e0c	candidate_created	86
00530530	00b63cf0	candidate_created	78
005305b0	00b63d3c	candidate_created	78
00530600	00b64e28	candidate_created	4
00530610	00b63f04	candidate_created	78
00530660	00b63f9c	candidate_created	54
00530770	00b641b0	candidate_created	93
00532ca0	00b656e8	candidate_created	8
00532cb0	00b65708	candidate_created	31
00532dc0	00b65730	candidate_created	8
00532ec0	00b65778	candidate_created	8
00532fc0	00b657c0	candidate_created	8
005330c0	00b65808	candidate_created	8
005331c0	00b65850	candidate_created	8
005332c0	00b65898	candidate_created	8
005333c0	00b658e0	candidate_created	8
005334c0	00b65928	candidate_created	8
005335c0	00b65970	candidate_created	8
005336c0	00b659b8	candidate_created	8
005337c0	00b65a00	candidate_created	8
005338c0	00b65a48	candidate_created	8
005339c0	00b65a90	candidate_created	8
00533a00	00b65728	candidate_created	116
00533b40	00b65ad8	candidate_created	8
00533c40	00b65b20	candidate_created	8
00533d40	00b65b68	candidate_created	8
00533ea0	00b65c28	candidate_created	169
00533fd0	00b65c68	candidate_created	177
00534130	00b65cac	candidate_created	12
00534210	00b65cec	candidate_created	12
00535010	00b65f7c	candidate_created	8
005370a0	00b661f4	candidate_created	12
00537180	00b62500	candidate_created	46
00537250	00b66274	candidate_created	46
005373f0	00b63e20	candidate_created	55
00537430	00b63eb8	candidate_created	52
00537520	00b63f50	candidate_created	52
005375b0	00b64080	candidate_created	71
00537600	00b640cc	candidate_created	52
00537640	00b64118	candidate_created	58
00537680	00b64164	candidate_created	93
00537820	00b641fc	candidate_created	55
00537bb0	00b663f4	candidate_created	35
00537c10	00b669ec	candidate_created	68
00537c90	00b663f0	candidate_created	33
00537cf0	00b664ac	candidate_created	68
00537e40	00b66554	candidate_created	68
00538190	00b663a0	candidate_created	261
00538350	00b663f8	candidate_created	10
00538520	00b663fc	candidate_created	68
00538940	00b63fe8	candidate_created	55
00538980	00b64248	candidate_created	52
00538b50	00b670b4	candidate_created	8
00539770	00b673d4	candidate_created	12
0053a2f0	00b676e4	candidate_created	8
0053a300	00b662a0	candidate_created	31
0053a390	00b67734	candidate_created	8
0053e4f0	00b67d20	candidate_created	6
0053e560	00b67d60	candidate_created	6
0053e5d0	00b67da0	candidate_created	6
0053e640	00b67de0	candidate_created	6
0053e6b0	00b67e20	candidate_created	6
0053e720	00b67e60	candidate_created	6
0053e790	00b67ea0	candidate_created	6
0053e800	00b67ee0	candidate_created	6
0053e870	00b67d78	candidate_created	6
0053e880	00b67d64	candidate_created	35
0053e8b0	00b67db8	candidate_created	6
0053e8c0	00b67da4	candidate_created	35
0053e8f0	00b67df8	candidate_created	6
0053e900	00b67de4	candidate_created	35
0053e930	00b67e38	candidate_created	6
0053e940	00b67e24	candidate_created	35
0053e970	00b67e78	candidate_created	6
0053e980	00b67e64	candidate_created	35
0053e9b0	00b67eb8	candidate_created	6
0053e9c0	00b67ea4	candidate_created	35
0053e9f0	00b67ef8	candidate_created	6
0053ea00	00b67ee4	candidate_created	35
0053ea70	00b67d24	candidate_created	35
0053eaa0	00b67f20	candidate_created	6
0053ed60	00b67f64	candidate_created	35
0053ed90	00b67fa0	candidate_created	6
0053ee00	00b67fa4	candidate_created	35
0053ee30	00b67f54	candidate_created	30
0053ee50	00b67fe4	candidate_created	35
0053ee80	00b68020	candidate_created	6
0053eef0	00b68024	candidate_created	35
0053f000	00b64ee4	candidate_created	14
0053f330	00b68180	candidate_created	150
0053fa90	00b68298	candidate_created	8
0053fb80	00b68320	candidate_created	158
00540410	00b68548	candidate_created	163
00540610	00b6868c	candidate_created	12
005409f0	00b68724	candidate_created	8
00540b80	00b6876c	candidate_created	8
00540bc0	00b687ac	candidate_created	116
00540d00	00b687b4	candidate_created	8
00541080	00b688c4	candidate_created	12
00541160	00b68904	candidate_created	46
005412f0	00b662c0	candidate_created	162
00541990	00b68b7c	candidate_created	46
00547360	00b69484	candidate_created	15974
0054f350	00b696c0	candidate_created	713
0054feb0	00b696b8	candidate_created	22
00551f50	00b6977c	candidate_created	385
005539f0	00b54248	candidate_created	93
00553dd0	00b54240	candidate_created	53
00556740	00b69b70	candidate_created	7
00556750	00b69b74	candidate_created	7
00556760	00b69b78	candidate_created	6
005567d0	00b69b7c	candidate_created	6
00556810	00b69b68	candidate_created	24
00556830	00b69b88	candidate_created	65
00556970	00b69e98	candidate_created	565
00557510	00b69da0	candidate_created	5
00557520	00b69dac	candidate_created	7
00557530	00b69db0	candidate_created	7
00557540	00b69db4	candidate_created	6
00557550	00b69dc4	candidate_created	5
00557560	00b69dc8	candidate_created	75
005575b0	00b69dd0	candidate_created	7
005575c0	00b69dd4	candidate_created	7
005575d0	00b69dd8	candidate_created	6
005575e0	00b69dec	candidate_created	65
00557630	00b69df4	candidate_created	7
00557640	00b69df8	candidate_created	7
00557650	00b69dfc	candidate_created	6
00557660	00b69e18	candidate_created	7
00557670	00b69e1c	candidate_created	7
00557680	00b69e20	candidate_created	6
005576e0	00b69db8	candidate_created	6
00557740	00b69da4	candidate_created	96
00557760	00b69e10	candidate_created	99
00557780	00b69e30	candidate_created	65
005577d0	00b69cd0	candidate_created	65
00557820	00b69d40	candidate_created	65
00557870	00b69f08	candidate_created	65
005578c0	00b6a270	candidate_created	42
005578f0	00b6a278	candidate_created	7
00557900	00b6a27c	candidate_created	7
00557910	00b6a280	candidate_created	6
00557920	00b6a294	candidate_created	42
00557950	00b6a29c	candidate_created	7
00557960	00b6a2a0	candidate_created	7
00557970	00b6a2a4	candidate_created	6
00557980	00b6a2b8	candidate_created	42
005579b0	00b6a2c0	candidate_created	7
005579c0	00b6a2c4	candidate_created	7
005579d0	00b6a2c8	candidate_created	6
005579e0	00b6a2dc	candidate_created	42
00557a10	00b6a2e4	candidate_created	7
00557a20	00b6a2e8	candidate_created	7
00557a30	00b6a2ec	candidate_created	6
00557a40	00b6a300	candidate_created	42
00557a70	00b6a308	candidate_created	7
00557a80	00b6a30c	candidate_created	7
00557a90	00b6a310	candidate_created	6
00557aa0	00b6a0b4	candidate_created	961
00557e70	00b6a11c	candidate_created	1126
005582e0	00b6a184	candidate_created	943
005586a0	00b6a1ec	candidate_created	843
00558a10	00b6a254	candidate_created	972
00558de0	00b6a068	candidate_created	65
00558e30	00b6a0d0	candidate_created	65
00558e80	00b6a138	candidate_created	65
00558ed0	00b6a1a0	candidate_created	65
00558f20	00b6a208	candidate_created	65
00558f70	00b6a594	candidate_created	22
00558f90	00b6a59c	candidate_created	33
005590c0	00b6a4a4	candidate_created	22
005590e0	00b6a4ac	candidate_created	33
00559260	00b6a424	candidate_created	7
00559270	00b6a428	candidate_created	7
00559280	00b6a42c	candidate_created	6
00559290	00b6a418	candidate_created	5
005592a0	00b6a448	candidate_created	7
005592b0	00b6a44c	candidate_created	7
005592c0	00b6a450	candidate_created	6
00559480	00b6a5cc	candidate_created	56
00559510	00b6a454	candidate_created	6
00559860	00b6a4dc	candidate_created	56
005598a0	00b6a440	candidate_created	81
00559900	00b6a550	candidate_created	65
00559950	00b6a430	candidate_created	6
00559c70	00b6a460	candidate_created	65
00559fd0	00b6a41c	candidate_created	78
0055a3a0	00b6a918	candidate_created	12
0055a520	00b6a804	candidate_created	68
0055a570	00b6a80c	candidate_created	7
0055a580	00b6a810	candidate_created	7
0055a590	00b6a814	candidate_created	6
0055a5a0	00b6a830	candidate_created	7
0055a5b0	00b6a834	candidate_created	7
0055a5c0	00b6a838	candidate_created	6
0055a5d0	00b6a84c	candidate_created	24
0055a620	00b6a854	candidate_created	7
0055a630	00b6a858	candidate_created	7
0055a640	00b6a85c	candidate_created	6
0055a650	00b6a948	candidate_created	45
0055a680	00b6a950	candidate_created	7
0055a690	00b6a954	candidate_created	7
0055a6a0	00b6a958	candidate_created	6
0055a6b0	00b6a8dc	candidate_created	869
0055aa20	00b6a9d4	candidate_created	889
0055adc0	00b6a678	candidate_created	65
0055ae10	00b6aad0	candidate_created	65
0055ae60	00b6a870	candidate_created	65
0055aeb0	00b6a968	candidate_created	65
0055b0a0	00b6ab3c	candidate_created	1176
0055b750	00b6a83c	candidate_created	6
0055b790	00b6a828	candidate_created	24
0055b7e0	00b6ac10	candidate_created	78
0055b830	00b6ae18	candidate_created	35
0055b860	00b6adb4	candidate_created	94
0055b960	00b6adbc	candidate_created	24
0055b9c0	00b6ac90	candidate_created	7
0055b9d0	00b6ac94	candidate_created	7
0055b9e0	00b6ac98	candidate_created	6
0055b9f0	00b6acb4	candidate_created	7
0055ba00	00b6acb8	candidate_created	7
0055ba10	00b6acbc	candidate_created	6
0055ba20	00b6acd8	candidate_created	7
0055ba30	00b6acdc	candidate_created	7
0055ba40	00b6ace0	candidate_created	6
0055ba80	00b6ac88	candidate_created	56
0055bb40	00b6aba8	candidate_created	65
0055bb90	00b6ade8	candidate_created	65
0055bbe0	00b6ad60	candidate_created	65
0055c1b0	00b6acd0	candidate_created	27
0055cb80	00b6acac	candidate_created	78
0055d680	00b6b198	candidate_created	66
0055d6d0	00b6b1a0	candidate_created	7
0055d6e0	00b6b1a4	candidate_created	7
0055d6f0	00b6b1a8	candidate_created	6
0055d700	00b6b1bc	candidate_created	24
0055d720	00b6b1c4	candidate_created	7
0055d730	00b6b1c8	candidate_created	7
0055d740	00b6b1cc	candidate_created	6
0055d750	00b6af7c	candidate_created	6
0055d760	00b6b1e0	candidate_created	24
0055d780	00b6b1e8	candidate_created	7
0055d790	00b6b1ec	candidate_created	7
0055d7a0	00b6b1f0	candidate_created	6
0055d7b0	00b6aedc	candidate_created	347
0055d910	00b6afe4	candidate_created	409
0055dab0	00b6b12c	candidate_created	347
0055dc10	00b6af78	candidate_created	65
0055dc60	00b6b0c0	candidate_created	65
0055dcb0	00b6ae70	candidate_created	65
0055e2b0	00b6b488	candidate_created	82
0055e310	00b6b490	candidate_created	7
0055e320	00b6b494	candidate_created	7
0055e330	00b6b498	candidate_created	6
0055e340	00b6b4ac	candidate_created	88
0055e3a0	00b6b4b4	candidate_created	7
0055e3b0	00b6b4b8	candidate_created	7
0055e3c0	00b6b4bc	candidate_created	6
0055e3d0	00b6b2f4	candidate_created	707
0055e6a0	00b6b288	candidate_created	65
0055e6f0	00b6b390	candidate_created	65
0055e740	00b6b3a4	candidate_created	375
0055e8c0	00b6b3fc	candidate_created	1003
0055ef70	00b6b63c	candidate_created	69
0055efc0	00b6b644	candidate_created	7
0055efd0	00b6b648	candidate_created	7
0055efe0	00b6b64c	candidate_created	6
0055eff0	00b6b58c	candidate_created	376
0055f170	00b6b520	candidate_created	65
0055f390	00b6b7dc	candidate_created	55
0055f3d0	00b6b7e4	candidate_created	7
0055f3e0	00b6b7e8	candidate_created	7
0055f3f0	00b6b7ec	candidate_created	6
005600c0	00b6b844	candidate_created	7
005600d0	00b6b848	candidate_created	7
005600e0	00b6b84c	candidate_created	6
005600f0	00b6b8ec	candidate_created	339
00560250	00b6b880	candidate_created	65
005602a0	00b6b83c	candidate_created	65
00560320	00b6b894	candidate_created	259
00560430	00b6b9fc	candidate_created	22
00560700	00b6ba04	candidate_created	33
00560960	00b6b970	candidate_created	5
00560970	00b69b6c	candidate_created	5
00560980	00b6b97c	candidate_created	7
00560990	00b6b980	candidate_created	7
005609a0	00b6b984	candidate_created	6
005609b0	00b6b9a0	candidate_created	7
005609c0	00b6b9a4	candidate_created	7
005609d0	00b6b9a8	candidate_created	6
005609e0	00b6b998	candidate_created	86
00560a40	00b6baa8	candidate_created	65
00560a90	00b69e24	candidate_created	6
00560aa0	00b6b9b8	candidate_created	65
00560af0	00b6b974	candidate_created	86
00560bd0	00b5f320	candidate_created	3
00560be0	00b6bc70	candidate_created	212
00560cc0	00b6bbec	candidate_created	7
00560cd0	00b6bbf0	candidate_created	7
00560ce0	00b6bbf4	candidate_created	6
00560cf0	00b6bbf8	candidate_created	6
00560d00	00b6bbe4	candidate_created	77
00560d50	00b6bc08	candidate_created	65
00560da0	00b6bda8	candidate_created	342
00560f00	00b6bd28	candidate_created	7
00560f10	00b6bd2c	candidate_created	7
00560f20	00b6bd30	candidate_created	6
00560f30	00b6bd34	candidate_created	6
00560f40	00b6bdac	candidate_created	1095
00561390	00b6bd20	candidate_created	80
005613e0	00b6bd40	candidate_created	65
00561430	00b6bd70	candidate_created	322
00561650	00b6bed4	candidate_created	7
00561660	00b6bed8	candidate_created	7
00561670	00b6bedc	candidate_created	6
00561680	00b6bf5c	candidate_created	1929
00561e10	00b6becc	candidate_created	61
00561e50	00b6bef0	candidate_created	65
00562270	00b6c068	candidate_created	7
00562280	00b6c06c	candidate_created	7
00562290	00b6c070	candidate_created	6
005622a0	00b6c08c	candidate_created	7
005622b0	00b6c090	candidate_created	7
005622c0	00b6c094	candidate_created	6
005622d0	00b6c0b0	candidate_created	7
005622e0	00b6c0b4	candidate_created	7
005622f0	00b6c0b8	candidate_created	6
00562300	00b6c0d4	candidate_created	7
00562310	00b6c0d8	candidate_created	7
00562320	00b6c0dc	candidate_created	6
005624d0	00b6c30c	candidate_created	728
005627b0	00b6c060	candidate_created	64
005627f0	00b6c084	candidate_created	67
00562840	00b6c0cc	candidate_created	68
00562890	00b6c0f0	candidate_created	65
005628e0	00b6c15c	candidate_created	1055
00562d00	00b6c1c8	candidate_created	65
00562d50	00b6c234	candidate_created	1063
00563180	00b6c410	candidate_created	65
005631d0	00b6c47c	candidate_created	1149
00563650	00b6c2a0	candidate_created	65
005636f0	00b6c0bc	candidate_created	6
00563700	00b6c0a8	candidate_created	102
00563750	00b6c424	candidate_created	628
00563bb0	00b6c504	candidate_created	5
00563bc0	00b6c510	candidate_created	7
00563bd0	00b6c514	candidate_created	7
00563be0	00b6c518	candidate_created	6
00563bf0	00b6c534	candidate_created	7
00563c00	00b6c538	candidate_created	7
00563c10	00b6c53c	candidate_created	6
00563c20	00b6c508	candidate_created	59
00563c60	00b6c52c	candidate_created	24
00563cb0	00b6c528	candidate_created	65
00563d00	00b6c628	candidate_created	65
00563d50	00b6c928	candidate_created	23
00563d70	00b6c75c	candidate_created	7
00563d80	00b6c760	candidate_created	7
00563d90	00b6c764	candidate_created	6
00563da0	00b6c780	candidate_created	7
00563db0	00b6c784	candidate_created	7
00563dc0	00b6c788	candidate_created	6
00563dd0	00b6c754	candidate_created	56
00563e10	00b6c798	candidate_created	65
005643d0	00b6c804	candidate_created	877
00564830	00b6c778	candidate_created	83
005649b0	00b6c990	candidate_created	7
005649c0	00b6c994	candidate_created	7
005649d0	00b6c998	candidate_created	6
00564a60	00b6c988	candidate_created	67
00564ab0	00b6c9a8	candidate_created	65
00564b00	00b6ca14	candidate_created	1346
00565060	00b6cac8	candidate_created	206
00565130	00b6cb14	candidate_created	69
00565180	00b6cb1c	candidate_created	7
00565190	00b6cb20	candidate_created	7
005651a0	00b6cb24	candidate_created	6
005651b0	00b6ca9c	candidate_created	6
005652b0	00b6cbf0	candidate_created	10
00565310	00b6cb6c	candidate_created	7
00565320	00b6cb70	candidate_created	7
00565330	00b6cb74	candidate_created	6
005653c0	00b6cb64	candidate_created	70
00565410	00b6cb88	candidate_created	65
00565460	00b6cbf4	candidate_created	1423
005659f0	00b6cd50	candidate_created	187
00565b90	00b6ce28	candidate_created	566
00566010	00b6cc84	candidate_created	7
00566020	00b6cc88	candidate_created	7
00566030	00b6cc8c	candidate_created	6
00566040	00b6cca8	candidate_created	7
00566050	00b6ccac	candidate_created	7
00566060	00b6ccb0	candidate_created	6
00566070	00b6cccc	candidate_created	7
00566080	00b6ccd0	candidate_created	7
00566090	00b6ccd4	candidate_created	6
005660f0	00b6cc90	candidate_created	6
00566100	00b6cd60	candidate_created	911
00566570	00b6ccb4	candidate_created	6
00566580	00b6ce2c	candidate_created	1466
00566b40	00b6ce38	candidate_created	1160
00567140	00b6cc7c	candidate_created	24
00567160	00b6cca0	candidate_created	27
00567180	00b6cc9c	candidate_created	65
005671d0	00b6cdc0	candidate_created	65
00567630	00b6ccc4	candidate_created	71
00567fb0	00b6d090	candidate_created	338
005681b0	00b6d00c	candidate_created	7
005681c0	00b6d010	candidate_created	7
005681d0	00b6d014	candidate_created	6
00568230	00b6b0c4	candidate_created	6
00568240	00b6d094	candidate_created	1466
00568800	00b6d0a0	candidate_created	1106
00568c90	00b6d0ac	candidate_created	179
00568d50	00b6d004	candidate_created	24
00568d70	00b6d028	candidate_created	65
00568f70	00b6d704	candidate_created	124
00568ff0	00b6d710	candidate_created	14
005690b0	00b6d208	candidate_created	7
005690c0	00b6d20c	candidate_created	7
005690d0	00b6d210	candidate_created	6
005690e0	00b6d22c	candidate_created	7
005690f0	00b6d230	candidate_created	7
00569100	00b6d234	candidate_created	6
00569110	00b6d250	candidate_created	7
00569120	00b6d254	candidate_created	7
00569130	00b6d258	candidate_created	6
00569140	00b6d26c	candidate_created	47
00569170	00b6d274	candidate_created	7
00569180	00b6d278	candidate_created	7
00569190	00b6d27c	candidate_created	6
00569220	00b6d200	candidate_created	38
00569250	00b6d220	candidate_created	65
005692a0	00b6d5b0	candidate_created	65
005692f0	00b6d690	candidate_created	65
00569340	00b6d138	candidate_created	65
005696b0	00b6d6f8	candidate_created	32
005697f0	00b6d238	candidate_created	6
00569800	00b6d618	candidate_created	1617
00569e80	00b6d628	candidate_created	1030
0056a290	00b6d62c	candidate_created	429
0056a440	00b6d630	candidate_created	379
0056a650	00b6d6f0	candidate_created	132
0056ae50	00b6d224	candidate_created	27
0056f480	00b6d700	candidate_created	88
0056fb40	00b6d25c	candidate_created	6
005706c0	00b6d248	candidate_created	27
005706e0	00b6d770	candidate_created	54
00570720	00b6d728	candidate_created	7
00570730	00b6d72c	candidate_created	7
00570740	00b6d730	candidate_created	6
00570bf0	00b6d7ac	candidate_created	35
00570c20	00b6d720	candidate_created	45
00570c50	00b6d740	candidate_created	65
00575f79	00b5c9a4	candidate_created	13
00578b50	00b5b470	candidate_created	11
0057a680	00b6dcc4	candidate_created	832
0057c550	00b6e1b4	candidate_created	47
005843a0	00b707c8	candidate_created	5
005846a0	00b707c4	candidate_created	5
005846b0	00b708f4	candidate_created	12
005846f0	00b708ec	candidate_created	88
0058c5d0	00b70ec4	candidate_created	136
00590790	00b7130c	candidate_created	34
00590bd0	00b71310	candidate_created	1142
005922a0	00b71608	candidate_created	6
00592310	00b71648	candidate_created	6
00592380	00b71688	candidate_created	6
005923f0	00b716c8	candidate_created	6
00592460	00b71708	candidate_created	6
005924d0	00b71748	candidate_created	6
00592540	00b71788	candidate_created	6
005925b0	00b717c8	candidate_created	6
00592620	00b71808	candidate_created	6
00592690	00b71848	candidate_created	6
00592700	00b99578	candidate_created	17
00592720	00b9957c	candidate_created	17
005927a0	00b718c8	candidate_created	6
00592850	00b62088	candidate_created	5
005928a0	00b715d4	candidate_created	32
005928c0	00b715dc	candidate_created	32
005928e0	00b715e4	candidate_created	32
00592900	00b715ec	candidate_created	32
00592920	00b71620	candidate_created	6
00592930	00b7160c	candidate_created	35
00592960	00b71660	candidate_created	6
00592970	00b7164c	candidate_created	35
005929a0	00b716a0	candidate_created	6
005929b0	00b7168c	candidate_created	35
005929e0	00b716e0	candidate_created	6
005929f0	00b716cc	candidate_created	35
00592a20	00b71720	candidate_created	6
00592a30	00b7170c	candidate_created	35
00592a60	00b71760	candidate_created	6
00592a70	00b7174c	candidate_created	35
00592aa0	00b717a0	candidate_created	6
00592ab0	00b7178c	candidate_created	35
00592ae0	00b717e0	candidate_created	6
00592af0	00b717cc	candidate_created	35
00592b20	00b71820	candidate_created	6
00592b30	00b7180c	candidate_created	35
00592b60	00b71860	candidate_created	6
00592b70	00b7184c	candidate_created	35
00592ba0	00b718e0	candidate_created	6
00592bb0	00b718cc	candidate_created	35
00592c80	00b715a8	candidate_created	6
00592c90	00b71908	candidate_created	6
00592d00	00b715ac	candidate_created	35
00592d30	00b71888	candidate_created	6
00592d40	00b71948	candidate_created	6
00592db0	00b7188c	candidate_created	35
00592de0	00b719bc	candidate_created	33
00592e10	00b719c0	candidate_created	103
00592ed0	00b719e4	candidate_created	55
005944e0	00b720e4	candidate_created	12
005945c0	00b72124	candidate_created	12
005946a0	00b72164	candidate_created	46
00594780	00b721b0	candidate_created	143
00594d90	00b722dc	candidate_created	8
005952f0	00b72434	candidate_created	12
005953d0	00b72474	candidate_created	46
005954a0	00b724b4	candidate_created	46
00595680	00b72500	candidate_created	166
00596db0	00b737c4	candidate_created	29
00596dd0	00b737cc	candidate_created	29
00596f20	00b737f0	candidate_created	34
00597910	00b737d0	candidate_created	92
00597970	00b737a0	candidate_created	47
00597fe0	00b73790	candidate_created	33
00598010	00b7379c	candidate_created	10
00598020	00b737ec	candidate_created	98
00598530	00b737c8	candidate_created	237
005988f0	00b73858	candidate_created	37
00598970	00b738bc	candidate_created	32
00598990	00b73968	candidate_created	129
00598a20	00b73970	candidate_created	15
00598b50	00b7393c	candidate_created	80
00598d90	00b73850	candidate_created	33
00598dd0	00b7395c	candidate_created	7
00598de0	00b738a0	candidate_created	21
00598e00	00b61874	candidate_created	7
00598e10	00b73960	candidate_created	21
00598e30	00b73964	candidate_created	7
00598e50	00b738b4	candidate_created	26
00598e70	00b7397c	candidate_created	13
00598e90	00b73874	candidate_created	7
00598ea0	00b738e4	candidate_created	7
00598eb0	00b738ec	candidate_created	7
00598ec0	00b73988	candidate_created	7
00598ed0	00b738f4	candidate_created	7
00598ee0	00b738fc	candidate_created	7
00598ef0	00b73918	candidate_created	23
00598f20	00b73924	candidate_created	7
00598f40	00b73954	candidate_created	7
00598f50	00b73934	candidate_created	13
00598f60	00b73938	candidate_created	7
00598f70	00b73930	candidate_created	8
00598f80	00b7394c	candidate_created	7
00598f90	00b73978	candidate_created	13
00598fa0	00b73974	candidate_created	47
005990b0	00b73844	candidate_created	27
00599b90	00b73a34	candidate_created	86
00599bf0	00b73a3c	candidate_created	10
00599c00	00b73a44	candidate_created	91
00599c60	00b739c8	candidate_created	31
00599c80	00b739d0	candidate_created	765
0059a080	00b73a00	candidate_created	14
0059a4b0	00b739d8	candidate_created	1522
0059ac80	00b73a18	candidate_created	4
0059ac90	00b73a38	candidate_created	4
0059aca0	00b73a40	candidate_created	4
0059acb0	00b739b8	candidate_created	8
0059acc0	00b739c4	candidate_created	8
0059acf0	00b73a4c	candidate_created	27
0059b3d0	00b73a50	candidate_created	15
0059fee0	00b73ff8	candidate_created	8
005aa080	00b7599c	candidate_created	224
005ac340	00b75fd8	candidate_created	49
005ac380	00b75ff4	candidate_created	78
005ac3f0	00b6b394	candidate_created	6
005ac470	00b761b4	candidate_created	40
005ac950	00b75eb4	candidate_created	6
005ac960	00b75fd4	candidate_created	20
005acf50	00b75f78	candidate_created	6
005ad5f0	00b7603c	candidate_created	6
005adb10	00b760c8	candidate_created	6
005adba0	00b5f6ec	candidate_created	6
005ae080	00b76170	candidate_created	6
005ae190	00b7618c	candidate_created	6
005ae790	00b761c4	candidate_created	6
005aed30	00b75ec4	candidate_created	146
005aedd0	00b75ec8	candidate_created	212
005aeeb0	00b61258	candidate_created	122
005aef30	00b6125c	candidate_created	172
005aefe0	00b61204	candidate_created	95
005af040	00b61208	candidate_created	128
005af0c0	00b611e8	candidate_created	187
005af180	00b611ec	candidate_created	255
005af280	00b75b6c	candidate_created	352
005af3e0	00b75b70	candidate_created	394
005af570	00b6115c	candidate_created	72
005af5c0	00b61160	candidate_created	106
005af6b0	00b75fc0	candidate_created	74
005af700	00b61220	candidate_created	93
005af760	00b76030	candidate_created	95
005af7c0	00b76034	candidate_created	150
005af860	00b61224	candidate_created	128
005af9c0	00b75fe0	candidate_created	258
005afad0	00b75ff8	candidate_created	118
005afb50	00b75ffc	candidate_created	153
005afbf0	00b75fc4	candidate_created	106
005afc60	00b76148	candidate_created	328
005afdb0	00b7614c	candidate_created	339
005aff10	00b761a0	candidate_created	113
005aff90	00b76168	candidate_created	100
005b0020	00b5b5a0	candidate_created	54
005b0029	00d06b30	absorbed	0
005b0060	00b61144	candidate_created	125
005b007b	00d06bb0	absorbed	0
005b0140	00b760f4	candidate_created	179
005b0200	00b760f8	candidate_created	196
005b0310	00b75fa8	candidate_created	162
005b03c0	00b6123c	candidate_created	89
005b0420	00b61240	candidate_created	141
005b04b0	00b75bdc	candidate_created	95
005b0510	00b611b4	candidate_created	128
005b0590	00b611b0	candidate_created	91
005b05f0	00b61db8	candidate_created	81
005b0650	00b61d28	candidate_created	87
005b06b0	00b61d2c	candidate_created	100
005b0720	00b76180	candidate_created	72
005b0770	00b76184	candidate_created	105
005b07e0	00b75b88	candidate_created	91
005b0840	00b75b8c	candidate_created	128
005b08c0	00b61d44	candidate_created	259
005b09d0	00b61d48	candidate_created	237
005b0ac0	00b75ee0	candidate_created	197
005b0b90	00b75ee4	candidate_created	227
005b0d10	00b75f00	candidate_created	240
005b0e00	00b61d60	candidate_created	166
005b0eb0	00b61d64	candidate_created	265
005b0fc0	00b61178	candidate_created	91
005b1020	00b6117c	candidate_created	126
005b11f0	00b61198	candidate_created	419
005b13a0	00b75ea8	candidate_created	103
005b1410	00b75eac	candidate_created	201
005b14e0	00b75e8c	candidate_created	110
005b1550	00b75e90	candidate_created	145
005b15f0	00b761b8	candidate_created	72
005b1640	00b761bc	candidate_created	105
005b1770	00b75bc4	candidate_created	100
005b17e0	00b75f18	candidate_created	194
005b18b0	00b75f1c	candidate_created	207
005b1980	00b75f38	candidate_created	125
005b1a00	00b75f34	candidate_created	92
005b1a60	00b75f54	candidate_created	339
005b1bc0	00b75f50	candidate_created	287
005b1ce0	00b61d7c	candidate_created	91
005b1d40	00b61d80	candidate_created	127
005b1dc0	00b75f6c	candidate_created	293
005b1ef0	00b75f70	candidate_created	298
005b2020	00b75f8c	candidate_created	219
005b2100	00b75f88	candidate_created	176
005b21b0	00b75be0	candidate_created	150
005b4980	00b61c1c	candidate_created	52
005b49c0	00b61808	candidate_created	35
005b49f0	00b61804	candidate_created	116
005b4a70	00b6180c	candidate_created	25
005b4a90	00b61810	candidate_created	41
005b4ac0	00b61814	candidate_created	118
005b4c30	00b61898	candidate_created	73
005b4c80	00b618a0	candidate_created	73
005b4cd0	00b618a8	candidate_created	73
005b4d20	00b618b0	candidate_created	73
005b4d70	00b618c0	candidate_created	13
005b4ed0	00b618fc	candidate_created	34
005b4f00	00b61a64	candidate_created	31
005b4f20	00b61a6c	candidate_created	212
005b5b30	00b61a78	candidate_created	181
005b6340	00b61c80	candidate_created	94
005b66d0	00b61a1c	candidate_created	2014
005b9bc0	00b61b1c	candidate_created	26
005b9fb0	00b61ba0	candidate_created	792
005bb160	00b617dc	candidate_created	258
005bb610	00b61b68	candidate_created	2074
005bd450	00b61798	candidate_created	87
005bdd60	00b61a74	candidate_created	175
005c2ca0	00b61938	candidate_created	11
005c2cb0	00b6193c	candidate_created	11
005c2cc0	00b61940	candidate_created	11
005c2cd0	00b61944	candidate_created	11
005c2ce0	00b61948	candidate_created	49
005c2d20	00b6194c	candidate_created	11
005c2d30	00b61950	candidate_created	13
005c2d40	00b61954	candidate_created	7
005c2d50	00b61958	candidate_created	13
005c2d60	00b6195c	candidate_created	7
005c2d70	00b61960	candidate_created	25
005c2d90	00b61964	candidate_created	7
005c2da0	00b619a8	candidate_created	13
005c2db0	00b619ac	candidate_created	7
005c2dc0	00b619b8	candidate_created	49
005c2e00	00b619bc	candidate_created	52
005c2e60	00b619d4	candidate_created	36
005c2e90	00b619fc	candidate_created	34
005c2ec0	00b619e4	candidate_created	29
005c2ee0	00b61a04	candidate_created	65
005c2f00	00b617b0	candidate_created	50
005c2f40	00b617b8	candidate_created	50
005c2f80	00b619e0	candidate_created	32
005c2fa0	00b61a10	candidate_created	22
005c2fc0	00b61a18	candidate_created	22
005c3050	00b61934	candidate_created	7
005c35f0	00b619cc	candidate_created	41
005c3680	00b619f4	candidate_created	39
005c36b0	00b619d8	candidate_created	100
005c39b0	00b619dc	candidate_created	336
005c43c0	00b619b4	candidate_created	90
005c4fa0	00b768fc	candidate_created	16
005c5a80	00b620a4	candidate_created	5
005c5ac0	00b61fd0	candidate_created	38
005c5af0	00b61fd4	candidate_created	38
005c5b20	00b620b4	candidate_created	78
005c6680	00b621d8	candidate_created	69
005c68d0	00b61fa8	candidate_created	43
005c6af0	00b61fb0	candidate_created	61
005c6f50	00b621d4	candidate_created	328
005c8fd0	00b76ad4	candidate_created	22
005c98c0	00b64b9c	candidate_created	21
005c9a10	00b64b74	candidate_created	107
005c9a80	00b64bd8	candidate_created	36
005c9b40	00b64ca4	candidate_created	133
005c9ca0	00b64cf8	candidate_created	55
005c9ce0	00b64d0c	candidate_created	71
005c9f10	00b64c8c	candidate_created	1418
005ca4e0	00b64ca0	candidate_created	1133
005ca990	00b64cb4	candidate_created	1614
005cbae0	00b64cf0	candidate_created	1222
005cbfe0	00b64d04	candidate_created	1222
005cc890	00b64d2c	candidate_created	1130
005ccd30	00b64d40	candidate_created	1417
005cd300	00b64cdc	candidate_created	1417
005d3060	00b77264	candidate_created	28
005d30c0	00b7735c	candidate_created	209
005d31a0	00b77358	candidate_created	7
005d3320	00b772e8	candidate_created	26
005d3340	00b772f0	candidate_created	26
005d3360	00b772f4	candidate_created	40
005d3390	00b772f8	candidate_created	46
005d33c0	00b772d8	candidate_created	40
005d33f0	00b772dc	candidate_created	44
005d3430	00b7731c	candidate_created	33
005d3460	00b77320	candidate_created	18
005d3480	00b772cc	candidate_created	17
005d34c0	00b772bc	candidate_created	64
005d3640	00b7733c	candidate_created	7
005d3660	00b77300	candidate_created	7
005d3670	00b77308	candidate_created	7
005d3680	00b772e4	candidate_created	10
005d3690	00b772e0	candidate_created	4
005d36a0	00b77350	candidate_created	17
005d3af0	00b77360	candidate_created	1358
005d4040	00b77334	candidate_created	973
005d6cb0	00b77604	candidate_created	28
005d6cd0	00b77688	candidate_created	8
005d6ce0	00b7768c	candidate_created	8
005d6cf0	00b77690	candidate_created	8
005d6d00	00b77694	candidate_created	13
005d6d10	00b77698	candidate_created	13
005d6d20	00b7769c	candidate_created	13
005d6d30	00b776a0	candidate_created	13
005d6d40	00b776a4	candidate_created	13
005d6d50	00b776a8	candidate_created	93
005d6d60	00b776ac	candidate_created	23
005d6d80	00b776b0	candidate_created	13
005d6d90	00b776b4	candidate_created	29
005d6db0	00b776b8	candidate_created	13
005d6eb0	00b776ec	candidate_created	39
005d70a0	00b776c0	candidate_created	137
005d70b0	00b776c4	candidate_created	34
005d70c0	00b776c8	candidate_created	15
005d70d0	00b776cc	candidate_created	30
005d70e0	00b776d0	candidate_created	100
005d70f0	00b776d4	candidate_created	15
005d7100	00b776d8	candidate_created	25
005d7120	00b776dc	candidate_created	23
005d7140	00b776e0	candidate_created	16
005d7150	00b776e4	candidate_created	16
005d7650	00b77684	candidate_created	142
005d76e0	00b776e8	candidate_created	62
005d7b20	00b777b4	candidate_created	8
005d7b80	00b777d0	candidate_created	37
005d7b90	00b777d4	candidate_created	27
005d8050	00b777c0	candidate_created	351
005d81b0	00b777cc	candidate_created	252
005d8750	00b77808	candidate_created	16
005d87c0	00b77818	candidate_created	29
005d87e0	00b7781c	candidate_created	8
005d87f0	00b77820	candidate_created	12
005d8800	00b77838	candidate_created	8
005d8810	00b7783c	candidate_created	8
005d88b0	00b77828	candidate_created	318
005d9130	00b77878	candidate_created	826
005d9190	00b77888	candidate_created	15
005d91a0	00b77890	candidate_created	43
005d94c0	00b7788c	candidate_created	114
005d9ef0	00b778e0	candidate_created	37
005d9f40	00b77900	candidate_created	20
005d9f60	00b77904	candidate_created	20
005d9fb0	00b7790c	candidate_created	20
005dafe0	00b7794c	candidate_created	28
005db480	00b779bc	candidate_created	39
005dc5b0	00b77990	candidate_created	207
005dcf30	00b779a4	candidate_created	246
005dd030	00b779a8	candidate_created	263
005dd150	00b779b0	candidate_created	136
005e11d0	00ccb7ac	candidate_created	22
005e11f0	00ccb7b4	candidate_created	165
005e12a0	00ccb7bc	candidate_created	431
005e1450	00ccb7c4	candidate_created	224
005e1530	00ccb7cc	candidate_created	309
005e1720	00ccb7d4	candidate_created	26
005e17f0	00ccb7dc	candidate_created	26
005e1810	00ccb7e4	candidate_created	94
005e1960	00ccb7f4	candidate_created	119
005e1990	00ccb7fc	candidate_created	73
005e1ce0	00ccb814	candidate_created	178
005e1e50	00ccb8b4	candidate_created	130
005e2090	00ccb884	candidate_created	181
005e2300	00ccb894	candidate_created	117
005e26b0	00ccb8a4	candidate_created	124
005e2b80	00ccb82c	candidate_created	130
005e3220	00ccb864	candidate_created	136
005e32b0	00ccb86c	candidate_created	173
005e3360	00ccb874	candidate_created	111
005e33d0	00ccb87c	candidate_created	95
005e3430	00ccb8bc	candidate_created	153
005e34d0	00ccb8c4	candidate_created	103
005e3540	00ccb8cc	candidate_created	103
005e35b0	00ccb8d4	candidate_created	103
005e3620	00ccb8dc	candidate_created	103
005e3690	00ccb8e4	candidate_created	103
005e3700	00ccb8ec	candidate_created	103
005e3770	00ccb8fc	candidate_created	18
005e5c50	00b77bb4	candidate_created	28
005e6a50	00b77cd4	candidate_created	28
005e6aa0	00b77c60	candidate_created	31
005e6ac0	00b77c50	candidate_created	45
005e6af0	00b77c54	candidate_created	45
005e6df0	00b45188	candidate_created	18
005e70c0	00b45184	candidate_created	767
005e7580	00b78034	candidate_created	18
005e75d0	00b7803c	candidate_created	139
005e78c0	00b780a4	candidate_created	14
005e78d0	00b780a8	candidate_created	112
005e7940	00b780b0	candidate_created	303
005e7b80	00b78118	candidate_created	143
005e7c50	00b78120	candidate_created	153
005e7cf0	00b7811c	candidate_created	263
005e7f10	00b78184	candidate_created	40
005e7f40	00b78188	candidate_created	143
005e7fd0	00b78190	candidate_created	153
005e8180	00b781f4	candidate_created	40
005e81b0	00b781f8	candidate_created	143
005e8240	00b78200	candidate_created	153
005e83f0	00b7826c	candidate_created	40
005e8420	00b78270	candidate_created	143
005e84b0	00b78278	candidate_created	153
005e8660	00b782dc	candidate_created	40
005e8690	00b782e0	candidate_created	143
005e8720	00b782e8	candidate_created	153
005e88d0	00b78358	candidate_created	143
005e8960	00b78360	candidate_created	153
005e8a00	00b7818c	candidate_created	256
005e8c10	00b783c4	candidate_created	40
005e8c40	00b783c8	candidate_created	143
005e8cd0	00b783d0	candidate_created	153
005e8e80	00b78114	candidate_created	40
005e8eb0	00b78440	candidate_created	67
005e8f50	00b78448	candidate_created	153
005e9100	00b78354	candidate_created	40
005e9130	00b784c0	candidate_created	104
005e91a0	00b784c8	candidate_created	153
005e9350	00b7853c	candidate_created	40
005e9380	00b78540	candidate_created	96
005e93e0	00b78548	candidate_created	153
005e9520	00b785bc	candidate_created	18
005e96f0	00b78624	candidate_created	14
005e9700	00b78630	candidate_created	384
005e9960	00b7862c	candidate_created	254
005e9c10	00b7870c	candidate_created	40
005e9c40	00b78710	candidate_created	140
005e9d10	00b78718	candidate_created	214
005e9f00	00b78784	candidate_created	40
005e9f30	00b78788	candidate_created	147
005e9fd0	00b78790	candidate_created	220
005ea1c0	00b787fc	candidate_created	40
005ea1f0	00b78800	candidate_created	147
005ea290	00b78808	candidate_created	220
005ea480	00b78874	candidate_created	40
005ea4b0	00b78878	candidate_created	147
005ea550	00b78880	candidate_created	220
005ea740	00b788f4	candidate_created	40
005ea770	00b788f8	candidate_created	147
005ea810	00b78900	candidate_created	220
005eaa00	00b7896c	candidate_created	40
005eaa30	00b78970	candidate_created	147
005eaad0	00b78978	candidate_created	220
005eacc0	00b789e4	candidate_created	40
005eacf0	00b789e8	candidate_created	147
005ead90	00b789f0	candidate_created	220
005eaf80	00b78a5c	candidate_created	40
005eafb0	00b78a60	candidate_created	147
005eb050	00b78a68	candidate_created	220
005eb240	00b78ae4	candidate_created	40
005eb270	00b78ae8	candidate_created	147
005eb310	00b78af0	candidate_created	220
005eb500	00b78b54	candidate_created	40
005eb530	00b78b58	candidate_created	147
005eb5d0	00b78b60	candidate_created	220
005eb7c0	00b78bcc	candidate_created	40
005eb7f0	00b78bd0	candidate_created	147
005eb890	00b78bd8	candidate_created	220
005ebae0	00b78c58	candidate_created	553
005ebdf0	00b78c54	candidate_created	253
005ec000	00b78c4c	candidate_created	14
005ec010	00b78cb8	candidate_created	70
005ec060	00b78cc0	candidate_created	220
005ec3f0	00b78e18	candidate_created	283
005ec720	00b78e8c	candidate_created	52
005ec760	00b78e90	candidate_created	167
005ec860	00b78e98	candidate_created	220
005eca50	00b78efc	candidate_created	52
005eca90	00b78f00	candidate_created	167
005ecb40	00b78f08	candidate_created	220
005ece70	00b78fe0	candidate_created	220
005ed0d0	00b78f6c	candidate_created	18
005ed140	00b79050	candidate_created	388
005ed3e0	00b790c8	candidate_created	77
005ed430	00b790d0	candidate_created	220
005ed6a0	00b79140	candidate_created	236
005ed8a0	00b791a8	candidate_created	77
005ed8f0	00b791b0	candidate_created	220
005ed9d0	00b790cc	candidate_created	254
005edb70	00b790c4	candidate_created	14
005ee3b0	00b793a0	candidate_created	422
005ee560	00b7939c	candidate_created	319
005ee6a0	00b79398	candidate_created	140
005eea20	00b79420	candidate_created	220
005eeb00	00b79418	candidate_created	54
005ef260	00b78698	candidate_created	78
005ef3a0	00b78d28	candidate_created	78
005efd50	00b79508	candidate_created	11
005f0080	00b795c4	candidate_created	575
005f0580	00b79644	candidate_created	6
005f0590	00b79660	candidate_created	45
005f05c0	00b79618	candidate_created	8
005f05d0	00b7960c	candidate_created	8
005f05f0	00b7961c	candidate_created	8
005f0600	00b79620	candidate_created	8
005f0610	00b79664	candidate_created	44
005f08d0	00b79628	candidate_created	3018
005f14a0	00b79574	candidate_created	3485
005f22e0	00b79f54	candidate_created	30
005f2300	00b79f58	candidate_created	54
005f2340	00b79f5c	candidate_created	28
005f23b0	00b79de4	candidate_created	25
005f23d0	00b79d30	candidate_created	53
005f24c0	00b79e04	candidate_created	37
005f24f0	00b79e08	candidate_created	19
005f27f0	00b79ebc	candidate_created	178
005f4b10	00b79e78	candidate_created	109
005f4b80	00b79e18	candidate_created	4
005f4b90	00b79e20	candidate_created	13
005f4bb0	00b79d4c	candidate_created	17
005f4bd0	00b79d58	candidate_created	13
005f4c00	00b79e50	candidate_created	11
005f4c10	00b79e5c	candidate_created	11
005f4c20	00b79df4	candidate_created	11
005f4c30	00b79e00	candidate_created	11
005f4c40	00b79dd0	candidate_created	11
005f4c50	00b79ddc	candidate_created	11
005f4c60	00b79d0c	candidate_created	11
005f4c70	00b79d18	candidate_created	11
005f4c80	00b79e70	candidate_created	14
005f4c90	00b79e74	candidate_created	32
005f4cb0	00b79e54	candidate_created	11
005f4cc0	00b79e58	candidate_created	11
005f4cd0	00b79df8	candidate_created	11
005f4ce0	00b79dfc	candidate_created	11
005f4cf0	00b79dd4	candidate_created	11
005f4d00	00b79dd8	candidate_created	11
005f4d10	00b79d10	candidate_created	11
005f4d20	00b79d14	candidate_created	11
005f5030	00b451a8	candidate_created	47
005f5060	00b451ac	candidate_created	39
005f5190	00b79fe8	candidate_created	28
005f5590	00b451d0	candidate_created	18
005f5820	00b7a1cc	candidate_created	6
005f5830	00b7a1ec	candidate_created	34
005f5860	00b7a1e8	candidate_created	26
005f5880	00b7a1b4	candidate_created	5
005f5c30	00b7a2d0	candidate_created	54
005f5c70	00b7a2d8	candidate_created	105
005f5df0	00b7a348	candidate_created	55
005f5e30	00b7a350	candidate_created	153
005f5fe0	00b7a3c0	candidate_created	55
005f6020	00b7a3c8	candidate_created	153
005f61d0	00b7a438	candidate_created	55
005f6255	00bab5e8	candidate_created	84
005f6275	00bab6b0	absorbed	0
005f63c0	00b7a4b0	candidate_created	59
005f6400	00b7a4b8	candidate_created	153
005f65b0	00b7a528	candidate_created	59
005f65f0	00b7a530	candidate_created	153
005f6810	00b7a5a8	candidate_created	153
005f6a30	00b7a620	candidate_created	153
005f6c50	00b7a698	candidate_created	153
005f6e00	00b7a59c	candidate_created	18
005f6e80	00b7a710	candidate_created	153
005f70b0	00b7a788	candidate_created	173
005f7270	00b7a7f0	candidate_created	95
005f72d0	00b7a7f8	candidate_created	153
005f7480	00b7a860	candidate_created	95
005f74e0	00b7a868	candidate_created	153
005f7690	00b7a8d8	candidate_created	173
005f7900	00b7a948	candidate_created	84
005f7960	00b7a950	candidate_created	153
005f7b10	00b7a9b8	candidate_created	134
005f7ba0	00b7a9c0	candidate_created	153
005f7d50	00b7aa30	candidate_created	134
005f7de0	00b7aa38	candidate_created	153
005f7f90	00b7aaa0	candidate_created	95
005f7ff0	00b7aaa8	candidate_created	153
005f8200	00b7ab10	candidate_created	153
005f83b0	00b7ab80	candidate_created	95
005f8410	00b7ab88	candidate_created	153
005f85c0	00b7abf0	candidate_created	95
005f8620	00b7abf8	candidate_created	153
005f87d0	00b7ac68	candidate_created	95
005f8830	00b7ac70	candidate_created	153
005f89f0	00b7acd8	candidate_created	95
005f8a50	00b7ace0	candidate_created	153
005f8c60	00b7ad58	candidate_created	153
005f8e10	00b7adc8	candidate_created	95
005f8e70	00b7add0	candidate_created	153
005f9020	00b7ae40	candidate_created	95
005f9080	00b7ae48	candidate_created	153
005f9230	00b7aeb8	candidate_created	95
005f9290	00b7aec0	candidate_created	153
005f9440	00b7af30	candidate_created	95
005f94a0	00b7af38	candidate_created	153
005f9650	00b7afa8	candidate_created	95
005f96b0	00b7afb0	candidate_created	153
005f9860	00b7b028	candidate_created	95
005f98c0	00b7b030	candidate_created	153
005f9a70	00b7b0a8	candidate_created	95
005f9ad0	00b7b0b0	candidate_created	153
005f9ce0	00b7b130	candidate_created	153
005f9e90	00b7b1a8	candidate_created	95
005f9ef0	00b7b1b0	candidate_created	153
005fa100	00b7b238	candidate_created	153
005fa2b0	00b7b2a8	candidate_created	95
005fa310	00b7b2b0	candidate_created	153
005fa4c0	00b7b320	candidate_created	95
005fa520	00b7b328	candidate_created	153
005fa740	00b7b3a8	candidate_created	153
005fa960	00b7b410	candidate_created	153
005fab20	00b7b488	candidate_created	222
005fade0	00b7b4f8	candidate_created	222
005fb120	00b7b568	candidate_created	153
005fb2d0	00b7b5c8	candidate_created	95
005fb330	00b7b5d0	candidate_created	153
005fb540	00b7b650	candidate_created	153
005fb6f0	00b7b6c8	candidate_created	102
005fb760	00b7b6d0	candidate_created	153
005fb980	00b7b750	candidate_created	153
005fbb30	00b7b7c0	candidate_created	95
005fbb90	00b7b7c8	candidate_created	153
005fbd40	00b7b838	candidate_created	101
005fbdb0	00b7b840	candidate_created	153
005fbfc0	00b7b8c0	candidate_created	153
005fc1d0	00b7b930	candidate_created	153
005fc3e0	00b7b9b0	candidate_created	153
005fc590	00b7ba20	candidate_created	99
005fc600	00b7ba28	candidate_created	153
005fc810	00b7baa0	candidate_created	153
005fca40	00b7bb18	candidate_created	173
005fcc00	00b7bb98	candidate_created	222
005fcdf0	00b7bc10	candidate_created	222
005fd060	00b7bc80	candidate_created	40
005fd090	00b7bc88	candidate_created	153
005fd320	00b7bd00	candidate_created	450
005fd730	00b7bde8	candidate_created	35
005fd880	00b7be68	candidate_created	214
005fdb40	00b7bed8	candidate_created	283
005fde00	00b7bf40	candidate_created	50
005fde40	00b7bf48	candidate_created	220
005fe030	00b7bfb8	candidate_created	40
005fe060	00b7bfc0	candidate_created	220
005fe2b0	00b7c030	candidate_created	74
005fe300	00b7c038	candidate_created	388
005fe610	00b7c0a8	candidate_created	123
005fe690	00b7c0b0	candidate_created	404
005fe9b0	00b7c118	candidate_created	123
005fea30	00b7c120	candidate_created	404
005fed50	00b7c190	candidate_created	220
005fefb0	00b7c200	candidate_created	220
005ff1a0	00b7bd6c	candidate_created	18
005ff1c0	00b7c268	candidate_created	40
005ff1f0	00b7c270	candidate_created	220
005ff3e0	00b7c2e4	candidate_created	18
005ff400	00b7c2e8	candidate_created	46
005ff430	00b7c2f0	candidate_created	220
005ff620	00b7c360	candidate_created	57
005ff660	00b7c368	candidate_created	236
005ff860	00b7c3c8	candidate_created	57
005ff8a0	00b7c3d0	candidate_created	236
005ffaa0	00b7c430	candidate_created	46
005ffad0	00b7c438	candidate_created	220
005ffcc0	00b7c35c	candidate_created	18
005ffce0	00b7c498	candidate_created	40
005ffd10	00b7c4a0	candidate_created	220
006002b0	00b451f4	candidate_created	18
006009c0	00b451f0	candidate_created	468
00600cd0	00b7c6f4	candidate_created	18
00600cf0	00b7c700	candidate_created	210
00601010	00b7c768	candidate_created	143
00601210	00b7c7e8	candidate_created	143
00601410	00b7c858	candidate_created	143
006015b0	00b7c8c8	candidate_created	95
00601610	00b7c8d0	candidate_created	143
00601810	00b7c948	candidate_created	143
006019b0	00b7c9b8	candidate_created	95
00601a10	00b7c9c0	candidate_created	143
00601bb0	00b7ca30	candidate_created	95
00601c10	00b7ca38	candidate_created	143
00601db0	00b7caa8	candidate_created	95
00601e10	00b7cab0	candidate_created	143
00602050	00b7cb38	candidate_created	178
006024c0	00b7cbc8	candidate_created	190
00602750	00b7cc38	candidate_created	190
006029e0	00b7cca8	candidate_created	190
00602c70	00b7cd18	candidate_created	190
00602f00	00b7cd98	candidate_created	190
00603190	00b7ce18	candidate_created	190
00603420	00b7ce98	candidate_created	190
006036b0	00b7cf18	candidate_created	190
00603940	00b7cf90	candidate_created	190
00603bd0	00b7d010	candidate_created	190
00603e60	00b7d090	candidate_created	190
006040f0	00b7d108	candidate_created	190
00604380	00b7d188	candidate_created	190
006045b0	00b7d200	candidate_created	143
006047b0	00b7d278	candidate_created	143
006049b0	00b7d2e8	candidate_created	143
00604bb0	00b7d360	candidate_created	143
00604db0	00b7d3d8	candidate_created	143
00604fb0	00b7d448	candidate_created	143
006051b0	00b7d4c0	candidate_created	143
006053b0	00b7d538	candidate_created	143
006055b0	00b7d5b0	candidate_created	143
006057b0	00b7d628	candidate_created	143
00605950	00b7d6a0	candidate_created	97
006059c0	00b7d6a8	candidate_created	143
00605b60	00b7d720	candidate_created	97
00605bd0	00b7d728	candidate_created	143
00605d80	00b7d7a0	candidate_created	210
00606090	00b7d808	candidate_created	143
006062f0	00b7d870	candidate_created	190
00606580	00b7d8d8	candidate_created	190
00606810	00b7d948	candidate_created	190
00606aa0	00b7d9c0	candidate_created	190
00606c70	00b7da20	candidate_created	95
00606cd0	00b7da28	candidate_created	143
00606e70	00b7da98	candidate_created	95
00606ed0	00b7daa0	candidate_created	143
00607070	00b7db10	candidate_created	95
006070d0	00b7db18	candidate_created	143
006072f0	00b7db90	candidate_created	162
00607550	00b7dc08	candidate_created	178
006077c0	00b7dc80	candidate_created	178
00607a30	00b7dd00	candidate_created	178
00607af0	00b7cb34	candidate_created	182
00607d60	00b7dd78	candidate_created	178
00607f30	00b7d794	candidate_created	18
00607fb0	00b7ddf0	candidate_created	143
006081b0	00b7de58	candidate_created	143
00608410	00b7dec0	candidate_created	190
006086a0	00b7df28	candidate_created	190
00608930	00b7df90	candidate_created	190
00608bc0	00b7dff8	candidate_created	190
00608e40	00b7e060	candidate_created	178
006090c0	00b7e0c8	candidate_created	178
00609340	00b7e130	candidate_created	178
00609520	00b7e198	candidate_created	210
006098a0	00b7e200	candidate_created	143
00609ab0	00b7e270	candidate_created	143
00609c50	00b7e2e8	candidate_created	106
00609cc0	00b7e2f0	candidate_created	143
00609f30	00b7e368	candidate_created	190
0060a170	00b7e3f8	candidate_created	143
0060a7b0	00b7e518	candidate_created	143
0060a840	00b7e3f4	candidate_created	182
0060aae0	00b7e590	candidate_created	190
0060ad20	00b7e608	candidate_created	143
0060af90	00b7e680	candidate_created	190
0060b050	00b7cbc4	candidate_created	182
0060b2d0	00b7e6f8	candidate_created	178
0060b550	00b7e778	candidate_created	178
0060b7d0	00b7e7f0	candidate_created	178
0060ba70	00b7e870	candidate_created	190
0060bd10	00b7e8e0	candidate_created	190
0060bfe0	00b7e970	candidate_created	237
0060c210	00b7e96c	candidate_created	182
0060c5d0	00b7e9e8	candidate_created	190
0060c850	00b7ea60	candidate_created	178
0060ca90	00b7eae0	candidate_created	143
0060cc30	00b7de4c	candidate_created	18
0060ccc0	00b7eb58	candidate_created	143
0060cec0	00b7ebc0	candidate_created	74
0060cf10	00b7ebc8	candidate_created	246
0060d180	00b7ec38	candidate_created	74
0060d1d0	00b7ec40	candidate_created	246
0060d3e0	00b7ecb0	candidate_created	74
0060d430	00b7ecb8	candidate_created	143
0060d5d0	00b7ed28	candidate_created	74
0060d620	00b7ed30	candidate_created	143
0060d7c0	00b7eda8	candidate_created	143
0060da20	00b7ee20	candidate_created	190
0060dbf0	00b7ee80	candidate_created	95
0060dc50	00b7ee88	candidate_created	143
0060ddf0	00b7ebbc	candidate_created	18
0060de10	00b7ef08	candidate_created	95
0060de70	00b7ef10	candidate_created	143
0060e010	00b7ef8c	candidate_created	18
0060e030	00b7ef90	candidate_created	68
0060e080	00b7ef98	candidate_created	162
0060e2b0	00b7f008	candidate_created	315
0060e610	00b7effc	candidate_created	18
0060e630	00b7f078	candidate_created	68
0060e680	00b7f080	candidate_created	262
0060e910	00b7f0f0	candidate_created	68
0060e960	00b7f0f8	candidate_created	313
0060ec20	00b7f168	candidate_created	54
0060ec60	00b7f170	candidate_created	246
0060eee0	00b7f1d8	candidate_created	76
0060ef30	00b7f1e0	candidate_created	262
0060f1c0	00b7f250	candidate_created	76
0060f210	00b7f258	candidate_created	262
0060f4a0	00b7f2c8	candidate_created	54
0060f4e0	00b7f2d0	candidate_created	246
0060f760	00b7f350	candidate_created	315
0060fac0	00b7f3c0	candidate_created	68
0060fb10	00b7f3c8	candidate_created	313
0060fdd0	00b7f438	candidate_created	68
0060fe20	00b7f440	candidate_created	313
006100e0	00b7f4b0	candidate_created	54
00610120	00b7f4b8	candidate_created	246
006103a0	00b7f528	candidate_created	76
006103f0	00b7f530	candidate_created	262
00610680	00b7f5a0	candidate_created	76
006106d0	00b7f5a8	candidate_created	262
00610960	00b7f618	candidate_created	54
006109a0	00b7f620	candidate_created	246
00610bb0	00b7f698	candidate_created	40
00610be0	00b7f6a0	candidate_created	143
00610d80	00b7f710	candidate_created	40
00610db0	00b7f718	candidate_created	143
00610f50	00b7f788	candidate_created	40
00610f80	00b7f790	candidate_created	143
006112d0	00b7f960	candidate_created	35
00611410	00b7f9d8	candidate_created	93
00611470	00b7f9e0	candidate_created	143
00611670	00b7fa58	candidate_created	143
00611810	00b7fab8	candidate_created	54
00611850	00b7fac0	candidate_created	143
006119f0	00b7fb20	candidate_created	59
00611a30	00b7fb28	candidate_created	143
00611bd0	00b7fb98	candidate_created	77
00611c20	00b7fba0	candidate_created	143
00611dc0	00b7fc08	candidate_created	68
00611e10	00b7fc10	candidate_created	143
00611fb0	00b7fc78	candidate_created	77
00612000	00b7fc80	candidate_created	143
006121a0	00b7fcf0	candidate_created	210
00612420	00b7fd60	candidate_created	210
00612710	00b7fdd0	candidate_created	46
00612740	00b7fdd8	candidate_created	246
00612b00	00b7fe58	candidate_created	94
00612b60	00b7fe60	candidate_created	570
00612eb0	00b7fed8	candidate_created	71
00612f00	00b7fee0	candidate_created	143
006130a0	00b7ff40	candidate_created	64
006130e0	00b7ff48	candidate_created	143
00613280	00b7ffb8	candidate_created	181
00613340	00b7ffc0	candidate_created	143
00613540	00b7ffb4	candidate_created	65
00613590	00b80038	candidate_created	105
00613600	00b80040	candidate_created	246
00613700	00b7eda0	candidate_created	52
00613b20	00b45218	candidate_created	18
006140f0	00b8029c	candidate_created	18
00614280	00b80308	candidate_created	54
006142c0	00b80310	candidate_created	105
006157f0	00b80990	candidate_created	70
00615840	00b80998	candidate_created	105
006158b0	00b80994	candidate_created	138
00615a50	00b80a18	candidate_created	222
00615cc0	00b80a0c	candidate_created	14
00615cd0	00b80a90	candidate_created	222
00615f40	00b80af4	candidate_created	35
00615f70	00b80af8	candidate_created	47
00615fa0	00b80b00	candidate_created	153
00616150	00b80b70	candidate_created	53
00616190	00b80b78	candidate_created	153
00616340	00b80be8	candidate_created	53
00616369	00bbd0b0	absorbed	0
00616380	00b80bf0	candidate_created	153
00616530	00b80c58	candidate_created	53
00616553	00b81034	absorbed	0
00616570	00b80c60	candidate_created	153
00616720	00b80cd8	candidate_created	54
006170f0	00b45260	candidate_created	18
00619e20	00b81a5c	candidate_created	12
00619e60	00b81a60	candidate_created	83
00619ec0	00b81a68	candidate_created	105
0061a0e0	00b81ad0	candidate_created	96
0061a250	00b81b30	candidate_created	95
0061a2b0	00b81b38	candidate_created	96
0061a420	00b81ba0	candidate_created	83
0061a480	00b81ba8	candidate_created	96
0061a560	00b81c10	candidate_created	78
0061a770	00b81c88	candidate_created	115
0061a7f0	00b81c84	candidate_created	134
0061a990	00b81ac4	candidate_created	49
0061aa60	00b81cf8	candidate_created	96
0061abd0	00b81d54	candidate_created	12
0061ac10	00b81d58	candidate_created	101
0061ac80	00b81d60	candidate_created	96
0061adf0	00b81dd0	candidate_created	106
0061ae60	00b81dd8	candidate_created	96
0061b040	00b81e50	candidate_created	208
0061b2d0	00b81ec0	candidate_created	163
0061b5a0	00b81f38	candidate_created	210
0061b7b0	00b81dcc	candidate_created	49
0061b7f0	00b81fa8	candidate_created	74
0061b8c0	00b82024	candidate_created	12
0061b900	00b82028	candidate_created	74
0061ba60	00b820a0	candidate_created	54
0061baa0	00b820a8	candidate_created	96
0061bc10	00b82118	candidate_created	163
0061bec0	00b82190	candidate_created	208
0061c1a0	00b82200	candidate_created	69
0061c1f0	00b82208	candidate_created	159
0061c4f0	00b82280	candidate_created	309
0061c7e0	00b822f8	candidate_created	40
0061c810	00b82300	candidate_created	96
0061c980	00b82378	candidate_created	46
0061c9b0	00b82380	candidate_created	96
0061cb20	00b823f0	candidate_created	48
0061cb50	00b823f8	candidate_created	96
0061cd30	00b82468	candidate_created	210
0061d010	00b824c8	candidate_created	71
0061d060	00b824d0	candidate_created	143
0061d260	00b82548	candidate_created	71
0061d2b0	00b82550	candidate_created	143
0061d4b0	00b825c0	candidate_created	71
0061d500	00b825c8	candidate_created	143
0061d6a0	00b82640	candidate_created	46
0061d6d0	00b82648	candidate_created	96
0061d840	00b826b8	candidate_created	46
0061d870	00b826c0	candidate_created	96
0061d9e0	00b82738	candidate_created	46
0061da10	00b82740	candidate_created	96
0061db80	00b827b8	candidate_created	46
0061dbb0	00b827c0	candidate_created	96
0061dd20	00b82830	candidate_created	46
0061dd50	00b82838	candidate_created	96
0061dec0	00b828a8	candidate_created	46
0061def0	00b828b0	candidate_created	96
0061e060	00b82920	candidate_created	46
0061e090	00b82928	candidate_created	96
0061e280	00b829a0	candidate_created	115
0061e420	00b82a18	candidate_created	163
0061e700	00b82a88	candidate_created	163
0061e9d0	00b82af0	candidate_created	46
0061ea00	00b82af8	candidate_created	96
0061eb70	00b82b60	candidate_created	46
0061eba0	00b82b68	candidate_created	96
0061ed10	00b82bd8	candidate_created	46
0061ed40	00b82be0	candidate_created	96
0061ef10	00b82c58	candidate_created	96
0061f090	00b82cc0	candidate_created	163
0061f360	00b82d38	candidate_created	163
0061f630	00b8210c	candidate_created	18
0061f650	00b82db0	candidate_created	163
0061f920	00b82e28	candidate_created	163
0061fbf0	00b82ea0	candidate_created	163
0061fec0	00b82f20	candidate_created	163
00620170	00b82f90	candidate_created	163
00620440	00b83000	candidate_created	163
00620710	00b83078	candidate_created	163
006209e0	00b830e8	candidate_created	163
00620cb0	00b83160	candidate_created	163
00620f80	00b831d8	candidate_created	163
00621250	00b83248	candidate_created	163
00621520	00b832c8	candidate_created	163
006217e0	00b83348	candidate_created	163
00621a20	00b833c0	candidate_created	163
00621c60	00b83440	candidate_created	163
00621ea0	00b834b8	candidate_created	163
006220e0	00b83530	candidate_created	163
00622340	00b835b8	candidate_created	163
006225a0	00b83648	candidate_created	163
00622800	00b836d0	candidate_created	163
00622a60	00b83750	candidate_created	95
00622ac0	00b83758	candidate_created	96
00622c30	00b837c8	candidate_created	163
00622df0	00b83830	candidate_created	95
00622e50	00b83838	candidate_created	96
00622fc0	00b838a8	candidate_created	163
00623200	00b83910	candidate_created	163
00623440	00b83978	candidate_created	163
006236e0	00b839f8	candidate_created	274
006239e0	00b83a68	candidate_created	163
00623c20	00b83ad8	candidate_created	68
00623c70	00b83ae0	candidate_created	115
00623e00	00b83b48	candidate_created	46
00623e30	00b83b50	candidate_created	96
00623fa0	00b83bc8	candidate_created	68
00623ff0	00b83bd0	candidate_created	115
00624180	00b83c40	candidate_created	51
006241c0	00b83c48	candidate_created	115
00624430	00b83cc8	candidate_created	299
00624730	00b8389c	candidate_created	18
00624750	00b83d40	candidate_created	163
00624a10	00b83da8	candidate_created	96
00624b80	00b83e10	candidate_created	95
00624be0	00b83e18	candidate_created	96
00624db0	00b83e88	candidate_created	96
00624f20	00b83d9c	candidate_created	18
00624f40	00b83ee8	candidate_created	104
00624fb0	00b83ef0	candidate_created	96
00625120	00b83f54	candidate_created	18
006251b0	00b83f60	candidate_created	96
00625390	00b83fd0	candidate_created	96
00625560	00b84038	candidate_created	96
00625810	00b840b0	candidate_created	96
00625870	00b840b8	candidate_created	244
00625bc0	00b84120	candidate_created	96
00625c20	00b84128	candidate_created	244
00625f00	00b84190	candidate_created	82
00625f60	00b84198	candidate_created	192
00626270	00b84200	candidate_created	109
006262e0	00b84208	candidate_created	244
006264f0	00b84270	candidate_created	95
00626550	00b84278	candidate_created	96
006266c0	00b842e0	candidate_created	95
00626720	00b842e8	candidate_created	96
00626890	00b84358	candidate_created	95
006268f0	00b84360	candidate_created	96
00626a60	00b843d0	candidate_created	95
00626ac0	00b843d8	candidate_created	96
00626c30	00b84448	candidate_created	95
00626c90	00b84450	candidate_created	96
00626e00	00b844c0	candidate_created	95
00626e60	00b844c8	candidate_created	96
00627040	00b84540	candidate_created	253
00627320	00b845b8	candidate_created	163
006275c0	00b84638	candidate_created	163
00627860	00b846b0	candidate_created	163
00627b00	00b84728	candidate_created	163
00627da0	00b847b0	candidate_created	163
006280b0	00b84830	candidate_created	115
006282c0	00b848a8	candidate_created	115
006284b0	00b84920	candidate_created	96
00628680	00b84990	candidate_created	96
00628850	00b84a00	candidate_created	96
00628a20	00b84a70	candidate_created	96
00628bf0	00b84ae8	candidate_created	96
00628dc0	00b84b68	candidate_created	96
00628f30	00b84bd8	candidate_created	96
00629100	00b84c48	candidate_created	96
006292d0	00b84cb8	candidate_created	96
00629440	00b84d20	candidate_created	95
006294a0	00b84d28	candidate_created	96
00629610	00b84d90	candidate_created	95
00629670	00b84d98	candidate_created	96
006297e0	00b84e10	candidate_created	95
00629840	00b84e18	candidate_created	96
006299b0	00b84e80	candidate_created	95
00629a10	00b84e88	candidate_created	96
00629be0	00b84f00	candidate_created	96
00629db0	00b84f70	candidate_created	96
00629f80	00b84fe0	candidate_created	96
0062a150	00b85050	candidate_created	96
0062a320	00b850c0	candidate_created	96
0062a4f0	00b85138	candidate_created	96
0062a6c0	00b851b0	candidate_created	96
0062a8b0	00b85228	candidate_created	115
0062a930	00b8299c	candidate_created	193
0062ab10	00b85298	candidate_created	95
0062ab70	00b852a0	candidate_created	96
0062ace0	00b85308	candidate_created	95
0062ad40	00b85310	candidate_created	96
0062aeb0	00b85378	candidate_created	95
0062af10	00b85380	candidate_created	96
0062b0e0	00b853f0	candidate_created	96
0062b250	00b85458	candidate_created	95
0062b2b0	00b85460	candidate_created	96
0062b420	00b854c8	candidate_created	95
0062b480	00b854d0	candidate_created	96
0062b670	00b85548	candidate_created	115
0062b880	00b855c0	candidate_created	115
0062ba70	00b85640	candidate_created	96
0062bbe0	00b856a8	candidate_created	124
0062bc60	00b856b0	candidate_created	96
0062be30	00b85730	candidate_created	96
0062bfb0	00b85798	candidate_created	163
0062c290	00b85810	candidate_created	163
0062c570	00b85880	candidate_created	163
0062c8a0	00b858f0	candidate_created	96
0062ca10	00b85980	candidate_created	40
0062ca40	00b85988	candidate_created	96
0062cbb0	00b85a10	candidate_created	40
0062cbe0	00b85a18	candidate_created	96
0062cd60	00b85a88	candidate_created	163
0062d040	00b85af8	candidate_created	163
0062d320	00b85b68	candidate_created	163
0062d650	00b85bd8	candidate_created	96
0062d820	00b85c48	candidate_created	96
0062d9f0	00b85cb8	candidate_created	96
0062dbc0	00b85d28	candidate_created	96
0062dd90	00b85da0	candidate_created	96
0062df60	00b85e18	candidate_created	96
0062e0d0	00b85e80	candidate_created	95
0062e130	00b85e88	candidate_created	96
0062e2a0	00b85ef8	candidate_created	95
0062e300	00b85f00	candidate_created	96
0062e470	00b85f68	candidate_created	95
0062e4d0	00b85f70	candidate_created	96
0062e640	00b85fe0	candidate_created	95
0062e6a0	00b85fe8	candidate_created	96
0062e810	00b86058	candidate_created	107
0062e880	00b86060	candidate_created	96
0062ea50	00b860d8	candidate_created	96
0062ec20	00b86148	candidate_created	96
0062ed90	00b861b0	candidate_created	95
0062edf0	00b861b8	candidate_created	96
0062efc0	00b86228	candidate_created	96
0062f190	00b862a0	candidate_created	96
0062f300	00b86318	candidate_created	95
0062f360	00b86320	candidate_created	96
0062f530	00b86398	candidate_created	96
0062f770	00b86408	candidate_created	82
0062f7d0	00b86410	candidate_created	192
0062f9a0	00b86478	candidate_created	48
0062f9d0	00b86480	candidate_created	96
0062fb40	00b864e8	candidate_created	95
0062fba0	00b864f0	candidate_created	96
0062fd10	00b86560	candidate_created	65
0062fd60	00b86568	candidate_created	139
0062ff00	00b865d8	candidate_created	65
0062ff50	00b865e0	candidate_created	139
006300f0	00b86658	candidate_created	40
00630120	00b86660	candidate_created	96
00630290	00b866d0	candidate_created	40
006302c0	00b866d8	candidate_created	96
00630490	00b86750	candidate_created	96
00630660	00b867d0	candidate_created	96
00630830	00b86850	candidate_created	96
00630a00	00b868d0	candidate_created	96
00630b70	00b86940	candidate_created	95
00630bd0	00b86948	candidate_created	96
00630d40	00b869b0	candidate_created	95
00630da0	00b869b8	candidate_created	96
00630f10	00b86a28	candidate_created	95
00630f70	00b86a30	candidate_created	96
00631150	00b86ab0	candidate_created	177
00631320	00b86b28	candidate_created	163
006315c0	00b86bb0	candidate_created	96
00631740	00b86c28	candidate_created	163
00631a20	00b86c98	candidate_created	163
00631d50	00b86d08	candidate_created	96
00631f20	00b86d80	candidate_created	96
006320f0	00b86df8	candidate_created	96
006322c0	00b86e70	candidate_created	96
00632490	00b86ef0	candidate_created	96
00632600	00b86f60	candidate_created	95
00632660	00b86f68	candidate_created	96
00632830	00b86fe0	candidate_created	96
00632a00	00b87050	candidate_created	96
00632bd0	00b870c8	candidate_created	96
00632da0	00b87150	candidate_created	96
00632f10	00b871c0	candidate_created	95
00632f70	00b871c8	candidate_created	96
006330e0	00b87230	candidate_created	95
00633140	00b87238	candidate_created	96
006332b0	00b84534	candidate_created	18
006332d0	00b872a0	candidate_created	95
00633330	00b872a8	candidate_created	96
006334a0	00b87310	candidate_created	95
00633500	00b87318	candidate_created	96
00633670	00b87380	candidate_created	95
006336d0	00b87388	candidate_created	96
00633840	00b873f0	candidate_created	95
006338a0	00b873f8	candidate_created	96
00633a10	00b87468	candidate_created	108
00633a80	00b87470	candidate_created	96
00633c50	00b874d8	candidate_created	96
00633e20	00b87540	candidate_created	96
00633f90	00b875a0	candidate_created	95
00633ff0	00b875a8	candidate_created	96
00634160	00b87608	candidate_created	95
006341c0	00b87610	candidate_created	96
00634330	00b87464	candidate_created	18
006343b0	00b87678	candidate_created	96
00634520	00b876e4	candidate_created	18
006345a0	00b876f0	candidate_created	96
00634770	00b87760	candidate_created	96
006348e0	00b877c8	candidate_created	65
00634930	00b877d0	candidate_created	139
00634ad0	00b87840	candidate_created	65
00634b20	00b87848	candidate_created	139
00634e00	00b878c0	candidate_created	309
00635050	00b87940	candidate_created	163
006352c0	00b879b8	candidate_created	96
00635490	00b87a30	candidate_created	96
00635660	00b87aa8	candidate_created	96
00635830	00b87b18	candidate_created	96
006359a0	00b87b80	candidate_created	95
00635a00	00b87b88	candidate_created	96
00635bd0	00b87c00	candidate_created	96
00635da0	00b87c70	candidate_created	96
00635f70	00b87ce0	candidate_created	96
00636140	00b87d50	candidate_created	96
006362b0	00b87db8	candidate_created	95
00636310	00b87dc0	candidate_created	96
006364e0	00b87e30	candidate_created	96
00636650	00b87e98	candidate_created	95
006366b0	00b87ea0	candidate_created	96
00636820	00b87f10	candidate_created	95
00636880	00b87f18	candidate_created	96
006369f0	00b87f88	candidate_created	95
00636a50	00b87f90	candidate_created	96
00636bc0	00b88000	candidate_created	95
00636c20	00b88008	candidate_created	96
00636df0	00b88080	candidate_created	96
00636fc0	00b880f8	candidate_created	96
00637041	00b8146c	candidate_created	74
00637220	00b88170	candidate_created	96
00637390	00b881e8	candidate_created	65
006373e0	00b881f0	candidate_created	139
00637580	00b88258	candidate_created	65
006375d0	00b88260	candidate_created	139
006377d0	00b882d0	candidate_created	96
00637940	00b88348	candidate_created	95
006379a0	00b88350	candidate_created	96
00637b30	00b883bc	candidate_created	18
00637bf0	00b883c8	candidate_created	139
00637c80	00b883c4	candidate_created	134
00637e20	00b88428	candidate_created	95
00637e80	00b88430	candidate_created	96
00638050	00b884b0	candidate_created	96
006381c0	00b88520	candidate_created	95
00638220	00b88528	candidate_created	96
00638390	00b885a0	candidate_created	95
006383f0	00b885a8	candidate_created	96
00638570	00b88610	candidate_created	163
00638810	00b88688	candidate_created	163
00638b00	00b88700	candidate_created	96
00638cd0	00b88778	candidate_created	96
00638ea0	00b887f0	candidate_created	96
00639070	00b88860	candidate_created	96
00639240	00b888e0	candidate_created	96
00639410	00b88958	candidate_created	96
006395e0	00b889d0	candidate_created	96
006397b0	00b88a48	candidate_created	96
00639980	00b88ab8	candidate_created	96
00639af0	00b88b20	candidate_created	95
00639b50	00b88b28	candidate_created	96
00639cc0	00b88ba0	candidate_created	95
00639d20	00b88ba8	candidate_created	96
00639ef0	00b88c20	candidate_created	96
0063a0c0	00b88c90	candidate_created	96
0063a290	00b88d08	candidate_created	96
0063a460	00b88d78	candidate_created	96
0063a5d0	00b88df0	candidate_created	95
0063a630	00b88df8	candidate_created	96
0063a690	00b83754	candidate_created	135
0063a830	00b88e68	candidate_created	95
0063a890	00b88e70	candidate_created	96
0063aa60	00b88ee8	candidate_created	96
0063abd0	00b88f58	candidate_created	95
0063ac30	00b88f60	candidate_created	96
0063ada0	00b88fd0	candidate_created	95
0063ae00	00b88fd8	candidate_created	96
0063af70	00b89050	candidate_created	95
0063afd0	00b89058	candidate_created	96
0063b1a0	00b890d0	candidate_created	96
0063b310	00b89138	candidate_created	95
0063b370	00b89140	candidate_created	96
0063b4e0	00b891a8	candidate_created	95
0063b540	00b891b0	candidate_created	96
0063b6b0	00b89218	candidate_created	95
0063b710	00b89220	candidate_created	96
0063b880	00b89290	candidate_created	95
0063b8e0	00b89298	candidate_created	96
0063ba50	00b89308	candidate_created	95
0063bab0	00b89310	candidate_created	96
0063bc80	00b89388	candidate_created	96
0063be50	00b89400	candidate_created	96
0063bfc0	00b89468	candidate_created	95
0063c020	00b89470	candidate_created	96
0063c1f0	00b894e8	candidate_created	96
0063c360	00b89568	candidate_created	40
0063c390	00b89570	candidate_created	96
0063c500	00b895e0	candidate_created	95
0063c560	00b895e8	candidate_created	96
0063c740	00b89660	candidate_created	210
0063c9d0	00b896d0	candidate_created	54
0063ca10	00b896d8	candidate_created	96
0063cb80	00b89750	candidate_created	96
0063ccf0	00b897b0	candidate_created	95
0063cd50	00b897b8	candidate_created	96
0063cec0	00b89828	candidate_created	95
0063cf20	00b89830	candidate_created	96
0063d090	00b89890	candidate_created	95
0063d0f0	00b89898	candidate_created	96
0063d2c0	00b89908	candidate_created	96
0063d440	00b89970	candidate_created	163
0063d750	00b899d8	candidate_created	96
0063d920	00b89a50	candidate_created	96
0063da90	00b89ac8	candidate_created	95
0063daf0	00b89ad0	candidate_created	96
0063dc60	00b89b38	candidate_created	95
0063dcc0	00b89b40	candidate_created	96
0063de30	00b89bb0	candidate_created	95
0063de90	00b89bb8	candidate_created	96
0063e000	00b89c28	candidate_created	95
0063e060	00b89c30	candidate_created	96
0063e1e0	00b89ca8	candidate_created	163
0063e510	00b89d20	candidate_created	115
0063e6a0	00b89d80	candidate_created	95
0063e700	00b89d88	candidate_created	96
0063e8d0	00b89e00	candidate_created	96
0063ea40	00b89654	candidate_created	18
0063eac0	00b89e70	candidate_created	96
0063ec30	00b89ee0	candidate_created	95
0063ec90	00b89ee8	candidate_created	96
0063ee00	00b89edc	candidate_created	18
0063ee20	00b89f48	candidate_created	95
0063ee80	00b89f50	candidate_created	96
0063f000	00b89fc8	candidate_created	163
0063f2b0	00b8a038	candidate_created	95
0063f310	00b8a040	candidate_created	96
0063f4e0	00b8a0a8	candidate_created	96
0063f6b0	00b89fbc	candidate_created	18
0063f6d0	00b8a108	candidate_created	108
0063f740	00b8a110	candidate_created	177
0063f910	00b8a17c	candidate_created	17
0063f9a0	00b8a188	candidate_created	96
0063fb80	00b8a1f8	candidate_created	96
0063fd50	00b8a260	candidate_created	102
0063fdc0	00b8a268	candidate_created	177
0063ff90	00b8a2e0	candidate_created	56
00640025	00bffd58	candidate_created	30
0064002c	00d036a0	absorbed	0
0064003a	00d05038	absorbed	0
006401d0	00b8a360	candidate_created	96
00640350	00b8a3c8	candidate_created	163
006406a0	00b8a438	candidate_created	162
00640750	00b8a434	candidate_created	134
00640990	00b8a4b0	candidate_created	96
00640b10	00b8a528	candidate_created	163
00640de0	00b8a5a0	candidate_created	163
006410a0	00b8a610	candidate_created	104
00641110	00b8a618	candidate_created	96
00641290	00b8a690	candidate_created	163
00641550	00b8a6f0	candidate_created	104
006415c0	00b8a6f8	candidate_created	96
00641730	00b8a768	candidate_created	102
006417a0	00b8a770	candidate_created	96
00641910	00b8a800	candidate_created	49
00641950	00b8a808	candidate_created	96
00641ac0	00b8a878	candidate_created	49
00641b00	00b8a880	candidate_created	96
00641c70	00b8a8f0	candidate_created	49
00641cb0	00b8a8f8	candidate_created	96
00641e20	00b8a978	candidate_created	52
00641e60	00b8a980	candidate_created	96
00641fd0	00b8aa10	candidate_created	52
00642010	00b8aa18	candidate_created	96
00642180	00b8aaa0	candidate_created	52
006421c0	00b8aaa8	candidate_created	96
00642330	00b8ab18	candidate_created	163
00642590	00b8ab78	candidate_created	52
006425d0	00b8ab80	candidate_created	96
00642740	00b8abf0	candidate_created	54
00642774	00bd161c	absorbed	0
00642780	00b8abf8	candidate_created	96
006428f0	00b8ac68	candidate_created	110
00642960	00b8ac70	candidate_created	96
00642ad0	00b8acd8	candidate_created	110
00642b40	00b8ace0	candidate_created	96
00642cb0	00b8ad50	candidate_created	110
00642d20	00b8ad58	candidate_created	96
00642e90	00b8adc8	candidate_created	110
00642f00	00b8add0	candidate_created	96
00643070	00b8ae40	candidate_created	110
006430e0	00b8ae48	candidate_created	96
00643250	00b8aeb8	candidate_created	110
006432c0	00b8aec0	candidate_created	96
00643430	00b8af30	candidate_created	110
006434a0	00b8af38	candidate_created	96
006436c0	00b8afb0	candidate_created	115
006438b0	00b8b028	candidate_created	96
00643a80	00b8b0a0	candidate_created	96
00643c50	00b8b128	candidate_created	96
00643e40	00b8b1a8	candidate_created	115
00643fd0	00b8b220	candidate_created	44
00644000	00b8b228	candidate_created	96
00644170	00b8b290	candidate_created	110
006441e0	00b8b298	candidate_created	96
00644350	00b8b300	candidate_created	110
006443c0	00b8b308	candidate_created	96
006447b0	00b8b370	candidate_created	140
00644840	00b8b378	candidate_created	400
00644ae0	00b8b3e8	candidate_created	102
00644b50	00b8b3f0	candidate_created	96
00644cc0	00b8b468	candidate_created	102
00644d30	00b8b470	candidate_created	96
00644ea0	00b8b4e8	candidate_created	93
00644f00	00b8b4f0	candidate_created	96
00645070	00b8b560	candidate_created	167
00645120	00b8b568	candidate_created	96
006452f0	00b8b5e8	candidate_created	96
006454c0	00b8b660	candidate_created	96
00645630	00b8b6d0	candidate_created	93
00645690	00b8b6d8	candidate_created	96
00645800	00b8b738	candidate_created	93
00645860	00b8b740	candidate_created	96
006459d0	00b8b7b0	candidate_created	93
00645a30	00b8b7b8	candidate_created	96
00645ba0	00b8b828	candidate_created	93
00645c00	00b8b830	candidate_created	96
00645dd0	00b8b8a0	candidate_created	96
00645fa0	00b8b928	candidate_created	96
00646120	00b8b998	candidate_created	163
00646461	00bc6060	candidate_created	3
00646650	00b8ba90	candidate_created	93
006466b0	00b8ba98	candidate_created	96
00646820	00b8bb10	candidate_created	93
00646880	00b8bb18	candidate_created	96
006469f0	00b8bb90	candidate_created	93
00646a50	00b8bb98	candidate_created	96
00646bc0	00b8b91c	candidate_created	17
00646be0	00b8bc08	candidate_created	93
00646c40	00b8bc10	candidate_created	96
00646dc0	00b8bc7c	candidate_created	18
00646e61	00b8fb84	candidate_created	34
00646e63	00bc5ed8	absorbed	0
006470e0	00b8bcf8	candidate_created	96
00647140	00b81c14	candidate_created	135
00647350	00b8bd70	candidate_created	210
00647540	00b8bddc	candidate_created	18
0064754d	00ba3430	absorbed	0
0064756d	00baeba8	candidate_created	35
006475c0	00b8bde8	candidate_created	96
00647790	00b8be6c	candidate_created	134
00647820	00b8be70	candidate_created	96
006479a0	00b8bed8	candidate_created	163
00647c80	00b8bf50	candidate_created	163
00647f50	00b8bfc0	candidate_created	46
00647f80	00b8bfc8	candidate_created	96
006480f0	00b8c038	candidate_created	46
00648120	00b8c040	candidate_created	96
00648290	00b8c0b8	candidate_created	163
00648580	00b8c130	candidate_created	210
00648880	00b8c1a0	candidate_created	210
00648b80	00b8c210	candidate_created	210
00648e10	00b8c27c	candidate_created	18
00648e30	00b8c280	candidate_created	95
00648e90	00b8c288	candidate_created	96
00649060	00b8c2f0	candidate_created	96
00649320	00b8c350	candidate_created	82
00649380	00b8c358	candidate_created	244
006496e0	00b8c3c8	candidate_created	309
00649ad0	00b8c438	candidate_created	74
00649b20	00b8c440	candidate_created	192
00649d50	00b8c4b0	candidate_created	96
00649f20	00b8c528	candidate_created	96
0064a0f0	00b8c5a0	candidate_created	96
0064a260	00b8c604	candidate_created	17
0064a280	00b8c608	candidate_created	93
0064a2e0	00b8c610	candidate_created	96
0064a4b0	00b8c688	candidate_created	96
0064a680	00b8c700	candidate_created	96
0064a7f0	00b8c76c	candidate_created	18
0064a810	00b8c770	candidate_created	95
0064a870	00b8c778	candidate_created	96
0064a9e0	00b8c7dc	candidate_created	18
0064aa00	00b8c7e0	candidate_created	61
0064aa40	00b8c7e8	candidate_created	162
0064ac00	00b8c858	candidate_created	93
0064ac60	00b8c860	candidate_created	96
0064add0	00b8c8d0	candidate_created	95
0064ae30	00b8c8d8	candidate_created	96
0064b000	00b8c940	candidate_created	96
0064b170	00b8c9a8	candidate_created	96
0064b2e0	00b8ca20	candidate_created	96
0064b4b0	00b8ca98	candidate_created	96
0064b680	00b8cb10	candidate_created	96
0064b850	00b8cb88	candidate_created	96
0064b9c0	00b8cbf8	candidate_created	46
0064b9f0	00b8cc00	candidate_created	96
0064bb60	00b8cc78	candidate_created	96
0064bd30	00b8cce8	candidate_created	96
0064bf00	00b8cd60	candidate_created	96
0064c080	00b8cdd8	candidate_created	163
0064c390	00b8ce50	candidate_created	96
0064c500	00b8ced0	candidate_created	101
0064c570	00b8ced8	candidate_created	96
0064c6e0	00b8cf48	candidate_created	95
0064c740	00b8cf50	candidate_created	96
0064c930	00b8cfc8	candidate_created	115
0064cb30	00b8d040	candidate_created	210
0064cdc0	00b8d0a8	candidate_created	163
0064d000	00b8d110	candidate_created	163
0064d240	00b8d178	candidate_created	163
0064d4e0	00b8d1e0	candidate_created	274
0064d7e0	00b8d248	candidate_created	163
0064da20	00b8d2a8	candidate_created	68
0064da70	00b8d2b0	candidate_created	115
0064dc00	00b8d310	candidate_created	46
0064dc30	00b8d318	candidate_created	96
0064dda0	00b8d378	candidate_created	68
0064ddf0	00b8d380	candidate_created	115
0064df80	00b8d3e0	candidate_created	51
0064dfc0	00b8d3e8	candidate_created	162
0064e260	00b8d450	candidate_created	299
0064e560	00b8c8cc	candidate_created	18
0064e580	00b8d4b8	candidate_created	163
0064e7e0	00b8d518	candidate_created	55
0064e820	00b8d520	candidate_created	96
0064e880	00b86aa8	candidate_created	124
0064e900	00b879b0	candidate_created	52
0064ea90	00b8c9a0	candidate_created	101
0064eb00	00b8ca18	candidate_created	52
0064f760	00b45284	candidate_created	18
0064f940	00b8d908	candidate_created	37
0064f970	00b8d92c	candidate_created	34
0064f9a0	00b8d90c	candidate_created	6
0064f9b0	00b8d928	candidate_created	45
0064f9e0	00b8d8e4	candidate_created	8
0064f9f0	00b8d8f0	candidate_created	8
0064fa00	00b8d8d8	candidate_created	8
0064fef0	00b452a4	candidate_created	23
0064ff10	00b452a8	candidate_created	18
00650047	00bffcc8	candidate_created	24
0065005e	00d38474	absorbed	0
00650070	00bffcd4	candidate_created	16
00650072	00c000e4	absorbed	0
00650080	00b8dae8	candidate_created	105
00650200	00b8db48	candidate_created	64
00650240	00b8db50	candidate_created	153
006503f0	00b8dbc0	candidate_created	64
00650430	00b8dbc8	candidate_created	153
00650560	00b8dc28	candidate_created	22
00650600	00b8dca0	candidate_created	22
006506a0	00b8dd18	candidate_created	22
006507d0	00b8dd90	candidate_created	59
00650810	00b8dd98	candidate_created	153
006509c0	00b8de00	candidate_created	59
00650a00	00b8de08	candidate_created	153
00650bb0	00b8de78	candidate_created	59
00650bf0	00b8de80	candidate_created	153
00650da0	00b8def8	candidate_created	222
00651060	00b8df70	candidate_created	384
006513b0	00b8dfe8	candidate_created	277
00651670	00b8e048	candidate_created	55
006516b0	00b8e050	candidate_created	220
006518a0	00b8e0c0	candidate_created	55
006518e0	00b8e0c8	candidate_created	220
00651ad0	00b8e138	candidate_created	55
00651b10	00b8e140	candidate_created	220
00651d00	00b8e1b0	candidate_created	55
00651d40	00b8e1b8	candidate_created	220
00651f30	00b8e228	candidate_created	55
00651f70	00b8e230	candidate_created	220
00652160	00b8e2a0	candidate_created	55
006521a0	00b8e2a8	candidate_created	220
00652390	00b8e318	candidate_created	55
006523d0	00b8e320	candidate_created	220
006525c0	00b8e390	candidate_created	55
00652600	00b8e398	candidate_created	220
006527f0	00b8e408	candidate_created	55
00652830	00b8e410	candidate_created	220
00652a20	00b8e488	candidate_created	55
00652a60	00b8e490	candidate_created	220
00652c50	00b8e500	candidate_created	55
00652c90	00b8e508	candidate_created	220
00652e80	00b8e580	candidate_created	55
00652ec0	00b8e588	candidate_created	220
006530b0	00b8e5f8	candidate_created	55
006530f0	00b8e600	candidate_created	220
006532e0	00b8e678	candidate_created	55
00653320	00b8e680	candidate_created	220
00653510	00b8e6f0	candidate_created	55
00653550	00b8e6f8	candidate_created	220
006537b0	00b8e778	candidate_created	451
00653b50	00b452f0	candidate_created	18
00653cd0	00b8e890	candidate_created	67
00653d20	00b8e894	candidate_created	6
00653d30	00b8e86c	candidate_created	8
00653d40	00b8e878	candidate_created	8
00653d50	00b8e860	candidate_created	8
00653d60	00b8e834	candidate_created	11
00653d70	00b8e840	candidate_created	11
00653d80	00b8e810	candidate_created	11
00653d90	00b8e81c	candidate_created	11
00654600	00b8e9b8	candidate_created	170
00654990	00b8ea50	candidate_created	384
00654bf0	00b8ea4c	candidate_created	225
00654e60	00b8eb20	candidate_created	28
00654f90	00b8eb1c	candidate_created	14
00654fa0	00b8eb90	candidate_created	70
00654ff0	00b8eb98	candidate_created	220
00655170	00b8ebf4	candidate_created	66
00655350	00b8ec5c	candidate_created	66
006553a0	00b8ec68	candidate_created	283
006556e0	00b8ecd0	candidate_created	98
00655750	00b8ecd8	candidate_created	220
006559b0	00b8ed50	candidate_created	220
00655b10	00b8eccc	candidate_created	66
00655cd0	00b8ee38	candidate_created	98
00655d40	00b8ee40	candidate_created	220
00655fa0	00b8eeb8	candidate_created	220
00656100	00b8ee34	candidate_created	66
006562c0	00b8ef90	candidate_created	98
0065636e	00b53364	candidate_created	158
00656520	00b8eff8	candidate_created	98
00656590	00b8f000	candidate_created	220
006567f0	00b8f068	candidate_created	220
00656863	00bd8284	absorbed	0
0065694f	00b73e4c	candidate_created	1
0065696f	00b73d80	candidate_created	23
00656b10	00b8f12c	candidate_created	66
00656b60	00b8f130	candidate_created	98
00656b61	00b8fcf4	absorbed	0
00656bd0	00b8f138	candidate_created	220
00656c61	00b948dc	absorbed	0
00656dc0	00b8f198	candidate_created	98
00656e6f	00b75a44	candidate_created	157
00657090	00b8f208	candidate_created	220
0065736c	00b81920	candidate_created	74
00657372	00bebf00	absorbed	0
00657420	00b8f2d8	candidate_created	220
00657461	00b4f664	absorbed	0
00657610	00b8f348	candidate_created	187
00657661	00bb0908	absorbed	0
00657669	00b47034	absorbed	0
006576d0	00b8f350	candidate_created	220
006578c0	00b8f3c0	candidate_created	187
00657980	00b8f3c8	candidate_created	220
00657b80	00b8f434	candidate_created	12
00657bb0	00b8f440	candidate_created	283
00657f90	00b8f4a4	candidate_created	47
00657fc0	00b8f480	candidate_created	8
00657fd0	00b8f48c	candidate_created	8
00658420	00b45310	candidate_created	18
00658440	00b45314	candidate_created	18
006585c0	00b8f698	candidate_created	79
00658610	00b8f6a0	candidate_created	105
00658680	00b42b74	candidate_created	141
00658820	00b8f694	candidate_created	14
00658830	00b8f700	candidate_created	70
00658880	00b8f708	candidate_created	153
00667463	00b55108	candidate_created	40
00667ed0	00b906a0	candidate_created	55
00668030	00b906f4	candidate_created	201
00668450	00b90638	candidate_created	11
0066b200	00b90794	candidate_created	47
0066c560	00b908dc	candidate_created	6
0066c570	00b908f8	candidate_created	25
0066c590	00b908b0	candidate_created	8
0066d4d0	00b90b54	candidate_created	7
0066d560	00b90b68	candidate_created	14
0066dfa0	00b90b64	candidate_created	37
0066e490	00b90ab0	candidate_created	47
0066e4c0	00b90ab4	candidate_created	53
0066f890	00b90b84	candidate_created	50
0066f990	00b90af8	candidate_created	81
0066fc30	00b90ab8	candidate_created	144
0066fd80	00b90ad0	candidate_created	166
00670170	00b90adc	candidate_created	5216
00671940	00b90ae4	candidate_created	1281
00671e50	00b90b04	candidate_created	22
00671fc0	00b90b5c	candidate_created	142
006721b0	00b90aa4	candidate_created	232
00672f60	00b90a98	candidate_created	45
00672fa0	00b90b18	candidate_created	7
00672fb0	00b90b3c	candidate_created	7
00672fc0	00b90b48	candidate_created	7
00672fd0	00b90b30	candidate_created	7
00672fe0	00b90b08	candidate_created	91
00673040	00b90b14	candidate_created	81
00673880	00b90ac8	candidate_created	35
006738b0	00b90ad8	candidate_created	35
00673df0	00b90b70	candidate_created	120
00673f00	00b90b40	candidate_created	30
00673f20	00b90b28	candidate_created	30
00673f40	00b90b34	candidate_created	30
00673f60	00b90b50	candidate_created	30
00676a90	00b910c8	candidate_created	11
00676aa0	00b91134	candidate_created	67
00676e61	00b70284	candidate_created	6
00676e69	00b427ec	candidate_created	837
00676f66	00bc619c	absorbed	0
00676f6c	00b57df8	absorbed	0
00677810	00b91294	candidate_created	6
00677820	00b912b0	candidate_created	45
00677850	00b9126c	candidate_created	8
00677860	00b91260	candidate_created	8
00677870	00b912b4	candidate_created	34
00677d90	00b91324	candidate_created	11
006782b0	00b9155c	candidate_created	1820
00678af0	00b91574	candidate_created	6
00678b00	00b91590	candidate_created	37
00678b30	00b9154c	candidate_created	8
00678b40	00b9156c	candidate_created	26
00678b60	00b91550	candidate_created	8
00678b70	00b91554	candidate_created	8
00678b80	00b91594	candidate_created	44
00678c70	00b915ec	candidate_created	71
0067bbc0	00b91630	candidate_created	11
0067bbe0	00b91604	candidate_created	11
0067bc00	00b91650	candidate_created	14
0067bc10	00b91654	candidate_created	32
0067bc30	00b91634	candidate_created	11
0067bc40	00b91638	candidate_created	11
0067bc50	00b91608	candidate_created	11
0067bc60	00b9160c	candidate_created	11
0067e660	00b91dd4	candidate_created	6
0067e670	00b91df0	candidate_created	38
0067e6a0	00b91dac	candidate_created	8
0067e6b0	00b91da0	candidate_created	8
0067e6c0	00b91d74	candidate_created	11
00682330	00b91df4	candidate_created	34
00682460	00b91fe8	candidate_created	278
006827f0	00b91fd4	candidate_created	7
00682810	00b91fe4	candidate_created	13
00685ec0	00b9206c	candidate_created	11
00686220	00ba3878	candidate_created	6
00686570	00b61ff4	candidate_created	13
0068b5a0	00b9283c	candidate_created	88
0068b650	00b92970	candidate_created	79
0068b6a0	00b92974	candidate_created	83
0068b880	00b927c8	candidate_created	980
0068be50	00b92810	candidate_created	889
0068c380	00b927a0	candidate_created	87
0068c3e0	00b92818	candidate_created	13
0068c3f0	00b92820	candidate_created	13
0068c400	00b92824	candidate_created	7
0068c410	00b927a4	candidate_created	6
0068c420	00b927c0	candidate_created	38
0068c450	00b9277c	candidate_created	8
0068c460	00b92788	candidate_created	8
0068c470	00b92770	candidate_created	8
0068c480	00b92744	candidate_created	11
0068c490	00b92750	candidate_created	11
0068c4a0	00b92720	candidate_created	11
0068c4b0	00b9272c	candidate_created	11
0068cdf0	00b92890	candidate_created	69
0068ce40	00b92964	candidate_created	7
0068ce50	00b9296c	candidate_created	7
0068ce60	00b92868	candidate_created	11
0068ce70	00b92874	candidate_created	11
0068ce80	00b9282c	candidate_created	11
0068ce90	00b92838	candidate_created	11
0068cf00	00b927c4	candidate_created	34
0068d420	00b929e0	candidate_created	11
0068d8c0	00b92a48	candidate_created	871
0068dfc0	00b92b68	candidate_created	60
0068e3f0	00b92b84	candidate_created	6
0068e400	00b92ba0	candidate_created	26
0068e420	00b92b58	candidate_created	8
0068e430	00b92b4c	candidate_created	8
0068e440	00b92b20	candidate_created	11
0068e450	00b92ba4	candidate_created	34
0068f540	00b92eb4	candidate_created	1120
0068fb50	00b92fa0	candidate_created	123
0068fde0	00b92e5c	candidate_created	406
00690170	00b92f64	candidate_created	2336
00690ec0	00b92e4c	candidate_created	11
00690ee0	00b92e68	candidate_created	14
00690ef0	00b92e50	candidate_created	11
00690f00	00b92e54	candidate_created	11
006915a0	00b92f7c	candidate_created	6
006915b0	00b92f98	candidate_created	45
006915e0	00b92f54	candidate_created	8
00691600	00b92f48	candidate_created	8
00691660	00b92f9c	candidate_created	34
006916d0	00b93014	candidate_created	213
006925d0	00b93054	candidate_created	37
00692600	00b93068	candidate_created	17
006928e0	00b93064	candidate_created	312
00692c20	00b9310c	candidate_created	6
00692c30	00b93128	candidate_created	26
00692d20	00b9312c	candidate_created	34
00693030	00b931ec	candidate_created	266
006945a0	00b9360c	candidate_created	34
00696230	00b935ec	candidate_created	6
00696240	00b93608	candidate_created	37
006964b0	00b90b24	candidate_created	7
006966e0	00b93cf8	candidate_created	13
006966f0	00b93cfc	candidate_created	44
00696720	00b93d00	candidate_created	24
00696860	00b93ce8	candidate_created	36
00696890	00b93cec	candidate_created	36
006968c0	00b93cf0	candidate_created	32
006968e0	00b93cf4	candidate_created	32
006969a0	00b93cb8	candidate_created	42
00696a20	00b93cdc	candidate_created	9
00696a30	00b93ce0	candidate_created	9
00696a40	00b93ce4	candidate_created	10
0069a560	00b93cc0	candidate_created	76
0069a7d0	00b93cc8	candidate_created	21
0069a7f0	00b93cd4	candidate_created	13
0069a800	00b93cd8	candidate_created	7
0069b8e0	00b93e80	candidate_created	6
0069b950	00b93ec0	candidate_created	6
0069b9c0	00b93f00	candidate_created	6
0069ba60	00b93e98	candidate_created	6
0069ba70	00b93e84	candidate_created	35
0069baa0	00b93ed8	candidate_created	6
0069bab0	00b93ec4	candidate_created	35
0069bae0	00b93f18	candidate_created	6
0069baf0	00b93f04	candidate_created	35
0069c020	00b94164	candidate_created	12
0069c100	00b941a4	candidate_created	12
0069c1e0	00b941e4	candidate_created	46
0069c570	00b9433c	candidate_created	8
0069c8e0	00b944d4	candidate_created	46
0069cc50	00b67728	candidate_created	167
0069cf50	00b9483c	candidate_created	8
0069d900	00b9492c	candidate_created	11
0069d9b0	00b94cec	candidate_created	3248
0069e680	00b94d04	candidate_created	6
0069e690	00b94d20	candidate_created	37
0069e6c0	00b94cdc	candidate_created	8
0069e6e0	00b94d24	candidate_created	44
0069e810	00b94da4	candidate_created	211
0069ea00	00b94d78	candidate_created	11
0069ea40	00b94de4	candidate_created	380
0069ebc0	00b94e30	candidate_created	525
0069edd0	00b94e34	candidate_created	382
0069f3a0	00b95024	candidate_created	540
0069f5c0	00b94f9c	candidate_created	60
0069f8c0	00b94fb4	candidate_created	6
0069f8d0	00b94fd0	candidate_created	26
0069f8f0	00b94f8c	candidate_created	8
0069f900	00b94f80	candidate_created	8
0069f910	00b94f54	candidate_created	11
0069f920	00b94fd4	candidate_created	44
006a0660	00b95210	candidate_created	4
006a0670	00b951e0	candidate_created	37
006a0ec0	00b951ec	candidate_created	196
006a1410	00b95208	candidate_created	47
006a1440	00b95214	candidate_created	40
006a1da0	00b9520c	candidate_created	398
006a1fa0	00b951e8	candidate_created	133
006a22a0	00b951e4	candidate_created	6
006a2800	00b9528c	candidate_created	77
006a2a00	00b95298	candidate_created	36
006a2ee0	00b952a4	candidate_created	405
006a3340	00b95360	candidate_created	42
006a33a0	00b95370	candidate_created	25
006a3550	00b95350	candidate_created	115
006a3640	00b95354	candidate_created	45
006a36a0	00b95394	candidate_created	143
006a38b0	00b9534c	candidate_created	131
006a3e20	00b95398	candidate_created	112
006a3f70	00b95344	candidate_created	139
006a40c0	00b95340	candidate_created	37
006a40f0	00b953a4	candidate_created	6
006a41f0	00bfb5b4	candidate_created	30
006a4210	00b9545c	candidate_created	6
006a4220	00b9547c	candidate_created	34
006a54a0	00b956a8	candidate_created	20
006a54c0	00b956c4	candidate_created	61
006a5500	00b956c0	candidate_created	13
006a5800	00b95788	candidate_created	409
006a5a40	00b955f4	candidate_created	6
006a5a50	00b95610	candidate_created	26
006a6a30	00b956f8	candidate_created	69
006a6a80	00b95690	candidate_created	7
006a6a90	00b95694	candidate_created	13
006a6aa0	00b956a4	candidate_created	7
006a6ab0	00b956ac	candidate_created	17
006a6ad0	00b956b4	candidate_created	7
006a6ae0	00b956b8	candidate_created	24
006a6b00	00b956bc	candidate_created	7
006a6b10	00b956d0	candidate_created	11
006a6b20	00b956dc	candidate_created	11
006a6b30	00b95674	candidate_created	11
006a6b40	00b95680	candidate_created	11
006a6b50	00b956f0	candidate_created	14
006a6b60	00b956f4	candidate_created	32
006a6b80	00b956d4	candidate_created	11
006a6b90	00b956d8	candidate_created	11
006a6ba0	00b95678	candidate_created	11
006a6bb0	00b9567c	candidate_created	11
006a6c00	00b955dc	candidate_created	1060
006a7030	00b95614	candidate_created	34
006a7de0	00b95a04	candidate_created	28
006a7e30	00b95984	candidate_created	6
006a7e40	00b959a0	candidate_created	45
006a7ed0	00b95a38	candidate_created	69
006a7f20	00b95b0c	candidate_created	7
006a7f30	00b95a20	candidate_created	11
006a7f40	00b95a00	candidate_created	11
006a7f50	00b959a4	candidate_created	34
006a7f80	00b95968	candidate_created	418
006a8130	00b95bd4	candidate_created	34
006a8160	00b95bb4	candidate_created	6
006a9250	00b738f8	candidate_created	13
006a9310	00b73920	candidate_created	13
006a9be0	00b96398	candidate_created	6
006a9c50	00b963d8	candidate_created	6
006a9cc0	00b96418	candidate_created	6
006a9d30	00b96458	candidate_created	6
006a9da0	00b96498	candidate_created	6
006aa050	00b96658	candidate_created	6
006aa190	00b96180	candidate_created	12
006aa1d0	00b96230	candidate_created	12
006aa210	00b962d0	candidate_created	12
006aa250	00b96320	candidate_created	32
006aa270	00b96328	candidate_created	32
006aa290	00b96330	candidate_created	32
006aa2b0	00b96338	candidate_created	32
006aa2d0	00b96340	candidate_created	32
006aa2f0	00b96348	candidate_created	32
006aa310	00b96350	candidate_created	32
006aa330	00b96358	candidate_created	32
006aa350	00b96360	candidate_created	32
006aa370	00b96368	candidate_created	32
006aa390	00b96370	candidate_created	32
006aa3b0	00b96378	candidate_created	32
006aa3d0	00b964d8	candidate_created	6
006aa3e0	00b96518	candidate_created	6
006aa3f0	00b96558	candidate_created	6
006aa400	00b96598	candidate_created	6
006aa410	00b96698	candidate_created	6
006aa420	00b966b0	candidate_created	6
006aa430	00b96618	candidate_created	6
006aa440	00b96630	candidate_created	6
006aa450	00b968f8	candidate_created	6
006aa460	00b96900	candidate_created	6
006aa470	00b966d8	candidate_created	6
006aa480	00b966f0	candidate_created	6
006aa490	00b965d8	candidate_created	6
006aa4a0	00b965f0	candidate_created	6
006aa4b0	00b963b0	candidate_created	6
006aa4c0	00b9639c	candidate_created	35
006aa4f0	00b963f0	candidate_created	6
006aa500	00b963dc	candidate_created	35
006aa530	00b96430	candidate_created	6
006aa540	00b9641c	candidate_created	35
006aa570	00b96470	candidate_created	6
006aa580	00b9645c	candidate_created	35
006aa5b0	00b964b0	candidate_created	6
006aa5c0	00b9649c	candidate_created	35
006aa5f0	00b964f0	candidate_created	6
006aa600	00b964dc	candidate_created	35
006aa630	00b96530	candidate_created	6
006aa640	00b9651c	candidate_created	35
006aa670	00b96570	candidate_created	6
006aa680	00b9655c	candidate_created	35
006aa6b0	00b965b0	candidate_created	6
006aa6c0	00b9659c	candidate_created	35
006aa6f0	00b965dc	candidate_created	35
006aa720	00b9661c	candidate_created	35
006aa750	00b96670	candidate_created	6
006aa760	00b9665c	candidate_created	35
006aa790	00b9669c	candidate_created	35
006aa7c0	00b966dc	candidate_created	35
006aac40	00b96748	candidate_created	55
006aac80	00b967e0	candidate_created	55
006aad50	00b96878	candidate_created	55
006aad90	00b968c4	candidate_created	55
006aadd0	00b96910	candidate_created	55
006aae10	00b9695c	candidate_created	55
006aae50	00b969a8	candidate_created	55
006ab310	00b96794	candidate_created	52
006abfa0	00b96e08	candidate_created	8
006ac0a0	00b96e50	candidate_created	8
006ac1a0	00b96e98	candidate_created	8
006ac820	00b9715c	candidate_created	12
006ac900	00b9719c	candidate_created	46
006ac9d0	00b971dc	candidate_created	46
006acaa0	00b9721c	candidate_created	12
006acc20	00b9725c	candidate_created	46
006accf0	00b972dc	candidate_created	12
006ad420	00b9744c	candidate_created	8
006adc50	00b975d4	candidate_created	46
006add20	00b97614	candidate_created	12
006ae090	00b6627c	candidate_created	8
006ae160	00b9776c	candidate_created	8
006ae280	00b977bc	candidate_created	8
006ae350	00b9780c	candidate_created	8
006ae4e0	00b978ac	candidate_created	8
006ae5b0	00b979c8	candidate_created	16
006ae5c0	00b979d0	candidate_created	14
006ae600	00b979cc	candidate_created	37
006ae740	00b979d4	candidate_created	74
006aebb0	00b97c2c	candidate_created	8
006af240	00b97a7c	candidate_created	68
006af290	00b97b24	candidate_created	68
006af2e0	00b9818c	candidate_created	8
006af8a0	00b984b4	candidate_created	46
006b0260	00b97654	candidate_created	46
006b0390	00b9882c	candidate_created	8
006b03f0	00b98870	candidate_created	188
006b0880	00b98a5c	candidate_created	8
006b32c0	00b99070	candidate_created	47
006b32f0	00b99048	candidate_created	8
006b3300	00b99054	candidate_created	8
006b3310	00b99058	candidate_created	8
006b3320	00b9905c	candidate_created	8
006b3430	00b99090	candidate_created	37
006b38d0	00b99074	candidate_created	584
006b3b20	00b99094	candidate_created	101
006b4030	00b990c4	candidate_created	11
006b4610	00b99314	candidate_created	6
006b4620	00b99330	candidate_created	45
006b4650	00b99334	candidate_created	57
006b4690	00b992fc	candidate_created	475
006b4870	00b9941c	candidate_created	34
006b4c70	00b993fc	candidate_created	6
006b4c80	00b99418	candidate_created	45
006b4cb0	00b993d0	candidate_created	8
006b4cc0	00b993c4	candidate_created	8
006b5210	00b9e814	candidate_created	13
006b5cb0	00b99518	candidate_created	6
006b5d60	00b994fc	candidate_created	26
006b5e40	00b99648	candidate_created	6
006b5eb0	00b99688	candidate_created	6
006b5f20	00b996c8	candidate_created	6
006b5f90	00b99708	candidate_created	6
006b6000	00b99748	candidate_created	6
006b6070	00b9955c	candidate_created	35
006b60a0	00b99584	candidate_created	32
006b60c0	00b9958c	candidate_created	32
006b60e0	00b99594	candidate_created	32
006b6100	00b9959c	candidate_created	32
006b6120	00b995a4	candidate_created	32
006b6140	00b995ac	candidate_created	32
006b6160	00b996a0	candidate_created	6
006b6165	00c08834	absorbed	0
006b6170	00b996e0	candidate_created	6
006b6180	00b99720	candidate_created	6
006b6190	00b99760	candidate_created	6
006b61a0	00b99660	candidate_created	6
006b61b0	00b63cb0	candidate_created	8
006b61c0	00b995bc	candidate_created	45
006b6230	00b9964c	candidate_created	35
006b6260	00b9968c	candidate_created	35
006b6290	00b996cc	candidate_created	35
006b62c0	00b9970c	candidate_created	35
006b62f0	00b9974c	candidate_created	35
006b6320	00b997a4	candidate_created	23
006b6580	00b995cc	candidate_created	38
006b65b0	00b99950	candidate_created	6
006b6620	00b99954	candidate_created	35
006b6650	00b9960c	candidate_created	35
006b6680	00b63274	candidate_created	8
006b6690	00b99990	candidate_created	6
006b6700	00b99994	candidate_created	35
006b6730	00b9951c	candidate_created	35
006b6760	00b999d0	candidate_created	6
006b67d0	00b9979c	candidate_created	52
006b6a80	00b99a00	candidate_created	7
006b6ad0	00b99a34	candidate_created	26
006b6b50	00b99a54	candidate_created	38
006b6b80	00b99a90	candidate_created	6
006b6bf0	00b99a94	candidate_created	35
006b6c20	00b99a44	candidate_created	134
006b6d40	00b99804	candidate_created	55
006b6d80	00b99850	candidate_created	55
006b6dc0	00b9989c	candidate_created	55
006b6e00	00b998e8	candidate_created	55
006b7110	00b99560	candidate_created	210
006b71f0	00b99564	candidate_created	86
006b7ba0	00b99eb4	candidate_created	12
006b7c80	00b99ef4	candidate_created	12
006b8010	00b99fbc	candidate_created	12
006b82d0	00b9a0bc	candidate_created	12
006b83b0	00b9a0fc	candidate_created	46
006b8660	00b9a1bc	candidate_created	46
006b87d0	00b9a27c	candidate_created	46
006b8c40	00b9a404	candidate_created	8
006b8cf0	00b9a454	candidate_created	8
006b8d00	00b9a498	candidate_created	188
006b94f0	00b97dbc	candidate_created	8
006b95e0	00b9a7c4	candidate_created	8
006b9720	00b9a934	candidate_created	8
006b9730	00b9a984	candidate_created	8
006b98d0	00b9acd4	candidate_created	8
006b99a0	00b99ffc	candidate_created	46
006b9d00	00b987dc	candidate_created	8
006b9eb0	00b98820	candidate_created	176
006ba030	00b98910	candidate_created	177
006ba0f0	00b98a0c	candidate_created	8
006ba1f0	00b9b084	candidate_created	8
006ba340	00b9b174	candidate_created	8
006bc190	00b9b2d8	candidate_created	17
006bc3c0	00b9b2d4	candidate_created	38
006bc7b0	00b9b2c0	candidate_created	45
006bcfb0	00b9b46c	candidate_created	59
006bd060	00b9b3b0	candidate_created	7
006bd0b0	00b9b3b4	candidate_created	30
006bd390	00b9b448	candidate_created	87
006bd3f0	00b9b44c	candidate_created	6
006bd400	00b9b468	candidate_created	26
006bd420	00b9b3b8	candidate_created	13
006bd430	00b9b3bc	candidate_created	7
006bd440	00b9b3c0	candidate_created	13
006bd450	00b9b3c4	candidate_created	7
006bd460	00b9b3d0	candidate_created	41
006bd490	00b9b3d4	candidate_created	16
006bd4a0	00b9b3d8	candidate_created	13
006bd4b0	00b9b3dc	candidate_created	7
006bd4c0	00b9b3e0	candidate_created	13
006bd4d0	00b9b3e4	candidate_created	7
006bd4e0	00b9b424	candidate_created	8
006bd4f0	00b9b430	candidate_created	8
006bd500	00b9b418	candidate_created	8
006bd510	00b9b3ec	candidate_created	11
006bd520	00b9b3f8	candidate_created	11
006bd530	00b9b39c	candidate_created	11
006bd540	00b9b3a8	candidate_created	11
006bd5c0	00b9b428	candidate_created	8
006bd5d0	00b9b42c	candidate_created	8
006bd5e0	00b9b3f0	candidate_created	11
006bd5f0	00b9b3f4	candidate_created	11
006bd600	00b9b3a0	candidate_created	11
006bd610	00b9b3a4	candidate_created	11
006bd700	00b9b3ac	candidate_created	22
006bd720	00b9b434	candidate_created	811
006bda50	00b9b66c	candidate_created	34
006bdb60	00b9b64c	candidate_created	6
006bdb70	00b9b668	candidate_created	26
006bdbb0	00b9b634	candidate_created	872
006bdf20	00b9b82c	candidate_created	34
006bdf50	00b9b860	candidate_created	90
006be050	00b9b80c	candidate_created	6
006be060	00b9b828	candidate_created	26
006be080	00b9b7f4	candidate_created	736
006be370	00b9b9a4	candidate_created	34
006be3a0	00b9b9d8	candidate_created	90
006be490	00b9b984	candidate_created	6
006be4a0	00b9b9a0	candidate_created	26
006be4c0	00b9b96c	candidate_created	758
006be7c0	00b9bb64	candidate_created	34
006be850	00b9bb44	candidate_created	6
006be860	00b9bb60	candidate_created	26
006be880	00b9bb2c	candidate_created	725
006becf0	00b9bcb0	candidate_created	6
006bed60	00b9bcf0	candidate_created	6
006bedd0	00b9bd30	candidate_created	6
006bee40	00b9bd70	candidate_created	6
006beeb0	00b9bdb0	candidate_created	6
006bef50	00b9bc74	candidate_created	32
006bef70	00b9bc7c	candidate_created	32
006bef90	00b9bc84	candidate_created	32
006befb0	00b9bc8c	candidate_created	32
006befd0	00b9bc94	candidate_created	32
006beff0	00b9bcc8	candidate_created	6
006bf000	00b9bd88	candidate_created	6
006bf010	00b9bd08	candidate_created	6
006bf020	00b9bdc8	candidate_created	6
006bf030	00b9bd48	candidate_created	6
006bf040	00b9bcb4	candidate_created	35
006bf070	00b9bcf4	candidate_created	35
006bf0a0	00b9bd34	candidate_created	35
006bf0d0	00b9bd74	candidate_created	35
006bf100	00b9bdb4	candidate_created	35
006bf310	00b9be20	candidate_created	55
006bf350	00b9be6c	candidate_created	55
006bf390	00b9beb8	candidate_created	55
006bf3d0	00b9bf04	candidate_created	55
006bf410	00b9bf50	candidate_created	55
006bfe10	00b9c244	candidate_created	46
006bfee0	00b9c284	candidate_created	12
006bffc0	00b9c2c4	candidate_created	12
006c00a0	00b9c304	candidate_created	46
006c0d20	00b97790	candidate_created	31
006c0fd0	00b9c96c	candidate_created	46
006c1250	00b988cc	candidate_created	8
006c12b0	00b98afc	candidate_created	8
006c6176	00b49d70	candidate_created	33
006d0700	00b92858	candidate_created	31
006d0720	00b92968	candidate_created	25
006d0740	00b9285c	candidate_created	13
006d0870	00b9d564	candidate_created	6
006d0880	00b9d580	candidate_created	26
006d08a0	00b9d538	candidate_created	8
006d08b0	00b9d52c	candidate_created	8
006d08c0	00b9d500	candidate_created	11
006d08d0	00b9d4dc	candidate_created	11
006d0920	00b9d584	candidate_created	34
006d0990	00b928d4	candidate_created	53
006d1420	00b9d668	candidate_created	11
006d1430	00b9d63c	candidate_created	11
006d1b00	00b9d7e8	candidate_created	26
006d1b20	00b9d7cc	candidate_created	6
006d1b30	00b9d7a0	candidate_created	8
006d1b40	00b9d794	candidate_created	8
006d1b50	00b9d768	candidate_created	11
006d4000	00b9d7ec	candidate_created	34
006d52c0	00b9de1c	candidate_created	80
006d53f0	00b9deb4	candidate_created	40
006d5420	00b9deac	candidate_created	67
006d5470	00b9debc	candidate_created	5
006d55b0	00b9dcc4	candidate_created	6
006d55c0	00b9dce0	candidate_created	26
006d55e0	00b7a1a4	candidate_created	8
006d55f0	00b7a198	candidate_created	8
006d5600	00b7a16c	candidate_created	11
006d5610	00b9de6c	candidate_created	227
006d5770	00b9dcac	candidate_created	640
006d5a60	00b9ddb0	candidate_created	11
006d5aa0	00b9dce4	candidate_created	34
006d5b90	00b9df24	candidate_created	11
006d5ba0	00b9dee8	candidate_created	11
006d5cc0	00b9e0b4	candidate_created	6
006d5cd0	00b9e0d0	candidate_created	38
006d5d00	00b9e088	candidate_created	8
006d5d10	00b9e07c	candidate_created	8
006d5d20	00b9e050	candidate_created	11
006d5d30	00b9e02c	candidate_created	11
006d5d60	00b9e0d4	candidate_created	34
006d5f00	00b9df8c	candidate_created	598
006d62b0	00b90950	candidate_created	11
006d6320	00b9e2c4	candidate_created	6
006d6330	00b9e2e0	candidate_created	45
006d6360	00b9e29c	candidate_created	8
006d6372	00c02c24	candidate_created	9
006d6380	00b9e2e4	candidate_created	88
006d67b0	00b9e1e4	candidate_created	149
006d6880	00b9e3a8	candidate_created	13
006d6890	00b9e3d8	candidate_created	69
006d68e0	00b9e3bc	candidate_created	11
006d68f0	00b9e39c	candidate_created	11
006d69a0	00b9e528	candidate_created	87
006d6a00	00b9e52c	candidate_created	6
006d6a10	00b9e548	candidate_created	26
006d6a30	00b9e4c0	candidate_created	15
006d6a40	00b9e504	candidate_created	8
006d6a50	00b9e510	candidate_created	8
006d6a60	00b9e4f8	candidate_created	8
006d6a70	00b9e4cc	candidate_created	11
006d6a80	00b9e4d8	candidate_created	11
006d6a90	00b9e4b0	candidate_created	11
006d6aa0	00b9e4bc	candidate_created	11
006d6ac0	00b9e54c	candidate_created	87
006d6dc0	00b9e514	candidate_created	60
006d6fd0	00b9e80c	candidate_created	23
006d6ff0	00b9e808	candidate_created	48
006d7080	00b9e7b8	candidate_created	84
006d7140	00b9e794	candidate_created	6
006d7150	00b9e7b0	candidate_created	26
006d7170	00b9e810	candidate_created	8
006d7180	00b9e818	candidate_created	7
006d7190	00b9e768	candidate_created	8
006d71a0	00b9e75c	candidate_created	8
006d71b0	00b9e730	candidate_created	11
006d71c0	00b9e7b4	candidate_created	57
006d7230	00b9e990	candidate_created	57
006d72b0	00b9e8ac	candidate_created	6
006d72c0	00b9e8c8	candidate_created	26
006d72e0	00b9e8cc	candidate_created	57
006d732e	00ba6c68	candidate_created	1
006d7460	00b9eaa8	candidate_created	6
006d74d0	00b9eae8	candidate_created	6
006d7540	00b9eb28	candidate_created	6
006d756e	00bdab50	candidate_created	52
006d75b0	00b9eb68	candidate_created	6
006d7620	00b9eba8	candidate_created	6
006d7690	00b9ebe8	candidate_created	6
006d7700	00c10a84	candidate_created	8
006d7740	00b9ea54	candidate_created	32
006d7760	00b9ea5c	candidate_created	32
006d7780	00b9ea64	candidate_created	32
006d77a0	00b9ea6c	candidate_created	32
006d77c0	00b9ea74	candidate_created	32
006d77e0	00b9ea7c	candidate_created	32
006d7800	00b9ea84	candidate_created	32
006d7820	00b9ea8c	candidate_created	32
006d7840	00b9eac0	candidate_created	6
006d7850	00b9eaac	candidate_created	35
006d7880	00b9eb00	candidate_created	6
006d7890	00b9eaec	candidate_created	35
006d78c0	00b9eb40	candidate_created	6
006d78d0	00b9eb2c	candidate_created	35
006d7900	00b9eb80	candidate_created	6
006d7910	00b9eb6c	candidate_created	35
006d7940	00b9ebc0	candidate_created	6
006d7950	00b9ebac	candidate_created	35
006d7980	00b9ec00	candidate_created	6
006d7990	00b9ebec	candidate_created	35
006d7a40	00b64a34	candidate_created	18
006d7ac0	00b9ec2c	candidate_created	35
006d7af0	00b9ec68	candidate_created	6
006d7b60	00b9ec6c	candidate_created	35
006d7b90	00b64a2c	candidate_created	21
006d8930	00b9f02c	candidate_created	12
006d8a10	00b9f06c	candidate_created	12
006d8c30	00b9f0ec	candidate_created	46
006d9690	00b9f0ac	candidate_created	46
006d9a60	00b978f0	candidate_created	175
006d9be0	00b97800	candidate_created	171
006d9d60	00b97efc	candidate_created	8
006d9d70	00b97e5c	candidate_created	8
006d9d80	00b97e0c	candidate_created	8
006da1a0	00b9f87c	candidate_created	8
006da200	00b9f8c0	candidate_created	170
006da2c0	00b9f8cc	candidate_created	8
006db4e0	00b9fdac	candidate_created	15
006db4f0	00b9fde4	candidate_created	34
006db5f0	00b9fdc4	candidate_created	6
006db600	00b9fde0	candidate_created	26
006db620	00b9fd9c	candidate_created	8
006db630	00b9fd90	candidate_created	8
006db640	00b9fd64	candidate_created	11
006db7a0	00b9fec4	candidate_created	6
006db7b0	00b9fee0	candidate_created	26
006db820	00b9fff4	candidate_created	127
006db8d0	00b9fe98	candidate_created	8
006db8e0	00b9fe8c	candidate_created	8
006db8f0	00b9fe60	candidate_created	11
006db900	00b9ff3c	candidate_created	11
006dbbc0	00b9fee4	candidate_created	34
006dbbf0	00b9fff0	candidate_created	116
006dbdb0	00ba00bc	candidate_created	6
006dbdc0	00ba00d8	candidate_created	26
006dbde0	00ba0130	candidate_created	7
006dbe00	00ba0138	candidate_created	7
006dbe10	00ba00dc	candidate_created	65
006dbe60	00ba0094	candidate_created	8
006dbe70	00ba0088	candidate_created	8
006dbe80	00ba005c	candidate_created	11
006dbf50	00ba01c4	candidate_created	6
006dbf60	00ba01e0	candidate_created	26
006dbf80	00ba01e4	candidate_created	34
006dbfb0	00ba019c	candidate_created	8
006dbfc0	00ba0190	candidate_created	8
006dbfd0	00ba0164	candidate_created	11
006dc0a0	00b9281c	candidate_created	7
006dc170	00b62410	candidate_created	51
006dc770	00ba07f0	candidate_created	6
006dc840	00ba0870	candidate_created	6
006dc8b0	00ba08b0	candidate_created	6
006dc920	00ba08f0	candidate_created	6
006dc990	00ba0930	candidate_created	6
006dca00	00ba0970	candidate_created	6
006dca70	00ba09b0	candidate_created	6
006dcae0	00ba09f0	candidate_created	6
006dcb50	00ba0a30	candidate_created	6
006dcbc0	00ba0a70	candidate_created	6
006dcc30	00ba0ab0	candidate_created	6
006dcca0	00ba0af0	candidate_created	6
006dcd10	00ba0b30	candidate_created	6
006dcf00	00ba02d0	candidate_created	12
006dcf40	00ba0370	candidate_created	12
006dcf80	00ba0410	candidate_created	12
006dcfc0	00ba04b0	candidate_created	46
006dcff0	00ba0550	candidate_created	12
006dd030	00ba05f0	candidate_created	12
006dd070	00ba06a0	candidate_created	12
006dd0b0	00ba0734	candidate_created	32
006dd0d0	00ba073c	candidate_created	32
006dd0f0	00ba0744	candidate_created	32
006dd110	00ba074c	candidate_created	32
006dd130	00ba0754	candidate_created	32
006dd150	00ba075c	candidate_created	32
006dd170	00ba0764	candidate_created	32
006dd190	00ba076c	candidate_created	32
006dd1b0	00ba0774	candidate_created	32
006dd1d0	00ba077c	candidate_created	32
006dd1f0	00ba0784	candidate_created	32
006dd210	00ba078c	candidate_created	32
006dd230	00ba0794	candidate_created	32
006dd250	00ba0830	candidate_created	6
006dd260	00ba07b0	candidate_created	6
006dd270	00ba0bf0	candidate_created	6
006dd280	00ba0b70	candidate_created	6
006dd290	00ba0bb0	candidate_created	6
006dd2a0	00ba0c30	candidate_created	6
006dd2c0	00ba07c8	candidate_created	6
006dd2d0	00ba07b4	candidate_created	35
006dd300	00ba0808	candidate_created	6
006dd310	00ba07f4	candidate_created	35
006dd340	00ba0848	candidate_created	6
006dd350	00ba0834	candidate_created	35
006dd380	00ba0888	candidate_created	6
006dd390	00ba0874	candidate_created	35
006dd3c0	00ba08c8	candidate_created	6
006dd3d0	00ba08b4	candidate_created	35
006dd400	00ba0908	candidate_created	6
006dd410	00ba08f4	candidate_created	35
006dd440	00ba0948	candidate_created	6
006dd450	00ba0934	candidate_created	35
006dd480	00ba0988	candidate_created	6
006dd490	00ba0974	candidate_created	35
006dd4c0	00ba09c8	candidate_created	6
006dd4d0	00ba09b4	candidate_created	35
006dd500	00ba0a08	candidate_created	6
006dd510	00ba09f4	candidate_created	35
006dd540	00ba0a48	candidate_created	6
006dd550	00ba0a34	candidate_created	35
006dd580	00ba0a88	candidate_created	6
006dd590	00ba0a74	candidate_created	35
006dd5c0	00ba0ac8	candidate_created	6
006dd5d0	00ba0ab4	candidate_created	35
006dd600	00ba0b08	candidate_created	6
006dd610	00ba0af4	candidate_created	35
006dd640	00ba0b48	candidate_created	6
006dd650	00ba0b34	candidate_created	35
006dd680	00ba0b88	candidate_created	6
006dd690	00ba0b74	candidate_created	35
006dd6c0	00ba0bc8	candidate_created	6
006dd6d0	00ba0bb4	candidate_created	35
006dd700	00ba0c08	candidate_created	6
006dd710	00ba0bf4	candidate_created	35
006dd740	00ba0c48	candidate_created	6
006dd750	00ba0c34	candidate_created	35
006ddb70	00ba0d38	candidate_created	62
006ddbf0	00ba0d84	candidate_created	52
006ddc30	00ba0dd0	candidate_created	51
006ddc70	00ba0e1c	candidate_created	52
006de020	00ba0e7c	candidate_created	8
006de700	00ba0fd8	candidate_created	8
006e0590	00ba1638	candidate_created	8
006e0690	00ba1680	candidate_created	8
006e0790	00ba16c8	candidate_created	8
006e0890	00ba1710	candidate_created	8
006e0c70	00ba1850	candidate_created	190
006e1350	00ba1954	candidate_created	46
006e1420	00ba1994	candidate_created	46
006e1ac0	00b65d14	candidate_created	31
006e1ae0	00ba1b50	candidate_created	123
006e2d70	00ba1f48	candidate_created	8
006e33a0	00ba1fcc	candidate_created	46
006e3470	00ba200c	candidate_created	46
006e3540	00ba204c	candidate_created	12
006e38c0	00b977b0	candidate_created	163
006e4090	00ba24e0	candidate_created	8
006e40f0	00b97c70	candidate_created	154
006e4300	00ba1a64	candidate_created	68
006e43a0	00ba0ca0	candidate_created	52
006e4400	00ba0cec	candidate_created	52
006e4830	00ba241c	candidate_created	68
006e4c00	00ba282c	candidate_created	8
006e5310	00ba2b24	candidate_created	12
006e5a30	00ba19d4	candidate_created	46
006e75c0	00ba3384	candidate_created	28
006e7770	00ba33c8	candidate_created	39
006e8770	00ba34bc	candidate_created	6
006e8820	00ba34b8	candidate_created	71
006e8870	00ba3494	candidate_created	8
006e8880	00ba34a0	candidate_created	8
006e88b0	00ba34cc	candidate_created	20
006e8b00	00ba34a4	candidate_created	482
006e8da0	00ba3544	candidate_created	45
006e8de0	00ba34c8	candidate_created	168
006e8e90	00ba35b4	candidate_created	6
006e8fa0	00ba358c	candidate_created	8
006e8fb0	00ba3598	candidate_created	8
006e8fe0	00ba359c	candidate_created	482
006e9250	00ba35c0	candidate_created	168
006e9300	00ba36ac	candidate_created	6
006e9420	00ba3684	candidate_created	8
006e9430	00ba3690	candidate_created	8
006e9480	00ba36bc	candidate_created	20
006e94a0	00ba3694	candidate_created	595
006e9750	00ba3540	candidate_created	26
006e9770	00ba36b8	candidate_created	168
006e9820	00ba3794	candidate_created	6
006e9830	00ba34dc	candidate_created	21
006e98f0	00ba3790	candidate_created	71
006e9940	00ba37bc	candidate_created	10
006e9950	00ba37c0	candidate_created	4
006e9960	00ba37c4	candidate_created	10
006e9970	00ba37c8	candidate_created	4
006e9980	00ba37cc	candidate_created	10
006e9990	00ba37d0	candidate_created	4
006e99a0	00ba37a8	candidate_created	4
006e99b0	00ba376c	candidate_created	8
006e99c0	00ba3778	candidate_created	8
006e99f0	00ba34d8	candidate_created	16
006e9a00	00ba377c	candidate_created	747
006e9d60	00ba34d4	candidate_created	52
006e9da0	00ba3888	candidate_created	10
006e9db0	00b77338	candidate_created	4
006e9dc0	00ba3890	candidate_created	10
006e9dd0	00ba3894	candidate_created	4
006e9df0	00ba353c	candidate_created	8
006e9e30	00ba37a0	candidate_created	168
006e9ee0	00b8e8b4	candidate_created	66
006e9f30	00b8e8b0	candidate_created	26
006e9f50	00b8e828	candidate_created	19
006e9f70	00b8e82c	candidate_created	19
006e9f90	00b8e87c	candidate_created	343
006ea230	00b8f4b0	candidate_created	52
006ea270	00b8f490	candidate_created	571
006eaa30	00b8f4a8	candidate_created	78
006eab20	00ba3988	candidate_created	25
006eab50	00ba39cc	candidate_created	47
006eab80	00ba39d0	candidate_created	47
006eb4b0	00ba39b0	candidate_created	64
006ebab0	00ba39bc	candidate_created	36
006ebd80	00ba39b8	candidate_created	71
006ebf00	00ba39c0	candidate_created	25
006ec1b0	00ba39a8	candidate_created	37
006ec260	00ba39c4	candidate_created	47
006ec290	00ba39c8	candidate_created	47
006ec2c0	00ba39d8	candidate_created	1967
006ece00	00ba39d4	candidate_created	1278
006f0072	00bffcd0	candidate_created	357
006f1940	00ba3c94	candidate_created	5
006f1950	00ba3c90	candidate_created	7
006f19c0	00ba3c98	candidate_created	36
006f19f0	00ba3c60	candidate_created	239
006f3eb0	00b779b4	candidate_created	4
006f4050	00ba417c	candidate_created	62
006f4090	00ba418c	candidate_created	133
006f4120	00ba4194	candidate_created	151
006f41c0	00ba41a4	candidate_created	40
006f43c0	00ba41c0	candidate_created	57
006f45e0	00ba4158	candidate_created	45
006f4610	00ba415c	candidate_created	88
006f49a0	00ba4150	candidate_created	123
006f4ae0	00ba4188	candidate_created	131
006f4b70	00ba41b4	candidate_created	164
006f4fa0	00ba41b0	candidate_created	180
006f53e0	00ba4148	candidate_created	37
006f5410	00ba416c	candidate_created	4
006f5420	00ba4180	candidate_created	32
006f69b0	00ba4528	candidate_created	7
006f6a10	00ba44c8	candidate_created	83
006f6a70	00ba4504	candidate_created	80
006f6b00	00ba44b0	candidate_created	50
006f6d80	00ba4524	candidate_created	67
006f6dd0	00ba44ec	candidate_created	6
006f6de0	00ba452c	candidate_created	7
006f6df0	00ba4434	candidate_created	8
006f6e00	00ba4440	candidate_created	8
006f6e10	00ba4418	candidate_created	11
006f6e20	00ba4424	candidate_created	11
006f6e50	00ba4438	candidate_created	8
006f6e60	00ba443c	candidate_created	8
006f6e70	00ba441c	candidate_created	11
006f6e80	00ba4420	candidate_created	11
006f7160	00ba3548	candidate_created	152
006f8910	00b957c8	candidate_created	235
006f95f0	00ba490c	candidate_created	242
006f9810	00ba4908	candidate_created	216
006fb370	00ba4db0	candidate_created	26
006fb4a0	00ba4dac	candidate_created	345
006fbc80	00ba5014	candidate_created	553
006fbeb0	00ba5064	candidate_created	428
006fcb00	00ba5470	candidate_created	228
006fd370	00ba53b8	candidate_created	11
006fd380	00ba5474	candidate_created	77
006ff4d0	00ba5658	candidate_created	37
006ff500	00b91390	candidate_created	5
006ff510	00ba5630	candidate_created	11
006ff520	00ba563c	candidate_created	11
006ff5e0	00ba572c	candidate_created	51
006ff790	00ba569c	candidate_created	418
006ff940	00ba5778	candidate_created	11
006ffbd0	00ba57e4	candidate_created	122
00700290	00ba593c	candidate_created	28
00700530	00ba3554	candidate_created	6
00700700	00ba364c	candidate_created	6
00700710	00ba3650	candidate_created	78
007007f0	00ba3738	candidate_created	6
00700ae0	00ba59cc	candidate_created	88
00700b40	00ba59d4	candidate_created	16
00700c60	00ba59c8	candidate_created	37
00700d90	00ba59dc	candidate_created	28
00700f50	00ba5a10	candidate_created	37
00701120	00b450d0	candidate_created	28
00701140	00b450d4	candidate_created	18
00701190	00ba5b84	candidate_created	7
007011a0	00ba5bc0	candidate_created	9
007011c0	00ba5bd8	candidate_created	6
007011d0	00ba5b68	candidate_created	8
007011e0	00ba5bc4	candidate_created	16
00701330	00ba5bb8	candidate_created	27
00701350	00ba5b98	candidate_created	57
00701390	00ba5bcc	candidate_created	27
007013b0	00ba5bd0	candidate_created	33
007013e0	00ba5b6c	candidate_created	198
007018d0	00ba5cc8	candidate_created	170
00701c60	00ba5d58	candidate_created	384
00702040	00ba5e1c	candidate_created	14
00702050	00ba5e20	candidate_created	28
00702180	00ba5e88	candidate_created	70
007021d0	00ba5e90	candidate_created	220
00702340	00ba5eec	candidate_created	58
007023d0	00ba5d54	candidate_created	225
007028e0	00ba5fc0	candidate_created	5
007028f0	00ba5fb8	candidate_created	28
00702aa0	00b450f4	candidate_created	48
00702ad0	00b450f8	candidate_created	43
007031e0	00ba6074	candidate_created	66
00703230	00ba6080	candidate_created	170
00703550	00ba6100	candidate_created	153
007035f0	00ba60fc	candidate_created	196
007038c0	00ba6168	candidate_created	173
00703970	00b4a11c	candidate_created	182
00703b50	00ba61d0	candidate_created	222
00703f30	00ba6250	candidate_created	173
00704030	00ba624c	candidate_created	182
007041a0	00ba60f4	candidate_created	66
007041f0	00ba62b8	candidate_created	80
00704660	00ba639c	candidate_created	14
00704670	00ba63a0	candidate_created	97
007046e0	00ba63a8	candidate_created	781
00704b70	00ba632c	candidate_created	66
00704bc0	00ba6410	candidate_created	111
00704c30	00ba6418	candidate_created	388
00704f40	00ba6480	candidate_created	220
007050a0	00ba64dc	candidate_created	62
007050e0	00ba64e0	candidate_created	76
007052f0	00ba6560	candidate_created	220
007053d0	00ba655c	candidate_created	241
007055e0	00ba6554	candidate_created	62
00705700	00ba65d8	candidate_created	236
00705910	00ba6650	candidate_created	283
00705d10	00ba66c8	candidate_created	283
00705e30	00ba66c4	candidate_created	214
00706020	00ba673c	candidate_created	62
00706140	00ba6748	candidate_created	236
0070614d	00b44d98	absorbed	0
00706340	00ba67b8	candidate_created	55
00706380	00ba67c0	candidate_created	220
00706570	00ba6838	candidate_created	220
00706650	00ba682c	candidate_created	12
00706660	00ba6830	candidate_created	86
00706740	00ba68a8	candidate_created	31
007067e0	00ba6920	candidate_created	28
00706910	00ba68a4	candidate_created	14
0070696b	00b69aa8	candidate_created	4
00706970	00ba69a0	candidate_created	220
00706b60	00ba6a00	candidate_created	54
00706ba0	00ba6a08	candidate_created	220
00706d90	00ba6a78	candidate_created	54
00706dd0	00ba6a80	candidate_created	220
00707600	00ba6ad0	candidate_created	47
00707630	00ba6aa8	candidate_created	8
00707640	00ba6ab4	candidate_created	8
00707de0	00ba6b84	candidate_created	18
00707e30	00ba6b90	candidate_created	33
00707e60	00b61fa0	candidate_created	4
00707ed0	00ba6b4c	candidate_created	22
00708200	00ba6bec	candidate_created	115
00709140	00ba6bf8	candidate_created	4527
0070a3b0	00b5f740	candidate_created	4
0070a3d0	00ba6cf8	candidate_created	7
0070a400	00b5f774	candidate_created	4
0070a570	00ba6d04	candidate_created	11
0070c460	00ba6bfc	candidate_created	112
0070c7c0	00ba6b3c	candidate_created	8
0070c7d0	00ba6d88	candidate_created	8
0070c7e0	00ba6b20	candidate_created	8
0070c7f0	00ba6d6c	candidate_created	8
0070c800	00ba6b08	candidate_created	8
0070c810	00ba6d54	candidate_created	8
0070c850	00ba6d80	candidate_created	8
0070c860	00ba6d84	candidate_created	8
0070c870	00ba6d64	candidate_created	8
0070c880	00ba6d68	candidate_created	8
0070c890	00ba6d4c	candidate_created	8
0070c8a0	00ba6d50	candidate_created	8
0070cf40	00b45118	candidate_created	23
0070cf60	00b4511c	candidate_created	18
0070d190	00ba70e0	candidate_created	170
0070d350	00ba70dc	candidate_created	265
0070d580	00ba706c	candidate_created	66
0070d5d0	00ba7150	candidate_created	222
0070d7c0	00ba71c0	candidate_created	153
0070d980	00ba7238	candidate_created	222
0070dcb0	00ba72a8	candidate_created	222
0070dd90	00b785c4	candidate_created	258
0070dfb0	00ba7320	candidate_created	153
0070e210	00ba7398	candidate_created	153
0070e3c0	00ba7408	candidate_created	153
0070e620	00ba7478	candidate_created	153
0070e7d0	00ba74e8	candidate_created	187
0070e890	00ba74f0	candidate_created	153
0070ea40	00ba7560	candidate_created	153
0070ebf0	00ba75d0	candidate_created	153
0070eda0	00ba7638	candidate_created	196
0070ee70	00ba7640	candidate_created	153
0070f020	00ba76b0	candidate_created	196
0070f0f0	00ba76b8	candidate_created	153
0070f2b0	00ba7728	candidate_created	222
0070f6a0	00ba77a0	candidate_created	173
0070f860	00ba7810	candidate_created	196
0070f930	00ba7818	candidate_created	153
0070fae0	00ba7888	candidate_created	196
0070fbb0	00ba7890	candidate_created	153
0070fd60	00ba7900	candidate_created	196
0070fe30	00ba7908	candidate_created	153
0070ffe0	00ba797c	candidate_created	77
00710030	00ba7980	candidate_created	92
00710090	00ba7988	candidate_created	153
007102a0	00ba79f8	candidate_created	108
00710310	00ba7a00	candidate_created	250
00710520	00ba7a6c	candidate_created	25
00710540	00ba7a70	candidate_created	111
007105b0	00ba7a78	candidate_created	153
00710800	00ba7af0	candidate_created	173
007109c0	00ba7b60	candidate_created	111
00710a30	00ba7b68	candidate_created	153
00710be0	00ba7be0	candidate_created	111
00710c50	00ba7be8	candidate_created	153
00710ea0	00ba7c60	candidate_created	173
00710f50	00ba7aec	candidate_created	308
007111a0	00ba7cd8	candidate_created	117
00711220	00ba7ce0	candidate_created	153
00711480	00ba7d58	candidate_created	173
00711640	00ba7dc8	candidate_created	173
007118b0	00ba7e40	candidate_created	173
00711a70	00ba7ea0	candidate_created	160
00711b10	00ba7ea8	candidate_created	153
00711cc0	00ba7f18	candidate_created	164
00711d70	00ba7f20	candidate_created	153
00711f20	00ba7d4c	candidate_created	51
00711f60	00ba7f90	candidate_created	160
00712000	00ba7f98	candidate_created	153
00712260	00ba8010	candidate_created	173
00712420	00ba8078	candidate_created	173
00712690	00ba80e0	candidate_created	173
00712850	00ba8140	candidate_created	160
007128f0	00ba8148	candidate_created	153
00712aa0	00ba81a8	candidate_created	164
00712b50	00ba81b0	candidate_created	153
00712d00	00ba8004	candidate_created	51
00712d40	00ba8210	candidate_created	160
00712de0	00ba8218	candidate_created	153
00712f90	00ba8280	candidate_created	153
00713030	00ba8274	candidate_created	12
00713270	00b4513c	candidate_created	18
00713290	00b45140	candidate_created	18
007133c0	00b7c6fc	candidate_created	143
00713570	00ba83c8	candidate_created	170
00713740	00ba8430	candidate_created	222
00713af0	00ba8498	candidate_created	153
00713ca0	00ba8500	candidate_created	153
00713e50	00ba8568	candidate_created	153
00714000	00ba7558	candidate_created	187
007140c0	00ba85d0	candidate_created	153
00714270	00ba8638	candidate_created	153
007144d0	00ba86a0	candidate_created	153
00714570	00ba71bc	candidate_created	254
00714780	00ba75c8	candidate_created	190
00714840	00ba8708	candidate_created	153
007149f0	00ba8770	candidate_created	153
00714bb0	00ba87d8	candidate_created	222
00714db0	00ba8840	candidate_created	222
007150d0	00ba7318	candidate_created	187
00715190	00ba88a8	candidate_created	153
00715350	00ba8910	candidate_created	222
00715640	00ba8904	candidate_created	73
00715690	00ba8970	candidate_created	136
00715720	00ba8978	candidate_created	153
00715990	00ba89e0	candidate_created	173
00715c00	00ba8b08	candidate_created	73
00715c50	00ba8ac8	candidate_created	8
00715c60	00ba8ad4	candidate_created	8
00715c70	00ba8aa4	candidate_created	8
00715c80	00ba8ab0	candidate_created	8
00715c90	00ba8acc	candidate_created	8
00715ca0	00ba8ad0	candidate_created	8
00715cb0	00ba8aa8	candidate_created	8
00715cc0	00ba8aac	candidate_created	8
00715f80	00b453a4	candidate_created	23
00716280	00ba8be8	candidate_created	22
00716320	00ba8c54	candidate_created	12
00716330	00ba8c58	candidate_created	29
00716460	00ba8cd8	candidate_created	170
00716610	00ba8d50	candidate_created	29
00716740	00ba8dd8	candidate_created	163
00716b80	00ba8e48	candidate_created	617
007170f0	00ba8eb8	candidate_created	274
00717400	00ba8f28	candidate_created	163
00717640	00ba8fa0	candidate_created	163
00717880	00ba9000	candidate_created	31
007178a0	00ba9008	candidate_created	96
00717980	00ba906c	candidate_created	12
00717990	00ba9070	candidate_created	26
00717ac0	00ba90f0	candidate_created	163
00717de0	00ba9168	candidate_created	257
00718170	00ba91d8	candidate_created	65
007181c0	00ba91e0	candidate_created	192
007184e0	00ba9260	candidate_created	314
007188c0	00ba92d0	candidate_created	67
00718910	00ba92d8	candidate_created	192
00718ae0	00ba9358	candidate_created	163
00718da0	00ba93d8	candidate_created	210
00719010	00ba9450	candidate_created	163
00719250	00ba94c8	candidate_created	163
00719400	00ba9530	candidate_created	29
00719600	00ba95a8	candidate_created	84
00719660	00ba95b0	candidate_created	192
00719830	00ba9620	candidate_created	163
007199f0	00ba9690	candidate_created	37
00719a20	00ba9698	candidate_created	96
00719c70	00ba9708	candidate_created	68
00719cc0	00ba9710	candidate_created	192
00719e90	00ba9780	candidate_created	31
00719eb0	00ba9788	candidate_created	96
00719f90	00ba97f0	candidate_created	26
0071a0c0	00ba9868	candidate_created	31
0071a0e0	00ba9870	candidate_created	96
0071a250	00ba98e8	candidate_created	30
0071a270	00ba98f0	candidate_created	96
0071a4c0	00ba9960	candidate_created	67
0071a510	00ba9968	candidate_created	192
0071a7c0	00ba99d8	candidate_created	67
0071a810	00ba99e0	candidate_created	192
0071aac0	00ba9a50	candidate_created	67
0071ab10	00ba9a58	candidate_created	192
0071adc0	00ba9ac8	candidate_created	67
0071ae10	00ba9ad0	candidate_created	192
0071b0c0	00ba9b48	candidate_created	67
0071b110	00ba9b50	candidate_created	192
0071b3c0	00ba9bc8	candidate_created	67
0071b410	00ba9bd0	candidate_created	192
0071b650	00ba9c40	candidate_created	48
0071b680	00ba9c48	candidate_created	143
0071b890	00ba9cc0	candidate_created	48
0071b8c0	00ba9cc8	candidate_created	143
0071bad0	00ba9d40	candidate_created	48
0071bb00	00ba9d48	candidate_created	143
0071bc10	00ba9dc0	candidate_created	29
0071bdb0	00ba9e30	candidate_created	208
0071c090	00ba9ea8	candidate_created	208
0071c300	00ba9f18	candidate_created	85
0071c360	00ba9f20	candidate_created	96
0071c4b0	00baa088	candidate_created	45
0071c4e0	00baa094	candidate_created	45
0071e2e0	00ba9ff8	candidate_created	7
0071e2f0	00ba9ffc	candidate_created	7
0071e300	00baa000	candidate_created	7
0071e310	00baa008	candidate_created	21
0071e330	00ba9fe8	candidate_created	11
0071e340	00ba9fec	candidate_created	11
0071e350	00baa028	candidate_created	5
0071e360	00baa02c	candidate_created	5
0071e370	00ba9fd4	candidate_created	11
0071e380	00ba9fdc	candidate_created	11
0071e390	00ba9fe0	candidate_created	11
0071e3a0	00ba9fe4	candidate_created	111
0071e410	00ba9fd8	candidate_created	488
0071e920	00baa05c	candidate_created	11
0071e9b0	00baa0cc	candidate_created	37
0071e9e0	00baa0d0	candidate_created	123
0071f4c0	00baa0c0	candidate_created	1118
0071f970	00baa1c8	candidate_created	5
0071fa40	00baa110	candidate_created	11
0071fa90	00baa114	candidate_created	549
0071fdf0	00baa1d4	candidate_created	37
007202d0	00baa27c	candidate_created	1428
007214b0	00baa278	candidate_created	45
00721690	00baa46c	candidate_created	7
007216a0	00b9b2cc	candidate_created	12
007216b0	00baa414	candidate_created	25
007217d0	00baa45c	candidate_created	25
007217f0	00baa470	candidate_created	7
00721800	00baa3e4	candidate_created	7
00721810	00baa3e8	candidate_created	31
00721830	00baa474	candidate_created	55
007218f0	00baa3a0	candidate_created	65
00721940	00baa3a4	candidate_created	23
00721c50	00baa458	candidate_created	193
007221b0	00baa450	candidate_created	28
00725200	00baa410	candidate_created	91
00725260	00baa41c	candidate_created	13
00725270	00baa420	candidate_created	7
00725280	00baa424	candidate_created	29
007252a0	00baa428	candidate_created	7
007252b0	00baa42c	candidate_created	43
007252e0	00baa430	candidate_created	7
007252f0	00baa434	candidate_created	13
00725300	00baa438	candidate_created	7
00725310	00baa444	candidate_created	29
00725330	00baa448	candidate_created	7
00725340	00b61794	candidate_created	7
00725350	00baa440	candidate_created	7
00725360	00baa484	candidate_created	7
00725370	00baa488	candidate_created	13
00725380	00baa3c4	candidate_created	8
00725390	00baa3d0	candidate_created	8
007253a0	00baa3ac	candidate_created	8
007253b0	00baa3b8	candidate_created	8
007253c0	00baa38c	candidate_created	8
007253d0	00baa398	candidate_created	8
007253e0	00baa3c8	candidate_created	8
007253f0	00baa3cc	candidate_created	8
00725740	00baa478	candidate_created	315
00726560	00baa58c	candidate_created	13
00726564	00b9b320	absorbed	0
00726567	00b59ca4	absorbed	0
00726580	00baa5a8	candidate_created	10
007265a0	00baa5b0	candidate_created	10
007265b0	00baa5b4	candidate_created	4
007265c0	00baa5b8	candidate_created	10
007265d0	00baa5bc	candidate_created	4
00726600	00b5f770	candidate_created	10
00726620	00baa5d0	candidate_created	26
00726640	00baa5d8	candidate_created	26
00726660	00baa5e8	candidate_created	26
00726690	00baa5f0	candidate_created	18
007267c0	00baa5fc	candidate_created	338
00726941	00b5c7d8	candidate_created	452
00726961	00b70294	absorbed	0
00726e30	00baa588	candidate_created	47
00726e60	00baa590	candidate_created	4
00726e70	00baa608	candidate_created	6
00726e80	00baa564	candidate_created	8
00726e90	00baa570	candidate_created	8
00726f50	00baa598	candidate_created	78
00726f64	00bbcdbc	absorbed	0
00726f69	00b6f5a8	absorbed	0
00726fa0	00baa5a0	candidate_created	78
00727110	00baa6c0	candidate_created	6
00727180	00baa700	candidate_created	6
007271f0	00baa740	candidate_created	6
00727260	00baa780	candidate_created	6
007272d0	00baa7c0	candidate_created	6
00727380	00bd1e98	candidate_created	5
00727390	00baa69c	candidate_created	32
007273b0	00baa6a4	candidate_created	32
007273d0	00baa6d8	candidate_created	6
007273e0	00baa6c4	candidate_created	35
00727410	00baa718	candidate_created	6
00727420	00baa704	candidate_created	35
00727450	00baa758	candidate_created	6
00727460	00baa744	candidate_created	35
00727490	00baa798	candidate_created	6
007274a0	00baa784	candidate_created	35
007274d0	00baa7d8	candidate_created	6
007274e0	00baa7c4	candidate_created	35
007275d0	00baa674	candidate_created	35
00727600	00baa670	candidate_created	6
00727610	00baa800	candidate_created	6
00727680	00baa874	candidate_created	33
007276b0	00baa878	candidate_created	103
00727770	00b719a4	candidate_created	60
007277b0	00b71974	candidate_created	34
007277e0	00b719d4	candidate_created	19
00727860	00b719e8	candidate_created	188
00727920	00baa89c	candidate_created	55
00727960	00b719b4	candidate_created	154
00728260	00baaabc	candidate_created	8
00728490	00baab84	candidate_created	12
007286b0	00baac44	candidate_created	12
00728c00	00baaf84	candidate_created	12
00728ce0	00baafc4	candidate_created	12
00728e60	00baabc4	candidate_created	46
00728f30	00bab0c4	candidate_created	12
00729220	00b946ac	candidate_created	8
00729230	00b946f0	candidate_created	168
007292f0	00b9479c	candidate_created	8
007299e0	00bab51c	candidate_created	6
0072a380	00bab528	candidate_created	167
00731250	00babd3c	candidate_created	6
00731480	00bab7ec	candidate_created	25
007314a0	00bab7f4	candidate_created	21
007314c0	00bab804	candidate_created	43
007314f0	00bab7fc	candidate_created	34
00731e80	00bab7e4	candidate_created	53
00732524	00bc6ec8	candidate_created	9
0073255c	00b5df6c	candidate_created	72
00732572	00bcd030	absorbed	0
00733480	00babdf0	candidate_created	319
00734170	00babb54	candidate_created	1667
00735720	00baba40	candidate_created	925
00736e30	00bab9b8	candidate_created	7
00736e40	00bab9d8	candidate_created	7
00736e50	00bab8d8	candidate_created	7
00736e60	00bab998	candidate_created	10
00736e70	00bab9a8	candidate_created	4
00736e80	00bab9b0	candidate_created	10
00736ea0	00bab930	candidate_created	10
00736eb0	00bab934	candidate_created	30
00736ed0	00bab8b4	candidate_created	10
00736ee0	00bab968	candidate_created	8
00736ef0	00bab950	candidate_created	8
00736f00	00bab91c	candidate_created	8
00736f10	00bab8f8	candidate_created	8
00736f20	00bab8e0	candidate_created	8
00736f30	00bab8c4	candidate_created	8
00736f40	00bab8a4	candidate_created	8
00736f50	00b5eb08	candidate_created	8
00736fd0	00bab940	candidate_created	82
00737250	00bab89c	candidate_created	306
00737263	00bc5fd0	absorbed	0
007375d0	00bab9d4	candidate_created	287
00737720	00bab9cc	candidate_created	369
0073776f	00b46e9c	absorbed	0
00737a20	00bab9c4	candidate_created	31
00737bf0	00babb28	candidate_created	8
00737c00	00babb34	candidate_created	8
00737c10	00babb10	candidate_created	8
00737c20	00babb1c	candidate_created	8
00737c30	00babadc	candidate_created	8
00737c40	00babae8	candidate_created	8
00737c50	00babab8	candidate_created	8
00737c60	00babac4	candidate_created	8
00737c70	00babaa0	candidate_created	8
00737c80	00babaac	candidate_created	8
00737c90	00baba84	candidate_created	8
00737ca0	00baba90	candidate_created	8
00737cb0	00baba64	candidate_created	8
00737cc0	00baba70	candidate_created	8
00737cd0	00baba4c	candidate_created	8
00737ce0	00baba58	candidate_created	8
00737cf0	00baba30	candidate_created	11
00737d00	00baba3c	candidate_created	11
00737d10	00babb48	candidate_created	14
00737d20	00babb4c	candidate_created	32
00737d40	00babb2c	candidate_created	8
00737d50	00babb30	candidate_created	8
00737d60	00babb14	candidate_created	8
00737d70	00babb18	candidate_created	8
00737d80	00babae0	candidate_created	8
00737d90	00babae4	candidate_created	8
00737da0	00bababc	candidate_created	8
00737db0	00babac0	candidate_created	8
00737dc0	00babaa4	candidate_created	8
00737dd0	00babaa8	candidate_created	8
00737de0	00baba88	candidate_created	8
00737df0	00baba8c	candidate_created	8
00737e00	00baba68	candidate_created	8
00737e10	00baba6c	candidate_created	8
00737e20	00baba50	candidate_created	8
00737e30	00baba54	candidate_created	8
00737e40	00baba34	candidate_created	11
00737e50	00baba38	candidate_created	11
00739530	00babde8	candidate_created	44
00739560	00babdd0	candidate_created	146
00739a40	00babdcc	candidate_created	5
0073a090	00ba6bc4	candidate_created	7
0073a0a0	00b7392c	candidate_created	7
0073a0b0	00ba6b80	candidate_created	25
0073a0d0	00ba6b94	candidate_created	7
0073a0e0	00b73904	candidate_created	7
0073a100	00ba6bac	candidate_created	7
0073a130	00ba6bb4	candidate_created	7
0073a140	00ba6bbc	candidate_created	7
0073a150	00ba6b30	candidate_created	26
0073a170	00babbd8	candidate_created	8
0073a180	00babbbc	candidate_created	8
0073a190	00babba4	candidate_created	8
0073a1a0	00ba6b70	candidate_created	25
0073a1c0	00ba6b74	candidate_created	38
0073a210	00ba6bb0	candidate_created	23
0073a3e0	00ba6c04	candidate_created	160
0073a5e0	00babc88	candidate_created	186
0073a6a0	00babc90	candidate_created	331
0073ad40	00babc9c	candidate_created	114
0073b130	00babd10	candidate_created	8
0073b140	00babd1c	candidate_created	8
0073b150	00babcf4	candidate_created	8
0073b160	00babd00	candidate_created	8
0073b170	00babcdc	candidate_created	8
0073b180	00babce8	candidate_created	8
0073b190	00babcc0	candidate_created	11
0073b1a0	00babccc	candidate_created	11
0073b1b0	00babd14	candidate_created	8
0073b1c0	00babd18	candidate_created	8
0073b1d0	00babcf8	candidate_created	8
0073b1e0	00babcfc	candidate_created	8
0073b1f0	00babce0	candidate_created	8
0073b200	00babce4	candidate_created	8
0073b210	00babcc4	candidate_created	11
0073b220	00babcc8	candidate_created	11
0073b230	00babcd0	candidate_created	23
0073b570	00babfb0	candidate_created	6
0073b5e0	00babff0	candidate_created	6
0073b650	00bac030	candidate_created	6
0073b6c0	00bac070	candidate_created	6
0073b790	00babe90	candidate_created	12
0073b7d0	00babf30	candidate_created	12
0073b810	00babf80	candidate_created	32
0073b830	00babf88	candidate_created	32
0073b850	00babf90	candidate_created	32
0073b870	00bac0b0	candidate_created	6
0073b880	00b63cac	candidate_created	8
0073b890	00babfc8	candidate_created	6
0073b8a0	00babfb4	candidate_created	35
0073b8d0	00bac008	candidate_created	6
0073b8e0	00babff4	candidate_created	35
0073b910	00bac048	candidate_created	6
0073b920	00bac034	candidate_created	35
0073b950	00bac088	candidate_created	6
0073b960	00bac074	candidate_created	35
0073b990	00bac0c8	candidate_created	6
0073b9a0	00bac0b4	candidate_created	35
0073bab0	00bac120	candidate_created	52
0073c7d0	00bac400	candidate_created	8
0073c8d0	00bac448	candidate_created	8
0073d650	00bac54c	candidate_created	46
0073d720	00bac7c4	candidate_created	46
0073d860	00b725ac	candidate_created	8
0073d870	00bac8a4	candidate_created	68
0073de30	00b6741c	candidate_created	8
0073ead0	00bacfcc	candidate_created	6
0073eb10	00bacffc	candidate_created	4
0073eb20	00bacfb0	candidate_created	26
0073eb40	00bacf70	candidate_created	26
0073eb60	00b90ac0	candidate_created	7
0073ec60	00bacf48	candidate_created	108
0073eec0	00bacf4c	candidate_created	72
0073f1f0	00bacf30	candidate_created	81
0073f250	00bacf04	candidate_created	8
0073f260	00bacf10	candidate_created	8
0073f270	00baceec	candidate_created	8
0073f280	00bacef8	candidate_created	8
0073f290	00bacf44	candidate_created	249
0073f440	00bacfc8	candidate_created	81
0073f4a0	00bacfa0	candidate_created	8
0073f4b0	00bacfac	candidate_created	8
0073f4c0	00bacf88	candidate_created	8
0073f4d0	00bacf94	candidate_created	8
0073f4e0	00baa3b0	candidate_created	8
0073f4f0	00baa3b4	candidate_created	8
0073f500	00baa390	candidate_created	8
0073f510	00baa394	candidate_created	8
0073f600	00bacfd0	candidate_created	20
0073f620	00bacf68	candidate_created	64
0073f890	00bacf98	candidate_created	598
0073fbf0	00bacefc	candidate_created	648
00740880	00bacf78	candidate_created	29
007409d0	00bacfd8	candidate_created	92
00740a30	00bad4a0	candidate_created	13
00740a40	00bad4a4	candidate_created	7
00740ae0	00bad120	candidate_created	15
00740af0	00bad128	candidate_created	33
00740b20	00bad130	candidate_created	15
00741230	00bad464	candidate_created	87
00741f20	00bad1e0	candidate_created	14
00741f30	00bad1e4	candidate_created	32
00741f50	00bad468	candidate_created	84
00742120	00bad46c	candidate_created	3472
00742408	00c9ed2c	absorbed	0
00742f30	00bad418	candidate_created	39
00743590	00bad41c	candidate_created	29
007435b0	00bad420	candidate_created	29
007435d0	00bad424	candidate_created	29
007435f0	00bad428	candidate_created	51
00743630	00bad3fc	candidate_created	36
00743740	00bad460	candidate_created	45
00743840	00bad554	candidate_created	14
00743850	00bad558	candidate_created	14
00743860	00bad500	candidate_created	10
00743870	00bad504	candidate_created	14
00743880	00bad510	candidate_created	7
00743890	00bad518	candidate_created	63
007438a0	00bad524	candidate_created	89
007438b0	00bad540	absorbed	0
00743910	00bad4e4	candidate_created	63
00743920	00bad4f0	candidate_created	8
007439a0	00bad578	candidate_created	15
007439b0	00bad534	absorbed	0
007439f0	00bad5a4	candidate_created	41
00744480	00bab518	candidate_created	45
007444b0	00bad598	candidate_created	6
007444e0	00bad528	candidate_created	1138
00744960	00ba34c0	candidate_created	20
00744cc0	00bad5a8	candidate_created	28
00745530	00bad63c	candidate_created	400
00745ab0	00bad654	candidate_created	47
00745ae0	00bad610	candidate_created	8
00745af0	00bad61c	candidate_created	8
00747710	00ba6da4	candidate_created	6
00747750	00bad6ac	candidate_created	15
00747f50	00bad6b4	candidate_created	469
007486f0	00ba6e58	candidate_created	365
007498f0	00bab99c	candidate_created	30
00749910	00bab9c0	candidate_created	8
00749920	00bab9dc	candidate_created	23
00749940	00bab8d4	candidate_created	117
007499c0	00bab9bc	candidate_created	33
007499f0	00bad79c	candidate_created	8
00749a00	00bad784	candidate_created	8
00749a10	00bad750	candidate_created	8
00749a20	00bad72c	candidate_created	8
00749a30	00bad714	candidate_created	8
00749a40	00bad6f8	candidate_created	8
00749a50	00bad6d8	candidate_created	8
00749a60	00bad6c0	candidate_created	8
00749a70	00bab908	candidate_created	21
00749a90	00bab90c	candidate_created	14
00749aa0	00bab910	candidate_created	14
00749ab0	00bab914	candidate_created	14
00749ac0	00bab8f0	candidate_created	14
00749b40	00bab960	candidate_created	225
00749c30	00bab938	candidate_created	82
00749c90	00bab93c	candidate_created	82
00749cf0	00bab944	candidate_created	82
00749d50	00bab948	candidate_created	67
00749da0	00bab92c	candidate_created	16
0074a1e0	00bad80c	candidate_created	287
0074a300	00bad804	candidate_created	369
0074a5d0	00bad7fc	candidate_created	31
0074a6a0	00bad920	candidate_created	209
0074a780	00bad8f8	candidate_created	8
0074a790	00bad904	candidate_created	8
0074a7a0	00bad8e0	candidate_created	8
0074a7b0	00bad8ec	candidate_created	8
0074a7c0	00bad8ac	candidate_created	8
0074a7d0	00bad8b8	candidate_created	8
0074a7e0	00bad888	candidate_created	8
0074a7f0	00bad894	candidate_created	8
0074a800	00bad870	candidate_created	8
0074a810	00bad87c	candidate_created	8
0074a820	00bad854	candidate_created	8
0074a830	00bad860	candidate_created	8
0074a840	00bad834	candidate_created	8
0074a850	00bad840	candidate_created	8
0074a860	00bad81c	candidate_created	8
0074a870	00bad828	candidate_created	8
0074a880	00bad918	candidate_created	14
0074a890	00bad91c	candidate_created	32
0074a8b0	00bad8fc	candidate_created	8
0074a8c0	00bad900	candidate_created	8
0074a8d0	00bad8e4	candidate_created	8
0074a8e0	00bad8e8	candidate_created	8
0074a8f0	00bad8b0	candidate_created	8
0074a900	00bad8b4	candidate_created	8
0074a910	00bad88c	candidate_created	8
0074a920	00bad890	candidate_created	8
0074a930	00bad874	candidate_created	8
0074a940	00bad878	candidate_created	8
0074a950	00bad858	candidate_created	8
0074a960	00bad85c	candidate_created	8
0074a970	00bad838	candidate_created	8
0074a980	00bad83c	candidate_created	8
0074a990	00bad820	candidate_created	8
0074a9a0	00bad824	candidate_created	8
0074ae60	00ba6e50	candidate_created	44
0074ae90	00bad9e0	candidate_created	6
0074af00	00bad998	candidate_created	32
0074af20	00bad9a0	candidate_created	32
0074af40	00bad9a8	candidate_created	32
0074af60	00bad9b0	candidate_created	32
0074af80	00bad9b8	candidate_created	32
0074afa0	00bad9c0	candidate_created	32
0074afc0	00bada38	candidate_created	6
0074afd0	00bada40	candidate_created	6
0074afe0	00bada84	candidate_created	6
0074aff0	00bada8c	candidate_created	6
0074b040	00bad9f8	candidate_created	6
0074b050	00bad9e4	candidate_created	35
0074b080	00b6238c	candidate_created	28
0074b160	00bada9c	candidate_created	55
0074bea0	00bada50	candidate_created	55
0074bee0	00ba6ad4	candidate_created	45
0074c020	00ba6af0	candidate_created	124
0074c450	00ba6ab8	candidate_created	563
0074cde0	00ba6aec	candidate_created	232
0074d200	00bade08	candidate_created	72
0074d260	00baddbc	candidate_created	7
0074d270	00baddc4	candidate_created	7
0074d280	00baddcc	candidate_created	7
0074d290	00baddd4	candidate_created	7
0074d2a0	00badddc	candidate_created	7
0074d2b0	00badde8	candidate_created	29
0074d2d0	00baddf0	candidate_created	13
0074d2e0	00badd5c	candidate_created	6
0074d410	00badd58	candidate_created	55
0074d450	00badd34	candidate_created	8
0074d460	00badd40	candidate_created	8
0074d6d0	00badd68	candidate_created	114
0074d750	00badd60	candidate_created	20
0074d770	00badd88	candidate_created	37
0074d7a0	00badde0	candidate_created	23
0074d7c0	00badd44	candidate_created	1363
0074dd20	00bae118	candidate_created	20
0074dd50	00bae2b4	candidate_created	7
0074dd60	00bae2b8	candidate_created	13
0074dd70	00bae2bc	candidate_created	7
0074dd80	00bae2d4	candidate_created	7
0074dd90	00bae2ec	candidate_created	7
0074dda0	00bae2f4	candidate_created	7
0074ddb0	00bae2fc	candidate_created	7
0074ddc0	00bae348	candidate_created	22
0074dde0	00bae34c	candidate_created	7
0074df00	00bad1e8	candidate_created	37
0074df30	00bae2a8	candidate_created	69
0074e120	00bae294	candidate_created	18
0074e140	00bae2e8	candidate_created	28
0074e160	00bae2f0	candidate_created	28
0074e180	00bae2f8	candidate_created	28
0074e2b0	00bae274	candidate_created	87
0074e780	00bae298	candidate_created	1397
0074f940	00bae27c	candidate_created	161
0074f9f0	00bae190	candidate_created	39
007501a0	00bae194	candidate_created	29
007501c0	00bae198	candidate_created	29
007501e0	00bae19c	candidate_created	29
00750200	00bae1a0	candidate_created	51
007503e0	00bae270	candidate_created	45
007504a0	00bae32c	candidate_created	57
00750600	00bae398	candidate_created	6
00750670	00bae374	candidate_created	32
00750690	00bae37c	candidate_created	32
007506b0	00bae3b0	candidate_created	6
007506c0	00bae39c	candidate_created	35
00750830	00b67f28	candidate_created	153
00750a40	00bae47c	candidate_created	12
00750b20	00bae4bc	candidate_created	46
007518c0	00baed24	candidate_created	186
007531d0	00bae754	candidate_created	6
007531e0	00b738e8	candidate_created	13
007531f0	00bae794	candidate_created	7
00753200	00bae7e0	candidate_created	29
00753240	00bae7ec	candidate_created	7
00753250	00bae7b0	candidate_created	22
00753270	00bae7b4	candidate_created	7
00753280	00bae7b8	candidate_created	13
00753290	00b73984	candidate_created	13
007532d0	00bae908	candidate_created	13
007532e0	00bae8c4	candidate_created	14
00753520	00bae934	candidate_created	7
00754990	00bae750	candidate_created	63
007549d0	00bae728	candidate_created	8
007549e0	00bae734	candidate_created	8
00754e60	00ba37a4	candidate_created	20
00754e80	00bae768	candidate_created	23
00754ea0	00bae770	candidate_created	20
00754ec0	00bae7d8	candidate_created	23
00754ee0	00bae780	candidate_created	40
00754f10	00bae788	candidate_created	40
00754f40	00bae8c0	candidate_created	65
00755e70	00bae738	candidate_created	418
007560d0	00bae930	candidate_created	127
00756150	00b6ae44	candidate_created	9
00756160	00bae988	candidate_created	9
00756170	00bae994	candidate_created	8
00756180	00bae990	candidate_created	7
00756190	00bae8e4	candidate_created	8
007561a0	00bae8f0	candidate_created	8
007561b0	00bae8cc	candidate_created	8
007561c0	00bae8d8	candidate_created	8
007561d0	00bae8ac	candidate_created	8
007561e0	00bae8b8	candidate_created	8
007561f0	00bae874	candidate_created	8
00756200	00bae880	candidate_created	8
00756210	00bae85c	candidate_created	8
00756220	00bae868	candidate_created	8
00756240	00baa454	candidate_created	24
00756260	00bae8e8	candidate_created	8
00756270	00bae8ec	candidate_created	8
00756280	00bae8d0	candidate_created	8
00756290	00bae8d4	candidate_created	8
007562a0	00bae8b0	candidate_created	8
007562b0	00bae8b4	candidate_created	8
007562c0	00bae968	candidate_created	27
007562e0	00bae948	candidate_created	57
00756980	00bae760	candidate_created	109
00756a50	00baea00	candidate_created	6
00756a60	00baea28	candidate_created	13
00756a70	00baea2c	candidate_created	7
00759060	00baea20	candidate_created	55
007590a0	00bae9f0	candidate_created	8
007590b0	00bae9fc	candidate_created	8
007597a0	00baea68	candidate_created	6
00759830	00baeaa4	candidate_created	25
0075a180	00baea70	candidate_created	194
0075a250	00baeaa8	candidate_created	51
0075a290	00baeab0	candidate_created	31
0075ae10	00baeaac	candidate_created	28
0075b570	00baea8c	candidate_created	1317
0075c230	00baeaa0	candidate_created	73
0075c280	00baea7c	candidate_created	8
0075c290	00baea88	candidate_created	8
0075c2a0	00baea58	candidate_created	8
0075c2b0	00baea64	candidate_created	8
0075c530	00ba8ab4	candidate_created	6
0075c540	00ba8ae4	candidate_created	19
0075c560	00ba8aec	candidate_created	19
0075cac0	00ba8ab8	candidate_created	303
0075cbf0	00ba8b0c	candidate_created	1380
0075e140	00baa1d8	candidate_created	63
0075e180	00baeb20	candidate_created	28
0075e1e0	00baa0c4	candidate_created	72
00760950	00baa0dc	candidate_created	792
00762f60	00baeca4	candidate_created	36
00762f90	00baeca8	candidate_created	10
00762fa0	00baecb8	candidate_created	39
00762fd0	00baecb4	candidate_created	42
00764190	00baed38	candidate_created	13
007641a0	00baed40	candidate_created	6
007641b0	00baed48	candidate_created	33
007641e0	00baed44	candidate_created	33
007647c0	00baedb0	candidate_created	33
00764af0	00baedac	candidate_created	37
0076a4c0	00baeed0	candidate_created	152
0076a710	00baeecc	candidate_created	254
0076c1b0	00bae884	candidate_created	34
0076c1e0	00bae888	candidate_created	34
0076c210	00bae890	candidate_created	129
0076c2a0	00bae88c	candidate_created	134
0076c330	00bae898	candidate_created	129
0076c3c0	00bae894	candidate_created	134
0076c450	00bae8a0	candidate_created	184
0076c510	00bae89c	candidate_created	143
0076c5a0	00bae8a4	candidate_created	134
0076d320	00baf004	candidate_created	31
0076fc80	00baf0fc	candidate_created	28
0076fca0	00b427c8	candidate_created	16
0076fd20	00baf1a0	candidate_created	9
0076fd30	00baf1a4	candidate_created	14
0076fd40	00baf1b0	candidate_created	14
0076ff90	00baf16c	candidate_created	24
0076ffb0	00baf170	candidate_created	27
0076ffd0	00baf17c	candidate_created	24
0076fff0	00baf174	candidate_created	27
00770010	00baf178	candidate_created	27
00770700	00baf180	candidate_created	70
00770750	00baf184	candidate_created	7
00770760	00baf190	candidate_created	36
00770790	00baf194	candidate_created	119
00770810	00baf198	candidate_created	14
00771bc0	00baf18c	candidate_created	137
007721d0	00baf374	candidate_created	28
007721f0	00baf46c	candidate_created	75
007722c0	00baf468	candidate_created	25
007722e0	00baf480	candidate_created	11
007722f0	00baf488	candidate_created	20
00772310	00baf48c	candidate_created	11
00772320	00baf444	candidate_created	29
00772340	00baf470	candidate_created	100
007723b0	00baf4a0	candidate_created	90
00772410	00baf474	candidate_created	122
007724e0	00baf490	candidate_created	21
00772590	00baf49c	candidate_created	175
00772770	00baf454	candidate_created	285
007731e0	00baf5c4	candidate_created	7
00773210	00baf5cc	candidate_created	48
00773360	00baf54c	candidate_created	23
00773380	00baf554	candidate_created	23
007733a0	00baf55c	candidate_created	23
007733c0	00baf5c8	candidate_created	236
00773540	00baf548	candidate_created	156
00773550	00baf5d4	candidate_created	1386
00773ff0	00baf5b8	candidate_created	491
00774200	00baf634	candidate_created	24
00774220	00baf638	candidate_created	26
00774730	00baf658	candidate_created	19
00774750	00baf668	candidate_created	21
00775410	00baf708	candidate_created	8
00775450	00baf6d0	candidate_created	28
00775d00	00baf6ec	candidate_created	15
00775d10	00baf6f0	candidate_created	22
00775d30	00baf6f4	candidate_created	11
00775d40	00baf6fc	candidate_created	11
00775d60	00baf6cc	candidate_created	27
007776a0	00baf7dc	candidate_created	28
007776c0	00baf800	candidate_created	16
007776d0	00baf808	candidate_created	335
00777820	00baf810	candidate_created	59
007778a0	00baf80c	candidate_created	32
00777a50	00baf8f8	candidate_created	8
00777a60	00baf8fc	candidate_created	8
00777a70	00baf83c	candidate_created	8
00777a80	00baf854	candidate_created	8
00777a90	00baf858	candidate_created	8
00777aa0	00baf860	candidate_created	8
00777ab0	00baf864	candidate_created	8
00777ac0	00baf868	candidate_created	8
00777ad0	00baf86c	candidate_created	8
00777ae0	00baf870	candidate_created	8
00777af0	00baf874	candidate_created	8
00777b00	00baf878	candidate_created	8
00777b10	00baf87c	candidate_created	8
00777b20	00baf888	candidate_created	8
00777b30	00baf88c	candidate_created	8
00777b40	00baf890	candidate_created	8
00777b50	00baf894	candidate_created	8
007782a0	00baf848	candidate_created	8
007785a0	00baf844	candidate_created	8
007785b0	00baf85c	candidate_created	8
00778630	00baf8b0	candidate_created	690
007788f0	00baf840	candidate_created	8
007789d0	00bafb0c	candidate_created	31
007789f0	00bafb10	candidate_created	8
00778a00	00bafb18	candidate_created	8
00778a10	00bafb1c	candidate_created	8
00778a20	00bafb48	candidate_created	8
00778a30	00bafb4c	candidate_created	8
00778a40	00bafb28	candidate_created	22
00778a60	00bafb5c	candidate_created	8
00778a70	00bafb2c	candidate_created	11
00778a80	00bafb30	candidate_created	8
00778a90	00bafb34	candidate_created	11
00778aa0	00bafb64	candidate_created	8
00778ab0	00bafb68	candidate_created	8
00778ac0	00bafb6c	candidate_created	8
00778ad0	00bafb70	candidate_created	7
00778ae0	00bafb74	candidate_created	8
00778af0	00bafb7c	candidate_created	8
00778b00	00bafb80	candidate_created	8
00778b10	00bafb84	candidate_created	8
00778b20	00bafb44	candidate_created	8
00778b30	00bafb40	candidate_created	8
00778b40	00bafa54	candidate_created	8
00778b50	00baf84c	candidate_created	8
00778b60	00baf850	candidate_created	8
00778b70	00bafa6c	candidate_created	8
00778b80	00bafa70	candidate_created	8
00778b90	00bafa78	candidate_created	8
00778ba0	00bafa7c	candidate_created	8
00778bb0	00bafa80	candidate_created	8
00778bc0	00bafa84	candidate_created	8
00778bd0	00bafa88	candidate_created	8
00778be0	00bafa8c	candidate_created	8
00778bf0	00bafa90	candidate_created	8
00778c00	00bafa94	candidate_created	8
00778c10	00baf880	candidate_created	8
00778c20	00baf884	candidate_created	8
00778c30	00bafaa0	candidate_created	8
00778c40	00bafaa4	candidate_created	8
00778c50	00bafaa8	candidate_created	8
00778c60	00bafaac	candidate_created	8
00778c70	00bafab0	candidate_created	8
00778c80	00bafab4	candidate_created	8
00778c90	00bafab8	candidate_created	8
00778ca0	00bafabc	candidate_created	8
00778cb0	00bafac0	candidate_created	8
00778cc0	00bafac4	candidate_created	8
00778cd0	00bafac8	candidate_created	8
00778ce0	00bafacc	candidate_created	8
00778cf0	00bafad0	candidate_created	8
00778d00	00bafad4	candidate_created	8
00778d10	00bafad8	candidate_created	8
00778d20	00bafadc	candidate_created	8
00778d30	00bafae0	candidate_created	8
00778d40	00bafae4	candidate_created	8
007794a0	00bafa60	candidate_created	8
007797d0	00bafa5c	candidate_created	8
007797e0	00bafa74	candidate_created	8
00779870	00bafaf8	candidate_created	699
00779b40	00bafa58	candidate_created	8
00779c90	00bafbe0	candidate_created	6
00779d00	00bafc70	candidate_created	6
00779d70	00bafcb0	candidate_created	6
00779d80	00bafc50	candidate_created	17
00779da0	00bafc54	candidate_created	17
00779e20	00bafcec	candidate_created	14
00779e30	00bafcf0	candidate_created	6
00779e40	00bafd10	candidate_created	19
00779e60	00bafd14	candidate_created	19
00779ee0	00bafd30	candidate_created	6
00779f50	00bafdf0	candidate_created	6
00779fc0	00bafe30	candidate_created	6
00779fd0	00bafe10	candidate_created	23
00779ff0	00bafe14	candidate_created	23
0077a070	00bafbd4	candidate_created	8
0077a080	00bafc04	candidate_created	45
0077a0b0	00bafbe4	candidate_created	31
0077a0d0	00bafc34	candidate_created	35
0077a100	00bafc74	candidate_created	35
0077a130	00bafcb4	candidate_created	35
0077a160	00bafce4	candidate_created	7
0077a170	00bafcf4	candidate_created	35
0077a1a0	00bafd34	candidate_created	35
0077a1d0	00bafd74	candidate_created	35
0077a200	00bafdb4	candidate_created	35
0077a230	00bafdf4	candidate_created	35
0077a260	00b759a8	candidate_created	9
0077a270	00bafe34	candidate_created	35
0077a350	00bafe7c	candidate_created	41
0077a380	00bafebc	candidate_created	41
0077a3b0	00baff1c	candidate_created	37
0077a3e0	00bafefc	candidate_created	46
0077a6c0	00bafc38	candidate_created	46
0077a6f0	00bafc7c	candidate_created	91
0077a750	00bafcbc	candidate_created	137
0077a7e0	00bafcfc	candidate_created	133
0077aa30	00bafd3c	candidate_created	133
0077ac50	00bafd7c	candidate_created	133
0077ace0	00bafdbc	candidate_created	133
0077ad70	00bafdfc	candidate_created	133
0077af90	00bafe3c	candidate_created	133
0077b1b0	00bafe80	candidate_created	216
0077b290	00bafe84	candidate_created	133
0077b320	00bafec0	candidate_created	216
0077b400	00bafec4	candidate_created	133
0077b620	00baff04	candidate_created	106
0077b6a0	00bafeec	candidate_created	16
0077b6b0	00baff18	candidate_created	44
0077b6e0	00bafbe8	candidate_created	57
0077b770	00bafc78	candidate_created	104
0077b830	00bafcb8	candidate_created	149
0077b920	00bafcf8	candidate_created	146
0077bc10	00bafd38	candidate_created	146
0077bd00	00bafd78	candidate_created	143
0077bde0	00bafdb8	candidate_created	143
0077bef0	00bafdf8	candidate_created	147
0077c1f0	00bafe38	candidate_created	147
0077d660	00bb0040	candidate_created	164
0077dde0	00bb0084	candidate_created	12
0077f210	00bb010c	candidate_created	46
0077f4c0	00bb01e0	candidate_created	37
0077f4f0	00bb01d4	candidate_created	36
00781520	00bb01e4	candidate_created	40
007816e0	00bb0588	candidate_created	6
007816f0	00bb0590	candidate_created	6
007817a0	00bb0610	candidate_created	6
00781810	00bb0628	candidate_created	6
00781820	00bb0614	candidate_created	35
00783180	00bb06a0	candidate_created	6
00783190	00bb06ac	candidate_created	6
00786165	00b5fef4	candidate_created	15
0078662e	00c02944	candidate_created	13
0078aaa0	00b453e8	candidate_created	18
0078aac0	00b453ec	candidate_created	18
0078acc0	00bb0988	candidate_created	280
0078ade0	00bb0990	candidate_created	235
0078afe0	00bb09f0	candidate_created	55
0078b020	00bb09f8	candidate_created	153
0078b1d0	00bb0a70	candidate_created	69
0078b220	00bb0a78	candidate_created	153
0078b2c0	00bb0a74	candidate_created	187
0078b4a0	00bb0ae0	candidate_created	153
0078b6d0	00bb0b48	candidate_created	153
0078b7f0	00bb0bb0	candidate_created	27
0078ba30	00bb0c88	candidate_created	153
0078bc70	00bb0cf0	candidate_created	153
0078bea0	00bb0d70	candidate_created	153
0078c050	00bb0dd8	candidate_created	70
0078c0a0	00bb0de0	candidate_created	153
0078c250	00bb0e48	candidate_created	222
0078c4a0	00bb0ec8	candidate_created	153
0078c6c0	00bb0f40	candidate_created	173
0078c880	00bb0fb8	candidate_created	222
0078ca80	00bb1020	candidate_created	222
0078cd20	00bb1090	candidate_created	69
0078cd70	00bb1098	candidate_created	153
0078cf30	00bb1100	candidate_created	153
0078d160	00bb1168	candidate_created	153
0078d310	00bb11c8	candidate_created	70
0078d360	00bb11d0	candidate_created	153
0078d5a0	00bb12b0	candidate_created	222
0078d8e0	00bb1398	candidate_created	153
0078db20	00bb1400	candidate_created	153
0078dc40	00bb1460	candidate_created	45
0078dd80	00bb14d0	candidate_created	153
0078e020	00bb1540	candidate_created	222
0078e2c0	00bb15a8	candidate_created	222
0078e5d0	00bb1708	candidate_created	41
0078e680	00bb1788	candidate_created	41
0078e840	00bb1880	candidate_created	222
0078ea70	00bb18f0	candidate_created	40
0078ec80	00bb1968	candidate_created	74
0078ecd0	00bb1970	candidate_created	351
0078eeb0	00bb19e0	candidate_created	50
0078f000	00bb1a68	candidate_created	277
0078f5f0	00bb1238	candidate_created	27
0078f730	00bb1c50	candidate_created	283
0078fac0	00bb1cb0	candidate_created	70
0078fb10	00bb1cb8	candidate_created	220
0078fd00	00bb1d28	candidate_created	70
0078fd50	00bb1d30	candidate_created	220
0078feb0	00bb1da8	candidate_created	27
0078ff50	00bb1e28	candidate_created	27
00790080	00bb1160	candidate_created	70
007900d0	00bb1eb0	candidate_created	220
007902c0	00bb1f28	candidate_created	220
007904b0	00bb0b40	candidate_created	70
00790500	00bb1fa0	candidate_created	220
00790700	00bb2018	candidate_created	220
00790980	00bb2098	candidate_created	220
00790b80	00bb2118	candidate_created	220
00790d70	00bb0d68	candidate_created	70
00790dc0	00bb2180	candidate_created	220
00790fb0	00bb21e8	candidate_created	220
007911a0	00bb2248	candidate_created	32
007911c0	00bb2250	candidate_created	220
00791320	00bb22c0	candidate_created	39
007914c0	00bb2348	candidate_created	553
00791840	00bb23b8	candidate_created	27
00791ac0	00bb2438	candidate_created	843
00792020	00bb24a8	candidate_created	54
00792060	00bb24b0	candidate_created	220
007923c0	00bb2608	candidate_created	27
00792480	00bb2680	candidate_created	44
00792530	00bb26f8	candidate_created	32
00792760	00bb27e8	candidate_created	283
00792a60	00bb2858	candidate_created	59
00792aa0	00bb2860	candidate_created	220
00792c90	00bb28d8	candidate_created	283
00792f60	00bb2948	candidate_created	283
00793230	00bb29b8	candidate_created	283
00793560	00bb2a28	candidate_created	513
007939a0	00bb2a98	candidate_created	283
00793c50	00bb2b10	candidate_created	283
00793e80	00bb2b70	candidate_created	69
00793ed0	00bb2b78	candidate_created	220
007940c0	00bb2be8	candidate_created	81
00794120	00bb2bf0	candidate_created	220
00794310	00bb2c58	candidate_created	81
00794370	00bb2c60	candidate_created	220
007944d0	00bb2cd0	candidate_created	42
00794580	00bb2d40	candidate_created	29
00794620	00bb2da8	candidate_created	29
007946c0	00bb2e18	candidate_created	29
00794760	00bb2e90	candidate_created	29
00794890	00bb2f08	candidate_created	42
007948c0	00bb2f10	candidate_created	220
00794ab0	00bb2f78	candidate_created	42
00794ae0	00bb2f80	candidate_created	220
00794cd0	00bb2ff8	candidate_created	42
00794d00	00bb3000	candidate_created	220
00794ef0	00bb3070	candidate_created	42
00794f20	00bb3078	candidate_created	220
00795170	00bb30f8	candidate_created	513
00795630	00bb3160	candidate_created	76
00795680	00bb3168	candidate_created	553
00795a90	00bb31d8	candidate_created	76
00795ae0	00bb31e0	candidate_created	553
00796020	00bb3358	candidate_created	34
00796050	00bb3360	candidate_created	220
007961b0	00bb33c8	candidate_created	42
007961e0	00bb33cc	candidate_created	182
007963b0	00bb3438	candidate_created	59
007963f0	00bb3440	candidate_created	236
007965f0	00bb34b0	candidate_created	62
00796630	00bb34b8	candidate_created	236
00796880	00bb3530	candidate_created	220
00796ac0	00bb35a8	candidate_created	220
00796d00	00bb3620	candidate_created	220
00796f40	00bb3698	candidate_created	220
00797180	00bb3710	candidate_created	220
007973c0	00bb3788	candidate_created	220
00797610	00bb3800	candidate_created	236
00797870	00bb3878	candidate_created	283
00797aa0	00bb2be4	candidate_created	12
00797ab0	00bb38e8	candidate_created	83
00797b10	00bb38f0	candidate_created	220
00797d00	00bb3960	candidate_created	83
00797d60	00bb3968	candidate_created	220
00797f50	00bb39d0	candidate_created	83
00797fb0	00bb39d8	candidate_created	220
00798210	00bb3a48	candidate_created	236
00798480	00bb3ac0	candidate_created	236
00798680	00bb3b30	candidate_created	74
007986d0	00bb3b38	candidate_created	220
007987b0	00b45410	candidate_created	18
00798a60	00bb3c10	candidate_created	35
00798b10	00bb3c78	candidate_created	35
00798bc0	00bb3cf0	candidate_created	35
00798c70	00bb3d68	candidate_created	22
00798d10	00bb3dd0	candidate_created	22
00798e40	00bb3e38	candidate_created	28
00798e60	00bb3e40	candidate_created	105
00798fe0	00bb3ea0	candidate_created	28
00799000	00bb3ea8	candidate_created	153
007991b0	00bb3f08	candidate_created	35
007991e0	00bb3f10	candidate_created	153
00799390	00bb3f70	candidate_created	28
007993b0	00bb3f78	candidate_created	153
00799560	00bb3fe8	candidate_created	28
00799580	00bb3ff0	candidate_created	153
00799730	00bb4060	candidate_created	35
00799760	00bb4068	candidate_created	153
00799910	00bb40d8	candidate_created	35
00799940	00bb40e0	candidate_created	153
00799a60	00bb4150	candidate_created	22
00799b00	00bb41c0	candidate_created	22
00799ba0	00bb4238	candidate_created	22
00799cd0	00bb42c0	candidate_created	222
00799f50	00bb4330	candidate_created	28
00799f70	00bb4338	candidate_created	153
0079a120	00bb43a8	candidate_created	222
0079a380	00bb4420	candidate_created	222
0079a5e0	00bb4498	candidate_created	222
0079a780	00b45430	candidate_created	18
0079a7a0	00b45434	candidate_created	18
0079a8d0	00bb4554	candidate_created	14
0079a8e0	00bb4558	candidate_created	41
0079a910	00bb4560	candidate_created	105
0079aa90	00bb45c0	candidate_created	61
0079aad0	00bb45c8	candidate_created	173
0079ac00	00bb4638	candidate_created	28
0079aca0	00bb46b8	candidate_created	28
0079add0	00bb4730	candidate_created	222
0079b040	00bb4790	candidate_created	41
0079b070	00bb4798	candidate_created	153
0079b190	00bb47f8	candidate_created	28
0079b2c0	00bb4860	candidate_created	39
0079b2f0	00bb4868	candidate_created	153
0079b4a0	00bb48c8	candidate_created	41
0079b4d0	00bb48d0	candidate_created	153
0079b720	00b45454	candidate_created	18
0079b740	00b45458	candidate_created	18
0079b7e0	00bb498c	candidate_created	14
0079b7f0	00bb4990	candidate_created	41
0079b8a0	00bb4a08	candidate_created	41
0079b8d0	00bb3c7c	candidate_created	274
0079bb00	00bb4a88	candidate_created	170
0079bd50	00bb4af8	candidate_created	222
0079bf40	00bb4b70	candidate_created	222
0079c1c0	00bb4bf0	candidate_created	222
0079c430	00bb4c68	candidate_created	222
0079c610	00bb4ce0	candidate_created	28
0079c6b0	00bb4d48	candidate_created	28
0079c7e0	00bb4dc0	candidate_created	79
0079c830	00bb4dc8	candidate_created	153
0079c9e0	00bb4e38	candidate_created	79
0079ca30	00bb4e40	candidate_created	153
0079cc40	00bb4ea8	candidate_created	39
0079cc70	00bb4eb0	candidate_created	250
0079ce80	00bb4f18	candidate_created	70
0079ced0	00bb4f20	candidate_created	153
0079d080	00bb4f88	candidate_created	70
0079d0d0	00bb4f90	candidate_created	153
0079d170	00bb4f1c	candidate_created	254
0079d380	00bb4ff8	candidate_created	70
0079d3d0	00bb5000	candidate_created	153
0079d580	00bb5068	candidate_created	79
0079d5d0	00bb5070	candidate_created	153
0079d780	00bb50e0	candidate_created	79
0079d7d0	00bb50e8	candidate_created	153
0079da10	00bb5160	candidate_created	173
0079dac0	00b7913c	candidate_created	253
0079dcd0	00bb51d0	candidate_created	93
0079dd30	00bb51d8	candidate_created	153
0079dee0	00bb5248	candidate_created	93
0079df40	00bb5250	candidate_created	153
0079e0f0	00bb52c8	candidate_created	93
0079e150	00bb52d0	candidate_created	153
0079e300	00bb5340	candidate_created	93
0079e360	00bb5348	candidate_created	153
0079e510	00bb53b8	candidate_created	93
0079e570	00bb53c0	candidate_created	153
0079e720	00bb5428	candidate_created	93
0079e780	00bb5430	candidate_created	153
0079e930	00bb5154	candidate_created	18
0079e950	00bb54a0	candidate_created	93
0079e9b0	00bb54a8	candidate_created	153
0079ed10	00b4549c	candidate_created	18
0079ed30	00b454a0	candidate_created	18
0079ee60	00bb55a4	candidate_created	14
0079ee70	00bb55b0	candidate_created	170
0079f050	00b454c0	candidate_created	18
0079f070	00b454c4	candidate_created	18
0079f350	00bb5644	candidate_created	6
0079f600	00bb56c0	candidate_created	129
0079f690	00bb56c8	candidate_created	203
0079f8e0	00bb5730	candidate_created	99
0079f950	00bb5738	candidate_created	250
0079fbd0	00bb57a8	candidate_created	99
0079fc40	00bb57b0	candidate_created	250
0079fec0	00bb5820	candidate_created	59
0079ff00	00bb5828	candidate_created	250
007a0180	00bb5890	candidate_created	59
007a01c0	00bb5898	candidate_created	250
007a04a0	00bb5900	candidate_created	75
007a04f0	00bb5908	candidate_created	351
007a0760	00bb5970	candidate_created	30
007a0780	00bb5978	candidate_created	220
007a0970	00bb59e8	candidate_created	30
007a0990	00bb59f0	candidate_created	220
007a0b80	00bb5a68	candidate_created	30
007a0ba0	00bb5a70	candidate_created	220
007a0d90	00bb5ae8	candidate_created	41
007a0dc0	00bb5af0	candidate_created	220
007a0f20	00bb5b60	candidate_created	33
007a1060	00bb5bd0	candidate_created	46
007a1090	00bb5bd8	candidate_created	236
007a1290	00bb5c48	candidate_created	49
007a12d0	00bb5c50	candidate_created	236
007a14d0	00bb5cc0	candidate_created	49
007a1510	00bb5cc8	candidate_created	236
007a1710	00bb5d38	candidate_created	49
007a1750	00bb5d40	candidate_created	236
007a1950	00bb5db0	candidate_created	33
007a1980	00bb5db8	candidate_created	220
007a1b70	00bb5e28	candidate_created	61
007a1bb0	00bb5e30	candidate_created	220
007a1da0	00bb5e90	candidate_created	61
007a1de0	00bb5e98	candidate_created	220
007a1fd0	00bb5ef8	candidate_created	61
007a2010	00bb5f00	candidate_created	220
007a2200	00bb56bc	candidate_created	14
007a2210	00bb5f60	candidate_created	61
007a2250	00bb5f68	candidate_created	220
007a9740	00bb62a0	candidate_created	6
007abd70	00bb6320	candidate_created	25
007b0ec0	00bb66a8	candidate_created	37
007b0f50	00bb66b0	candidate_created	232
007b1390	00bb66b4	candidate_created	110
007b1740	00bb6700	candidate_created	13
007b1750	00bb6724	candidate_created	86
007b19d0	00bb66f0	candidate_created	45
007b1a00	00bb66f4	candidate_created	6
007b1a10	00bb6730	candidate_created	10
007b1a20	00bb6708	candidate_created	898
007b1df0	00bb6728	candidate_created	5
007b2090	00bb671c	candidate_created	102
007b2150	00bb6714	candidate_created	46
007b2270	00bb6800	candidate_created	6
007b2280	00b76100	candidate_created	6
007b2290	00bb6830	candidate_created	6
007b2420	00bb6868	candidate_created	6
007b2430	00b61da4	candidate_created	6
007b33e0	00bb6898	candidate_created	6
007b33f0	00b7611c	candidate_created	6
007b3690	00bb5640	candidate_created	37
007b36c0	00bb68b4	candidate_created	6
007b36d0	00bb68bc	candidate_created	10
007b3cd0	00bb68c0	candidate_created	1558
007b42f0	00bb68c8	candidate_created	1124
007b47c0	00bb564c	candidate_created	21
007b4820	00bb69d4	candidate_created	6
007b4830	00b611a0	candidate_created	6
007b4840	00bb6a0c	candidate_created	6
007b4850	00bb6a44	candidate_created	6
007b4860	00b76154	candidate_created	6
007b4cf0	00bb6b0c	candidate_created	6
007b4d00	00b61eb8	candidate_created	6
007b7d20	00bb67f0	candidate_created	323
007b7e70	00bb681c	candidate_created	17
007b7e90	00bb6820	candidate_created	53
007b85f0	00bb6844	candidate_created	51
007b8630	00bb6850	candidate_created	1542
007b8fc0	00bb6854	candidate_created	77
007b9010	00bb6860	candidate_created	683
007b9800	00bb687c	candidate_created	22
007b9820	00bb688c	candidate_created	10
007b9c50	00bb6888	candidate_created	230
007baad0	00bb6880	candidate_created	2072
007bb7f0	00bb6884	candidate_created	77
007bba40	00bb6874	candidate_created	633
007bbcc0	00bb67e0	candidate_created	15
007bbcd0	00bb67ec	candidate_created	49
007bbd10	00bb67f4	candidate_created	7
007bbd30	00bb67e8	candidate_created	409
007bc540	00bb6994	candidate_created	663
007bc7e0	00bb69b8	candidate_created	9
007bc7f0	00bb69b4	candidate_created	38
007bc820	00bb69c0	candidate_created	17
007bc8b0	00bb69c4	candidate_created	263
007bcc00	00bb69b0	candidate_created	588
007bcd30	00bb69bc	candidate_created	39
007bcd60	00bb69fc	candidate_created	251
007bce60	00bb680c	candidate_created	9
007bcf70	00bb6a34	candidate_created	229
007bd060	00bb6a60	candidate_created	22
007bd080	00bb6a70	candidate_created	10
007bd9c0	00bb6a68	candidate_created	110
007bda30	00bb6a6c	candidate_created	230
007bde90	00bb6a64	candidate_created	724
007be170	00bb684c	candidate_created	19
007be1c0	00bb685c	candidate_created	10
007be1d0	00bb6858	candidate_created	228
007be500	00bb6a94	candidate_created	746
007be800	00bb6a98	candidate_created	77
007be850	00bb6aa4	candidate_created	683
007beb60	00bb6ac0	candidate_created	19
007bebb0	00bb6ad0	candidate_created	10
007bebc0	00bb6adc	candidate_created	18
007bf170	00bb6ac8	candidate_created	83
007bf1d0	00bb6acc	candidate_created	228
007bf2c0	00bb6ad4	candidate_created	696
007bfb00	00bb6ac4	candidate_created	415
007bfca0	00bb6ae8	candidate_created	19
007bfd10	00bb6af4	candidate_created	399
007c0080	00bb6afc	candidate_created	441
007c20d5	00bb703c	candidate_created	13
007c5354	00cffa20	candidate_created	30
007c8dda	00ca54c4	candidate_created	19
007cb5f1	00ca54b8	candidate_created	169
007cd1b4	00cffa30	candidate_created	7
007cd1ed	00cffa40	candidate_created	42
007cd1ef	00cffa28	absorbed	0
007cd217	00cffa48	candidate_created	63
007cd256	00cffa24	candidate_created	29
007cdeb7	00bb83f8	candidate_created	3
007ce541	00bb89fc	candidate_created	4
007ce564	00bb8a14	candidate_created	4
007cea3e	00bb8a08	candidate_created	15
007dc070	00d00b8c	candidate_created	17
007dc094	00d00b90	candidate_created	17
007dc0b8	00d00b94	candidate_created	17
007dc33b	00d00aa4	candidate_created	13
007dc348	00d00bcc	candidate_created	139
007dc3e4	00d00cc0	candidate_created	167
007dc4c8	00d00be0	candidate_created	102
007dc53f	00d00cc8	candidate_created	126
007dc5df	00d00adc	candidate_created	17
007dc601	00d00ae0	candidate_created	13
007dc60e	00d00c08	candidate_created	240
007dc9d6	00d00bd0	candidate_created	159
007dca86	00d00ccc	candidate_created	191
007dcb45	00d00acc	candidate_created	13
007dcb52	00d00bf4	candidate_created	202
007dcc2f	00d00bd4	candidate_created	566
007dce78	00d00c5c	candidate_created	109
007dcef2	00d00bd8	candidate_created	566
007dd13b	00d00c10	candidate_created	927
007dd508	00d00c4c	candidate_created	92
007dd592	00d00c30	candidate_created	92
007dd73d	00d00c48	candidate_created	124
007dd8ee	00d00c60	candidate_created	226
007ddcc3	00d00b0c	candidate_created	13
007ddcd0	00d00b10	candidate_created	13
007ddcdd	00d00afc	candidate_created	13
007ddcea	00d00c24	candidate_created	53
007ddd1f	00d00b00	candidate_created	13
007ddd2c	00d00c28	candidate_created	308
007ddf10	00d00c2c	candidate_created	217
007ddffc	00d00c14	candidate_created	150
007de0b2	00d00c78	candidate_created	177
007de176	00d00ca4	candidate_created	123
007de204	00d00ca8	candidate_created	152
007de2c6	00d00c54	candidate_created	227
007de505	00d00c1c	candidate_created	161
007de5a6	00d00af8	candidate_created	13
007de5b3	00d00c20	candidate_created	162
007de655	00d00ad0	candidate_created	13
007de662	00d00bf8	candidate_created	56
007de69a	00d00ad4	candidate_created	13
007de6a7	00d00bfc	candidate_created	162
007de756	00d00c50	candidate_created	159
007de806	00d00cd8	candidate_created	191
007deb50	00d00c80	candidate_created	138
007e0045	00d00c7c	candidate_created	986
007e007c	00d044dc	absorbed	0
007e007f	00d03630	absorbed	0
007e0187	00d050ac	absorbed	0
007e5f2d	00bc0c64	candidate_created	3
007eeb11	00bc0e14	candidate_created	108
007ef44a	00bc0ee8	candidate_created	113
007ef609	00bc0f28	candidate_created	114
007ef915	00bc0f74	candidate_created	140
007f0ae7	00bc0f6c	candidate_created	27
007f19e9	00d00ce0	candidate_created	817
007f2002	00bc0fdc	candidate_created	39
007f2029	00bc0fcc	candidate_created	32
00814313	00bc7168	candidate_created	31
00814332	00bc0fd0	candidate_created	10
0081433c	00bc0fd4	candidate_created	10
00826959	00bc8098	candidate_created	75
00826ab4	00bc80a4	candidate_created	34
00826b30	00bc80b0	candidate_created	62
00826bd1	00bc80bc	candidate_created	91
00826ca0	00bc80c8	candidate_created	115
00826d63	00bc80d4	candidate_created	68
00826ded	00bc80e0	candidate_created	46
00826e7d	00bc80ec	candidate_created	64
00826ef9	00bc80f8	candidate_created	187
00826ff0	00bc8104	candidate_created	181
008270cc	00bc8110	candidate_created	98
008271bc	00bc811c	candidate_created	122
00827409	00bc8134	candidate_created	75
008274aa	00bc8140	candidate_created	61
0082752d	00bc814c	candidate_created	60
00829b13	00bc82e4	candidate_created	31
00829b32	00bc82f8	candidate_created	6
00829b38	00bc82f4	candidate_created	28
00844704	00bcde84	candidate_created	176
0084d082	00bcdec0	candidate_created	24
0084d0bb	00bcdeb4	candidate_created	76
0084d107	00bcdeec	candidate_created	66
0084d64c	00bcde94	candidate_created	613
0084db2b	00bcdefc	candidate_created	563
0084df8f	00bcde88	candidate_created	188
0084fdea	00bcefa8	candidate_created	32
0084fe0a	00bcefac	candidate_created	184
0084fec2	00bcefc4	candidate_created	425
0085077f	00bcefec	candidate_created	32
00850889	00bcefe4	candidate_created	236
008524a1	00bcefc0	candidate_created	2011
00852c7c	00bcefbc	candidate_created	468
00852e50	00bcefb0	candidate_created	1
0085318b	00bcf21c	candidate_created	313
008534d0	00bcf218	candidate_created	33
008534f1	00bcf220	candidate_created	1017
00853922	00bcf25c	candidate_created	50
00855460	00bcf234	candidate_created	742
00855746	00bcf22c	candidate_created	476
00858ee4	00bcf4a0	candidate_created	6
0085ee7e	00bcefe8	candidate_created	7
0085f51a	00bcf4f4	candidate_created	68
0085fcc1	00bcdef0	candidate_created	31
00865115	00bcdec8	candidate_created	68
008688f0	00bd2164	candidate_created	134
00868a00	00bd216c	candidate_created	40
00868a50	00bd217c	candidate_created	23
00868b70	00bd2154	candidate_created	108
00868c70	00bd1ef4	candidate_created	7
00868c80	00bd1ef8	candidate_created	7
00868c90	00bd1efc	candidate_created	6
00868ca0	00b6ace4	candidate_created	6
00869150	00bd2118	candidate_created	65
00869310	00bd1eec	candidate_created	29
00869380	00bd21c0	candidate_created	20
008693a0	00bd2234	candidate_created	61
008693e0	00bd222c	candidate_created	34
00869410	00bd223c	candidate_created	24
008694b0	00bd2210	candidate_created	54
00869520	00bd22c4	candidate_created	66
00869570	00bd22bc	candidate_created	41
008695a0	00bd22cc	candidate_created	26
008695c0	00bd22d4	candidate_created	17
008695e0	00bd22ec	candidate_created	48
00869610	00bd22f4	candidate_created	7
00869620	00bd22f8	candidate_created	7
00869630	00bd22fc	candidate_created	6
00869640	00bd2244	candidate_created	15
00869650	00bd21e0	candidate_created	65
008696f0	00bd237c	candidate_created	28
00869710	00bd2374	candidate_created	51
00869750	00bd2384	candidate_created	24
00869770	00bd238c	candidate_created	21
00869790	00bd2358	candidate_created	54
008697f0	00bd2404	candidate_created	49
00869830	00bd2414	candidate_created	26
00869850	00bd241c	candidate_created	23
008698a0	00bd2484	candidate_created	49
008698e0	00bd2480	candidate_created	28
00869900	00bd248c	candidate_created	11
00869910	00bd2494	candidate_created	21
00869930	00bd2460	candidate_created	54
00869970	00bd24c4	candidate_created	50
008699b0	00bd24cc	candidate_created	7
008699c0	00bd24d0	candidate_created	7
008699d0	00bd24d4	candidate_created	6
008699e0	00bd24e8	candidate_created	52
00869a20	00bd24f0	candidate_created	7
00869a30	00bd24f4	candidate_created	7
00869a40	00bd24f8	candidate_created	6
00869a50	00bd250c	candidate_created	50
00869a90	00bd2514	candidate_created	7
00869aa0	00bd2518	candidate_created	7
00869ab0	00bd251c	candidate_created	6
00869b50	00bd2328	candidate_created	65
00869ba0	00bd23b8	candidate_created	65
00869bf0	00bd2430	candidate_created	65
00869c40	00bd260c	candidate_created	29
00869c60	00bd2584	candidate_created	7
00869c70	00bd2588	candidate_created	7
00869c80	00bd258c	candidate_created	6
00869c90	00bd25b8	candidate_created	65
00869ce0	00bd257c	candidate_created	38
00869d40	00bd26dc	candidate_created	20
00869d60	00bd26ec	candidate_created	14
00869e30	00bd2754	candidate_created	21
00869e50	00bd2764	candidate_created	15
00869f20	00bd2784	candidate_created	54
00869f60	00bd2788	candidate_created	6
00869f70	00bd278c	candidate_created	7
00869f80	00bd2790	candidate_created	7
00869f90	00bd2794	candidate_created	6
00869fa0	00bd27cc	candidate_created	54
00869fe0	00bd27d0	candidate_created	6
00869ff0	00bd27d4	candidate_created	7
0086a000	00bd27d8	candidate_created	7
0086a010	00bd27dc	candidate_created	6
0086a080	00bd2690	candidate_created	65
0086a0d0	00bd2708	candidate_created	65
0086a260	00bd29e4	candidate_created	61
0086a2a0	00bd2a5c	candidate_created	64
0086a2e0	00bd2ad4	candidate_created	61
0086a320	00bd2b4c	candidate_created	64
0086a360	00bd28d4	candidate_created	56
0086a3a0	00bd28dc	candidate_created	7
0086a3b0	00bd28e0	candidate_created	7
0086a3c0	00bd28e4	candidate_created	6
0086a3d0	00bd2900	candidate_created	7
0086a3e0	00bd2904	candidate_created	7
0086a3f0	00bd2908	candidate_created	6
0086a400	00bd2924	candidate_created	7
0086a410	00bd2928	candidate_created	7
0086a420	00bd292c	candidate_created	6
0086a430	00bd2948	candidate_created	7
0086a440	00bd294c	candidate_created	7
0086a450	00bd2950	candidate_created	6
0086a460	00bd296c	candidate_created	7
0086a470	00bd2970	candidate_created	7
0086a480	00bd2974	candidate_created	6
0086a4d0	00bd28f8	candidate_created	40
0086a500	00bd291c	candidate_created	40
0086a530	00bd2940	candidate_created	40
0086a560	00bd2964	candidate_created	40
0086a5b0	00bd2848	candidate_created	65
0086a600	00bd2988	candidate_created	65
0086a650	00bd2a00	candidate_created	65
0086a6a0	00bd2a78	candidate_created	65
0086a6f0	00bd2af0	candidate_created	65
0086a740	00bd2c38	candidate_created	59
0086a7a0	00bd2ca8	candidate_created	74
0086a7f0	00bd2bd8	candidate_created	53
0086a830	00bd2be0	candidate_created	7
0086a840	00bd2be4	candidate_created	7
0086a850	00bd2be8	candidate_created	6
0086a860	00bd2bd4	candidate_created	5
0086a870	00bd2c48	candidate_created	53
0086a8b0	00bd2c50	candidate_created	7
0086a8c0	00bd2c54	candidate_created	7
0086a8d0	00bd2c58	candidate_created	6
0086a940	00bd2c98	candidate_created	54
0086a980	00bd2bf8	candidate_created	65
0086a9d0	00bd2c68	candidate_created	65
0086aa20	00bd2da0	candidate_created	78
0086aab0	00bd2d40	candidate_created	49
0086aaf0	00bd2d48	candidate_created	7
0086ab00	00bd2d4c	candidate_created	7
0086ab10	00bd2d50	candidate_created	6
0086ab20	00bd2d90	candidate_created	64
0086ab60	00bd2d60	candidate_created	65
0086abb0	00bd2e28	candidate_created	43
0086ac00	00bd2d3c	candidate_created	5
0086ac10	00bd2dc8	candidate_created	49
0086ac50	00bd2dd0	candidate_created	7
0086ac60	00bd2dd4	candidate_created	7
0086ac70	00bd2dd8	candidate_created	6
0086ac80	00bd2e18	candidate_created	64
0086adc0	00bd2e9c	candidate_created	5
0086add0	00bd2ea0	candidate_created	47
0086ae00	00bd2ea8	candidate_created	7
0086ae10	00bd2eac	candidate_created	7
0086ae20	00bd2eb0	candidate_created	6
0086ae30	00bd2e50	candidate_created	65
0086afc0	00bd2eec	candidate_created	7
0086afd0	00bd2ef0	candidate_created	7
0086afe0	00bd2ef4	candidate_created	6
0086aff0	00bd2f58	candidate_created	109
0086b060	00bd2ee4	candidate_created	45
0086b090	00bd2f08	candidate_created	65
0086b120	00bd307c	candidate_created	178
0086b1e0	00bd3080	candidate_created	315
0086b360	00bd305c	candidate_created	78
0086b3b0	00bd3010	candidate_created	7
0086b3c0	00bd3014	candidate_created	7
0086b3d0	00bd3018	candidate_created	6
0086b3e0	00bd3008	candidate_created	60
0086b420	00bd3028	candidate_created	65
0086b700	00bd3278	candidate_created	181
0086b820	00bd3198	candidate_created	7
0086b830	00bd319c	candidate_created	7
0086b840	00bd31a0	candidate_created	6
0086b850	00bd31bc	candidate_created	7
0086b860	00bd31c0	candidate_created	7
0086b870	00bd31c4	candidate_created	6
0086b880	00bd3190	candidate_created	52
0086b8c0	00bd31b4	candidate_created	55
0086b900	00bd31b0	candidate_created	65
0086b950	00bd3230	candidate_created	65
0086ba10	00bd3358	candidate_created	74
0086ba60	00bd32d8	candidate_created	7
0086ba70	00bd32dc	candidate_created	7
0086ba80	00bd32e0	candidate_created	6
0086ba90	00bd3368	candidate_created	518
0086bd70	00bd32d0	candidate_created	72
0086bdc0	00bd32f0	candidate_created	65
0086be50	00bd3608	candidate_created	20
0086c160	00bd377c	candidate_created	44
0086c430	00bd3cc0	candidate_created	54
0086c470	00bd3d00	candidate_created	37
0086c4a0	00bd3cf8	candidate_created	121
0086c520	00bd3480	candidate_created	7
0086c530	00bd3484	candidate_created	7
0086c540	00bd3488	candidate_created	6
0086c550	00bd34a4	candidate_created	7
0086c560	00bd34a8	candidate_created	7
0086c570	00bd34ac	candidate_created	6
0086c580	00bd34c8	candidate_created	7
0086c590	00bd34cc	candidate_created	7
0086c5a0	00bd34d0	candidate_created	6
0086c5b0	00bd34ec	candidate_created	7
0086c5c0	00bd34f0	candidate_created	7
0086c5d0	00bd34f4	candidate_created	6
0086c5e0	00bd3510	candidate_created	7
0086c5f0	00bd3514	candidate_created	7
0086c600	00bd3518	candidate_created	6
0086c610	00bd3534	candidate_created	7
0086c620	00bd3538	candidate_created	7
0086c630	00bd353c	candidate_created	6
0086c640	00bd3558	candidate_created	7
0086c650	00bd355c	candidate_created	7
0086c660	00bd3560	candidate_created	6
0086c670	00bd357c	candidate_created	7
0086c680	00bd3580	candidate_created	7
0086c690	00bd3584	candidate_created	6
0086c6e0	00bd3478	candidate_created	45
0086c710	00bd349c	candidate_created	55
0086c750	00bd34c0	candidate_created	52
0086c790	00bd34e4	candidate_created	56
0086c7d0	00bd3508	candidate_created	52
0086c810	00bd352c	candidate_created	52
0086c850	00bd3550	candidate_created	59
0086c8e0	00bd3670	candidate_created	65
0086c930	00bd3aa8	candidate_created	65
0086c980	00bd3748	candidate_created	65
0086c9d0	00bd3570	candidate_created	65
0086ca20	00bd38f8	candidate_created	65
0086ca70	00bd39d0	candidate_created	65
0086cac0	00bd3c90	candidate_created	65
0086cb10	00bd3574	candidate_created	52
0086cb90	00bd3e58	candidate_created	24
0086cc60	00bd3dd8	candidate_created	7
0086cc70	00bd3ddc	candidate_created	7
0086cc80	00bd3de0	candidate_created	6
0086cc90	00bd3dfc	candidate_created	7
0086cca0	00bd3e00	candidate_created	7
0086ccb0	00bd3e04	candidate_created	6
0086ccc0	00bd3dd0	candidate_created	45
0086ccf0	00bd3df4	candidate_created	52
0086cd30	00bd3df0	candidate_created	65
0086cd80	00bd3e68	candidate_created	65
0086cdd0	00bd3f4c	candidate_created	12
0086cde0	00bd3f5c	candidate_created	6
0086ce70	00bd3f30	candidate_created	54
0086cef0	00bd3fc4	candidate_created	14
0086cf00	00bd3fd4	candidate_created	8
0086cf90	00b6aca8	candidate_created	5
0086cfa0	00bd3ff4	candidate_created	61
0086cfe0	00bd3ffc	candidate_created	7
0086cff0	00bd4000	candidate_created	7
0086d000	00bd4004	candidate_created	6
0086d010	00bd4018	candidate_created	59
0086d050	00bd4020	candidate_created	7
0086d060	00bd4024	candidate_created	7
0086d070	00bd4028	candidate_created	6
0086d0e0	00bd3f00	candidate_created	65
0086d130	00bd3f78	candidate_created	65
0086d1b0	00bd40a0	candidate_created	54
0086d1f0	00bd4190	candidate_created	54
0086d230	00bd40f8	candidate_created	49
0086d270	00bd4100	candidate_created	7
0086d280	00bd4104	candidate_created	7
0086d290	00bd4108	candidate_created	6
0086d2a0	00bd4124	candidate_created	7
0086d2b0	00bd4128	candidate_created	7
0086d2c0	00bd412c	candidate_created	6
0086d2d0	00b6a26c	candidate_created	5
0086d2e0	00bd4140	candidate_created	49
0086d320	00bd4148	candidate_created	7
0086d330	00bd414c	candidate_created	7
0086d340	00bd4150	candidate_created	6
0086d350	00bd40bc	candidate_created	603
0086d5b0	00bd4214	candidate_created	1144
0086da30	00bd41ac	candidate_created	676
0086dce0	00bd411c	candidate_created	47
0086dd10	00bd4070	candidate_created	65
0086dd60	00bd41c8	candidate_created	65
0086ddb0	00bd4160	candidate_created	65
0086de30	00bd42cc	candidate_created	118
0086deb0	00bd42d0	candidate_created	118
0086df30	00bd42b8	candidate_created	47
0086df60	00bd4324	candidate_created	175
0086e010	00bd4328	candidate_created	175
0086e0c0	00bd45a4	candidate_created	63
0086e100	00bd45a8	candidate_created	63
0086e140	00bd454c	candidate_created	118
0086e1c0	00bd4550	candidate_created	118
0086e240	00bd4538	candidate_created	392
0086e3d0	00bd4694	candidate_created	175
0086e480	00bd4698	candidate_created	175
0086e530	00bd318c	candidate_created	5
0086e540	00bd4454	candidate_created	55
0086e580	00bd445c	candidate_created	7
0086e590	00bd4460	candidate_created	7
0086e5a0	00bd4464	candidate_created	6
0086e5b0	00bd4478	candidate_created	55
0086e5f0	00bd4480	candidate_created	7
0086e600	00bd4484	candidate_created	7
0086e610	00bd4488	candidate_created	6
0086e620	00bd44a4	candidate_created	7
0086e630	00bd44a8	candidate_created	7
0086e640	00bd44ac	candidate_created	6
0086e650	00bd44c8	candidate_created	7
0086e660	00bd44cc	candidate_created	7
0086e670	00bd44d0	candidate_created	6
0086e680	00bd44d4	candidate_created	6
0086e690	00bd44ec	candidate_created	7
0086e6a0	00bd44f0	candidate_created	7
0086e6b0	00bd44f4	candidate_created	6
0086e710	00bd449c	candidate_created	38
0086e740	00bd44c0	candidate_created	24
0086e760	00bd4288	absorbed	0
0086e7b0	00bd42e0	candidate_created	65
0086e800	00bd4560	candidate_created	65
0086e850	00bd44e0	candidate_created	65
0086e8a0	00bd4650	candidate_created	65
0086e8f0	00bd44e4	candidate_created	38
0086eae0	00bd46f4	candidate_created	20
0086eb00	00bd46f0	candidate_created	8
0086ebe0	00bd46f8	candidate_created	137
0086eef0	00bd46dc	candidate_created	65
0086eff0	00bd474c	candidate_created	36
0086f1b0	00bd4888	candidate_created	5
0086f1c0	00bd488c	candidate_created	92
0086f1e0	00bd4894	candidate_created	7
0086f1f0	00bd4898	candidate_created	7
0086f200	00bd489c	candidate_created	6
0086f210	00bd48b0	candidate_created	95
0086f230	00bd48b8	candidate_created	7
0086f240	00bd48bc	candidate_created	7
0086f250	00bd48c0	candidate_created	6
0086fe00	00bd49a4	candidate_created	7
0086fe10	00bd49a8	candidate_created	7
0086fe20	00bd49ac	candidate_created	6
0086fe30	00bd49c8	candidate_created	7
0086fe40	00bd49cc	candidate_created	7
0086fe50	00bd49d0	candidate_created	6
0086fe60	00bd49ec	candidate_created	7
0086fe70	00bd49f0	candidate_created	7
0086fe80	00bd49f4	candidate_created	6
00870000	00bd499c	candidate_created	69
00870050	00bd4aa8	candidate_created	65
00870088	00d38620	absorbed	0
008700a0	00bd4af8	candidate_created	65
008700f0	00bd49c0	candidate_created	42
00870120	00bd49bc	candidate_created	65
00870170	00bd49e4	candidate_created	42
008701c0	00b69e84	candidate_created	193
008702d0	00b6c158	candidate_created	20
00870480	00bd4e94	candidate_created	45
008704b0	00bd4eb4	candidate_created	103
00870520	00bd5064	candidate_created	117
008705a0	00bd513c	candidate_created	117
00870620	00bd5214	candidate_created	215
00870700	00bd52ec	candidate_created	118
00870780	00bd53c4	candidate_created	118
00870800	00bd549c	candidate_created	256
00870970	00bd5574	candidate_created	215
00870a50	00bd564c	candidate_created	256
00870b50	00bd4cb4	candidate_created	45
00870b80	00bd4cbc	candidate_created	7
00870b90	00bd4cc0	candidate_created	7
00870ba0	00bd4cc4	candidate_created	6
00870bb0	00bd4ce0	candidate_created	7
00870bc0	00bd4ce4	candidate_created	7
00870bd0	00bd4ce8	candidate_created	6
00870be0	00bd4d04	candidate_created	7
00870bf0	00bd4d08	candidate_created	7
00870c00	00bd4d0c	candidate_created	6
00870c10	00bd4d28	candidate_created	7
00870c20	00bd4d2c	candidate_created	7
00870c30	00bd4d30	candidate_created	6
00870c40	00bd4d4c	candidate_created	7
00870c50	00bd4d50	candidate_created	7
00870c60	00bd4d54	candidate_created	6
00870c70	00bd4d70	candidate_created	7
00870c80	00bd4d74	candidate_created	7
00870c90	00bd4d78	candidate_created	6
00870ca0	00bd4d94	candidate_created	7
00870cb0	00bd4d98	candidate_created	7
00870cc0	00bd4d9c	candidate_created	6
00870cd0	00bd4db8	candidate_created	7
00870ce0	00bd4dbc	candidate_created	7
00870cf0	00bd4dc0	candidate_created	6
00870d00	00bd4ddc	candidate_created	7
00870d10	00bd4de0	candidate_created	7
00870d20	00bd4de4	candidate_created	6
00870d30	00bd4e00	candidate_created	7
00870d40	00bd4e04	candidate_created	7
00870d50	00bd4e08	candidate_created	6
00870d60	00bd4e24	candidate_created	7
00870d70	00bd4e28	candidate_created	7
00870d80	00bd4e2c	candidate_created	6
00870d90	00bd4e48	candidate_created	7
00870da0	00bd4e4c	candidate_created	7
00870db0	00bd4e50	candidate_created	6
00870dc0	00bd4cfc	candidate_created	45
00870df0	00bd4d20	candidate_created	45
00870e20	00bd4d44	candidate_created	45
00870e50	00bd4d68	candidate_created	45
00870e80	00bd4d8c	candidate_created	45
00870eb0	00bd4db0	candidate_created	45
00870ee0	00bd4dd4	candidate_created	45
00870f10	00bd4df8	candidate_created	59
00870f50	00bd4e1c	candidate_created	45
00870f80	00bd4e40	candidate_created	59
00870fc0	00bd5878	candidate_created	65
00871010	00bd4e60	candidate_created	65
00871060	00bd4f38	candidate_created	65
008710b0	00bd5010	candidate_created	65
00871100	00bd50e8	candidate_created	65
00871150	00bd5298	candidate_created	65
008711a0	00bd5370	candidate_created	65
008711f0	00bd5448	candidate_created	65
00871240	00bd55f8	candidate_created	65
00871290	00bd4cd8	candidate_created	47
008712c0	00bd4b48	absorbed	0
00871310	00bd4df4	candidate_created	65
00871360	00bd4e3c	candidate_created	65
00871450	00bd5990	candidate_created	74
00871650	00bd5c78	candidate_created	54
00871690	00bd5c88	candidate_created	187
00871750	00bd5cc8	candidate_created	76
008717a0	00bd5cd8	candidate_created	271
008718b0	00bd5e70	candidate_created	35
008718e0	00bd5e7c	candidate_created	40
008719b0	00bd5ae0	candidate_created	7
008719c0	00bd5ae4	candidate_created	7
008719d0	00bd5ae8	candidate_created	6
008719e0	00bd5afc	candidate_created	52
00871a20	00bd5b04	candidate_created	7
00871a30	00bd5b08	candidate_created	7
00871a40	00bd5b0c	candidate_created	6
00871a50	00bd5b20	candidate_created	45
00871a80	00bd5b28	candidate_created	7
00871a90	00bd5b2c	candidate_created	7
00871aa0	00bd5b30	candidate_created	6
00871ab0	00bd5b44	candidate_created	59
00871af0	00bd5b4c	candidate_created	7
00871b00	00bd5b50	candidate_created	7
00871b10	00bd5b54	candidate_created	6
00871b20	00bd5b70	candidate_created	7
00871b30	00bd5b74	candidate_created	7
00871b40	00bd5b78	candidate_created	6
00871b50	00bd5b94	candidate_created	7
00871b60	00bd5b98	candidate_created	7
00871b70	00bd5b9c	candidate_created	6
00871b80	00bd5bb8	candidate_created	7
00871b90	00bd5bbc	candidate_created	7
00871ba0	00bd5bc0	candidate_created	6
00871bb0	00bd5bdc	candidate_created	7
00871bc0	00bd5be0	candidate_created	7
00871bd0	00bd5be4	candidate_created	6
00871c10	00bd5ad8	candidate_created	52
00871c50	00bd5b68	candidate_created	59
00871c90	00bd5b8c	candidate_created	66
00871ce0	00bd5bd4	candidate_created	59
00871d20	00bd5b64	candidate_created	65
00871d70	00bd5950	candidate_created	65
00871dc0	00bd59a0	candidate_created	65
00871e10	00bd59f0	candidate_created	65
00871e60	00bd5b88	candidate_created	65
00871eb0	00bd5bac	candidate_created	65
00871f00	00bd5e48	candidate_created	65
00871f50	00bd5ce8	candidate_created	65
00871fa0	00bd5bb0	candidate_created	38
00871fd0	00b6945c	candidate_created	22
00871ff0	00b69464	candidate_created	33
00872380	00bd5ea0	candidate_created	7
00872390	00bd5ea4	candidate_created	7
008723a0	00bd5ea8	candidate_created	6
008723f0	00bd5e98	candidate_created	81
008725c0	00bd6028	candidate_created	330
00872770	00bd5fb4	candidate_created	7
00872780	00bd5fb8	candidate_created	7
00872790	00bd5fbc	candidate_created	6
00872840	00bd5fac	candidate_created	63
00872880	00bd5fd0	candidate_created	65
008728d0	00bd610c	candidate_created	64
00872980	00bd611c	candidate_created	6
00872990	00bd60f0	candidate_created	54
00872a10	00bd6184	candidate_created	68
00872a60	00bd6194	candidate_created	8
00872af0	00bd61b4	candidate_created	61
00872b30	00bd61bc	candidate_created	7
00872b40	00bd61c0	candidate_created	7
00872b50	00bd61c4	candidate_created	6
00872bc0	00bd60c0	candidate_created	65
00872c10	00bd627c	candidate_created	40
00872ca0	00bd61f4	candidate_created	7
00872cb0	00bd61f8	candidate_created	7
00872cc0	00bd61fc	candidate_created	6
00872cd0	00bd61ec	candidate_created	52
00872d10	00bd6210	candidate_created	65
00872d60	00bd6364	candidate_created	22
00872d80	00bd636c	candidate_created	33
00872ef0	00bd6308	candidate_created	7
00872f00	00bd630c	candidate_created	7
00872f10	00bd6310	candidate_created	6
008731b0	00bd639c	candidate_created	45
00873230	00bd6300	candidate_created	75
00873280	00bd6320	absorbed	0
008735e0	00bd6490	candidate_created	61
00873730	00bd6424	candidate_created	7
00873740	00bd6428	candidate_created	7
00873750	00bd642c	candidate_created	6
00873760	00bd641c	candidate_created	45
00873790	00bd6440	candidate_created	65
00873820	00bd6538	candidate_created	7
00873830	00bd653c	candidate_created	7
00873840	00bd6540	candidate_created	6
00873870	00bd6530	candidate_created	45
008738a0	00bd6550	candidate_created	65
00873be0	00bd668c	candidate_created	41
00873c10	00bd6690	candidate_created	33
00873c40	00bd6694	candidate_created	41
00873c70	00bd6698	candidate_created	33
00873ca0	00bd66a8	candidate_created	56
00873ce0	00bd66b0	candidate_created	7
00873cf0	00bd66b4	candidate_created	7
00873d00	00bd66b8	candidate_created	6
008742b0	00bd67e4	candidate_created	45
008742e0	00bd67ec	candidate_created	7
008742f0	00bd67f0	candidate_created	7
00874300	00bd67f4	candidate_created	6
008743d0	00b6a084	candidate_created	28
008743f0	00bd68f8	candidate_created	7
00874400	00bd68fc	candidate_created	7
00874410	00bd6900	candidate_created	6
00874490	00bd68f0	candidate_created	65
00874570	00b5b44c	candidate_created	28
00874590	00b6adb0	candidate_created	103
00874600	00b6adc8	candidate_created	8
00874610	00b6adcc	candidate_created	17
00874630	00b6ada8	candidate_created	20
00874650	00b6ada4	candidate_created	20
00874670	00b6ada0	candidate_created	20
00874690	00b6adb8	candidate_created	13
008746a0	00b6adc0	candidate_created	18
00874790	00bd69e0	candidate_created	48
008747c0	00bd69e8	candidate_created	7
008747d0	00bd69ec	candidate_created	7
008747e0	00bd69f0	candidate_created	6
00874b50	00bd6afc	candidate_created	28
00874b70	00bd6b04	candidate_created	7
00874b80	00bd6b08	candidate_created	7
00874b90	00bd6b0c	candidate_created	6
00874ba0	00bd1cc8	candidate_created	28
008751d0	00bd6d68	candidate_created	31
008751f0	00bd6d94	candidate_created	48
00875220	00bd6d9c	candidate_created	7
00875230	00bd6da0	candidate_created	7
00875240	00bd6da4	candidate_created	6
00875320	00bd1ccc	candidate_created	6
00875540	00bd6dd0	candidate_created	24
00875630	00bd6e0c	candidate_created	7
00875640	00bd6e10	candidate_created	7
00875650	00bd6e14	candidate_created	6
008756b0	00bd6e04	candidate_created	38
00875b20	00bd6f7c	candidate_created	14
00875d80	00b6a0c0	candidate_created	74
00875dd0	00b6a0bc	candidate_created	231
00875ec0	00bd7068	candidate_created	55
00875f00	00bd7070	candidate_created	7
00875f10	00bd7074	candidate_created	7
00875f20	00bd7078	candidate_created	6
00875f30	00bd708c	candidate_created	61
00875f70	00bd7094	candidate_created	7
00875f80	00bd7098	candidate_created	7
00875f90	00bd709c	candidate_created	6
00875fd0	00b6a0a8	candidate_created	85
00876030	00b6a0b0	candidate_created	19
00876050	00b6a0ac	candidate_created	24
00876070	00bd6fdc	candidate_created	717
00876340	00bd7000	candidate_created	65
00876480	00bd704c	candidate_created	654
008778b0	00bd1e30	candidate_created	8
008778c0	00bd70f4	candidate_created	27
008778e0	00bd7110	candidate_created	37
00877960	00bd711c	candidate_created	19
00877980	00bd7120	candidate_created	19
00877a50	00bd7130	candidate_created	32
00877a70	00bd713c	candidate_created	69
00877ac0	00bd7140	candidate_created	67
00877b90	00bd1d68	candidate_created	65
00877c30	00bd1d6c	candidate_created	214
00877e60	00bd1d74	candidate_created	136
00877ff0	00bd1d84	candidate_created	207
00878100	00bd1d90	candidate_created	73
00878150	00bd1d8c	candidate_created	57
00878380	00bd1df4	candidate_created	51
008783c0	00bd1df8	candidate_created	51
008784a0	00bd1e0c	candidate_created	4
00878650	00bd1e08	candidate_created	65
008786a0	00bd1ee8	candidate_created	5
008786b0	00bd72a8	candidate_created	42
008786e0	00bd72b0	candidate_created	7
008786f0	00bd72b4	candidate_created	7
00878700	00bd72b8	candidate_created	6
008787a0	00bd1ea0	candidate_created	11
008787b0	00bd1ea4	candidate_created	11
008787e0	00bd1eb0	candidate_created	11
008787f0	00bd1e34	candidate_created	8
00878810	00bd1e3c	candidate_created	8
00878820	00bd1e40	candidate_created	8
00878830	00bd1e44	candidate_created	8
00878840	00bd1e48	candidate_created	8
00878850	00bd1e4c	candidate_created	8
00878860	00b90ad4	candidate_created	8
00878870	00bd1e54	candidate_created	8
00878880	00bd1e58	candidate_created	8
00878890	00bd1e5c	candidate_created	8
008788a0	00bd1e60	candidate_created	8
008788b0	00bd1e64	candidate_created	8
008788c0	00bd1e68	candidate_created	8
008788d0	00bd1e6c	candidate_created	8
008788e0	00bd1e70	candidate_created	8
00878900	00bd1e74	candidate_created	8
008789a0	00bd1ea8	candidate_created	43
00878a10	00bd745c	candidate_created	21
00878a30	00bd7460	candidate_created	17
00878aa0	00bd2088	candidate_created	8
00878ab0	00bd20b8	candidate_created	8
00878ac0	00bd20c8	candidate_created	8
00878ad0	00bd1e78	candidate_created	72
00878b20	00bd1e7c	candidate_created	72
00878b70	00bd1e80	candidate_created	72
00878bc0	00bd1e84	candidate_created	72
00878c10	00bd1e88	candidate_created	72
00878c60	00bd1e8c	candidate_created	72
00878cb0	00bd1e90	candidate_created	72
00878d00	00bd1e94	candidate_created	72
00878d70	00bd74d0	candidate_created	41
00878da0	00bd74d8	candidate_created	40
00878dd0	00bd74e0	candidate_created	40
00878e40	00bd74f0	candidate_created	53
00878fb0	00bd74fc	candidate_created	55
00878ff0	00bd7500	candidate_created	184
008790b0	00bd7504	candidate_created	184
00879170	00bd7508	candidate_created	184
00879230	00bd750c	candidate_created	32
00879250	00bd7510	candidate_created	34
00879280	00bd7514	candidate_created	31
008792a0	00bd7554	candidate_created	135
00879330	00bd6af8	candidate_created	5
00879340	00bd748c	candidate_created	7
00879350	00bd7490	candidate_created	7
00879360	00bd7494	candidate_created	6
00879370	00bd1e18	candidate_created	65
008793e0	00bd7484	candidate_created	27
00879540	00bd7560	candidate_created	135
008795d0	00bd7570	candidate_created	188
00879690	00bd7580	candidate_created	125
00879710	00bd7590	candidate_created	188
00879c10	00bd20c4	candidate_created	17
00879cf0	00bd20f8	candidate_created	12
00879df0	00bd7668	candidate_created	7
00879e00	00bd766c	candidate_created	7
00879e10	00bd7670	candidate_created	6
00879e20	00bd7660	candidate_created	38
0087a120	00bd78ac	candidate_created	6
0087a270	00bd7940	candidate_created	24
0087a290	00bd7944	candidate_created	66
0087a2e0	00bd7978	candidate_created	5
0087a2f0	00bd797c	candidate_created	59
0087a330	00bd7984	candidate_created	7
0087a340	00bd7988	candidate_created	7
0087a350	00bd798c	candidate_created	6
0087a360	00bd78a4	candidate_created	64
0087a3b0	00bd78a8	candidate_created	65
0087a530	00bd79d0	candidate_created	54
0087a570	00bd79d4	candidate_created	79
0087a5c0	00bd79e0	candidate_created	25
0087a630	00bd79e8	candidate_created	48
0087a6a0	00bd7a00	candidate_created	65
0087a760	00bd7a08	candidate_created	123
0087a7e0	00bd79b4	candidate_created	28
0087a8c0	00bd7a60	candidate_created	12
0087abe0	00bd7acc	candidate_created	52
0087ac20	00bd7ad4	candidate_created	7
0087ac30	00bd7ad8	candidate_created	7
0087ac40	00bd7adc	candidate_created	6
0087ad00	00bd7a64	candidate_created	70
0087b1b0	00bd7a58	candidate_created	23
0087b1e0	00bd773c	candidate_created	11
0087b1f0	00bd7740	candidate_created	11
0087b200	00bd7744	candidate_created	11
0087b210	00bd76c8	candidate_created	8
0087b220	00bd76cc	candidate_created	8
0087b240	00bd76d4	candidate_created	8
0087b250	00bd76d8	candidate_created	8
0087b260	00bd76e0	candidate_created	8
0087b270	00bd76e8	candidate_created	8
0087b280	00bd76f0	candidate_created	8
0087b290	00bd76f4	candidate_created	8
0087b2a0	00bd76f8	candidate_created	8
0087b2b0	00bd76fc	candidate_created	8
0087b2c0	00bd7700	candidate_created	8
0087b2d0	00bd7704	candidate_created	18
0087b2f0	00bd7708	candidate_created	8
0087b310	00bd7818	candidate_created	25
0087b330	00bd7820	candidate_created	24
0087b350	00bd7828	candidate_created	24
0087b3a0	00bd7838	candidate_created	33
0087b3d0	00bd783c	candidate_created	104
0087b440	00bd7840	candidate_created	104
0087b4b0	00bd7844	candidate_created	29
0087b4d0	00bd7848	candidate_created	130
0087b560	00bd784c	candidate_created	130
0087b5f0	00bd7850	candidate_created	130
0087b680	00bd7858	candidate_created	18
0087b6a0	00bd770c	candidate_created	17
0087b6c0	00bd7898	candidate_created	103
0087b730	00bd7b0c	candidate_created	7
0087b740	00bd7b10	candidate_created	7
0087b750	00bd7b14	candidate_created	6
0087b760	00bd76b0	candidate_created	65
0087b7b0	00bd7b04	candidate_created	24
0087b830	00bd7bcc	candidate_created	26
0087b8c0	00bd7d50	candidate_created	58
0087b900	00bd7d54	candidate_created	30
0087b920	00bae76c	candidate_created	7
0087b930	00bd7d90	candidate_created	16
0087b940	00bd7da0	candidate_created	23
0087b960	00bd7d9c	candidate_created	23
0087b9b0	00bd7db8	candidate_created	20
0087b9d0	00bd7dc4	candidate_created	58
0087ba20	00bd7c04	candidate_created	5
0087ba30	00bd7c10	candidate_created	7
0087ba40	00bd7c14	candidate_created	7
0087ba50	00bd7c18	candidate_created	6
0087ba60	00bd7c1c	candidate_created	6
0087ba70	00bd7d08	candidate_created	65
0087bac0	00bd7d8c	candidate_created	29
0087bae0	00bd7d98	candidate_created	29
0087c830	00bd7d48	candidate_created	5
0087c930	00bd7d78	candidate_created	36
0087c960	00bd7d7c	candidate_created	36
0087c990	00bd7d80	candidate_created	36
0087c9c0	00bd7d84	candidate_created	34
0087cfe0	00bd7db4	candidate_created	195
0087dbe0	00bd7c08	candidate_created	32
0087dc00	00b455e0	candidate_created	18
0087dc20	00b455e4	candidate_created	18
0087dd50	00bd7e38	candidate_created	55
0087dd90	00bd7e40	candidate_created	105
0087df10	00bd7ea8	candidate_created	55
0087df50	00bd7eb0	candidate_created	153
0087e2a0	00bd7ee4	candidate_created	7
0087e2b0	00bd7ee8	candidate_created	7
0087e2c0	00bd7eec	candidate_created	6
0087e2d0	00bd7edc	candidate_created	55
0087e310	00bd7f00	candidate_created	65
0087e360	00bd8048	candidate_created	42
0087e400	00bd7fa4	candidate_created	7
0087e410	00bd7fa8	candidate_created	7
0087e420	00bd7fac	candidate_created	6
0087e430	00bd7fe0	candidate_created	65
0087e480	00bd7f9c	candidate_created	68
0087e500	00bd7ff4	candidate_created	345
0087e720	00b69b64	candidate_created	5
0087e730	00bd80c0	candidate_created	7
0087e740	00bd80c4	candidate_created	7
0087e750	00bd80c8	candidate_created	6
0087e780	00bd80b8	candidate_created	52
0087e7c0	00bd80d8	candidate_created	65
0087ec00	00bd8228	candidate_created	48
00882e80	00bd8338	candidate_created	8
00882e90	00bd8344	candidate_created	18
00883010	00bd8404	candidate_created	19
00883040	00bd8410	candidate_created	18
00883560	00bd852c	candidate_created	57
008835a0	00bd8524	candidate_created	31
008835c0	00bd8534	candidate_created	6
008835d0	00bd8548	candidate_created	5
008835e0	00bd8508	candidate_created	54
00883620	00bd8490	candidate_created	5
00883630	00bd849c	candidate_created	7
00883640	00bd84a0	candidate_created	7
00883650	00bd84a4	candidate_created	6
00883660	00bd84d8	candidate_created	65
008836b0	00bd8494	candidate_created	65
00883a30	00bd8588	candidate_created	7
00883a40	00bd858c	candidate_created	7
00883a50	00bd8590	candidate_created	6
00883ba0	00bd8580	candidate_created	80
00883bf0	00bd85a0	candidate_created	65
00883e50	00bd86b8	candidate_created	7
00883e60	00bd86bc	candidate_created	7
00883e70	00bd86c0	candidate_created	6
00883e80	00bd86b0	candidate_created	52
00883ec0	00bd86d0	candidate_created	65
00883f10	00bd8844	candidate_created	36
00883f40	00bd8848	candidate_created	36
00883f70	00bd87c8	candidate_created	7
00883f80	00bd87cc	candidate_created	7
00883f90	00bd87d0	candidate_created	6
00883fa0	00bd8800	candidate_created	65
00883ff0	00bd87c0	candidate_created	38
00884120	00bd8880	candidate_created	7
00884130	00bd8884	candidate_created	67
00884180	00bd8888	candidate_created	76
00884740	00bd88bc	candidate_created	59
00884780	00bd88c4	candidate_created	45
00884eb0	00b7198c	candidate_created	32
00885170	00bd918c	candidate_created	6
008851e0	00bd8a58	candidate_created	6
00885250	00bd8a98	candidate_created	6
00885330	00bd8b28	candidate_created	6
008853a0	00bd8b68	candidate_created	6
00885410	00bd8ba8	candidate_created	6
00885480	00bd8be8	candidate_created	6
00885550	00bd8c68	candidate_created	6
00885620	00b71980	candidate_created	37
00885650	00b71984	candidate_created	25
00885670	00b64ab8	candidate_created	6
00885680	00b9ec28	candidate_created	6
00885690	00b67f60	candidate_created	6
008856a0	00b67fe0	candidate_created	6
008856b0	00bd913c	candidate_created	6
008856c0	00b99608	candidate_created	6
008856d0	00b994d8	candidate_created	6
008856e0	00b99a10	candidate_created	6
008856f0	00bd8adc	candidate_created	70
00885740	00bd8a08	candidate_created	12
008857c0	00bd8b04	candidate_created	32
008857e0	00bd8b0c	candidate_created	32
00885800	00bd8c28	candidate_created	6
00885810	00bd8ca8	candidate_created	6
00885820	00bd8b40	candidate_created	6
00885830	00bd8b2c	candidate_created	35
00885860	00bd8b80	candidate_created	6
00885870	00bd8b6c	candidate_created	35
008858a0	00bd8bc0	candidate_created	6
008858b0	00bd8bac	candidate_created	35
008858e0	00bd8c00	candidate_created	6
008858f0	00bd8bec	candidate_created	35
00885920	00bd8c40	candidate_created	6
00885930	00bd8c2c	candidate_created	35
00885960	00bd8c80	candidate_created	6
00885970	00bd8c6c	candidate_created	35
008859a0	00bd8cc0	candidate_created	6
008859b0	00bd8cac	candidate_created	35
008859e0	00bd91cc	candidate_created	33
00885a10	00bd91d0	candidate_created	103
00885ad0	00bd9224	candidate_created	33
00885b00	00bd9228	candidate_created	103
00885bf0	00bd936c	candidate_created	33
00885c20	00bd9370	candidate_created	103
00885ce0	00bd93c4	candidate_created	33
00885d10	00bd93c8	candidate_created	103
00885dd0	00bd9420	candidate_created	28
00885e40	00bd8a5c	candidate_created	35
00885e70	00bd9530	candidate_created	6
00885ee0	00bd8a9c	candidate_created	35
00885f10	00bd9570	candidate_created	6
00886110	00bd95b4	candidate_created	35
00886140	00bd95f0	candidate_created	6
008861b0	00bd95f4	candidate_created	35
008861e0	00b67fd4	candidate_created	37
00886210	00bd9634	candidate_created	80
00886260	00bd9694	candidate_created	53
008863b0	00b6234c	candidate_created	28
00886460	00bd96d4	candidate_created	35
00886490	00bd8cdc	candidate_created	6
008864a0	00bd9710	candidate_created	6
00886510	00bd9714	candidate_created	35
008865b0	00bd9794	candidate_created	6
008865c0	00bd9764	candidate_created	41
008865f0	00bd97ec	candidate_created	6
00886650	00bd97bc	candidate_created	41
008866c0	00bd9814	candidate_created	41
008866f0	00bd8d24	candidate_created	74
008867c0	00bd989c	candidate_created	19
008867e0	00bd986c	candidate_created	47
00886810	00bd9638	candidate_created	355
00886980	00bd963c	candidate_created	181
00886a40	00bd98cc	candidate_created	55
00886a80	00bd990c	candidate_created	55
00886ac0	00bd8ae4	candidate_created	86
00886b20	00bd969c	candidate_created	132
00886c00	00bd8cd4	candidate_created	81
00886d80	00bd994c	candidate_created	55
00886dc0	00bd998c	candidate_created	55
00887320	00bd8b30	candidate_created	198
00887750	00bd9664	candidate_created	32
00887770	00bd9aac	candidate_created	55
008877b0	00bd8ae0	candidate_created	142
00887840	00bd9698	candidate_created	142
008878d0	00bd9b3c	candidate_created	19
008878f0	00bd9b0c	candidate_created	65
00887940	00bd96cc	candidate_created	76
00887990	00bd8d50	candidate_created	21
008879b0	00bd8da0	candidate_created	28
00887a00	00bd8dec	candidate_created	32
00887bd0	00bd8e3c	candidate_created	32
00887da0	00bd8e44	candidate_created	67
00887df0	00bd8e8c	candidate_created	32
00887fc0	00bd8df4	candidate_created	56
00888000	00bd8edc	candidate_created	31
008881c0	00bd8ee4	candidate_created	66
00888210	00bd8f2c	candidate_created	29
008883d0	00bd8f7c	candidate_created	31
008885a0	00bd8f84	candidate_created	75
00888fa0	00bd94c4	candidate_created	72
00889090	00bd9510	candidate_created	82
008895c0	00bd9ba8	candidate_created	143
0088a2e0	00bd9ec0	candidate_created	8
0088a460	00bd9f84	candidate_created	46
0088a510	00bda000	candidate_created	185
0088a6a0	00bd978c	candidate_created	178
0088a760	00bd9790	candidate_created	129
0088a7f0	00bd9770	candidate_created	832
0088b450	00bd983c	candidate_created	178
0088b510	00bd9840	candidate_created	129
0088b5a0	00bd9820	candidate_created	832
0088ba10	00bda0a0	candidate_created	6
0088ba80	00bda064	candidate_created	35
0088c0f0	00bda0d4	candidate_created	6
0088c210	00bd8cf0	candidate_created	73
0088c260	00bd8cfc	candidate_created	41
0088c290	00bd8cf8	candidate_created	391
0088cdd0	00bda124	candidate_created	6
0088ce20	00bd9060	candidate_created	73
0088ce70	00bd906c	candidate_created	41
0088cea0	00bd9068	candidate_created	391
0088d560	00bda174	candidate_created	6
0088d600	00bd90b0	candidate_created	73
0088d650	00bd90bc	candidate_created	41
0088d680	00bd90b8	candidate_created	391
0088dd40	00bda1c4	candidate_created	6
0088dd50	00b71988	candidate_created	26
0088dd90	00bd9100	candidate_created	73
0088dde0	00bd910c	candidate_created	41
0088de10	00bd9108	candidate_created	391
0088e4d0	00bda214	candidate_created	6
0088e500	00bd9150	candidate_created	73
0088e550	00bd915c	candidate_created	41
0088e580	00bd9158	candidate_created	391
0088eca0	00bda264	candidate_created	6
0088ecb0	00b719b0	candidate_created	64
0088ed10	00bd9250	candidate_created	73
0088ed60	00bd925c	candidate_created	41
0088ed90	00bd9258	candidate_created	391
0088f520	00b65f34	candidate_created	8
0088f7b0	00bac704	candidate_created	8
0088f890	00bda410	candidate_created	8
0088fa20	00bda458	candidate_created	8
0088fb20	00bda4a0	candidate_created	8
008900a0	00bd9894	candidate_created	112
00890110	00bd9898	candidate_created	88
00890940	00bda5f4	candidate_created	8
00890a20	00b66410	candidate_created	12
00890f80	00bd9ad4	candidate_created	112
00890ff0	00bd9ad8	candidate_created	88
00891220	00bd97e4	candidate_created	178
008912f0	00bd97e8	candidate_created	117
008913c0	00bd97c8	candidate_created	770
008916d0	00bd965c	candidate_created	112
00891740	00bd9660	candidate_created	88
00891a30	00b68bc4	candidate_created	8
00892180	00bda92c	candidate_created	8
00892390	00bd9b34	candidate_created	48
00892410	00bd9b38	candidate_created	67
00893970	00bdad54	candidate_created	28
00894fc0	00b44f00	candidate_created	18
008956b0	00b44efc	candidate_created	7451
00897620	00bdb610	candidate_created	170
00897890	00bdb678	candidate_created	79
008978e0	00bdb680	candidate_created	96
00897a50	00bdb6e8	candidate_created	79
00897aa0	00bdb6f0	candidate_created	96
00897c20	00bdb760	candidate_created	163
00897f50	00bdb7d8	candidate_created	163
008982e0	00bdb604	candidate_created	14
008982f0	00bdb850	candidate_created	210
008985f0	00bdb8d0	candidate_created	274
00898990	00bdb948	candidate_created	274
00898d30	00bdb9c0	candidate_created	274
00899080	00bdba30	candidate_created	163
00899130	00b82a14	candidate_created	139
008992d0	00bdbaa0	candidate_created	70
00899320	00bdbaa8	candidate_created	96
00899490	00bdbb10	candidate_created	70
008994e0	00bdbb18	candidate_created	96
00899650	00bdbb88	candidate_created	70
008996a0	00bdbb90	candidate_created	96
00899810	00bdbc08	candidate_created	79
00899860	00bdbc10	candidate_created	96
00899a30	00bdbc80	candidate_created	39
00899a60	00bdbc88	candidate_created	143
00899c70	00bdbcf0	candidate_created	76
00899cc0	00bdbcf8	candidate_created	159
00899ee0	00bdbd60	candidate_created	78
00899f30	00bdbd68	candidate_created	159
0089a150	00bdbdd0	candidate_created	78
0089a1a0	00bdbdd8	candidate_created	159
0089a350	00bdbe40	candidate_created	65
0089a3a0	00bdbe48	candidate_created	115
0089a530	00bdbeb0	candidate_created	63
0089a570	00bdbeb8	candidate_created	115
0089a700	00bdbf20	candidate_created	63
0089a740	00bdbf28	candidate_created	115
0089a990	00bdbf98	candidate_created	391
0089b050	00bdc008	candidate_created	258
0089b3e0	00bdc078	candidate_created	258
0089b770	00bdc0e8	candidate_created	299
0089bb30	00bdc158	candidate_created	299
0089bf20	00bdc1c8	candidate_created	299
0089c150	00bdc1c4	candidate_created	134
0089c3d0	00bdc258	candidate_created	103
0089c440	00bdc260	candidate_created	192
0089c6f0	00bdc2d0	candidate_created	103
0089c760	00bdc2d8	candidate_created	192
0089c930	00bdc344	candidate_created	14
0089c940	00bdc350	candidate_created	163
0089cb80	00bdc3b8	candidate_created	163
0089cdc0	00bdc428	candidate_created	48
0089cdf0	00bdc430	candidate_created	96
0089cf60	00bdc424	candidate_created	18
0089cf80	00bdc4a0	candidate_created	48
0089cfb0	00bdc4a8	candidate_created	96
0089d2e0	00bdc518	candidate_created	167
0089d390	00bdc520	candidate_created	296
0089d790	00bdc5a8	candidate_created	148
0089d830	00bdc5b0	candidate_created	296
0089dca0	00bdc638	candidate_created	162
0089dd50	00bdc640	candidate_created	348
0089e1f0	00bdc6c0	candidate_created	162
0089e2a0	00bdc6c8	candidate_created	348
0089e6d0	00bdc748	candidate_created	148
0089e770	00bdc750	candidate_created	296
0089eb70	00bdc7c8	candidate_created	167
0089ec20	00bdc7d0	candidate_created	296
0089f020	00bdc830	candidate_created	167
0089f0d0	00bdc838	candidate_created	296
0089f0e4	00c9ed58	absorbed	0
0089f4d0	00bdc8b0	candidate_created	156
0089f4da	00b42504	absorbed	0
0089f510	00b424d0	absorbed	0
0089f530	00b424cc	absorbed	0
0089f55a	00b424a8	absorbed	0
0089f570	00bdc8b8	candidate_created	296
0089f5b4	00b42524	absorbed	0
0089f668	00b42480	absorbed	0
0089f7b0	00bdc92c	candidate_created	14
0089f7c0	00bdc938	candidate_created	163
0089f7c4	00b42538	absorbed	0
0089f818	00b42544	absorbed	0
0089fa10	00bdc9a8	candidate_created	163
0089fcc0	00bdca18	candidate_created	274
0089fd14	00b4245c	absorbed	0
0089fd2c	00b42460	absorbed	0
008a0030	00bdca88	candidate_created	274
008a0084	00b42214	absorbed	0
008a00aa	00b4221c	absorbed	0
008a03a0	00bdcaf8	candidate_created	274
008a03b2	00b422c0	absorbed	0
008a0444	00b421e8	absorbed	0
008a0460	00b421e0	absorbed	0
008a06e0	00bdcb70	candidate_created	163
008a06f6	00b4214c	absorbed	0
008a0990	00bdcbf0	candidate_created	274
008a0994	00b42364	absorbed	0
008a09da	00b42358	absorbed	0
008a09e6	00b42354	absorbed	0
008a09f6	00b42350	absorbed	0
008a0d00	00bdcc68	candidate_created	274
008a0d0e	00b420a8	absorbed	0
008a0d9e	00b420c8	absorbed	0
008a0dde	00b420d4	absorbed	0
008a1010	00bdccd4	candidate_created	14
008a1020	00bdccd8	candidate_created	77
008a1028	00b42074	absorbed	0
008a103e	00b42078	absorbed	0
008a1070	00bdcce0	candidate_created	96
008a1080	00b42088	absorbed	0
008a11e0	00bdcd48	candidate_created	79
008a1230	00bdcd50	candidate_created	96
008a13a0	00bdcdac	candidate_created	14
008a13b0	00bdcdb0	candidate_created	70
008a13d5	00ca1184	absorbed	0
008a1400	00bdcdb8	candidate_created	96
008a1460	00b89904	candidate_created	135
008a1570	00bdce20	candidate_created	28
008a16a0	00bdcea0	candidate_created	54
008a16e0	00bdcea8	candidate_created	96
008a2190	00bdd0b0	candidate_created	23
008a21b0	00bdd0b4	candidate_created	38
008a21e0	00bdd0b8	candidate_created	38
008a2340	00bdd090	candidate_created	45
008a2370	00bdd0ac	candidate_created	29
008a23d0	00bdd0bc	candidate_created	214
008a24b0	00bdd0a8	candidate_created	185
008a2580	00bdd0e4	candidate_created	28
008a25a0	00b61908	candidate_created	7
008a2700	00bdd458	candidate_created	67
008a2d10	00bdd3dc	candidate_created	2322
008a3910	00bdd400	candidate_created	1213
008a3de0	00bdd404	candidate_created	1213
008a48b0	00bdd3e8	candidate_created	2408
008a5340	00bdd3ec	candidate_created	48
008a5370	00bdd420	candidate_created	102
008a53e0	00bdd428	candidate_created	105
008a57f0	00bdd3d0	candidate_created	240
008a74c0	00bdd3e4	candidate_created	2300
008a8460	00b618b8	candidate_created	13
008a8470	00bdd408	candidate_created	13
008a8480	00bdd40c	candidate_created	7
008a8490	00bdd410	candidate_created	13
008a84a0	00bdd414	candidate_created	7
008a84d0	00b61854	candidate_created	7
008a84e0	00b90b0c	candidate_created	7
008a84f0	00bdd440	candidate_created	7
008a8500	00bdd44c	candidate_created	7
008a8510	00bdd450	candidate_created	13
008a8520	00bdd454	candidate_created	7
008a8530	00bdd43c	candidate_created	23
008a86b0	00bdd3f4	candidate_created	187
008abbb0	00bdd3c8	candidate_created	2767
008b3e50	00b44f8c	candidate_created	18
008b3e70	00b44f90	candidate_created	18
008b4600	00bdf0d4	candidate_created	28
008b5810	00bdf13c	candidate_created	29
008b58a0	00bdf174	candidate_created	11
008b5950	00bdf170	candidate_created	81
008b5ff0	00bdf1dc	candidate_created	8
008b6000	00bdf1e0	candidate_created	8
008b6010	00bdf1e4	candidate_created	8
008b6020	00bdf1ec	candidate_created	8
008b6030	00bdf1e8	candidate_created	8
008b6040	00bdf1f8	candidate_created	8
008b6050	00bdf1fc	candidate_created	13
008b7850	00bdf218	candidate_created	802
008b9e80	00bdf228	candidate_created	181
008ba040	00bdf224	candidate_created	983
008ba550	00bdf1d0	candidate_created	45
008ba580	00bdf22c	candidate_created	53
008bb140	00bdf350	candidate_created	19
008bb160	00bdf354	candidate_created	15
008bb170	00bdf304	candidate_created	13
008bb180	00bdf324	candidate_created	17
008bb580	00bdf2f8	candidate_created	91
008bc450	00bdf314	candidate_created	36
008bc480	00bdf31c	candidate_created	57
008bc4c0	00bdf318	candidate_created	61
008bcdc0	00bdf330	candidate_created	1043
008bdd80	00bdf338	candidate_created	2198
008bf490	00bdf2e0	candidate_created	37
008bf4c0	00bdf2fc	candidate_created	5
008bfe50	00bdf32c	candidate_created	152
008c0160	00bdf7c0	candidate_created	22
008c0180	00bdf7c4	candidate_created	18
008c01a0	00bdf7c8	candidate_created	20
008c01c0	00bdf7cc	candidate_created	17
008c0240	00bad498	candidate_created	13
008c0250	00bdf7d4	candidate_created	32
008c0270	00bdf7d0	candidate_created	30
008c0b40	00bdf778	candidate_created	37
008c0b70	00bdf34c	candidate_created	6
008c2a70	00bdf840	candidate_created	37
008c3320	00bdf90c	candidate_created	55
008c3360	00bdf910	candidate_created	51
008c33a0	00bdf914	candidate_created	48
008c33d0	00bdf8cc	candidate_created	35
008c3400	00bdf8d0	candidate_created	35
008c3d40	00bdf8b8	candidate_created	37
008c3d70	00b8e820	candidate_created	20
008c3d90	00bdf8fc	candidate_created	125
008c4170	00bdf8ec	candidate_created	95
008c41d0	00bdf8e8	candidate_created	35
008c4350	00bdf8e4	candidate_created	187
008c4410	00bdf8e0	candidate_created	187
008c44d0	00bdf8f8	candidate_created	203
008c45a0	00bdf8f4	candidate_created	203
008c4750	00bdf8f0	candidate_created	95
008c47b0	00bdf8d8	candidate_created	40
008c47e0	00bdf8d4	candidate_created	40
008c4810	00bdf94c	candidate_created	25
008c4830	00bdf948	candidate_created	25
008c4850	00bdf934	candidate_created	55
008c4930	00bdf93c	candidate_created	45
008c4ca0	00bdf930	candidate_created	37
008c4d90	00bdf980	candidate_created	28
008c4db0	00bdf988	candidate_created	95
008c4e10	00bdf98c	candidate_created	6
008c4e20	00bdf99c	candidate_created	62
008c4f50	00bdf9a8	candidate_created	193
008c5020	00bdf998	candidate_created	106
008c5090	00bdf990	candidate_created	113
008c78a0	00bdff08	candidate_created	35
008c78d0	00bdffb4	candidate_created	17
008c7910	00bdff88	candidate_created	50
008c7950	00bdff8c	candidate_created	50
008c7990	00bdff90	candidate_created	62
008c79d0	00bdff94	candidate_created	74
008c7a20	00bdff98	candidate_created	111
008c7a90	00bdff9c	candidate_created	96
008c7af0	00bdffa4	candidate_created	136
008c7b80	00bdffa8	candidate_created	83
008c7be0	00bdff2c	candidate_created	101
008c7c50	00bdff30	candidate_created	101
008c7cc0	00bdff34	candidate_created	78
008c7d10	00bdff38	candidate_created	64
008c7d50	00bdff40	candidate_created	61
008c7d90	00bdff44	candidate_created	61
008c7dd0	00bdff50	candidate_created	64
008c7e10	00bdff48	candidate_created	93
008c7e70	00bdff4c	candidate_created	64
008c7eb0	00bdfef8	candidate_created	37
008c8590	00bdfefc	candidate_created	30
008c85b0	00bdff00	candidate_created	23
008c8b70	00bdff6c	candidate_created	100
008c92d0	00bdff80	candidate_created	55
008c9310	00bdff58	candidate_created	8
008c9320	00bdff64	candidate_created	8
008cac10	00be0038	candidate_created	113
008cbc80	00be0018	candidate_created	47
008cbcb0	00bdfff4	candidate_created	8
008cbcc0	00be0000	candidate_created	8
008cbd60	00be0074	candidate_created	25
008cbd80	00be0078	candidate_created	38
008cbdb0	00be0130	candidate_created	71
008cbe00	00be0134	candidate_created	28
008cbe20	00be0138	candidate_created	24
008cbe40	00be011c	candidate_created	15
008cbe70	00be0128	candidate_created	18
008cbe90	00be012c	candidate_created	19
008cc2e0	00be00c4	candidate_created	8
008cc2f0	00be00dc	candidate_created	8
008cc300	00be00e0	candidate_created	8
008cc310	00be00e8	candidate_created	8
008cc320	00be00ec	candidate_created	8
008cc670	00be0118	candidate_created	75
008cc960	00be01a8	candidate_created	142
008ccac0	00bacfe8	candidate_created	20
008ccae0	00be01c0	candidate_created	20
008ccec0	00be00d4	candidate_created	8
008cced0	00be00d8	candidate_created	8
008ccf50	00be0188	candidate_created	166
008cd000	00be018c	candidate_created	73
008cd050	00be0190	candidate_created	153
008cd0f0	00be0194	candidate_created	159
008cd1a0	00be01a4	candidate_created	247
008cd8b0	00be016c	candidate_created	49
008cdce0	00be0180	candidate_created	47
008cdd10	00be0158	candidate_created	8
008cdd20	00be0164	candidate_created	8
008ce6b0	00be00e4	candidate_created	8
008ce6c0	00be01a0	candidate_created	2867
008cf2f0	00be0280	candidate_created	46
008cf320	00be0294	candidate_created	9
008cf370	00be0070	candidate_created	37
008cf3a0	00be0260	candidate_created	71
008cf3f0	00be0214	candidate_created	8
008cf400	00be0220	candidate_created	8
008cf410	00be022c	candidate_created	8
008cf420	00be0230	candidate_created	8
008cf430	00be0238	candidate_created	8
008cf4c0	00be0264	candidate_created	65
008cf510	00be0268	candidate_created	140
008cf5a0	00be0240	candidate_created	82
008cf600	00be0244	candidate_created	10
008cf610	00be0248	candidate_created	80
008cf660	00be0224	candidate_created	8
008cf670	00be0228	candidate_created	8
008cf680	00be02f0	candidate_created	17
008cf6a0	00be02f8	candidate_created	17
008cf6c0	00be02f4	candidate_created	17
008cf770	00be0350	candidate_created	73
008cf7c0	00be0304	candidate_created	8
008cf7d0	00be0310	candidate_created	8
008cf7e0	00be02c4	candidate_created	8
008cf7f0	00be02d0	candidate_created	8
008cfa00	00be0318	candidate_created	8
008cfa10	00be031c	candidate_created	8
008cfa20	00be02d8	candidate_created	8
008cfa30	00be02dc	candidate_created	8
008cfae0	00be0354	candidate_created	253
008cfc10	00be0368	candidate_created	8
008cfc20	00be036c	candidate_created	8
008cfce0	00be0314	candidate_created	8
008cfcf0	00be0320	candidate_created	8
008cfd00	00be0234	candidate_created	8
008cfd10	00be0328	candidate_created	8
008cfd20	00be032c	candidate_created	8
008cfd30	00be02d4	candidate_created	8
008cfd40	00be02e0	candidate_created	8
008cfd50	00be02e4	candidate_created	8
008cfd60	00be02e8	candidate_created	8
008cfd70	00be02ec	candidate_created	8
008cffb0	00be03bc	candidate_created	186
008d0070	00be03c0	candidate_created	18
008d0260	00be03dc	candidate_created	57
008d02a0	00bddda0	candidate_created	87
008d0390	00be03d8	candidate_created	565
008d08f0	00be03b8	candidate_created	45
008d0a60	00bddd9c	candidate_created	81
008d0ae0	00be0548	candidate_created	75
008d0b30	00be054c	candidate_created	44
008d0b60	00be0428	candidate_created	35
008d0b90	00be042c	candidate_created	42
008d0bc0	00be048c	candidate_created	34
008d0bf0	00be0490	candidate_created	9
008d0c00	00be04a8	candidate_created	6
008d0c10	00b6d198	candidate_created	5
008d0c30	00be04cc	candidate_created	35
008d0c60	00be04d0	candidate_created	10
008d0c70	00be04e8	candidate_created	7
008d1400	00be0110	candidate_created	55
008d1440	00be0434	candidate_created	8
008d1450	00be00d0	candidate_created	8
008d1460	00be044c	candidate_created	8
008d1470	00be0450	candidate_created	8
008d1480	00be045c	candidate_created	8
008d16b0	00be0544	candidate_created	94
008d1720	00be0550	candidate_created	89
008d1870	00be0518	candidate_created	79
008d1980	00be0538	candidate_created	22
008d1a30	00bdddc0	candidate_created	87
008d1be0	00be0484	candidate_created	89
008d1c40	00be0488	candidate_created	89
008d1ca0	00be0494	candidate_created	59
008d1ce0	00be04a0	candidate_created	31
008d1d60	00be04e0	candidate_created	32
008d2a00	00be0444	candidate_created	8
008d2a10	00be0448	candidate_created	8
008d2a20	00be0454	candidate_created	8
008d2b00	00bdff28	candidate_created	45
008d34d0	00be0530	candidate_created	788
008d3bd0	00be04c4	candidate_created	569
008d3e10	00be04d4	candidate_created	59
008d40e0	00be0510	candidate_created	53
008d4dd0	00bdddbc	candidate_created	84
008d4e30	00be058c	candidate_created	18
008d4e50	00be05a0	candidate_created	31
008d5020	00be05a4	candidate_created	23
008d5040	00be05a8	candidate_created	19
008d5610	00be0594	candidate_created	61
008d56c0	00be0588	candidate_created	45
008d5850	00be0598	candidate_created	127
008d58d0	00be059c	candidate_created	127
008d5ac0	00be05ec	candidate_created	46
008d5af0	00be05f0	candidate_created	63
008d5b30	00be05f4	candidate_created	63
008d5b70	00be05f8	candidate_created	55
008d60d0	00be05e0	candidate_created	37
008d6220	00be0690	candidate_created	13
008d6230	00be0694	candidate_created	7
008d64a0	00be068c	candidate_created	46
008d6b40	00be0688	candidate_created	143
008d6cd0	00be0678	candidate_created	47
008d6d00	00be0648	candidate_created	8
008d6d10	00be0654	candidate_created	8
008d7340	00be0698	candidate_created	40
008d83d0	00be079c	candidate_created	28
008d8840	00be0a00	candidate_created	43
008d88b0	00be0a2c	candidate_created	4
008d88c0	00be0a30	candidate_created	60
008d8900	00be0a24	candidate_created	60
008d8940	00be0a20	candidate_created	50
008d8980	00be0a08	candidate_created	70
008d89d0	00be0a10	candidate_created	10
008d89e0	00be0a0c	candidate_created	4
008d89f0	00be0a28	candidate_created	43
008d8e90	00be09f8	candidate_created	119
008d8fe0	00be0a14	candidate_created	213
008d9a20	00be0dbc	candidate_created	140
008d9ab0	00be0dc8	candidate_created	11
008d9ac0	00be0dd0	candidate_created	11
008d9ad0	00be0dd4	candidate_created	11
008d9ae0	00be0dcc	candidate_created	11
008d9af0	00be0dd8	candidate_created	11
008d9b00	00be0de8	candidate_created	48
008d9b30	00be0df0	candidate_created	9
008d9b40	00be0dc0	candidate_created	11
008d9ba0	00be0e04	candidate_created	35
008d9bd0	00be0e08	candidate_created	8
008db420	00be0db8	candidate_created	45
008dbb00	00be0dac	candidate_created	115
008dbb80	00be0db0	candidate_created	43
008dbc20	00be0dec	candidate_created	93
008dbcd0	00be0e00	candidate_created	368
008dcb80	00be107c	candidate_created	18
008dcba0	00be1080	candidate_created	27
008dcbc0	00be1084	candidate_created	27
008dcbe0	00be1060	candidate_created	23
008dcc00	00be1064	candidate_created	24
008dcc20	00be1070	candidate_created	20
008dcc40	00be1074	candidate_created	25
008dcc60	00be1068	candidate_created	20
008dcc80	00be106c	candidate_created	25
008dcca0	00be105c	candidate_created	33
008dccd0	00be1078	candidate_created	27
008dce80	00be1054	candidate_created	26
008dcf40	00be108c	candidate_created	28
008dcf60	00be1050	candidate_created	847
008dd300	00be1094	candidate_created	357
008dd510	00be10f8	candidate_created	20
008dd530	00be10fc	candidate_created	21
008dd550	00be1100	candidate_created	20
008dd570	00be1104	candidate_created	25
008dd590	00be10f4	candidate_created	56
008dd5d0	00be1038	candidate_created	45
008dd600	00be10ec	candidate_created	23
008dd6e0	00be1120	candidate_created	230
008de520	00be1174	candidate_created	28
008dfc10	00be1224	candidate_created	38
008dfc70	00be12d4	candidate_created	38
008dfcb0	00b45578	candidate_created	18
008e01d0	00be13e8	candidate_created	33
008e0200	00be13f0	candidate_created	105
008e0380	00be1460	candidate_created	33
008e03b0	00be1468	candidate_created	153
008e0560	00be14d0	candidate_created	33
008e0590	00be14d8	candidate_created	153
008e07a0	00be1548	candidate_created	59
008e07e0	00be1550	candidate_created	250
008e09f0	00be15c0	candidate_created	39
008e0a20	00be15c8	candidate_created	153
008e0bd0	00be1638	candidate_created	39
008e0c00	00be1640	candidate_created	153
008e0db0	00be16c0	candidate_created	153
008e0ed0	00be1738	candidate_created	42
008e0f80	00be1734	candidate_created	14
008e0f90	00be17b8	candidate_created	42
008e1040	00be1830	candidate_created	42
008e1450	00be18b8	candidate_created	1258
008e1940	00be18b0	candidate_created	668
008e1d60	00be1930	candidate_created	501
008e2210	00be19c0	candidate_created	681
008e2830	00be1a38	candidate_created	681
008e2dd0	00be1ac8	candidate_created	616
008e31f0	00be1b48	candidate_created	283
008e3520	00be1bc0	candidate_created	451
008e3910	00be1c30	candidate_created	451
008e3ca0	00be1ca8	candidate_created	220
008e3ee0	00be1d18	candidate_created	220
008e4140	00be1d90	candidate_created	283
008e4410	00be1e10	candidate_created	283
008e4790	00be1e90	candidate_created	451
008e4b10	00be1f10	candidate_created	283
008e4e90	00be18ac	candidate_created	14
008e5080	00be207c	candidate_created	14
008e5090	00be2088	candidate_created	451
008e54f0	00be2100	candidate_created	616
008e5ae0	00be2178	candidate_created	946
008e60e0	00be21e8	candidate_created	83
008e6140	00be21f0	candidate_created	388
008e63e0	00be2260	candidate_created	95
008e6440	00be2268	candidate_created	220
008e6630	00be22d0	candidate_created	41
008e6660	00be22d8	candidate_created	220
008e6850	00be225c	candidate_created	14
008e6860	00be2348	candidate_created	41
008e6890	00be2350	candidate_created	220
008e6a80	00be23c8	candidate_created	33
008e6ab0	00be23d0	candidate_created	220
008e6c10	00be2438	candidate_created	42
008e6d50	00be24a8	candidate_created	39
008e6d80	00be24b0	candidate_created	220
008e6ee0	00be2518	candidate_created	42
008e6f90	00be2588	candidate_created	42
008e70d0	00be2608	candidate_created	53
008e7110	00be2610	candidate_created	220
008e7310	00be2688	candidate_created	220
008e7540	00be13e4	candidate_created	14
008e7550	00be2700	candidate_created	283
008e7870	00be2778	candidate_created	451
008e7b60	00be27f0	candidate_created	42
008e7ca0	00be2870	candidate_created	39
008e7cd0	00be2878	candidate_created	220
008e7f30	00be28f8	candidate_created	451
008e8300	00be2978	candidate_created	451
008e86d0	00be29f0	candidate_created	51
008e8710	00be29f8	candidate_created	388
008e89b0	00be2a70	candidate_created	283
008e8c70	00be2ae8	candidate_created	283
008e9030	00be2bd8	candidate_created	95
008e9090	00be2be0	candidate_created	220
008e9280	00be2c48	candidate_created	91
008e92e0	00be2c50	candidate_created	220
008e9440	00be2cb0	candidate_created	49
008e9590	00be2d30	candidate_created	51
008e95d0	00be2d38	candidate_created	220
008e9930	00be2e38	candidate_created	55
008e9970	00be2e40	candidate_created	388
008e9c10	00be2eb0	candidate_created	59
008e9c50	00be2eb8	candidate_created	220
008e9d30	00b49b74	candidate_created	187
008e9fe0	00be2f38	candidate_created	63
008ea020	00be2f40	candidate_created	553
008ea3d0	00be2fc0	candidate_created	60
008ea410	00be2fc8	candidate_created	388
008ea6b0	00be3048	candidate_created	86
008ea710	00be3050	candidate_created	220
008ea900	00be2bd4	candidate_created	19
008ea920	00be30c0	candidate_created	86
008ea980	00be30c8	candidate_created	220
008eab70	00be3140	candidate_created	283
008eae30	00be31b8	candidate_created	283
008eb110	00be3240	candidate_created	283
008eb4d0	00be32f8	candidate_created	116
008eb550	00be3300	candidate_created	553
008eb900	00be3378	candidate_created	112
008eb970	00be3380	candidate_created	388
008ebb80	00be33f8	candidate_created	36
008ebd30	00be2a64	candidate_created	12
008ebd40	00be3488	candidate_created	451
008ec050	00be3500	candidate_created	29
008ec180	00be3580	candidate_created	283
008ec440	00be35f8	candidate_created	283
008ec970	00be3770	candidate_created	451
008ecd60	00be37e8	candidate_created	283
008ed450	00be39d8	candidate_created	1111
008edc60	00be3a58	candidate_created	946
008ee430	00be3ad8	candidate_created	1111
008eeb50	00be3b60	candidate_created	681
008ef020	00be3bf4	candidate_created	19
008ef040	00be3bf8	candidate_created	41
008ef070	00be3c00	candidate_created	220
008ef1d0	00be3c78	candidate_created	49
008ef210	00be3c7c	candidate_created	182
008ef3e0	00be3cf8	candidate_created	49
008ef420	00be3d00	candidate_created	220
008ef580	00be3d70	candidate_created	49
008ef640	00be3de8	candidate_created	29
008ef770	00be3e60	candidate_created	97
008ef7e0	00be3e68	candidate_created	220
008efa50	00be3ed8	candidate_created	451
008efe10	00be3f48	candidate_created	81
008efe70	00be3f50	candidate_created	220
008f0060	00be3fb8	candidate_created	79
008f0088	00d38624	absorbed	0
008f0090	00d38674	absorbed	0
008f00b0	00be3fc0	candidate_created	220
008f02a0	00be4030	candidate_created	33
008f02d0	00be4038	candidate_created	220
008f0630	00be4168	candidate_created	28
008f07d0	00be41d8	candidate_created	220
008f0a20	00be4258	candidate_created	46
008f0a50	00be4260	candidate_created	388
008f0ce0	00be42e0	candidate_created	28
008f0e80	00be43e0	candidate_created	220
008f0fe0	00be4458	candidate_created	42
008f1090	00be44c8	candidate_created	42
008f1140	00be4548	candidate_created	42
008f1420	00be45d0	candidate_created	1133
008f1ca0	00be4640	candidate_created	903
008f2300	00be46b8	candidate_created	220
008f24f0	00be4728	candidate_created	33
008f2520	00be4730	candidate_created	220
008f2720	00be47a0	candidate_created	220
008f2990	00be4810	candidate_created	283
008f2bf0	00be4878	candidate_created	28
008f2df0	00be48f0	candidate_created	678
008f34e0	00be4968	candidate_created	336
008f3630	00be4970	candidate_created	1098
008f3dc0	00be49e8	candidate_created	336
008f3f10	00be49f0	candidate_created	1098
008f4550	00be4a68	candidate_created	77
008f45a0	00be4a70	candidate_created	569
008f4ab0	00be4ad8	candidate_created	111
008f4b20	00be4ae0	candidate_created	899
008f50a0	00be4b50	candidate_created	616
008f5420	00be41cc	candidate_created	18
008f5440	00be4bc0	candidate_created	35
008f5580	00be4c30	candidate_created	99
008f55f0	00be4c38	candidate_created	220
008f57e0	00be4ca0	candidate_created	84
008f5840	00be4ca8	candidate_created	220
008f5a30	00be4d18	candidate_created	84
008f5a90	00be4d20	candidate_created	220
008f5cf0	00be4d98	candidate_created	451
008f6070	00be4e08	candidate_created	84
008f60d0	00be4e10	candidate_created	220
008f62c0	00be4e78	candidate_created	84
008f6320	00be4e80	candidate_created	220
008f6510	00be4ee8	candidate_created	93
008f6570	00be4ef0	candidate_created	220
008f6760	00be4f70	candidate_created	93
008f67c0	00be4f78	candidate_created	220
008f69b0	00be4fe8	candidate_created	93
008f6a10	00be4ff0	candidate_created	220
008f6c00	00be5060	candidate_created	93
008f6c60	00be5068	candidate_created	220
008f6e50	00be50d8	candidate_created	93
008f6eb0	00be50e0	candidate_created	220
008f70a0	00be5150	candidate_created	93
008f7100	00be5158	candidate_created	220
008f72f0	00be4454	candidate_created	14
008f7300	00be51c8	candidate_created	81
008f7360	00be51d0	candidate_created	220
008f7550	00be5240	candidate_created	93
008f75b0	00be5248	candidate_created	220
008f77a0	00be52b8	candidate_created	48
008f77d0	00be52c0	candidate_created	220
008f79c0	00be5328	candidate_created	48
008f79f0	00be5330	candidate_created	220
008f7be0	00be53a0	candidate_created	48
008f7c10	00be53a8	candidate_created	220
008f7d70	00be5410	candidate_created	74
008f7e40	00be5490	candidate_created	74
008f7fa0	00be5510	candidate_created	93
008f8000	00be5518	candidate_created	220
008f8160	00be5588	candidate_created	35
008f82a0	00be5600	candidate_created	70
008f82f0	00be5608	candidate_created	220
008f8450	00be5678	candidate_created	41
008f8500	00be56f0	candidate_created	41
008f85b0	00be5768	candidate_created	41
008f86f0	00be57e4	candidate_created	14
008f8700	00be57e8	candidate_created	87
008f8760	00be57f0	candidate_created	236
008f8a20	00be5874	candidate_created	14
008f8a30	00be5878	candidate_created	87
008f8a90	00be5880	candidate_created	220
008f8ce0	00be58f0	candidate_created	59
008f8d20	00be58f8	candidate_created	388
008f8fc0	00be5970	candidate_created	87
008f9020	00be5978	candidate_created	220
008f9210	00be59f0	candidate_created	87
008f9270	00be59f8	candidate_created	220
008f9460	00be5a70	candidate_created	87
008f94c0	00be5a78	candidate_created	220
008f96b0	00be5ae8	candidate_created	87
008f9710	00be5af0	candidate_created	220
008f9900	00be5b68	candidate_created	87
008f9960	00be5b70	candidate_created	220
008f9bc0	00be5be8	candidate_created	51
008f9c00	00be5bf0	candidate_created	388
008f9ea0	00be5c68	candidate_created	53
008f9ee0	00be5c70	candidate_created	220
008fa140	00be5ce8	candidate_created	51
008fa180	00be5cf0	candidate_created	388
008fa420	00be5d60	candidate_created	53
008fa460	00be5d68	candidate_created	220
008fa6c0	00be5dd8	candidate_created	51
008fa700	00be5de0	candidate_created	388
008fa9a0	00be5e48	candidate_created	53
008fa9e0	00be5e50	candidate_created	220
008fab40	00be5eb8	candidate_created	31
008fac70	00be5f30	candidate_created	78
008facc0	00be5f38	candidate_created	220
008faec0	00be5fb8	candidate_created	220
008fb130	00be6030	candidate_created	220
008fb3a0	00be60b0	candidate_created	220
008fb6e0	00be6130	candidate_created	616
008fbee0	00be61a8	candidate_created	1789
008fc770	00be6218	candidate_created	28
008fc810	00be6288	candidate_created	28
008fc8b0	00be6300	candidate_created	28
008fc950	00be6378	candidate_created	28
008fc9f0	00be63f0	candidate_created	28
008fcb20	00be6470	candidate_created	33
008fcb50	00be6478	candidate_created	220
008fcd40	00be64e0	candidate_created	33
008fcd70	00be64e8	candidate_created	220
008fcf60	00be6558	candidate_created	33
008fcf90	00be6560	candidate_created	220
008fd0f0	00be65d0	candidate_created	28
008fd190	00be6648	candidate_created	28
008fd230	00be66b8	candidate_created	28
008fd2d0	00be6730	candidate_created	28
008fd370	00be67a8	candidate_created	28
008fd500	00be6820	candidate_created	39
008fd530	00be6828	candidate_created	388
008fd7d0	00be6898	candidate_created	51
008fd810	00be68a0	candidate_created	220
008fda60	00be6910	candidate_created	39
008fda90	00be6918	candidate_created	388
008fdd30	00be6988	candidate_created	51
008fdd70	00be6990	candidate_created	220
008fdfd0	00be6a20	candidate_created	434
008fe360	00be6aa8	candidate_created	446
008fe7c0	00be6b14	candidate_created	14
008fe830	00be6b90	candidate_created	220
008fea80	00be6c08	candidate_created	220
008fec70	00be6c78	candidate_created	51
008fecb0	00be6c80	candidate_created	220
008feea0	00be6ce8	candidate_created	51
008feee0	00be6cf0	candidate_created	220
008ff0e0	00be6d68	candidate_created	220
008ff340	00be6dd8	candidate_created	51
008ff380	00be6de0	candidate_created	220
008ff460	00be6ddc	candidate_created	182
008ff640	00be6e50	candidate_created	220
008ff970	00be6ec8	candidate_created	388
008ffc80	00be6f38	candidate_created	51
008ffcc0	00be6f40	candidate_created	220
008fff70	00be6fb8	candidate_created	388
00900089	00d38630	absorbed	0
00900100	00bb37fc	candidate_created	182
009002e0	00be7030	candidate_created	220
00900550	00be70a8	candidate_created	220
009009d0	00be7114	candidate_created	14
009009e0	00be7120	candidate_created	1275
00901150	00be7190	candidate_created	51
00901190	00be7198	candidate_created	220
00901450	00be71fc	candidate_created	14
00901460	00be7200	candidate_created	49
009014a0	00be7208	candidate_created	553
009018b0	00be7278	candidate_created	49
009018f0	00be7280	candidate_created	553
00901d00	00be72f0	candidate_created	76
00901d50	00be72f8	candidate_created	553
00902160	00be7378	candidate_created	76
009021b0	00be7380	candidate_created	553
00902550	00be7400	candidate_created	41
00902580	00be7408	candidate_created	388
00902880	00be7480	candidate_created	41
009028b0	00be7488	candidate_created	388
00902c20	00be74f8	candidate_created	49
00902c60	00be7500	candidate_created	553
00902f10	00be7570	candidate_created	42
00902fc0	00be75f0	candidate_created	42
00903070	00be7670	candidate_created	42
00903120	00be76f0	candidate_created	42
009031d0	00be7770	candidate_created	42
00903280	00be77f0	candidate_created	42
00903330	00be7870	candidate_created	42
009033e0	00be7900	candidate_created	42
00903490	00be7990	candidate_created	42
00903540	00be7a20	candidate_created	42
009035f0	00be7ab0	candidate_created	42
009036a0	00be7b40	candidate_created	42
00903750	00be7bd0	candidate_created	42
00903800	00be7c58	candidate_created	42
009038b0	00be7ce8	candidate_created	42
00903960	00be7d60	candidate_created	42
00903990	00be41d4	candidate_created	192
00903ad0	00be7de0	candidate_created	42
00903b80	00be7e68	candidate_created	42
00903c30	00be7ef0	candidate_created	42
00903d70	00be7f70	candidate_created	44
00903da0	00be7f78	candidate_created	220
00904150	00be7ff4	candidate_created	12
00904160	00be8000	candidate_created	1045
009048a0	00be8068	candidate_created	283
00904c60	00be8140	candidate_created	283
00905090	00be8230	candidate_created	220
009051f0	00be82a8	candidate_created	29
00905320	00be8320	candidate_created	83
00905380	00be8328	candidate_created	283
00905520	00be8390	candidate_created	67
00905680	00be83f8	candidate_created	83
009056e0	00be8400	candidate_created	283
009058c0	00bb3874	candidate_created	214
00905bb0	00be8550	candidate_created	52
00905bf0	00be8558	candidate_created	220
00905de0	00be85c8	candidate_created	52
00905e20	00be85d0	candidate_created	220
00905f80	00be8640	candidate_created	42
009060c0	00be86b8	candidate_created	52
00906100	00be86c0	candidate_created	220
009063a0	00be8740	candidate_created	388
00906530	00be873c	candidate_created	182
00906760	00be87b0	candidate_created	220
00906950	00be8818	candidate_created	97
009069c0	00be8820	candidate_created	220
00906c20	00be8890	candidate_created	49
00906c60	00be8898	candidate_created	388
00906f40	00be8908	candidate_created	220
009070a0	00be8970	candidate_created	29
00907390	00be8ae8	candidate_created	47
009073c0	00be8af0	candidate_created	220
00907520	00be8b60	candidate_created	41
009076d0	00be8bd0	candidate_created	514
00907bc0	00be8cb8	candidate_created	41
00907bf0	00be8cc0	candidate_created	220
00907d50	00be8d28	candidate_created	49
00907ee0	00be8da0	candidate_created	220
009080d0	00be8e08	candidate_created	283
00908380	00be8e80	candidate_created	283
00908630	00be8ef8	candidate_created	283
009088e0	00be8f70	candidate_created	41
00908910	00be8f78	candidate_created	220
00908b00	00be8fe8	candidate_created	47
00908b30	00be8ff0	candidate_created	220
00908d20	00be9060	candidate_created	47
00908d50	00be9068	candidate_created	220
00908f40	00be90d8	candidate_created	283
009091f0	00be9150	candidate_created	283
00909600	00be9240	candidate_created	220
00909830	00be92b8	candidate_created	220
00909a20	00be9320	candidate_created	59
00909a60	00be9328	candidate_created	220
00909c50	00be93a0	candidate_created	59
00909c90	00be93a8	candidate_created	220
00909e80	00be9428	candidate_created	59
00909ec0	00be9430	candidate_created	220
0090a0b0	00be94b0	candidate_created	59
0090a0f0	00be94b8	candidate_created	220
0090a2f0	00be9538	candidate_created	220
0090a530	00be95b0	candidate_created	283
0090a7f0	00be9628	candidate_created	283
0090aaa0	00be831c	candidate_created	19
0090ab20	00be96a0	candidate_created	220
0090ad20	00be9718	candidate_created	283
0090b180	00be97a0	candidate_created	908
0090b660	00be970c	candidate_created	14
0090b860	00be9890	candidate_created	283
0090bb10	00be9900	candidate_created	283
0090bd40	00be9884	candidate_created	18
0090bd60	00be9968	candidate_created	84
0090bdc0	00be9970	candidate_created	220
0090bea0	00be996c	candidate_created	182
0090c0c0	00be99e8	candidate_created	220
0090c2c0	00be9a58	candidate_created	283
0090c5d0	00be9ac0	candidate_created	283
0090c930	00be9b28	candidate_created	220
0090cb20	00be9b88	candidate_created	89
0090cb80	00be9b90	candidate_created	220
0090cd70	00be9c00	candidate_created	89
0090cdd0	00be9c08	candidate_created	220
0090cfc0	00be99dc	candidate_created	18
0090cfe0	00be9c78	candidate_created	89
0090d040	00be9c80	candidate_created	220
0090d280	00be9cf0	candidate_created	220
0090d4c0	00be9d68	candidate_created	220
0090d6b0	00be9de8	candidate_created	50
0090d6f0	00be9df0	candidate_created	220
0090d8f0	00be9a4c	candidate_created	14
0090d900	00be9e60	candidate_created	283
0090dc70	00be9ed0	candidate_created	513
0090e0d0	00be9ec4	candidate_created	14
0090e0e0	00be9f38	candidate_created	283
0090e3f0	00be9f94	candidate_created	55
0090e430	00be9f98	candidate_created	160
0090e4d0	00be9fa0	candidate_created	220
0090e6c0	00bea008	candidate_created	160
0090e760	00bea010	candidate_created	220
0090e9f0	00bea088	candidate_created	220
0090ebe0	00bea0f8	candidate_created	166
0090ec90	00bea100	candidate_created	220
0090ee80	00bea160	candidate_created	166
0090ef30	00bea168	candidate_created	220
0090f120	00bea1d0	candidate_created	166
0090f1d0	00bea1d8	candidate_created	220
0090f3c0	00bea240	candidate_created	166
0090f470	00bea248	candidate_created	220
0090f660	00bea2b0	candidate_created	178
0090f720	00bea2b8	candidate_created	220
0090f910	00bea328	candidate_created	166
0090f9c0	00bea330	candidate_created	220
0090fc50	00bea3b0	candidate_created	220
0090fea0	00bea418	candidate_created	96
0090ff00	00bea420	candidate_created	388
00910068	00d04c6c	absorbed	0
00910200	00bea07c	candidate_created	58
00910240	00bea498	candidate_created	96
009102a0	00bea4a0	candidate_created	388
009104b0	00bea518	candidate_created	87
00910620	00bea514	candidate_created	56
00910660	00bea588	candidate_created	67
009106b0	00bea590	candidate_created	220
009108a0	00bea5f8	candidate_created	69
009108f0	00bea600	candidate_created	220
00910ae0	00bea670	candidate_created	69
00910b30	00bea678	candidate_created	220
00910d20	00bea5f4	candidate_created	58
00910d60	00bea6f0	candidate_created	101
00910dd0	00bea6f8	candidate_created	236
00911070	00bea780	candidate_created	220
009112c0	00bea7f8	candidate_created	388
00911450	00bea7f0	candidate_created	91
00911640	00bea870	candidate_created	388
009117d0	00bea868	candidate_created	91
00911a00	00bea900	candidate_created	220
00911bf0	00bea968	candidate_created	69
00911c40	00bea970	candidate_created	220
00911e30	00bea9f0	candidate_created	69
00911e80	00bea9f8	candidate_created	220
00912070	00bea774	candidate_created	58
009120b0	00beaa70	candidate_created	69
00912100	00beaa78	candidate_created	220
00912270	00beaaf0	candidate_created	77
00912350	00beab68	candidate_created	77
00912430	00beabd8	candidate_created	77
00912590	00beac50	candidate_created	166
00912640	00beac58	candidate_created	220
00912830	00beacc8	candidate_created	166
009128e0	00beacd0	candidate_created	220
00912ad0	00bead40	candidate_created	166
00912b80	00bead48	candidate_created	220
00912d70	00beadb8	candidate_created	166
00912e20	00beadc0	candidate_created	220
00913010	00beae30	candidate_created	166
009130c0	00beae38	candidate_created	220
009132b0	00beaea8	candidate_created	166
00913360	00beaeb0	candidate_created	220
00913550	00beaf20	candidate_created	166
00913600	00beaf28	candidate_created	220
009137f0	00beaf98	candidate_created	166
009138a0	00beafa0	candidate_created	220
00913a90	00beb010	candidate_created	166
00913b40	00beb018	candidate_created	220
00913d30	00beb088	candidate_created	166
00913de0	00beb090	candidate_created	220
00913fd0	00beb0f8	candidate_created	166
00914080	00beb100	candidate_created	220
00914270	00beaaec	candidate_created	58
009142b0	00beb168	candidate_created	166
00914360	00beb170	candidate_created	220
00914550	00beb1d8	candidate_created	166
00914600	00beb1e0	candidate_created	220
009147f0	00beb258	candidate_created	166
009148a0	00beb260	candidate_created	220
00914a90	00beb2d8	candidate_created	166
00914b40	00beb2e0	candidate_created	220
00914d30	00beb358	candidate_created	166
00914de0	00beb360	candidate_created	220
00914fd0	00beb3d8	candidate_created	166
00915080	00beb3e0	candidate_created	220
00915270	00beb450	candidate_created	166
00915320	00beb458	candidate_created	220
00915510	00beb4c8	candidate_created	166
009155c0	00beb4d0	candidate_created	220
00915850	00beb550	candidate_created	220
00915ae0	00beb5d0	candidate_created	220
00915bc0	00bea8fc	candidate_created	182
00915e30	00beb648	candidate_created	220
009160c0	00beb6c0	candidate_created	220
00916350	00beb740	candidate_created	220
009165e0	00beb7b8	candidate_created	220
009167d0	00beb830	candidate_created	114
00916850	00beb838	candidate_created	236
00916a50	00beb8b8	candidate_created	114
00916ad0	00beb8c0	candidate_created	236
00916cd0	00beb93c	candidate_created	53
00916d10	00beb940	candidate_created	160
00916db0	00beb948	candidate_created	220
00917040	00beb9c0	candidate_created	220
00917230	00beba30	candidate_created	160
009172d0	00beba38	candidate_created	220
009174c0	00bebaa8	candidate_created	160
00917560	00bebab0	candidate_created	220
009177f0	00bebb28	candidate_created	220
00917a80	00bebba0	candidate_created	220
00917d10	00bebc18	candidate_created	220
00917fa0	00bebc90	candidate_created	220
00918190	00bebd00	candidate_created	33
009181c0	00bebd08	candidate_created	220
00918420	00bebd78	candidate_created	47
00918450	00bebd80	candidate_created	388
009187d0	00bebdf0	candidate_created	67
00918820	00bebdf8	candidate_created	553
00918bd0	00bebe58	candidate_created	47
00918c00	00bebe60	candidate_created	388
00918f10	00bebcfc	candidate_created	14
00918f20	00bebed0	candidate_created	47
00918f50	00bebed8	candidate_created	388
00919200	00bebf58	candidate_created	283
00919510	00bebf4c	candidate_created	14
00919520	00bebfc0	candidate_created	283
00919830	00bec01c	candidate_created	18
009198a0	00bec028	candidate_created	220
00919a90	00bec090	candidate_created	88
00919af0	00bec098	candidate_created	220
00919ce0	00bec100	candidate_created	122
00919d60	00bec108	candidate_created	220
00919f50	00bec178	candidate_created	61
00919f90	00bec180	candidate_created	220
0091a1d0	00bec1f8	candidate_created	220
0091a3c0	00bec268	candidate_created	137
0091a450	00bec270	candidate_created	220
0091a690	00bec2f0	candidate_created	220
0091a880	00bec358	candidate_created	93
0091a8e0	00bec360	candidate_created	220
0091ab20	00bec3d0	candidate_created	220
0091ad10	00bec440	candidate_created	89
0091ad70	00bec448	candidate_created	220
0091af60	00bec4a8	candidate_created	89
0091afc0	00bec4b0	candidate_created	220
0091b1b0	00bec518	candidate_created	89
0091b210	00bec520	candidate_created	220
0091b400	00bec588	candidate_created	89
0091b460	00bec590	candidate_created	220
0091b6a0	00bec620	candidate_created	220
0091b8e0	00bec698	candidate_created	220
0091bad0	00bec700	candidate_created	93
0091bb30	00bec708	candidate_created	220
0091bd20	00bec770	candidate_created	89
0091bd80	00bec778	candidate_created	220
0091bf70	00bec7e8	candidate_created	89
0091bfd0	00bec7f0	candidate_created	220
0091c1c0	00bec860	candidate_created	27
0091c1e0	00bec868	candidate_created	220
0091c440	00bec8d0	candidate_created	47
0091c470	00bec8d8	candidate_created	388
0091c790	00bec93c	candidate_created	14
0091c7a0	00bec948	candidate_created	451
0091cb70	00bec9b0	candidate_created	283
0091ce80	00beca0c	candidate_created	18
0091cea0	00beca18	candidate_created	220
0091d0f0	00beca90	candidate_created	46
0091d120	00beca98	candidate_created	388
0091d3c0	00beca10	candidate_created	27
0091d3e0	00becb00	candidate_created	220
0091d640	00becb70	candidate_created	47
0091d670	00becb78	candidate_created	388
0091d9d0	00becc44	candidate_created	12
0091d9e0	00becc50	candidate_created	283
0091dc40	00beccb8	candidate_created	35
0091dd90	00becd2c	candidate_created	14
0091dda0	00becd38	candidate_created	283
0091e080	00becda8	candidate_created	283
0091e3a0	00becea0	candidate_created	220
0091e5e0	00becf30	candidate_created	220
0091e820	00becfb8	candidate_created	220
0091ea60	00bed030	candidate_created	283
0091ee90	00bed118	candidate_created	451
0091f2f0	00bed198	candidate_created	738
0091f8f0	00bed218	candidate_created	738
0091fe10	00bed284	candidate_created	12
0091fe70	00bed290	candidate_created	220
00920060	00be16b8	candidate_created	33
00920090	00bed308	candidate_created	220
00920096	00d04614	absorbed	0
00920120	00d38d10	absorbed	0
00920290	00bed364	candidate_created	14
009202a0	00bed370	candidate_created	283
009204e0	00bed3dc	candidate_created	17
00920500	00bed3e0	candidate_created	78
00920660	00bed44c	candidate_created	64
009206a0	00bed458	candidate_created	283
00920970	00bed4c4	candidate_created	17
00920990	00bed4d0	candidate_created	283
00920c60	00bed52c	candidate_created	17
00920cc0	00bed538	candidate_created	283
00920f90	00bed594	candidate_created	17
00920ff0	00bed5a0	candidate_created	283
009212c0	00bed604	candidate_created	65
00921310	00bed608	candidate_created	100
00921380	00bed610	candidate_created	220
00921570	00bed680	candidate_created	42
009215a0	00bed688	candidate_created	220
009217a0	00bed67c	candidate_created	12
009217b0	00bed6f8	candidate_created	283
00921b40	00bed760	candidate_created	451
00921f50	00bed7c8	candidate_created	451
00922360	00bed850	candidate_created	451
00922770	00bed8d0	candidate_created	451
00922b80	00bed938	candidate_created	451
00922f90	00bed754	candidate_created	12
00922fa0	00bed9c0	candidate_created	451
00923340	00beda30	candidate_created	283
00923a30	00bedce0	candidate_created	220
00923f30	00b428a0	candidate_created	20
00924240	00bee048	candidate_created	220
00924440	00bee0c0	candidate_created	220
00924680	00bee130	candidate_created	283
00924950	00bee190	candidate_created	28
00924970	00bee198	candidate_created	220
00924b60	00bee1f8	candidate_created	35
00924b90	00bee200	candidate_created	220
00924d80	00bee268	candidate_created	28
00924da0	00bee270	candidate_created	220
00924f90	00bee2d0	candidate_created	54
00924fd0	00bee2d8	candidate_created	236
009251d0	00bee334	candidate_created	54
009252b0	00bee340	candidate_created	220
00925b20	00bee4a8	candidate_created	112
00925b90	00bee4b0	candidate_created	285
00925dc0	00bee540	candidate_created	70
00925e10	00bee548	candidate_created	153
00925eb0	00bee544	candidate_created	189
00926080	00bee5b8	candidate_created	70
009260d0	00bee5c0	candidate_created	153
00926280	00bee630	candidate_created	79
009262d0	00bee638	candidate_created	153
009264e0	00bee4a4	candidate_created	14
009264f0	00bee6b0	candidate_created	89
00926550	00bee6b8	candidate_created	286
00926780	00bee724	candidate_created	14
00926790	00bee728	candidate_created	70
009267e0	00bee730	candidate_created	220
00926a00	00bee7fc	candidate_created	184
00926b50	00bee800	candidate_created	88
00926c50	00bee7f4	candidate_created	6
00926d10	00bee808	candidate_created	5471
00928290	00bee804	candidate_created	891
009287c0	00bee978	candidate_created	88
009288d0	00bee96c	candidate_created	6
009297a0	00bee980	candidate_created	2645
0092a310	00bee950	candidate_created	8
0092a8f0	00bee97c	candidate_created	866
0092ae90	00bee974	candidate_created	55
0092af30	00beeaac	candidate_created	38
00931360	00beebec	candidate_created	38
00932520	00beec98	candidate_created	38
00932550	00beecbc	candidate_created	12
00932560	00beed10	candidate_created	49
00936160	00beec9c	candidate_created	1191
00936610	00beecb0	candidate_created	478
009367f0	00beecc4	candidate_created	378
009373d0	00beed00	candidate_created	981
009377b0	00beed14	candidate_created	2256
0094a440	00bf0360	candidate_created	25
0094a4c0	00bf0364	candidate_created	67
0094a5f0	00bf0618	candidate_created	6
0094a660	00bf0658	candidate_created	6
0094a6d0	00bf0698	candidate_created	6
0094a740	00bf06d8	candidate_created	6
0094a7b0	00bf0718	candidate_created	6
0094a820	00bf0758	candidate_created	6
0094a890	00bf0798	candidate_created	6
0094a900	00bf07d8	candidate_created	6
0094a970	00bf0818	candidate_created	6
0094a9e0	00bf0858	candidate_created	6
0094aa50	00bf0898	candidate_created	6
0094aac0	00bf08d8	candidate_created	6
0094ab30	00bf0918	candidate_created	6
0094aba0	00bf0958	candidate_created	6
0094ac10	00bf0998	candidate_created	6
0094ac80	00bf09d8	candidate_created	6
0094acf0	00bf0a18	candidate_created	6
0094ad60	00bf0448	candidate_created	12
0094ada0	00bf0480	candidate_created	32
0094adc0	00bf0488	candidate_created	32
0094ade0	00bf0490	candidate_created	32
0094ae00	00bf0498	candidate_created	32
0094ae20	00bf04a0	candidate_created	32
0094ae40	00bf04a8	candidate_created	32
0094ae60	00bf04b0	candidate_created	32
0094ae80	00bf04b8	candidate_created	32
0094aea0	00bf04c0	candidate_created	32
0094aec0	00bf04c8	candidate_created	32
0094aee0	00bf04d0	candidate_created	32
0094af00	00bf04d8	candidate_created	32
0094af20	00bf04e0	candidate_created	32
0094af40	00bf04e8	candidate_created	32
0094af60	00bf04f0	candidate_created	32
0094af80	00bf04f8	candidate_created	32
0094afa0	00bf0500	candidate_created	32
0094afc0	00bf0508	candidate_created	32
0094afe0	00bf0510	candidate_created	32
0094b000	00bf0518	candidate_created	32
0094b020	00bf0520	candidate_created	32
0094b040	00bf0528	candidate_created	32
0094b060	00bf0530	candidate_created	32
0094b080	00bf0538	candidate_created	32
0094b0a0	00bf0540	candidate_created	32
0094b0c0	00bf0548	candidate_created	32
0094b0e0	00bf0550	candidate_created	32
0094b100	00bf0558	candidate_created	32
0094b120	00bf0560	candidate_created	32
0094b140	00bf0568	candidate_created	32
0094b160	00bf0570	candidate_created	32
0094b180	00bf0578	candidate_created	32
0094b1a0	00bf0580	candidate_created	32
0094b1c0	00bf0588	candidate_created	32
0094b1e0	00bf0590	candidate_created	32
0094b200	00bf0598	candidate_created	32
0094b220	00bf05a0	candidate_created	32
0094b240	00bf05a8	candidate_created	32
0094b260	00bf05b0	candidate_created	32
0094b280	00bf05b8	candidate_created	32
0094b2a0	00bf05c0	candidate_created	32
0094b2c0	00bf05c8	candidate_created	32
0094b2e0	00bf05d0	candidate_created	32
0094b300	00bf05d8	candidate_created	32
0094b320	00bf05e0	candidate_created	32
0094b340	00bf05e8	candidate_created	32
0094b360	00bf05f0	candidate_created	32
0094b380	00bf05f8	candidate_created	32
0094b3a0	00bf0630	candidate_created	6
0094b3b0	00bf061c	candidate_created	35
0094b3e0	00bf0670	candidate_created	6
0094b3f0	00bf065c	candidate_created	35
0094b420	00bf06b0	candidate_created	6
0094b430	00bf069c	candidate_created	35
0094b460	00bf06f0	candidate_created	6
0094b470	00bf06dc	candidate_created	35
0094b4a0	00bf0730	candidate_created	6
0094b4b0	00bf071c	candidate_created	35
0094b4e0	00bf0770	candidate_created	6
0094b4f0	00bf075c	candidate_created	35
0094b520	00bf07b0	candidate_created	6
0094b530	00bf079c	candidate_created	35
0094b560	00bf07f0	candidate_created	6
0094b570	00bf07dc	candidate_created	35
0094b5a0	00bf0830	candidate_created	6
0094b5b0	00bf081c	candidate_created	35
0094b5e0	00bf0870	candidate_created	6
0094b5f0	00bf085c	candidate_created	35
0094b620	00bf08b0	candidate_created	6
0094b630	00bf089c	candidate_created	35
0094b660	00bf08f0	candidate_created	6
0094b670	00bf08dc	candidate_created	35
0094b6a0	00bf0930	candidate_created	6
0094b6b0	00bf091c	candidate_created	35
0094b6e0	00bf0970	candidate_created	6
0094b6f0	00bf095c	candidate_created	35
0094b720	00bf09b0	candidate_created	6
0094b730	00bf099c	candidate_created	35
0094b760	00bf09f0	candidate_created	6
0094b770	00bf09dc	candidate_created	35
0094b7a0	00bf0a30	candidate_created	6
0094b7b0	00bf0a1c	candidate_created	35
0094cd50	00bf0e7c	candidate_created	8
0094ce50	00b65cf4	candidate_created	8
0094cfb0	00b65d3c	candidate_created	8
0094d8f0	00b682e0	candidate_created	8
0094dee0	00bf12ac	candidate_created	68
00963920	00bf3164	candidate_created	38
00963980	00bf325c	candidate_created	38
00963e10	00bf3444	candidate_created	225
0096a990	00bf366c	candidate_created	28
0096b2a0	00bf389c	candidate_created	58
0096b2e0	00bf38a0	candidate_created	33
0096c390	00bf399c	candidate_created	210
0096c480	00bf39d0	candidate_created	210
0096c570	00bf3a04	candidate_created	266
0096c6a0	00bf3a6c	candidate_created	204
0096f8b0	00bf42fc	candidate_created	30
0096f8d0	00bf4300	candidate_created	30
0096f8f0	00bf4304	candidate_created	20
0096f910	00bf4308	candidate_created	43
0096f950	00bf4314	candidate_created	30
0096f970	00bf4318	candidate_created	16
0096f980	00bf431c	candidate_created	44
0096fa20	00bf430c	candidate_created	180
0096fb00	00bf4374	candidate_created	23
0096fb20	00bf437c	candidate_created	9
0096fb30	00bf4380	candidate_created	24
0096fb50	00bf438c	candidate_created	19
0096fb70	00bf4390	candidate_created	16
0096fb80	00bf4394	candidate_created	32
0096fbe0	00bf4384	candidate_created	220
0096fce0	00bf4414	candidate_created	23
0096fd00	00bf4420	candidate_created	24
0096fd20	00bf442c	candidate_created	19
0096fd40	00bf4430	candidate_created	16
0096fd50	00bf4434	candidate_created	32
0096fde0	00bf4424	candidate_created	204
00970fe0	00bf47b4	candidate_created	28
00975f70	00bf47bc	candidate_created	33
0097ea10	00bf4c4c	candidate_created	38
0097f010	00bf4cac	candidate_created	38
00980050	00bf4e04	candidate_created	38
009800f0	00bf4f14	candidate_created	41
00980680	00bf4f48	candidate_created	45
009806b0	00bf4f78	candidate_created	7
009806c0	00bf4f7c	candidate_created	7
009806d0	00bf4f8c	candidate_created	17
009806f0	00bf4f68	candidate_created	13
00980700	00bf4f94	candidate_created	13
00980770	00bf4f60	candidate_created	11
00980780	00bf4f6c	candidate_created	11
00980790	00bf4f70	candidate_created	23
009807b0	00bf4f74	candidate_created	11
009807c0	00bf4f98	candidate_created	11
009807d0	00bf4fa0	candidate_created	10
009807e0	00bf4fa8	candidate_created	8
009807f0	00bf4fac	candidate_created	15
00980870	00bf5020	candidate_created	13
009808b0	00bf5024	candidate_created	11
009808c0	00bf5028	candidate_created	33
009808f0	00bf502c	candidate_created	11
00980900	00bf5060	candidate_created	20
00980990	00bf5058	candidate_created	104
00980a00	00bf5064	candidate_created	89
00980a60	00bf50d0	candidate_created	8
00980a70	00bf50e0	candidate_created	23
00980a90	00bf50d4	candidate_created	19
00980d10	00bf5188	candidate_created	8
00980d20	00bf5198	candidate_created	23
00980d40	00bf518c	candidate_created	22
00980ef0	00bf5184	candidate_created	237
00985050	00bf5a8c	candidate_created	49
00991c60	00bf5fd4	candidate_created	28
00991d50	00bf6018	candidate_created	40
00991d80	00bf6000	candidate_created	45
00991db0	00bf5ffc	candidate_created	75
00996f70	00b61168	candidate_created	6
00996fc0	00bf6204	candidate_created	19
00997030	00bf6200	candidate_created	33
009aae90	00bf5ff0	candidate_created	85
009afe00	00bf677c	candidate_created	28
009b0110	00bf6834	candidate_created	35
009b2060	00bf6874	candidate_created	10
009b2070	00bf6878	candidate_created	4
009b2080	00bf6864	candidate_created	28
009b20a0	00bf688c	candidate_created	45
009b2620	00bf68cc	candidate_created	45
009b26a0	00bf68c8	candidate_created	583
009b2a70	00bf6934	candidate_created	33
009b2bb0	00bf6930	candidate_created	160
009b2ca0	00bf6974	candidate_created	33
009bdec0	00bf7e24	candidate_created	28
009be3a0	00bf7ea4	candidate_created	28
009be3e0	00bf7ed4	candidate_created	33
009c33f0	00bf86c0	candidate_created	8
009c3400	00bf86d8	candidate_created	9
009c3410	00bf86dc	candidate_created	9
009c3420	00bf86d0	candidate_created	30
009c3440	00bf86d4	candidate_created	30
009c34e0	00bf8700	candidate_created	7
009c3af0	00bf871c	candidate_created	31
009c3b10	00bf8720	candidate_created	31
009c3b30	00bf8724	candidate_created	29
009c3b50	00bf8710	candidate_created	10
009c3d50	00bf86f4	candidate_created	41
009c3de0	00bf8718	candidate_created	51
009c3e70	00bf86f0	candidate_created	67
009c3ec0	00bf86f8	candidate_created	57
009c3f00	00bf8708	candidate_created	115
009c4e00	00bf870c	candidate_created	431
009c69a0	00bf86e4	candidate_created	5
009c71b0	00bf86b0	candidate_created	27
009c8200	00bf86b4	candidate_created	5
009cbd60	00bf87c0	candidate_created	17
009cbdb0	00bf8848	candidate_created	15
009cbdc0	00bf8120	candidate_created	16
009cbe20	00bf88d0	candidate_created	22
009cbe40	00bf8878	candidate_created	57
009cbe80	00bf887c	candidate_created	57
009cbec0	00bf88fc	candidate_created	22
009cbee0	00bf8900	candidate_created	27
009cbf00	00bf8908	candidate_created	82
009cbf60	00bf8914	candidate_created	51
009cbfa0	00bf8924	candidate_created	11
009cbfb0	00bf892c	candidate_created	29
009cc020	00bf88a8	candidate_created	44
009cc0a0	00bf88b0	candidate_created	44
009cc120	00bf88b8	candidate_created	44
009cc1a0	00bf88c0	candidate_created	44
009cc230	00bf88c8	candidate_created	44
009cc280	00bf8834	candidate_created	49
009cc390	00bf8888	candidate_created	110
009cc400	00bf883c	candidate_created	48
009cc5b0	00bf890c	candidate_created	85
009cc610	00bf87d8	candidate_created	116
009cc8b0	00bf88d4	candidate_created	89
009ccb90	00bf8898	candidate_created	911
009ccf20	00bf88f8	candidate_created	654
009cd240	00bf8894	candidate_created	612
009cd520	00bf88a0	candidate_created	202
009cd5f0	00bf88a4	candidate_created	152
009cd690	00bf88dc	candidate_created	11
009cd6a0	00bf88e0	candidate_created	11
009cd6b0	00bf88e4	candidate_created	11
009cd6c0	00bf88e8	candidate_created	11
009cd6d0	00bf88ec	candidate_created	11
009cd6e0	00bf88f0	candidate_created	11
009cd6f0	00bf88f4	candidate_created	29
009cd710	00bf8910	candidate_created	46
009cd740	00bf88d8	candidate_created	80
009cd790	00bf8918	candidate_created	124
009cd810	00bf891c	candidate_created	38
009cd840	00bf8928	candidate_created	170
009cdf20	00bf889c	candidate_created	1193
009ce6d0	00bf8864	candidate_created	129
009d86b0	00bf8da4	candidate_created	109
009d8a00	00bf8df4	candidate_created	7
009d8a10	00bf8de4	candidate_created	66
009d9470	00bf8e50	candidate_created	28
009d94e0	00bf8eac	candidate_created	75
009d95d0	00bf8eec	candidate_created	74
009dab20	00bf8fdc	candidate_created	11
009dab30	00bf8fec	candidate_created	47
009dbc10	00bf91fc	candidate_created	31
009dbc60	00bf921c	candidate_created	62
009dbd20	00bf920c	candidate_created	195
009dbe10	00bf9208	candidate_created	82
009dbe70	00bf9218	candidate_created	52
009dbf30	00bf927c	candidate_created	157
009dbff0	00bf3774	candidate_created	11
009dc1c0	00bf92f4	candidate_created	401
009dd4e0	00bf95d8	candidate_created	36
009dd510	00bf95dc	candidate_created	28
009dd530	00bf961c	candidate_created	100
009dd5c0	00bf9630	candidate_created	23
009dd5e0	00bf9634	candidate_created	23
009dd600	00bf9638	candidate_created	23
009dd620	00bf963c	candidate_created	35
009dd650	00bf9640	candidate_created	79
009dd670	00bf964c	candidate_created	23
009dd690	00bf9650	candidate_created	23
009dd6b0	00bf9658	candidate_created	23
009dd6d0	00bf965c	candidate_created	31
009dd6f0	00bf9660	candidate_created	38
009dd710	00bf9644	candidate_created	31
009dd730	00bf9614	candidate_created	33
009dd760	00bf96a4	candidate_created	79
009dd7b0	00bf9628	candidate_created	23
009dd7f0	00bf96ac	candidate_created	38
009dd830	00bf9648	candidate_created	25
009dd850	00bf9654	candidate_created	23
009dd870	00bf96e4	candidate_created	31
009dd890	00bf969c	candidate_created	33
009ddf80	00bf974c	candidate_created	38
009e5180	00bf98d8	candidate_created	192
009e5da0	00bf98e8	candidate_created	110
009e5e10	00bf98ec	candidate_created	164
009e7570	00bf98d4	candidate_created	46
009e7b80	00bf98dc	candidate_created	11768
009ea9a0	00bf4fa4	candidate_created	31
009ea9c0	00bf4f84	candidate_created	12
009eaa80	00bf4fb4	candidate_created	97
009eac70	00bf4fb0	candidate_created	79
009eacc0	00bf504c	candidate_created	10
009eacd0	00bf9914	candidate_created	8
009ead40	00bf506c	candidate_created	58
009eaf40	00bf503c	candidate_created	57
009ec180	00bf9d70	candidate_created	9
009ec190	00bf9d74	candidate_created	8
009ec1a0	00bf9d80	candidate_created	8
009ec1b0	00bf9d88	candidate_created	8
009ec1c0	00bf9d68	candidate_created	106
009ec240	00bf9d84	candidate_created	40
009ec2a0	00bf9d7c	candidate_created	116
009ec4e0	00bf9dd8	candidate_created	28
009ec520	00b5f308	candidate_created	4
009ec650	00bf9dcc	candidate_created	154
009ec6f0	00bf9dec	candidate_created	30
009ec740	00bf9de4	candidate_created	82
009eca90	00bf9e0c	candidate_created	58
009ee020	00bf9f24	candidate_created	28
009f4b90	00bfb5d4	candidate_created	16
009f4e00	00bfb5bc	candidate_created	7
009f4e10	00b42914	candidate_created	6
009f4e20	00bfb5ac	candidate_created	69
00a02000	00bfcb08	candidate_created	23
00a02020	00bfcb0c	candidate_created	23
00a021b0	00bfcb10	candidate_created	115
00a03620	00bfcc10	candidate_created	28
00a099f0	00bfcd4c	candidate_created	31
00a09a10	00bfcd58	candidate_created	31
00a09a70	00bfcd60	candidate_created	23
00a09ab0	00bfcd40	candidate_created	23
00a09ad0	00bfcd3c	candidate_created	56
00a09af0	00bfcd44	candidate_created	23
00a09b10	00bfcd2c	candidate_created	33
00a09b40	00bfcd48	candidate_created	12
00a09c70	00bfcdc8	candidate_created	36
00a09cc0	00bfcd50	candidate_created	23
00a09ce0	00bfcd9c	candidate_created	33
00a09d10	00bfcdb8	candidate_created	8
00a09d20	00bfcdc4	candidate_created	98
00a0a070	00bfcf3c	candidate_created	8
00a0a080	00bfcf50	candidate_created	20
00a0a0a0	00bfcf5c	candidate_created	23
00a0a0c0	00bfcf64	candidate_created	51
00a0a100	00bfcf60	candidate_created	23
00a0a120	00bfcf44	candidate_created	23
00a0a180	00bfcf34	candidate_created	33
00a0a1b0	00bfcf4c	candidate_created	31
00a0a200	00bfcf54	candidate_created	23
00a0a220	00bfcf58	candidate_created	23
00a0a2a0	00bfcf6c	candidate_created	36
00a0a2d0	00bfcf48	candidate_created	36
00a16ef0	00bfd6dc	candidate_created	818
00a1a6b0	00bfd704	candidate_created	759
00a24330	00bfe4d0	candidate_created	70
00a246b0	00bfe4bc	candidate_created	44
00a249b0	00b44fb0	candidate_created	28
00a249d0	00b44fb4	candidate_created	18
00a252a0	00bfe8e4	candidate_created	14
00a252b0	00bfe8e8	candidate_created	76
00a25300	00bfe8f0	candidate_created	105
00a25370	00bfe8ec	candidate_created	138
00a25510	00bfe960	candidate_created	44
00a25540	00bfe968	candidate_created	153
00a25660	00bfe9e0	candidate_created	44
00a257a0	00bfea70	candidate_created	76
00a257f0	00bfea78	candidate_created	153
00a25890	00bfea74	candidate_created	182
00a25a60	00bfeae8	candidate_created	76
00a25ab0	00bfeaf0	candidate_created	153
00a25c60	00bfeb68	candidate_created	76
00a25cb0	00bfeb70	candidate_created	153
00a25e60	00bfebe0	candidate_created	85
00a25ec0	00bfebe8	candidate_created	153
00a26070	00bfec68	candidate_created	83
00a260d0	00bfec70	candidate_created	153
00a26280	00bfece0	candidate_created	83
00a262e0	00bfece8	candidate_created	153
00a26490	00bfed58	candidate_created	83
00a264f0	00bfed60	candidate_created	153
00a266a0	00bfedd8	candidate_created	85
00a26700	00bfede0	candidate_created	153
00a268b0	00bfee48	candidate_created	85
00a26910	00bfee50	candidate_created	153
00a26ac0	00bfeec8	candidate_created	222
00a26e40	00bfef38	candidate_created	428
00a27130	00bfefa0	candidate_created	52
00a271f0	00bfeebc	candidate_created	35
00a27220	00bff010	candidate_created	52
00a27380	00bff088	candidate_created	283
00a27670	00bff0f8	candidate_created	70
00a276c0	00bff100	candidate_created	220
00a278b0	00bff168	candidate_created	79
00a27900	00bff170	candidate_created	220
00a27af0	00bff1e8	candidate_created	70
00a27b40	00bff1f0	candidate_created	220
00a27c20	00bff1ec	candidate_created	163
00a27de0	00bff268	candidate_created	283
00a28000	00bff07c	candidate_created	14
00a28010	00bff2d0	candidate_created	28
00a28140	00bff348	candidate_created	283
00a28370	00bff3a8	candidate_created	28
00a284b0	00bff420	candidate_created	220
00a286d0	00bff48c	candidate_created	14
00a286e0	00bff490	candidate_created	28
00a28880	00bff500	candidate_created	469
00a28c20	00bff578	candidate_created	283
00a28f70	00bff5f0	candidate_created	451
00a292e0	00bff668	candidate_created	283
00a29620	00bff6e0	candidate_created	451
00a29990	00bff758	candidate_created	283
00a29c60	00bff7c8	candidate_created	79
00a29cb0	00bff7d0	candidate_created	220
00a29ea0	00bff848	candidate_created	57
00a29ee0	00bff850	candidate_created	236
00a2e210	00ba5b5c	candidate_created	8
00a2e220	00c00420	candidate_created	8
00a2ebf0	00b453c4	candidate_created	18
00a2ec10	00b453c8	candidate_created	18
00a2ecb0	00c00730	candidate_created	28
00a2ed50	00c0072c	candidate_created	14
00a2ed60	00c007a0	candidate_created	28
00a2ee00	00c00810	candidate_created	35
00a2eeb0	00c00880	candidate_created	28
00a2ef50	00c008f0	candidate_created	28
00a2eff0	00c00960	candidate_created	28
00a2f120	00c009d0	candidate_created	30
00a2f140	00c009d8	candidate_created	105
00a2f2c0	00c00a40	candidate_created	30
00a2f2e0	00c00a48	candidate_created	153
00a2f490	00c00ab8	candidate_created	41
00a2f4c0	00c00ac0	candidate_created	153
00a2f670	00c00b30	candidate_created	41
00a2f6a0	00c00b38	candidate_created	153
00a2f850	00c00bb0	candidate_created	41
00a2f880	00c00bb8	candidate_created	153
00a2fa30	00c00c28	candidate_created	30
00a2fa50	00c00c30	candidate_created	153
00a2fc00	00c00ca0	candidate_created	222
00a2fe70	00c00d18	candidate_created	222
00a300e0	00c00d80	candidate_created	222
00a30360	00c00de8	candidate_created	222
00a30550	00c00e50	candidate_created	28
00a30720	00c00ed8	candidate_created	173
00a30ad0	00c00f58	candidate_created	1061
00a30f00	00c00f50	candidate_created	496
00a31220	00c00fc8	candidate_created	61
00a31260	00c00fd0	candidate_created	214
00a31450	00c01038	candidate_created	67
00a314a0	00c01040	candidate_created	220
00a31690	00c010ac	candidate_created	34
00a316c0	00c010b8	candidate_created	283
00a31980	00c01130	candidate_created	50
00a319c0	00c01138	candidate_created	220
00a31bb0	00c011a0	candidate_created	50
00a31bf0	00c011a8	candidate_created	220
00a31de0	00c01210	candidate_created	61
00a31e20	00c01218	candidate_created	220
00a32070	00c01280	candidate_created	72
00a320c0	00c01288	candidate_created	388
00a323c0	00c012e8	candidate_created	88
00a32420	00c012f0	candidate_created	388
00a326c0	00c01360	candidate_created	283
00a32980	00c013c0	candidate_created	50
00a329c0	00c013c8	candidate_created	220
00a32b20	00c01430	candidate_created	61
00a32be0	00c0149c	candidate_created	14
00a32bf0	00c014a0	candidate_created	28
00a32c90	00c01510	candidate_created	28
00a32d30	00c01588	candidate_created	28
00a32e60	00c01608	candidate_created	283
00a33200	00c01668	candidate_created	55
00a33240	00c01670	candidate_created	553
00a334f0	00c016d4	candidate_created	37
00a33540	00c016d8	candidate_created	58
00a33600	00c01740	candidate_created	58
00a337c0	00c017b0	candidate_created	451
00a33b50	00c01818	candidate_created	220
00a33de0	00c01890	candidate_created	134
00a33e70	00c01898	candidate_created	220
00a34060	00c018f8	candidate_created	152
00a34100	00c01900	candidate_created	220
00a342f0	00c01960	candidate_created	130
00a34380	00c01968	candidate_created	236
00a34470	00c01964	candidate_created	253
00a34680	00c019d0	candidate_created	164
00a34730	00c019d8	candidate_created	236
00a34930	00c01a38	candidate_created	158
00a349d0	00c01a40	candidate_created	236
00a34bd0	00c01aa0	candidate_created	135
00a34c60	00c01aa8	candidate_created	220
00a35010	00c01b18	candidate_created	236
00a35100	00c01b14	candidate_created	253
00a35310	00c01b78	candidate_created	128
00a35390	00c01b80	candidate_created	220
00a35580	00c01bf0	candidate_created	118
00a35600	00c01bf8	candidate_created	220
00a357f0	00c01c58	candidate_created	149
00a35890	00c01c60	candidate_created	220
00a35a80	00c01cc8	candidate_created	164
00a35b30	00c01cd0	candidate_created	236
00a35d30	00c01d40	candidate_created	135
00a35dc0	00c01d48	candidate_created	220
00a35fb0	00c01da8	candidate_created	148
00a36050	00c01db0	candidate_created	220
00a36240	00c0173c	candidate_created	48
00a36270	00c01e18	candidate_created	159
00a36310	00c01e20	candidate_created	220
00a36500	00c01e90	candidate_created	159
00a365a0	00c01e98	candidate_created	220
00a367a0	00c01f10	candidate_created	283
00a36ab0	00c01f9c	candidate_created	33
00a36ae0	00c01fa4	candidate_created	350
00a36c40	00c01fac	candidate_created	7
00a36c50	00c01fb8	candidate_created	24
00a36c70	00c01fc0	candidate_created	24
00a36ca0	00c01fc8	candidate_created	24
00a36cc0	00c01fd0	candidate_created	29
00a36ce0	00c01fd8	candidate_created	40
00a36d20	00c01fe0	candidate_created	40
00a370d0	00c01f98	candidate_created	37
00a37a20	00c02304	candidate_created	22
00a39c70	00c02300	candidate_created	48
00a3cbc0	00bb629c	candidate_created	53
00a3cc00	00c02430	candidate_created	6
00a43ea0	00c02528	candidate_created	5
00a43eb0	00c0252c	candidate_created	5
00a43ec0	00b541fc	candidate_created	5
00a43ed0	00c02540	candidate_created	8
00a43ee0	00c0254c	candidate_created	3
00a43ef0	00c02550	candidate_created	8
00a43f00	00c0251c	candidate_created	28
00a446f0	00c02598	candidate_created	223
00a46d40	00c025a4	candidate_created	2008
00a47f30	00c02770	candidate_created	8
00a48320	00c02784	candidate_created	43
00a48370	00c02778	candidate_created	44
00a48380	00c02780	candidate_created	36
00a48640	00c02788	candidate_created	14
00a4ac30	00c0285c	candidate_created	6
00a4ac40	00c02888	candidate_created	6
00a4ad30	00c02858	candidate_created	45
00a4ad90	00c02884	candidate_created	45
00a4adf0	00c028a8	candidate_created	45
00a4b2d0	00c0291c	candidate_created	20
00a4b320	00c0292c	candidate_created	40
00a4b380	00c02928	candidate_created	17
00a4b490	00c0293c	candidate_created	131
00a4c070	00baa038	candidate_created	13
00a500d0	00baa244	candidate_created	252
00a508f0	00c02ce8	candidate_created	4
00a50900	00c02cec	candidate_created	10
00a50910	00c02ca8	candidate_created	15
00a50920	00c02cac	candidate_created	22
00a50940	00c02cb4	candidate_created	14
00a50950	00c02cb8	candidate_created	10
00a50960	00c02cbc	candidate_created	4
00a50990	00c02cfc	candidate_created	13
00a509a0	00c02d00	candidate_created	19
00a50a90	00c02c6c	candidate_created	33
00a51010	00c02ca4	candidate_created	67
00a51080	00c02cf4	candidate_created	61
00a510c0	00c02cf8	candidate_created	50
00a51580	00c02c70	candidate_created	1017
00a51ed0	00c02c98	candidate_created	54
00a51f10	00c02c54	candidate_created	17
00a524a0	00c02ce4	candidate_created	23
00a52ee0	00c02ca0	candidate_created	170
00a53ee0	00c02cf0	candidate_created	25
00a54430	00c02c44	candidate_created	8
00a54440	00c02c50	candidate_created	8
00a54450	00c02cd8	candidate_created	20
00a54e40	00c02d04	candidate_created	1337
00a55ae0	00c05664	candidate_created	12
00a55af0	00c05668	candidate_created	12
00a55b00	00c0566c	candidate_created	15
00a55b10	00c05670	candidate_created	15
00a55b20	00c05674	candidate_created	15
00a55b30	00c05678	candidate_created	15
00a55b40	00c0567c	candidate_created	15
00a55b50	00c05680	candidate_created	12
00a55b60	00c05684	candidate_created	15
00a55b70	00c05688	candidate_created	15
00a55b80	00c0568c	candidate_created	13
00a55b90	00c05690	candidate_created	13
00a55ba0	00c0569c	candidate_created	15
00a55bb0	00c05694	candidate_created	18
00a55bd0	00c05698	candidate_created	15
00a55be0	00c056a0	candidate_created	18
00a55c00	00c056a4	candidate_created	18
00a55c20	00c056a8	candidate_created	17
00a55c40	00c056ac	candidate_created	18
00a55c60	00c056b0	candidate_created	16
00a55c70	00c056b4	candidate_created	18
00a55c90	00c056b8	candidate_created	13
00a55ca0	00c056bc	candidate_created	26
00a55cc0	00c056c0	candidate_created	13
00a55cd0	00c056c4	candidate_created	16
00a55ce0	00c056c8	candidate_created	37
00a55e10	00c0559c	candidate_created	11
00a55e20	00c055a0	candidate_created	11
00a55e70	00c055dc	candidate_created	29
00a55e90	00c05764	candidate_created	57
00a55ed0	00c05614	candidate_created	82
00a55f30	00c05620	candidate_created	879
00a55fc0	00c055e4	candidate_created	28
00a55fe0	00c05594	candidate_created	11
00a55ff0	00c05598	candidate_created	11
00a56000	00c0562c	candidate_created	11
00a56010	00c05634	candidate_created	11
00a56020	00c05638	candidate_created	11
00a56030	00c0563c	candidate_created	204
00a56040	00c05640	candidate_created	287
00a56050	00c05648	candidate_created	123
00a56060	00c05744	candidate_created	65
00a560d0	00c0574c	candidate_created	6
00a560e0	00c02dfc	candidate_created	5
00a560f0	00c02e00	candidate_created	5
00a56100	00c02e08	candidate_created	16
00a56110	00c02e0c	candidate_created	16
00a56120	00c02e10	candidate_created	16
00a56130	00c02e14	candidate_created	16
00a56140	00c02e18	candidate_created	16
00a56150	00c02e1c	candidate_created	16
00a56160	00c02e20	candidate_created	16
00a56170	00c02e24	candidate_created	16
00a56180	00c02e2c	candidate_created	16
00a56190	00c02e30	candidate_created	16
00a561a0	00c02e34	candidate_created	16
00a561b0	00c02e38	candidate_created	16
00a561c0	00c02e3c	candidate_created	16
00a561d0	00c02e40	candidate_created	16
00a561e0	00c02e44	candidate_created	16
00a561f0	00c02e48	candidate_created	16
00a56200	00c02e4c	candidate_created	16
00a56210	00c02e50	candidate_created	16
00a56220	00c02e54	candidate_created	13
00a56230	00c05610	candidate_created	212
00a563b0	00c02dd8	candidate_created	8
00a563c0	00c02ddc	candidate_created	8
00a563d0	00c02de0	candidate_created	8
00a56460	00c055f8	candidate_created	51
00a564a0	00c055fc	candidate_created	49
00a564e0	00c05604	candidate_created	253
00a56600	00c05608	candidate_created	267
00a56720	00c0560c	candidate_created	149
00a56900	00c05628	candidate_created	200
00a56c50	00c05618	candidate_created	94
00a56cb0	00c0561c	candidate_created	94
00a57300	00bfe4c0	candidate_created	52
00a57340	00b79e1c	candidate_created	10
00a57370	00bfe4d4	candidate_created	39
00a573b0	00bfe4dc	candidate_created	21
00a573d0	00bfe4e0	candidate_created	19
00a579a0	00c031c8	candidate_created	6
00a57a10	00c03208	candidate_created	6
00a57a80	00c03248	candidate_created	6
00a57af0	00c03288	candidate_created	6
00a57b60	00c032c8	candidate_created	6
00a57bd0	00c03308	candidate_created	6
00a57c40	00c03348	candidate_created	6
00a57d50	00c02fd8	candidate_created	12
00a57d90	00c03078	candidate_created	46
00a57dc0	00c031a4	candidate_created	32
00a57de0	00c031ac	candidate_created	32
00a57e00	00c031e0	candidate_created	6
00a57e10	00c031cc	candidate_created	35
00a57e40	00c03220	candidate_created	6
00a57e50	00c0320c	candidate_created	35
00a57e80	00c03260	candidate_created	6
00a57e90	00c0324c	candidate_created	35
00a57ec0	00c032a0	candidate_created	6
00a57ed0	00c0328c	candidate_created	35
00a57f00	00c032e0	candidate_created	6
00a57f10	00c032cc	candidate_created	35
00a57f40	00c03320	candidate_created	6
00a57f50	00c0330c	candidate_created	35
00a57f80	00c03360	candidate_created	6
00a57f90	00c0334c	candidate_created	35
00a57fc0	00c030fc	candidate_created	35
00a57ff0	00c030f8	candidate_created	6
00a58000	00c03388	candidate_created	6
00a58070	00c0313c	candidate_created	35
00a580a0	00c03138	candidate_created	6
00a580b0	00c033c8	candidate_created	6
00a58120	00c0317c	candidate_created	35
00a58150	00c03178	candidate_created	6
00a58160	00c03408	candidate_created	6
00a58270	00c0347c	candidate_created	33
00a582a0	00c03480	candidate_created	103
00a58360	00c034d4	candidate_created	33
00a58390	00c034d8	candidate_created	103
00a58450	00c0352c	candidate_created	33
00a58480	00c03530	candidate_created	103
00a585a0	00c03554	candidate_created	55
00a58650	00c03594	candidate_created	55
00a58710	00c035d4	candidate_created	55
00a588b0	00b63288	candidate_created	266
00a599c0	00c039c0	candidate_created	8
00a59ac0	00c03a08	candidate_created	8
00a5a0f0	00c03bdc	candidate_created	8
00a5a1f0	00c03c24	candidate_created	8
00a5a620	00c03cfc	candidate_created	8
00a5abf0	00c03e44	candidate_created	46
00a5acc0	00c03e84	candidate_created	46
00a5ada0	00b724bc	candidate_created	8
00a5ade0	00b6637c	candidate_created	11
00a5b060	00c03f64	candidate_created	68
00a5b170	00b98644	candidate_created	8
00a5b2c0	00c03b8c	candidate_created	46
00a5b440	00b68c9c	candidate_created	8
00a5b4a0	00b68ce0	candidate_created	169
00a5b560	00b68d2c	candidate_created	8
00a5c710	00c05148	candidate_created	4
00a5c720	00c05150	candidate_created	4
00a5c7a0	00c04740	candidate_created	6
00a5c810	00c04780	candidate_created	6
00a5c880	00c047c0	candidate_created	6
00a5c8f0	00c04800	candidate_created	6
00a5c960	00b71978	candidate_created	5
00a5c970	00b71990	candidate_created	51
00a5c9b0	00b42870	candidate_created	5
00a5c9c0	00c04798	candidate_created	6
00a5c9d0	00c04784	candidate_created	35
00a5ca00	00c047d8	candidate_created	6
00a5ca10	00c047c4	candidate_created	35
00a5ca40	00c04818	candidate_created	6
00a5ca50	00c04804	candidate_created	35
00a5cb00	00c04744	candidate_created	35
00a5cb50	00c04840	candidate_created	6
00a5cbc0	00c048b4	candidate_created	33
00a5cbf0	00c048b8	candidate_created	103
00a5ccb0	00c048dc	candidate_created	55
00a5d1c0	00baaa30	candidate_created	152
00a5d580	00c04bf4	candidate_created	12
00a5d660	00c04c34	candidate_created	46
00a5d730	00c04c74	candidate_created	12
00a5d810	00c04cb4	candidate_created	12
00a5d8f0	00c04cf4	candidate_created	12
00a5d9d0	00c04d34	candidate_created	46
00a5dab0	00c04d3c	candidate_created	8
00a5dcc0	00c04ddc	candidate_created	8
00a5dd20	00c04e2c	candidate_created	8
00a5dd50	00b66f84	candidate_created	8
00a5dd60	00c04f0c	candidate_created	8
00a5e280	00c05128	candidate_created	9
00a5e290	00c0512c	candidate_created	4
00a5e310	00c05144	candidate_created	57
00a5e640	00c0515c	candidate_created	16
00a5e6b0	00c05120	candidate_created	45
00a5e6e0	00c0514c	candidate_created	10
00a5e9c0	00c05824	candidate_created	8
00a5ebc0	00c05740	candidate_created	19
00a5ebe0	00c05750	candidate_created	60
00a5ec20	00c05754	candidate_created	26
00a5ed10	00c056f4	candidate_created	113
00a5ed90	00c056f8	candidate_created	14
00a5eda0	00c056fc	candidate_created	38
00a5edd0	00c05704	candidate_created	10
00a5ede0	00c05708	candidate_created	4
00a5ef80	00c055b0	candidate_created	19
00a5fad0	00c05600	candidate_created	232
00a5fbc0	00c05734	candidate_created	10
00a600a0	00c055ac	candidate_created	66
00a600a5	00d0443c	absorbed	0
00a600a7	00d38764	absorbed	0
00a600aa	00d05498	absorbed	0
00a600f0	00c05590	candidate_created	162
00a612d0	00c05588	candidate_created	57
00a61310	00c0572c	candidate_created	13
00a61320	00b5f3a8	candidate_created	7
00a62030	00c05958	candidate_created	19
00a62060	00c05908	candidate_created	7
00a62160	00c057a0	candidate_created	57
00a621d0	00c057a4	candidate_created	202
00a624e0	00c057c8	candidate_created	80
00a62530	00c059c4	candidate_created	8
00a62540	00c059b0	candidate_created	45
00a62850	00c05a14	candidate_created	18
00a62870	00c05a1c	candidate_created	51
00a628b0	00c05a10	candidate_created	45
00a62c90	00c05a74	candidate_created	87
00a62ea0	00c05a80	candidate_created	1144
00a63330	00c05a84	candidate_created	614
00a637c0	00c05a70	candidate_created	45
00a637f0	00c05ad0	candidate_created	1115
00a63c50	00c05ad8	candidate_created	389
00a63de0	00c05ac4	candidate_created	87
00a63e50	00c05b14	candidate_created	87
00a64130	00c05b20	candidate_created	414
00a642f0	00c05b28	candidate_created	402
00a64520	00c05b80	candidate_created	345
00a64680	00c05b74	candidate_created	87
00a64c60	00c05bc4	candidate_created	87
00a64cd0	00c05c44	candidate_created	8
00a64f20	00c05c10	candidate_created	53
00a65000	00c05c60	candidate_created	53
00a65190	00c00424	candidate_created	6
00a67030	00c05dfc	candidate_created	18
00a67050	00c05e00	candidate_created	6
00a67060	00c05e04	candidate_created	7
00a67070	00c05e08	candidate_created	40
00a670a0	00c05e10	candidate_created	39
00a67100	00c05df0	candidate_created	15
00a67110	00c05df4	candidate_created	15
00a67120	00c05df8	candidate_created	15
00a67260	00c05d5c	candidate_created	53
00a67300	00c05dc8	candidate_created	63
00a67340	00c05d80	candidate_created	8
00a67350	00c05d8c	candidate_created	8
00a67360	00c05d90	candidate_created	8
00a67370	00c05d9c	candidate_created	8
00a67380	00c05da0	candidate_created	8
00a67390	00c05da4	candidate_created	8
00a673a0	00c05da8	candidate_created	8
00a673b0	00c05dc0	candidate_created	8
00a673c0	00c05dc4	candidate_created	26
00a673e0	00c05d84	candidate_created	8
00a673f0	00c05d88	candidate_created	8
00a67400	00c05d94	candidate_created	8
00a67410	00c05d98	candidate_created	8
00a678a0	00c05d60	candidate_created	87
00a67a40	00c05d6c	candidate_created	75
00a67b00	00c05eb4	candidate_created	149
00a67d90	00c05e7c	candidate_created	53
00a67dd0	00c05e80	candidate_created	18
00a67df0	00c05e84	candidate_created	53
00a67e30	00c05e88	candidate_created	18
00a67e50	00c05e8c	candidate_created	22
00a67e70	00c05e90	candidate_created	19
00a67e90	00c05e94	candidate_created	22
00a67eb0	00c05e98	candidate_created	18
00a67ed0	00c05e9c	candidate_created	44
00a67f00	00c05ea0	candidate_created	18
00a67f20	00c05e70	candidate_created	44
00a68270	00c05e78	candidate_created	15
00a68820	00c05e5c	candidate_created	220
00a69200	00c05e50	candidate_created	37
00a697a0	00c05f10	candidate_created	86
00a69a80	00c05f00	candidate_created	47
00a69ab0	00c05edc	candidate_created	8
00a69ac0	00c05ee8	candidate_created	8
00a69ec0	00c05eec	candidate_created	16
00a69ed0	00c05f04	candidate_created	284
00a6a000	00c05f6c	candidate_created	7
00a6a050	00c05f78	candidate_created	17
00a6a070	00c05f7c	candidate_created	18
00a6a0a0	00c05f60	candidate_created	37
00a6a2a0	00c05f64	candidate_created	1143
00a6ab90	00c06054	candidate_created	188
00a6c450	00c061a4	candidate_created	94
00a6c520	00c061fc	candidate_created	5
00a6c6b0	00c06248	candidate_created	310
00a6cb30	00c062a8	candidate_created	113
00a6cbb0	00c062b8	candidate_created	63
00a6cde0	00c06308	candidate_created	28
00a6cfe0	00c06348	candidate_created	153
00a6d130	00c063a8	candidate_created	5
00a6d670	00c0649c	candidate_created	27
00a6d830	00c064ec	candidate_created	145
00a6d8d0	00c064e8	candidate_created	141
00a6daf0	00c06190	candidate_created	101
00a6e2c0	00c061e8	candidate_created	83
00a6e420	00c06708	candidate_created	90
00a6e480	00c0671c	candidate_created	165
00a7ad60	00c02e88	candidate_created	52
00a7ada0	00c02e8c	candidate_created	37
00a7add0	00b77c48	candidate_created	17
00a7adf0	00c02e98	candidate_created	31
00a7aed0	00c06ac4	candidate_created	19
00a7aef0	00c06ac0	candidate_created	14
00a7af00	00c06ac8	candidate_created	24
00a7b060	00c06ab0	candidate_created	91
00a7b640	00c06a78	candidate_created	180
00a7b990	00c06a90	candidate_created	47
00a7b9c0	00c06a68	candidate_created	8
00a7b9d0	00c06a74	candidate_created	8
00a7b9e0	00b8f484	candidate_created	8
00a7b9f0	00b8f488	candidate_created	8
00a7bd00	00c06b24	candidate_created	9
00a7bd10	00c06b30	candidate_created	46
00a7bd40	00c06b4c	candidate_created	17
00a7be00	00c06b38	candidate_created	120
00a7bff0	00c06b48	candidate_created	13
00a7c000	00c06b50	candidate_created	16
00a7c360	00c06b18	candidate_created	37
00a7c4a0	00c06b40	candidate_created	248
00a7c650	00c06bec	candidate_created	23
00a7c720	00c06b88	candidate_created	45
00a7c900	00c06be4	candidate_created	109
00a7c970	00c06be0	candidate_created	103
00a7c9e0	00c06b94	candidate_created	95
00a7caf0	00c06c80	candidate_created	106
00a7cb90	00c06c28	candidate_created	53
00a7cd60	00c06cdc	candidate_created	93
00a7cdc0	00c06d20	candidate_created	12
00a7cdd0	00c06cd0	candidate_created	45
00a7d000	00c06d14	candidate_created	105
00a7d090	00c06cf0	candidate_created	12
00a7d0c0	00c06d60	candidate_created	53
00a7d260	00c06d18	candidate_created	111
00a7d490	00c06ee4	candidate_created	84
00a7d640	00c06e88	candidate_created	200
00a7d750	00c06eb0	candidate_created	27
00a7d7d0	00c06e84	candidate_created	44
00a7d890	00c06ec8	candidate_created	192
00a7da70	00c06e9c	candidate_created	83
00a7e260	00c06eec	candidate_created	354
00a7e3d0	00c06e8c	candidate_created	72
00a7e720	00c06f00	candidate_created	89
00a7e780	00c06eb8	candidate_created	8
00a7e790	00c06ec4	candidate_created	8
00a7e7a0	00c06e74	candidate_created	8
00a7e7b0	00c06e80	candidate_created	8
00a7e920	00c055bc	candidate_created	52
00a7e960	00c055c0	candidate_created	42
00a7e990	00c055c4	candidate_created	45
00a7e9c0	00c055c8	candidate_created	27
00a7e9e0	00c0564c	candidate_created	44
00a7ea10	00c056d8	candidate_created	9
00a7ea20	00b73958	candidate_created	13
00a7ea30	00c056e4	candidate_created	13
00a7ea40	00c056e8	candidate_created	7
00a7ea50	00c05710	candidate_created	7
00a7ea70	00c0571c	candidate_created	13
00a7ea80	00c05720	candidate_created	7
00a7ea90	00c05724	candidate_created	13
00a7ed40	00c057b4	candidate_created	11
00a7ed50	00c057b8	candidate_created	11
00a7ed60	00c057f4	candidate_created	29
00a7eda0	00c0583c	candidate_created	5
00a7edb0	00c057ac	candidate_created	11
00a7edc0	00c057b0	candidate_created	11
00a7edd0	00c05844	candidate_created	11
00a7ede0	00c0584c	candidate_created	11
00a7edf0	00c0585c	candidate_created	7
00a7ee00	00c05850	candidate_created	11
00a7ee10	00c05858	candidate_created	11
00a7ee20	00c05860	candidate_created	11
00a7ee30	00c05768	candidate_created	35
00a7ee70	00c05964	candidate_created	6
00a7ee80	00c06fcc	candidate_created	5
00a7ee90	00c06fd0	candidate_created	5
00a7eea0	00c06fd8	candidate_created	16
00a7eeb0	00c06fdc	candidate_created	16
00a7eec0	00c06fe0	candidate_created	16
00a7eed0	00c06fe4	candidate_created	16
00a7eee0	00c06fe8	candidate_created	16
00a7eef0	00c06fec	candidate_created	16
00a7ef00	00c06ff0	candidate_created	16
00a7ef10	00c06ff4	candidate_created	16
00a7ef20	00c06ffc	candidate_created	16
00a7ef30	00c07000	candidate_created	16
00a7ef40	00c07004	candidate_created	16
00a7ef50	00c07008	candidate_created	16
00a7ef60	00c0700c	candidate_created	16
00a7ef70	00c07010	candidate_created	16
00a7ef80	00c07014	candidate_created	16
00a7ef90	00c07018	candidate_created	16
00a7efa0	00c0701c	candidate_created	16
00a7efb0	00c07020	candidate_created	16
00a7efc0	00c057f8	candidate_created	24
00a7eff0	00c06fa8	candidate_created	8
00a7f000	00c06fac	candidate_created	8
00a7f010	00c06fb0	candidate_created	8
00a7f020	00c057d4	candidate_created	46
00a7f050	00c057d8	candidate_created	39
00a7f080	00c057dc	candidate_created	36
00a7f0b0	00c057e0	candidate_created	21
00a7f0d0	00c05864	candidate_created	41
00a7f100	00c058f4	candidate_created	13
00a7f110	00c058f8	candidate_created	7
00a7f130	00c05900	candidate_created	7
00a7f140	00ba6ba8	candidate_created	13
00a7f170	00c05660	candidate_created	6
00a7f180	00b73900	candidate_created	13
00a7f190	00c058d0	candidate_created	7
00a7f1a0	00c058d8	candidate_created	6
00a7f1b0	00c070ac	candidate_created	8
00a80d70	00c07210	candidate_created	63
00a80db0	00c071cc	candidate_created	8
00a80dc0	00c071d8	candidate_created	8
00a80df0	00c071d0	candidate_created	8
00a80e00	00c071d4	candidate_created	8
00a81010	00c071fc	candidate_created	44
00a81200	00c07364	candidate_created	82
00a813d0	00c06eac	candidate_created	32
00a813f0	00c072b8	candidate_created	198
00a81500	00bf441c	candidate_created	9
00a81770	00c07328	candidate_created	89
00a817d0	00c072e8	candidate_created	8
00a817e0	00c072f4	candidate_created	8
00a817f0	00c072a4	candidate_created	8
00a81800	00c072b0	candidate_created	8
00a81b30	00c07314	candidate_created	333
00a81c80	00c072bc	candidate_created	72
00a81cd0	00c072cc	candidate_created	76
00a82080	00c072b4	candidate_created	37
00a821b0	00c07438	candidate_created	89
00a82210	00c07400	candidate_created	8
00a82220	00c0740c	candidate_created	8
00a82230	00c073bc	candidate_created	8
00a82240	00c073c8	candidate_created	8
00a82250	00bae878	candidate_created	8
00a82260	00bae87c	candidate_created	8
00a82270	00bae860	candidate_created	8
00a82280	00bae864	candidate_created	8
00a82290	00c07460	candidate_created	19
00a822b0	00c073ec	candidate_created	86
00a82400	00c07500	candidate_created	13
00a82410	00c07504	candidate_created	7
00a82420	00c07508	candidate_created	21
00a82440	00c0750c	candidate_created	21
00a82470	00c07514	candidate_created	7
00a82490	00c074c8	candidate_created	7
00a824a0	00c0749c	candidate_created	27
00a824c0	00b956a0	candidate_created	13
00a827d0	00c074dc	candidate_created	229
00a82a40	00c07520	candidate_created	70
00a82b40	00c074e4	candidate_created	238
00a82cc0	00c074a4	candidate_created	151
00a83270	00c074a0	candidate_created	92
00a832d0	00c074b4	candidate_created	82
00a83cc0	00c074cc	candidate_created	78
00a83d10	00c074d0	candidate_created	78
00a84210	00c07498	candidate_created	53
00a84da0	00b44ed8	candidate_created	8
00a84db0	00b44edc	candidate_created	8
00a88180	00c076e4	candidate_created	28
00a881a0	00c07730	candidate_created	40
00a881d0	00c07758	candidate_created	39
00a88300	00c07740	candidate_created	50
00a88480	00c0775c	candidate_created	19
00a887d0	00c07784	candidate_created	28
00a88960	00c077b0	candidate_created	9
00a88970	00c077b4	candidate_created	23
00a88ab0	00c077fc	candidate_created	28
00a88ad0	00c07850	candidate_created	15
00a88ae0	00c07858	candidate_created	29
00a88b00	00baddd0	candidate_created	13
00a88b20	00c07868	candidate_created	29
00a88b40	00c07860	candidate_created	13
00a8a810	00c07840	candidate_created	235
00a8b040	00c078cc	candidate_created	28
00a8b060	00c07944	candidate_created	49
00a8b0a0	00c07940	candidate_created	49
00a8b0e0	00c0796c	candidate_created	64
00a8b120	00c07978	candidate_created	10
00a8b130	00c0794c	candidate_created	14
00a8b140	00c07954	candidate_created	13
00a8b150	00c0797c	candidate_created	10
00a8b160	00c07958	candidate_created	57
00a8b200	00c078c0	candidate_created	28
00a8b240	00c07968	candidate_created	32
00a8b480	00c07970	candidate_created	50
00a8b4c0	00c07974	candidate_created	45
00a8b600	00c07984	candidate_created	122
00a8b770	00c0795c	candidate_created	51
00a8bfe0	00c0798c	candidate_created	1549
00a8ccf0	00c07988	candidate_created	547
00a8d0df	00bd81f8	candidate_created	73
00a8d128	00bd8200	candidate_created	87
00a9307e	00c085ac	candidate_created	34
00a930a0	00c085e4	candidate_created	38
00a930c6	00c085ec	candidate_created	38
00a930ec	00c08608	candidate_created	44
00a9319c	00c085b8	candidate_created	13
00a931a9	00c085bc	candidate_created	13
00a931b6	00c085c0	candidate_created	10
00a931c0	00c085c8	candidate_created	13
00a931cd	00c085cc	candidate_created	13
00a93213	00c085dc	candidate_created	41
00a9323c	00c085e0	candidate_created	41
00a93265	00c085f4	candidate_created	73
00a9361b	00c085e8	candidate_created	19
00a9362e	00c085f0	candidate_created	19
00a93641	00c085c4	candidate_created	36
00a9a0a8	00c085f8	candidate_created	68
00a9a185	00c08600	candidate_created	70
00a9af42	00c08670	candidate_created	68
00a9b01c	00c08678	candidate_created	70
00a9d079	00bc0fc8	candidate_created	13
00a9d086	00c086c4	candidate_created	38
00a9eaba	00c086c0	candidate_created	24
00a9eb16	00c086fc	candidate_created	38
00a9ecb2	00c08708	candidate_created	10
00a9ecbc	00c08728	candidate_created	26
00a9ecd6	00c0872c	candidate_created	26
00aa0433	00c086f8	candidate_created	24
00aa22a0	00c0871c	candidate_created	29
00aa39a4	00c0c58c	candidate_created	13
00aa53b5	00c0c67c	candidate_created	303
00aa5ea8	00c0c594	candidate_created	65
00aa5ee9	00c0c5a4	candidate_created	61
00aa5f26	00c0c59c	candidate_created	71
00aa5f6d	00c0c5a0	candidate_created	70
00aa6284	00c0c5b8	candidate_created	43
00aa62af	00c0c5bc	candidate_created	22
00aa62c5	00c0c5c0	candidate_created	45
00aa62f2	00c0c5c4	candidate_created	111
00aa6361	00c0c5c8	candidate_created	43
00aa638c	00c0c5cc	candidate_created	22
00aa7096	00c0c658	candidate_created	8
00aa7aef	00c0c5b4	candidate_created	22
00aa7b05	00c0c5d4	candidate_created	33
00aa8217	00c0c5ac	candidate_created	22
00aa9198	00c0c654	candidate_created	105
00aaa83e	00c0c590	candidate_created	24
00aab68d	00c0e8f4	candidate_created	13
00aabf1b	00c0e9e0	candidate_created	25
00aac35b	00c0e920	candidate_created	37
00aac423	00c0e928	candidate_created	48
00aac748	00c0e9d8	candidate_created	43
00aac773	00c0e9fc	candidate_created	43
00aac79e	00c0e8fc	candidate_created	66
00aae2ed	00c0e73c	candidate_created	3
00aae2f0	00bcf49c	candidate_created	5
00aae2f5	00c0e770	candidate_created	8
00aae2fd	00c0e774	candidate_created	8
00aae305	00c0e798	candidate_created	8
00aae30d	00c0e71c	candidate_created	8
00aae315	00bcdeb8	candidate_created	5
00aae31a	00c0e850	candidate_created	9
00aae323	00c0e76c	candidate_created	8
00aae32b	00c0e778	candidate_created	8
00aae333	00c0e754	candidate_created	8
00aae33b	00bcf4f0	candidate_created	8
00aae343	00bc82dc	candidate_created	8
00aae34b	00c0e710	candidate_created	8
00aae3de	00c0e7c0	candidate_created	24
00aae3f6	00c0e7d4	candidate_created	20
00aae40a	00c0e7dc	candidate_created	24
00aae422	00c0e7e4	candidate_created	24
00aae43a	00c0e7f4	candidate_created	24
00aae452	00c0e814	candidate_created	24
00aae46a	00c0e81c	candidate_created	28
00aae486	00c0e824	candidate_created	28
00aae4a2	00c0e84c	candidate_created	24
00aae4ba	00c0e874	candidate_created	20
00aae4ce	00c0e880	candidate_created	20
00aae4e2	00c0e8bc	candidate_created	20
00aae4f6	00c0e888	candidate_created	28
00aae512	00c0e890	candidate_created	28
00aae577	00c0e8c4	candidate_created	28
00aae593	00c0e8cc	candidate_created	28
00aae5af	00c0e8d4	candidate_created	28
00aae5cb	00c0ea14	candidate_created	275
00aae724	00c0ea18	candidate_created	387
00ab17c4	00c0e91c	candidate_created	22
00ab1967	00c0e9dc	candidate_created	49
00ab19f5	00c0ea08	candidate_created	19
00ab1a08	00c0ea0c	candidate_created	33
00ab4773	00c0ea10	candidate_created	75
00ab79e3	00c0e93c	candidate_created	33
00ab8182	00c0e914	candidate_created	22
00ab878e	00c0e8f8	candidate_created	24
00abdde0	00ca5374	candidate_created	5
00abde10	00ca5378	candidate_created	5
00abde50	00ca537c	candidate_created	5
00abde80	00ca5380	candidate_created	5
00abdeb0	00ca5384	candidate_created	5
00abdee0	00ca5388	candidate_created	5
00abdf10	00ca538c	candidate_created	5
00abdf40	00ca5390	candidate_created	5
00abdf70	00ca5394	candidate_created	5
00abdfa0	00ca5398	candidate_created	5
00abdfd0	00ca539c	candidate_created	5
00abe010	00ca53a0	candidate_created	5
00abe050	00ca53a4	candidate_created	5
00abe090	00ca53a8	candidate_created	5
00abe0d0	00ca53ac	candidate_created	5
00abe110	00ca53b0	candidate_created	5
00abe150	00ca53b4	candidate_created	5
00abe190	00ca53b8	candidate_created	5
00abe1d0	00ca53bc	candidate_created	5
00abe210	00ca53d4	candidate_created	5
00abe240	00ca53c0	candidate_created	5
00abe290	00ca53c4	candidate_created	5
00abe2b0	00ca53c8	candidate_created	5
00abe2d0	00ca53cc	candidate_created	5
00abe2f0	00ca53d0	candidate_created	5
00abe310	00c0ec4c	candidate_created	194
00abe3e0	00c0ec50	candidate_created	55
00abe420	00c0ec3c	candidate_created	98
00abe490	00c0ec44	candidate_created	31
00abe4f0	00c0ee28	candidate_created	8
00abe500	00c0ec90	candidate_created	5
00abe510	00c0ec94	candidate_created	78
00abe560	00c0ec9c	candidate_created	7
00abe570	00c0eca0	candidate_created	7
00abe580	00c0eca4	candidate_created	6
00abe590	00c0ecc0	candidate_created	7
00abe5a0	00c0ecc4	candidate_created	7
00abe5b0	00c0ecc8	candidate_created	6
00abe5c0	00c0ece4	candidate_created	7
00abe5d0	00c0ece8	candidate_created	7
00abe5e0	00c0ecec	candidate_created	6
00abe5f0	00c0ed08	candidate_created	7
00abe600	00c0ed0c	candidate_created	7
00abe610	00c0ed10	candidate_created	6
00abe640	00c0ecb8	candidate_created	45
00abe670	00c0ecdc	candidate_created	38
00abe6a0	00c0ed00	candidate_created	40
00abe720	00c0ed20	candidate_created	65
00abe770	00c0ed70	candidate_created	65
00abe7c0	00c0edc0	candidate_created	65
00abe880	00c0ed60	candidate_created	53
00abe8c0	00c0edb0	candidate_created	50
00abe960	00c0ef64	candidate_created	52
00abe9a0	00c0ef68	candidate_created	42
00abe9d0	00c0ef50	candidate_created	47
00abea00	00c0efc0	candidate_created	124
00abea80	00c0efa8	candidate_created	89
00abeae0	00c0eee4	candidate_created	7
00abeaf0	00c0eee8	candidate_created	7
00abeb00	00c0eeec	candidate_created	6
00abeb10	00c0ef08	candidate_created	7
00abeb20	00c0ef0c	candidate_created	7
00abeb30	00c0ef10	candidate_created	6
00abebd0	00c0eedc	candidate_created	24
00abec20	00c0ef00	candidate_created	52
00abec60	00c0eefc	candidate_created	65
00abecb0	00c0ef78	candidate_created	65
00abed00	00c0f094	candidate_created	51
00abed40	00c0f098	candidate_created	41
00abed90	00c0f00c	candidate_created	7
00abeda0	00c0f010	candidate_created	7
00abedb0	00c0f014	candidate_created	6
00abedc0	00c0f080	candidate_created	96
00abee20	00c0f004	candidate_created	52
00abee60	00c0f050	candidate_created	65
00abeef0	00c0f138	candidate_created	49
00abef30	00c0f0e0	candidate_created	7
00abef40	00c0f0e4	candidate_created	7
00abef50	00c0f0e8	candidate_created	6
00abef60	00c0f0d8	candidate_created	45
00abef90	00c0f0f8	candidate_created	65
00abefe0	00c0f1d0	candidate_created	42
00abf010	00c0f1d8	candidate_created	7
00abf020	00c0f1dc	candidate_created	7
00abf030	00c0f1e0	candidate_created	6
00abf040	00c0f1b4	candidate_created	726
00abf320	00c0f168	candidate_created	65
00abf420	00c0f334	candidate_created	79
00abf470	00c0f3d4	candidate_created	79
00abf4c0	00c0f474	candidate_created	77
00abf510	00c0f514	candidate_created	77
00abf700	00c0f794	candidate_created	52
00abf740	00c0f214	candidate_created	54
00abf780	00c0f21c	candidate_created	7
00abf790	00c0f220	candidate_created	7
00abf7a0	00c0f224	candidate_created	6
00abf7b0	00c0f2b4	candidate_created	54
00abf7f0	00c0f2bc	candidate_created	7
00abf800	00c0f2c0	candidate_created	7
00abf810	00c0f2c4	candidate_created	6
00abf820	00c0f354	candidate_created	54
00abf860	00c0f35c	candidate_created	7
00abf870	00c0f360	candidate_created	7
00abf880	00c0f364	candidate_created	6
00abf890	00c0f3f4	candidate_created	54
00abf8d0	00c0f3fc	candidate_created	7
00abf8e0	00c0f400	candidate_created	7
00abf8f0	00c0f404	candidate_created	6
00abf900	00c0f494	candidate_created	54
00abf940	00c0f49c	candidate_created	7
00abf950	00c0f4a0	candidate_created	7
00abf960	00c0f4a4	candidate_created	6
00abf970	00c0f534	candidate_created	54
00abf9b0	00c0f53c	candidate_created	7
00abf9c0	00c0f540	candidate_created	7
00abf9d0	00c0f544	candidate_created	6
00abf9e0	00c0f5d4	candidate_created	54
00abfa20	00c0f5dc	candidate_created	7
00abfa30	00c0f5e0	candidate_created	7
00abfa40	00c0f5e4	candidate_created	6
00abfa50	00c0f674	candidate_created	54
00abfa90	00c0f67c	candidate_created	7
00abfaa0	00c0f680	candidate_created	7
00abfab0	00c0f684	candidate_created	6
00abfac0	00c0f714	candidate_created	54
00abfb00	00c0f71c	candidate_created	7
00abfb10	00c0f720	candidate_created	7
00abfb20	00c0f724	candidate_created	6
00abfb70	00c0f238	candidate_created	65
00abfbc0	00c0f2d8	candidate_created	65
00abfc10	00c0f378	candidate_created	65
00abfc60	00c0f418	candidate_created	65
00abfcb0	00c0f4b8	candidate_created	65
00abfd00	00c0f558	candidate_created	65
00abfd50	00c0f5f8	candidate_created	65
00abfda0	00c0f698	candidate_created	65
00abfdf0	00c0f738	candidate_created	65
00abfe40	00c0f8f0	candidate_created	12
00ac0000	00c0f9e4	candidate_created	40
00ac0030	00c0f9ec	candidate_created	66
00ac00c0	00c0fa04	candidate_created	54
00ac0100	00c0fa0c	candidate_created	7
00ac0110	00c0fa10	candidate_created	7
00ac0120	00c0fa14	candidate_created	6
00ac0130	00c0fa28	candidate_created	54
00ac0170	00c0fa30	candidate_created	7
00ac0180	00c0fa34	candidate_created	7
00ac0190	00c0fa38	candidate_created	6
00ac01a0	00c0fa4c	candidate_created	47
00ac01d0	00c0fa54	candidate_created	7
00ac01e0	00c0fa58	candidate_created	7
00ac01f0	00c0fa5c	candidate_created	6
00ac0200	00c0fa70	candidate_created	54
00ac0240	00c0fa78	candidate_created	7
00ac0250	00c0fa7c	candidate_created	7
00ac0260	00c0fa80	candidate_created	6
00ac02e0	00c0f8dc	candidate_created	43
00ac0310	00c0f8d8	candidate_created	43
00ac0340	00c0f8d4	candidate_created	43
00ac0370	00c0f8e4	candidate_created	47
00ac03a0	00c0f8ec	candidate_created	41
00ac03d0	00c0f8d0	candidate_created	50
00ac0410	00c0f8cc	candidate_created	50
00ac0450	00c0f8c8	candidate_created	52
00ac0490	00c0f8e0	candidate_created	49
00ac04d0	00c0f8e8	candidate_created	48
00ac0500	00c0f8f4	candidate_created	24
00ac0520	00c0faf4	candidate_created	160
00ac05c0	00c0f888	candidate_created	65
00ac0610	00c0f910	candidate_created	65
00ac0660	00c0f988	candidate_created	65
00ac06b0	00c0fa90	candidate_created	65
00ac0740	00c0fc18	candidate_created	30
00ac07b0	00c0fc68	candidate_created	33
00ac07e0	00c0fb98	candidate_created	7
00ac07f0	00c0fb9c	candidate_created	7
00ac0800	00c0fba0	candidate_created	6
00ac0810	00c0fbbc	candidate_created	7
00ac0820	00c0fbc0	candidate_created	7
00ac0830	00c0fbc4	candidate_created	6
00ac0840	00c0fb90	candidate_created	45
00ac0870	00c0fbb4	candidate_created	52
00ac08b0	00c0fbb0	candidate_created	65
00ac0900	00c0fc28	candidate_created	65
00ac0950	00c0fd20	candidate_created	53
00ac0be0	00c0fcb8	candidate_created	7
00ac0bf0	00c0fcbc	candidate_created	7
00ac0c00	00c0fcc0	candidate_created	6
00ac0c10	00c0fcb0	candidate_created	55
00ac0c50	00c0fcd0	candidate_created	65
00ac0ca0	00c0fe3c	candidate_created	399
00ac0e30	00c0fe40	candidate_created	355
00ac1050	00c0fde0	candidate_created	7
00ac1060	00c0fde4	candidate_created	7
00ac1070	00c0fde8	candidate_created	6
00ac1080	00c0fdd8	candidate_created	52
00ac10c0	00c0fdf8	candidate_created	65
00ac1170	00c0ff38	candidate_created	9
00ac1180	00c0ff3c	candidate_created	9
00ac1190	00c0ff00	candidate_created	64
00ac11d0	00c0fe80	candidate_created	7
00ac11e0	00c0fe84	candidate_created	7
00ac11f0	00c0fe88	candidate_created	6
00ac1200	00c0ff04	candidate_created	1843
00ac1940	00c0fe78	candidate_created	55
00ac1980	00c0fe98	candidate_created	65
00ac1a10	00c10000	candidate_created	95
00ac1a70	00c0ffa4	candidate_created	7
00ac1a80	00c0ffa8	candidate_created	7
00ac1a90	00c0ffac	candidate_created	6
00ac1ad0	00c0ff9c	candidate_created	52
00ac1b10	00c0ffc0	candidate_created	65
00ac1ba0	00c10488	candidate_created	17
00ac1bc0	00c104d8	candidate_created	17
00ac1be0	00c10528	candidate_created	17
00ac1c00	00c10578	candidate_created	17
00ac1c20	00c105c8	candidate_created	32
00ac1cd0	00c10708	candidate_created	17
00ac1cf0	00c10758	candidate_created	17
00ac1d10	00c10278	candidate_created	23
00ac1d90	00c10044	candidate_created	7
00ac1da0	00c10048	candidate_created	7
00ac1db0	00c1004c	candidate_created	6
00ac1dc0	00c10068	candidate_created	7
00ac1dd0	00c1006c	candidate_created	7
00ac1de0	00c10070	candidate_created	6
00ac1df0	00c1008c	candidate_created	7
00ac1e00	00c10090	candidate_created	7
00ac1e10	00c10094	candidate_created	6
00ac1e20	00c100b0	candidate_created	7
00ac1e30	00c100b4	candidate_created	7
00ac1e40	00c100b8	candidate_created	6
00ac1e50	00c100d4	candidate_created	7
00ac1e60	00c100d8	candidate_created	7
00ac1e70	00c100dc	candidate_created	6
00ac1e80	00c100f8	candidate_created	7
00ac1e90	00c100fc	candidate_created	7
00ac1ea0	00c10100	candidate_created	6
00ac1eb0	00c1011c	candidate_created	7
00ac1ec0	00c10120	candidate_created	7
00ac1ed0	00c10124	candidate_created	6
00ac1ee0	00c10140	candidate_created	7
00ac1ef0	00c10144	candidate_created	7
00ac1f00	00c10148	candidate_created	6
00ac1f10	00c10164	candidate_created	7
00ac1f20	00c10168	candidate_created	7
00ac1f30	00c1016c	candidate_created	6
00ac1f40	00c10188	candidate_created	7
00ac1f50	00c1018c	candidate_created	7
00ac1f60	00c10190	candidate_created	6
00ac1f70	00c101ac	candidate_created	7
00ac1f80	00c101b0	candidate_created	7
00ac1f90	00c101b4	candidate_created	6
00ac1fa0	00c101d0	candidate_created	7
00ac1fb0	00c101d4	candidate_created	7
00ac1fc0	00c101d8	candidate_created	6
00ac1fd0	00c1003c	candidate_created	45
00ac2000	00c101c8	candidate_created	52
00ac2040	00c10448	candidate_created	65
00ac2090	00c10498	candidate_created	65
00ac20e0	00c104e8	candidate_created	65
00ac2130	00c10538	candidate_created	65
00ac2180	00c10588	candidate_created	65
00ac21d0	00c105d8	candidate_created	65
00ac2220	00c10628	candidate_created	65
00ac2270	00c10678	candidate_created	65
00ac22c0	00c106c8	candidate_created	65
00ac2310	00c10718	candidate_created	65
00ac2360	00c10238	candidate_created	65
00ac23b0	00c10060	candidate_created	45
00ac23e0	00c10084	candidate_created	45
00ac2410	00c100a8	candidate_created	45
00ac2440	00c100cc	candidate_created	45
00ac2470	00c100f0	candidate_created	45
00ac24a0	00c10114	candidate_created	45
00ac24d0	00c10138	candidate_created	45
00ac2500	00c1005c	candidate_created	65
00ac2550	00c1015c	candidate_created	45
00ac2580	00c10180	candidate_created	45
00ac25b0	00c101a4	candidate_created	45
00ac2640	00c107e0	candidate_created	95
00ac26a0	00c10788	candidate_created	7
00ac26b0	00c1078c	candidate_created	7
00ac26c0	00c10790	candidate_created	6
00ac26d0	00c10780	candidate_created	52
00ac2710	00c107a0	candidate_created	65
00ac2820	00c10810	candidate_created	7
00ac2830	00c10814	candidate_created	7
00ac2840	00c10818	candidate_created	6
00ac2850	00c10808	candidate_created	52
00ac2890	00c10828	candidate_created	65
00ac28e0	00c10a60	candidate_created	46
00ac2910	00c10a64	candidate_created	25
00ac2990	00c1089c	candidate_created	7
00ac29a0	00c108a0	candidate_created	7
00ac29b0	00c108a4	candidate_created	6
00ac29c0	00c108c0	candidate_created	7
00ac29d0	00c108c4	candidate_created	7
00ac29e0	00c108c8	candidate_created	6
00ac29f0	00c108b4	candidate_created	65
00ac2a40	00c109e8	candidate_created	65
00ac2a90	00c10894	candidate_created	38
00ac2ac0	00b611f4	candidate_created	6
00ac2ad0	00c108b8	candidate_created	42
00ac2b00	00c10b30	candidate_created	34
00ac2b30	00c10b34	candidate_created	178
00ac2c40	00c10ac8	candidate_created	7
00ac2c50	00c10acc	candidate_created	7
00ac2c60	00c10ad0	candidate_created	6
00ac2c70	00c10b38	candidate_created	331
00ac2dc0	00c10b14	candidate_created	51
00ac2e00	00c10ac0	candidate_created	67
00ac2e50	00c10ae0	candidate_created	65
00ac32c0	00c10bd8	candidate_created	7
00ac32d0	00c10bdc	candidate_created	7
00ac32e0	00c10be0	candidate_created	6
00ac32f0	00c10bfc	candidate_created	7
00ac3300	00c10c00	candidate_created	7
00ac3310	00c10c04	candidate_created	6
00ac3460	00c10bd0	candidate_created	52
00ac34a0	00c10ca0	candidate_created	65
00ac34f0	00c10bf0	candidate_created	65
00ac3540	00c10bf4	candidate_created	52
00ac3760	00c10d10	candidate_created	7
00ac3770	00c10d14	candidate_created	7
00ac3780	00c10d18	candidate_created	6
00ac3790	00c10d08	candidate_created	52
00ac37d0	00c10d28	candidate_created	65
00ac3830	00bd3dcc	candidate_created	5
00ac3840	00c10e20	candidate_created	7
00ac3850	00c10e24	candidate_created	7
00ac3860	00c10e28	candidate_created	6
00ac3870	00c10e58	candidate_created	65
00ac38c0	00c10e18	candidate_created	38
00ac38f0	00c10f10	candidate_created	42
00ac3920	00c10f18	candidate_created	7
00ac3930	00c10f1c	candidate_created	7
00ac3940	00c10f20	candidate_created	6
00ac3960	00c10ef4	candidate_created	809
00ac3ca0	00c10ea8	candidate_created	65
00ac3cf0	00c10fb4	candidate_created	37
00ac3d20	00c10fac	candidate_created	20
00ac3d40	00c10fcc	candidate_created	40
00ac3d70	00c10fd4	candidate_created	7
00ac3d80	00c10fd8	candidate_created	7
00ac3d90	00c10fdc	candidate_created	6
00ac3da0	00c10f50	candidate_created	65
00ac3e80	00c11008	candidate_created	92
00ac3ef0	00c11014	candidate_created	16
00ac3f00	00c11018	candidate_created	17
00ac3f20	00c1101c	candidate_created	24
00ac3f40	00c1102c	candidate_created	25
00ac3f70	00c11044	candidate_created	189
00ac4030	00c11048	candidate_created	158
00ac4130	00c11054	candidate_created	40
00ac4360	00c11128	candidate_created	46
00ac4390	00c1111c	candidate_created	40
00ac4420	00c110c4	candidate_created	5
00ac4430	00c110c8	candidate_created	45
00ac4460	00c110d0	candidate_created	7
00ac4470	00c110d4	candidate_created	7
00ac4480	00c110d8	candidate_created	6
00ac44a0	00b69b24	candidate_created	28
00ac44e0	00c1112c	candidate_created	76
00ac94b0	00ca2024	candidate_created	38
00ac94e0	00ca2028	candidate_created	24
00ac9500	00ca202c	candidate_created	37
00ac9530	00ca2030	candidate_created	18
00ac9550	00ca2034	candidate_created	22
00ac9570	00ca2038	candidate_created	22
00ac9590	00ca203c	candidate_created	22
00ac95b0	00ca2040	candidate_created	22
00ac95d0	00ca2044	candidate_created	22
00ac95f0	00ca2048	candidate_created	22
00ac9610	00ca204c	candidate_created	18
00ac9630	00ca2050	candidate_created	22
00ac9650	00ca2054	candidate_created	22
00ac9670	00ca2058	candidate_created	22
00ac9690	00ca205c	candidate_created	22
00ac96b0	00ca2060	candidate_created	22
00ac96d0	00ca2064	candidate_created	22
00ac96f0	00ca2068	candidate_created	22
00ac9710	00ca206c	candidate_created	22
00ac9730	00ca2070	candidate_created	22
00ac9750	00ca2074	candidate_created	22
00ac9770	00ca2078	candidate_created	22
00ac9790	00ca207c	candidate_created	22
00ac97b0	00ca2080	candidate_created	18
00ac97d0	00ca2084	candidate_created	22
00ac97f0	00ca2088	candidate_created	22
00ac9810	00ca208c	candidate_created	22
00ac9830	00ca2090	candidate_created	22
00ac9850	00ca2094	candidate_created	22
00ac9870	00ca2098	candidate_created	22
00ac9890	00ca209c	candidate_created	22
00ac98b0	00ca20a0	candidate_created	22
00ac98d0	00ca20a4	candidate_created	22
00ac98f0	00ca20a8	candidate_created	22
00ac9910	00ca20ac	candidate_created	22
00ac9930	00ca20b0	candidate_created	22
00ac9950	00ca20b4	candidate_created	22
00ac9970	00ca20b8	candidate_created	22
00ac9990	00ca20bc	candidate_created	22
00ac99b0	00ca20c0	candidate_created	22
00ac99d0	00ca20c4	candidate_created	22
00ac99f0	00ca20c8	candidate_created	22
00ac9a10	00ca20cc	candidate_created	22
00ac9a30	00ca20d0	candidate_created	22
00ac9a50	00ca20d4	candidate_created	22
00ac9a70	00ca20d8	candidate_created	22
00ac9a90	00ca20dc	candidate_created	18
00ac9ab0	00ca20e0	candidate_created	22
00ac9ad0	00ca20e4	candidate_created	22
00ac9af0	00ca20e8	candidate_created	22
00ac9b10	00ca20ec	candidate_created	22
00ac9b30	00ca20f0	candidate_created	22
00ac9b50	00ca20f4	candidate_created	22
00ac9b70	00ca20f8	candidate_created	12
00ac9b80	00ca20fc	candidate_created	37
00ac9be0	00ca2104	candidate_created	22
00ac9c00	00ca2108	candidate_created	104
00ac9c70	00ca210c	candidate_created	78
00ac9ce0	00ca2114	candidate_created	12
00ac9cf0	00ca2118	candidate_created	11
00ac9d00	00ca211c	candidate_created	287
00ac9e20	00ca2120	candidate_created	1592
00acc860	00ca2134	candidate_created	24
00acc880	00ca2138	candidate_created	12
00acc890	00ca213c	candidate_created	12
00acc8a0	00ca2140	candidate_created	12
00acc8b0	00ca2144	candidate_created	1933
00acd1a0	00ca2150	candidate_created	287
00acd2c0	00ca2154	candidate_created	24
00acd2e0	00ca2158	candidate_created	37
00acd310	00ca215c	candidate_created	18
00acd330	00ca2160	candidate_created	22
00acd350	00ca2164	candidate_created	22
00acd370	00ca2168	candidate_created	18
00acd390	00ca216c	candidate_created	22
00acd3b0	00ca2170	candidate_created	22
00acd3d0	00ca2174	candidate_created	22
00acd3f0	00ca2178	candidate_created	18
00acd410	00ca217c	candidate_created	22
00acd430	00ca2180	candidate_created	22
00acd450	00ca2184	candidate_created	22
00acd470	00ca2188	candidate_created	22
00acd490	00ca218c	candidate_created	18
00acd4b0	00ca2190	candidate_created	22
00acd4d0	00ca2194	candidate_created	22
00acd4f0	00ca2198	candidate_created	18
00acd510	00ca219c	candidate_created	22
00acd530	00ca21a0	candidate_created	22
00acd550	00ca21a4	candidate_created	22
00acd570	00ca21a8	candidate_created	22
00acd590	00ca21ac	candidate_created	22
00acd5b0	00ca21b0	candidate_created	22
00acd5d0	00ca21b4	candidate_created	22
00acd5f0	00ca21b8	candidate_created	22
00acd610	00ca21bc	candidate_created	22
00acd630	00ca21c0	candidate_created	22
00acd650	00ca21c4	candidate_created	22
00acd670	00ca21c8	candidate_created	22
00acd690	00ca21cc	candidate_created	22
00acd6b0	00ca21d0	candidate_created	22
00acd6d0	00ca21d4	candidate_created	22
00acd6f0	00ca21d8	candidate_created	22
00acd710	00ca21dc	candidate_created	22
00acd730	00ca21e0	candidate_created	22
00acd750	00ca21e4	candidate_created	22
00acd770	00ca21e8	candidate_created	22
00acd790	00ca21ec	candidate_created	22
00acd7b0	00ca21f0	candidate_created	22
00acd7d0	00ca21f4	candidate_created	22
00acd7f0	00ca21f8	candidate_created	22
00acd810	00ca21fc	candidate_created	22
00acd830	00ca2200	candidate_created	22
00acd850	00ca2204	candidate_created	18
00acd870	00ca2208	candidate_created	22
00acd890	00ca220c	candidate_created	22
00acd8b0	00ca2210	candidate_created	22
00acd8d0	00ca2214	candidate_created	22
00acd8f0	00ca2218	candidate_created	22
00acd910	00ca221c	candidate_created	22
00acd930	00ca2220	candidate_created	22
00acd950	00ca2224	candidate_created	22
00acd970	00ca2228	candidate_created	22
00acd990	00ca222c	candidate_created	22
00acd9b0	00ca2230	candidate_created	22
00acd9d0	00ca2234	candidate_created	22
00acd9f0	00ca2238	candidate_created	22
00acda10	00ca223c	candidate_created	22
00acda30	00ca2240	candidate_created	22
00acda50	00ca2244	candidate_created	22
00acda70	00ca2248	candidate_created	22
00acda90	00ca224c	candidate_created	22
00acdab0	00ca2250	candidate_created	22
00acdad0	00ca2254	candidate_created	22
00acdaf0	00ca2258	candidate_created	22
00acdb10	00ca225c	candidate_created	22
00acdb30	00ca2260	candidate_created	22
00acdb50	00ca2264	candidate_created	22
00acdb70	00ca2268	candidate_created	22
00acdb90	00ca226c	candidate_created	22
00acdbb0	00ca2270	candidate_created	22
00acdbd0	00ca2274	candidate_created	22
00acdbf0	00ca2278	candidate_created	22
00acdc10	00ca227c	candidate_created	18
00acdc30	00ca2280	candidate_created	22
00acdc50	00ca2284	candidate_created	22
00acdc70	00ca2288	candidate_created	22
00acdc90	00ca228c	candidate_created	22
00acdcb0	00ca2290	candidate_created	22
00acdcd0	00ca2294	candidate_created	22
00acdcf0	00ca2298	candidate_created	22
00acdd10	00ca229c	candidate_created	22
00acdd30	00ca22a0	candidate_created	22
00acdd50	00ca22a4	candidate_created	22
00acdd70	00ca22a8	candidate_created	22
00acdd90	00ca22ac	candidate_created	22
00acddb0	00ca22b0	candidate_created	22
00acddd0	00ca22b4	candidate_created	22
00acddf0	00ca22b8	candidate_created	18
00acde10	00ca22bc	candidate_created	22
00acde30	00ca22c0	candidate_created	22
00acde50	00ca22c4	candidate_created	22
00acde70	00ca22c8	candidate_created	22
00acde90	00ca22cc	candidate_created	22
00acdeb0	00ca22d0	candidate_created	22
00acded0	00ca22d4	candidate_created	22
00acdef0	00ca22d8	candidate_created	22
00acdf10	00ca22dc	candidate_created	22
00acdf30	00ca22e0	candidate_created	22
00acdf50	00ca22e4	candidate_created	22
00acdf70	00ca22e8	candidate_created	22
00acdf90	00ca22ec	candidate_created	22
00acdfb0	00ca22f0	candidate_created	22
00acdfd0	00ca22f4	candidate_created	22
00acdff0	00ca22f8	candidate_created	22
00ace010	00ca22fc	candidate_created	22
00ace030	00ca2300	candidate_created	22
00ace050	00ca2304	candidate_created	22
00ace070	00ca2308	candidate_created	22
00ace090	00ca230c	candidate_created	22
00ace0b0	00ca2310	candidate_created	22
00ace0d0	00ca2314	candidate_created	22
00ace0f0	00ca2318	candidate_created	22
00ace110	00ca231c	candidate_created	22
00ace130	00ca2320	candidate_created	22
00ace150	00ca2324	candidate_created	22
00ace170	00ca2328	candidate_created	22
00ace190	00ca232c	candidate_created	22
00ace1b0	00ca2330	candidate_created	22
00ace1d0	00ca2334	candidate_created	22
00ace1f0	00ca2338	candidate_created	22
00ace210	00ca233c	candidate_created	22
00ace230	00ca2340	candidate_created	22
00ace250	00ca2344	candidate_created	22
00ace270	00ca2348	candidate_created	22
00ace290	00ca234c	candidate_created	22
00ace2b0	00ca2350	candidate_created	22
00ace2d0	00ca2354	candidate_created	22
00ace2f0	00ca2358	candidate_created	22
00ace310	00ca235c	candidate_created	22
00ace330	00ca2360	candidate_created	22
00ace350	00ca2364	candidate_created	22
00ace370	00ca2368	candidate_created	22
00ace390	00ca236c	candidate_created	22
00ace3b0	00ca2370	candidate_created	22
00ace3d0	00ca2374	candidate_created	22
00ace3f0	00ca2378	candidate_created	22
00ace410	00ca237c	candidate_created	22
00ace430	00ca2380	candidate_created	22
00ace450	00ca2384	candidate_created	22
00ace470	00ca2388	candidate_created	22
00ace490	00ca238c	candidate_created	22
00ace4b0	00ca2390	candidate_created	22
00ace4d0	00ca2394	candidate_created	22
00ace4f0	00ca2398	candidate_created	22
00ace510	00ca239c	candidate_created	22
00ace530	00ca23a0	candidate_created	22
00ace550	00ca23a4	candidate_created	22
00ace570	00ca23a8	candidate_created	22
00ace590	00ca23ac	candidate_created	22
00ace5b0	00ca23b0	candidate_created	22
00ace5d0	00ca23b4	candidate_created	22
00ace5f0	00ca23b8	candidate_created	22
00ace610	00ca23bc	candidate_created	22
00ace630	00ca23c0	candidate_created	22
00ace650	00ca23c4	candidate_created	22
00ace670	00ca23c8	candidate_created	22
00ace690	00ca23cc	candidate_created	22
00ace6b0	00ca23d0	candidate_created	22
00ace6d0	00ca23d4	candidate_created	22
00ace6f0	00ca23d8	candidate_created	22
00ace710	00ca23dc	candidate_created	22
00ace730	00ca23e0	candidate_created	22
00ace750	00ca23e4	candidate_created	22
00ace770	00ca23e8	candidate_created	22
00ace790	00ca23ec	candidate_created	22
00ace7b0	00ca23f0	candidate_created	22
00ace7d0	00ca23f4	candidate_created	22
00ace7f0	00ca23f8	candidate_created	22
00ace810	00ca23fc	candidate_created	22
00ace830	00ca2400	candidate_created	22
00ace850	00ca2404	candidate_created	22
00ace870	00ca2408	candidate_created	22
00ace890	00ca240c	candidate_created	22
00ace8b0	00ca2410	candidate_created	22
00ace8d0	00ca2414	candidate_created	22
00ace8f0	00ca2418	candidate_created	22
00ace910	00ca241c	candidate_created	22
00ace930	00ca2420	candidate_created	22
00ace950	00ca2424	candidate_created	22
00ace970	00ca2428	candidate_created	22
00ace990	00ca242c	candidate_created	22
00ace9b0	00ca2430	candidate_created	22
00ace9d0	00ca2434	candidate_created	22
00ace9f0	00ca2438	candidate_created	22
00acea10	00ca243c	candidate_created	22
00acea30	00ca2440	candidate_created	22
00acea50	00ca2444	candidate_created	22
00acea70	00ca2448	candidate_created	22
00acea90	00ca244c	candidate_created	22
00aceab0	00ca2450	candidate_created	22
00acead0	00ca2454	candidate_created	22
00aceaf0	00ca2458	candidate_created	22
00aceb10	00ca245c	candidate_created	22
00aceb30	00ca2460	candidate_created	22
00aceb50	00ca2464	candidate_created	22
00aceb70	00ca2468	candidate_created	22
00aceb90	00ca246c	candidate_created	22
00acebb0	00ca2470	candidate_created	22
00acebd0	00ca2474	candidate_created	22
00acebf0	00ca2478	candidate_created	22
00acec10	00ca247c	candidate_created	22
00acec30	00ca2480	candidate_created	22
00acec50	00ca2484	candidate_created	22
00acec70	00ca2488	candidate_created	22
00acec90	00ca248c	candidate_created	22
00acecb0	00ca2490	candidate_created	22
00acecd0	00ca2494	candidate_created	22
00acecf0	00ca2498	candidate_created	22
00aced10	00ca249c	candidate_created	22
00aced30	00ca24a0	candidate_created	22
00aced50	00ca24a4	candidate_created	22
00aced70	00ca24a8	candidate_created	22
00aced90	00ca24ac	candidate_created	22
00acedb0	00ca24b0	candidate_created	22
00acedd0	00ca24b4	candidate_created	22
00acedf0	00ca24b8	candidate_created	22
00acee10	00ca24bc	candidate_created	22
00acee30	00ca24c0	candidate_created	22
00acee50	00ca24c4	candidate_created	22
00acee70	00ca24c8	candidate_created	22
00acee90	00ca24cc	candidate_created	22
00aceeb0	00ca24d0	candidate_created	22
00aceed0	00ca24d4	candidate_created	22
00aceef0	00ca24d8	candidate_created	22
00acef10	00ca24dc	candidate_created	22
00acef30	00ca24e0	candidate_created	22
00acef50	00ca24e4	candidate_created	22
00acef70	00ca24e8	candidate_created	22
00acef90	00ca24ec	candidate_created	22
00acefb0	00ca24f0	candidate_created	22
00acefd0	00ca24f4	candidate_created	22
00aceff0	00ca24f8	candidate_created	22
00acf010	00ca24fc	candidate_created	22
00acf030	00ca2500	candidate_created	22
00acf050	00ca2504	candidate_created	22
00acf070	00ca2508	candidate_created	22
00acf090	00ca250c	candidate_created	22
00acf0b0	00ca2510	candidate_created	22
00acf0d0	00ca2514	candidate_created	22
00acf0f0	00ca2518	candidate_created	22
00acf110	00ca251c	candidate_created	22
00acf130	00ca2520	candidate_created	22
00acf150	00ca2524	candidate_created	22
00acf170	00ca2528	candidate_created	22
00acf190	00ca252c	candidate_created	22
00acf1b0	00ca2530	candidate_created	22
00acf1d0	00ca2534	candidate_created	22
00acf1f0	00ca2538	candidate_created	22
00acf210	00ca253c	candidate_created	22
00acf230	00ca2540	candidate_created	22
00acf250	00ca2544	candidate_created	22
00acf270	00ca2548	candidate_created	22
00acf290	00ca254c	candidate_created	22
00acf2b0	00ca2550	candidate_created	22
00acf2d0	00ca2554	candidate_created	22
00acf2f0	00ca2558	candidate_created	22
00acf310	00ca255c	candidate_created	22
00acf330	00ca2560	candidate_created	22
00acf350	00ca2564	candidate_created	22
00acf370	00ca2568	candidate_created	22
00acf390	00ca256c	candidate_created	22
00acf3b0	00ca2570	candidate_created	22
00acf3d0	00ca2574	candidate_created	22
00acf3f0	00ca2578	candidate_created	22
00acf410	00ca257c	candidate_created	22
00acf430	00ca2580	candidate_created	22
00acf450	00ca2584	candidate_created	22
00acf470	00ca2588	candidate_created	22
00acf490	00ca258c	candidate_created	22
00acf4b0	00ca2590	candidate_created	22
00acf4d0	00ca2594	candidate_created	22
00acf4f0	00ca2598	candidate_created	22
00acf510	00ca259c	candidate_created	22
00acf530	00ca25a0	candidate_created	22
00acf550	00ca25a4	candidate_created	22
00acf570	00ca25a8	candidate_created	22
00acf590	00ca25ac	candidate_created	22
00acf5b0	00ca25b0	candidate_created	22
00acf5d0	00ca25b4	candidate_created	22
00acf5f0	00ca25b8	candidate_created	22
00acf610	00ca25bc	candidate_created	22
00acf630	00ca25c0	candidate_created	22
00acf650	00ca25c4	candidate_created	22
00acf670	00ca25c8	candidate_created	22
00acf690	00ca25cc	candidate_created	22
00acf6b0	00ca25d0	candidate_created	22
00acf6d0	00ca25d4	candidate_created	22
00acf6f0	00ca25d8	candidate_created	22
00acf710	00ca25dc	candidate_created	22
00acf730	00ca25e0	candidate_created	22
00acf750	00ca25e4	candidate_created	22
00acf770	00ca25e8	candidate_created	22
00acf790	00ca25ec	candidate_created	22
00acf7b0	00ca25f0	candidate_created	22
00acf7d0	00ca25f4	candidate_created	22
00acf7f0	00ca25f8	candidate_created	22
00acf810	00ca25fc	candidate_created	22
00acf830	00ca2600	candidate_created	22
00acf850	00ca2604	candidate_created	22
00acf870	00ca2608	candidate_created	22
00acf890	00ca260c	candidate_created	22
00acf8b0	00ca2610	candidate_created	22
00acf8d0	00ca2614	candidate_created	22
00acf8f0	00ca2618	candidate_created	22
00acf910	00ca261c	candidate_created	22
00acf930	00ca2620	candidate_created	22
00acf950	00ca2624	candidate_created	22
00acf970	00ca2628	candidate_created	22
00acf990	00ca262c	candidate_created	22
00acf9b0	00ca2630	candidate_created	22
00acf9d0	00ca2634	candidate_created	22
00acf9f0	00ca2638	candidate_created	22
00acfa10	00ca263c	candidate_created	22
00acfa30	00ca2640	candidate_created	22
00acfa50	00ca2644	candidate_created	22
00acfa70	00ca2648	candidate_created	22
00acfa90	00ca264c	candidate_created	22
00acfab0	00ca2650	candidate_created	22
00acfad0	00ca2654	candidate_created	22
00acfaf0	00ca2658	candidate_created	18
00acfb10	00ca265c	candidate_created	22
00acfb30	00ca2660	candidate_created	22
00acfb50	00ca2664	candidate_created	22
00acfb70	00ca2668	candidate_created	22
00acfb90	00ca266c	candidate_created	22
00acfbb0	00ca2670	candidate_created	22
00acfbd0	00ca2674	candidate_created	22
00acfbf0	00ca2678	candidate_created	22
00acfc10	00ca267c	candidate_created	22
00acfc30	00ca2680	candidate_created	22
00acfc50	00ca2684	candidate_created	22
00acfc70	00ca2688	candidate_created	22
00acfc90	00ca268c	candidate_created	22
00acfcb0	00ca2690	candidate_created	22
00acfcd0	00ca2694	candidate_created	22
00acfcf0	00ca2698	candidate_created	22
00acfd10	00ca269c	candidate_created	22
00acfd30	00ca26a0	candidate_created	22
00acfd50	00ca26a4	candidate_created	22
00acfd70	00ca26a8	candidate_created	22
00acfd90	00ca26ac	candidate_created	22
00acfdb0	00ca26b0	candidate_created	22
00acfdd0	00ca26b4	candidate_created	22
00acfdf0	00ca26b8	candidate_created	22
00acfe10	00ca26bc	candidate_created	22
00acfe30	00ca26c0	candidate_created	22
00acfe50	00ca26c4	candidate_created	22
00acfe70	00ca26c8	candidate_created	22
00acfe90	00ca26cc	candidate_created	22
00acfeb0	00ca26d0	candidate_created	22
00acfed0	00ca26d4	candidate_created	22
00acfef0	00ca26d8	candidate_created	22
00acff10	00ca26dc	candidate_created	22
00acff30	00ca26e0	candidate_created	22
00acff50	00ca26e4	candidate_created	22
00acff70	00ca26e8	candidate_created	22
00acff90	00ca26ec	candidate_created	22
00acffb0	00ca26f0	candidate_created	22
00acffd0	00ca26f4	candidate_created	22
00acfff0	00ca26f8	candidate_created	22
00ad0010	00ca26fc	candidate_created	22
00ad0030	00ca2700	candidate_created	22
00ad0050	00ca2704	candidate_created	22
00ad0070	00ca2708	candidate_created	22
00ad0090	00ca270c	candidate_created	22
00ad00b0	00ca2710	candidate_created	22
00ad00d0	00ca2714	candidate_created	22
00ad00f0	00ca2718	candidate_created	22
00ad0110	00ca271c	candidate_created	22
00ad0130	00ca2720	candidate_created	22
00ad0150	00ca2724	candidate_created	22
00ad0170	00ca2728	candidate_created	22
00ad0190	00ca272c	candidate_created	22
00ad01b0	00ca2730	candidate_created	22
00ad01d0	00ca2734	candidate_created	22
00ad01f0	00ca2738	candidate_created	22
00ad0210	00ca273c	candidate_created	22
00ad0230	00ca2740	candidate_created	22
00ad0250	00ca2744	candidate_created	22
00ad0270	00ca2748	candidate_created	22
00ad0290	00ca274c	candidate_created	22
00ad02b0	00ca2750	candidate_created	18
00ad02d0	00ca2754	candidate_created	22
00ad02f0	00ca2758	candidate_created	22
00ad0310	00ca275c	candidate_created	22
00ad0330	00ca2760	candidate_created	22
00ad0350	00ca2764	candidate_created	22
00ad0370	00ca2768	candidate_created	22
00ad0390	00ca276c	candidate_created	22
00ad03b0	00ca2770	candidate_created	22
00ad03d0	00ca2774	candidate_created	22
00ad03f0	00ca2778	candidate_created	22
00ad0410	00ca277c	candidate_created	22
00ad0430	00ca2780	candidate_created	22
00ad0450	00ca2784	candidate_created	22
00ad0470	00ca2788	candidate_created	22
00ad0490	00ca278c	candidate_created	22
00ad04b0	00ca2790	candidate_created	22
00ad04d0	00ca2794	candidate_created	22
00ad04f0	00ca2798	candidate_created	22
00ad0510	00ca279c	candidate_created	22
00ad0530	00ca27a0	candidate_created	22
00ad0550	00ca27a4	candidate_created	22
00ad0570	00ca27a8	candidate_created	22
00ad0590	00ca27ac	candidate_created	22
00ad05b0	00ca27b0	candidate_created	22
00ad05d0	00ca27b4	candidate_created	22
00ad05f0	00ca27b8	candidate_created	22
00ad0610	00ca27bc	candidate_created	22
00ad0630	00ca27c0	candidate_created	22
00ad0650	00ca27c4	candidate_created	18
00ad0670	00ca27c8	candidate_created	22
00ad0690	00ca27cc	candidate_created	18
00ad06b0	00ca27d0	candidate_created	22
00ad06d0	00ca27d4	candidate_created	22
00ad06f0	00ca27d8	candidate_created	22
00ad0710	00ca27dc	candidate_created	22
00ad0730	00ca27e0	candidate_created	22
00ad0750	00ca27e4	candidate_created	22
00ad0770	00ca27e8	candidate_created	22
00ad0790	00ca27ec	candidate_created	18
00ad07b0	00ca27f0	candidate_created	22
00ad07d0	00ca27f4	candidate_created	22
00ad07f0	00ca27f8	candidate_created	22
00ad0810	00ca27fc	candidate_created	22
00ad0830	00ca2800	candidate_created	22
00ad0850	00ca2804	candidate_created	18
00ad0870	00ca2808	candidate_created	22
00ad0890	00ca280c	candidate_created	22
00ad08b0	00ca2810	candidate_created	22
00ad08d0	00ca2814	candidate_created	22
00ad08f0	00ca2818	candidate_created	22
00ad0910	00ca281c	candidate_created	18
00ad0930	00ca2820	candidate_created	22
00ad0950	00ca2824	candidate_created	22
00ad0970	00ca2828	candidate_created	18
00ad0990	00ca282c	candidate_created	22
00ad09b0	00ca2830	candidate_created	18
00ad09d0	00ca2834	candidate_created	22
00ad09f0	00ca2838	candidate_created	22
00ad0a10	00ca283c	candidate_created	22
00ad0a30	00ca2840	candidate_created	22
00ad0a50	00ca2844	candidate_created	22
00ad0a70	00ca2848	candidate_created	22
00ad0a90	00ca284c	candidate_created	22
00ad0ab0	00ca2850	candidate_created	287
00ad0bd0	00ca2854	candidate_created	1592
00ad3610	00ca2868	candidate_created	24
00ad3630	00ca286c	candidate_created	24
00ad3650	00ca2870	candidate_created	24
00ad3670	00ca2874	candidate_created	287
00ad3790	00ca2878	candidate_created	24
00ad37b0	00ca287c	candidate_created	287
00ad38d0	00ca2880	candidate_created	1592
00ad6310	00ca2894	candidate_created	29
00ad6330	00ca2898	candidate_created	24
00ad6350	00ca289c	candidate_created	22
00ad6370	00ca28a0	candidate_created	22
00ad6390	00ca28a4	candidate_created	24
00ad63b0	00ca28a8	candidate_created	287
00ad64d0	00ca28ac	candidate_created	24
00ad64f0	00ca28b0	candidate_created	287
00ad6610	00ca28b4	candidate_created	1592
00ad9050	00ca28c8	candidate_created	12
00ad9060	00ca28cc	candidate_created	24
00ad9080	00ca28d0	candidate_created	287
00ad91a0	00ca28d4	candidate_created	1592
00ae1060	00ca2910	candidate_created	37
00ae1090	00ca2914	candidate_created	18
00ae10b0	00ca2918	candidate_created	22
00ae10d0	00ca291c	candidate_created	22
00ae10f0	00ca2920	candidate_created	22
00ae1110	00ca2924	candidate_created	22
00ae1130	00ca2928	candidate_created	22
00ae1150	00ca292c	candidate_created	22
00ae1170	00ca2930	candidate_created	22
00ae1190	00ca2934	candidate_created	22
00ae11b0	00ca2938	candidate_created	22
00ae11d0	00ca293c	candidate_created	22
00ae11f0	00ca2940	candidate_created	22
00ae1210	00ca2944	candidate_created	22
00ae1230	00ca2948	candidate_created	22
00ae1250	00ca294c	candidate_created	22
00ae1270	00ca2950	candidate_created	22
00ae1290	00ca2954	candidate_created	22
00ae12b0	00ca2958	candidate_created	22
00ae12d0	00ca295c	candidate_created	22
00ae12f0	00ca2960	candidate_created	22
00ae1310	00ca2964	candidate_created	22
00ae1330	00ca2968	candidate_created	22
00ae1350	00ca296c	candidate_created	22
00ae1370	00ca2970	candidate_created	22
00ae1390	00ca2974	candidate_created	22
00ae13b0	00ca2978	candidate_created	22
00ae13d0	00ca297c	candidate_created	22
00ae13f0	00ca2980	candidate_created	22
00ae1410	00ca2984	candidate_created	22
00ae1430	00ca2988	candidate_created	22
00ae1450	00ca298c	candidate_created	22
00ae1470	00ca2990	candidate_created	22
00ae1490	00ca2994	candidate_created	22
00ae14b0	00ca2998	candidate_created	22
00ae14d0	00ca299c	candidate_created	22
00ae14f0	00ca29a0	candidate_created	22
00ae1510	00ca29a4	candidate_created	22
00ae1530	00ca29a8	candidate_created	22
00ae1550	00ca29ac	candidate_created	22
00ae1570	00ca29b0	candidate_created	22
00ae1590	00ca29b4	candidate_created	22
00ae15b0	00ca29b8	candidate_created	22
00ae15d0	00ca29bc	candidate_created	22
00ae15f0	00ca29c0	candidate_created	22
00ae1610	00ca29c4	candidate_created	22
00ae1630	00ca29c8	candidate_created	22
00ae1650	00ca29cc	candidate_created	22
00ae1670	00ca29d0	candidate_created	22
00ae1690	00ca29d4	candidate_created	22
00ae16b0	00ca29d8	candidate_created	22
00ae16d0	00ca29dc	candidate_created	22
00ae16f0	00ca29e0	candidate_created	22
00ae1710	00ca29e4	candidate_created	22
00ae1730	00ca29e8	candidate_created	22
00ae1750	00ca29ec	candidate_created	22
00ae1770	00ca29f0	candidate_created	22
00ae1790	00ca29f4	candidate_created	22
00ae17b0	00ca29f8	candidate_created	22
00ae17d0	00ca29fc	candidate_created	22
00ae17f0	00ca2a00	candidate_created	22
00ae1810	00ca2a04	candidate_created	22
00ae1830	00ca2a08	candidate_created	22
00ae1850	00ca2a0c	candidate_created	22
00ae1870	00ca2a10	candidate_created	22
00ae1890	00ca2a14	candidate_created	22
00ae18b0	00ca2a18	candidate_created	22
00ae18d0	00ca2a1c	candidate_created	22
00ae18f0	00ca2a20	candidate_created	22
00ae1910	00ca2a24	candidate_created	22
00ae1930	00ca2a28	candidate_created	22
00ae1950	00ca2a2c	candidate_created	22
00ae1970	00ca2a30	candidate_created	22
00ae1990	00ca2a34	candidate_created	22
00ae19b0	00ca2a38	candidate_created	22
00ae19d0	00ca2a3c	candidate_created	22
00ae19f0	00ca2a40	candidate_created	22
00ae1a10	00ca2a44	candidate_created	22
00ae1a30	00ca2a48	candidate_created	22
00ae1a50	00ca2a4c	candidate_created	22
00ae1a70	00ca2a50	candidate_created	22
00ae1a90	00ca2a54	candidate_created	22
00ae1ab0	00ca2a58	candidate_created	22
00ae1ad0	00ca2a5c	candidate_created	22
00ae1af0	00ca2a60	candidate_created	22
00ae1b10	00ca2a64	candidate_created	22
00ae1b30	00ca2a68	candidate_created	22
00ae1b50	00ca2a6c	candidate_created	22
00ae1b70	00ca2a70	candidate_created	22
00ae1b90	00ca2a74	candidate_created	22
00ae1bb0	00ca2a78	candidate_created	22
00ae1bd0	00ca2a7c	candidate_created	22
00ae1bf0	00ca2a80	candidate_created	22
00ae1c10	00ca2a84	candidate_created	22
00ae1c30	00ca2a88	candidate_created	22
00ae1c50	00ca2a8c	candidate_created	22
00ae1c70	00ca2a90	candidate_created	22
00ae1c90	00ca2a94	candidate_created	22
00ae1cb0	00ca2a98	candidate_created	22
00ae1cd0	00ca2a9c	candidate_created	22
00ae1cf0	00ca2aa0	candidate_created	22
00ae1d10	00ca2aa4	candidate_created	22
00ae1d30	00ca2aa8	candidate_created	22
00ae1d50	00ca2aac	candidate_created	22
00ae1d70	00ca2ab0	candidate_created	22
00ae1d90	00ca2ab4	candidate_created	22
00ae1db0	00ca2ab8	candidate_created	37
00ae1de0	00ca2abc	candidate_created	18
00ae1e00	00ca2ac0	candidate_created	22
00ae1e20	00ca2ac4	candidate_created	22
00ae1e40	00ca2ac8	candidate_created	22
00ae1e60	00ca2acc	candidate_created	22
00ae1e80	00ca2ad0	candidate_created	37
00ae1eb0	00ca2ad4	candidate_created	18
00ae1ed0	00ca2ad8	candidate_created	22
00ae1ef0	00ca2adc	candidate_created	22
00ae1f10	00ca2ae0	candidate_created	22
00ae1f30	00ca2ae4	candidate_created	22
00ae1f50	00ca2ae8	candidate_created	22
00ae1f70	00ca2aec	candidate_created	22
00ae1f90	00ca2af0	candidate_created	22
00ae1fb0	00ca2af4	candidate_created	22
00ae1fd0	00ca2af8	candidate_created	22
00ae1ff0	00ca2afc	candidate_created	22
00ae2010	00ca2b00	candidate_created	22
00ae2030	00ca2b04	candidate_created	22
00ae2050	00ca2b08	candidate_created	22
00ae2070	00ca2b0c	candidate_created	22
00ae2090	00ca2b10	candidate_created	37
00ae20c0	00ca2b14	candidate_created	18
00ae20e0	00ca2b18	candidate_created	22
00ae2100	00ca2b1c	candidate_created	22
00ae2120	00ca2b20	candidate_created	22
00ae2140	00ca2b24	candidate_created	22
00ae2160	00ca2b28	candidate_created	22
00ae2180	00ca2b2c	candidate_created	22
00ae21a0	00ca2b30	candidate_created	22
00ae21c0	00ca2b34	candidate_created	22
00ae21e0	00ca2b38	candidate_created	37
00ae2210	00ca2b3c	candidate_created	18
00ae2230	00ca2b40	candidate_created	22
00ae2250	00ca2b44	candidate_created	22
00ae2270	00ca2b48	candidate_created	22
00ae2290	00ca2b4c	candidate_created	22
00ae22b0	00ca2b50	candidate_created	22
00ae22d0	00ca2b54	candidate_created	22
00ae22f0	00ca2b58	candidate_created	22
00ae2310	00ca2b5c	candidate_created	22
00ae2330	00ca2b60	candidate_created	22
00ae2350	00ca2b64	candidate_created	22
00ae2370	00ca2b68	candidate_created	22
00ae2390	00ca2b6c	candidate_created	22
00ae23b0	00ca2b70	candidate_created	22
00ae23d0	00ca2b74	candidate_created	18
00ae23f0	00ca2b78	candidate_created	22
00ae2410	00ca2b7c	candidate_created	22
00ae2430	00ca2b80	candidate_created	22
00ae2450	00ca2b84	candidate_created	22
00ae2470	00ca2b88	candidate_created	22
00ae2490	00ca2b8c	candidate_created	22
00ae24b0	00ca2b90	candidate_created	22
00ae24d0	00ca2b94	candidate_created	22
00ae24f0	00ca2b98	candidate_created	22
00ae2510	00ca2b9c	candidate_created	22
00ae2530	00ca2ba0	candidate_created	22
00ae2550	00ca2ba4	candidate_created	22
00ae2570	00ca2ba8	candidate_created	22
00ae2590	00ca2bac	candidate_created	22
00ae25b0	00ca2bb0	candidate_created	22
00ae25d0	00ca2bb4	candidate_created	287
00ae26f0	00ca2bb8	candidate_created	24
00ae5150	00ca2bd0	candidate_created	287
00ae5270	00ca2bd4	candidate_created	1592
00ae7cb0	00ca2be8	candidate_created	24
00ae7cd0	00ca2bec	candidate_created	12
00ae7ce0	00ca2bf0	candidate_created	64
00ae7d20	00ca2bf4	candidate_created	24
00ae7d40	00ca2bf8	candidate_created	287
00ae7e60	00ca2bfc	candidate_created	24
00ae7e80	00ca2c00	candidate_created	287
00ae7fa0	00ca2c04	candidate_created	24
00ae7fc0	00ca2c08	candidate_created	287
00ae80e0	00ca2c0c	candidate_created	12
00ae80f0	00ca2c10	candidate_created	12
00ae8100	00ca2c14	candidate_created	24
00ae8120	00ca2c18	candidate_created	287
00ae8240	00ca2c1c	candidate_created	1592
00aed6c0	00ca2c44	candidate_created	287
00aed7e0	00ca2c48	candidate_created	287
00aed900	00ca2c4c	candidate_created	24
00af0360	00ca2c64	candidate_created	24
00af0380	00ca2c68	candidate_created	287
00af04a0	00ca2c6c	candidate_created	287
00af05c0	00ca2c70	candidate_created	287
00af06e0	00ca2c74	candidate_created	24
00af0700	00ca2c78	candidate_created	287
00af0820	00ca2c7c	candidate_created	287
00af0940	00ca2c80	candidate_created	24
00af0960	00ca2c84	candidate_created	24
00af0980	00ca2c88	candidate_created	287
00af0aa0	00ca2c8c	candidate_created	287
00af0bc0	00ca2c90	candidate_created	287
00af0ce0	00ca2c94	candidate_created	24
00af3740	00ca2cac	candidate_created	287
00af3860	00ca2cb0	candidate_created	1592
00af8ce0	00ca2cd8	candidate_created	287
00af8e00	00ca2cdc	candidate_created	24
00af8e20	00ca2ce0	candidate_created	24
00af8e40	00ca2ce4	candidate_created	12
00af8e50	00ca2ce8	candidate_created	12
00af8e60	00ca2cec	candidate_created	287
00af8f80	00ca2cf0	candidate_created	24
00af8fa0	00ca2cf4	candidate_created	24
00af8fc0	00ca2cf8	candidate_created	287
00af90e0	00ca2cfc	candidate_created	12
00af90f0	00ca2d00	candidate_created	287
00af9210	00ca2d04	candidate_created	24
00af9230	00ca2d08	candidate_created	24
00af9250	00ca2d0c	candidate_created	287
00af9370	00ca2d10	candidate_created	24
00af9390	00ca2d14	candidate_created	287
00af94b0	00ca2d18	candidate_created	287
00af95d0	00ca2d1c	candidate_created	24
00af95f0	00ca2d20	candidate_created	287
00af9710	00ca2d24	candidate_created	287
00af9830	00ca2d28	candidate_created	427
00af99e0	00ca2d2c	candidate_created	357
00af9b50	00ca2d30	candidate_created	217
00af9c30	00ca2d34	candidate_created	287
00af9d50	00ca2d38	candidate_created	24
00af9d70	00ca2d3c	candidate_created	427
00af9f20	00ca2d40	candidate_created	287
00afa040	00ca2d44	candidate_created	287
00afa160	00ca2d48	candidate_created	24
00afa180	00ca2d4c	candidate_created	29
00afa1a0	00ca2d50	candidate_created	198
00afa270	00ca2d54	candidate_created	287
00afa390	00ca2d58	candidate_created	24
00afa3b0	00ca2d5c	candidate_created	37
00afa3e0	00ca2d60	candidate_created	24
00afce40	00ca2d78	candidate_created	24
00afce60	00ca2d7c	candidate_created	287
00afcf80	00ca2d80	candidate_created	287
00afd0a0	00ca2d84	candidate_created	24
00afd0c0	00ca2d88	candidate_created	24
00afd0e0	00ca2d8c	candidate_created	287
00afd200	00ca2d90	candidate_created	1592
00affc40	00ca2da4	candidate_created	24
00affc60	00ca2da8	candidate_created	287
00affd80	00ca2dac	candidate_created	12
00affd90	00ca2db0	candidate_created	12
00affda0	00ca2db4	candidate_created	12
00affdb0	00ca2db8	candidate_created	64
00affdf0	00ca2dbc	candidate_created	12
00affe00	00ca2dc0	candidate_created	64
00affe40	00ca2dc4	candidate_created	59
00affe80	00ca2dc8	candidate_created	59
00affec0	00ca2dcc	candidate_created	70
00afff10	00ca2dd0	candidate_created	70
00afff60	00ca2dd4	candidate_created	70
00afffb0	00ca2dd8	candidate_created	59
00affff0	00ca2ddc	candidate_created	70
00b00040	00ca2de0	candidate_created	70
00b00090	00ca2de4	candidate_created	70
00b000aa	00d3878c	absorbed	0
00b000e0	00ca2de8	candidate_created	70
00b00130	00ca2dec	candidate_created	59
00b00170	00ca2df0	candidate_created	70
00b001c0	00ca2df4	candidate_created	59
00b00200	00ca2df8	candidate_created	70
00b00250	00ca2dfc	candidate_created	70
00b002a0	00ca2e00	candidate_created	70
00b002f0	00ca2e04	candidate_created	59
00b00330	00ca2e08	candidate_created	70
00b00380	00ca2e0c	candidate_created	70
00b003d0	00ca2e10	candidate_created	59
00b00410	00ca2e14	candidate_created	70
00b00460	00ca2e18	candidate_created	70
00b004b0	00ca2e1c	candidate_created	59
00b004f0	00ca2e20	candidate_created	70
00b00540	00ca2e24	candidate_created	12
00b00550	00ca2e28	candidate_created	59
00b00590	00ca2e2c	candidate_created	59
00b005d0	00ca2e30	candidate_created	59
00b00610	00ca2e34	candidate_created	59
00b00650	00ca2e38	candidate_created	70
00b006a0	00ca2e3c	candidate_created	59
00b006e0	00ca2e40	candidate_created	59
00b00720	00ca2e44	candidate_created	59
00b00760	00ca2e48	candidate_created	59
00b007a0	00ca2e4c	candidate_created	70
00b007f0	00ca2e50	candidate_created	70
00b00840	00ca2e54	candidate_created	70
00b00890	00ca2e58	candidate_created	59
00b008d0	00ca2e5c	candidate_created	70
00b00920	00ca2e60	candidate_created	59
00b00960	00ca2e64	candidate_created	70
00b009b0	00ca2e68	candidate_created	59
00b009f0	00ca2e6c	candidate_created	59
00b00a30	00ca2e70	candidate_created	59
00b00a70	00ca2e74	candidate_created	59
00b00ab0	00ca2e78	candidate_created	70
00b00b00	00ca2e7c	candidate_created	70
00b00b50	00ca2e80	candidate_created	59
00b00b90	00ca2e84	candidate_created	59
00b00bd0	00ca2e88	candidate_created	70
00b00c20	00ca2e8c	candidate_created	70
00b00c70	00ca2e90	candidate_created	70
00b00cc0	00ca2e94	candidate_created	59
00b00d00	00ca2e98	candidate_created	287
00b00e20	00ca2e9c	candidate_created	24
00b00e40	00ca2ea0	candidate_created	287
00b00f60	00ca2ea4	candidate_created	1592
00b039a0	00ca2eb8	candidate_created	24
00b039c0	00ca2ebc	candidate_created	22
00b039e0	00ca2ec0	candidate_created	287
00b03b00	00ca2ec4	candidate_created	24
00b03b20	00ca2ec8	candidate_created	287
00b03c40	00ca2ecc	candidate_created	24
00b03c60	00ca2ed0	candidate_created	24
00b03c80	00ca2ed4	candidate_created	287
00b03da0	00ca2ed8	candidate_created	24
00b03dc0	00ca2edc	candidate_created	287
00b03ee0	00ca2ee0	candidate_created	24
00b03f00	00ca2ee4	candidate_created	24
00b03f20	00ca2ee8	candidate_created	287
00b04040	00ca2eec	candidate_created	287
00b04160	00ca2ef0	candidate_created	1592
00b06ba0	00ca2f04	candidate_created	24
00b06bc0	00ca2f08	candidate_created	287
00b06ce0	00ca2f0c	candidate_created	287
00b06e00	00ca2f10	candidate_created	287
00b06f20	00ca2f14	candidate_created	24
00b06f40	00ca2f18	candidate_created	64
00b06f80	00ca2f1c	candidate_created	24
00b06fa0	00ca2f20	candidate_created	24
00b06fc0	00ca2f24	candidate_created	24
00b06fe0	00ca2f28	candidate_created	24
00b07000	00ca2f2c	candidate_created	24
00b07020	00ca2f30	candidate_created	24
00b07040	00ca2f34	candidate_created	24
00b07060	00ca2f38	candidate_created	10
00b07070	00ca2f3c	candidate_created	64
00b070b0	00ca2f40	candidate_created	12
00b09b00	00ca2f58	candidate_created	287
00b09c20	00ca2f5c	candidate_created	1592
00b0c660	00ca2f70	candidate_created	287
00b0c780	00ca2f74	candidate_created	1592
00b0f1c0	00ca2f88	candidate_created	287
00b0f2e0	00ca2f8c	candidate_created	1592
00b11d20	00ca2fa0	candidate_created	287
00b11e40	00ca2fa4	candidate_created	24
00b11e60	00ca2fa8	candidate_created	287
00b11f80	00ca2fac	candidate_created	12
00b11f90	00ca2fb0	candidate_created	12
00b11fa0	00ca2fb4	candidate_created	12
00b11fb0	00ca2fb8	candidate_created	12
00b11fc0	00ca2fbc	candidate_created	37
00b11ff0	00ca2fc0	candidate_created	12
00b12000	00ca2fc4	candidate_created	64
00b12040	00ca2fc8	candidate_created	24
00b12060	00ca2fcc	candidate_created	287
00b12180	00ca2fd0	candidate_created	24
00b121a0	00ca2fd4	candidate_created	287
00b122c0	00ca2fd8	candidate_created	24
00b122e0	00ca2fdc	candidate_created	287
00b12400	00ca2fe0	candidate_created	287
00b12520	00ca2fe4	candidate_created	24
00b12540	00ca2fe8	candidate_created	287
00b12660	00ca2fec	candidate_created	24
00b12680	00ca2ff0	candidate_created	24
00b126a0	00ca2ff4	candidate_created	287
00b127c0	00ca2ff8	candidate_created	24
00b127e0	00ca2ffc	candidate_created	287
00b12900	00ca3000	candidate_created	24
00b12920	00ca3004	candidate_created	24
00b12940	00ca3008	candidate_created	287
00b12a60	00ca300c	candidate_created	24
00b12a80	00ca3010	candidate_created	12
00b12a90	00ca3014	candidate_created	24
00b12ab0	00ca3018	candidate_created	287
00b12bd0	00ca301c	candidate_created	29
00b12bf0	00ca3020	candidate_created	29
00b12c10	00ca3024	candidate_created	11
00b12c20	00ca3028	candidate_created	46
00b12c50	00ca302c	candidate_created	46
00b12c80	00ca3030	candidate_created	37
00b12cb0	00ca3034	candidate_created	18
00b12cd0	00ca3038	candidate_created	22
00b12cf0	00ca303c	candidate_created	22
00b12d10	00ca3040	candidate_created	22
00b12d30	00ca3044	candidate_created	22
00b12d50	00ca3048	candidate_created	22
00b12d70	00ca304c	candidate_created	22
00b12d90	00ca3050	candidate_created	22
00b12db0	00ca3054	candidate_created	22
00b12dd0	00ca3058	candidate_created	22
00b12df0	00ca305c	candidate_created	22
00b12e10	00ca3060	candidate_created	22
00b12e30	00ca3064	candidate_created	22
00b12e50	00ca3068	candidate_created	18
00b12e70	00ca306c	candidate_created	22
00b12e90	00ca3070	candidate_created	22
00b12eb0	00ca3074	candidate_created	22
00b12ed0	00ca3078	candidate_created	22
00b12ef0	00ca307c	candidate_created	22
00b12f10	00ca3080	candidate_created	22
00b12f30	00ca3084	candidate_created	22
00b12f50	00ca3088	candidate_created	22
00b12f70	00ca308c	candidate_created	22
00b12f90	00ca3090	candidate_created	22
00b12fb0	00ca3094	candidate_created	22
00b12fd0	00ca3098	candidate_created	22
00b12ff0	00ca309c	candidate_created	22
00b13010	00ca30a0	candidate_created	22
00b13030	00ca30a4	candidate_created	18
00b13050	00ca30a8	candidate_created	22
00b13070	00ca30ac	candidate_created	22
00b13090	00ca30b0	candidate_created	22
00b130b0	00ca30b4	candidate_created	22
00b130d0	00ca30b8	candidate_created	22
00b130f0	00ca30bc	candidate_created	22
00b13110	00ca30c0	candidate_created	22
00b13130	00ca30c4	candidate_created	22
00b13150	00ca30c8	candidate_created	22
00b13170	00ca30cc	candidate_created	22
00b13190	00ca30d0	candidate_created	18
00b131b0	00ca30d4	candidate_created	22
00b131d0	00ca30d8	candidate_created	22
00b131f0	00ca30dc	candidate_created	22
00b13210	00ca30e0	candidate_created	22
00b13230	00ca30e4	candidate_created	18
00b13250	00ca30e8	candidate_created	22
00b13270	00ca30ec	candidate_created	22
00b13290	00ca30f0	candidate_created	22
00b132b0	00ca30f4	candidate_created	22
00b132d0	00ca30f8	candidate_created	24
00b132f0	00ca30fc	candidate_created	287
00b13410	00ca3100	candidate_created	24
00b13430	00ca3104	candidate_created	24
00b13450	00ca3108	candidate_created	37
00b13480	00ca310c	candidate_created	18
00b134a0	00ca3110	candidate_created	18
00b134c0	00ca3114	candidate_created	22
00b134e0	00ca3118	candidate_created	24
00b13500	00ca311c	candidate_created	37
00b13530	00ca3120	candidate_created	18
00b13550	00ca3124	candidate_created	22
00b13570	00ca3128	candidate_created	22
00b13590	00ca312c	candidate_created	22
00b135b0	00ca3130	candidate_created	22
00b135d0	00ca3134	candidate_created	18
00b135f0	00ca3138	candidate_created	22
00b13610	00ca313c	candidate_created	22
00b13630	00ca3140	candidate_created	18
00b13650	00ca3144	candidate_created	22
00b13670	00ca3148	candidate_created	22
00b13690	00ca314c	candidate_created	22
00b136b0	00ca3150	candidate_created	22
00b136d0	00ca3154	candidate_created	22
00b136f0	00ca3158	candidate_created	22
00b13710	00ca315c	candidate_created	22
00b13730	00ca3160	candidate_created	22
00b13750	00ca3164	candidate_created	22
00b13770	00ca3168	candidate_created	22
00b13790	00ca316c	candidate_created	22
00b137b0	00ca3170	candidate_created	22
00b137d0	00ca3174	candidate_created	22
00b137f0	00ca3178	candidate_created	22
00b13810	00ca317c	candidate_created	22
00b13830	00ca3180	candidate_created	22
00b13850	00ca3184	candidate_created	22
00b13870	00ca3188	candidate_created	22
00b13890	00ca318c	candidate_created	22
00b138b0	00ca3190	candidate_created	22
00b138d0	00ca3194	candidate_created	22
00b138f0	00ca3198	candidate_created	22
00b13910	00ca319c	candidate_created	22
00b13930	00ca31a0	candidate_created	22
00b13950	00ca31a4	candidate_created	22
00b13970	00ca31a8	candidate_created	22
00b13990	00ca31ac	candidate_created	22
00b139b0	00ca31b0	candidate_created	22
00b139d0	00ca31b4	candidate_created	22
00b139f0	00ca31b8	candidate_created	22
00b13a10	00ca31bc	candidate_created	22
00b13a30	00ca31c0	candidate_created	22
00b13a50	00ca31c4	candidate_created	22
00b13a70	00ca31c8	candidate_created	22
00b13a90	00ca31cc	candidate_created	22
00b13ab0	00ca31d0	candidate_created	22
00b13ad0	00ca31d4	candidate_created	22
00b13af0	00ca31d8	candidate_created	22
00b13b10	00ca31dc	candidate_created	22
00b13b30	00ca31e0	candidate_created	22
00b13b50	00ca31e4	candidate_created	22
00b13b70	00ca31e8	candidate_created	22
00b13b90	00ca31ec	candidate_created	22
00b13bb0	00ca31f0	candidate_created	22
00b13bd0	00ca31f4	candidate_created	22
00b13bf0	00ca31f8	candidate_created	22
00b13c10	00ca31fc	candidate_created	22
00b13c30	00ca3200	candidate_created	22
00b13c50	00ca3204	candidate_created	22
00b13c70	00ca3208	candidate_created	22
00b13c90	00ca320c	candidate_created	22
00b13cb0	00ca3210	candidate_created	22
00b13cd0	00ca3214	candidate_created	22
00b13cf0	00ca3218	candidate_created	22
00b13d10	00ca321c	candidate_created	22
00b13d30	00ca3220	candidate_created	22
00b13d50	00ca3224	candidate_created	22
00b13d70	00ca3228	candidate_created	22
00b13d90	00ca322c	candidate_created	22
00b13db0	00ca3230	candidate_created	22
00b13dd0	00ca3234	candidate_created	22
00b13df0	00ca3238	candidate_created	22
00b13e10	00ca323c	candidate_created	22
00b13e30	00ca3240	candidate_created	22
00b13e50	00ca3244	candidate_created	22
00b13e70	00ca3248	candidate_created	22
00b13e90	00ca324c	candidate_created	22
00b13eb0	00ca3250	candidate_created	22
00b13ed0	00ca3254	candidate_created	24
00b13ef0	00ca3258	candidate_created	37
00b13f20	00ca325c	candidate_created	18
00b13f40	00ca3260	candidate_created	22
00b13f60	00ca3264	candidate_created	22
00b13f80	00ca3268	candidate_created	22
00b13fa0	00ca326c	candidate_created	22
00b13fc0	00ca3270	candidate_created	22
00b13fe0	00ca3274	candidate_created	22
00b14000	00ca3278	candidate_created	22
00b14020	00ca327c	candidate_created	22
00b14040	00ca3280	candidate_created	22
00b14060	00ca3284	candidate_created	22
00b14080	00ca3288	candidate_created	22
00b140a0	00ca328c	candidate_created	22
00b140c0	00ca3290	candidate_created	22
00b140e0	00ca3294	candidate_created	22
00b14100	00ca3298	candidate_created	22
00b14120	00ca329c	candidate_created	22
00b14140	00ca32a0	candidate_created	22
00b14160	00ca32a4	candidate_created	22
00b14180	00ca32a8	candidate_created	22
00b141a0	00ca32ac	candidate_created	22
00b141c0	00ca32b0	candidate_created	22
00b141e0	00ca32b4	candidate_created	22
00b14200	00ca32b8	candidate_created	22
00b14220	00ca32bc	candidate_created	22
00b14240	00ca32c0	candidate_created	22
00b14260	00ca32c4	candidate_created	22
00b14280	00ca32c8	candidate_created	22
00b142a0	00ca32cc	candidate_created	22
00b142c0	00ca32d0	candidate_created	22
00b142e0	00ca32d4	candidate_created	22
00b14300	00ca32d8	candidate_created	22
00b14320	00ca32dc	candidate_created	22
00b14340	00ca32e0	candidate_created	22
00b14360	00ca32e4	candidate_created	22
00b14380	00ca32e8	candidate_created	22
00b143a0	00ca32ec	candidate_created	22
00b143c0	00ca32f0	candidate_created	22
00b143e0	00ca32f4	candidate_created	22
00b14400	00ca32f8	candidate_created	22
00b14420	00ca32fc	candidate_created	22
00b14440	00ca3300	candidate_created	22
00b14460	00ca3304	candidate_created	22
00b14480	00ca3308	candidate_created	22
00b144a0	00ca330c	candidate_created	22
00b144c0	00ca3310	candidate_created	22
00b144e0	00ca3314	candidate_created	22
00b14500	00ca3318	candidate_created	22
00b14520	00ca331c	candidate_created	22
00b14540	00ca3320	candidate_created	22
00b14560	00ca3324	candidate_created	22
00b14580	00ca3328	candidate_created	22
00b145a0	00ca332c	candidate_created	22
00b145c0	00ca3330	candidate_created	22
00b145e0	00ca3334	candidate_created	22
00b14600	00ca3338	candidate_created	22
00b14620	00ca333c	candidate_created	22
00b14640	00ca3340	candidate_created	22
00b14660	00ca3344	candidate_created	22
00b14680	00ca3348	candidate_created	22
00b146a0	00ca334c	candidate_created	22
00b146c0	00ca3350	candidate_created	22
00b146e0	00ca3354	candidate_created	22
00b14700	00ca3358	candidate_created	22
00b14720	00ca335c	candidate_created	22
00b14740	00ca3360	candidate_created	22
00b14760	00ca3364	candidate_created	22
00b14780	00ca3368	candidate_created	22
00b147a0	00ca336c	candidate_created	22
00b147c0	00ca3370	candidate_created	22
00b147e0	00ca3374	candidate_created	22
00b14800	00ca3378	candidate_created	22
00b14820	00ca337c	candidate_created	22
00b14840	00ca3380	candidate_created	22
00b14860	00ca3384	candidate_created	22
00b14880	00ca3388	candidate_created	22
00b148a0	00ca338c	candidate_created	22
00b148c0	00ca3390	candidate_created	22
00b148e0	00ca3394	candidate_created	22
00b14900	00ca3398	candidate_created	22
00b14920	00ca339c	candidate_created	22
00b14940	00ca33a0	candidate_created	22
00b14960	00ca33a4	candidate_created	22
00b14980	00ca33a8	candidate_created	22
00b149a0	00ca33ac	candidate_created	22
00b149c0	00ca33b0	candidate_created	22
00b149e0	00ca33b4	candidate_created	22
00b14a00	00ca33b8	candidate_created	22
00b14a20	00ca33bc	candidate_created	22
00b14a40	00ca33c0	candidate_created	22
00b14a60	00ca33c4	candidate_created	22
00b14a80	00ca33c8	candidate_created	22
00b14aa0	00ca33cc	candidate_created	22
00b14ac0	00ca33d0	candidate_created	22
00b14ae0	00ca33d4	candidate_created	22
00b14b00	00ca33d8	candidate_created	22
00b14b20	00ca33dc	candidate_created	22
00b14b40	00ca33e0	candidate_created	22
00b14b60	00ca33e4	candidate_created	22
00b14b80	00ca33e8	candidate_created	22
00b14ba0	00ca33ec	candidate_created	22
00b14bc0	00ca33f0	candidate_created	22
00b14be0	00ca33f4	candidate_created	22
00b14c00	00ca33f8	candidate_created	22
00b14c20	00ca33fc	candidate_created	22
00b14c40	00ca3400	candidate_created	22
00b14c60	00ca3404	candidate_created	22
00b14c80	00ca3408	candidate_created	22
00b14ca0	00ca340c	candidate_created	22
00b14cc0	00ca3410	candidate_created	22
00b14ce0	00ca3414	candidate_created	22
00b14d00	00ca3418	candidate_created	18
00b14d20	00ca341c	candidate_created	22
00b14d40	00ca3420	candidate_created	18
00b14d60	00ca3424	candidate_created	22
00b14d80	00ca3428	candidate_created	22
00b14da0	00ca342c	candidate_created	22
00b14dc0	00ca3430	candidate_created	22
00b14de0	00ca3434	candidate_created	22
00b14e00	00ca3438	candidate_created	22
00b14e20	00ca343c	candidate_created	22
00b14e40	00ca3440	candidate_created	22
00b14e60	00ca3444	candidate_created	22
00b14e80	00ca3448	candidate_created	18
00b14ea0	00ca344c	candidate_created	22
00b14ec0	00ca3450	candidate_created	18
00b14ee0	00ca3454	candidate_created	22
00b14f00	00ca3458	candidate_created	22
00b14f20	00ca345c	candidate_created	24
00b14f40	00ca3460	candidate_created	37
00b14f70	00ca3464	candidate_created	18
00b14f90	00ca3468	candidate_created	22
00b14fb0	00ca346c	candidate_created	18
00b14fd0	00ca3470	candidate_created	22
00b14ff0	00ca3474	candidate_created	24
00b15010	00ca3478	candidate_created	37
00b15040	00ca347c	candidate_created	18
00b15060	00ca3480	candidate_created	22
00b15080	00ca3484	candidate_created	18
00b150a0	00ca3488	candidate_created	22
00b150c0	00ca348c	candidate_created	22
00b150e0	00ca3490	candidate_created	22
00b15100	00ca3494	candidate_created	22
00b15120	00ca3498	candidate_created	22
00b15140	00ca349c	candidate_created	22
00b15160	00ca34a0	candidate_created	22
00b15180	00ca34a4	candidate_created	24
00b151a0	00ca34a8	candidate_created	37
00b151d0	00ca34ac	candidate_created	18
00b151f0	00ca34b0	candidate_created	22
00b15210	00ca34b4	candidate_created	22
00b15230	00ca34b8	candidate_created	22
00b15250	00ca34bc	candidate_created	22
00b15270	00ca34c0	candidate_created	22
00b15290	00ca34c4	candidate_created	22
00b152b0	00ca34c8	candidate_created	22
00b152d0	00ca34cc	candidate_created	22
00b152f0	00ca34d0	candidate_created	22
00b15310	00ca34d4	candidate_created	22
00b15330	00ca34d8	candidate_created	22
00b15350	00ca34dc	candidate_created	22
00b15370	00ca34e0	candidate_created	22
00b15390	00ca34e4	candidate_created	22
00b153b0	00ca34e8	candidate_created	22
00b153d0	00ca34ec	candidate_created	18
00b153f0	00ca34f0	candidate_created	22
00b15410	00ca34f4	candidate_created	22
00b15430	00ca34f8	candidate_created	22
00b15450	00ca34fc	candidate_created	22
00b15470	00ca3500	candidate_created	22
00b15490	00ca3504	candidate_created	22
00b154b0	00ca3508	candidate_created	22
00b154d0	00ca350c	candidate_created	22
00b154f0	00ca3510	candidate_created	22
00b15510	00ca3514	candidate_created	22
00b15530	00ca3518	candidate_created	22
00b15550	00ca351c	candidate_created	22
00b15570	00ca3520	candidate_created	22
00b15590	00ca3524	candidate_created	22
00b155b0	00ca3528	candidate_created	22
00b155d0	00ca352c	candidate_created	22
00b155f0	00ca3530	candidate_created	22
00b15610	00ca3534	candidate_created	22
00b15630	00ca3538	candidate_created	22
00b15650	00ca353c	candidate_created	22
00b15670	00ca3540	candidate_created	22
00b15690	00ca3544	candidate_created	22
00b156b0	00ca3548	candidate_created	22
00b156d0	00ca354c	candidate_created	22
00b156f0	00ca3550	candidate_created	22
00b15710	00ca3554	candidate_created	22
00b15730	00ca3558	candidate_created	22
00b15750	00ca355c	candidate_created	22
00b15770	00ca3560	candidate_created	22
00b15790	00ca3564	candidate_created	22
00b157b0	00ca3568	candidate_created	22
00b157d0	00ca356c	candidate_created	22
00b157f0	00ca3570	candidate_created	22
00b15810	00ca3574	candidate_created	22
00b15830	00ca3578	candidate_created	22
00b15850	00ca357c	candidate_created	22
00b15870	00ca3580	candidate_created	22
00b15890	00ca3584	candidate_created	22
00b158b0	00ca3588	candidate_created	22
00b158d0	00ca358c	candidate_created	22
00b158f0	00ca3590	candidate_created	22
00b15910	00ca3594	candidate_created	22
00b15930	00ca3598	candidate_created	22
00b15950	00ca359c	candidate_created	22
00b15970	00ca35a0	candidate_created	22
00b15990	00ca35a4	candidate_created	22
00b159b0	00ca35a8	candidate_created	22
00b159d0	00ca35ac	candidate_created	22
00b159f0	00ca35b0	candidate_created	22
00b15a10	00ca35b4	candidate_created	22
00b15a30	00ca35b8	candidate_created	22
00b15a50	00ca35bc	candidate_created	22
00b15a70	00ca35c0	candidate_created	22
00b15a90	00ca35c4	candidate_created	22
00b15ab0	00ca35c8	candidate_created	22
00b15ad0	00ca35cc	candidate_created	22
00b15af0	00ca35d0	candidate_created	22
00b15b10	00ca35d4	candidate_created	22
00b15b30	00ca35d8	candidate_created	22
00b15b50	00ca35dc	candidate_created	22
00b15b70	00ca35e0	candidate_created	22
00b15b90	00ca35e4	candidate_created	22
00b15bb0	00ca35e8	candidate_created	22
00b15bd0	00ca35ec	candidate_created	22
00b15bf0	00ca35f0	candidate_created	22
00b15c10	00ca35f4	candidate_created	22
00b15c30	00ca35f8	candidate_created	22
00b15c50	00ca35fc	candidate_created	22
00b15c70	00ca3600	candidate_created	22
00b15c90	00ca3604	candidate_created	22
00b15cb0	00ca3608	candidate_created	22
00b15cd0	00ca360c	candidate_created	22
00b15cf0	00ca3610	candidate_created	22
00b15d10	00ca3614	candidate_created	22
00b15d30	00ca3618	candidate_created	22
00b15d50	00ca361c	candidate_created	22
00b15d70	00ca3620	candidate_created	22
00b15d90	00ca3624	candidate_created	22
00b15db0	00ca3628	candidate_created	22
00b15dd0	00ca362c	candidate_created	22
00b15df0	00ca3630	candidate_created	22
00b15e10	00ca3634	candidate_created	22
00b15e30	00ca3638	candidate_created	22
00b15e50	00ca363c	candidate_created	22
00b15e70	00ca3640	candidate_created	22
00b15e90	00ca3644	candidate_created	22
00b15eb0	00ca3648	candidate_created	22
00b15ed0	00ca364c	candidate_created	22
00b15ef0	00ca3650	candidate_created	22
00b15f10	00ca3654	candidate_created	22
00b15f30	00ca3658	candidate_created	22
00b15f50	00ca365c	candidate_created	22
00b15f70	00ca3660	candidate_created	22
00b15f90	00ca3664	candidate_created	22
00b15fb0	00ca3668	candidate_created	22
00b15fd0	00ca366c	candidate_created	22
00b15ff0	00ca3670	candidate_created	22
00b16010	00ca3674	candidate_created	22
00b16030	00ca3678	candidate_created	22
00b16050	00ca367c	candidate_created	22
00b16070	00ca3680	candidate_created	22
00b16090	00ca3684	candidate_created	22
00b160b0	00ca3688	candidate_created	22
00b160d0	00ca368c	candidate_created	22
00b160f0	00ca3690	candidate_created	22
00b16110	00ca3694	candidate_created	22
00b16130	00ca3698	candidate_created	22
00b16150	00ca369c	candidate_created	22
00b16170	00ca36a0	candidate_created	22
00b16190	00ca36a4	candidate_created	22
00b161b0	00ca36a8	candidate_created	22
00b161d0	00ca36ac	candidate_created	22
00b161f0	00ca36b0	candidate_created	22
00b16210	00ca36b4	candidate_created	22
00b16230	00ca36b8	candidate_created	22
00b16250	00ca36bc	candidate_created	22
00b16270	00ca36c0	candidate_created	22
00b16290	00ca36c4	candidate_created	22
00b162b0	00ca36c8	candidate_created	22
00b162d0	00ca36cc	candidate_created	22
00b162f0	00ca36d0	candidate_created	22
00b16310	00ca36d4	candidate_created	22
00b16330	00ca36d8	candidate_created	22
00b16350	00ca36dc	candidate_created	22
00b16370	00ca36e0	candidate_created	22
00b16390	00ca36e4	candidate_created	22
00b163b0	00ca36e8	candidate_created	22
00b163d0	00ca36ec	candidate_created	22
00b163f0	00ca36f0	candidate_created	22
00b16410	00ca36f4	candidate_created	22
00b16430	00ca36f8	candidate_created	22
00b16450	00ca36fc	candidate_created	22
00b16470	00ca3700	candidate_created	22
00b16490	00ca3704	candidate_created	22
00b164b0	00ca3708	candidate_created	22
00b164d0	00ca370c	candidate_created	22
00b164f0	00ca3710	candidate_created	22
00b16510	00ca3714	candidate_created	22
00b16530	00ca3718	candidate_created	22
00b16550	00ca371c	candidate_created	22
00b16570	00ca3720	candidate_created	22
00b16590	00ca3724	candidate_created	22
00b165b0	00ca3728	candidate_created	22
00b165d0	00ca372c	candidate_created	22
00b165f0	00ca3730	candidate_created	22
00b16610	00ca3734	candidate_created	22
00b16630	00ca3738	candidate_created	22
00b16650	00ca373c	candidate_created	22
00b16670	00ca3740	candidate_created	22
00b16690	00ca3744	candidate_created	22
00b166b0	00ca3748	candidate_created	22
00b166d0	00ca374c	candidate_created	22
00b166f0	00ca3750	candidate_created	22
00b16710	00ca3754	candidate_created	22
00b16730	00ca3758	candidate_created	22
00b16750	00ca375c	candidate_created	22
00b16770	00ca3760	candidate_created	22
00b16790	00ca3764	candidate_created	22
00b167b0	00ca3768	candidate_created	22
00b167d0	00ca376c	candidate_created	22
00b167f0	00ca3770	candidate_created	22
00b16810	00ca3774	candidate_created	22
00b16830	00ca3778	candidate_created	22
00b16850	00ca377c	candidate_created	22
00b16870	00ca3780	candidate_created	22
00b16890	00ca3784	candidate_created	22
00b168b0	00ca3788	candidate_created	22
00b168d0	00ca378c	candidate_created	22
00b168f0	00ca3790	candidate_created	22
00b16910	00ca3794	candidate_created	22
00b16930	00ca3798	candidate_created	22
00b16950	00ca379c	candidate_created	22
00b16970	00ca37a0	candidate_created	22
00b16990	00ca37a4	candidate_created	22
00b169b0	00ca37a8	candidate_created	22
00b169d0	00ca37ac	candidate_created	22
00b169f0	00ca37b0	candidate_created	22
00b16a10	00ca37b4	candidate_created	22
00b16a30	00ca37b8	candidate_created	22
00b16a50	00ca37bc	candidate_created	22
00b16a70	00ca37c0	candidate_created	22
00b16a90	00ca37c4	candidate_created	22
00b16ab0	00ca37c8	candidate_created	22
00b16ad0	00ca37cc	candidate_created	22
00b16af0	00ca37d0	candidate_created	22
00b16b10	00ca37d4	candidate_created	22
00b16b30	00ca37d8	candidate_created	22
00b16b50	00ca37dc	candidate_created	22
00b16b70	00ca37e0	candidate_created	22
00b16b90	00ca37e4	candidate_created	22
00b16bb0	00ca37e8	candidate_created	22
00b16bd0	00ca37ec	candidate_created	22
00b16bf0	00ca37f0	candidate_created	22
00b16c10	00ca37f4	candidate_created	22
00b16c30	00ca37f8	candidate_created	22
00b16c50	00ca37fc	candidate_created	22
00b16c70	00ca3800	candidate_created	22
00b16c90	00ca3804	candidate_created	22
00b16cb0	00ca3808	candidate_created	22
00b16cd0	00ca380c	candidate_created	22
00b16cf0	00ca3810	candidate_created	22
00b16d10	00ca3814	candidate_created	22
00b16d30	00ca3818	candidate_created	22
00b16d50	00ca381c	candidate_created	22
00b16d70	00ca3820	candidate_created	22
00b16d90	00ca3824	candidate_created	22
00b16db0	00ca3828	candidate_created	22
00b16dd0	00ca382c	candidate_created	22
00b16df0	00ca3830	candidate_created	22
00b16e10	00ca3834	candidate_created	22
00b16e30	00ca3838	candidate_created	22
00b16e50	00ca383c	candidate_created	22
00b16e70	00ca3840	candidate_created	22
00b16e90	00ca3844	candidate_created	22
00b16eb0	00ca3848	candidate_created	22
00b16ed0	00ca384c	candidate_created	22
00b16ef0	00ca3850	candidate_created	22
00b16f10	00ca3854	candidate_created	22
00b16f30	00ca3858	candidate_created	22
00b16f50	00ca385c	candidate_created	22
00b16f70	00ca3860	candidate_created	22
00b16f90	00ca3864	candidate_created	22
00b16fb0	00ca3868	candidate_created	22
00b16fd0	00ca386c	candidate_created	22
00b16ff0	00ca3870	candidate_created	22
00b17010	00ca3874	candidate_created	22
00b17030	00ca3878	candidate_created	22
00b17050	00ca387c	candidate_created	22
00b17070	00ca3880	candidate_created	22
00b17090	00ca3884	candidate_created	22
00b170b0	00ca3888	candidate_created	22
00b170d0	00ca388c	candidate_created	22
00b170f0	00ca3890	candidate_created	22
00b17110	00ca3894	candidate_created	22
00b17130	00ca3898	candidate_created	22
00b17150	00ca389c	candidate_created	22
00b17170	00ca38a0	candidate_created	22
00b17190	00ca38a4	candidate_created	22
00b171b0	00ca38a8	candidate_created	22
00b171d0	00ca38ac	candidate_created	22
00b171f0	00ca38b0	candidate_created	22
00b17210	00ca38b4	candidate_created	22
00b17230	00ca38b8	candidate_created	22
00b17250	00ca38bc	candidate_created	22
00b17270	00ca38c0	candidate_created	22
00b17290	00ca38c4	candidate_created	22
00b172b0	00ca38c8	candidate_created	22
00b172d0	00ca38cc	candidate_created	22
00b172f0	00ca38d0	candidate_created	22
00b17310	00ca38d4	candidate_created	22
00b17330	00ca38d8	candidate_created	22
00b17350	00ca38dc	candidate_created	22
00b17370	00ca38e0	candidate_created	22
00b17390	00ca38e4	candidate_created	22
00b173b0	00ca38e8	candidate_created	22
00b173d0	00ca38ec	candidate_created	22
00b173f0	00ca38f0	candidate_created	22
00b17410	00ca38f4	candidate_created	22
00b17430	00ca38f8	candidate_created	22
00b17450	00ca38fc	candidate_created	22
00b17470	00ca3900	candidate_created	22
00b17490	00ca3904	candidate_created	22
00b174b0	00ca3908	candidate_created	22
00b174d0	00ca390c	candidate_created	22
00b174f0	00ca3910	candidate_created	22
00b17510	00ca3914	candidate_created	22
00b17530	00ca3918	candidate_created	22
00b17550	00ca391c	candidate_created	22
00b17570	00ca3920	candidate_created	22
00b17590	00ca3924	candidate_created	22
00b175b0	00ca3928	candidate_created	22
00b175d0	00ca392c	candidate_created	22
00b175f0	00ca3930	candidate_created	22
00b17610	00ca3934	candidate_created	22
00b17630	00ca3938	candidate_created	22
00b17650	00ca393c	candidate_created	22
00b17670	00ca3940	candidate_created	22
00b17690	00ca3944	candidate_created	22
00b176b0	00ca3948	candidate_created	22
00b176d0	00ca394c	candidate_created	22
00b176f0	00ca3950	candidate_created	22
00b17710	00ca3954	candidate_created	22
00b17730	00ca3958	candidate_created	22
00b17750	00ca395c	candidate_created	22
00b17770	00ca3960	candidate_created	22
00b17790	00ca3964	candidate_created	22
00b177b0	00ca3968	candidate_created	22
00b177d0	00ca396c	candidate_created	22
00b177f0	00ca3970	candidate_created	22
00b17810	00ca3974	candidate_created	22
00b17830	00ca3978	candidate_created	22
00b17850	00ca397c	candidate_created	22
00b17870	00ca3980	candidate_created	22
00b17890	00ca3984	candidate_created	22
00b178b0	00ca3988	candidate_created	22
00b178d0	00ca398c	candidate_created	22
00b178f0	00ca3990	candidate_created	22
00b17910	00ca3994	candidate_created	22
00b17930	00ca3998	candidate_created	22
00b17950	00ca399c	candidate_created	22
00b17970	00ca39a0	candidate_created	22
00b17990	00ca39a4	candidate_created	22
00b179b0	00ca39a8	candidate_created	22
00b179d0	00ca39ac	candidate_created	22
00b179f0	00ca39b0	candidate_created	22
00b17a10	00ca39b4	candidate_created	22
00b17a30	00ca39b8	candidate_created	22
00b17a50	00ca39bc	candidate_created	22
00b17a70	00ca39c0	candidate_created	22
00b17a90	00ca39c4	candidate_created	22
00b17ab0	00ca39c8	candidate_created	22
00b17ad0	00ca39cc	candidate_created	22
00b17af0	00ca39d0	candidate_created	22
00b17b10	00ca39d4	candidate_created	22
00b17b30	00ca39d8	candidate_created	22
00b17b50	00ca39dc	candidate_created	22
00b17b70	00ca39e0	candidate_created	22
00b17b90	00ca39e4	candidate_created	22
00b17bb0	00ca39e8	candidate_created	22
00b17bd0	00ca39ec	candidate_created	22
00b17bf0	00ca39f0	candidate_created	22
00b17c10	00ca39f4	candidate_created	22
00b17c30	00ca39f8	candidate_created	22
00b17c50	00ca39fc	candidate_created	22
00b17c70	00ca3a00	candidate_created	22
00b17c90	00ca3a04	candidate_created	22
00b17cb0	00ca3a08	candidate_created	22
00b17cd0	00ca3a0c	candidate_created	22
00b17cf0	00ca3a10	candidate_created	22
00b17d10	00ca3a14	candidate_created	22
00b17d30	00ca3a18	candidate_created	22
00b17d50	00ca3a1c	candidate_created	22
00b17d70	00ca3a20	candidate_created	22
00b17d90	00ca3a24	candidate_created	22
00b17db0	00ca3a28	candidate_created	22
00b17dd0	00ca3a2c	candidate_created	22
00b17df0	00ca3a30	candidate_created	22
00b17e10	00ca3a34	candidate_created	22
00b17e30	00ca3a38	candidate_created	22
00b17e50	00ca3a3c	candidate_created	22
00b17e70	00ca3a40	candidate_created	22
00b17e90	00ca3a44	candidate_created	22
00b17eb0	00ca3a48	candidate_created	22
00b17ed0	00ca3a4c	candidate_created	22
00b17ef0	00ca3a50	candidate_created	22
00b17f10	00ca3a54	candidate_created	22
00b17f30	00ca3a58	candidate_created	22
00b17f50	00ca3a5c	candidate_created	22
00b17f70	00ca3a60	candidate_created	22
00b17f90	00ca3a64	candidate_created	22
00b17fb0	00ca3a68	candidate_created	22
00b17fd0	00ca3a6c	candidate_created	22
00b17ff0	00ca3a70	candidate_created	22
00b18010	00ca3a74	candidate_created	22
00b18030	00ca3a78	candidate_created	22
00b18050	00ca3a7c	candidate_created	22
00b18070	00ca3a80	candidate_created	22
00b18090	00ca3a84	candidate_created	22
00b180b0	00ca3a88	candidate_created	22
00b180d0	00ca3a8c	candidate_created	22
00b180f0	00ca3a90	candidate_created	22
00b18110	00ca3a94	candidate_created	22
00b18130	00ca3a98	candidate_created	22
00b18150	00ca3a9c	candidate_created	22
00b18170	00ca3aa0	candidate_created	22
00b18190	00ca3aa4	candidate_created	22
00b181b0	00ca3aa8	candidate_created	22
00b181d0	00ca3aac	candidate_created	22
00b181f0	00ca3ab0	candidate_created	22
00b18210	00ca3ab4	candidate_created	22
00b18230	00ca3ab8	candidate_created	22
00b18250	00ca3abc	candidate_created	22
00b18270	00ca3ac0	candidate_created	22
00b18290	00ca3ac4	candidate_created	22
00b182b0	00ca3ac8	candidate_created	22
00b182d0	00ca3acc	candidate_created	22
00b182f0	00ca3ad0	candidate_created	22
00b18310	00ca3ad4	candidate_created	22
00b18330	00ca3ad8	candidate_created	22
00b18350	00ca3adc	candidate_created	22
00b18370	00ca3ae0	candidate_created	22
00b18390	00ca3ae4	candidate_created	22
00b183b0	00ca3ae8	candidate_created	22
00b183d0	00ca3aec	candidate_created	22
00b183f0	00ca3af0	candidate_created	22
00b18410	00ca3af4	candidate_created	22
00b18430	00ca3af8	candidate_created	22
00b18450	00ca3afc	candidate_created	22
00b18470	00ca3b00	candidate_created	22
00b18490	00ca3b04	candidate_created	22
00b184b0	00ca3b08	candidate_created	22
00b184d0	00ca3b0c	candidate_created	18
00b184f0	00ca3b10	candidate_created	22
00b18510	00ca3b14	candidate_created	24
00b18530	00ca3b18	candidate_created	37
00b18560	00ca3b1c	candidate_created	18
00b18580	00ca3b20	candidate_created	37
00b185b0	00ca3b24	candidate_created	18
00b185d0	00ca3b28	candidate_created	18
00b185f0	00ca3b2c	candidate_created	22
00b18610	00ca3b30	candidate_created	22
00b18630	00ca3b34	candidate_created	22
00b18650	00ca3b38	candidate_created	22
00b18670	00ca3b3c	candidate_created	22
00b18690	00ca3b40	candidate_created	22
00b186b0	00ca3b44	candidate_created	22
00b186d0	00ca3b48	candidate_created	22
00b186f0	00ca3b4c	candidate_created	22
00b18710	00ca3b50	candidate_created	22
00b18730	00ca3b54	candidate_created	22
00b18750	00ca3b58	candidate_created	18
00b18770	00ca3b5c	candidate_created	22
00b18790	00ca3b60	candidate_created	18
00b187b0	00ca3b64	candidate_created	22
00b187d0	00ca3b68	candidate_created	22
00b187f0	00ca3b6c	candidate_created	22
00b18810	00ca3b70	candidate_created	22
00b18830	00ca3b74	candidate_created	22
00b18850	00ca3b78	candidate_created	22
00b18870	00ca3b7c	candidate_created	22
00b18890	00ca3b80	candidate_created	22
00b188b0	00ca3b84	candidate_created	22
00b188d0	00ca3b88	candidate_created	22
00b188f0	00ca3b8c	candidate_created	22
00b18910	00ca3b90	candidate_created	22
00b18930	00ca3b94	candidate_created	22
00b18950	00ca3b98	candidate_created	22
00b18970	00ca3b9c	candidate_created	22
00b18990	00ca3ba0	candidate_created	22
00b189b0	00ca3ba4	candidate_created	24
00b189d0	00ca3ba8	candidate_created	37
00b18a00	00ca3bac	candidate_created	18
00b18a20	00ca3bb0	candidate_created	18
00b18a40	00ca3bb4	candidate_created	22
00b18a60	00ca3bb8	candidate_created	22
00b18a80	00ca3bbc	candidate_created	22
00b18aa0	00ca3bc0	candidate_created	22
00b18ac0	00ca3bc4	candidate_created	22
00b18ae0	00ca3bc8	candidate_created	22
00b18b00	00ca3bcc	candidate_created	22
00b18b20	00ca3bd0	candidate_created	22
00b18b40	00ca3bd4	candidate_created	22
00b18b60	00ca3bd8	candidate_created	22
00b18b80	00ca3bdc	candidate_created	22
00b18ba0	00ca3be0	candidate_created	22
00b18bc0	00ca3be4	candidate_created	22
00b18be0	00ca3be8	candidate_created	22
00b18c00	00ca3bec	candidate_created	22
00b18c20	00ca3bf0	candidate_created	22
00b18c40	00ca3bf4	candidate_created	22
00b18c60	00ca3bf8	candidate_created	22
00b18c80	00ca3bfc	candidate_created	22
00b18ca0	00ca3c00	candidate_created	22
00b18cc0	00ca3c04	candidate_created	22
00b18ce0	00ca3c08	candidate_created	22
00b18d00	00ca3c0c	candidate_created	22
00b18d20	00ca3c10	candidate_created	22
00b18d40	00ca3c14	candidate_created	18
00b18d60	00ca3c18	candidate_created	22
00b18d80	00ca3c1c	candidate_created	37
00b18db0	00ca3c20	candidate_created	18
00b18dd0	00ca3c24	candidate_created	22
00b18df0	00ca3c28	candidate_created	22
00b18e10	00ca3c2c	candidate_created	24
00b18e30	00ca3c30	candidate_created	287
00b18f50	00ca3c34	candidate_created	164
00b19160	00ca3c40	candidate_created	24
00b19180	00ca3c44	candidate_created	24
00b191a0	00ca3c48	candidate_created	81
00b19200	00ca3c4c	candidate_created	287
00b19320	00ca3c50	candidate_created	24
00b19340	00ca3c54	candidate_created	24
00b19360	00ca3c58	candidate_created	287
00b19480	00ca3c5c	candidate_created	24
00b194a0	00ca3c60	candidate_created	24
00b194c0	00ca3c64	candidate_created	24
00b194e0	00ca3c68	candidate_created	287
00b19600	00ca3c6c	candidate_created	24
00b19620	00ca3c70	candidate_created	24
00b19640	00ca3c74	candidate_created	24
00b19660	00ca3c78	candidate_created	24
00b19680	00ca3c7c	candidate_created	287
00b197a0	00ca3c80	candidate_created	12
00b197b0	00ca3c84	candidate_created	12
00b197c0	00ca3c88	candidate_created	24
00b197e0	00ca3c8c	candidate_created	64
00b19820	00ca3c90	candidate_created	64
00b19860	00ca3c94	candidate_created	64
00b198a0	00ca3c98	candidate_created	24
00b198c0	00ca3c9c	candidate_created	37
00b198f0	00ca3ca0	candidate_created	24
00b19910	00ca3ca4	candidate_created	24
00b19930	00ca3ca8	candidate_created	24
00b19950	00ca3cac	candidate_created	76
00b199a0	00ca3cb0	candidate_created	24
00b199c0	00ca3cb4	candidate_created	24
00b199e0	00ca3cb8	candidate_created	24
00b19a00	00ca3cbc	candidate_created	24
00b19a20	00ca3cc0	candidate_created	24
00b19a40	00ca3cc4	candidate_created	24
00b19a60	00ca3cc8	candidate_created	24
00b19a80	00ca3ccc	candidate_created	24
00b19aa0	00ca3cd0	candidate_created	24
00b19ac0	00ca3cd4	candidate_created	29
00b19ae0	00ca3cd8	candidate_created	29
00b19b00	00ca3cdc	candidate_created	24
00b19b20	00ca3ce0	candidate_created	24
00b19b40	00ca3ce4	candidate_created	24
00b19b60	00ca3ce8	candidate_created	24
00b19b80	00ca3cec	candidate_created	24
00b19ba0	00ca3cf0	candidate_created	89
00b19c10	00ca3cf4	candidate_created	24
00b19c30	00ca3cf8	candidate_created	22
00b19c50	00ca3cfc	candidate_created	24
00b19c70	00ca3d00	candidate_created	24
00b19c90	00ca3d04	candidate_created	24
00b19cb0	00ca3d08	candidate_created	24
00b19cd0	00ca3d0c	candidate_created	24
00b19cf0	00ca3d10	candidate_created	24
00b19d10	00ca3d14	candidate_created	24
00b19d30	00ca3d18	candidate_created	24
00b19d50	00ca3d1c	candidate_created	24
00b19d70	00ca3d20	candidate_created	24
00b19d90	00ca3d24	candidate_created	24
00b19db0	00ca3d28	candidate_created	24
00b19dd0	00ca3d2c	candidate_created	24
00b19df0	00ca3d30	candidate_created	24
00b19e10	00ca3d34	candidate_created	24
00b19e30	00ca3d38	candidate_created	24
00b19e50	00ca3d3c	candidate_created	24
00b19e70	00ca3d40	candidate_created	24
00b19e90	00ca3d44	candidate_created	24
00b19eb0	00ca3d48	candidate_created	24
00b19ed0	00ca3d4c	candidate_created	24
00b19ef0	00ca3d50	candidate_created	24
00b1a070	00ca3d5c	candidate_created	287
00b1a190	00ca3d60	candidate_created	24
00b1a1b0	00ca3d64	candidate_created	24
00b1a1d0	00ca3d68	candidate_created	24
00b1a1f0	00ca3d6c	candidate_created	24
00b1a210	00ca3d70	candidate_created	24
00b1a230	00ca3d74	candidate_created	24
00b1a250	00ca3d78	candidate_created	24
00b1a270	00ca3d7c	candidate_created	24
00b1a290	00ca3d80	candidate_created	24
00b1a2b0	00ca3d84	candidate_created	287
00b1a3d0	00ca3d88	candidate_created	24
00b1a3f0	00ca3d8c	candidate_created	24
00b1a410	00ca3d90	candidate_created	24
00b1a430	00ca3d94	candidate_created	24
00b1a450	00ca3d98	candidate_created	75
00b1a4a0	00ca3d9c	candidate_created	24
00b1a4c0	00ca3da0	candidate_created	24
00b1a4e0	00ca3da4	candidate_created	12
00b1a4f0	00ca3da8	candidate_created	24
00b1a510	00ca3dac	candidate_created	12
00b1a520	00ca3db0	candidate_created	12
00b1a530	00ca3db4	candidate_created	24
00b1a550	00ca3db8	candidate_created	287
00b1a670	00ca3dbc	candidate_created	24
00b1a690	00ca3dc0	candidate_created	24
00b1a6b0	00ca3dc4	candidate_created	24
00b1a6d0	00ca3dc8	candidate_created	24
00b1a6f0	00ca3dcc	candidate_created	24
00b1a710	00ca3dd0	candidate_created	75
00b1a760	00ca3dd4	candidate_created	38
00b1a790	00ca3dd8	candidate_created	24
00b1a7b0	00ca3ddc	candidate_created	24
00b1a7d0	00ca3de0	candidate_created	24
00b1a7f0	00ca3de4	candidate_created	24
00b1a810	00ca3de8	candidate_created	24
00b1a830	00ca3dec	candidate_created	24
00b1a850	00ca3df0	candidate_created	24
00b1a870	00ca3df4	candidate_created	24
00b1a890	00ca3df8	candidate_created	24
00b1a8b0	00ca3dfc	candidate_created	24
00b1a8d0	00ca3e00	candidate_created	24
00b1a8f0	00ca3e04	candidate_created	24
00b1a910	00ca3e08	candidate_created	24
00b1a930	00ca3e0c	candidate_created	24
00b1a950	00ca3e10	candidate_created	37
00b1a980	00ca3e14	candidate_created	18
00b1a9a0	00ca3e18	candidate_created	22
00b1a9c0	00ca3e1c	candidate_created	22
00b1a9e0	00ca3e20	candidate_created	22
00b1aa00	00ca3e24	candidate_created	22
00b1aa20	00ca3e28	candidate_created	22
00b1aa40	00ca3e2c	candidate_created	18
00b1aa60	00ca3e30	candidate_created	22
00b1aa80	00ca3e34	candidate_created	24
00b1aaa0	00ca3e38	candidate_created	16
00b1aab0	00ca3e3c	candidate_created	37
00b1aae0	00ca3e40	candidate_created	18
00b1ab00	00ca3e44	candidate_created	22
00b1ab20	00ca3e48	candidate_created	22
00b1ab40	00ca3e4c	candidate_created	22
00b1ab60	00ca3e50	candidate_created	22
00b1ab80	00ca3e54	candidate_created	22
00b1aba0	00ca3e58	candidate_created	22
00b1abc0	00ca3e5c	candidate_created	22
00b1abe0	00ca3e60	candidate_created	22
00b1ac00	00ca3e64	candidate_created	22
00b1ac20	00ca3e68	candidate_created	22
00b1ac40	00ca3e6c	candidate_created	18
00b1ac60	00ca3e70	candidate_created	22
00b1ac80	00ca3e74	candidate_created	22
00b1aca0	00ca3e78	candidate_created	22
00b1acc0	00ca3e7c	candidate_created	22
00b1ace0	00ca3e80	candidate_created	22
00b1ad00	00ca3e84	candidate_created	22
00b1ad20	00ca3e88	candidate_created	18
00b1ad40	00ca3e8c	candidate_created	22
00b1ad60	00ca3e90	candidate_created	18
00b1ad80	00ca3e94	candidate_created	22
00b1ada0	00ca3e98	candidate_created	22
00b1adc0	00ca3e9c	candidate_created	22
00b1ade0	00ca3ea0	candidate_created	22
00b1ae00	00ca3ea4	candidate_created	22
00b1ae20	00ca3ea8	candidate_created	18
00b1ae40	00ca3eac	candidate_created	22
00b1ae60	00ca3eb0	candidate_created	37
00b1ae90	00ca3eb4	candidate_created	18
00b1aeb0	00ca3eb8	candidate_created	22
00b1aed0	00ca3ebc	candidate_created	22
00b1aef0	00ca3ec0	candidate_created	22
00b1af10	00ca3ec4	candidate_created	22
00b1af30	00ca3ec8	candidate_created	22
00b1af50	00ca3ecc	candidate_created	22
00b1af70	00ca3ed0	candidate_created	22
00b1af90	00ca3ed4	candidate_created	22
00b1afb0	00ca3ed8	candidate_created	22
00b1afd0	00ca3edc	candidate_created	22
00b1aff0	00ca3ee0	candidate_created	22
00b1b010	00ca3ee4	candidate_created	22
00b1b030	00ca3ee8	candidate_created	22
00b1b050	00ca3eec	candidate_created	22
00b1b070	00ca3ef0	candidate_created	22
00b1b090	00ca3ef4	candidate_created	22
00b1b0b0	00ca3ef8	candidate_created	22
00b1b0d0	00ca3efc	candidate_created	22
00b1b0f0	00ca3f00	candidate_created	22
00b1b110	00ca3f04	candidate_created	22
00b1b130	00ca3f08	candidate_created	22
00b1b150	00ca3f0c	candidate_created	22
00b1b170	00ca3f10	candidate_created	18
00b1b190	00ca3f14	candidate_created	22
00b1b1b0	00ca3f18	candidate_created	22
00b1b1d0	00ca3f1c	candidate_created	22
00b1b1f0	00ca3f20	candidate_created	22
00b1b210	00ca3f24	candidate_created	22
00b1b230	00ca3f28	candidate_created	22
00b1b250	00ca3f2c	candidate_created	18
00b1b270	00ca3f30	candidate_created	22
00b1b290	00ca3f34	candidate_created	22
00b1b2b0	00ca3f38	candidate_created	22
00b1b2d0	00ca3f3c	candidate_created	22
00b1b2f0	00ca3f40	candidate_created	22
00b1b310	00ca3f44	candidate_created	22
00b1b330	00ca3f48	candidate_created	18
00b1b350	00ca3f4c	candidate_created	22
00b1b370	00ca3f50	candidate_created	22
00b1b390	00ca3f54	candidate_created	22
00b1b3b0	00ca3f58	candidate_created	22
00b1b3d0	00ca3f5c	candidate_created	22
00b1b3f0	00ca3f60	candidate_created	22
00b1b410	00ca3f64	candidate_created	22
00b1b430	00ca3f68	candidate_created	37
00b1b460	00ca3f6c	candidate_created	18
00b1b480	00ca3f70	candidate_created	22
00b1b4a0	00ca3f74	candidate_created	22
00b1b4c0	00ca3f78	candidate_created	22
00b1b4e0	00ca3f7c	candidate_created	22
00b1b500	00ca3f80	candidate_created	22
00b1b520	00ca3f84	candidate_created	22
00b1b540	00ca3f88	candidate_created	22
00b1b560	00ca3f8c	candidate_created	22
00b1b580	00ca3f90	candidate_created	22
00b1b5a0	00ca3f94	candidate_created	22
00b1b5c0	00ca3f98	candidate_created	22
00b1b5e0	00ca3f9c	candidate_created	22
00b1b600	00ca3fa0	candidate_created	22
00b1b620	00ca3fa4	candidate_created	22
00b1b640	00ca3fa8	candidate_created	18
00b1b660	00ca3fac	candidate_created	22
00b1b680	00ca3fb0	candidate_created	22
00b1b6a0	00ca3fb4	candidate_created	22
00b1b6c0	00ca3fb8	candidate_created	37
00b1b6f0	00ca3fbc	candidate_created	18
00b1b710	00ca3fc0	candidate_created	22
00b1b730	00ca3fc4	candidate_created	22
00b1b750	00ca3fc8	candidate_created	22
00b1b770	00ca3fcc	candidate_created	22
00b1b790	00ca3fd0	candidate_created	22
00b1b7b0	00ca3fd4	candidate_created	22
00b1b7d0	00ca3fd8	candidate_created	22
00b1b7f0	00ca3fdc	candidate_created	22
00b1b810	00ca3fe0	candidate_created	22
00b1b830	00ca3fe4	candidate_created	22
00b1b850	00ca3fe8	candidate_created	22
00b1b870	00ca3fec	candidate_created	22
00b1b890	00ca3ff0	candidate_created	22
00b1b8b0	00ca3ff4	candidate_created	22
00b1b8d0	00ca3ff8	candidate_created	22
00b1b8f0	00ca3ffc	candidate_created	22
00b1b910	00ca4000	candidate_created	22
00b1b930	00ca4004	candidate_created	22
00b1b950	00ca4008	candidate_created	22
00b1b970	00ca400c	candidate_created	22
00b1b990	00ca4010	candidate_created	22
00b1b9b0	00ca4014	candidate_created	22
00b1b9d0	00ca4018	candidate_created	22
00b1b9f0	00ca401c	candidate_created	22
00b1ba10	00ca4020	candidate_created	22
00b1ba30	00ca4024	candidate_created	22
00b1ba50	00ca4028	candidate_created	22
00b1ba70	00ca402c	candidate_created	22
00b1ba90	00ca4030	candidate_created	22
00b1bab0	00ca4034	candidate_created	22
00b1bad0	00ca4038	candidate_created	22
00b1baf0	00ca403c	candidate_created	22
00b1bb10	00ca4040	candidate_created	22
00b1bb30	00ca4044	candidate_created	22
00b1bb50	00ca4048	candidate_created	22
00b1bb70	00ca404c	candidate_created	22
00b1bb90	00ca4050	candidate_created	22
00b1bbb0	00ca4054	candidate_created	22
00b1bbd0	00ca4058	candidate_created	22
00b1bbf0	00ca405c	candidate_created	22
00b1bc10	00ca4060	candidate_created	22
00b1bc30	00ca4064	candidate_created	22
00b1bc50	00ca4068	candidate_created	24
00b1bc70	00ca406c	candidate_created	24
00b1bc90	00ca4070	candidate_created	37
00b1bcc0	00ca4074	candidate_created	37
00b1bcf0	00ca4078	candidate_created	24
00b1bd10	00ca407c	candidate_created	24
00b1bd30	00ca4080	candidate_created	24
00b1beb0	00ca408c	candidate_created	12
00b1bec0	00ca4090	candidate_created	24
00b1bee0	00ca4094	candidate_created	24
00b1bf00	00ca4098	candidate_created	24
00b1bf20	00ca409c	candidate_created	24
00b1bf40	00ca40a0	candidate_created	12
00b1bf50	00ca40a4	candidate_created	12
00b1bf60	00ca40a8	candidate_created	12
00b1bf70	00ca40ac	candidate_created	12
00b1bf80	00ca40b0	candidate_created	12
00b1bf90	00ca40b4	candidate_created	12
00b1bfa0	00ca40b8	candidate_created	12
00b1c070	00ca40c4	candidate_created	12
00b1c080	00ca40c8	candidate_created	64
00b1c0c0	00ca40cc	candidate_created	12
00b1c0d0	00ca40d0	candidate_created	11
00b1c0e0	00ca40d4	candidate_created	11
00b1c0f0	00ca40d8	candidate_created	76
00b1c140	00ca40dc	candidate_created	11
00b1c150	00ca40e0	candidate_created	11
00b1c160	00ca40e4	candidate_created	287
00b1c280	00ca40e8	candidate_created	12
00b1c290	00ca40ec	candidate_created	12
00b1c2a0	00ca40f0	candidate_created	12
00b1c2b0	00ca40f4	candidate_created	29
00b1c2d0	00ca40f8	candidate_created	29
00b1c2f0	00ca40fc	candidate_created	17
00b1c310	00ca4100	candidate_created	17
00b1c330	00ca4104	candidate_created	22
00b1c350	00ca4108	candidate_created	12
00b1c360	00ca410c	candidate_created	12
00b1c370	00ca4110	candidate_created	37
00b1c3a0	00ca4114	candidate_created	18
00b1c3c0	00ca4118	candidate_created	22
00b1c3e0	00ca411c	candidate_created	22
00b1c400	00ca4120	candidate_created	22
00b1c420	00ca4124	candidate_created	22
00b1c440	00ca4128	candidate_created	22
00b1c460	00ca412c	candidate_created	22
00b1c480	00ca4130	candidate_created	22
00b1c4a0	00ca4134	candidate_created	22
00b1c4c0	00ca4138	candidate_created	22
00b1c4e0	00ca413c	candidate_created	22
00b1c500	00ca4140	candidate_created	22
00b1c520	00ca4144	candidate_created	22
00b1c540	00ca4148	candidate_created	22
00b1c560	00ca414c	candidate_created	22
00b1c580	00ca4150	candidate_created	22
00b1c5a0	00ca4154	candidate_created	22
00b1c5c0	00ca4158	candidate_created	18
00b1c5e0	00ca415c	candidate_created	22
00b1c600	00ca4160	candidate_created	22
00b1c620	00ca4164	candidate_created	22
00b1c640	00ca4168	candidate_created	22
00b1c660	00ca416c	candidate_created	22
00b1c680	00ca4170	candidate_created	22
00b1c6a0	00ca4174	candidate_created	22
00b1c6c0	00ca4178	candidate_created	22
00b1c6e0	00ca417c	candidate_created	22
00b1c700	00ca4180	candidate_created	22
00b1c720	00ca4184	candidate_created	22
00b1c740	00ca4188	candidate_created	22
00b1c760	00ca418c	candidate_created	18
00b1c780	00ca4190	candidate_created	22
00b1c7a0	00ca4194	candidate_created	22
00b1c7c0	00ca4198	candidate_created	22
00b1c7e0	00ca419c	candidate_created	22
00b1c800	00ca41a0	candidate_created	22
00b1c820	00ca41a4	candidate_created	22
00b1c840	00ca41a8	candidate_created	22
00b1c860	00ca41ac	candidate_created	22
00b1c880	00ca41b0	candidate_created	22
00b1c8a0	00ca41b4	candidate_created	22
00b1c8c0	00ca41b8	candidate_created	22
00b1c8e0	00ca41bc	candidate_created	22
00b1c900	00ca41c0	candidate_created	22
00b1c920	00ca41c4	candidate_created	22
00b1c940	00ca41c8	candidate_created	22
00b1c960	00ca41cc	candidate_created	22
00b1c980	00ca41d0	candidate_created	22
00b1c9a0	00ca41d4	candidate_created	22
00b1c9c0	00ca41d8	candidate_created	22
00b1c9e0	00ca41dc	candidate_created	22
00b1ca00	00ca41e0	candidate_created	22
00b1ca20	00ca41e4	candidate_created	22
00b1ca40	00ca41e8	candidate_created	22
00b1ca60	00ca41ec	candidate_created	22
00b1ca80	00ca41f0	candidate_created	22
00b1caa0	00ca41f4	candidate_created	22
00b1cac0	00ca41f8	candidate_created	22
00b1cae0	00ca41fc	candidate_created	22
00b1cb00	00ca4200	candidate_created	22
00b1cb20	00ca4204	candidate_created	22
00b1cb40	00ca4208	candidate_created	22
00b1cb60	00ca420c	candidate_created	22
00b1cb80	00ca4210	candidate_created	22
00b1cba0	00ca4214	candidate_created	22
00b1cbc0	00ca4218	candidate_created	22
00b1cbe0	00ca421c	candidate_created	22
00b1cc00	00ca4220	candidate_created	22
00b1cc20	00ca4224	candidate_created	22
00b1cc40	00ca4228	candidate_created	22
00b1cc60	00ca422c	candidate_created	22
00b1cc80	00ca4230	candidate_created	22
00b1cca0	00ca4234	candidate_created	22
00b1ccc0	00ca4238	candidate_created	22
00b1cce0	00ca423c	candidate_created	22
00b1cd00	00ca4240	candidate_created	22
00b1cd20	00ca4244	candidate_created	22
00b1cd40	00ca4248	candidate_created	22
00b1cd60	00ca424c	candidate_created	22
00b1cd80	00ca4250	candidate_created	22
00b1cda0	00ca4254	candidate_created	22
00b1cdc0	00ca4258	candidate_created	22
00b1cde0	00ca425c	candidate_created	22
00b1ce00	00ca4260	candidate_created	22
00b1ce20	00ca4264	candidate_created	22
00b1ce40	00ca4268	candidate_created	22
00b1ce60	00ca426c	candidate_created	22
00b1ce80	00ca4270	candidate_created	22
00b1cea0	00ca4274	candidate_created	22
00b1cec0	00ca4278	candidate_created	22
00b1cee0	00ca427c	candidate_created	22
00b1cf00	00ca4280	candidate_created	22
00b1cf20	00ca4284	candidate_created	22
00b1cf40	00ca4288	candidate_created	22
00b1cf60	00ca428c	candidate_created	22
00b1cf80	00ca4290	candidate_created	22
00b1cfa0	00ca4294	candidate_created	22
00b1cfc0	00ca4298	candidate_created	22
00b1cfe0	00ca429c	candidate_created	22
00b1d000	00ca42a0	candidate_created	22
00b1d020	00ca42a4	candidate_created	22
00b1d040	00ca42a8	candidate_created	22
00b1d060	00ca42ac	candidate_created	22
00b1d080	00ca42b0	candidate_created	22
00b1d0a0	00ca42b4	candidate_created	22
00b1d0c0	00ca42b8	candidate_created	22
00b1d0e0	00ca42bc	candidate_created	22
00b1d100	00ca42c0	candidate_created	22
00b1d120	00ca42c4	candidate_created	22
00b1d140	00ca42c8	candidate_created	22
00b1d160	00ca42cc	candidate_created	22
00b1d180	00ca42d0	candidate_created	22
00b1d1a0	00ca42d4	candidate_created	22
00b1d1c0	00ca42d8	candidate_created	18
00b1d1e0	00ca42dc	candidate_created	37
00b1d210	00ca42e0	candidate_created	18
00b1d230	00ca42e4	candidate_created	22
00b1d250	00ca42e8	candidate_created	22
00b1d270	00ca42ec	candidate_created	22
00b1d290	00ca42f0	candidate_created	22
00b1d2b0	00ca42f4	candidate_created	22
00b1d2d0	00ca42f8	candidate_created	22
00b1d2f0	00ca42fc	candidate_created	22
00b1d310	00ca4300	candidate_created	22
00b1d330	00ca4304	candidate_created	22
00b1d350	00ca4308	candidate_created	22
00b1d370	00ca430c	candidate_created	22
00b1d390	00ca4310	candidate_created	22
00b1d3b0	00ca4314	candidate_created	22
00b1d3d0	00ca4318	candidate_created	22
00b1d3f0	00ca431c	candidate_created	22
00b1d410	00ca4320	candidate_created	22
00b1d430	00ca4324	candidate_created	22
00b1d450	00ca4328	candidate_created	22
00b1d470	00ca432c	candidate_created	22
00b1d490	00ca4330	candidate_created	22
00b1d4b0	00ca4334	candidate_created	37
00b1d4e0	00ca4338	candidate_created	18
00b1d500	00ca433c	candidate_created	22
00b1d520	00ca4340	candidate_created	22
00b1d540	00ca4344	candidate_created	22
00b1d560	00ca4348	candidate_created	22
00b1d580	00ca434c	candidate_created	22
00b1d5a0	00ca4350	candidate_created	22
00b1d5c0	00ca4354	candidate_created	22
00b1d5e0	00ca4358	candidate_created	22
00b1d600	00ca435c	candidate_created	22
00b1d620	00ca4360	candidate_created	37
00b1d650	00ca4364	candidate_created	18
00b1d670	00ca4368	candidate_created	22
00b1d690	00ca436c	candidate_created	22
00b1d6b0	00ca4370	candidate_created	22
00b1d6d0	00ca4374	candidate_created	22
00b1d6f0	00ca4378	candidate_created	22
00b1d710	00ca437c	candidate_created	18
00b1d730	00ca4380	candidate_created	22
00b1d750	00ca4384	candidate_created	22
00b1d770	00ca4388	candidate_created	22
00b1d790	00ca438c	candidate_created	22
00b1d7b0	00ca4390	candidate_created	22
00b1d7d0	00ca4394	candidate_created	22
00b1d7f0	00ca4398	candidate_created	22
00b1d810	00ca439c	candidate_created	22
00b1d830	00ca43a0	candidate_created	22
00b1d850	00ca43a4	candidate_created	22
00b1d870	00ca43a8	candidate_created	22
00b1d890	00ca43ac	candidate_created	22
00b1d8b0	00ca43b0	candidate_created	22
00b1d8d0	00ca43b4	candidate_created	22
00b1d8f0	00ca43b8	candidate_created	22
00b1d910	00ca43bc	candidate_created	22
00b1d930	00ca43c0	candidate_created	22
00b1d950	00ca43c4	candidate_created	22
00b1d970	00ca43c8	candidate_created	22
00b1d990	00ca43cc	candidate_created	22
00b1d9b0	00ca43d0	candidate_created	37
00b1d9e0	00ca43d4	candidate_created	18
00b1da00	00ca43d8	candidate_created	22
00b1da20	00ca43dc	candidate_created	37
00b1da50	00ca43e0	candidate_created	18
00b1da70	00ca43e4	candidate_created	22
00b1da90	00ca43e8	candidate_created	22
00b1dab0	00ca43ec	candidate_created	22
00b1dad0	00ca43f0	candidate_created	22
00b1daf0	00ca43f4	candidate_created	22
00b1db10	00ca43f8	candidate_created	22
00b1db30	00ca43fc	candidate_created	22
00b1db50	00ca4400	candidate_created	22
00b1db70	00ca4404	candidate_created	22
00b1db90	00ca4408	candidate_created	22
00b1dbb0	00ca440c	candidate_created	22
00b1dbd0	00ca4410	candidate_created	22
00b1dbf0	00ca4414	candidate_created	22
00b1dc10	00ca4418	candidate_created	22
00b1dc30	00ca441c	candidate_created	22
00b1dc50	00ca4420	candidate_created	22
00b1dc70	00ca4424	candidate_created	22
00b1dc90	00ca4428	candidate_created	22
00b1dcb0	00ca442c	candidate_created	22
00b1dcd0	00ca4430	candidate_created	22
00b1dcf0	00ca4434	candidate_created	24
00b1dd10	00ca4438	candidate_created	22
00b1dd30	00ca443c	candidate_created	29
00b1dd50	00ca4440	candidate_created	29
00b1dd70	00ca4444	candidate_created	29
00b1dd90	00ca4448	candidate_created	22
00b1ddb0	00ca444c	candidate_created	24
00b1ddd0	00ca4450	candidate_created	24
00b1ddf0	00ca4454	candidate_created	24
00b1de10	00ca4458	candidate_created	24
00b1de30	00ca445c	candidate_created	24
00b1de48	00ca2008	candidate_created	22
00b1de5e	00ca4460	candidate_created	12
00b1de6a	00ca200c	candidate_created	22
00b1de80	00ca2010	candidate_created	12
00b1de90	00ca4464	candidate_created	59
00b1ded0	00ca4468	candidate_created	59
00b1df10	00ca446c	candidate_created	59
00b1df50	00ca4470	candidate_created	70
00b1dfa0	00ca4474	candidate_created	70
00b1dff0	00ca4478	candidate_created	59
00b1e030	00ca447c	candidate_created	59
00b1e070	00ca4480	candidate_created	70
00b1e0c0	00ca4484	candidate_created	59
00b1e100	00ca4488	candidate_created	70
00b1e150	00ca448c	candidate_created	70
00b1e1a0	00ca4490	candidate_created	70
00b1e1f0	00ca4494	candidate_created	70
00b1e240	00ca4498	candidate_created	59
00b1e280	00ca449c	candidate_created	70
00b1e2d0	00ca44a0	candidate_created	59
00b1e310	00ca44a4	candidate_created	59
00b1e350	00ca44a8	candidate_created	59
00b1e390	00ca44ac	candidate_created	59
00b1e3d0	00ca44b0	candidate_created	59
00b1e410	00ca44b4	candidate_created	59
00b1e450	00ca44b8	candidate_created	70
00b1e4a0	00ca44bc	candidate_created	59
00b1e4e0	00ca44c0	candidate_created	59
00b1e520	00ca44c4	candidate_created	70
00b1e570	00ca44c8	candidate_created	70
00b1e5c0	00ca44cc	candidate_created	70
00b1e610	00ca44d0	candidate_created	70
00b1e660	00ca44d4	candidate_created	70
00b1e6b0	00ca44d8	candidate_created	70
00b1e700	00ca44dc	candidate_created	70
00b1e750	00ca44e0	candidate_created	59
00b1e790	00ca44e4	candidate_created	70
00b1e7e0	00ca44e8	candidate_created	59
00b1e820	00ca44ec	candidate_created	70
00b1e870	00ca44f0	candidate_created	59
00b1e8b0	00ca44f4	candidate_created	70
00b1e900	00ca44f8	candidate_created	70
00b1e950	00ca44fc	candidate_created	59
00b1e990	00ca4500	candidate_created	70
00b1e9e0	00ca4504	candidate_created	70
00b1ea30	00ca4508	candidate_created	70
00b1ea80	00ca450c	candidate_created	70
00b1ead0	00ca4510	candidate_created	59
00b1eb10	00ca4514	candidate_created	70
00b1eb60	00ca4518	candidate_created	59
00b1eba0	00ca451c	candidate_created	70
00b1ebf0	00ca4520	candidate_created	70
00b1ec40	00ca4524	candidate_created	59
00b1ec80	00ca4528	candidate_created	70
00b1ecd0	00ca452c	candidate_created	70
00b1ed20	00ca4530	candidate_created	70
00b1ed70	00ca4534	candidate_created	70
00b1edc0	00ca4538	candidate_created	70
00b1ee10	00ca453c	candidate_created	70
00b1ee60	00ca4540	candidate_created	70
00b1eeb0	00ca4544	candidate_created	70
00b1ef00	00ca4548	candidate_created	70
00b1ef50	00ca454c	candidate_created	70
00b1efa0	00ca4550	candidate_created	70
00b1eff0	00ca4554	candidate_created	59
00b1f030	00ca4558	candidate_created	70
00b1f080	00ca455c	candidate_created	70
00b1f0d0	00ca4560	candidate_created	70
00b1f120	00ca4564	candidate_created	70
00b1f170	00ca4568	candidate_created	70
00b1f1c0	00ca456c	candidate_created	70
00b1f210	00ca4570	candidate_created	70
00b1f260	00ca4574	candidate_created	59
00b1f2a0	00ca4578	candidate_created	59
00b1f2e0	00ca457c	candidate_created	59
00b1f320	00ca4580	candidate_created	59
00b1f360	00ca4584	candidate_created	59
00b1f3a0	00ca4588	candidate_created	59
00b1f3e0	00ca458c	candidate_created	59
00b1f420	00ca4590	candidate_created	59
00b1f460	00ca4594	candidate_created	59
00b1f4a0	00ca4598	candidate_created	59
00b1f4e0	00ca459c	candidate_created	59
00b1f520	00ca45a0	candidate_created	59
00b1f560	00ca45a4	candidate_created	59
00b1f5a0	00ca45a8	candidate_created	37
00b1f5d0	00ca45ac	candidate_created	59
00b1f610	00ca45b0	candidate_created	59
00b1f650	00ca45b4	candidate_created	70
00b1f6a0	00ca45b8	candidate_created	59
00b1f6e0	00ca45bc	candidate_created	59
00b1f720	00ca45c0	candidate_created	59
00b1f760	00ca45c4	candidate_created	59
00b1f7a0	00ca45c8	candidate_created	59
00b1f7e0	00ca45cc	candidate_created	59
00b1f820	00ca45d0	candidate_created	59
00b1f860	00ca45d4	candidate_created	64
00b1f8a0	00ca45d8	candidate_created	37
00b1f8d0	00ca45dc	candidate_created	18
00b1f8f0	00ca45e0	candidate_created	22
00b1f910	00ca45e4	candidate_created	22
00b1f930	00ca45e8	candidate_created	59
00b1f970	00ca45ec	candidate_created	59
00b1f9b0	00ca45f0	candidate_created	59
00b1f9f0	00ca45f4	candidate_created	22
00b1fa10	00ca45f8	candidate_created	59
00b1fa50	00ca45fc	candidate_created	59
00b1fa90	00ca4600	candidate_created	59
00b1fad0	00ca4604	candidate_created	59
00b1fb10	00ca4608	candidate_created	12
00b1fb20	00ca460c	candidate_created	12
00b1fb30	00ca4610	candidate_created	64
00b1fb70	00ca4614	candidate_created	12
00b1fb80	00ca4618	candidate_created	11
00b1fb90	00ca461c	candidate_created	12
00b1fba0	00ca4620	candidate_created	11
00b1fbb0	00ca4624	candidate_created	12
00b1fbc0	00ca4628	candidate_created	12
00b1fbd0	00ca462c	candidate_created	37
00b1fc00	00ca4630	candidate_created	18
00b1fc20	00ca4634	candidate_created	22
00b1fc40	00ca4638	candidate_created	22
00b1fc60	00ca463c	candidate_created	22
00b1fc80	00ca4640	candidate_created	22
00b1fca0	00ca4644	candidate_created	22
00b1fcc0	00ca4648	candidate_created	22
00b1fce0	00ca464c	candidate_created	22
00b1fd00	00ca4650	candidate_created	22
00b1fd20	00ca4654	candidate_created	22
00b1fd40	00ca4658	candidate_created	22
00b1fd60	00ca465c	candidate_created	22
00b1fd80	00ca4660	candidate_created	22
00b1fda0	00ca4664	candidate_created	22
00b1fdc0	00ca4668	candidate_created	22
00b1fde0	00ca466c	candidate_created	18
00b1fe00	00ca4670	candidate_created	22
00b1fe20	00ca4674	candidate_created	22
00b1fe40	00ca4678	candidate_created	22
00b1fe60	00ca467c	candidate_created	22
00b1fe80	00ca4680	candidate_created	22
00b1fea0	00ca4684	candidate_created	22
00b1fec0	00ca4688	candidate_created	22
00b1fee0	00ca468c	candidate_created	22
00b1ff00	00ca4690	candidate_created	22
00b1ff20	00ca4694	candidate_created	22
00b1ff40	00ca4698	candidate_created	22
00b1ff60	00ca469c	candidate_created	22
00b1ff80	00ca46a0	candidate_created	22
00b1ffa0	00ca46a4	candidate_created	18
00b1ffc0	00ca46a8	candidate_created	22
00b1ffe0	00ca46ac	candidate_created	22
00b20000	00ca46b0	candidate_created	18
00b20020	00ca46b4	candidate_created	22
00b20040	00ca46b8	candidate_created	22
00b20060	00ca46bc	candidate_created	22
00b20080	00ca46c0	candidate_created	22
00b200a0	00ca46c4	candidate_created	22
00b200c0	00ca46c8	candidate_created	22
00b200e0	00ca46cc	candidate_created	22
00b20100	00ca46d0	candidate_created	22
00b20120	00ca46d4	candidate_created	22
00b20140	00ca46d8	candidate_created	22
00b20160	00ca46dc	candidate_created	22
00b20180	00ca46e0	candidate_created	22
00b201a0	00ca46e4	candidate_created	18
00b201c0	00ca46e8	candidate_created	22
00b201e0	00ca46ec	candidate_created	22
00b20200	00ca46f0	candidate_created	22
00b20220	00ca46f4	candidate_created	22
00b20240	00ca46f8	candidate_created	22
00b20260	00ca46fc	candidate_created	22
00b20280	00ca4700	candidate_created	22
00b202a0	00ca4704	candidate_created	22
00b202c0	00ca4708	candidate_created	18
00b202e0	00ca470c	candidate_created	22
00b20300	00ca4710	candidate_created	22
00b20320	00ca4714	candidate_created	18
00b20340	00ca4718	candidate_created	22
00b20360	00ca471c	candidate_created	22
00b20380	00ca4720	candidate_created	18
00b203a0	00ca4724	candidate_created	22
00b203c0	00ca4728	candidate_created	41
00b203f0	00ca472c	candidate_created	41
00b20420	00ca4730	candidate_created	11
00b20430	00ca4734	candidate_created	12
00b20440	00ca4738	candidate_created	37
00b20470	00ca473c	candidate_created	24
00b20490	00ca4740	candidate_created	37
00b204c0	00ca4744	candidate_created	24
00b204e0	00ca4748	candidate_created	12
00b204f0	00ca474c	candidate_created	75
00b20540	00ca4750	candidate_created	38
00b20570	00ca4754	candidate_created	38
00b205a0	00ca4758	candidate_created	38
00b205d0	00ca475c	candidate_created	40
00b20600	00ca4760	candidate_created	38
00b20630	00ca4764	candidate_created	38
00b20660	00ca4768	candidate_created	41
00b20690	00ca476c	candidate_created	36
00b206c0	00ca4770	candidate_created	37
00b206f0	00ca4774	candidate_created	18
00b20710	00ca4778	candidate_created	22
00b20730	00ca477c	candidate_created	22
00b20750	00ca4780	candidate_created	22
00b20770	00ca4784	candidate_created	22
00b20790	00ca4788	candidate_created	22
00b207b0	00ca478c	candidate_created	22
00b207d0	00ca4790	candidate_created	22
00b207f0	00ca4794	candidate_created	22
00b20810	00ca4798	candidate_created	22
00b20830	00ca479c	candidate_created	22
00b20850	00ca47a0	candidate_created	22
00b20870	00ca47a4	candidate_created	22
00b20890	00ca47a8	candidate_created	22
00b208b0	00ca47ac	candidate_created	22
00b208d0	00ca47b0	candidate_created	22
00b208f0	00ca47b4	candidate_created	22
00b20910	00ca47b8	candidate_created	22
00b20930	00ca47bc	candidate_created	22
00b20950	00ca47c0	candidate_created	22
00b20970	00ca47c4	candidate_created	22
00b20990	00ca47c8	candidate_created	22
00b209b0	00ca47cc	candidate_created	22
00b209d0	00ca47d0	candidate_created	22
00b209f0	00ca47d4	candidate_created	22
00b20a10	00ca47d8	candidate_created	22
00b20a30	00ca47dc	candidate_created	22
00b20a50	00ca47e0	candidate_created	22
00b20a70	00ca47e4	candidate_created	22
00b20a90	00ca47e8	candidate_created	22
00b20ab0	00ca47ec	candidate_created	22
00b20ad0	00ca47f0	candidate_created	22
00b20af0	00ca47f4	candidate_created	22
00b20b10	00ca47f8	candidate_created	22
00b20b30	00ca47fc	candidate_created	22
00b20b50	00ca4800	candidate_created	22
00b20b70	00ca4804	candidate_created	22
00b20b90	00ca4808	candidate_created	22
00b20bb0	00ca480c	candidate_created	22
00b20bd0	00ca4810	candidate_created	22
00b20bf0	00ca4814	candidate_created	22
00b20c10	00ca4818	candidate_created	22
00b20c30	00ca481c	candidate_created	22
00b20c50	00ca4820	candidate_created	22
00b20c70	00ca4824	candidate_created	22
00b20c90	00ca4828	candidate_created	22
00b20cb0	00ca482c	candidate_created	22
00b20cd0	00ca4830	candidate_created	22
00b20cf0	00ca4834	candidate_created	18
00b20d10	00ca4838	candidate_created	22
00b20d30	00ca483c	candidate_created	22
00b20d50	00ca4840	candidate_created	22
00b20d70	00ca4844	candidate_created	22
00b20d90	00ca4848	candidate_created	22
00b20db0	00ca484c	candidate_created	22
00b20dd0	00ca4850	candidate_created	22
00b20df0	00ca4854	candidate_created	22
00b20e10	00ca4858	candidate_created	22
00b20e30	00ca485c	candidate_created	22
00b20e50	00ca4860	candidate_created	22
00b20e70	00ca4864	candidate_created	22
00b20e90	00ca4868	candidate_created	22
00b20eb0	00ca486c	candidate_created	22
00b20ed0	00ca4870	candidate_created	22
00b20ef0	00ca4874	candidate_created	22
00b20f10	00ca4878	candidate_created	22
00b20f30	00ca487c	candidate_created	22
00b20f50	00ca4880	candidate_created	22
00b20f70	00ca4884	candidate_created	22
00b20f90	00ca4888	candidate_created	22
00b20fb0	00ca488c	candidate_created	22
00b20fd0	00ca4890	candidate_created	22
00b20ff0	00ca4894	candidate_created	22
00b21010	00ca4898	candidate_created	22
00b21030	00ca489c	candidate_created	22
00b21050	00ca48a0	candidate_created	22
00b21070	00ca48a4	candidate_created	22
00b21090	00ca48a8	candidate_created	22
00b210b0	00ca48ac	candidate_created	22
00b210d0	00ca48b0	candidate_created	22
00b210f0	00ca48b4	candidate_created	22
00b21110	00ca48b8	candidate_created	22
00b21130	00ca48bc	candidate_created	22
00b21150	00ca48c0	candidate_created	22
00b21170	00ca48c4	candidate_created	22
00b21190	00ca48c8	candidate_created	22
00b211b0	00ca48cc	candidate_created	22
00b211d0	00ca48d0	candidate_created	22
00b211f0	00ca48d4	candidate_created	22
00b21210	00ca48d8	candidate_created	22
00b21230	00ca48dc	candidate_created	22
00b21250	00ca48e0	candidate_created	22
00b21270	00ca48e4	candidate_created	18
00b21290	00ca48e8	candidate_created	22
00b212b0	00ca48ec	candidate_created	22
00b212d0	00ca48f0	candidate_created	22
00b212f0	00ca48f4	candidate_created	22
00b21310	00ca48f8	candidate_created	22
00b21330	00ca48fc	candidate_created	22
00b21350	00ca4900	candidate_created	22
00b21370	00ca4904	candidate_created	22
00b21390	00ca4908	candidate_created	22
00b213b0	00ca490c	candidate_created	22
00b213d0	00ca4910	candidate_created	22
00b213f0	00ca4914	candidate_created	22
00b21410	00ca4918	candidate_created	22
00b21430	00ca491c	candidate_created	22
00b21450	00ca4920	candidate_created	22
00b21470	00ca4924	candidate_created	22
00b21490	00ca4928	candidate_created	22
00b214b0	00ca492c	candidate_created	22
00b214d0	00ca4930	candidate_created	22
00b214f0	00ca4934	candidate_created	22
00b21510	00ca4938	candidate_created	22
00b21530	00ca493c	candidate_created	22
00b21550	00ca4940	candidate_created	22
00b21570	00ca4944	candidate_created	22
00b21590	00ca4948	candidate_created	22
00b215b0	00ca494c	candidate_created	22
00b215d0	00ca4950	candidate_created	22
00b215f0	00ca4954	candidate_created	22
00b21610	00ca4958	candidate_created	22
00b21630	00ca495c	candidate_created	22
00b21650	00ca4960	candidate_created	22
00b21670	00ca4964	candidate_created	22
00b21690	00ca4968	candidate_created	22
00b216b0	00ca496c	candidate_created	22
00b216d0	00ca4970	candidate_created	22
00b216f0	00ca4974	candidate_created	22
00b21710	00ca4978	candidate_created	22
00b21730	00ca497c	candidate_created	22
00b21750	00ca4980	candidate_created	22
00b21770	00ca4984	candidate_created	22
00b21790	00ca4988	candidate_created	22
00b217b0	00ca498c	candidate_created	22
00b217d0	00ca4990	candidate_created	22
00b217f0	00ca4994	candidate_created	22
00b21810	00ca4998	candidate_created	22
00b21830	00ca499c	candidate_created	22
00b21850	00ca49a0	candidate_created	22
00b21870	00ca49a4	candidate_created	22
00b21890	00ca49a8	candidate_created	22
00b218b0	00ca49ac	candidate_created	22
00b218d0	00ca49b0	candidate_created	22
00b218f0	00ca49b4	candidate_created	22
00b21910	00ca49b8	candidate_created	22
00b21930	00ca49bc	candidate_created	22
00b21950	00ca49c0	candidate_created	22
00b21970	00ca49c4	candidate_created	22
00b21990	00ca49c8	candidate_created	22
00b219b0	00ca49cc	candidate_created	22
00b219d0	00ca49d0	candidate_created	22
00b219f0	00ca49d4	candidate_created	22
00b21a10	00ca49d8	candidate_created	22
00b21a30	00ca49dc	candidate_created	22
00b21a50	00ca49e0	candidate_created	22
00b21a70	00ca49e4	candidate_created	22
00b21a90	00ca49e8	candidate_created	22
00b21ab0	00ca49ec	candidate_created	22
00b21ad0	00ca49f0	candidate_created	22
00b21af0	00ca49f4	candidate_created	22
00b21b10	00ca49f8	candidate_created	22
00b21b30	00ca49fc	candidate_created	22
00b21b50	00ca4a00	candidate_created	22
00b21b70	00ca4a04	candidate_created	22
00b21b90	00ca4a08	candidate_created	22
00b21bb0	00ca4a0c	candidate_created	22
00b21bd0	00ca4a10	candidate_created	22
00b21bf0	00ca4a14	candidate_created	22
00b21c10	00ca4a18	candidate_created	22
00b21c30	00ca4a1c	candidate_created	22
00b21c50	00ca4a20	candidate_created	22
00b21c70	00ca4a24	candidate_created	22
00b21c90	00ca4a28	candidate_created	22
00b21cb0	00ca4a2c	candidate_created	22
00b21cd0	00ca4a30	candidate_created	22
00b21cf0	00ca4a34	candidate_created	22
00b21d10	00ca4a38	candidate_created	22
00b21d30	00ca4a3c	candidate_created	22
00b21d50	00ca4a40	candidate_created	22
00b21d70	00ca4a44	candidate_created	22
00b21d90	00ca4a48	candidate_created	22
00b21db0	00ca4a4c	candidate_created	22
00b21dd0	00ca4a50	candidate_created	22
00b21df0	00ca4a54	candidate_created	22
00b21e10	00ca4a58	candidate_created	22
00b21e30	00ca4a5c	candidate_created	22
00b21e50	00ca4a60	candidate_created	22
00b21e70	00ca4a64	candidate_created	22
00b21e90	00ca4a68	candidate_created	22
00b21eb0	00ca4a6c	candidate_created	22
00b21ed0	00ca4a70	candidate_created	22
00b21ef0	00ca4a74	candidate_created	22
00b21f10	00ca4a78	candidate_created	22
00b21f30	00ca4a7c	candidate_created	22
00b21f50	00ca4a80	candidate_created	22
00b21f70	00ca4a84	candidate_created	22
00b21f90	00ca4a88	candidate_created	22
00b21fb0	00ca4a8c	candidate_created	22
00b21fd0	00ca4a90	candidate_created	18
00b21ff0	00ca4a94	candidate_created	22
00b22010	00ca4a98	candidate_created	22
00b22030	00ca4a9c	candidate_created	22
00b22050	00ca4aa0	candidate_created	22
00b22070	00ca4aa4	candidate_created	22
00b22090	00ca4aa8	candidate_created	22
00b220b0	00ca4aac	candidate_created	22
00b220d0	00ca4ab0	candidate_created	22
00b220f0	00ca4ab4	candidate_created	22
00b22110	00ca4ab8	candidate_created	22
00b22130	00ca4abc	candidate_created	22
00b22150	00ca4ac0	candidate_created	22
00b22170	00ca4ac4	candidate_created	22
00b22190	00ca4ac8	candidate_created	22
00b221b0	00ca4acc	candidate_created	22
00b221d0	00ca4ad0	candidate_created	22
00b221f0	00ca4ad4	candidate_created	22
00b22210	00ca4ad8	candidate_created	22
00b22230	00ca4adc	candidate_created	22
00b22250	00ca4ae0	candidate_created	22
00b22270	00ca4ae4	candidate_created	22
00b22290	00ca4ae8	candidate_created	22
00b222b0	00ca4aec	candidate_created	22
00b222d0	00ca4af0	candidate_created	22
00b222f0	00ca4af4	candidate_created	22
00b22310	00ca4af8	candidate_created	22
00b22330	00ca4afc	candidate_created	22
00b22350	00ca4b00	candidate_created	18
00b22370	00ca4b04	candidate_created	22
00b22390	00ca4b08	candidate_created	22
00b223b0	00ca4b0c	candidate_created	22
00b223d0	00ca4b10	candidate_created	22
00b223f0	00ca4b14	candidate_created	22
00b22410	00ca4b18	candidate_created	22
00b22430	00ca4b1c	candidate_created	22
00b22450	00ca4b20	candidate_created	22
00b22470	00ca4b24	candidate_created	22
00b22490	00ca4b28	candidate_created	22
00b224b0	00ca4b2c	candidate_created	22
00b224d0	00ca4b30	candidate_created	22
00b224f0	00ca4b34	candidate_created	22
00b22510	00ca4b38	candidate_created	22
00b22530	00ca4b3c	candidate_created	22
00b22550	00ca4b40	candidate_created	22
00b22570	00ca4b44	candidate_created	22
00b22590	00ca4b48	candidate_created	22
00b225b0	00ca4b4c	candidate_created	22
00b225d0	00ca4b50	candidate_created	22
00b225f0	00ca4b54	candidate_created	22
00b22610	00ca4b58	candidate_created	22
00b22630	00ca4b5c	candidate_created	22
00b22650	00ca4b60	candidate_created	22
00b22670	00ca4b64	candidate_created	22
00b22690	00ca4b68	candidate_created	22
00b226b0	00ca4b6c	candidate_created	22
00b226d0	00ca4b70	candidate_created	22
00b226f0	00ca4b74	candidate_created	22
00b22710	00ca4b78	candidate_created	22
00b22730	00ca4b7c	candidate_created	22
00b22750	00ca4b80	candidate_created	22
00b22770	00ca4b84	candidate_created	22
00b22790	00ca4b88	candidate_created	22
00b227b0	00ca4b8c	candidate_created	22
00b227d0	00ca4b90	candidate_created	22
00b227f0	00ca4b94	candidate_created	22
00b22810	00ca4b98	candidate_created	22
00b22830	00ca4b9c	candidate_created	22
00b22850	00ca4ba0	candidate_created	22
00b22870	00ca4ba4	candidate_created	22
00b22890	00ca4ba8	candidate_created	22
00b228b0	00ca4bac	candidate_created	22
00b228d0	00ca4bb0	candidate_created	22
00b228f0	00ca4bb4	candidate_created	22
00b22910	00ca4bb8	candidate_created	22
00b22930	00ca4bbc	candidate_created	22
00b22950	00ca4bc0	candidate_created	22
00b22970	00ca4bc4	candidate_created	22
00b22990	00ca4bc8	candidate_created	22
00b229b0	00ca4bcc	candidate_created	18
00b229d0	00ca4bd0	candidate_created	22
00b229f0	00ca4bd4	candidate_created	22
00b22a10	00ca4bd8	candidate_created	22
00b22a30	00ca4bdc	candidate_created	22
00b22a50	00ca4be0	candidate_created	22
00b22a70	00ca4be4	candidate_created	22
00b22a90	00ca4be8	candidate_created	18
00b22ab0	00ca4bec	candidate_created	22
00b22ad0	00ca4bf0	candidate_created	22
00b22af0	00ca4bf4	candidate_created	22
00b22b10	00ca4bf8	candidate_created	22
00b22b30	00ca4bfc	candidate_created	22
00b22b50	00ca4c00	candidate_created	22
00b22b70	00ca4c04	candidate_created	22
00b22b90	00ca4c08	candidate_created	22
00b22bb0	00ca4c0c	candidate_created	22
00b22bd0	00ca4c10	candidate_created	22
00b22bf0	00ca4c14	candidate_created	22
00b22c10	00ca4c18	candidate_created	18
00b22c30	00ca4c1c	candidate_created	22
00b22c50	00ca4c20	candidate_created	22
00b22c70	00ca4c24	candidate_created	22
00b22c90	00ca4c28	candidate_created	22
00b22cb0	00ca4c2c	candidate_created	22
00b22cd0	00ca4c30	candidate_created	22
00b22cf0	00ca4c34	candidate_created	22
00b22d10	00ca4c38	candidate_created	22
00b22d30	00ca4c3c	candidate_created	22
00b22d50	00ca4c40	candidate_created	22
00b22d70	00ca4c44	candidate_created	22
00b22d90	00ca4c48	candidate_created	22
00b22db0	00ca4c4c	candidate_created	22
00b22dd0	00ca4c50	candidate_created	22
00b22df0	00ca4c54	candidate_created	22
00b22e10	00ca4c58	candidate_created	22
00b22e30	00ca4c5c	candidate_created	22
00b22e50	00ca4c60	candidate_created	22
00b22e70	00ca4c64	candidate_created	22
00b22e90	00ca4c68	candidate_created	22
00b22eb0	00ca4c6c	candidate_created	22
00b22ed0	00ca4c70	candidate_created	22
00b22ef0	00ca4c74	candidate_created	22
00b22f10	00ca4c78	candidate_created	22
00b22f30	00ca4c7c	candidate_created	22
00b22f50	00ca4c80	candidate_created	22
00b22f70	00ca4c84	candidate_created	22
00b22f90	00ca4c88	candidate_created	22
00b22fb0	00ca4c8c	candidate_created	22
00b22fd0	00ca4c90	candidate_created	22
00b22ff0	00ca4c94	candidate_created	22
00b23010	00ca4c98	candidate_created	22
00b23030	00ca4c9c	candidate_created	22
00b23050	00ca4ca0	candidate_created	22
00b23070	00ca4ca4	candidate_created	22
00b23090	00ca4ca8	candidate_created	22
00b230b0	00ca4cac	candidate_created	22
00b230d0	00ca4cb0	candidate_created	22
00b230f0	00ca4cb4	candidate_created	22
00b23110	00ca4cb8	candidate_created	22
00b23130	00ca4cbc	candidate_created	22
00b23150	00ca4cc0	candidate_created	22
00b23170	00ca4cc4	candidate_created	22
00b23190	00ca4cc8	candidate_created	22
00b231b0	00ca4ccc	candidate_created	22
00b231d0	00ca4cd0	candidate_created	22
00b231f0	00ca4cd4	candidate_created	22
00b23210	00ca4cd8	candidate_created	22
00b23230	00ca4cdc	candidate_created	22
00b23250	00ca4ce0	candidate_created	22
00b23270	00ca4ce4	candidate_created	22
00b23290	00ca4ce8	candidate_created	22
00b232b0	00ca4cec	candidate_created	22
00b232d0	00ca4cf0	candidate_created	22
00b232f0	00ca4cf4	candidate_created	22
00b23310	00ca4cf8	candidate_created	22
00b23330	00ca4cfc	candidate_created	22
00b23350	00ca4d00	candidate_created	22
00b23370	00ca4d04	candidate_created	22
00b23390	00ca4d08	candidate_created	22
00b233b0	00ca4d0c	candidate_created	22
00b233d0	00ca4d10	candidate_created	22
00b233f0	00ca4d14	candidate_created	22
00b23410	00ca4d18	candidate_created	22
00b23430	00ca4d1c	candidate_created	18
00b23450	00ca4d20	candidate_created	22
00b23470	00ca4d24	candidate_created	22
00b23490	00ca4d28	candidate_created	22
00b234b0	00ca4d2c	candidate_created	22
00b234d0	00ca4d30	candidate_created	22
00b234f0	00ca4d34	candidate_created	18
00b23510	00ca4d38	candidate_created	22
00b23530	00ca4d3c	candidate_created	22
00b23550	00ca4d40	candidate_created	22
00b23570	00ca4d44	candidate_created	22
00b23590	00ca4d48	candidate_created	22
00b235b0	00ca4d4c	candidate_created	22
00b235d0	00ca4d50	candidate_created	22
00b235f0	00ca4d54	candidate_created	22
00b23610	00ca4d58	candidate_created	22
00b23630	00ca4d5c	candidate_created	22
00b23650	00ca4d60	candidate_created	22
00b23670	00ca4d64	candidate_created	22
00b23690	00ca4d68	candidate_created	22
00b236b0	00ca4d6c	candidate_created	22
00b236d0	00ca4d70	candidate_created	22
00b236f0	00ca4d74	candidate_created	22
00b23710	00ca4d78	candidate_created	22
00b23730	00ca4d7c	candidate_created	22
00b23750	00ca4d80	candidate_created	22
00b23770	00ca4d84	candidate_created	22
00b23790	00ca4d88	candidate_created	22
00b237b0	00ca4d8c	candidate_created	22
00b237d0	00ca4d90	candidate_created	18
00b237f0	00ca4d94	candidate_created	22
00b23810	00ca4d98	candidate_created	22
00b23830	00ca4d9c	candidate_created	22
00b23850	00ca4da0	candidate_created	22
00b23870	00ca4da4	candidate_created	22
00b23890	00ca4da8	candidate_created	22
00b238b0	00ca4dac	candidate_created	22
00b238d0	00ca4db0	candidate_created	18
00b238f0	00ca4db4	candidate_created	22
00b23910	00ca4db8	candidate_created	18
00b23930	00ca4dbc	candidate_created	22
00b23950	00ca4dc0	candidate_created	22
00b23970	00ca4dc4	candidate_created	22
00b23990	00ca4dc8	candidate_created	22
00b239b0	00ca4dcc	candidate_created	22
00b239d0	00ca4dd0	candidate_created	22
00b239f0	00ca4dd4	candidate_created	22
00b23a10	00ca4dd8	candidate_created	22
00b23a30	00ca4ddc	candidate_created	22
00b23a50	00ca4de0	candidate_created	22
00b23a70	00ca4de4	candidate_created	22
00b23a90	00ca4de8	candidate_created	22
00b23ab0	00ca4dec	candidate_created	22
00b23ad0	00ca4df0	candidate_created	22
00b23af0	00ca4df4	candidate_created	22
00b23b10	00ca4df8	candidate_created	22
00b23b30	00ca4dfc	candidate_created	22
00b23b50	00ca4e00	candidate_created	22
00b23b70	00ca4e04	candidate_created	22
00b23b90	00ca4e08	candidate_created	22
00b23bb0	00ca4e0c	candidate_created	22
00b23bd0	00ca4e10	candidate_created	22
00b23bf0	00ca4e14	candidate_created	22
00b23c10	00ca4e18	candidate_created	22
00b23c30	00ca4e1c	candidate_created	22
00b23c50	00ca4e20	candidate_created	22
00b23c70	00ca4e24	candidate_created	22
00b23c90	00ca4e28	candidate_created	22
00b23cb0	00ca4e2c	candidate_created	22
00b23cd0	00ca4e30	candidate_created	22
00b23cf0	00ca4e34	candidate_created	22
00b23d10	00ca4e38	candidate_created	22
00b23d30	00ca4e3c	candidate_created	22
00b23d50	00ca4e40	candidate_created	22
00b23d70	00ca4e44	candidate_created	22
00b23d90	00ca4e48	candidate_created	22
00b23db0	00ca4e4c	candidate_created	22
00b23dd0	00ca4e50	candidate_created	22
00b23df0	00ca4e54	candidate_created	22
00b23e10	00ca4e58	candidate_created	22
00b23e30	00ca4e5c	candidate_created	22
00b23e50	00ca4e60	candidate_created	22
00b23e70	00ca4e64	candidate_created	22
00b23e90	00ca4e68	candidate_created	22
00b23eb0	00ca4e6c	candidate_created	22
00b23ed0	00ca4e70	candidate_created	22
00b23ef0	00ca4e74	candidate_created	22
00b23f10	00ca4e78	candidate_created	22
00b23f30	00ca4e7c	candidate_created	22
00b23f50	00ca4e80	candidate_created	22
00b23f70	00ca4e84	candidate_created	18
00b23f90	00ca4e88	candidate_created	18
00b23fb0	00ca4e8c	candidate_created	22
00b23fd0	00ca4e90	candidate_created	37
00b24000	00ca4e94	candidate_created	18
00b24020	00ca4e98	candidate_created	22
00b24040	00ca4e9c	candidate_created	22
00b24060	00ca4ea0	candidate_created	22
00b24080	00ca4ea4	candidate_created	22
00b240a0	00ca4ea8	candidate_created	22
00b240c0	00ca4eac	candidate_created	22
00b240e0	00ca4eb0	candidate_created	24
00b24100	00ca4eb4	candidate_created	12
00b24110	00ca4eb8	candidate_created	12
00b24120	00ca4ebc	candidate_created	38
00b24150	00ca4ec0	candidate_created	22
00b24170	00ca4ec4	candidate_created	42
00b241a0	00ca4ec8	candidate_created	42
00b241d0	00ca4ecc	candidate_created	42
00b24200	00ca4ed0	candidate_created	42
00b24230	00ca4ed4	candidate_created	24
00b24250	00ca4ed8	candidate_created	24
00b24270	00ca4edc	candidate_created	38
00b242a0	00ca4ee0	candidate_created	38
00b242d0	00ca4ee4	candidate_created	38
00b24300	00ca4ee8	candidate_created	24
00b24320	00ca4eec	candidate_created	24
00b24340	00ca4ef0	candidate_created	29
00b24360	00ca4ef4	candidate_created	24
00b24380	00ca4ef8	candidate_created	85
00b243e0	00ca4efc	candidate_created	38
00b24410	00ca4f00	candidate_created	38
00b24440	00ca4f04	candidate_created	24
00b24460	00ca4f08	candidate_created	38
00b24490	00ca4f0c	candidate_created	24
00b244b0	00ca4f10	candidate_created	38
00b244e0	00ca4f14	candidate_created	24
00b24500	00ca4f18	candidate_created	41
00b24530	00ca4f1c	candidate_created	24
00b24550	00ca4f20	candidate_created	41
00b24580	00ca4f24	candidate_created	38
00b245b0	00ca4f28	candidate_created	38
00b245e0	00ca4f2c	candidate_created	38
00b24610	00ca4f30	candidate_created	38
00b24640	00ca4f34	candidate_created	24
00b24660	00ca4f38	candidate_created	24
00b24680	00ca4f3c	candidate_created	38
00b246b0	00ca4f40	candidate_created	38
00b246e0	00ca4f44	candidate_created	38
00b24710	00ca4f48	candidate_created	38
00b24740	00ca4f4c	candidate_created	38
00b24770	00ca4f50	candidate_created	38
00b247a0	00ca4f54	candidate_created	38
00b247d0	00ca4f58	candidate_created	38
00b24800	00ca4f5c	candidate_created	38
00b24830	00ca4f60	candidate_created	38
00b24860	00ca4f64	candidate_created	38
00b24890	00ca4f68	candidate_created	24
00b248b0	00ca4f6c	candidate_created	12
00b248c0	00ca4f70	candidate_created	24
00b248e0	00ca4f74	candidate_created	24
00b24900	00ca4f78	candidate_created	24
00b24920	00ca4f7c	candidate_created	38
00b24950	00ca4f80	candidate_created	38
00b24980	00ca4f84	candidate_created	38
00b249b0	00ca4f88	candidate_created	38
00b249e0	00ca4f8c	candidate_created	38
00b24a10	00ca4f90	candidate_created	38
00b24a40	00ca4f94	candidate_created	38
00b24a70	00ca4f98	candidate_created	38
00b24aa0	00ca4f9c	candidate_created	38
00b24ad0	00ca4fa0	candidate_created	38
00b24b00	00ca4fa4	candidate_created	38
00b24b30	00ca4fa8	candidate_created	24
00b24b50	00ca4fac	candidate_created	24
00b24b70	00ca4fb0	candidate_created	24
00b24b90	00ca4fb4	candidate_created	24
00b24bb0	00ca4fb8	candidate_created	24
00b24bd0	00ca4fbc	candidate_created	24
00b24bf0	00ca4fc0	candidate_created	38
00b24c20	00ca4fc4	candidate_created	41
00b24c50	00ca4fc8	candidate_created	24
00b24c70	00ca4fcc	candidate_created	38
00b24ca0	00ca4fd0	candidate_created	38
00b24cd0	00ca4fd4	candidate_created	38
00b24d00	00ca4fd8	candidate_created	38
00b24d30	00ca4fdc	candidate_created	38
00b24d60	00ca4fe0	candidate_created	38
00b24d90	00ca4fe4	candidate_created	38
00b24dc0	00ca4fe8	candidate_created	38
00b24df0	00ca4fec	candidate_created	38
00b24e20	00ca4ff0	candidate_created	41
00b24e50	00ca4ff4	candidate_created	41
00b24e80	00ca4ff8	candidate_created	41
00b24eb0	00ca4ffc	candidate_created	38
00b24ee0	00ca5000	candidate_created	38
00b24f10	00ca5004	candidate_created	38
00b24f40	00ca5008	candidate_created	35
00b24f70	00ca500c	candidate_created	38
00b24fa0	00ca5010	candidate_created	35
00b24fd0	00ca5014	candidate_created	38
00b25000	00ca5018	candidate_created	35
00b25030	00ca501c	candidate_created	38
00b25060	00ca5020	candidate_created	38
00b25090	00ca5024	candidate_created	38
00b250c0	00ca5028	candidate_created	38
00b250f0	00ca502c	candidate_created	38
00b25120	00ca5030	candidate_created	38
00b25150	00ca5034	candidate_created	38
00b25180	00ca5038	candidate_created	38
00b251b0	00ca503c	candidate_created	38
00b251e0	00ca5040	candidate_created	38
00b25210	00ca5044	candidate_created	35
00b25240	00ca5048	candidate_created	38
00b25270	00ca504c	candidate_created	38
00b252a0	00ca5058	candidate_created	38
00b252d0	00ca505c	candidate_created	38
00b25300	00ca5060	candidate_created	38
00b25330	00ca5064	candidate_created	38
00b25360	00ca5068	candidate_created	38
00b25390	00ca506c	candidate_created	38
00b253c0	00ca5070	candidate_created	38
00b253f0	00ca5074	candidate_created	38
00b25420	00ca5078	candidate_created	38
00b25450	00ca507c	candidate_created	38
00b25480	00ca5080	candidate_created	38
00b254b0	00ca5084	candidate_created	38
00b254e0	00ca5088	candidate_created	41
00b25510	00ca508c	candidate_created	38
00b25540	00ca5090	candidate_created	41
00b25600	00ca50b4	candidate_created	38
00b25630	00ca50b8	candidate_created	38
00b25660	00ca50bc	candidate_created	41
00b25690	00ca50c0	candidate_created	41
00b25720	00ca50d8	candidate_created	38
00b25750	00ca50dc	candidate_created	38
00b25780	00ca50e0	candidate_created	38
00b257b0	00ca50e4	candidate_created	41
00b25840	00ca5104	candidate_created	38
00b25870	00ca5108	candidate_created	38
00b258a0	00ca510c	candidate_created	38
00b258d0	00ca5110	candidate_created	38
00b25900	00ca5114	candidate_created	35
00b25930	00ca5118	candidate_created	35
00b25960	00ca511c	candidate_created	41
00b25990	00ca5120	candidate_created	41
00b259c0	00ca5124	candidate_created	35
00b259f0	00ca5128	candidate_created	38
00b25a20	00ca512c	candidate_created	35
00b25a50	00ca5130	candidate_created	38
00b25a80	00ca5134	candidate_created	41
00b25ab0	00ca5138	candidate_created	35
00b25ae0	00ca513c	candidate_created	38
00b25b10	00ca5140	candidate_created	38
00b25b40	00ca5144	candidate_created	22
00b25b60	00ca5148	candidate_created	22
00b25b80	00ca514c	candidate_created	35
00b25bb0	00ca5150	candidate_created	38
00b25be0	00ca5154	candidate_created	35
00b25c10	00ca5158	candidate_created	24
00b25c30	00ca515c	candidate_created	38
00b25c60	00ca5160	candidate_created	38
00b25c90	00ca5164	candidate_created	38
00b25cc0	00ca5168	candidate_created	37
00b25cf0	00ca516c	candidate_created	18
00b25d10	00ca5170	candidate_created	22
00b25d30	00ca5174	candidate_created	22
00b25d50	00ca5178	candidate_created	22
00b25d70	00ca517c	candidate_created	22
00b25d90	00ca5180	candidate_created	22
00b25db0	00ca5184	candidate_created	22
00b25dd0	00ca5188	candidate_created	22
00b25df0	00ca518c	candidate_created	22
00b25e10	00ca5190	candidate_created	22
00b25e30	00ca5194	candidate_created	22
00b25e50	00ca5198	candidate_created	22
00b25e70	00ca519c	candidate_created	18
00b25e90	00ca51a0	candidate_created	22
00b25eb0	00ca51a4	candidate_created	18
00b25ed0	00ca51a8	candidate_created	22
00b25ef0	00ca51ac	candidate_created	22
00b25f10	00ca51b0	candidate_created	22
00b25f30	00ca51b4	candidate_created	22
00b25f50	00ca51b8	candidate_created	18
00b25f70	00ca51bc	candidate_created	22
00b25f90	00ca51c0	candidate_created	22
00b25fb0	00ca51c4	candidate_created	22
00b25fd0	00ca51c8	candidate_created	22
00b25ff0	00ca51cc	candidate_created	22
00b26010	00ca51d0	candidate_created	22
00b26030	00ca51d4	candidate_created	22
00b26050	00ca51d8	candidate_created	22
00b26070	00ca51dc	candidate_created	22
00b26090	00ca51e0	candidate_created	18
00b260b0	00ca51e4	candidate_created	22
00b260d0	00ca51e8	candidate_created	22
00b260f0	00ca51ec	candidate_created	22
00b26110	00ca51f0	candidate_created	22
00b26130	00ca51f4	candidate_created	22
00b26150	00ca51f8	candidate_created	22
00b26170	00ca51fc	candidate_created	22
00b26190	00ca5200	candidate_created	22
00b261b0	00ca5204	candidate_created	22
00b261d0	00ca5208	candidate_created	24
00b261f0	00ca520c	candidate_created	41
00b26220	00ca5210	candidate_created	37
00b26250	00ca5214	candidate_created	18
00b26270	00ca5218	candidate_created	22
00b26290	00ca521c	candidate_created	22
00b262b0	00ca5220	candidate_created	22
00b262d0	00ca5224	candidate_created	22
00b262f0	00ca5228	candidate_created	22
00b26310	00ca522c	candidate_created	22
00b26330	00ca5230	candidate_created	22
00b26350	00ca5234	candidate_created	22
00b26370	00ca5238	candidate_created	22
00b26390	00ca523c	candidate_created	22
00b263b0	00ca5240	candidate_created	22
00b263d0	00ca5244	candidate_created	22
00b263f0	00ca5248	candidate_created	22
00b26410	00ca524c	candidate_created	22
00b26430	00ca5250	candidate_created	22
00b26450	00ca5254	candidate_created	22
00b26470	00ca5258	candidate_created	22
00b26490	00ca525c	candidate_created	22
00b264b0	00ca5260	candidate_created	22
00b264d0	00ca5264	candidate_created	22
00b264f0	00ca5268	candidate_created	22
00b26510	00ca526c	candidate_created	18
00b26530	00ca5270	candidate_created	22
00b26550	00ca5274	candidate_created	22
00b26570	00ca5278	candidate_created	22
00b26590	00ca527c	candidate_created	22
00b265b0	00ca5280	candidate_created	22
00b265d0	00ca5284	candidate_created	22
00b265f0	00ca5288	candidate_created	22
00b26610	00ca528c	candidate_created	22
00b26630	00ca5290	candidate_created	22
00b26650	00ca5294	candidate_created	18
00b26670	00ca5298	candidate_created	22
00b26690	00ca529c	candidate_created	22
00b266b0	00ca52a0	candidate_created	22
00b266d0	00ca52a4	candidate_created	22
00b266f0	00ca52a8	candidate_created	22
00b26710	00ca52ac	candidate_created	18
00b26730	00ca52b0	candidate_created	22
00b26750	00ca52b4	candidate_created	22
00b26770	00ca52b8	candidate_created	22
00b26790	00ca52bc	candidate_created	22
00b267b0	00ca52c0	candidate_created	22
00b267d0	00ca52c4	candidate_created	22
00b267f0	00ca52c8	candidate_created	22
00b26810	00ca52cc	candidate_created	22
00b26830	00ca52d0	candidate_created	22
00b26850	00ca52d4	candidate_created	22
00b26870	00ca52d8	candidate_created	22
00b26890	00ca52dc	candidate_created	22
00b268b0	00ca52e0	candidate_created	22
00b268d0	00ca52e4	candidate_created	22
00b268f0	00ca52e8	candidate_created	22
00b26910	00ca52ec	candidate_created	22
00b26930	00ca52f0	candidate_created	22
00b26950	00ca52f4	candidate_created	22
00b26970	00ca52f8	candidate_created	22
00b26990	00ca52fc	candidate_created	22
00b269b0	00ca5300	candidate_created	12
00b269c0	00ca5304	candidate_created	12
00b269d0	00ca5308	candidate_created	41
00b26a00	00ca530c	candidate_created	24
00b26a20	00ca5310	candidate_created	35
00b26a50	00ca5314	candidate_created	10
00b26a60	00ca5318	candidate_created	12
00b26a70	00ca531c	candidate_created	12
00b26a80	00ca5320	candidate_created	12
00b26a90	00ca5324	candidate_created	12
00b26aa0	00ca5328	candidate_created	12
00b26ab0	00ca532c	candidate_created	58
00b26af0	00ca5330	candidate_created	22
00b26b10	00ca5334	candidate_created	16
00b26b20	00ca5338	candidate_created	16
00b26b30	00ca533c	candidate_created	16
00b26b40	00ca5340	candidate_created	16
00b26b50	00ca5344	candidate_created	72
00b26ba0	00ca5348	candidate_created	322
00b26ce2	00ca2014	candidate_created	22
00b26cf8	00ca2018	candidate_created	31
00b26d17	00ca201c	candidate_created	31
00b26d36	00ca2020	candidate_created	95
00b26d40	00ca534c	candidate_created	17
00b26d51	00ca5350	candidate_created	17
00b26d62	00ca5354	candidate_created	17
00b26d73	00ca5358	candidate_created	17
00b26d84	00ca535c	candidate_created	17
00b26d95	00ca5360	candidate_created	17
00b26da6	00ca5364	candidate_created	17
00b26db7	00ca5368	candidate_created	17
00b26dc8	00ca536c	candidate_created	17
00b26dd9	00ca5370	candidate_created	17
00b26df0	00ca53d8	candidate_created	59
00b26e30	00ca53dc	candidate_created	70
00b26e80	00ca53e0	candidate_created	70
00b26ed0	00ca53e4	candidate_created	70
00b26f20	00ca53e8	candidate_created	59
00b26f60	00ca53ec	candidate_created	70
00b26fb0	00ca53f0	candidate_created	59
00b26ff0	00ca53f4	candidate_created	59
00b27030	00ca53f8	candidate_created	59
00b27070	00ca53fc	candidate_created	59
00b270b0	00ca5400	candidate_created	70
00b27100	00ca5404	candidate_created	70
00b27150	00ca5408	candidate_created	70
00b271a0	00ca540c	candidate_created	70
00b271f0	00ca5410	candidate_created	70
00b27240	00ca5414	candidate_created	70
00b27290	00ca5418	candidate_created	70
00b272e0	00ca541c	candidate_created	70
00b27330	00ca5420	candidate_created	59
00b27370	00ca5424	candidate_created	70
00b273c0	00ca5428	candidate_created	70
00b27410	00ca542c	candidate_created	70
00b27460	00ca5430	candidate_created	59
00b274a0	00ca5434	candidate_created	70
00b274f0	00ca5438	candidate_created	59
00b27530	00ca543c	candidate_created	59
00b27570	00ca5440	candidate_created	59
00b275b0	00ca5444	candidate_created	59
00b275f0	00ca5448	candidate_created	59
00b27630	00ca544c	candidate_created	70
00b27680	00ca5450	candidate_created	70
00b276d0	00ca5454	candidate_created	70
00b27720	00ca5458	candidate_created	70
00b27770	00ca545c	candidate_created	70
00b277c0	00ca5460	candidate_created	70
00b27810	00ca5464	candidate_created	70
00b27860	00ca5468	candidate_created	70
00b278b0	00ca546c	candidate_created	70
00b27900	00ca5470	candidate_created	70
00b27950	00ca5474	candidate_created	70
00b279a0	00ca5478	candidate_created	59
00b279e0	00ca547c	candidate_created	59
00b27a20	00ca5480	candidate_created	59
00b27a60	00ca5484	candidate_created	70
00b27ab0	00ca5488	candidate_created	59
00b27af0	00ca548c	candidate_created	59
00b27b30	00ca5490	candidate_created	70
00b27b80	00ca5494	candidate_created	59
00b27bc0	00ca5498	candidate_created	59
00b27c00	00ca549c	candidate_created	59
00b27c40	00ca54a0	candidate_created	59
00b27c80	00ca54a4	candidate_created	59
