requested_address	category	label	function_entry	status
00414720	ai	AIObject__v0_slot37	00414720	resolved
00423700	gameplay	ObjTemplNetworkModule__v0_slot03	00423700	resolved
0048e870	ai	AIObject__v0_slot38	0048e870	resolved
004fee00	gameplay	BfControlPointGauge__v0_slot30	004fee00	resolved
00516fd0	ai	BAPConTrue__v0_slot01	00516fd0	resolved
00526750	ai	BAPAAimAt3d__v0_slot09	00526750	resolved
0052f6f0	ai	AIDifficulty__v0_slot00	0052f6f0	resolved
0052f8a0	gameplay	PlayerControlPoint__v0_slot00	0052f8a0	resolved
0052f980	ai	BotTeamControlPoint__v0_slot00	0052f980	resolved
00565050	ai	AIMain__v0_slot02	00565050	resolved
0059ac60	ai	AIPathfinding__v0_slot05	0059ac60	resolved
0059ebb0	gameplay	BFSpawnPointManager__v0_slot01	0059ebb0	resolved
005a3150	ai	BAPAComponentSoldierPose__v0_slot05	005a3150	resolved
005c9880	ai	AIDifficulty__v0_slot01	005c9880	resolved
005c98a0	ai	NoBotRespawningForTeam__v0_slot01	005c98a0	resolved
005cdd50	ai	BotTeamControlPoint__v0_slot01	005cdd50	resolved
005cdda0	ai	BotTeamSpawnGroup__v0_slot01	005cdda0	resolved
005d32e0	gameplay	NetworkableInfoManager__v0_slot10	005d32e0	resolved
005d3420	ai	AIObjectSecondaryReal__v0_slot38	005d3420	resolved
005d34a0	ai	AISettings__v4_slot12	005d34a0	resolved
005f4ba0	gameplay	BFSoldier__v0_slot07	005f4ba0	resolved
005f4be0	ai	BotMain__v0_slot44	005f4be0	resolved
005f89e0	gameplay	BfControlPointGauge__v0_slot08	005f89e0	resolved
00643610	gameplay	BFSoldier__v356_slot25	00643610	resolved
0064e7d0	gameplay	PhysicsModule__v0_slot07	0064e7d0	resolved
0064f780	gameplay	ObjTemplNetworkModule__v0_slot05	0064f780	resolved
00672f90	gameplay	NetworkableInfo__v0_slot07	00672f90	resolved
00677c90	ai	AISettings__v0_slot31	00677c90	resolved
006823b0	gameplay	GameEventManager__v0_slot09	006823b0	resolved
00682800	ai	AIMain__v4_slot06	00682800	resolved
00682850	gameplay	PhysicsNode__v0_slot63	00682850	resolved
006964f0	ai	BotMain__v0_slot101	006964f0	resolved
00696510	ai	BotMain__v0_slot32	00696510	resolved
00699d20	gameplay	PlayerControlObjectTemplate__v472_slot07	00699d20	resolved
0069d640	ai	BotMain__v0_slot25	0069d640	resolved
006a4100	ai	AIObjectSecondaryReal__v0_slot37	006a4100	resolved
006a9520	ai	BAPAAimAtPoint__v0_slot10	006a9520	resolved
006b3460	gameplay	ObjTemplNetworkModule__v0_slot02	006b3460	resolved
006b5960	ai	BotMain__v0_slot26	006b5960	resolved
006bbe50	ai	BotMain__v0_slot21	006bbe50	resolved
006bc1b0	ai	AIScriptManager__v0_slot19	006bc1b0	resolved
006bc1c0	ai	AIScriptManager__v0_slot24	006bc1c0	resolved
006ddbc0	gameplay	BFSoldierTemplate__v0_slot09	006ddbc0	resolved
006e8dd0	gameplay	StaticPhysicsNode__v0_slot42	006e8dd0	resolved
006e8f90	ai	AIObjectPrimaryReal__v0_slot31	006e8f90	resolved
006e9310	ai	AIPathfinding__v4_slot37	006e9310	resolved
006ea120	ai	BotMain__v0_slot55	006ea120	resolved
006eab40	ai	AIPredWrapper__v0_slot01	006eab40	resolved
006f29e0	gameplay	HandFireArmsTemplate__v1468_slot07	006f29e0	resolved
006f2af0	gameplay	BFSoldier__v356_slot07	006f2af0	resolved
006f39a0	gameplay	PointPhysicsNode__v0_slot54	006f39a0	resolved
006f39d0	gameplay	PointPhysicsNode__v0_slot60	006f39d0	resolved
006f39e0	gameplay	PointPhysicsNode__v0_slot63	006f39e0	resolved
006fc8b0	gameplay	PlayerControlObject__v352_slot12	006fc8b0	resolved
007011b0	ai	AIStrategicObject__v0_slot21	007011b0	resolved
007028d0	ai	AIObjectUnit__v0_slot04	007028d0	resolved
0070a3c0	gameplay	GameEventManager__v0_slot04	0070a3c0	resolved
0070a3f0	ai	AIScriptManager__v0_slot26	0070a3f0	resolved
0070a420	ai	BotManager__v0_slot03	0070a420	resolved
00726570	gameplay	BFSoldier__v356_slot15	00726570	resolved
00726590	ai	AIPathfinding__v4_slot40	00726590	resolved
0073b120	ai	BotMain__v0_slot33	0073b120	resolved
0073b330	gameplay	PhysicsNode__v0_slot36	0073b330	resolved
00745a30	gameplay	ObjTemplNetworkModule__v0_slot00	00745a30	resolved
0074d250	ai	AIScriptManager__v0_slot27	0074d250	resolved
00764b20	gameplay	ObjTemplNetworkModule__v0_slot01	00764b20	resolved
00772500	ai	AIMain__v4_slot07	00772500	resolved
007731d0	ai	AISettings__v4_slot15	007731d0	resolved
00773200	gameplay	BFSoldierTemplate__v0_slot07	00773200	resolved
007a92a0	ai	BotMain__v0_slot24	007a92a0	resolved
007a92b0	ai	AIPathfinding__v4_slot53	007a92b0	resolved
007c26de	gameplay	IPlayerControlObject__v0_slot01	007c26de	resolved
008a84c0	ai	AIStrategicArea__v0_slot14	008a84c0	resolved
008dfbb0	ai	IBotManager__v0_slot00	008dfbb0	resolved
00925750	ai	AIToolsModule__v0_slot06	00925750	resolved
009257c0	ai	AIToolsModule__v0_slot07	009257c0	resolved
009268c0	ai	AIToolsModule__v0_slot04	009268c0	resolved
00926b20	ai	AIObjectFilter__v0_slot00	00926b20	resolved
0092d070	ai	AILODManager__v0_slot00	0092d070	resolved
0092d970	ai	AILODManager__v0_slot01	0092d970	resolved
0093ada0	ai	AITemplateManager__v0_slot01	0093ada0	resolved
0093b610	ai	AITemplateManager__v0_slot00	0093b610	resolved
0093e810	ai	AITemplatePlugInManager__v0_slot01	0093e810	resolved
0093f330	ai	AITemplatePlugInManager__v0_slot00	0093f330	resolved
0093f7f0	ai	BBCreateFunctionAirLift__v0_slot00	0093f7f0	resolved
0093f8b0	ai	BBCreateFunctionMoveToFixed__v0_slot00	0093f8b0	resolved
0093f920	ai	BBCreateFunctionFireUnarmed__v0_slot00	0093f920	resolved
0093f990	ai	BBCreateFunctionIdle__v0_slot00	0093f990	resolved
0093fae0	ai	BBCreateFunctionBailOut__v0_slot00	0093fae0	resolved
0093fba0	ai	BBCreateFunctionChange__v0_slot00	0093fba0	resolved
0093fc60	ai	BBCreateFunctionChangeLandingCraft__v0_slot00	0093fc60	resolved
0093fd20	ai	BBCreateFunctionChangeTeleport__v0_slot00	0093fd20	resolved
0093fde0	ai	BBCreateFunctionMedicAssist__v0_slot00	0093fde0	resolved
00940660	ai	BBCreateFunctionAvoid__v0_slot00	00940660	resolved
009407c0	ai	BBCreateFunctionMoveTo__v0_slot00	009407c0	resolved
00940970	ai	BBCreateFunctionScout__v0_slot00	00940970	resolved
00940a90	ai	BBCreateFunctionFire__v0_slot00	00940a90	resolved
00940bb0	ai	BBCreateFunctionFireLargeBore__v0_slot00	00940bb0	resolved
00940cb0	ai	BBCreateFunctionFireDriver__v0_slot00	00940cb0	resolved
00940d80	ai	BBCreateFunctionFire3d__v0_slot00	00940d80	resolved
00940e50	ai	BBCreateFunctionFireInfantery__v0_slot00	00940e50	resolved
00940f10	ai	BBCreateFunctionRoam__v0_slot00	00940f10	resolved
00941030	ai	BBCreateFunctionTakeCover__v0_slot00	00941030	resolved
00941100	ai	BBCreateFunctionTakeCoverInfantry__v0_slot00	00941100	resolved
009411d0	ai	BBCreateFunctionTakeCover3d__v0_slot00	009411d0	resolved
00941450	ai	BotBehaviourManager__v0_slot01	00941450	resolved
00942370	ai	BotBehaviourManager__v0_slot00	00942370	resolved
00946770	ai	AIConsole__v0_slot01	00946770	resolved
009488f0	ai	AIConsole__v0_slot00	009488f0	resolved
00949830	ai	AILandingZoneManager__v0_slot01	00949830	resolved
00949a70	ai	AILandingZoneManager__v0_slot00	00949a70	resolved
009511b0	ai	AIStrategicObjectManager__v0_slot02	009511b0	resolved
009534d0	ai	AIStrategicObjectManager__v0_slot00	009534d0	resolved
009538f0	ai	AIStrategicObjectManager__v0_slot01	009538f0	resolved
00954d20	ai	StrategyManager__v0_slot01	00954d20	resolved
00955e00	ai	StrategyManager__v0_slot00	00955e00	resolved
00955e20	ai	AISettings__v0_slot05	00955e20	resolved
00955e40	ai	AISettings__v0_slot06	00955e40	resolved
00955e60	ai	AISettings__v0_slot07	00955e60	resolved
00955e70	ai	AISettings__v0_slot08	00955e70	resolved
00955e90	ai	AISettings__v4_slot11	00955e90	resolved
00956020	ai	AISettings__v4_slot13	00956020	resolved
00956100	ai	AISettings__v0_slot13	00956100	resolved
00956110	ai	AISettings__v0_slot10	00956110	resolved
00956120	ai	AISettings__v0_slot14	00956120	resolved
00956130	ai	AISettings__v0_slot15	00956130	resolved
00956140	gameplay	NetworkableInfo__v0_slot08	00956140	resolved
00956150	ai	AISettings__v0_slot16	00956150	resolved
00956160	ai	AISettings__v4_slot19	00956160	resolved
00956180	ai	AISettings__v4_slot20	00956180	resolved
009561a0	ai	AISettings__v0_slot27	009561a0	resolved
009561b0	ai	AISettings__v0_slot28	009561b0	resolved
009561c0	ai	AISettings__v0_slot17	009561c0	resolved
009561f0	ai	AISettings__v4_slot21	009561f0	resolved
00956220	ai	AISettings__v0_slot29	00956220	resolved
00956230	ai	AISettings__v0_slot32	00956230	resolved
00956240	ai	AISettings__v0_slot23	00956240	resolved
00956270	ai	AISettings__v0_slot25	00956270	resolved
00956280	ai	AISettings__v0_slot26	00956280	resolved
00956290	ai	AISettings__v4_slot25	00956290	resolved
009562d0	ai	AISettings__v0_slot22	009562d0	resolved
00956300	ai	AISettings__v0_slot21	00956300	resolved
00956340	gameplay	NetworkableInfo__v0_slot11	00956340	resolved
00956350	ai	AISettings__v0_slot04	00956350	resolved
00956360	ai	AISettings__v4_slot01	00956360	resolved
00956380	ai	AISettings__v4_slot03	00956380	resolved
009563a0	ai	AISettings__v4_slot04	009563a0	resolved
009563d0	ai	AISettings__v4_slot05	009563d0	resolved
009563f0	ai	AISettings__v4_slot10	009563f0	resolved
00956420	ai	AISettings__v4_slot07	00956420	resolved
00956450	ai	AISettings__v4_slot06	00956450	resolved
00956480	ai	AISettings__v4_slot08	00956480	resolved
009564b0	ai	AISettings__v4_slot09	009564b0	resolved
009564e0	ai	AISettings__v0_slot24	009564e0	resolved
00956500	ai	AISettings__v4_slot22	00956500	resolved
009567b0	ai	AISettings__v0_slot18	009567b0	resolved
009567c0	ai	AISettings__v0_slot19	009567c0	resolved
009567d0	ai	AISettings__v4_slot00	009567d0	resolved
009567e0	ai	AISettings__v4_slot24	009567e0	resolved
00956a60	ai	AISettings__v0_slot00	00956a60	resolved
00956a80	ai	AISettings__v4_slot23	00956a80	resolved
00956b40	ai	AISettings__v0_slot30	00956b40	resolved
00956cf0	ai	AISettings__v4_slot26	00956cf0	resolved
0095af10	ai	AISettings__v0_slot09	0095af10	resolved
0095b8f0	gameplay	NetworkableInfo__v0_slot06	0095b8f0	resolved
0095b980	ai	StrategyCondition__v0_slot00	0095b980	resolved
0095bcd0	ai	AIMain__v0_slot01	0095bcd0	resolved
0095bd10	ai	AIMain__v4_slot15	0095bd10	resolved
0095bd30	ai	AIMain__v4_slot18	0095bd30	resolved
0095bd50	ai	AIMain__v4_slot05	0095bd50	resolved
0095bdc0	ai	AIMain__v4_slot04	0095bdc0	resolved
0095be30	ai	AIMain__v4_slot13	0095be30	resolved
0095bf10	ai	AIMain__v0_slot03	0095bf10	resolved
0095c0a0	ai	AIMain__v4_slot19	0095c0a0	resolved
0095c0b0	ai	AIMain__v4_slot21	0095c0b0	resolved
0095c120	ai	AIMain__v4_slot28	0095c120	resolved
0095c160	ai	AIMain__v4_slot31	0095c160	resolved
0095c1b0	ai	AIMain__v4_slot33	0095c1b0	resolved
0095c270	ai	AIMain__v4_slot32	0095c270	resolved
0095c7d0	ai	AIMain__v4_slot11	0095c7d0	resolved
0095cc40	ai	AIMain__v4_slot23	0095cc40	resolved
0095d120	ai	AIMain__v4_slot26	0095d120	resolved
0095d200	ai	AIMain__v0_slot04	0095d200	resolved
0095d560	ai	AIMain__v4_slot17	0095d560	resolved
0095e110	ai	AIMain__v4_slot24	0095e110	resolved
0095e120	ai	AIMain__v4_slot25	0095e120	resolved
0095e130	ai	AIMain__v4_slot27	0095e130	resolved
0095e140	ai	AIMain__v4_slot08	0095e140	resolved
0095e160	ai	AIMain__v4_slot09	0095e160	resolved
0095e180	ai	AIMain__v4_slot29	0095e180	resolved
0095e1a0	ai	AIMain__v4_slot30	0095e1a0	resolved
0095e1b0	ai	AIMain__v4_slot00	0095e1b0	resolved
0095e1c0	ai	AIMain__v4_slot02	0095e1c0	resolved
0095e200	ai	AIMain__v4_slot20	0095e200	resolved
0095e210	ai	AIMain__v4_slot01	0095e210	resolved
0095f460	ai	AIMain__v4_slot22	0095f460	resolved
0095f990	ai	AIMain__v0_slot00	0095f990	resolved
009627a0	ai	AIMain__v4_slot03	009627a0	resolved
00962800	ai	AIMain__v4_slot16	00962800	resolved
00963830	ai	AIMain__v4_slot14	00963830	resolved
009639e0	ai	IBotManagerModifier__v0_slot00	009639e0	resolved
00963aa0	ai	AIStrategicArea__v0_slot07	00963aa0	resolved
00963b20	ai	AIStrategicArea__v0_slot08	00963b20	resolved
00963bd0	ai	AIStrategicArea__v0_slot09	00963bd0	resolved
00963c60	ai	AIStrategicArea__v0_slot04	00963c60	resolved
00963ca0	ai	AIStrategicArea__v0_slot15	00963ca0	resolved
00963cc0	ai	AIStrategicArea__v0_slot16	00963cc0	resolved
00963ce0	ai	AIStrategicArea__v0_slot17	00963ce0	resolved
00963d40	ai	AIStrategicArea__v0_slot26	00963d40	resolved
00963f00	ai	AIStrategicArea__v0_slot28	00963f00	resolved
00963f40	ai	AIStrategicArea__v0_slot24	00963f40	resolved
00963f60	ai	AIStrategicArea__v0_slot25	00963f60	resolved
00963fb0	ai	AIStrategicArea__v0_slot10	00963fb0	resolved
00963fe0	ai	AIStrategicArea__v0_slot11	00963fe0	resolved
00964020	ai	AIStrategicArea__v0_slot12	00964020	resolved
00964050	ai	AIStrategicArea__v0_slot13	00964050	resolved
009648b0	ai	AIStrategicArea__v0_slot22	009648b0	resolved
00964a80	ai	AIStrategicArea__v0_slot21	00964a80	resolved
00964d80	ai	AIStrategicArea__v0_slot05	00964d80	resolved
00964eb0	ai	AIStrategicArea__v0_slot20	00964eb0	resolved
00965090	ai	AIStrategicArea__v0_slot23	00965090	resolved
009669b0	ai	AIStrategicArea__v0_slot06	009669b0	resolved
009674c0	ai	AIStrategicArea__v0_slot27	009674c0	resolved
00968060	ai	AIStrategicObject__v0_slot02	00968060	resolved
00968070	ai	AIStrategicObject__v0_slot03	00968070	resolved
009683c0	ai	AIStrategicArea__v0_slot00	009683c0	resolved
00968b00	ai	AIStrategicArea__v0_slot18	00968b00	resolved
00968dd0	ai	AIStrategicArea__v0_slot19	00968dd0	resolved
00969890	ai	AIStrategicObject__v0_slot14	00969890	resolved
009698a0	ai	AIStrategicObject__v0_slot24	009698a0	resolved
00969e20	ai	AIStrategicObject__v0_slot00	00969e20	resolved
0096a320	ai	AITemplateMobile__v0_slot01	0096a320	resolved
0096a380	ai	AITemplateControlInfo__v0_slot05	0096a380	resolved
0096a3a0	ai	AITemplateControlInfo__v0_slot06	0096a3a0	resolved
0096a3c0	ai	AITemplateControlInfo__v0_slot07	0096a3c0	resolved
0096a650	ai	AITemplateControlInfo__v0_slot04	0096a650	resolved
0096bcd0	ai	AIScriptManager__v0_slot22	0096bcd0	resolved
0096bcf0	ai	AIScriptManager__v0_slot25	0096bcf0	resolved
0096c2d0	ai	AIScriptManager__v0_slot28	0096c2d0	resolved
0096c790	ai	AIScriptManager__v0_slot01	0096c790	resolved
0096c7c0	ai	AIScriptManager__v0_slot03	0096c7c0	resolved
0096c8f0	ai	AIScriptManager__v0_slot16	0096c8f0	resolved
0096c9f0	ai	AIScriptManager__v0_slot04	0096c9f0	resolved
0096cdd0	ai	AIScriptManager__v0_slot08	0096cdd0	resolved
0096dd90	ai	AIScriptManager__v0_slot09	0096dd90	resolved
0096de60	ai	AIScriptManager__v0_slot11	0096de60	resolved
0096df30	ai	AIScriptManager__v0_slot13	0096df30	resolved
0096e000	ai	AIScriptManager__v0_slot18	0096e000	resolved
0096e120	ai	AIScriptManager__v0_slot17	0096e120	resolved
0096e5c0	ai	AIScriptManager__v0_slot02	0096e5c0	resolved
0096eaa0	ai	AIScriptManager__v0_slot10	0096eaa0	resolved
0096eb90	ai	AIScriptManager__v0_slot12	0096eb90	resolved
0096ec90	ai	AIScriptManager__v0_slot14	0096ec90	resolved
0096ed90	ai	AIScriptManager__v0_slot15	0096ed90	resolved
0096f230	ai	AIScriptManager__v0_slot05	0096f230	resolved
0096f370	ai	AIScriptManager__v0_slot06	0096f370	resolved
0096f670	ai	AIScriptManager__v0_slot07	0096f670	resolved
0096f870	ai	AIScriptManager__v0_slot00	0096f870	resolved
009704b0	ai	Bot__v0_slot00	009704b0	resolved
009705b0	ai	BAPCondition__v0_slot02	009705b0	resolved
009705f0	ai	BAPConTrue__v0_slot02	009705f0	resolved
00970640	ai	BAPConFalse__v0_slot02	00970640	resolved
009706a0	ai	BotMain__v0_slot06	009706a0	resolved
00970720	ai	BotMain__v0_slot15	00970720	resolved
00970730	ai	BotMain__v0_slot16	00970730	resolved
00970760	ai	BotMain__v0_slot19	00970760	resolved
00970780	ai	BotMain__v0_slot28	00970780	resolved
00970800	ai	BotMain__v0_slot42	00970800	resolved
00970810	ai	BotMain__v0_slot43	00970810	resolved
00970820	ai	BotMain__v0_slot46	00970820	resolved
00970840	ai	BotMain__v0_slot49	00970840	resolved
00970850	ai	BotMain__v0_slot50	00970850	resolved
00970870	ai	BotMain__v0_slot35	00970870	resolved
00970880	ai	BotMain__v0_slot52	00970880	resolved
00970890	ai	BotMain__v0_slot20	00970890	resolved
009708a0	ai	BotMain__v0_slot22	009708a0	resolved
009708c0	ai	BotMain__v0_slot36	009708c0	resolved
009708d0	ai	BotMain__v0_slot37	009708d0	resolved
009708e0	ai	BotMain__v0_slot38	009708e0	resolved
009708f0	ai	BotMain__v0_slot40	009708f0	resolved
00970900	ai	BotMain__v0_slot41	00970900	resolved
00970910	ai	BotMain__v0_slot82	00970910	resolved
00970960	ai	BotMain__v0_slot83	00970960	resolved
00970a80	ai	BotMain__v0_slot106	00970a80	resolved
00970ac0	ai	BotMain__v0_slot68	00970ac0	resolved
00970ad0	ai	BotMain__v0_slot73	00970ad0	resolved
00970ae0	ai	BotMain__v0_slot74	00970ae0	resolved
00970af0	ai	BotMain__v0_slot75	00970af0	resolved
00970b20	ai	BotMain__v0_slot76	00970b20	resolved
00970b50	ai	BotMain__v0_slot77	00970b50	resolved
00970bd0	ai	BotMain__v0_slot107	00970bd0	resolved
00970c60	ai	BotMain__v0_slot30	00970c60	resolved
00970cc0	ai	BotMain__v0_slot31	00970cc0	resolved
00970cf0	ai	BotMain__v0_slot89	00970cf0	resolved
00970d00	ai	BotMain__v0_slot87	00970d00	resolved
00970d20	ai	BotMain__v0_slot90	00970d20	resolved
00970d30	ai	BotMain__v0_slot88	00970d30	resolved
00970d50	ai	BotMain__v0_slot57	00970d50	resolved
00970d60	ai	BotMain__v0_slot85	00970d60	resolved
00970d70	ai	BotMain__v0_slot86	00970d70	resolved
00970d80	ai	BotMain__v0_slot48	00970d80	resolved
00970d90	ai	BotMain__v0_slot100	00970d90	resolved
00970da0	ai	BotMain__v0_slot93	00970da0	resolved
00970dc0	ai	BotMain__v0_slot95	00970dc0	resolved
00970dd0	ai	BotMain__v0_slot96	00970dd0	resolved
00970df0	ai	BotMain__v0_slot97	00970df0	resolved
00970e60	ai	BotMain__v0_slot98	00970e60	resolved
00970e70	ai	BotMain__v0_slot99	00970e70	resolved
00970e80	ai	BotMain__v0_slot102	00970e80	resolved
00970e90	ai	BotMain__v0_slot39	00970e90	resolved
00970f50	ai	BotMain__v0_slot62	00970f50	resolved
00970f60	ai	BotMain__v0_slot63	00970f60	resolved
00970f80	ai	BotMain__v0_slot65	00970f80	resolved
00970f90	ai	BotMain__v0_slot66	00970f90	resolved
00970fb0	ai	BotMain__v0_slot69	00970fb0	resolved
00971000	ai	BotMain__v0_slot47	00971000	resolved
00971060	ai	BotMain__v0_slot94	00971060	resolved
00971980	ai	BotMain__v0_slot18	00971980	resolved
009719c0	ai	BotMain__v0_slot61	009719c0	resolved
00971dd0	ai	BotMain__v0_slot34	00971dd0	resolved
00971e10	ai	BotMain__v0_slot105	00971e10	resolved
00973300	ai	BotMain__v0_slot29	00973300	resolved
00973350	ai	BotMain__v0_slot64	00973350	resolved
009733a0	ai	BotMain__v0_slot67	009733a0	resolved
009733f0	ai	BotMain__v0_slot45	009733f0	resolved
009741a0	ai	BotMain__v0_slot91	009741a0	resolved
009741d0	ai	BotMain__v0_slot78	009741d0	resolved
009750c0	ai	BotMain__v0_slot03	009750c0	resolved
00975480	ai	BotMain__v0_slot10	00975480	resolved
00975720	ai	BotMain__v0_slot11	00975720	resolved
009760c0	ai	BotMain__v0_slot04	009760c0	resolved
009768d0	ai	BotMain__v0_slot17	009768d0	resolved
00976940	ai	BotMain__v0_slot07	00976940	resolved
00977910	ai	BotMain__v0_slot84	00977910	resolved
00977d60	ai	BotMain__v0_slot81	00977d60	resolved
009781c0	ai	BotMain__v0_slot59	009781c0	resolved
00978430	ai	BotMain__v0_slot72	00978430	resolved
009789e0	ai	BotMain__v0_slot92	009789e0	resolved
00978db0	ai	BotMain__v0_slot104	00978db0	resolved
00979020	ai	BotMain__v0_slot08	00979020	resolved
00979f50	ai	BotMain__v0_slot09	00979f50	resolved
0097aa90	ai	BotMain__v0_slot60	0097aa90	resolved
0097b0c0	ai	BotMain__v0_slot71	0097b0c0	resolved
0097bfd0	ai	BotMain__v0_slot70	0097bfd0	resolved
0097bfe0	ai	BotMain__v0_slot103	0097bfe0	resolved
0097c3c0	ai	BotMain__v0_slot58	0097c3c0	resolved
0097c560	ai	BotMain__v0_slot00	0097c560	resolved
0097caf0	ai	BotMain__v0_slot12	0097caf0	resolved
0097cc90	ai	AIObjectPlugIn__v0_slot00	0097cc90	resolved
0097ce40	ai	AIObjectPhysical__v0_slot00	0097ce40	resolved
0097cf10	ai	AIObjectPhysical__v0_slot03	0097cf10	resolved
0097cf50	ai	AIObjectPhysical__v0_slot02	0097cf50	resolved
0097e5c0	ai	AIMeshLoader__v0_slot00	0097e5c0	resolved
00980090	ai	AStarStrategicSearch__v0_slot00	00980090	resolved
009800b0	ai	TaskAStarStrategicSearch__v0_slot00	009800b0	resolved
00980180	ai	AStarStrategicSearch__v0_slot01	00980180	resolved
00980320	ai	TaskStrategicPlayerMapSearch__v0_slot00	00980320	resolved
00980340	ai	TaskGetStrategicCellInfoNo__v0_slot00	00980340	resolved
00980410	ai	TaskStrategicSearch__v0_slot00	00980410	resolved
00980fe0	ai	AIObjectPrimaryReal__v0_slot12	00980fe0	resolved
00981040	ai	AIObjectPrimaryReal__v0_slot13	00981040	resolved
00981100	ai	AIObjectPrimaryReal__v0_slot29	00981100	resolved
00981190	ai	AIObjectPrimaryReal__v0_slot10	00981190	resolved
009811c0	ai	AIObjectPrimaryReal__v0_slot08	009811c0	resolved
00981200	ai	AIObjectPrimaryReal__v0_slot34	00981200	resolved
00981240	ai	AIObjectPrimaryReal__v0_slot32	00981240	resolved
009813e0	ai	AIObjectReal__v0_slot06	009813e0	resolved
009813f0	ai	AIObjectReal__v0_slot07	009813f0	resolved
00981400	ai	AIObjectReal__v0_slot40	00981400	resolved
00981410	ai	AIObjectReal__v0_slot41	00981410	resolved
00981420	ai	AIObjectReal__v0_slot51	00981420	resolved
00981430	ai	AIObjectReal__v0_slot16	00981430	resolved
00981440	ai	AIObjectReal__v0_slot17	00981440	resolved
00981450	ai	AIObjectPrimaryReal__v0_slot01	00981450	resolved
00981460	ai	AIObjectPrimaryReal__v0_slot02	00981460	resolved
00981480	ai	AIObjectPrimaryReal__v0_slot00	00981480	resolved
009817b0	ai	AIObjectPrimaryReal__v0_slot30	009817b0	resolved
009817f0	ai	AIObjectPrimaryShared__v0_slot12	009817f0	resolved
00981840	ai	AIObjectPrimaryShared__v0_slot13	00981840	resolved
009818f0	ai	AIObjectPrimaryShared__v0_slot29	009818f0	resolved
00981920	ai	AIObjectPrimaryShared__v0_slot10	00981920	resolved
00981950	ai	AIObjectPrimaryShared__v0_slot08	00981950	resolved
00981990	ai	AIObjectPrimaryShared__v0_slot34	00981990	resolved
009819d0	ai	AIObjectPrimaryShared__v0_slot32	009819d0	resolved
00981ad0	ai	AIObjectShared__v0_slot06	00981ad0	resolved
00981ae0	ai	AIObjectShared__v0_slot07	00981ae0	resolved
00981af0	ai	AIObjectShared__v0_slot51	00981af0	resolved
00981b00	ai	AIObjectShared__v0_slot16	00981b00	resolved
00981b10	ai	AIObjectShared__v0_slot17	00981b10	resolved
00981b20	ai	AIObjectShared__v0_slot03	00981b20	resolved
00981b50	ai	AIObjectShared__v0_slot26	00981b50	resolved
00981b80	gameplay	BFSpawnPointManager__v0_slot02	00981b80	resolved
00981ba0	ai	AIObjectPrimaryShared__v0_slot00	00981ba0	resolved
00981c10	ai	AIObjectPrimaryShared__v0_slot30	00981c10	resolved
00981c50	ai	AIObjectSecondaryReal__v0_slot10	00981c50	resolved
00981c60	ai	AIObjectSecondaryReal__v0_slot08	00981c60	resolved
00981dc0	ai	AIObjectSecondaryReal__v0_slot00	00981dc0	resolved
00981de0	ai	AIObjectSecondaryReal__v0_slot21	00981de0	resolved
00981fc0	ai	AIObjectSecondaryShared__v0_slot10	00981fc0	resolved
00981fd0	ai	AIObjectSecondaryShared__v0_slot08	00981fd0	resolved
00982040	ai	AIObjectSecondaryShared__v0_slot00	00982040	resolved
009820a0	ai	AIObjectSecondaryShared__v0_slot21	009820a0	resolved
009821f0	ai	AITemplateControlInfo3d__v0_slot05	009821f0	resolved
00982230	ai	AITemplateControlInfo3d__v0_slot06	00982230	resolved
00982270	ai	AITemplateControlInfo3d__v0_slot00	00982270	resolved
009822a0	ai	AITemplateControlInfo__v0_slot01	009822a0	resolved
009822e0	ai	AITemplateUnit__v0_slot00	009822e0	resolved
00982510	ai	AITemplateUnit__v0_slot01	00982510	resolved
00982570	ai	AITemplatePlugIn__v0_slot00	00982570	resolved
00982590	ai	AITemplateArmament__v0_slot01	00982590	resolved
00982810	ai	AITemplatePhysical__v0_slot01	00982810	resolved
009829f0	ai	AITemplateCover__v0_slot00	009829f0	resolved
00982a60	ai	AITemplateCover__v0_slot01	00982a60	resolved
009831c0	gameplay	NetworkableBase__v0_slot09	009831c0	resolved
009831d0	ai	BBAirLift__v0_slot09	009831d0	resolved
009831e0	ai	BBAirLift__v0_slot00	009831e0	resolved
00983240	ai	BBPPattern__v0_slot02	00983240	resolved
00983260	ai	BBPPattern__v0_slot01	00983260	resolved
00983280	ai	BBPPattern__v0_slot03	00983280	resolved
009832a0	ai	BBPAirLift__v0_slot00	009832a0	resolved
009832b0	ai	BBPAirLift__v0_slot04	009832b0	resolved
009832e0	ai	BBMoveToFixed__v0_slot00	009832e0	resolved
00983320	ai	BBMoveToFixed__v0_slot09	00983320	resolved
009835f0	ai	BBFireUnarmed__v0_slot00	009835f0	resolved
009836f0	ai	BBFireUnarmed__v0_slot09	009836f0	resolved
009841b0	ai	BBIdle__v0_slot08	009841b0	resolved
009841d0	ai	BBIdle__v0_slot00	009841d0	resolved
00984200	ai	BBIdle__v0_slot09	00984200	resolved
009842d0	gameplay	MusicPlayerNetworkable__v0_slot10	009842d0	resolved
009842e0	ai	BBPIdleInfantery__v0_slot04	009842e0	resolved
00984310	ai	BBPIdleInfantery__v0_slot00	00984310	resolved
00984530	gameplay	FireArmsNetworkable__v0_slot10	00984530	resolved
00984580	ai	BBPIdle3d__v0_slot04	00984580	resolved
00984620	ai	BBPIdle3d__v0_slot00	00984620	resolved
00984970	ai	BBPIdle2d__v0_slot04	00984970	resolved
009849a0	ai	BBPIdle2d__v0_slot00	009849a0	resolved
00984bf0	ai	BBBailOut__v0_slot00	00984bf0	resolved
00984c20	ai	BBBailOut__v0_slot09	00984c20	resolved
00984d40	ai	AI_BBPBailOut_ctor_candidate	00984d40	resolved
00984d60	ai	BBPBailOut__v0_slot04	00984d60	resolved
00984d90	ai	BBPBailOut__v0_slot00	00984d90	resolved
009854a0	ai	BBChange__v0_slot00	009854a0	resolved
009856f0	ai	BBChange__v0_slot09	009856f0	resolved
00986cb0	ai	BBPChange__v0_slot04	00986cb0	resolved
00986cf0	ai	AI_BBPChange_ctor_candidate	00986cf0	resolved
00986d40	ai	BBPChange__v0_slot00	00986d40	resolved
00987fe0	ai	BBChangeLandingCraft__v0_slot00	00987fe0	resolved
00988020	ai	BBChangeLandingCraft__v0_slot09	00988020	resolved
00988990	ai	BBPChangeLandingCraft__v0_slot04	00988990	resolved
00988a20	ai	BBPChangeLandingCraft__v0_slot00	00988a20	resolved
00988f20	ai	BBChangeTeleport__v0_slot00	00988f20	resolved
00988f60	ai	BBChangeTeleport__v0_slot09	00988f60	resolved
00989760	ai	BBPChangeTeleport__v0_slot04	00989760	resolved
009897f0	ai	BBPChangeTeleport__v0_slot00	009897f0	resolved
00989d20	ai	BBMedicAssist__v0_slot12	00989d20	resolved
00989da0	ai	BBMedicAssist__v0_slot00	00989da0	resolved
00989f80	ai	BBMedicAssist__v0_slot09	00989f80	resolved
0098aa00	ai	BotScriptVariable__v0_slot00	0098aa00	resolved
0098aa90	ai	BBPMedicAssist__v0_slot04	0098aa90	resolved
0098ad00	ai	BBPMedicAssist__v0_slot00	0098ad00	resolved
0098bd70	ai	BBAvoid__v0_slot00	0098bd70	resolved
0098c1a0	ai	BBAvoid__v0_slot09	0098c1a0	resolved
0098cac0	ai	BBPAvoidCollisionInfantery__v0_slot04	0098cac0	resolved
0098ccf0	ai	BBPAvoidCollisionInfantery__v0_slot00	0098ccf0	resolved
0098da20	ai	BBPAvoidCollision3d__v0_slot05	0098da20	resolved
0098dac0	ai	BBPAvoidCollision3d__v0_slot04	0098dac0	resolved
0098db40	ai	BBPAvoidCollision3d__v0_slot00	0098db40	resolved
0098e200	ai	BBPAvoidCollisionInfantery__v0_slot05	0098e200	resolved
0098e290	ai	BBPAvoidCollision2d__v0_slot04	0098e290	resolved
0098e310	ai	BBPAvoidCollision2d__v0_slot00	0098e310	resolved
0098e890	ai	BBMoveTo__v0_slot00	0098e890	resolved
0098e9e0	ai	BBMoveTo__v0_slot09	0098e9e0	resolved
0098eea0	ai	BBPGotoWaypoint__v0_slot04	0098eea0	resolved
0098ef10	ai	BBPGotoWaypointSoldier__v0_slot04	0098ef10	resolved
0098efc0	ai	BBPGotoWaypointSoldier__v0_slot00	0098efc0	resolved
0098fc30	ai	BBPGotoWaypoint3d__v0_slot00	0098fc30	resolved
00990080	ai	BBPGotoWaypointBoat__v0_slot00	00990080	resolved
00990d60	ai	BBPGotoWaypoint2d__v0_slot00	00990d60	resolved
00991cf0	ai	BBScout__v0_slot08	00991cf0	resolved
00991f30	ai	BBScout__v0_slot00	00991f30	resolved
00992750	ai	BBScout__v0_slot09	00992750	resolved
00993b60	ai	BotScript__v0_slot01	00993b60	resolved
00993b80	ai	BAPStatement__v0_slot02	00993b80	resolved
00993bf0	ai	BBPScoutInfantery__v0_slot04	00993bf0	resolved
00993c20	ai	BAPICScout__v0_slot01	00993c20	resolved
00993c60	ai	BBPScoutInfantery__v0_slot00	00993c60	resolved
009941d0	ai	BBPScout__v0_slot04	009941d0	resolved
00994290	ai	BBPScout__v0_slot05	00994290	resolved
00994420	ai	BBPScout__v0_slot00	00994420	resolved
009951f0	ai	BBFire__v0_slot00	009951f0	resolved
00995210	ai	BBFire__v0_slot09	00995210	resolved
00996b60	ai	BAPExpression__v0_slot00	00996b60	resolved
00996e40	ai	BBPFireInfantery__v0_slot05	00996e40	resolved
00997ae0	ai	BBPFireInfantery__v0_slot04	00997ae0	resolved
0099b060	ai	BBPFireInfantery__v0_slot00	0099b060	resolved
0099d3d0	ai	BBPFire2d__v0_slot04	0099d3d0	resolved
0099d590	ai	BBPFire2d__v0_slot00	0099d590	resolved
0099eb00	ai	BBFireLargeBore__v0_slot13	0099eb00	resolved
0099f280	ai	BBFireLargeBore__v0_slot00	0099f280	resolved
009a12f0	ai	BBFireLargeBore__v0_slot09	009a12f0	resolved
009a1350	ai	BBFireArtilleryDriver__v0_slot00	009a1350	resolved
009a13a0	ai	BBFireArtilleryDriver__v0_slot09	009a13a0	resolved
009a1680	ai	BBPFire2dDriver__v0_slot04	009a1680	resolved
009a16c0	ai	BBPFire2d__v0_slot05	009a16c0	resolved
009a1730	ai	BBPFire2dDriver__v0_slot00	009a1730	resolved
009a2980	ai	BBFire__v0_slot13	009a2980	resolved
009a30c0	ai	BBFire3d__v0_slot00	009a30c0	resolved
009a30e0	ai	BBFire3d__v0_slot09	009a30e0	resolved
009a5760	ai	BBPFire3d__v0_slot05	009a5760	resolved
009a57c0	ai	BBPFire3d__v0_slot04	009a57c0	resolved
009a7830	ai	BBPFire3d__v0_slot00	009a7830	resolved
009a7ce0	ai	BBFireInfantery__v0_slot13	009a7ce0	resolved
009a7cf0	ai	BBFireInfantery__v0_slot00	009a7cf0	resolved
009a7da0	ai	BBRoam__v0_slot00	009a7da0	resolved
009a7ef0	ai	BBRoam__v0_slot09	009a7ef0	resolved
009a8660	ai	BBPRoam3d__v0_slot04	009a8660	resolved
009a86a0	ai	BBPRoam3d__v0_slot00	009a86a0	resolved
009a8a90	ai	BBPRoam2d__v0_slot04	009a8a90	resolved
009a8ac0	ai	BBPRoam2d__v0_slot00	009a8ac0	resolved
009a8d30	ai	BBTakeCover__v0_slot08	009a8d30	resolved
009a8d90	ai	BBTakeCover__v0_slot00	009a8d90	resolved
009a8f00	ai	BBTakeCover__v0_slot09	009a8f00	resolved
009aa450	ai	BBPTakeCover__v0_slot04	009aa450	resolved
009aa5b0	ai	BAPConEndOfPath__v0_slot02	009aa5b0	resolved
009aa650	ai	BBPTakeCover__v0_slot00	009aa650	resolved
009aae70	ai	BBTakeCoverInfantry__v0_slot00	009aae70	resolved
009abed0	ai	BBTakeCoverInfantry__v0_slot09	009abed0	resolved
009adb60	ai	BBPTakeCoverInfantry__v0_slot04	009adb60	resolved
009adc30	ai	BBPTakeCoverInfantry__v0_slot00	009adc30	resolved
009af2a0	ai	BBTakeCover3d__v0_slot00	009af2a0	resolved
009af2e0	ai	BBTakeCover3d__v0_slot09	009af2e0	resolved
009af8c0	ai	BBPTakeCover3d__v0_slot04	009af8c0	resolved
009af8f0	ai	BBPTakeCover3d__v0_slot00	009af8f0	resolved
009b2f90	ai	BAPEntry__v0_slot00	009b2f90	resolved
009be150	ai	BAPInterpreter__v0_slot00	009be150	resolved
009be180	ai	BAPInterpreter__v0_slot01	009be180	resolved
009be410	ai	AIObjectControlInfo__v0_slot00	009be410	resolved
009bea70	ai	AIObjectControlInfo__v0_slot03	009bea70	resolved
009beaa0	ai	AIObjectControlInfo__v0_slot02	009beaa0	resolved
009bedc0	ai	BotManager__v4_slot01	009bedc0	resolved
009bedf0	ai	BotManager__v4_slot02	009bedf0	resolved
009bee20	ai	BotManager__v4_slot03	009bee20	resolved
009bee80	ai	BotManager__v4_slot04	009bee80	resolved
009beee0	ai	BotManager__v4_slot05	009beee0	resolved
009bef00	ai	BotManager__v4_slot08	009bef00	resolved
009bef10	ai	BotManager__v4_slot09	009bef10	resolved
009bef20	ai	BotManager__v4_slot10	009bef20	resolved
009bef30	ai	BotManager__v4_slot11	009bef30	resolved
009bef40	ai	BotManager__v4_slot12	009bef40	resolved
009bef50	gameplay	PhysicsNode__v0_slot60	009bef50	resolved
009bef60	ai	BotManager__v4_slot14	009bef60	resolved
009bef70	ai	BotManager__v4_slot15	009bef70	resolved
009bef80	ai	BotManager__v4_slot16	009bef80	resolved
009bef90	ai	BotManager__v4_slot17	009bef90	resolved
009befa0	ai	BotManager__v4_slot18	009befa0	resolved
009befb0	ai	BotManager__v4_slot19	009befb0	resolved
009befc0	ai	BotManager__v4_slot20	009befc0	resolved
009befd0	gameplay	PhysicsNode__v0_slot64	009befd0	resolved
009befe0	ai	BotManager__v4_slot22	009befe0	resolved
009beff0	ai	BotManager__v4_slot23	009beff0	resolved
009bf000	ai	BotManager__v4_slot24	009bf000	resolved
009bf010	ai	BotManager__v4_slot25	009bf010	resolved
009bf020	ai	BotManager__v4_slot26	009bf020	resolved
009bf040	ai	BotManager__v0_slot10	009bf040	resolved
009bf110	ai	BotManager__v0_slot11	009bf110	resolved
009bf190	gameplay	PlayerControlObjectTemplate__v472_slot39	009bf190	resolved
009bf1a0	ai	BotManager__v0_slot01	009bf1a0	resolved
009bf1c0	ai	BotManager__v0_slot02	009bf1c0	resolved
009bf1e0	ai	BotManager__v0_slot12	009bf1e0	resolved
009bf4c0	ai	BotManager__v4_slot29	009bf4c0	resolved
009bf510	ai	BotManager__v4_slot41	009bf510	resolved
009bf870	ai	BotManager__v0_slot06	009bf870	resolved
009bf8a0	ai	BotManager__v0_slot08	009bf8a0	resolved
009bf960	ai	BotManager__v0_slot07	009bf960	resolved
009bf980	ai	BotManager__v0_slot13	009bf980	resolved
009bfa60	ai	BotManager__v0_slot14	009bfa60	resolved
009bfe40	ai	BotManager__v0_slot15	009bfe40	resolved
009c0330	ai	BotManager__v4_slot06	009c0330	resolved
009c0380	ai	BotManager__v4_slot07	009c0380	resolved
009c03f0	ai	BotManager__v0_slot05	009c03f0	resolved
009c0410	ai	BotManager__v0_slot04	009c0410	resolved
009c0460	ai	BotManager__v4_slot28	009c0460	resolved
009c04a0	ai	BotManager__v4_slot30	009c04a0	resolved
009c04c0	ai	BotManager__v4_slot31	009c04c0	resolved
009c04e0	ai	BotManager__v4_slot32	009c04e0	resolved
009c0500	ai	BotManager__v4_slot33	009c0500	resolved
009c0520	ai	BotManager__v4_slot34	009c0520	resolved
009c0540	ai	BotManager__v4_slot35	009c0540	resolved
009c0560	ai	BotManager__v4_slot36	009c0560	resolved
009c0580	ai	BotManager__v4_slot37	009c0580	resolved
009c05a0	ai	BotManager__v4_slot38	009c05a0	resolved
009c05c0	ai	BotManager__v4_slot39	009c05c0	resolved
009c05e0	ai	BotManager__v0_slot22	009c05e0	resolved
009c2770	ai	BotManager__v0_slot16	009c2770	resolved
009c2d10	ai	BotManager__v0_slot17	009c2d10	resolved
009c2d20	ai	BotManager__v0_slot18	009c2d20	resolved
009c2d30	ai	BotManager__v0_slot21	009c2d30	resolved
009c2d40	ai	BotManager__v4_slot00	009c2d40	resolved
009c2d50	ai	BotManager__v4_slot27	009c2d50	resolved
009c2d60	ai	BotManager__v0_slot19	009c2d60	resolved
009c2d90	ai	BotManager__v4_slot40	009c2d90	resolved
009c2da0	ai	BotManager__v0_slot20	009c2da0	resolved
009c33d0	ai	BotManager__v0_slot00	009c33d0	resolved
009cb270	ai	AIDebugRenderer__v0_slot07	009cb270	resolved
009cb3a0	ai	AIDebugRenderer__v0_slot06	009cb3a0	resolved
009cb590	ai	AIDebugRenderer__v0_slot01	009cb590	resolved
009cb630	ai	AIDebugRenderer__v0_slot02	009cb630	resolved
009cb6c0	ai	AIDebugRenderer__v0_slot05	009cb6c0	resolved
009cb7a0	ai	AIDebugRenderer__v0_slot04	009cb7a0	resolved
009cb870	ai	AIDebugRenderer__v0_slot08	009cb870	resolved
009cbb40	ai	AIDebugRenderer__v0_slot00	009cbb40	resolved
009cbc40	ai	AIDebugRenderer__v0_slot03	009cbc40	resolved
009cc350	ai	AIPredWrapper__v0_slot00	009cc350	resolved
009ceb30	ai	AIPathfinding__v4_slot21	009ceb30	resolved
009ceb60	ai	AIPathfinding__v4_slot22	009ceb60	resolved
009ceb70	ai	AIPathfinding__v0_slot15	009ceb70	resolved
009ceba0	ai	AIPathfinding__v0_slot19	009ceba0	resolved
009cebd0	ai	AIPathfinding__v0_slot21	009cebd0	resolved
009cec00	ai	AIPathfinding__v4_slot39	009cec00	resolved
009cec30	ai	AIPathfinding__v4_slot55	009cec30	resolved
009cec60	ai	AIPathfinding__v4_slot42	009cec60	resolved
009cec90	ai	AIPathfinding__v4_slot43	009cec90	resolved
009ceca0	ai	AIPathfinding__v4_slot44	009ceca0	resolved
009cecd0	ai	AIPathfinding__v4_slot45	009cecd0	resolved
009cece0	ai	AIPathfinding__v4_slot46	009cece0	resolved
009ced10	ai	AIPathfinding__v4_slot47	009ced10	resolved
009ced20	ai	AIPathfinding__v4_slot48	009ced20	resolved
009ced50	ai	AIPathfinding__v4_slot49	009ced50	resolved
009ced60	ai	AIPathfinding__v4_slot50	009ced60	resolved
009ced90	ai	AIPathfinding__v4_slot51	009ced90	resolved
009cee00	ai	AIPathfinding__v0_slot01	009cee00	resolved
009cee20	ai	AIPathfinding__v0_slot02	009cee20	resolved
009cee40	ai	AIPathfinding__v0_slot03	009cee40	resolved
009cee60	ai	AIPathfinding__v0_slot49	009cee60	resolved
009ceec0	ai	AIPathfinding__v0_slot13	009ceec0	resolved
009cf0c0	ai	AIPathfinding__v0_slot07	009cf0c0	resolved
009cf9f0	ai	AIPathfinding__v0_slot06	009cf9f0	resolved
009cfa00	ai	AIPathfinding__v0_slot08	009cfa00	resolved
009cfa30	ai	AIPathfinding__v0_slot09	009cfa30	resolved
009cfa60	ai	AIPathfinding__v0_slot04	009cfa60	resolved
009cfa80	ai	AIPathfinding__v4_slot19	009cfa80	resolved
009cfab0	ai	AIPathfinding__v4_slot15	009cfab0	resolved
009cfae0	ai	AIPathfinding__v0_slot10	009cfae0	resolved
009cfb00	ai	AIPathfinding__v4_slot17	009cfb00	resolved
009cfb60	ai	AIPathfinding__v0_slot11	009cfb60	resolved
009cfb80	ai	AIPathfinding__v4_slot24	009cfb80	resolved
009cfc20	ai	AIPathfinding__v4_slot23	009cfc20	resolved
009cfd00	ai	AIPathfinding__v4_slot25	009cfd00	resolved
009cfda0	ai	AIPathfinding__v0_slot40	009cfda0	resolved
009cfdf0	ai	AIPathfinding__v0_slot36	009cfdf0	resolved
009cfe30	ai	AIPathfinding__v0_slot37	009cfe30	resolved
009cfe80	ai	AIPathfinding__v0_slot41	009cfe80	resolved
009cfee0	ai	AIPathfinding__v0_slot47	009cfee0	resolved
009cff10	ai	AIPathfinding__v0_slot48	009cff10	resolved
009cff40	ai	AIPathfinding__v0_slot31	009cff40	resolved
009cff80	ai	AIPathfinding__v0_slot35	009cff80	resolved
009cffe0	ai	AIPathfinding__v0_slot34	009cffe0	resolved
009d0060	ai	AIPathfinding__v0_slot33	009d0060	resolved
009d0110	ai	AIPathfinding__v0_slot32	009d0110	resolved
009d01e0	ai	AIPathfinding__v0_slot12	009d01e0	resolved
009d02d0	ai	AIPathfinding__v0_slot14	009d02d0	resolved
009d04b0	ai	AIPathfinding__v0_slot46	009d04b0	resolved
009d0570	ai	AIPathfinding__v0_slot26	009d0570	resolved
009d0620	ai	AIPathfinding__v0_slot29	009d0620	resolved
009d0720	ai	AIPathfinding__v0_slot22	009d0720	resolved
009d07d0	ai	AIPathfinding__v0_slot16	009d07d0	resolved
009d0800	ai	AIPathfinding__v0_slot17	009d0800	resolved
009d0830	ai	AIPathfinding__v0_slot50	009d0830	resolved
009d0b60	ai	AIPathfinding__v4_slot41	009d0b60	resolved
009d0b90	ai	AIPathfinding__v4_slot09	009d0b90	resolved
009d0bc0	ai	AIPathfinding__v4_slot10	009d0bc0	resolved
009d0c00	ai	AIPathfinding__v4_slot11	009d0c00	resolved
009d0c30	ai	AIPathfinding__v4_slot12	009d0c30	resolved
009d0c70	ai	AIPathfinding__v4_slot13	009d0c70	resolved
009d0ca0	ai	AIPathfinding__v4_slot14	009d0ca0	resolved
009d0e50	ai	AIPathfinding__v0_slot44	009d0e50	resolved
009d15e0	ai	AIPathfinding__v4_slot26	009d15e0	resolved
009d1780	ai	AIPathfinding__v4_slot29	009d1780	resolved
009d18c0	ai	AIPathfinding__v4_slot31	009d18c0	resolved
009d1b40	ai	AIPathfinding__v4_slot28	009d1b40	resolved
009d1de0	ai	AIPathfinding__v4_slot32	009d1de0	resolved
009d2240	ai	AIPathfinding__v4_slot33	009d2240	resolved
009d2480	ai	AIPathfinding__v0_slot39	009d2480	resolved
009d24c0	ai	AIPathfinding__v0_slot38	009d24c0	resolved
009d24f0	ai	AIPathfinding__v0_slot42	009d24f0	resolved
009d2550	ai	AIPathfinding__v0_slot25	009d2550	resolved
009d25f0	ai	AIPathfinding__v0_slot24	009d25f0	resolved
009d26c0	ai	AIPathfinding__v0_slot45	009d26c0	resolved
009d26f0	ai	AIPathfinding__v0_slot28	009d26f0	resolved
009d27b0	ai	AIPathfinding__v0_slot27	009d27b0	resolved
009d28f0	ai	AIPathfinding__v0_slot30	009d28f0	resolved
009d2a20	ai	AIPathfinding__v0_slot18	009d2a20	resolved
009d2b00	ai	AIPathfinding__v0_slot20	009d2b00	resolved
009d2cb0	ai	AIPathfinding__v4_slot00	009d2cb0	resolved
009d2cc0	ai	AIPathfinding__v4_slot54	009d2cc0	resolved
009d2cd0	ai	AIPathfinding__v4_slot01	009d2cd0	resolved
009d2ce0	ai	AIPathfinding__v4_slot07	009d2ce0	resolved
009d2cf0	ai	AIPathfinding__v4_slot16	009d2cf0	resolved
009d2d00	ai	AIPathfinding__v4_slot18	009d2d00	resolved
009d2d10	ai	AIPathfinding__v4_slot38	009d2d10	resolved
009d2d20	ai	AIPathfinding__v4_slot08	009d2d20	resolved
009d2ee0	ai	AIPathfinding__v0_slot23	009d2ee0	resolved
009d30a0	ai	AIPathfinding__v4_slot06	009d30a0	resolved
009d3300	ai	AIPathfinding__v4_slot05	009d3300	resolved
009d3410	ai	AIPathfinding__v4_slot04	009d3410	resolved
009d3600	ai	AIPathfinding__v0_slot43	009d3600	resolved
009d3be0	ai	AIPathfinding__v0_slot00	009d3be0	resolved
009d3c00	ai	AIPathfinding__v4_slot20	009d3c00	resolved
009d3c60	ai	AIPathfinding__v4_slot30	009d3c60	resolved
009d3f10	ai	AIPathfinding__v4_slot52	009d3f10	resolved
009d40c0	ai	AIPathfinding__v4_slot27	009d40c0	resolved
009d4320	ai	AICollisionHandler__v0_slot05	009d4320	resolved
009d4360	ai	AICollisionHandler__v0_slot07	009d4360	resolved
009d43b0	ai	AICollisionHandler__v0_slot08	009d43b0	resolved
009d4460	ai	AICollisionHandler__v0_slot00	009d4460	resolved
009d4570	ai	AICollisionHandler__v0_slot06	009d4570	resolved
009d4ba0	ai	AICollisionHandler__v0_slot01	009d4ba0	resolved
009d4f20	ai	AICollisionHandler__v0_slot04	009d4f20	resolved
009d58a0	ai	AICollisionHandler__v0_slot03	009d58a0	resolved
009d5960	ai	AICollisionHandler__v0_slot02	009d5960	resolved
009d8140	ai	AIObjectUnit__v0_slot00	009d8140	resolved
009d82e0	ai	AIObjectUnit__v0_slot03	009d82e0	resolved
009d8440	ai	AIObjectUnit__v0_slot02	009d8440	resolved
009d8f80	ai	AIObjectMobile__v0_slot00	009d8f80	resolved
009d9010	ai	AIObjectMobile__v0_slot05	009d9010	resolved
009d9110	ai	AIObjectMobile__v0_slot02	009d9110	resolved
009d9350	ai	AIObjectMobile__v0_slot03	009d9350	resolved
009da120	ai	AIScriptExecuter__v0_slot00	009da120	resolved
009dad90	ai	AIScript__v0_slot02	009dad90	resolved
009dada0	ai	AIScript__v0_slot03	009dada0	resolved
009dadb0	ai	AIScript__v0_slot01	009dadb0	resolved
009db790	ai	AIScript__v0_slot00	009db790	resolved
009db7e0	ai	SVUBotVehicle__v0_slot00	009db7e0	resolved
009db810	ai	SVUBotVehicle__v0_slot06	009db810	resolved
009db8c0	ai	SVUBotPos__v0_slot00	009db8c0	resolved
009db8f0	ai	SVUBotPos__v0_slot06	009db8f0	resolved
009dba00	ai	SVUBotHealth__v0_slot00	009dba00	resolved
009dba30	ai	SVUBotHealth__v0_slot06	009dba30	resolved
009dbb00	ai	SVUBotExists__v0_slot00	009dbb00	resolved
009dbb30	ai	SVUBotExists__v0_slot06	009dbb30	resolved
009dbb90	ai	AIScriptSubroutine__v0_slot00	009dbb90	resolved
009dc490	ai	BAPATrigger__v0_slot00	009dc490	resolved
009dc530	gameplay	SimpleObjectNetworkable__v0_slot10	009dc530	resolved
009dc540	ai	BAPATrigger__v0_slot01	009dc540	resolved
009dc5a0	ai	BAPATrigger__v0_slot05	009dc5a0	resolved
009dc8d0	ai	BotScriptDebugger__v0_slot00	009dc8d0	resolved
009dcbc0	ai	BAPDebugger__v0_slot02	009dcbc0	resolved
009dce30	ai	BAPDebugger__v0_slot01	009dce30	resolved
009dcfb0	ai	BAPDebugger__v0_slot00	009dcfb0	resolved
009dd8c0	ai	AIMeshLoader__v0_slot03	009dd8c0	resolved
009dd910	ai	AIMeshLoader__v0_slot02	009dd910	resolved
009ddde0	ai	AIMeshLoader__v0_slot01	009ddde0	resolved
009de020	ai	TaskAStarStrategicSearch__v0_slot03	009de020	resolved
009de230	ai	TaskAStarStrategicSearch__v0_slot01	009de230	resolved
009de390	ai	TaskStrategicPlayerMapSearch__v0_slot01	009de390	resolved
009de410	ai	TaskStrategicSearch__v0_slot01	009de410	resolved
009de710	ai	TaskGetStrategicCellInfoNo__v0_slot01	009de710	resolved
009de950	ai	AStarStrategicSearch__v0_slot06	009de950	resolved
009de970	ai	AStarStrategicSearch__v0_slot07	009de970	resolved
009de990	ai	AStarStrategicSearch__v0_slot02	009de990	resolved
009deb80	ai	AStarStrategicSearch__v0_slot04	009deb80	resolved
009deed0	ai	AStarStrategicSearch__v0_slot03	009deed0	resolved
009eaf80	ai	AIObjectReal__v0_slot10	009eaf80	resolved
009eafc0	ai	AIObjectReal__v0_slot11	009eafc0	resolved
009eb020	ai	AIObjectReal__v0_slot42	009eb020	resolved
009eb050	ai	AIObjectReal__v0_slot19	009eb050	resolved
009eb060	ai	AIObjectReal__v0_slot45	009eb060	resolved
009eb080	ai	AIObjectReal__v0_slot46	009eb080	resolved
009eb0a0	ai	AIObjectReal__v0_slot47	009eb0a0	resolved
009eb120	ai	AIObjectReal__v0_slot20	009eb120	resolved
009eb140	ai	AIObjectReal__v0_slot48	009eb140	resolved
009eb1b0	ai	AIObjectReal__v0_slot49	009eb1b0	resolved
009eb1d0	ai	AIObjectReal__v0_slot27	009eb1d0	resolved
009eb280	ai	AIObjectReal__v0_slot00	009eb280	resolved
009eb2a0	ai	AIObjectReal__v0_slot24	009eb2a0	resolved
009eb350	ai	AIObjectReal__v0_slot25	009eb350	resolved
009eb430	ai	AIObjectReal__v0_slot50	009eb430	resolved
009eb490	ai	AIObjectReal__v0_slot26	009eb490	resolved
009eb530	ai	AIObjectReal__v0_slot23	009eb530	resolved
009eb580	ai	AIObjectReal__v0_slot21	009eb580	resolved
009eb760	ai	AIObjectReal__v0_slot08	009eb760	resolved
009eb980	ai	AIObject__v0_slot43	009eb980	resolved
009eb9d0	ai	AIObject__v0_slot32	009eb9d0	resolved
009eba30	ai	AIObject__v0_slot03	009eba30	resolved
009ebaa0	ai	AIObject__v0_slot00	009ebaa0	resolved
009ebac0	ai	AIObject__v0_slot44	009ebac0	resolved
009ebb20	ai	AIObjectShared__v0_slot10	009ebb20	resolved
009ebb90	ai	AIObjectShared__v0_slot42	009ebb90	resolved
009ebbd0	ai	AIObjectReal__v0_slot22	009ebbd0	resolved
009ebc00	ai	AIObjectShared__v0_slot08	009ebc00	resolved
009ebc30	ai	AIObjectShared__v0_slot19	009ebc30	resolved
009ebc40	ai	AIObjectShared__v0_slot45	009ebc40	resolved
009ebc60	ai	AIObjectShared__v0_slot46	009ebc60	resolved
009ebc80	ai	AIObjectShared__v0_slot47	009ebc80	resolved
009ebcf0	ai	AIObjectShared__v0_slot20	009ebcf0	resolved
009ebd10	ai	AIObjectShared__v0_slot48	009ebd10	resolved
009ebd80	ai	AIObjectShared__v0_slot49	009ebd80	resolved
009ebdb0	ai	AIObjectShared__v0_slot27	009ebdb0	resolved
009ebdd0	ai	AIObjectReal__v0_slot01	009ebdd0	resolved
009ebe30	ai	AIObjectShared__v0_slot00	009ebe30	resolved
009ebe50	ai	AIObjectShared__v0_slot23	009ebe50	resolved
009ebe90	ai	AIObjectShared__v0_slot24	009ebe90	resolved
009ebf30	ai	AIObjectShared__v0_slot25	009ebf30	resolved
009ebfc0	ai	AIObjectShared__v0_slot50	009ebfc0	resolved
009ec020	ai	AIObjectShared__v0_slot21	009ec020	resolved
009ecb80	ai	AIObjectArmament__v0_slot04	009ecb80	resolved
009ecf80	ai	AIObjectArmament__v0_slot02	009ecf80	resolved
009ed260	ai	AIObjectArmament__v0_slot00	009ed260	resolved
009ed280	ai	AIObjectArmament__v0_slot03	009ed280	resolved
009ed3e0	ai	AIObjectCover__v0_slot00	009ed3e0	resolved
009ed410	ai	AIObjectCover__v0_slot03	009ed410	resolved
009ed450	ai	AIObjectCover__v0_slot02	009ed450	resolved
009ee040	ai	BotBehaviour__v0_slot01	009ee040	resolved
009ee060	ai	BotBehaviour__v0_slot02	009ee060	resolved
009ee080	ai	BotBehaviour__v0_slot03	009ee080	resolved
009ee0c0	ai	BotBehaviour__v0_slot04	009ee0c0	resolved
009ee0e0	ai	BotBehaviour__v0_slot05	009ee0e0	resolved
009ee1a0	ai	BotBehaviour__v0_slot06	009ee1a0	resolved
009ee1e0	ai	BotBehaviour__v0_slot08	009ee1e0	resolved
009ee2b0	ai	BotBehaviour__v0_slot00	009ee2b0	resolved
009ee3a0	ai	BotBehaviour__v0_slot10	009ee3a0	resolved
009ee470	ai	BBPPattern__v0_slot04	009ee470	resolved
009ee560	ai	BAPAResetControls__v0_slot00	009ee560	resolved
009ee5a0	ai	BAPAResetControls__v0_slot01	009ee5a0	resolved
009ee630	ai	BAPFlowCWhile__v0_slot02	009ee630	resolved
009ee640	ai	BAPFlowCWhile__v0_slot03	009ee640	resolved
009ee6f0	ai	BAPFlowCWhile__v0_slot00	009ee6f0	resolved
009ee7c0	ai	BAPFlowCWhile__v0_slot01	009ee7c0	resolved
009ee850	ai	BBPIdle__v0_slot04	009ee850	resolved
009ee880	ai	BAPAMoveTo3d__v0_slot00	009ee880	resolved
009ee9e0	ai	BAPAMoveTo3d__v0_slot01	009ee9e0	resolved
009eea30	ai	BAPCombinerSerial__v0_slot02	009eea30	resolved
009eea40	ai	BAPCombiner__v0_slot01	009eea40	resolved
009eeba0	ai	BAPCombinerSerial__v0_slot00	009eeba0	resolved
009eed00	ai	BAPCombinerSerial__v0_slot01	009eed00	resolved
009eed20	ai	BAPCombinerSerial__v0_slot06	009eed20	resolved
009eee50	ai	BAPInfoWrapper__v0_slot02	009eee50	resolved
009eee60	ai	BAPIWIdle__v0_slot01	009eee60	resolved
009eeed0	ai	BAPAUpdateVehicle__v0_slot02	009eeed0	resolved
009eeee0	ai	BAPAUpdateVehicle__v0_slot01	009eeee0	resolved
009eef20	ai	BAPAUpdateVehicle__v0_slot00	009eef20	resolved
009f0730	ai	BAPCombinerParallel__v0_slot00	009f0730	resolved
009f0840	ai	BAPCombinerParallel__v0_slot01	009f0840	resolved
009f0860	ai	BAPCombinerParallel__v0_slot06	009f0860	resolved
009f08f0	ai	BAPAMoveToObject__v0_slot01	009f08f0	resolved
009f0920	ai	BAPAMoveToObjectFinding__v0_slot06	009f0920	resolved
009f0950	ai	BAPAMoveToObjectFinding__v0_slot07	009f0950	resolved
009f09b0	ai	BAPAMoveToObjectFinding__v0_slot08	009f09b0	resolved
009f09f0	ai	BAPAMoveToObjectFinding__v0_slot09	009f09f0	resolved
009f0a00	ai	BAPAMoveToObject__v24_slot00	009f0a00	resolved
009f0a10	ai	BAPAMoveToObjectFinding__v24_slot00	009f0a10	resolved
009f0a20	ai	BAPAMoveToObjectFinding__v0_slot01	009f0a20	resolved
009f12f0	ai	BAPAMoveToObjectFinding__v0_slot12	009f12f0	resolved
009f1560	ai	BAPAMoveTo3dObject__v0_slot00	009f1560	resolved
009f1710	ai	BAPAMoveTo3dObject__v0_slot01	009f1710	resolved
009f1760	ai	BAPAMoveToFinding__v0_slot00	009f1760	resolved
009f17a0	ai	BAPAMoveToFinding__v0_slot06	009f17a0	resolved
009f17d0	ai	BAPAMoveToFinding__v0_slot07	009f17d0	resolved
009f1830	ai	BAPAMoveToFinding__v0_slot08	009f1830	resolved
009f1870	ai	BAPAMoveToFinding__v0_slot09	009f1870	resolved
009f1880	ai	BAPAMoveToFinding__v0_slot12	009f1880	resolved
009f1b90	ai	BAPAMoveToFinding__v24_slot00	009f1b90	resolved
009f1ba0	ai	BAPAMoveToFinding__v0_slot01	009f1ba0	resolved
009f1be0	ai	BAPConOr__v0_slot00	009f1be0	resolved
009f1c50	ai	BAPBoleanOp__v0_slot02	009f1c50	resolved
009f1e00	ai	BAPConOr__v0_slot02	009f1e00	resolved
009f1e20	ai	BAPConOr__v0_slot03	009f1e20	resolved
009f1ee0	ai	BAPConAnd__v0_slot00	009f1ee0	resolved
009f2010	ai	BAPConAnd__v0_slot02	009f2010	resolved
009f2060	ai	BAPIWChange__v0_slot01	009f2060	resolved
009f20d0	ai	BAPConObjectBehind__v0_slot01	009f20d0	resolved
009f20e0	ai	BAPConObjectBehind__v0_slot02	009f20e0	resolved
009f2110	ai	BAPConObjectBehind__v0_slot00	009f2110	resolved
009f2300	ai	BAPAResetControls__v0_slot03	009f2300	resolved
009f2310	ai	BAPConObjectDistance__v0_slot02	009f2310	resolved
009f2340	ai	BAPConObjectDistance__v0_slot00	009f2340	resolved
009f2550	ai	BAPConObjectOccupied__v0_slot02	009f2550	resolved
009f2580	ai	BAPConObjectOccupied__v0_slot00	009f2580	resolved
009f2630	ai	BAPConObjectMoved__v0_slot02	009f2630	resolved
009f2660	ai	BAPConObjectMoved__v0_slot00	009f2660	resolved
009f2710	ai	BAPConObjectEnemyOccupied__v0_slot02	009f2710	resolved
009f2740	ai	BAPConObjectEnemyOccupied__v0_slot00	009f2740	resolved
009f2890	ai	BAPConPosition__v0_slot01	009f2890	resolved
009f28a0	ai	BAPConPosition__v0_slot02	009f28a0	resolved
009f28f0	ai	BAPConPosition__v0_slot00	009f28f0	resolved
009f2a10	gameplay	BfControlPointGauge__v0_slot02	009f2a10	resolved
009f2a20	ai	BAPICTurnLock__v0_slot01	009f2a20	resolved
009f2a60	ai	BAPICTurnLock__v0_slot00	009f2a60	resolved
009f2ac0	ai	BAPICChangeVehicle__v0_slot01	009f2ac0	resolved
009f2b00	ai	BAPICChangeVehicle__v0_slot00	009f2b00	resolved
009f2b30	ai	BAPICChangeVehicle__v0_slot03	009f2b30	resolved
009f2b40	ai	BAPFlowCWait__v0_slot00	009f2b40	resolved
009f2b90	ai	BAPFlowCWait__v0_slot03	009f2b90	resolved
009f2be0	ai	BAPFlowCWait__v0_slot01	009f2be0	resolved
009f2c70	ai	BAPConTime__v0_slot00	009f2c70	resolved
009f2d00	ai	BAPConTime__v0_slot01	009f2d00	resolved
009f2d30	ai	BAPConRandTime__v0_slot00	009f2d30	resolved
009f2df0	ai	BAPConRandTime__v0_slot01	009f2df0	resolved
009f2e00	ai	BAPConTime__v0_slot02	009f2e00	resolved
009f2e30	ai	BAPConRandTime__v0_slot02	009f2e30	resolved
009f2eb0	ai	BAPIWFire__v0_slot01	009f2eb0	resolved
009f2ef0	ai	BAPFlowCIf__v0_slot02	009f2ef0	resolved
009f2f30	ai	BAPFlowCIf__v0_slot03	009f2f30	resolved
009f2fa0	ai	BAPFlowCIf__v0_slot00	009f2fa0	resolved
009f3060	ai	BAPFlowCIf__v0_slot05	009f3060	resolved
009f3170	ai	BAPFlowCIf__v0_slot01	009f3170	resolved
009f31e0	ai	BAPALookAtObject__v0_slot06	009f31e0	resolved
009f3340	ai	BAPALookAtObject__v0_slot01	009f3340	resolved
009f3380	ai	BAPConNot__v0_slot00	009f3380	resolved
009f3490	ai	BAPConNot__v0_slot02	009f3490	resolved
009f3590	ai	BAPConNot__v0_slot03	009f3590	resolved
009f3600	ai	BAPConObjectExists__v0_slot02	009f3600	resolved
009f3630	ai	BAPConObjectExists__v0_slot00	009f3630	resolved
009f36c0	ai	BAPConObjectHealth__v0_slot02	009f36c0	resolved
009f36f0	ai	BAPConObjectHealth__v0_slot00	009f36f0	resolved
009f37b0	gameplay	BFSpawnPointManager__v4_slot10	009f37b0	resolved
009f37c0	ai	BAPConWeaponMagAmmo__v0_slot02	009f37c0	resolved
009f37f0	ai	BAPConWeaponMagAmmo__v0_slot00	009f37f0	resolved
009f3b10	ai	BAPAMoveToDirect__v0_slot00	009f3b10	resolved
009f3b50	ai	BAPAMoveToDirect__v0_slot06	009f3b50	resolved
009f3b80	ai	BAPAMoveToDirect__v0_slot08	009f3b80	resolved
009f3bc0	ai	BAPAMoveToDirect__v0_slot09	009f3bc0	resolved
009f3bd0	ai	BAPAMoveToDirect__v0_slot07	009f3bd0	resolved
009f3d10	ai	BAPAMoveToDirect__v0_slot10	009f3d10	resolved
009f3d20	ai	BAPAMoveToDirect__v24_slot00	009f3d20	resolved
009f3d30	ai	BAPAMoveToDirect__v0_slot01	009f3d30	resolved
009f3d70	gameplay	EntrySoldierPose__v0_slot02	009f3d70	resolved
009f3d80	ai	BAPASoldierPose__v0_slot00	009f3d80	resolved
009f3e40	ai	BAPASoldierPose__v24_slot00	009f3e40	resolved
009f3f80	ai	BAPASoldierPose__v0_slot01	009f3f80	resolved
009f4010	ai	BAPConObjectSpeed__v0_slot02	009f4010	resolved
009f4040	ai	BAPConObjectSpeed__v0_slot00	009f4040	resolved
009f4110	ai	BBPAvoidCollision__v0_slot04	009f4110	resolved
009f4910	ai	BAPIWMoveTo__v0_slot01	009f4910	resolved
009f4950	ai	BAPALookAhead__v0_slot06	009f4950	resolved
009f4a30	ai	BAPALookAhead__v0_slot01	009f4a30	resolved
009f4a70	ai	BAPATriggerContinously__v0_slot00	009f4a70	resolved
009f4b20	ai	BAPATriggerContinously__v0_slot01	009f4b20	resolved
009f4ed0	ai	BAPStatement__v0_slot05	009f4ed0	resolved
009f4f40	ai	BAPALookInDir__v0_slot01	009f4f40	resolved
009f4f80	ai	BAPASense__v0_slot00	009f4f80	resolved
009f5000	ai	BAPASense__v0_slot01	009f5000	resolved
009f5110	ai	BAPCConLookDeviation__v0_slot02	009f5110	resolved
009f5140	ai	BAPCConLookDeviation__v0_slot00	009f5140	resolved
009f53a0	ai	AITemplateControlInfo__v0_slot02	009f53a0	resolved
009f53b0	ai	BAPIWScout__v0_slot01	009f53b0	resolved
009f53f0	ai	BAPICScout__v0_slot00	009f53f0	resolved
009f5410	ai	BAPALookInDir__v0_slot06	009f5410	resolved
009f5490	ai	BAPATurnTowardsDirection__v0_slot01	009f5490	resolved
009f5550	ai	BAPConObjectValidYawAiming__v0_slot02	009f5550	resolved
009f5570	ai	BAPConObjectValidYawAiming__v0_slot00	009f5570	resolved
009f57f0	ai	BBPFire__v0_slot04	009f57f0	resolved
009f5880	ai	BAPConObjectSpeed__v0_slot01	009f5880	resolved
009f59b0	ai	BAPAChangeWeapon__v0_slot01	009f59b0	resolved
009f59f0	ai	BAPAChangeWeapon__v0_slot00	009f59f0	resolved
009f5c40	ai	BAPAAimAt__v0_slot01	009f5c40	resolved
009f5c90	ai	BAPAAimAtPoint__v0_slot13	009f5c90	resolved
009f5cb0	ai	BAPAAimAtPoint__v0_slot08	009f5cb0	resolved
009f5d90	ai	BAPAAimAtPoint__v0_slot07	009f5d90	resolved
009f6160	ai	BAPAAimAtPoint__v0_slot01	009f6160	resolved
009f61c0	ai	BAPAAimAtPoint__v0_slot11	009f61c0	resolved
009f61f0	ai	BAPAAimAtPoint__v0_slot12	009f61f0	resolved
009f6220	ai	BAPAAimAtPoint__v0_slot14	009f6220	resolved
009f6290	ai	BAPAAimAtObject__v0_slot08	009f6290	resolved
009f6470	ai	BAPAAimAtObject__v0_slot07	009f6470	resolved
009f69e0	ai	BAPAAimAtObject__v0_slot01	009f69e0	resolved
009f6a40	ai	BAPATurnTowardsObject__v0_slot06	009f6a40	resolved
009f6c70	ai	BAPATurnTowardsObject__v0_slot01	009f6c70	resolved
009f6cf0	ai	BAPConOr__v0_slot01	009f6cf0	resolved
009f6d00	ai	BAPANotifyBot__v0_slot01	009f6d00	resolved
009f6d40	ai	BAPANotifyBot__v0_slot00	009f6d40	resolved
009f6de0	ai	BAPInfoWrapper__v0_slot03	009f6de0	resolved
009f6df0	ai	BAPConObjectDistanceToPoint__v0_slot02	009f6df0	resolved
009f6e20	ai	BAPConObjectDistanceToPoint__v0_slot00	009f6e20	resolved
009f6fc0	ai	BAPConObjectLineOfFire__v0_slot02	009f6fc0	resolved
009f6ff0	ai	BAPConObjectLineOfFire__v0_slot00	009f6ff0	resolved
009f70b0	ai	BAPATurn__v0_slot03	009f70b0	resolved
009f70c0	ai	BAPConObjectInsideFrustum__v0_slot00	009f70c0	resolved
009f7240	ai	BAPConObjectInsideFrustum__v0_slot02	009f7240	resolved
009f72f0	ai	BAPConObjectValidAiming__v0_slot02	009f72f0	resolved
009f7660	ai	BAPConObjectValidAiming__v0_slot00	009f7660	resolved
009f7720	ai	BAPICScout__v0_slot03	009f7720	resolved
009f7730	ai	BAPConObjectValidPitchAiming__v0_slot02	009f7730	resolved
009f7750	ai	BAPConObjectValidPitchAiming__v0_slot00	009f7750	resolved
009f7840	gameplay	BFSoldierNetworkable__v0_slot10	009f7840	resolved
009f7850	ai	BAPConWeaponHeat__v0_slot02	009f7850	resolved
009f7880	ai	BAPConWeaponHeat__v0_slot00	009f7880	resolved
009f78c0	ai	BAPConSharedCondition__v0_slot00	009f78c0	resolved
009f78f0	ai	BAPConSharedCondition__v0_slot01	009f78f0	resolved
009f7990	ai	BAPConSharedCondition__v0_slot02	009f7990	resolved
009f7a30	ai	BAPCConPrecision__v0_slot02	009f7a30	resolved
009f7a60	ai	BAPCConPrecision__v0_slot00	009f7a60	resolved
009f7d50	ai	BAPFlowCEnd__v0_slot00	009f7d50	resolved
009f7e50	ai	BAPFlowCEnd__v0_slot01	009f7e50	resolved
009f7f00	ai	BAPConObjectEnemyOccupied__v0_slot01	009f7f00	resolved
009f7f10	ai	BAPWrapperAiming__v0_slot01	009f7f10	resolved
009f7f50	ai	BAPWrapperAiming__v0_slot00	009f7f50	resolved
009f82f0	ai	BAPWrapperFinished__v0_slot00	009f82f0	resolved
009f8330	ai	BAPConObjectExists__v0_slot01	009f8330	resolved
009f8390	ai	BAPWrapperFinished__v0_slot01	009f8390	resolved
009f83e0	ai	BAPConObjectHealth__v0_slot01	009f83e0	resolved
009f8430	ai	BAPWrapperWeapon__v0_slot01	009f8430	resolved
009f84b0	ai	BAPWrapperWeapon__v0_slot00	009f84b0	resolved
009f8590	gameplay	EngineNetworkable__v0_slot10	009f8590	resolved
009f85a0	ai	BAPConLineOfFire__v0_slot02	009f85a0	resolved
009f85d0	ai	BAPConLineOfFire__v0_slot00	009f85d0	resolved
009f8720	ai	BAPASendMessage__v0_slot00	009f8720	resolved
009f87a0	gameplay	ProjectileNetworkable__v0_slot10	009f87a0	resolved
009f87b0	ai	BAPASendMessage__v0_slot01	009f87b0	resolved
009f8800	ai	BAPASendMessage__v0_slot05	009f8800	resolved
009f89d0	ai	BAPAEvaluate__v0_slot00	009f89d0	resolved
009f89f0	ai	BAPAEvaluate__v0_slot01	009f89f0	resolved
009f8ac0	ai	BAPCConPrecision3d__v0_slot02	009f8ac0	resolved
009f8af0	ai	BAPCConPrecision3d__v0_slot00	009f8af0	resolved
009f8d30	ai	BAPCConBombPrecision3d__v0_slot02	009f8d30	resolved
009f8d60	ai	BAPCConBombPrecision3d__v0_slot00	009f8d60	resolved
009f9090	ai	BAPASense__v0_slot03	009f9090	resolved
009f90a0	ai	BAPConObjectInFront__v0_slot02	009f90a0	resolved
009f90d0	ai	BAPConObjectInFront__v0_slot00	009f90d0	resolved
009f9290	gameplay	EntryMoveToObjectMediumSoldier__v0_slot02	009f9290	resolved
009f92a0	ai	BAPConInsideBattleZone__v0_slot02	009f92a0	resolved
009f92d0	ai	BAPConInsideBattleZone__v0_slot00	009f92d0	resolved
009f9390	gameplay	KitNetworkable__v0_slot10	009f9390	resolved
009f93a0	ai	BAPAMoveTo3dDirection__v0_slot00	009f93a0	resolved
009f9610	ai	BAPAMoveTo3dDirection__v0_slot01	009f9610	resolved
009f9660	gameplay	ItemNetworkable__v0_slot10	009f9660	resolved
009f9670	ai	BAPAAimAt3d__v0_slot11	009f9670	resolved
009f96a0	ai	BAPAAimAt3d__v0_slot13	009f96a0	resolved
009f96d0	ai	BAPAAimAt3d__v0_slot14	009f96d0	resolved
009f96f0	ai	BAPAAimAt3d__v0_slot01	009f96f0	resolved
009f9740	ai	BAPAAimAtObject3d__v0_slot07	009f9740	resolved
009f9830	gameplay	BfControlPointGauge__v0_slot17	009f9830	resolved
009f9840	ai	BAPAAimAtObject3d__v0_slot08	009f9840	resolved
009f9cf0	ai	BAPAAimAtObject3d__v0_slot01	009f9cf0	resolved
009f9d70	ai	BAPConObjectVisible__v0_slot00	009f9d70	resolved
009f9dc0	ai	BAPAEvaluate__v0_slot03	009f9dc0	resolved
009f9dd0	ai	BAPConObjectVisible__v0_slot02	009f9dd0	resolved
009f9e30	ai	StrategyCondition__v0_slot01	009f9e30	resolved
009f9e40	ai	BAPIWRoam__v0_slot01	009f9e40	resolved
009f9ea0	ai	BBPRoam__v0_slot04	009f9ea0	resolved
009f9f10	ai	BAPConEndOfPath__v0_slot00	009f9f10	resolved
009f9fe0	ai	BAPIWTakeCover__v0_slot01	009f9fe0	resolved
009fa020	ai	BAPARoll3d__v0_slot00	009fa020	resolved
009fa060	ai	BAPConObjectLineOfFire__v0_slot01	009fa060	resolved
009fa1b0	ai	BAPARoll3d__v0_slot01	009fa1b0	resolved
009fc8c0	gameplay	RotationalBundleNetworkable__v0_slot10	009fc8c0	resolved
009fc8d0	ai	BAPAMoveTo__v24_slot00	009fc8d0	resolved
009fc8e0	ai	BAPAMoveTo__v0_slot01	009fc8e0	resolved
009fc9d0	ai	AIScriptManager__v0_slot21	009fc9d0	resolved
00a041c0	ai	AIInformationGrid__v0_slot01	00a041c0	resolved
00a04210	ai	AIInformationGrid__v0_slot02	00a04210	resolved
00a04880	ai	AIInformationGrid__v0_slot09	00a04880	resolved
00a048a0	ai	AIInformationGrid__v0_slot00	00a048a0	resolved
00a04a00	ai	AIInformationGrid__v0_slot03	00a04a00	resolved
00a04ab0	ai	AIInformationGrid__v0_slot04	00a04ab0	resolved
00a04c10	ai	AIInformationGrid__v0_slot05	00a04c10	resolved
00a04e70	ai	AIInformationGrid__v0_slot06	00a04e70	resolved
00a054b0	ai	AIInformationGrid__v0_slot07	00a054b0	resolved
00a05720	ai	AIInformationGrid__v0_slot08	00a05720	resolved
00a09e40	ai	ISVUBot__v0_slot00	00a09e40	resolved
00a0a6f0	ai	BAPInfoWrapper__v0_slot01	00a0a6f0	resolved
00a0a730	ai	BAPInfoWrapper__v0_slot00	00a0a730	resolved
00a0a840	ai	BAPAComponentSoldierPose__v0_slot00	00a0a840	resolved
00a0a860	ai	BAPAComponentSoldierPose__v0_slot14	00a0a860	resolved
00a0a930	ai	BAPAMoveToObject__v0_slot00	00a0a930	resolved
00a0a9f0	ai	BAPALook__v0_slot00	00a0a9f0	resolved
00a0aa80	ai	BAPATurn__v0_slot00	00a0aa80	resolved
00a0ab10	ai	BAPStatement__v0_slot01	00a0ab10	resolved
00a0ab50	ai	BAPAAimAt__v0_slot00	00a0ab50	resolved
00a0ae80	ai	BAPAAimAt3d__v0_slot00	00a0ae80	resolved
00a0aec0	ai	BAPAAimAt3d__v0_slot15	00a0aec0	resolved
00a0af30	ai	BAPAAimAt3d__v0_slot16	00a0af30	resolved
00a0afa0	ai	BAPAAimAt3d__v0_slot12	00a0afa0	resolved
00a50970	ai	AIScriptManager__v0_slot20	00a50970	resolved
00a50af0	ai	AIScriptManager__v0_slot23	00a50af0	resolved
00a5c730	gameplay	BFSoldierTemplate__v0_slot08	00a5c730	resolved
00a5cb30	gameplay	HandFireArmsTemplate__v1468_slot05	00a5cb30	resolved
00a5e2c0	ai	AIObjectShared__v0_slot05	00a5e2c0	resolved
00a5e300	ai	BAPAComponentSoldierPose__v0_slot13	00a5e300	resolved
00a7cb60	gameplay	PointPhysicsNode__v0_slot41	00a7cb60	resolved
00a7d0a0	ai	AISettings__v4_slot16	00a7d0a0	resolved
00a7d110	gameplay	Soldier__v0_slot01	00a7d110	resolved
00a7d120	gameplay	HandFireArmsTemplate__v1468_slot04	00a7d120	resolved
00a7d330	gameplay	PointPhysicsNode__v0_slot53	00a7d330	resolved
00a80dd0	ai	AIObjectReal__v0_slot02	00a80dd0	resolved
00a82480	gameplay	BFSoldier__v356_slot05	00a82480	resolved
00a8ab30	ai	AIObject__v0_slot15	00a8ab30	resolved
00ac3950	ai	BAPAUpdateVehicle__v0_slot03	00ac3950	resolved
00ac3ee0	ai	BAPAComponentSoldierPose__v0_slot07	00ac3ee0	resolved
00ac3f60	gameplay	GameEventManager__v0_slot10	00ac3f60	resolved
00ac4490	ai	BAPALook__v0_slot03	00ac4490	resolved
00442310	gameplay	Gameplay_ModeParser_candidate	00442310	resolved
004a0cf0	gameplay	BFSoldier__v356_slot06	004a0cf0	resolved
004ece20	gameplay	Gameplay_EnterAction_candidate	004ece20	resolved
004f9040	gameplay	PlayerControlObjectTemplate__v472_slot26	004f9040	resolved
004f9050	gameplay	BFSpawnPoint__v0_slot42	004f9050	resolved
00504a40	gameplay	NetworkableInfo__v0_slot12	00504a40	resolved
00509ed0	gameplay	ResponsePhysics__v0_slot04	00509ed0	resolved
0051a450	gameplay	GameEvent__v0_slot01	0051a450	resolved
005206d0	gameplay	PlayerControlObjectTemplate__v472_slot55	005206d0	resolved
00520a80	gameplay	ResponsePhysics__v0_slot15	00520a80	resolved
0054fe80	gameplay	GameEventManager__v0_slot03	0054fe80	resolved
005501f0	gameplay	StaticResponsePhysics__v0_slot18	005501f0	resolved
0055f1c0	gameplay	BfControlPointGauge__v0_slot13	0055f1c0	resolved
0055f400	gameplay	BfControlPointGauge__v0_slot28	0055f400	resolved
0055ffc0	gameplay	BfControlPointGauge__v0_slot01	0055ffc0	resolved
00560870	gameplay	PlayerControlObject__v352_slot17	00560870	resolved
00583d50	gameplay	BFSpawnPoint__v0_slot06	00583d50	resolved
00583da0	gameplay	BFSpawnPoint__v0_slot04	00583da0	resolved
00583e30	gameplay	BFSpawnPoint__v352_slot05	00583e30	resolved
00583e60	gameplay	BFSpawnPoint__v352_slot06	00583e60	resolved
00583fe0	gameplay	BFSpawnPoint__v132_slot04	00583fe0	resolved
00584000	gameplay	BFSpawnPoint__v0_slot10	00584000	resolved
005840e0	gameplay	BFSpawnPoint__v0_slot13	005840e0	resolved
005840f0	gameplay	BFSpawnPoint__v0_slot14	005840f0	resolved
005842b0	gameplay	BFSoldier__v0_slot31	005842b0	resolved
005842c0	gameplay	BFSoldier__v0_slot38	005842c0	resolved
005842d0	gameplay	BFSoldier__v0_slot46	005842d0	resolved
005842e0	gameplay	BFSoldier__v0_slot51	005842e0	resolved
005842f0	gameplay	BFSpawnPoint__v0_slot03	005842f0	resolved
00584340	gameplay	BFSpawnPoint__v352_slot07	00584340	resolved
00584350	gameplay	BFSpawnPoint__v352_slot08	00584350	resolved
00584360	gameplay	BFSpawnPoint__v352_slot09	00584360	resolved
00584370	gameplay	BFSpawnPoint__v352_slot10	00584370	resolved
00584380	gameplay	BFSpawnPoint__v132_slot03	00584380	resolved
00584390	gameplay	BFSpawnPoint__v352_slot03	00584390	resolved
00584df0	gameplay	Soldier__v0_slot04	00584df0	resolved
00584e00	gameplay	Soldier__v0_slot05	00584e00	resolved
00584f40	gameplay	Soldier__v0_slot06	00584f40	resolved
00585240	gameplay	Soldier__v0_slot00	00585240	resolved
00585260	gameplay	Soldier__v0_slot02	00585260	resolved
00592820	gameplay	BFSoldier__v0_slot45	00592820	resolved
0059acd0	gameplay	BFSpawnPointManager__v4_slot01	0059acd0	resolved
0059ace0	gameplay	BFSpawnPointManager__v4_slot02	0059ace0	resolved
0059c240	gameplay	BFSpawnPointManager__v0_slot06	0059c240	resolved
0059ccd0	gameplay	BFSpawnPointManager__v0_slot05	0059ccd0	resolved
0059cd90	gameplay	BFSpawnPointManager__v4_slot07	0059cd90	resolved
0059dae0	gameplay	BFSpawnPointManager__v0_slot04	0059dae0	resolved
0059dbb0	gameplay	BFSpawnPointManager__v4_slot04	0059dbb0	resolved
0059e220	gameplay	BFSpawnPointManager__v4_slot06	0059e220	resolved
0059e240	gameplay	BFSpawnPointManager__v4_slot08	0059e240	resolved
0059eb60	gameplay	BFSpawnPointManager__v0_slot03	0059eb60	resolved
0059eb90	gameplay	BFSpawnPointManager__v4_slot00	0059eb90	resolved
0059eba0	gameplay	BFSpawnPointManager__v4_slot03	0059eba0	resolved
0059ee20	gameplay	BFSpawnPointManager__v0_slot00	0059ee20	resolved
0059eee0	gameplay	BFSoldierTemplate__v0_slot16	0059eee0	resolved
0059eef0	gameplay	BFSoldierTemplate__v0_slot17	0059eef0	resolved
0059ef00	gameplay	BFSoldierTemplate__v0_slot21	0059ef00	resolved
0059ef10	gameplay	BFSoldierTemplate__v0_slot18	0059ef10	resolved
0059ef20	gameplay	BFSpawnPointTemplate__v0_slot04	0059ef20	resolved
0059ef30	gameplay	BFSpawnPointTemplate__v0_slot11	0059ef30	resolved
0059ef60	gameplay	BFSpawnPointTemplate__v0_slot00	0059ef60	resolved
0059ef80	gameplay	BFSoldierTemplate__v0_slot19	0059ef80	resolved
0059efa0	gameplay	BFSoldierTemplate__v0_slot22	0059efa0	resolved
0059efc0	gameplay	BFSpawnPointTemplate__v0_slot12	0059efc0	resolved
0059eff0	gameplay	BFSpawnPointTemplate__v4_slot04	0059eff0	resolved
005a0a60	gameplay	SoldierAmmo__v0_slot00	005a0a60	resolved
005a0a80	gameplay	SoldierAmmo__v0_slot02	005a0a80	resolved
005ac4c0	gameplay	SpecialGameEvent__v0_slot00	005ac4c0	resolved
005ad020	gameplay	__GameEventMakerMaker__v0_slot01	005ad020	resolved
005ad070	gameplay	__GameEventMakerMaker__v0_slot00	005ad070	resolved
005ad0c0	gameplay	__GameEventMakerMaker__v0_slot01	005ad0c0	resolved
005ad0f0	gameplay	__GameEventMakerMaker__v0_slot00	005ad0f0	resolved
005ad140	gameplay	__GameEventMakerMaker__v0_slot01	005ad140	resolved
005ad170	gameplay	__GameEventMakerMaker__v0_slot00	005ad170	resolved
005ad1c0	gameplay	__GameEventMakerMaker__v0_slot01	005ad1c0	resolved
005ad1f0	gameplay	__GameEventMakerMaker__v0_slot00	005ad1f0	resolved
005ad240	gameplay	__GameEventMakerMaker__v0_slot01	005ad240	resolved
005ad280	gameplay	__GameEventMakerMaker__v0_slot00	005ad280	resolved
005ad2c0	gameplay	__GameEventMakerMaker__v0_slot01	005ad2c0	resolved
005ad2f0	gameplay	__GameEventMakerMaker__v0_slot00	005ad2f0	resolved
005ad350	gameplay	__GameEventMakerMaker__v0_slot01	005ad350	resolved
005ad3b0	gameplay	__GameEventMakerMaker__v0_slot00	005ad3b0	resolved
005ad420	gameplay	__GameEventMakerMaker__v0_slot01	005ad420	resolved
005ad450	gameplay	__GameEventMakerMaker__v0_slot00	005ad450	resolved
005ad4b0	gameplay	__GameEventMakerMaker__v0_slot01	005ad4b0	resolved
005ad4e0	gameplay	__GameEventMakerMaker__v0_slot00	005ad4e0	resolved
005ad530	gameplay	__GameEventMakerMaker__v0_slot01	005ad530	resolved
005ad560	gameplay	__GameEventMakerMaker__v0_slot00	005ad560	resolved
005ad5c0	gameplay	__GameEventMakerMaker__v0_slot01	005ad5c0	resolved
005ad600	gameplay	__GameEventMakerMaker__v0_slot00	005ad600	resolved
005ad650	gameplay	__GameEventMakerMaker__v0_slot01	005ad650	resolved
005ad680	gameplay	__GameEventMakerMaker__v0_slot00	005ad680	resolved
005ad6d0	gameplay	__GameEventMakerMaker__v0_slot01	005ad6d0	resolved
005ad700	gameplay	__GameEventMakerMaker__v0_slot00	005ad700	resolved
005ad750	gameplay	__GameEventMakerMaker__v0_slot01	005ad750	resolved
005ad780	gameplay	__GameEventMakerMaker__v0_slot00	005ad780	resolved
005ad7d0	gameplay	__GameEventMakerMaker__v0_slot01	005ad7d0	resolved
005ad800	gameplay	__GameEventMakerMaker__v0_slot00	005ad800	resolved
005ad850	gameplay	__GameEventMakerMaker__v0_slot01	005ad850	resolved
005ad880	gameplay	__GameEventMakerMaker__v0_slot00	005ad880	resolved
005ad8d0	gameplay	__GameEventMakerMaker__v0_slot01	005ad8d0	resolved
005ad900	gameplay	__GameEventMakerMaker__v0_slot00	005ad900	resolved
005ad960	gameplay	__GameEventMakerMaker__v0_slot01	005ad960	resolved
005ad990	gameplay	__GameEventMakerMaker__v0_slot00	005ad990	resolved
005ad9f0	gameplay	__GameEventMakerMaker__v0_slot01	005ad9f0	resolved
005ada20	gameplay	__GameEventMakerMaker__v0_slot00	005ada20	resolved
005ada70	gameplay	__GameEventMakerMaker__v0_slot01	005ada70	resolved
005adaa0	gameplay	__GameEventMakerMaker__v0_slot00	005adaa0	resolved
005adae0	gameplay	__GameEventMakerMaker__v0_slot01	005adae0	resolved
005adb20	gameplay	__GameEventMakerMaker__v0_slot00	005adb20	resolved
005adb70	gameplay	__GameEventMakerMaker__v0_slot01	005adb70	resolved
005adbb0	gameplay	__GameEventMakerMaker__v0_slot00	005adbb0	resolved
005adbf0	gameplay	__GameEventMakerMaker__v0_slot01	005adbf0	resolved
005adc20	gameplay	__GameEventMakerMaker__v0_slot00	005adc20	resolved
005adc60	gameplay	__GameEventMakerMaker__v0_slot01	005adc60	resolved
005adc90	gameplay	__GameEventMakerMaker__v0_slot00	005adc90	resolved
005adcd0	gameplay	__GameEventMakerMaker__v0_slot01	005adcd0	resolved
005add00	gameplay	__GameEventMakerMaker__v0_slot00	005add00	resolved
005add50	gameplay	__GameEventMakerMaker__v0_slot01	005add50	resolved
005add80	gameplay	__GameEventMakerMaker__v0_slot00	005add80	resolved
005addd0	gameplay	__GameEventMakerMaker__v0_slot01	005addd0	resolved
005ade00	gameplay	__GameEventMakerMaker__v0_slot00	005ade00	resolved
005ade50	gameplay	__GameEventMakerMaker__v0_slot01	005ade50	resolved
005ade80	gameplay	__GameEventMakerMaker__v0_slot00	005ade80	resolved
005aded0	gameplay	__GameEventMakerMaker__v0_slot01	005aded0	resolved
005adf00	gameplay	__GameEventMakerMaker__v0_slot00	005adf00	resolved
005adf50	gameplay	__GameEventMakerMaker__v0_slot01	005adf50	resolved
005adf80	gameplay	__GameEventMakerMaker__v0_slot00	005adf80	resolved
005adfd0	gameplay	__GameEventMakerMaker__v0_slot01	005adfd0	resolved
005ae000	gameplay	__GameEventMakerMaker__v0_slot00	005ae000	resolved
005ae050	gameplay	__GameEventMakerMaker__v0_slot01	005ae050	resolved
005ae090	gameplay	__GameEventMakerMaker__v0_slot00	005ae090	resolved
005ae0e0	gameplay	__GameEventMakerMaker__v0_slot01	005ae0e0	resolved
005ae110	gameplay	__GameEventMakerMaker__v0_slot00	005ae110	resolved
005ae160	gameplay	__GameEventMakerMaker__v0_slot01	005ae160	resolved
005ae1a0	gameplay	__GameEventMakerMaker__v0_slot00	005ae1a0	resolved
005ae1f0	gameplay	__GameEventMakerMaker__v0_slot01	005ae1f0	resolved
005ae220	gameplay	__GameEventMakerMaker__v0_slot00	005ae220	resolved
005ae270	gameplay	__GameEventMakerMaker__v0_slot01	005ae270	resolved
005ae2a0	gameplay	__GameEventMakerMaker__v0_slot00	005ae2a0	resolved
005ae300	gameplay	__GameEventMakerMaker__v0_slot01	005ae300	resolved
005ae330	gameplay	__GameEventMakerMaker__v0_slot00	005ae330	resolved
005ae390	gameplay	__GameEventMakerMaker__v0_slot01	005ae390	resolved
005ae3c0	gameplay	__GameEventMakerMaker__v0_slot00	005ae3c0	resolved
005ae410	gameplay	__GameEventMakerMaker__v0_slot01	005ae410	resolved
005ae440	gameplay	__GameEventMakerMaker__v0_slot00	005ae440	resolved
005ae490	gameplay	__GameEventMakerMaker__v0_slot01	005ae490	resolved
005ae4c0	gameplay	__GameEventMakerMaker__v0_slot00	005ae4c0	resolved
005ae500	gameplay	__GameEventMakerMaker__v0_slot01	005ae500	resolved
005ae530	gameplay	__GameEventMakerMaker__v0_slot00	005ae530	resolved
005ae580	gameplay	__GameEventMakerMaker__v0_slot01	005ae580	resolved
005ae5b0	gameplay	__GameEventMakerMaker__v0_slot00	005ae5b0	resolved
005ae5f0	gameplay	__GameEventMakerMaker__v0_slot01	005ae5f0	resolved
005ae620	gameplay	__GameEventMakerMaker__v0_slot00	005ae620	resolved
005ae660	gameplay	__GameEventMakerMaker__v0_slot01	005ae660	resolved
005ae690	gameplay	__GameEventMakerMaker__v0_slot00	005ae690	resolved
005ae6e0	gameplay	__GameEventMakerMaker__v0_slot01	005ae6e0	resolved
005ae710	gameplay	__GameEventMakerMaker__v0_slot00	005ae710	resolved
005ae760	gameplay	__GameEventMakerMaker__v0_slot01	005ae760	resolved
005ae7a0	gameplay	__GameEventMakerMaker__v0_slot00	005ae7a0	resolved
005ae800	gameplay	__GameEventMakerMaker__v0_slot01	005ae800	resolved
005ae830	gameplay	__GameEventMakerMaker__v0_slot00	005ae830	resolved
005ae880	gameplay	__GameEventMakerMaker__v0_slot01	005ae880	resolved
005ae8b0	gameplay	__GameEventMakerMaker__v0_slot00	005ae8b0	resolved
005ae8f0	gameplay	__GameEventMakerMaker__v0_slot01	005ae8f0	resolved
005ae920	gameplay	__GameEventMakerMaker__v0_slot00	005ae920	resolved
005ae960	gameplay	__GameEventMakerMaker__v0_slot01	005ae960	resolved
005ae990	gameplay	__GameEventMakerMaker__v0_slot00	005ae990	resolved
005ae9f0	gameplay	__GameEventMakerMaker__v0_slot01	005ae9f0	resolved
005aea20	gameplay	__GameEventMakerMaker__v0_slot00	005aea20	resolved
005aea60	gameplay	__GameEventMakerMaker__v0_slot01	005aea60	resolved
005aea90	gameplay	__GameEventMakerMaker__v0_slot00	005aea90	resolved
005aeae0	gameplay	__GameEventMakerMaker__v0_slot01	005aeae0	resolved
005aeb10	gameplay	__GameEventMakerMaker__v0_slot00	005aeb10	resolved
005aeb60	gameplay	__GameEventMakerMaker__v0_slot01	005aeb60	resolved
005aeb90	gameplay	__GameEventMakerMaker__v0_slot00	005aeb90	resolved
005aebf0	gameplay	__GameEventMakerMaker__v0_slot01	005aebf0	resolved
005aec20	gameplay	__GameEventMakerMaker__v0_slot00	005aec20	resolved
005af630	gameplay	ControlPointCapturedEvent__v0_slot05	005af630	resolved
005b00e0	gameplay	ControlPointCapturedEvent__v0_slot04	005b00e0	resolved
005b16b0	gameplay	SpecialGameEvent__v0_slot04	005b16b0	resolved
005b1700	gameplay	SpecialGameEvent__v0_slot05	005b1700	resolved
005b3b40	gameplay	GameEventManager__v0_slot05	005b3b40	resolved
005b3b50	gameplay	GameEventManager__v0_slot06	005b3b50	resolved
005b3ed0	gameplay	GameEventManager__v0_slot00	005b3ed0	resolved
005b3ef0	gameplay	GameEventManager__v0_slot08	005b3ef0	resolved
005b43d0	gameplay	GameEventManager__v0_slot07	005b43d0	resolved
005c8480	gameplay	SpecialGameEvent__v0_slot01	005c8480	resolved
005cb030	gameplay	ControlPointCapture__v0_slot01	005cb030	resolved
005cb3e0	gameplay	ControlPointPossession__v0_slot01	005cb3e0	resolved
005cc4e0	gameplay	ControlPointDefense__v0_slot01	005cc4e0	resolved
005cd9b0	gameplay	ControlPointCapture__v0_slot02	005cd9b0	resolved
005cda90	gameplay	ControlPointPossession__v0_slot02	005cda90	resolved
005cdb80	gameplay	ControlPointDefense__v0_slot03	005cdb80	resolved
005cdd30	gameplay	PlayerControlPoint__v0_slot01	005cdd30	resolved
005d3650	gameplay	PlayerControlObjectTemplate__v472_slot04	005d3650	resolved
005da080	gameplay	StaticResponsePhysics__v0_slot09	005da080	resolved
005efd60	gameplay	Projectile__v0_slot01	005efd60	resolved
005efd70	gameplay	Projectile__v0_slot02	005efd70	resolved
005f02c0	gameplay	Projectile__v132_slot01	005f02c0	resolved
005f02d0	gameplay	Projectile__v132_slot02	005f02d0	resolved
005f05e0	gameplay	PhysicsEngine__v0_slot01	005f05e0	resolved
005f4bf0	gameplay	PhysicsNode__v0_slot39	005f4bf0	resolved
005f4d40	gameplay	BFSoldier__v356_slot20	005f4d40	resolved
00614650	gameplay	ObjTemplNetworkModule__v0_slot07	00614650	resolved
006146d0	gameplay	SimpleObjectNetworkable__v0_slot00	006146d0	resolved
006146f0	gameplay	SimpleObjectNetworkable__v56_slot00	006146f0	resolved
00614700	gameplay	SimpleObjectNetworkable__v0_slot01	00614700	resolved
00614710	gameplay	SimpleObjectNetworkable__v0_slot02	00614710	resolved
00614790	gameplay	RotationalBundleNetworkable__v0_slot00	00614790	resolved
006147b0	gameplay	RotationalBundleNetworkable__v56_slot00	006147b0	resolved
00614820	gameplay	FreeCameraNetworkable__v0_slot00	00614820	resolved
00614840	gameplay	FreeCameraNetworkable__v56_slot00	00614840	resolved
006148b0	gameplay	BFSoldierNetworkable__v0_slot03	006148b0	resolved
006148f0	gameplay	BFSoldierNetworkable__v0_slot00	006148f0	resolved
00614910	gameplay	BFSoldierNetworkable__v56_slot00	00614910	resolved
00614920	gameplay	BFSoldierNetworkable__v56_slot03	00614920	resolved
00614990	gameplay	ItemNetworkable__v0_slot00	00614990	resolved
006149b0	gameplay	ItemNetworkable__v56_slot00	006149b0	resolved
00614a20	gameplay	SpringNetworkable__v0_slot00	00614a20	resolved
00614a40	gameplay	SpringNetworkable__v56_slot00	00614a40	resolved
00614ab0	gameplay	PlayerControlObjectNetworkable__v0_slot00	00614ab0	resolved
00614ad0	gameplay	PlayerControlObjectNetworkable__v56_slot00	00614ad0	resolved
00614b40	gameplay	SimpleObjectNetworkable__v0_slot03	00614b40	resolved
00614b70	gameplay	KitNetworkable__v0_slot00	00614b70	resolved
00614b90	gameplay	KitNetworkable__v56_slot00	00614b90	resolved
00614c00	gameplay	ProjectileNetworkable__v0_slot00	00614c00	resolved
00614c20	gameplay	ProjectileNetworkable__v56_slot00	00614c20	resolved
00614c90	gameplay	FireArmsNetworkable__v0_slot00	00614c90	resolved
00614cb0	gameplay	FireArmsNetworkable__v56_slot00	00614cb0	resolved
00614d20	gameplay	ControlPointNetworkable__v0_slot00	00614d20	resolved
00614d40	gameplay	ControlPointNetworkable__v56_slot00	00614d40	resolved
00614db0	gameplay	EngineNetworkable__v0_slot00	00614db0	resolved
00614dd0	gameplay	EngineNetworkable__v56_slot00	00614dd0	resolved
00614e40	gameplay	MusicPlayerNetworkable__v0_slot00	00614e40	resolved
00614e60	gameplay	MusicPlayerNetworkable__v56_slot00	00614e60	resolved
00614ed0	gameplay	WinchNetworkable__v0_slot00	00614ed0	resolved
00614ef0	gameplay	WinchNetworkable__v56_slot00	00614ef0	resolved
00614f00	gameplay	SimpleObjectNetworkable__v56_slot03	00614f00	resolved
00614f70	gameplay	WireLinkNetworkable__v0_slot00	00614f70	resolved
00614f90	gameplay	WireLinkNetworkable__v56_slot00	00614f90	resolved
00615000	gameplay	HookNetworkable__v0_slot00	00615000	resolved
00615020	gameplay	HookNetworkable__v56_slot00	00615020	resolved
00615030	gameplay	ObjTemplNetworkModule__v0_slot06	00615030	resolved
00615060	gameplay	SimpleObjectNetworkable__v56_slot01	00615060	resolved
00615070	gameplay	SimpleObjectNetworkable__v56_slot02	00615070	resolved
00616800	gameplay	ObjTemplNetworkModule__v0_slot04	00616800	resolved
00650550	gameplay	GameEvent__v0_slot02	00650550	resolved
00658c10	gameplay	PhysicsModule__v0_slot06	00658c10	resolved
00658e00	gameplay	PhysicsModule__v0_slot04	00658e00	resolved
00659210	gameplay	BFSoldier__v0_slot03	00659210	resolved
006592d0	gameplay	BFSoldier__v0_slot05	006592d0	resolved
00659300	gameplay	BFSoldier__v0_slot06	00659300	resolved
00659390	gameplay	BFSoldier__v0_slot61	00659390	resolved
00659550	gameplay	BFSoldier__v352_slot07	00659550	resolved
00659620	gameplay	BFSoldier__v0_slot75	00659620	resolved
00659910	gameplay	BFSoldier__v356_slot38	00659910	resolved
00659920	gameplay	BFSoldier__v356_slot39	00659920	resolved
00659930	gameplay	BFSoldier__v356_slot40	00659930	resolved
0065a650	gameplay	BFSoldier__v356_slot32	0065a650	resolved
0065c300	gameplay	BFSoldier__v0_slot18	0065c300	resolved
0065c550	gameplay	BFSoldier__v0_slot19	0065c550	resolved
0065d590	gameplay	BFSoldier__v352_slot05	0065d590	resolved
0065d6a0	gameplay	BFSoldier__v352_slot04	0065d6a0	resolved
0065d710	gameplay	BFSoldier__v0_slot63	0065d710	resolved
0065d780	gameplay	BFSoldier__v0_slot49	0065d780	resolved
0065e9e0	gameplay	BFSoldier__v356_slot24	0065e9e0	resolved
0065efe0	gameplay	BFSoldier__v356_slot09	0065efe0	resolved
0065f1a0	gameplay	BFSoldier__v356_slot10	0065f1a0	resolved
0065f270	gameplay	BFSoldier__v356_slot11	0065f270	resolved
0065f350	gameplay	BFSoldier__v0_slot39	0065f350	resolved
006610a0	gameplay	BFSoldier__v0_slot40	006610a0	resolved
006617e0	gameplay	BFSoldier__v0_slot58	006617e0	resolved
00661b40	gameplay	BFSoldier__v0_slot57	00661b40	resolved
00661f40	gameplay	BFSoldier__v0_slot59	00661f40	resolved
00661fe0	gameplay	BFSoldier__v352_slot06	00661fe0	resolved
00662030	gameplay	BFSoldier__v352_slot08	00662030	resolved
006620d0	gameplay	BFSoldierTemplate__v0_slot13	006620d0	resolved
006629c0	gameplay	BFSoldier__v0_slot21	006629c0	resolved
00663be0	gameplay	BFSoldier__v0_slot53	00663be0	resolved
006643d0	gameplay	BFSoldier__v0_slot20	006643d0	resolved
00665260	gameplay	BFSoldier__v0_slot60	00665260	resolved
00665330	gameplay	BFSoldier__v356_slot31	00665330	resolved
006656d0	gameplay	BFSoldier__v352_slot09	006656d0	resolved
006656e0	gameplay	BFSoldier__v352_slot10	006656e0	resolved
006656f0	gameplay	BFSoldier__v356_slot04	006656f0	resolved
00665700	gameplay	BFSoldier__v356_slot08	00665700	resolved
00665710	gameplay	BFSoldier__v356_slot14	00665710	resolved
00665720	gameplay	BFSoldier__v356_slot17	00665720	resolved
00665730	gameplay	BFSoldier__v356_slot19	00665730	resolved
00665740	gameplay	BFSoldier__v0_slot66	00665740	resolved
00665750	gameplay	BFSoldier__v0_slot67	00665750	resolved
00665760	gameplay	BFSoldier__v0_slot68	00665760	resolved
00665770	gameplay	BFSoldier__v0_slot71	00665770	resolved
00665780	gameplay	BFSoldier__v356_slot28	00665780	resolved
00665790	gameplay	BFSoldier__v356_slot30	00665790	resolved
006657a0	gameplay	BFSoldier__v132_slot00	006657a0	resolved
006657b0	gameplay	BFSoldier__v132_slot03	006657b0	resolved
006657c0	gameplay	BFSoldier__v352_slot00	006657c0	resolved
006657d0	gameplay	BFSoldier__v352_slot03	006657d0	resolved
006657e0	gameplay	BFSoldier__v356_slot00	006657e0	resolved
006657f0	gameplay	BFSoldier__v356_slot03	006657f0	resolved
00665800	gameplay	BFSoldier__v0_slot01	00665800	resolved
00665810	gameplay	BFSoldier__v0_slot02	00665810	resolved
00665830	gameplay	BFSoldier__v0_slot56	00665830	resolved
00665850	gameplay	BFSoldierTemplate__v444_slot06	00665850	resolved
00665870	gameplay	BFSoldier__v132_slot01	00665870	resolved
00665880	gameplay	BFSoldier__v132_slot02	00665880	resolved
00665890	gameplay	BFSoldier__v352_slot01	00665890	resolved
006658a0	gameplay	BFSoldier__v352_slot02	006658a0	resolved
006658b0	gameplay	BFSoldier__v356_slot01	006658b0	resolved
006658c0	gameplay	BFSoldier__v356_slot02	006658c0	resolved
006658d0	gameplay	BFSoldier__v356_slot16	006658d0	resolved
00665a30	gameplay	BFSoldier__v0_slot62	00665a30	resolved
00665aa0	gameplay	BFSoldier__v0_slot64	00665aa0	resolved
00665d50	gameplay	BFSoldier__v0_slot65	00665d50	resolved
00666350	gameplay	BFSoldier__v356_slot21	00666350	resolved
00666c80	gameplay	BFSoldier__v0_slot00	00666c80	resolved
00666ca0	gameplay	BFSoldier__v0_slot04	00666ca0	resolved
006670f0	gameplay	BFSoldierTemplate__v0_slot03	006670f0	resolved
00667150	gameplay	BFSoldierTemplate__v0_slot11	00667150	resolved
00667170	gameplay	BFSoldierTemplate__v0_slot04	00667170	resolved
00667180	gameplay	BFSoldierTemplate__v472_slot04	00667180	resolved
00667190	gameplay	BFSoldierTemplate__v472_slot05	00667190	resolved
006671a0	gameplay	BFSoldierTemplate__v0_slot33	006671a0	resolved
006671b0	gameplay	BFSoldierTemplate__v0_slot34	006671b0	resolved
006671c0	gameplay	BFSoldierTemplate__v0_slot35	006671c0	resolved
006671e0	gameplay	BFSoldierTemplate__v0_slot36	006671e0	resolved
006671f0	gameplay	BFSoldierTemplate__v0_slot37	006671f0	resolved
00667210	gameplay	BFSoldierTemplate__v0_slot38	00667210	resolved
00667220	gameplay	BFSoldierTemplate__v0_slot39	00667220	resolved
00667230	gameplay	BFSoldierTemplate__v0_slot40	00667230	resolved
00667240	gameplay	BFSoldierTemplate__v0_slot52	00667240	resolved
00667250	gameplay	BFSoldierTemplate__v4_slot00	00667250	resolved
00667260	gameplay	BFSoldierTemplate__v4_slot03	00667260	resolved
00667270	gameplay	BFSoldierTemplate__v120_slot00	00667270	resolved
00667280	gameplay	BFSoldierTemplate__v444_slot00	00667280	resolved
00667290	gameplay	BFSoldierTemplate__v444_slot03	00667290	resolved
006672a0	gameplay	BFSoldierTemplate__v472_slot00	006672a0	resolved
006672b0	gameplay	BFSoldierTemplate__v472_slot03	006672b0	resolved
006672c0	gameplay	BFSoldierTemplate__v0_slot02	006672c0	resolved
006672e0	gameplay	BFSoldierTemplate__v0_slot42	006672e0	resolved
00667310	gameplay	BFSoldierTemplate__v0_slot44	00667310	resolved
00667340	gameplay	BFSoldierTemplate__v0_slot46	00667340	resolved
00667370	gameplay	BFSoldierTemplate__v0_slot48	00667370	resolved
006673a0	gameplay	BFSoldierTemplate__v0_slot50	006673a0	resolved
006673d0	gameplay	BFSoldierTemplate__v0_slot54	006673d0	resolved
00667400	gameplay	BFSoldierTemplate__v0_slot56	00667400	resolved
00667430	gameplay	BFSoldierTemplate__v0_slot58	00667430	resolved
00667460	gameplay	BFSoldierTemplate__v0_slot60	00667460	resolved
00667490	gameplay	BFSoldierTemplate__v0_slot62	00667490	resolved
006674c0	gameplay	BFSoldierTemplate__v0_slot64	006674c0	resolved
006674f0	gameplay	BFSoldierTemplate__v0_slot66	006674f0	resolved
00667520	gameplay	BFSoldierTemplate__v0_slot68	00667520	resolved
00667550	gameplay	BFSoldierTemplate__v0_slot70	00667550	resolved
00667580	gameplay	BFSoldierTemplate__v0_slot41	00667580	resolved
006675b0	gameplay	BFSoldierTemplate__v0_slot43	006675b0	resolved
006675e0	gameplay	BFSoldierTemplate__v0_slot45	006675e0	resolved
00667610	gameplay	BFSoldierTemplate__v0_slot47	00667610	resolved
00667640	gameplay	BFSoldierTemplate__v0_slot49	00667640	resolved
00667670	gameplay	BFSoldierTemplate__v0_slot51	00667670	resolved
006676a0	gameplay	BFSoldierTemplate__v0_slot53	006676a0	resolved
006676d0	gameplay	BFSoldierTemplate__v0_slot55	006676d0	resolved
00667700	gameplay	BFSoldierTemplate__v0_slot57	00667700	resolved
00667730	gameplay	BFSoldierTemplate__v0_slot59	00667730	resolved
00667760	gameplay	BFSoldierTemplate__v0_slot61	00667760	resolved
00667790	gameplay	BFSoldierTemplate__v0_slot63	00667790	resolved
006677c0	gameplay	BFSoldierTemplate__v0_slot65	006677c0	resolved
006677f0	gameplay	BFSoldierTemplate__v0_slot67	006677f0	resolved
00667820	gameplay	BFSoldierTemplate__v0_slot69	00667820	resolved
00667ca0	gameplay	BFSoldierTemplate__v0_slot12	00667ca0	resolved
00667cd0	gameplay	BFSoldierTemplate__v0_slot00	00667cd0	resolved
0066b6a0	gameplay	BFSoldierTemplate__v0_slot10	0066b6a0	resolved
0066b890	gameplay	BFSoldierTemplate__v0_slot15	0066b890	resolved
0066bd90	gameplay	BFSoldierTemplate__v0_slot05	0066bd90	resolved
0066c4a0	gameplay	BFSoldierTemplate__v0_slot14	0066c4a0	resolved
0066c6a0	gameplay	BFSoldier__v0_slot54	0066c6a0	resolved
0066c710	gameplay	ControlPoint__v0_slot53	0066c710	resolved
0066c890	gameplay	SpawnPoint__v0_slot04	0066c890	resolved
0066c910	gameplay	BFSpawnPoint__v0_slot40	0066c910	resolved
0066caa0	gameplay	BFSpawnPoint__v0_slot20	0066caa0	resolved
0066d140	gameplay	BFSpawnPoint__v0_slot49	0066d140	resolved
0066d180	gameplay	ControlPoint__v0_slot21	0066d180	resolved
006743c0	gameplay	ControlPoint__v0_slot03	006743c0	resolved
00674540	gameplay	ControlPoint__v132_slot00	00674540	resolved
00674550	gameplay	ControlPoint__v352_slot00	00674550	resolved
00674560	gameplay	ControlPoint__v0_slot00	00674560	resolved
00674960	gameplay	ControlPoint__v0_slot49	00674960	resolved
00674a60	gameplay	ControlPointTemplate__v0_slot13	00674a60	resolved
00674ac0	gameplay	ControlPoint__v0_slot04	00674ac0	resolved
00674b40	gameplay	ControlPoint__v0_slot20	00674b40	resolved
00674ec0	gameplay	ControlPointTemplate__v4_slot04	00674ec0	resolved
00675690	gameplay	ControlPointTemplate__v0_slot03	00675690	resolved
006756e0	gameplay	ControlPointTemplate__v0_slot04	006756e0	resolved
006756f0	gameplay	ControlPointTemplate__v0_slot11	006756f0	resolved
00675720	gameplay	ControlPointTemplate__v4_slot00	00675720	resolved
00675730	gameplay	ControlPointTemplate__v4_slot03	00675730	resolved
00675740	gameplay	ControlPointTemplate__v120_slot00	00675740	resolved
00675750	gameplay	ControlPointTemplate__v444_slot00	00675750	resolved
00675760	gameplay	ControlPointTemplate__v444_slot03	00675760	resolved
00675770	gameplay	ControlPointTemplate__v0_slot12	00675770	resolved
006757a0	gameplay	ControlPointTemplate__v444_slot01	006757a0	resolved
006757b0	gameplay	ControlPointTemplate__v444_slot02	006757b0	resolved
006757c0	gameplay	ControlPointTemplate__v0_slot00	006757c0	resolved
00678cc0	gameplay	HandFireArms__v0_slot64	00678cc0	resolved
00678d00	gameplay	HandFireArms__v0_slot65	00678d00	resolved
00679000	gameplay	HandFireArms__v0_slot19	00679000	resolved
006791d0	gameplay	HandFireArms__v0_slot58	006791d0	resolved
006791e0	gameplay	HandFireArms__v0_slot62	006791e0	resolved
00679b20	gameplay	HandFireArms__v0_slot56	00679b20	resolved
00679b90	gameplay	HandFireArms__v0_slot57	00679b90	resolved
00679ce0	gameplay	HandFireArms__v0_slot61	00679ce0	resolved
0067ae40	gameplay	HandFireArmsTemplate__v0_slot13	0067ae40	resolved
0067b450	gameplay	HandFireArms__v0_slot49	0067b450	resolved
0067bb80	gameplay	HandFireArms__v0_slot59	0067bb80	resolved
0067bb90	gameplay	HandFireArms__v0_slot60	0067bb90	resolved
0067bba0	gameplay	HandFireArms__v0_slot63	0067bba0	resolved
0067bbd0	gameplay	ControlPoint__v132_slot03	0067bbd0	resolved
0067bbf0	gameplay	ControlPoint__v352_slot03	0067bbf0	resolved
00680950	gameplay	HandFireArms__v0_slot04	00680950	resolved
006809d0	gameplay	HandFireArms__v0_slot20	006809d0	resolved
006819e0	gameplay	HandFireArms__v0_slot40	006819e0	resolved
00682360	gameplay	PhysicsNode__v0_slot65	00682360	resolved
006823f0	gameplay	PhysicsNode__v0_slot58	006823f0	resolved
00682580	gameplay	StaticPhysicsNode__v0_slot16	00682580	resolved
006825b0	gameplay	StaticPhysicsNode__v0_slot17	006825b0	resolved
006825d0	gameplay	PhysicsNode__v0_slot16	006825d0	resolved
00682720	gameplay	PhysicsNode__v0_slot24	00682720	resolved
00682740	gameplay	PhysicsNode__v0_slot25	00682740	resolved
00682760	gameplay	PhysicsNode__v0_slot41	00682760	resolved
00682770	gameplay	PhysicsNode__v0_slot43	00682770	resolved
00682780	gameplay	PhysicsNode__v0_slot38	00682780	resolved
006827a0	gameplay	PhysicsNode__v0_slot49	006827a0	resolved
006827b0	gameplay	PhysicsNode__v0_slot50	006827b0	resolved
006827c0	gameplay	PhysicsNode__v0_slot51	006827c0	resolved
006827d0	gameplay	PhysicsNode__v0_slot52	006827d0	resolved
006827e0	gameplay	PhysicsNode__v0_slot54	006827e0	resolved
00682820	gameplay	PhysicsNode__v0_slot56	00682820	resolved
00682830	gameplay	PhysicsNode__v0_slot57	00682830	resolved
00682840	gameplay	PhysicsNode__v0_slot59	00682840	resolved
00682860	gameplay	PhysicsNode__v0_slot55	00682860	resolved
00682950	gameplay	PhysicsNode__v0_slot22	00682950	resolved
00682980	gameplay	PhysicsNode__v0_slot33	00682980	resolved
00682a20	gameplay	PhysicsNode__v0_slot28	00682a20	resolved
00682f90	gameplay	PhysicsNode__v0_slot15	00682f90	resolved
00682fe0	gameplay	PhysicsNode__v0_slot18	00682fe0	resolved
00683030	gameplay	PhysicsNode__v0_slot32	00683030	resolved
00683110	gameplay	PhysicsNode__v0_slot17	00683110	resolved
006831f0	gameplay	PhysicsNode__v0_slot27	006831f0	resolved
006832a0	gameplay	PhysicsNode__v0_slot29	006832a0	resolved
00683370	gameplay	PhysicsNode__v0_slot30	00683370	resolved
00683d40	gameplay	PhysicsNode__v0_slot40	00683d40	resolved
00684080	gameplay	PhysicsNode__v0_slot10	00684080	resolved
006840b0	gameplay	PhysicsNode__v0_slot13	006840b0	resolved
00684130	gameplay	PhysicsNode__v0_slot31	00684130	resolved
00684310	gameplay	BFSoldier__v356_slot18	00684310	resolved
00684320	gameplay	BFSoldier__v0_slot23	00684320	resolved
00684340	gameplay	ControlPoint__v0_slot05	00684340	resolved
00684390	gameplay	ControlPoint__v0_slot06	00684390	resolved
006843e0	gameplay	BFSoldier__v0_slot10	006843e0	resolved
00684760	gameplay	BFSoldier__v0_slot37	00684760	resolved
006847a0	gameplay	BFSoldier__v0_slot34	006847a0	resolved
006847c0	gameplay	BFSoldier__v0_slot41	006847c0	resolved
006847d0	gameplay	BFSoldier__v0_slot43	006847d0	resolved
006847e0	gameplay	BFSoldier__v0_slot44	006847e0	resolved
006847f0	gameplay	BFSoldier__v0_slot47	006847f0	resolved
00684800	gameplay	BFSoldier__v0_slot48	00684800	resolved
00684810	gameplay	BFSoldier__v0_slot22	00684810	resolved
00684890	gameplay	BFSoldier__v0_slot27	00684890	resolved
006848f0	gameplay	BFSoldier__v0_slot13	006848f0	resolved
00684930	gameplay	BFSoldier__v0_slot29	00684930	resolved
00684990	gameplay	BFSoldier__v0_slot15	00684990	resolved
00684a30	gameplay	BFSoldier__v0_slot09	00684a30	resolved
00684bc0	gameplay	BFSoldier__v0_slot14	00684bc0	resolved
00684cf0	gameplay	BFSoldier__v0_slot16	00684cf0	resolved
00684e00	gameplay	BFSoldier__v0_slot28	00684e00	resolved
00684e30	gameplay	BFSoldier__v0_slot30	00684e30	resolved
00684e60	gameplay	BFSoldier__v0_slot17	00684e60	resolved
00685400	gameplay	BFSoldier__v0_slot12	00685400	resolved
00685460	gameplay	BFSoldier__v0_slot32	00685460	resolved
00685550	gameplay	BFSoldier__v0_slot33	00685550	resolved
00685650	gameplay	BFSoldier__v0_slot35	00685650	resolved
006856c0	gameplay	BFSoldier__v0_slot36	006856c0	resolved
00685770	gameplay	BFSoldier__v132_slot04	00685770	resolved
00685a50	gameplay	BFSoldier__v0_slot26	00685a50	resolved
00685e90	gameplay	BFSoldier__v0_slot52	00685e90	resolved
00685ed0	gameplay	BFSoldier__v0_slot08	00685ed0	resolved
006865e0	gameplay	Projectile__v0_slot16	006865e0	resolved
00686620	gameplay	Projectile__v0_slot14	00686620	resolved
00686660	gameplay	Projectile__v0_slot05	00686660	resolved
00686ea0	gameplay	Projectile__v0_slot22	00686ea0	resolved
006872f0	gameplay	ProjectileTemplate__v0_slot04	006872f0	resolved
00687300	gameplay	ProjectileTemplate__v0_slot11	00687300	resolved
00687320	gameplay	ProjectileTemplate__v4_slot00	00687320	resolved
00687330	gameplay	ProjectileTemplate__v120_slot00	00687330	resolved
00687340	gameplay	ProjectileTemplate__v444_slot00	00687340	resolved
00687350	gameplay	ProjectileTemplate__v0_slot01	00687350	resolved
00687360	gameplay	ProjectileTemplate__v0_slot02	00687360	resolved
00687380	gameplay	ProjectileTemplate__v4_slot01	00687380	resolved
00687390	gameplay	ProjectileTemplate__v4_slot02	00687390	resolved
006873a0	gameplay	ProjectileTemplate__v444_slot01	006873a0	resolved
006873b0	gameplay	ProjectileTemplate__v444_slot02	006873b0	resolved
006873c0	gameplay	ProjectileTemplate__v0_slot00	006873c0	resolved
00687400	gameplay	ClusterProjectile__v0_slot59	00687400	resolved
00687420	gameplay	ClusterProjectile__v0_slot60	00687420	resolved
006876b0	gameplay	Projectile__v132_slot00	006876b0	resolved
006877b0	gameplay	Projectile__v0_slot18	006877b0	resolved
00687990	gameplay	Projectile__v0_slot40	00687990	resolved
00687c80	gameplay	ProjectileTemplate__v0_slot12	00687c80	resolved
00687d90	gameplay	ClusterProjectile__v0_slot57	00687d90	resolved
00687f80	gameplay	Projectile__v0_slot56	00687f80	resolved
006882d0	gameplay	ClusterProjectile__v0_slot20	006882d0	resolved
006883f0	gameplay	Projectile__v0_slot20	006883f0	resolved
00688a10	gameplay	Projectile__v0_slot49	00688a10	resolved
00688a50	gameplay	ProjectileTemplate__v0_slot22	00688a50	resolved
00688aa0	gameplay	ProjectileTemplate__v0_slot13	00688aa0	resolved
00689210	gameplay	ClusterProjectile__v132_slot00	00689210	resolved
006892a0	gameplay	Projectile__v0_slot00	006892a0	resolved
006895a0	gameplay	ClusterProjectileTemplate__v0_slot13	006895a0	resolved
00689610	gameplay	ProjectileTemplate__v4_slot04	00689610	resolved
00689e40	gameplay	ClusterProjectile__v0_slot00	00689e40	resolved
0068a1e0	gameplay	ClusterProjectile__v0_slot58	0068a1e0	resolved
0068a9b0	gameplay	Projectile__v0_slot21	0068a9b0	resolved
0068b080	gameplay	Projectile__v0_slot04	0068b080	resolved
0068b2c0	gameplay	ClusterProjectileTemplate__v0_slot04	0068b2c0	resolved
0068b2d0	gameplay	ClusterProjectileTemplate__v0_slot11	0068b2d0	resolved
0068b300	gameplay	ClusterProjectileTemplate__v4_slot00	0068b300	resolved
0068b310	gameplay	ClusterProjectileTemplate__v120_slot00	0068b310	resolved
0068b320	gameplay	ClusterProjectileTemplate__v444_slot00	0068b320	resolved
0068b330	gameplay	ClusterProjectileTemplate__v0_slot12	0068b330	resolved
0068b360	gameplay	ClusterProjectileTemplate__v0_slot00	0068b360	resolved
0068c4c0	gameplay	BFSoldierTemplate__v4_slot01	0068c4c0	resolved
0068c4d0	gameplay	BFSoldierTemplate__v4_slot02	0068c4d0	resolved
0068c4e0	gameplay	BFSoldierTemplate__v444_slot01	0068c4e0	resolved
0068c4f0	gameplay	BFSoldierTemplate__v444_slot02	0068c4f0	resolved
0068c500	gameplay	BFSoldierTemplate__v472_slot01	0068c500	resolved
0068c510	gameplay	BFSoldierTemplate__v472_slot02	0068c510	resolved
0068cea0	gameplay	ControlPoint__v132_slot01	0068cea0	resolved
0068ceb0	gameplay	ControlPoint__v132_slot02	0068ceb0	resolved
0068cec0	gameplay	ControlPoint__v352_slot01	0068cec0	resolved
0068ced0	gameplay	ControlPoint__v352_slot02	0068ced0	resolved
00690e80	gameplay	Projectile__v0_slot03	00690e80	resolved
00690ed0	gameplay	Projectile__v132_slot03	00690ed0	resolved
006915f0	gameplay	BFSpawnPointTemplate__v4_slot03	006915f0	resolved
00691610	gameplay	BFSpawnPointTemplate__v0_slot01	00691610	resolved
00691620	gameplay	BFSpawnPointTemplate__v0_slot02	00691620	resolved
00691640	gameplay	BFSpawnPointTemplate__v4_slot01	00691640	resolved
00691650	gameplay	BFSpawnPointTemplate__v4_slot02	00691650	resolved
00694520	gameplay	BFSoldierTemplate__v120_slot01	00694520	resolved
006945d0	gameplay	BFSoldierTemplate__v0_slot30	006945d0	resolved
00694630	gameplay	BFSoldierTemplate__v0_slot28	00694630	resolved
00694670	gameplay	BFSoldierTemplate__v0_slot26	00694670	resolved
00694bc0	gameplay	BFSpawnPointTemplate__v0_slot13	00694bc0	resolved
00694d00	gameplay	BFSoldierTemplate__v0_slot27	00694d00	resolved
00694de0	gameplay	BFSoldierTemplate__v0_slot25	00694de0	resolved
00695d50	gameplay	BFSoldierTemplate__v0_slot29	00695d50	resolved
00696270	gameplay	BFSpawnPointTemplate__v4_slot00	00696270	resolved
00696280	gameplay	BFSpawnPointTemplate__v120_slot00	00696280	resolved
00696520	gameplay	PlayerControlObject__v0_slot05	00696520	resolved
00696540	gameplay	PlayerControlObject__v0_slot06	00696540	resolved
00696570	gameplay	PlayerControlObject__v0_slot40	00696570	resolved
00696690	gameplay	PlayerControlObject__v352_slot25	00696690	resolved
006966a0	gameplay	PlayerControlObject__v352_slot26	006966a0	resolved
006966b0	gameplay	PlayerControlObject__v352_slot27	006966b0	resolved
006967d0	gameplay	PlayerControlObject__v352_slot18	006967d0	resolved
006967e0	gameplay	PlayerControlObject__v352_slot19	006967e0	resolved
00696900	gameplay	PlayerControlObjectTemplate__v0_slot34	00696900	resolved
00696950	gameplay	PlayerControlObjectTemplate__v0_slot04	00696950	resolved
00696960	gameplay	PlayerControlObjectTemplate__v0_slot11	00696960	resolved
00696980	gameplay	PlayerControlObject__v352_slot28	00696980	resolved
006969d0	gameplay	PlayerControlObject__v0_slot58	006969d0	resolved
006969f0	gameplay	PlayerControlObject__v0_slot59	006969f0	resolved
00696b10	gameplay	PlayerControlObject__v0_slot57	00696b10	resolved
00696c40	gameplay	PlayerControlObject__v352_slot11	00696c40	resolved
00696df0	gameplay	PlayerControlObject__v0_slot21	00696df0	resolved
00697050	gameplay	PlayerControlObject__v352_slot16	00697050	resolved
00697090	gameplay	PlayerControlObject__v0_slot20	00697090	resolved
00697560	gameplay	PlayerControlObject__v352_slot15	00697560	resolved
00697580	gameplay	PlayerControlObject__v0_slot49	00697580	resolved
00697ae0	gameplay	PlayerControlObject__v0_slot39	00697ae0	resolved
00697bb0	gameplay	PlayerControlObjectTemplate__v0_slot13	00697bb0	resolved
00697e70	gameplay	PlayerControlObject__v352_slot24	00697e70	resolved
00698000	gameplay	PlayerControlObject__v352_slot09	00698000	resolved
006983f0	gameplay	PlayerControlObjectTemplate__v4_slot04	006983f0	resolved
00699420	gameplay	PlayerControlObject__v352_slot10	00699420	resolved
00699c90	gameplay	PlayerControlObjectTemplate__v0_slot03	00699c90	resolved
00699cf0	gameplay	PlayerControlObjectTemplate__v472_slot05	00699cf0	resolved
00699d00	gameplay	PlayerControlObjectTemplate__v472_slot06	00699d00	resolved
00699d30	gameplay	PlayerControlObjectTemplate__v472_slot09	00699d30	resolved
00699d40	gameplay	PlayerControlObjectTemplate__v472_slot12	00699d40	resolved
00699d60	gameplay	PlayerControlObjectTemplate__v472_slot13	00699d60	resolved
00699d80	gameplay	PlayerControlObjectTemplate__v472_slot14	00699d80	resolved
00699d90	gameplay	PlayerControlObjectTemplate__v472_slot15	00699d90	resolved
00699da0	gameplay	PlayerControlObjectTemplate__v472_slot18	00699da0	resolved
00699db0	gameplay	PlayerControlObjectTemplate__v472_slot19	00699db0	resolved
00699dc0	gameplay	PlayerControlObjectTemplate__v472_slot22	00699dc0	resolved
00699dd0	gameplay	PlayerControlObjectTemplate__v472_slot23	00699dd0	resolved
00699de0	gameplay	PlayerControlObjectTemplate__v472_slot24	00699de0	resolved
00699df0	gameplay	PlayerControlObjectTemplate__v472_slot25	00699df0	resolved
00699e00	gameplay	PlayerControlObjectTemplate__v472_slot27	00699e00	resolved
00699e10	gameplay	PlayerControlObjectTemplate__v472_slot28	00699e10	resolved
00699e20	gameplay	PlayerControlObjectTemplate__v472_slot29	00699e20	resolved
00699e30	gameplay	PlayerControlObjectTemplate__v472_slot30	00699e30	resolved
00699e40	gameplay	PlayerControlObjectTemplate__v472_slot31	00699e40	resolved
00699e50	gameplay	PlayerControlObjectTemplate__v472_slot34	00699e50	resolved
00699e60	gameplay	PlayerControlObjectTemplate__v472_slot35	00699e60	resolved
00699e70	gameplay	PlayerControlObjectTemplate__v472_slot37	00699e70	resolved
00699e80	gameplay	PlayerControlObjectTemplate__v472_slot42	00699e80	resolved
00699e90	gameplay	PlayerControlObjectTemplate__v472_slot43	00699e90	resolved
00699ea0	gameplay	PlayerControlObjectTemplate__v472_slot44	00699ea0	resolved
00699eb0	gameplay	PlayerControlObjectTemplate__v472_slot45	00699eb0	resolved
00699ec0	gameplay	PlayerControlObjectTemplate__v472_slot46	00699ec0	resolved
00699f00	gameplay	PlayerControlObjectTemplate__v472_slot47	00699f00	resolved
00699f10	gameplay	PlayerControlObjectTemplate__v472_slot48	00699f10	resolved
00699f20	gameplay	PlayerControlObjectTemplate__v472_slot49	00699f20	resolved
00699f30	gameplay	PlayerControlObjectTemplate__v472_slot50	00699f30	resolved
00699f40	gameplay	PlayerControlObjectTemplate__v472_slot51	00699f40	resolved
00699f50	gameplay	PlayerControlObjectTemplate__v472_slot52	00699f50	resolved
00699f60	gameplay	PlayerControlObjectTemplate__v472_slot53	00699f60	resolved
00699f70	gameplay	PlayerControlObjectTemplate__v472_slot54	00699f70	resolved
00699f80	gameplay	PlayerControlObjectTemplate__v472_slot56	00699f80	resolved
00699f90	gameplay	PlayerControlObjectTemplate__v472_slot57	00699f90	resolved
00699fa0	gameplay	PlayerControlObjectTemplate__v472_slot58	00699fa0	resolved
00699fb0	gameplay	PlayerControlObjectTemplate__v472_slot59	00699fb0	resolved
00699fc0	gameplay	PlayerControlObjectTemplate__v472_slot60	00699fc0	resolved
00699fd0	gameplay	PlayerControlObjectTemplate__v472_slot61	00699fd0	resolved
00699fe0	gameplay	PlayerControlObjectTemplate__v472_slot62	00699fe0	resolved
00699ff0	gameplay	PlayerControlObjectTemplate__v472_slot63	00699ff0	resolved
0069a000	gameplay	PlayerControlObjectTemplate__v472_slot64	0069a000	resolved
0069a010	gameplay	PlayerControlObjectTemplate__v0_slot36	0069a010	resolved
0069a020	gameplay	PlayerControlObjectTemplate__v0_slot37	0069a020	resolved
0069a030	gameplay	PlayerControlObjectTemplate__v0_slot38	0069a030	resolved
0069a040	gameplay	PlayerControlObjectTemplate__v472_slot65	0069a040	resolved
0069a060	gameplay	PlayerControlObjectTemplate__v472_slot67	0069a060	resolved
0069a080	gameplay	PlayerControlObjectTemplate__v472_slot71	0069a080	resolved
0069a090	gameplay	PlayerControlObjectTemplate__v472_slot72	0069a090	resolved
0069a0a0	gameplay	PlayerControlObjectTemplate__v472_slot69	0069a0a0	resolved
0069a0b0	gameplay	PlayerControlObjectTemplate__v472_slot70	0069a0b0	resolved
0069a0c0	gameplay	PlayerControlObjectTemplate__v0_slot39	0069a0c0	resolved
0069a0d0	gameplay	PlayerControlObjectTemplate__v0_slot40	0069a0d0	resolved
0069a0e0	gameplay	PlayerControlObjectTemplate__v472_slot73	0069a0e0	resolved
0069a100	gameplay	PlayerControlObjectTemplate__v472_slot74	0069a100	resolved
0069a110	gameplay	PlayerControlObjectTemplate__v0_slot41	0069a110	resolved
0069a120	gameplay	PlayerControlObjectTemplate__v0_slot42	0069a120	resolved
0069a130	gameplay	PlayerControlObjectTemplate__v4_slot00	0069a130	resolved
0069a140	gameplay	PlayerControlObjectTemplate__v4_slot03	0069a140	resolved
0069a150	gameplay	PlayerControlObjectTemplate__v120_slot00	0069a150	resolved
0069a160	gameplay	PlayerControlObjectTemplate__v444_slot00	0069a160	resolved
0069a170	gameplay	PlayerControlObjectTemplate__v444_slot03	0069a170	resolved
0069a180	gameplay	PlayerControlObjectTemplate__v472_slot00	0069a180	resolved
0069a190	gameplay	PlayerControlObjectTemplate__v472_slot03	0069a190	resolved
0069a1a0	gameplay	PlayerControlObjectTemplate__v0_slot01	0069a1a0	resolved
0069a1b0	gameplay	PlayerControlObjectTemplate__v0_slot02	0069a1b0	resolved
0069a1d0	gameplay	PlayerControlObjectTemplate__v4_slot01	0069a1d0	resolved
0069a1e0	gameplay	PlayerControlObjectTemplate__v4_slot02	0069a1e0	resolved
0069a1f0	gameplay	PlayerControlObjectTemplate__v444_slot01	0069a1f0	resolved
0069a200	gameplay	PlayerControlObjectTemplate__v444_slot02	0069a200	resolved
0069a210	gameplay	PlayerControlObjectTemplate__v472_slot01	0069a210	resolved
0069a220	gameplay	PlayerControlObjectTemplate__v472_slot02	0069a220	resolved
0069a230	gameplay	PlayerControlObjectTemplate__v472_slot11	0069a230	resolved
0069a260	gameplay	PlayerControlObjectTemplate__v472_slot17	0069a260	resolved
0069a290	gameplay	PlayerControlObjectTemplate__v472_slot21	0069a290	resolved
0069a2c0	gameplay	PlayerControlObjectTemplate__v472_slot33	0069a2c0	resolved
0069a2f0	gameplay	PlayerControlObjectTemplate__v472_slot41	0069a2f0	resolved
0069a320	gameplay	PlayerControlObjectTemplate__v472_slot10	0069a320	resolved
0069a350	gameplay	PlayerControlObjectTemplate__v472_slot16	0069a350	resolved
0069a380	gameplay	PlayerControlObjectTemplate__v472_slot20	0069a380	resolved
0069a3b0	gameplay	PlayerControlObjectTemplate__v472_slot32	0069a3b0	resolved
0069a3e0	gameplay	PlayerControlObjectTemplate__v472_slot40	0069a3e0	resolved
0069a410	gameplay	PlayerControlObjectTemplate__v0_slot00	0069a410	resolved
0069a5b0	gameplay	PlayerControlObjectTemplate__v0_slot33	0069a5b0	resolved
0069a750	gameplay	PlayerControlObject__v0_slot03	0069a750	resolved
0069a7a0	gameplay	PlayerControlObject__v352_slot08	0069a7a0	resolved
0069a7b0	gameplay	PlayerControlObject__v352_slot13	0069a7b0	resolved
0069a7c0	gameplay	PlayerControlObject__v0_slot56	0069a7c0	resolved
0069a810	gameplay	PlayerControlObject__v132_slot00	0069a810	resolved
0069a820	gameplay	PlayerControlObject__v132_slot03	0069a820	resolved
0069a830	gameplay	PlayerControlObject__v352_slot00	0069a830	resolved
0069a840	gameplay	PlayerControlObject__v352_slot03	0069a840	resolved
0069a850	gameplay	ControlPoint__v0_slot01	0069a850	resolved
0069a860	gameplay	PlayerControlObject__v352_slot22	0069a860	resolved
0069a880	gameplay	PlayerControlObject__v352_slot20	0069a880	resolved
0069a890	gameplay	PlayerControlObject__v352_slot21	0069a890	resolved
0069aa90	gameplay	PlayerControlObject__v0_slot00	0069aa90	resolved
0069aab0	gameplay	PlayerControlObjectTemplate__v0_slot12	0069aab0	resolved
0069ae80	gameplay	PlayerControlObject__v0_slot04	0069ae80	resolved
0069afe0	gameplay	SpringNetworkable__v0_slot04	0069afe0	resolved
0069b070	gameplay	SpringNetworkable__v0_slot06	0069b070	resolved
0069b390	gameplay	SpringNetworkable__v0_slot07	0069b390	resolved
0069b480	gameplay	SpringNetworkable__v0_slot08	0069b480	resolved
0069fbd0	gameplay	BFSoldier__v0_slot42	0069fbd0	resolved
0069fc70	gameplay	ControlPoint__v0_slot40	0069fc70	resolved
0069ff50	gameplay	SpawnPointManager__v0_slot06	0069ff50	resolved
006a01f0	gameplay	SpawnPointManager__v0_slot05	006a01f0	resolved
006a0500	gameplay	SpawnPointManager__v0_slot03	006a0500	resolved
006a05f0	gameplay	SpawnPointManager__v0_slot00	006a05f0	resolved
006a0610	gameplay	SpawnPointManager__v0_slot04	006a0610	resolved
006a4300	gameplay	BFSoldierTemplate__v444_slot07	006a4300	resolved
006a43d0	gameplay	BFSoldierTemplate__v444_slot09	006a43d0	resolved
006a4510	gameplay	BFSoldierTemplate__v444_slot05	006a4510	resolved
006a4680	gameplay	BFSoldierTemplate__v444_slot08	006a4680	resolved
006a4870	gameplay	BFSoldierTemplate__v0_slot31	006a4870	resolved
006a49e0	gameplay	BFSoldierTemplate__v4_slot04	006a49e0	resolved
006a4c80	gameplay	BFSoldierTemplate__v0_slot32	006a4c80	resolved
006a5360	gameplay	BFSoldierTemplate__v444_slot04	006a5360	resolved
006a8e00	gameplay	SpawnPointTemplate__v0_slot12	006a8e00	resolved
006a8ea0	gameplay	SpawnPointTemplate__v0_slot04	006a8ea0	resolved
006a8eb0	gameplay	SpawnPointTemplate__v0_slot11	006a8eb0	resolved
006a8ee0	gameplay	SpawnPointTemplate__v4_slot04	006a8ee0	resolved
006a9260	gameplay	ResponsePhysics__v0_slot05	006a9260	resolved
006a9320	gameplay	PointResponsePhysics__v0_slot11	006a9320	resolved
006a9880	gameplay	ResponsePhysics__v0_slot11	006a9880	resolved
006c2350	gameplay	NetworkableInfoManager__v0_slot08	006c2350	resolved
006c2370	gameplay	NetworkableInfoManager__v0_slot07	006c2370	resolved
006c25b0	gameplay	NetworkableInfoManager__v0_slot05	006c25b0	resolved
006c25f0	gameplay	NetworkableInfoManager__v0_slot04	006c25f0	resolved
006c2630	gameplay	NetworkableInfoManager__v0_slot12	006c2630	resolved
006c2c80	gameplay	NetworkableInfoManager__v0_slot11	006c2c80	resolved
006c2df0	gameplay	NetworkableInfoManager__v0_slot13	006c2df0	resolved
006c2ee0	gameplay	NetworkableInfoManager__v0_slot06	006c2ee0	resolved
006c3000	gameplay	NetworkableInfoManager__v0_slot03	006c3000	resolved
006c3030	gameplay	NetworkableInfoManager__v0_slot00	006c3030	resolved
006c3270	gameplay	SimpleObjectNetworkable__v0_slot05	006c3270	resolved
006c3480	gameplay	SimpleObjectNetworkable__v0_slot04	006c3480	resolved
006c3680	gameplay	SimpleObjectNetworkable__v0_slot06	006c3680	resolved
006c39b0	gameplay	SimpleObjectNetworkable__v0_slot09	006c39b0	resolved
006c3ad0	gameplay	SimpleObjectNetworkable__v56_slot04	006c3ad0	resolved
006c4870	gameplay	SimpleObjectNetworkable__v0_slot07	006c4870	resolved
006c4c30	gameplay	SimpleObjectNetworkable__v0_slot08	006c4c30	resolved
006c5430	gameplay	RotationalBundleNetworkable__v0_slot05	006c5430	resolved
006c5440	gameplay	RotationalBundleNetworkable__v0_slot06	006c5440	resolved
006c56c0	gameplay	RotationalBundleNetworkable__v0_slot04	006c56c0	resolved
006c5820	gameplay	RotationalBundleNetworkable__v0_slot09	006c5820	resolved
006c5890	gameplay	RotationalBundleNetworkable__v56_slot04	006c5890	resolved
006c5fe0	gameplay	RotationalBundleNetworkable__v0_slot07	006c5fe0	resolved
006c61a0	gameplay	RotationalBundleNetworkable__v0_slot08	006c61a0	resolved
006c6760	gameplay	FreeCameraNetworkable__v0_slot06	006c6760	resolved
006c68b0	gameplay	FreeCameraNetworkable__v0_slot04	006c68b0	resolved
006c69e0	gameplay	FreeCameraNetworkable__v56_slot04	006c69e0	resolved
006c6d50	gameplay	FreeCameraNetworkable__v0_slot07	006c6d50	resolved
006c6e90	gameplay	FreeCameraNetworkable__v0_slot08	006c6e90	resolved
006c72d0	gameplay	BFSoldierNetworkable__v0_slot05	006c72d0	resolved
006c72e0	gameplay	BFSoldierNetworkable__v0_slot06	006c72e0	resolved
006c77a0	gameplay	BFSoldierNetworkable__v0_slot04	006c77a0	resolved
006c7a00	gameplay	BFSoldierNetworkable__v0_slot09	006c7a00	resolved
006c7ae0	gameplay	BFSoldierNetworkable__v56_slot04	006c7ae0	resolved
006c8a50	gameplay	BFSoldierNetworkable__v0_slot07	006c8a50	resolved
006c8f40	gameplay	BFSoldierNetworkable__v0_slot08	006c8f40	resolved
006c9890	gameplay	ItemNetworkable__v0_slot06	006c9890	resolved
006c99c0	gameplay	ItemNetworkable__v0_slot04	006c99c0	resolved
006c9ac0	gameplay	ItemNetworkable__v0_slot07	006c9ac0	resolved
006c9c00	gameplay	ItemNetworkable__v0_slot08	006c9c00	resolved
006c9ee0	gameplay	PlayerControlObjectNetworkable__v0_slot04	006c9ee0	resolved
006c9f40	gameplay	KitNetworkable__v0_slot06	006c9f40	resolved
006ca050	gameplay	KitNetworkable__v0_slot04	006ca050	resolved
006ca140	gameplay	KitNetworkable__v0_slot07	006ca140	resolved
006ca2d0	gameplay	KitNetworkable__v0_slot08	006ca2d0	resolved
006ca640	gameplay	ProjectileNetworkable__v0_slot04	006ca640	resolved
006ca8f0	gameplay	ProjectileNetworkable__v0_slot06	006ca8f0	resolved
006cad40	gameplay	ProjectileNetworkable__v56_slot04	006cad40	resolved
006cb3b0	gameplay	ProjectileNetworkable__v0_slot07	006cb3b0	resolved
006cb790	gameplay	ProjectileNetworkable__v0_slot08	006cb790	resolved
006cc0b0	gameplay	FireArmsNetworkable__v0_slot04	006cc0b0	resolved
006cc270	gameplay	FireArmsNetworkable__v0_slot06	006cc270	resolved
006cc570	gameplay	FireArmsNetworkable__v0_slot07	006cc570	resolved
006cc7c0	gameplay	FireArmsNetworkable__v0_slot08	006cc7c0	resolved
006ccd40	gameplay	ControlPointNetworkable__v0_slot04	006ccd40	resolved
006cce00	gameplay	ControlPointNetworkable__v0_slot06	006cce00	resolved
006ccee0	gameplay	ControlPointNetworkable__v0_slot07	006ccee0	resolved
006cd050	gameplay	ControlPointNetworkable__v0_slot08	006cd050	resolved
006cd320	gameplay	EngineNetworkable__v0_slot04	006cd320	resolved
006cd3e0	gameplay	EngineNetworkable__v0_slot09	006cd3e0	resolved
006cd440	gameplay	EngineNetworkable__v0_slot06	006cd440	resolved
006cd660	gameplay	EngineNetworkable__v56_slot04	006cd660	resolved
006cd790	gameplay	EngineNetworkable__v0_slot07	006cd790	resolved
006cdb00	gameplay	EngineNetworkable__v0_slot08	006cdb00	resolved
006ce100	gameplay	MusicPlayerNetworkable__v0_slot04	006ce100	resolved
006ce1b0	gameplay	MusicPlayerNetworkable__v0_slot06	006ce1b0	resolved
006ce230	gameplay	MusicPlayerNetworkable__v0_slot07	006ce230	resolved
006ce340	gameplay	MusicPlayerNetworkable__v0_slot08	006ce340	resolved
006ce5a0	gameplay	WinchNetworkable__v0_slot06	006ce5a0	resolved
006cec90	gameplay	WinchNetworkable__v0_slot04	006cec90	resolved
006ced70	gameplay	WinchNetworkable__v0_slot07	006ced70	resolved
006cf070	gameplay	WinchNetworkable__v0_slot08	006cf070	resolved
006cf710	gameplay	WireLinkNetworkable__v0_slot06	006cf710	resolved
006cf800	gameplay	WireLinkNetworkable__v56_slot04	006cf800	resolved
006cf980	gameplay	WireLinkNetworkable__v0_slot04	006cf980	resolved
006cfa80	gameplay	WireLinkNetworkable__v0_slot07	006cfa80	resolved
006cfc40	gameplay	WireLinkNetworkable__v0_slot08	006cfc40	resolved
006d00a0	gameplay	HookNetworkable__v0_slot06	006d00a0	resolved
006d0110	gameplay	HookNetworkable__v0_slot04	006d0110	resolved
006d0280	gameplay	HookNetworkable__v56_slot04	006d0280	resolved
006d0360	gameplay	HookNetworkable__v0_slot07	006d0360	resolved
006d0450	gameplay	HookNetworkable__v0_slot08	006d0450	resolved
006d07e0	gameplay	BFSpawnPoint__v132_slot00	006d07e0	resolved
006d07f0	gameplay	BFSpawnPoint__v352_slot00	006d07f0	resolved
006d09d0	gameplay	ControlPoint__v352_slot07	006d09d0	resolved
006d0a00	gameplay	ControlPoint__v352_slot09	006d0a00	resolved
006d0ba0	gameplay	ControlPoint__v352_slot08	006d0ba0	resolved
006d10a0	gameplay	ControlPoint__v352_slot06	006d10a0	resolved
006d1440	gameplay	ControlPoint__v352_slot04	006d1440	resolved
006d1470	gameplay	ControlPoint__v352_slot05	006d1470	resolved
006d2810	gameplay	ControlPoint__v0_slot18	006d2810	resolved
006d4030	gameplay	HandFireArms__v872_slot04	006d4030	resolved
006d4080	gameplay	HandFireArms__v872_slot05	006d4080	resolved
006d40f0	gameplay	HandFireArms__v872_slot11	006d40f0	resolved
006d4190	gameplay	HandFireArms__v0_slot66	006d4190	resolved
006d41a0	gameplay	HandFireArms__v872_slot12	006d41a0	resolved
006d41b0	gameplay	HandFireArms__v0_slot67	006d41b0	resolved
006d4220	gameplay	HandFireArms__v0_slot69	006d4220	resolved
006d43c0	gameplay	HandFireArms__v0_slot03	006d43c0	resolved
006d4420	gameplay	HandFireArms__v132_slot00	006d4420	resolved
006d4430	gameplay	HandFireArms__v132_slot03	006d4430	resolved
006d4440	gameplay	HandFireArms__v352_slot00	006d4440	resolved
006d4450	gameplay	HandFireArms__v352_slot03	006d4450	resolved
006d4460	gameplay	HandFireArms__v872_slot00	006d4460	resolved
006d4470	gameplay	HandFireArms__v872_slot03	006d4470	resolved
006d4480	gameplay	HandFireArms__v872_slot13	006d4480	resolved
006d4490	gameplay	HandFireArms__v0_slot01	006d4490	resolved
006d44a0	gameplay	HandFireArms__v0_slot02	006d44a0	resolved
006d44c0	gameplay	HandFireArms__v0_slot00	006d44c0	resolved
006d4500	gameplay	HandFireArms__v132_slot01	006d4500	resolved
006d4510	gameplay	HandFireArms__v132_slot02	006d4510	resolved
006d4520	gameplay	HandFireArms__v352_slot01	006d4520	resolved
006d4530	gameplay	HandFireArms__v352_slot02	006d4530	resolved
006d4540	gameplay	HandFireArms__v872_slot01	006d4540	resolved
006d4550	gameplay	HandFireArms__v872_slot02	006d4550	resolved
006d4560	gameplay	HandFireArms__v0_slot68	006d4560	resolved
006d4a30	gameplay	HandFireArms__v872_slot10	006d4a30	resolved
006d4c00	gameplay	HandFireArmsTemplate__v4_slot04	006d4c00	resolved
006d5080	gameplay	HandFireArmsTemplate__v0_slot03	006d5080	resolved
006d50e0	gameplay	HandFireArmsTemplate__v0_slot04	006d50e0	resolved
006d50f0	gameplay	HandFireArmsTemplate__v0_slot11	006d50f0	resolved
006d5120	gameplay	HandFireArmsTemplate__v4_slot00	006d5120	resolved
006d5130	gameplay	HandFireArmsTemplate__v4_slot03	006d5130	resolved
006d5140	gameplay	HandFireArmsTemplate__v120_slot00	006d5140	resolved
006d5150	gameplay	HandFireArmsTemplate__v444_slot00	006d5150	resolved
006d5160	gameplay	HandFireArmsTemplate__v444_slot03	006d5160	resolved
006d5170	gameplay	HandFireArmsTemplate__v1468_slot00	006d5170	resolved
006d5180	gameplay	HandFireArmsTemplate__v1468_slot03	006d5180	resolved
006d5190	gameplay	HandFireArmsTemplate__v0_slot01	006d5190	resolved
006d51a0	gameplay	HandFireArmsTemplate__v0_slot02	006d51a0	resolved
006d51c0	gameplay	HandFireArmsTemplate__v4_slot01	006d51c0	resolved
006d51d0	gameplay	HandFireArmsTemplate__v4_slot02	006d51d0	resolved
006d51e0	gameplay	HandFireArmsTemplate__v444_slot01	006d51e0	resolved
006d51f0	gameplay	HandFireArmsTemplate__v444_slot02	006d51f0	resolved
006d5200	gameplay	HandFireArmsTemplate__v1468_slot01	006d5200	resolved
006d5210	gameplay	HandFireArmsTemplate__v1468_slot02	006d5210	resolved
006d5220	gameplay	HandFireArmsTemplate__v0_slot12	006d5220	resolved
006d5250	gameplay	HandFireArmsTemplate__v0_slot00	006d5250	resolved
006d6ab0	gameplay	BFSoldierTemplate__v0_slot01	006d6ab0	resolved
006db650	gameplay	ControlPointTemplate__v0_slot01	006db650	resolved
006db660	gameplay	ControlPointTemplate__v4_slot01	006db660	resolved
006db670	gameplay	ControlPointTemplate__v4_slot02	006db670	resolved
006dbfe0	gameplay	ControlPointTemplate__v0_slot02	006dbfe0	resolved
006dc0d0	gameplay	NetworkManager__v0_slot26	006dc0d0	resolved
006dd2b0	gameplay	NetworkManager__v0_slot24	006dd2b0	resolved
006ddbb0	gameplay	NetworkManager__v0_slot27	006ddbb0	resolved
006e7f80	gameplay	ISoldierSound__v0_slot00	006e7f80	resolved
006e7fa0	gameplay	SoldierSound__v0_slot02	006e7fa0	resolved
006e8190	gameplay	SoldierSound__v0_slot01	006e8190	resolved
006e9410	gameplay	PhysicsNode__v0_slot37	006e9410	resolved
006e9440	gameplay	GameEventManager__v0_slot02	006e9440	resolved
006ed3f0	gameplay	ResponsePhysics__v0_slot20	006ed3f0	resolved
006ed410	gameplay	ResponsePhysics__v0_slot19	006ed410	resolved
006ed430	gameplay	ResponsePhysics__v0_slot18	006ed430	resolved
006ed440	gameplay	ResponsePhysics__v0_slot22	006ed440	resolved
006ed4c0	gameplay	ResponsePhysics__v0_slot21	006ed4c0	resolved
006ed510	gameplay	ResponsePhysics__v0_slot23	006ed510	resolved
006ed5a0	gameplay	ResponsePhysics__v0_slot24	006ed5a0	resolved
006ed650	gameplay	ResponsePhysics__v0_slot33	006ed650	resolved
006ed890	gameplay	ResponsePhysics__v0_slot03	006ed890	resolved
006ed8c0	gameplay	ResponsePhysics__v0_slot12	006ed8c0	resolved
006ed8d0	gameplay	ResponsePhysics__v0_slot13	006ed8d0	resolved
006ed8f0	gameplay	ResponsePhysics__v0_slot14	006ed8f0	resolved
006ed910	gameplay	ResponsePhysics__v0_slot26	006ed910	resolved
006ed920	gameplay	ResponsePhysics__v0_slot27	006ed920	resolved
006ed950	gameplay	ResponsePhysics__v0_slot28	006ed950	resolved
006ed960	gameplay	ResponsePhysics__v0_slot29	006ed960	resolved
006ed970	gameplay	ResponsePhysics__v0_slot32	006ed970	resolved
006ed980	gameplay	ResponsePhysics__v0_slot30	006ed980	resolved
006ed9a0	gameplay	ResponsePhysics__v0_slot31	006ed9a0	resolved
006ed9b0	gameplay	ResponsePhysics__v0_slot01	006ed9b0	resolved
006ed9c0	gameplay	ResponsePhysics__v0_slot00	006ed9c0	resolved
006edaa0	gameplay	ResponsePhysics__v0_slot06	006edaa0	resolved
006edb30	gameplay	ResponsePhysics__v0_slot07	006edb30	resolved
006ee020	gameplay	ResponsePhysics__v0_slot16	006ee020	resolved
006ee050	gameplay	ResponsePhysics__v0_slot10	006ee050	resolved
006eea90	gameplay	ResponsePhysics__v0_slot08	006eea90	resolved
006ef190	gameplay	ResponsePhysics__v0_slot09	006ef190	resolved
006f0430	gameplay	ResponsePhysics__v0_slot25	006f0430	resolved
006f1150	gameplay	ResponsePhysics__v0_slot17	006f1150	resolved
006f11e0	gameplay	BasicPhysicsSystem__v0_slot06	006f11e0	resolved
006f11f0	gameplay	BasicPhysicsSystem__v0_slot07	006f11f0	resolved
006f1210	gameplay	BasicPhysicsSystem__v0_slot08	006f1210	resolved
006f1230	gameplay	BasicPhysicsSystem__v0_slot10	006f1230	resolved
006f1280	gameplay	BasicPhysicsSystem__v0_slot03	006f1280	resolved
006f12b0	gameplay	BasicPhysicsSystem__v0_slot11	006f12b0	resolved
006f13e0	gameplay	PhysicsNodeManager__v0_slot05	006f13e0	resolved
006f1430	gameplay	PhysicsNodeManager__v0_slot06	006f1430	resolved
006f1510	gameplay	PhysicsNodeManager__v0_slot03	006f1510	resolved
006f1540	gameplay	PhysicsNodeManager__v0_slot07	006f1540	resolved
006f18c0	gameplay	PhysicsNodeManager__v0_slot04	006f18c0	resolved
006f1990	gameplay	ResponsePhysicsManager__v0_slot03	006f1990	resolved
006f1ae0	gameplay	ResponsePhysicsManager__v0_slot04	006f1ae0	resolved
006f1b40	gameplay	ResponsePhysicsManager__v0_slot05	006f1b40	resolved
006f2320	gameplay	ResponsePhysicsManager__v0_slot06	006f2320	resolved
006f25f0	gameplay	StaticResponsePhysics__v0_slot20	006f25f0	resolved
006f2610	gameplay	StaticResponsePhysics__v0_slot19	006f2610	resolved
006f2630	gameplay	StaticResponsePhysics__v0_slot22	006f2630	resolved
006f2640	gameplay	StaticResponsePhysics__v0_slot07	006f2640	resolved
006f2650	gameplay	StaticResponsePhysics__v0_slot23	006f2650	resolved
006f26e0	gameplay	StaticResponsePhysics__v0_slot24	006f26e0	resolved
006f2810	gameplay	StaticResponsePhysics__v0_slot26	006f2810	resolved
006f2820	gameplay	ResponsePhysics__v0_slot02	006f2820	resolved
006f2840	gameplay	StaticResponsePhysics__v0_slot00	006f2840	resolved
006f2870	gameplay	StaticResponsePhysics__v0_slot31	006f2870	resolved
006f28b0	gameplay	StaticResponsePhysics__v0_slot16	006f28b0	resolved
006f2930	gameplay	StaticResponsePhysics__v0_slot17	006f2930	resolved
006f29f0	gameplay	StaticPhysicsNode__v0_slot10	006f29f0	resolved
006f2a00	gameplay	PhysicsNode__v0_slot09	006f2a00	resolved
006f2a10	gameplay	PhysicsNode__v0_slot11	006f2a10	resolved
006f2a20	gameplay	PhysicsNode__v0_slot12	006f2a20	resolved
006f2a30	gameplay	StaticPhysicsNode__v0_slot13	006f2a30	resolved
006f2a40	gameplay	PhysicsNode__v0_slot14	006f2a40	resolved
006f2a50	gameplay	PhysicsNode__v0_slot08	006f2a50	resolved
006f2a60	gameplay	PhysicsNode__v0_slot07	006f2a60	resolved
006f2aa0	gameplay	PhysicsNode__v0_slot03	006f2aa0	resolved
006f2ad0	gameplay	StaticPhysicsNode__v0_slot44	006f2ad0	resolved
006f2ae0	gameplay	StaticPhysicsNode__v0_slot50	006f2ae0	resolved
006f2b00	gameplay	StaticPhysicsNode__v0_slot00	006f2b00	resolved
006f2b30	gameplay	StaticPhysicsNode__v0_slot15	006f2b30	resolved
006f2b70	gameplay	StaticPhysicsNode__v0_slot32	006f2b70	resolved
006f2bf0	gameplay	PointResponsePhysics__v0_slot22	006f2bf0	resolved
006f2c00	gameplay	PointResponsePhysics__v0_slot23	006f2c00	resolved
006f2c90	gameplay	PointResponsePhysics__v0_slot24	006f2c90	resolved
006f2d90	gameplay	StaticResponsePhysics__v0_slot13	006f2d90	resolved
006f2db0	gameplay	StaticResponsePhysics__v0_slot14	006f2db0	resolved
006f2dd0	gameplay	PointResponsePhysics__v0_slot26	006f2dd0	resolved
006f2de0	gameplay	PointResponsePhysics__v0_slot00	006f2de0	resolved
006f2e10	gameplay	PointResponsePhysics__v0_slot31	006f2e10	resolved
006f2e50	gameplay	PointResponsePhysics__v0_slot08	006f2e50	resolved
006f2f10	gameplay	PointResponsePhysics__v0_slot10	006f2f10	resolved
006f33e0	gameplay	PointResponsePhysics__v0_slot25	006f33e0	resolved
006f3820	gameplay	PointPhysicsNode__v0_slot15	006f3820	resolved
006f3830	gameplay	PointPhysicsNode__v0_slot32	006f3830	resolved
006f3860	gameplay	PointPhysicsNode__v0_slot58	006f3860	resolved
006f38d0	gameplay	PhysicsNode__v0_slot19	006f38d0	resolved
006f38f0	gameplay	PhysicsNode__v0_slot20	006f38f0	resolved
006f3910	gameplay	PhysicsNode__v0_slot23	006f3910	resolved
006f3930	gameplay	PointPhysicsNode__v0_slot42	006f3930	resolved
006f3940	gameplay	PointPhysicsNode__v0_slot44	006f3940	resolved
006f3950	gameplay	PointPhysicsNode__v0_slot34	006f3950	resolved
006f3960	gameplay	PhysicsNode__v0_slot34	006f3960	resolved
006f3970	gameplay	PointPhysicsNode__v0_slot50	006f3970	resolved
006f3980	gameplay	PointPhysicsNode__v0_slot51	006f3980	resolved
006f3990	gameplay	PointPhysicsNode__v0_slot52	006f3990	resolved
006f39b0	gameplay	PointPhysicsNode__v0_slot56	006f39b0	resolved
006f39c0	gameplay	PointPhysicsNode__v0_slot57	006f39c0	resolved
006f39f0	gameplay	PointPhysicsNode__v0_slot00	006f39f0	resolved
006f3a20	gameplay	PointPhysicsNode__v0_slot55	006f3a20	resolved
006f3a40	gameplay	PhysicsNode__v0_slot21	006f3a40	resolved
006f3a70	gameplay	PointPhysicsNode__v0_slot27	006f3a70	resolved
006f3aa0	gameplay	PointPhysicsNode__v0_slot29	006f3aa0	resolved
006f3ad0	gameplay	StaticPhysicsNode__v0_slot48	006f3ad0	resolved
006f3e20	gameplay	PointPhysicsNode__v0_slot40	006f3e20	resolved
006f6e30	gameplay	ControlPoint__v0_slot02	006f6e30	resolved
006f9330	gameplay	SpawnPoint__v352_slot06	006f9330	resolved
006f9350	gameplay	SpawnPoint__v0_slot14	006f9350	resolved
006f94e0	gameplay	BFSpawnPoint__v0_slot00	006f94e0	resolved
006f9520	gameplay	SpawnPoint__v352_slot05	006f9520	resolved
006fa470	gameplay	PhysicsEngine__v0_slot40	006fa470	resolved
006fb020	gameplay	PhysicsFloatingBundle__v0_slot40	006fb020	resolved
006fb6f0	gameplay	PhysicsSpring__v0_slot40	006fb6f0	resolved
006fc1d0	gameplay	PhysicsWing__v0_slot40	006fc1d0	resolved
006fc870	gameplay	NetworkableInfo__v0_slot03	006fc870	resolved
006fc8a0	gameplay	BFSoldierTemplate__v0_slot20	006fc8a0	resolved
006fc8c0	gameplay	NetworkableInfo__v0_slot10	006fc8c0	resolved
006fc8f0	gameplay	PlayerControlObject__v352_slot06	006fc8f0	resolved
006fc900	gameplay	NetworkableInfo__v0_slot18	006fc900	resolved
006fc910	gameplay	NetworkableInfo__v0_slot19	006fc910	resolved
006fc920	gameplay	NetworkableInfo__v0_slot20	006fc920	resolved
006fc930	gameplay	NetworkableInfo__v0_slot21	006fc930	resolved
006fc940	gameplay	NetworkableInfo__v0_slot22	006fc940	resolved
006fc950	gameplay	NetworkableInfo__v0_slot23	006fc950	resolved
006fc960	gameplay	NetworkableInfo__v0_slot13	006fc960	resolved
006fc970	gameplay	NetworkableInfo__v0_slot15	006fc970	resolved
006fc980	gameplay	NetworkableInfo__v0_slot00	006fc980	resolved
006fe310	gameplay	PhysicsEngine__v0_slot02	006fe310	resolved
006fe330	gameplay	PhysicsNode__v0_slot00	006fe330	resolved
006ff3b0	gameplay	PhysicsWinch__v0_slot40	006ff3b0	resolved
00700db0	gameplay	BFSoldierTemplate__v0_slot06	00700db0	resolved
00707dd0	gameplay	PlayerControlObject__v352_slot14	00707dd0	resolved
0071ff20	gameplay	PhysicsNode__v0_slot35	0071ff20	resolved
007215b0	gameplay	BFSoldier__v0_slot24	007215b0	resolved
00736e90	gameplay	PhysicsNode__v0_slot44	00736e90	resolved
0073eaf0	gameplay	PhysicsNode__v0_slot26	0073eaf0	resolved
0074dd40	gameplay	PhysicsNode__v0_slot42	0074dd40	resolved
00750410	gameplay	PhysicsNode__v0_slot45	00750410	resolved
00750430	gameplay	PhysicsNode__v0_slot46	00750430	resolved
00750440	gameplay	PhysicsNode__v0_slot47	00750440	resolved
00750460	gameplay	PhysicsNode__v0_slot48	00750460	resolved
00753220	gameplay	PlayerControlObjectTemplate__v472_slot66	00753220	resolved
007532a0	gameplay	BFSoldier__v0_slot25	007532a0	resolved
00770030	gameplay	PointResponsePhysics__v0_slot12	00770030	resolved
00775d50	gameplay	PlayerControlObjectTemplate__v472_slot68	00775d50	resolved
00777860	gameplay	NetworkableInfo__v0_slot14	00777860	resolved
00873dc0	gameplay	BfControlPointGauge__v0_slot21	00873dc0	resolved
00873df0	gameplay	BfControlPointGauge__v0_slot22	00873df0	resolved
00873e40	gameplay	BfControlPointGauge__v0_slot23	00873e40	resolved
00873ea0	gameplay	BfControlPointGauge__v0_slot24	00873ea0	resolved
00873ed0	gameplay	BfControlPointGauge__v0_slot25	00873ed0	resolved
00873f30	gameplay	BfControlPointGauge__v0_slot18	00873f30	resolved
00873f40	gameplay	BfControlPointGauge__v0_slot20	00873f40	resolved
00873f90	gameplay	BfControlPointGauge__v0_slot29	00873f90	resolved
008742a0	gameplay	BfControlPointGauge__v0_slot31	008742a0	resolved
00874360	gameplay	BfControlPointGauge__v0_slot19	00874360	resolved
00874890	gameplay	BfControlPointGauge__v0_slot06	00874890	resolved
00874b30	gameplay	BfControlPointGauge__v0_slot12	00874b30	resolved
0087e760	gameplay	BfControlPointGauge__v0_slot00	0087e760	resolved
008ae380	gameplay	NetworkManager__v0_slot05	008ae380	resolved
008ae390	gameplay	NetworkManager__v0_slot07	008ae390	resolved
008ae3d0	gameplay	NetworkManager__v0_slot03	008ae3d0	resolved
008ae410	gameplay	PointPhysicsNode__v0_slot59	008ae410	resolved
008aea70	gameplay	NetworkManager__v0_slot01	008aea70	resolved
008aeb20	gameplay	NetworkManager__v0_slot09	008aeb20	resolved
008aeb50	gameplay	NetworkManager__v0_slot11	008aeb50	resolved
008aede0	gameplay	NetworkManager__v0_slot02	008aede0	resolved
008aee30	gameplay	NetworkManager__v0_slot10	008aee30	resolved
008af700	gameplay	NetworkManager__v0_slot04	008af700	resolved
008af750	gameplay	NetworkManager__v0_slot29	008af750	resolved
008b0970	gameplay	NetworkManager__v0_slot06	008b0970	resolved
008b0e50	gameplay	NetworkManager__v0_slot08	008b0e50	resolved
008b1c60	gameplay	NetworkManager__v0_slot28	008b1c60	resolved
008b2740	gameplay	NetworkManager__v0_slot13	008b2740	resolved
008b2770	gameplay	NetworkManager__v0_slot14	008b2770	resolved
008b27a0	gameplay	NetworkManager__v0_slot17	008b27a0	resolved
008b27c0	gameplay	NetworkManager__v0_slot18	008b27c0	resolved
008b2800	gameplay	NetworkManager__v0_slot20	008b2800	resolved
008b2830	gameplay	NetworkManager__v0_slot22	008b2830	resolved
008b2880	gameplay	NetworkManager__v0_slot12	008b2880	resolved
008b29f0	gameplay	NetworkManager__v0_slot15	008b29f0	resolved
008b2a90	gameplay	NetworkManager__v0_slot19	008b2a90	resolved
008b2c40	gameplay	NetworkManager__v0_slot21	008b2c40	resolved
008b2d00	gameplay	NetworkManager__v0_slot16	008b2d00	resolved
008b2ea0	gameplay	NetworkManager__v0_slot00	008b2ea0	resolved
008b37d0	gameplay	PhysicsNodeManager__v0_slot00	008b37d0	resolved
008b4080	gameplay	NetworkModule__v0_slot06	008b4080	resolved
008c0230	gameplay	PlayerControlObjectTemplate__v472_slot08	008c0230	resolved
008d83c0	gameplay	BfControlPointGauge__v0_slot37	008d83c0	resolved
0094a490	gameplay	BFSpawnPointTemplate__v0_slot03	0094a490	resolved
00970ab0	gameplay	StaticResponsePhysics__v0_slot15	00970ab0	resolved
009b0040	gameplay	PhysicsNode__v0_slot53	009b0040	resolved
009b36f0	gameplay	EntryMoveToObjectMediumSoldier__v0_slot01	009b36f0	resolved
009b48b0	gameplay	EntryMoveToMediumSoldier__v0_slot01	009b48b0	resolved
009b5b50	gameplay	EntryMoveToLightSoldier__v0_slot01	009b5b50	resolved
009b63c0	gameplay	EntrySoldierPose__v0_slot01	009b63c0	resolved
009cc260	gameplay	IPlayerControlObjectConstraint__v0_slot00	009cc260	resolved
00a5cb40	gameplay	NetworkManager__v0_slot23	00a5cb40	resolved
00a5e2b0	gameplay	BFSpawnPoint__v352_slot04	00a5e2b0	resolved
00a64cc0	gameplay	PlayerControlObject__v352_slot04	00a64cc0	resolved
00a64d40	gameplay	PlayerControlObject__v352_slot05	00a64d40	resolved
00a67020	gameplay	BfControlPointGauge__v0_slot32	00a67020	resolved
00a69ad0	gameplay	GameEventManager__v0_slot01	00a69ad0	resolved
00a7d0b0	gameplay	BasicPhysicsSystem__v0_slot09	00a7d0b0	resolved
00a7ea60	gameplay	PlayerControlObjectTemplate__v472_slot38	00a7ea60	resolved
00a7eaa0	gameplay	PlayerControlObjectTemplate__v472_slot36	00a7eaa0	resolved
00a7ed80	gameplay	PlayerControlObjectNetworkable__v0_slot08	00a7ed80	resolved
00a7ed90	gameplay	ControlPoint__v0_slot39	00a7ed90	resolved
00a8ab20	gameplay	NetworkableInfo__v0_slot17	00a8ab20	resolved
00a8ab50	gameplay	PointPhysicsNode__v0_slot43	00a8ab50	resolved
00abfff0	gameplay	BfControlPointGauge__v0_slot03	00abfff0	resolved
00ac3820	gameplay	BfControlPointGauge__v0_slot27	00ac3820	resolved
