address	name	bytes	calling_convention
00401000	FUN_00401000	39	unknown
00401030	FUN_00401030	58	unknown
00401070	FUN_00401070	7	unknown
00401080	FUN_00401080	72	unknown
004010d0	FUN_004010d0	49	unknown
00401110	FUN_00401110	48	unknown
00401140	FUN_00401140	23	unknown
00401160	FUN_00401160	16	unknown
00401170	FUN_00401170	42	unknown
004011a0	FUN_004011a0	122	unknown
00401220	FUN_00401220	114	unknown
004012a0	FUN_004012a0	14	unknown
004012b0	FUN_004012b0	35	unknown
004012e0	FUN_004012e0	64	unknown
00401320	FUN_00401320	40	unknown
00401350	FUN_00401350	62	unknown
00401390	FUN_00401390	81	unknown
004013f0	FUN_004013f0	79	unknown
00401450	FUN_00401450	84	unknown
004014b0	FUN_004014b0	117	unknown
00401530	FUN_00401530	113	unknown
004015a1	Catch@004015a1	39	unknown
004015d1	FUN_004015d1	109	unknown
00401647	Catch@00401647	45	unknown
00401680	FUN_00401680	49	unknown
004016c0	FUN_004016c0	56	unknown
00401700	FUN_00401700	198	unknown
004017d0	FUN_004017d0	233	unknown
004018c0	FUN_004018c0	202	unknown
00401990	FUN_00401990	331	unknown
00401ade	Catch@00401ade	40	unknown
00401b09	FUN_00401b09	172	unknown
00401bc0	FUN_00401bc0	211	unknown
00401ca0	FUN_00401ca0	217	unknown
00401d79	Catch@00401d79	40	unknown
00401da7	FUN_00401da7	114	unknown
00401e20	FUN_00401e20	227	unknown
00401f10	FUN_00401f10	271	unknown
00402020	FUN_00402020	234	unknown
00402110	FUN_00402110	502	unknown
00402310	FUN_00402310	84	unknown
00402370	FUN_00402370	224	unknown
00402450	FUN_00402450	106	unknown
004024c0	FUN_004024c0	39	unknown
004024f0	FUN_004024f0	12	unknown
00402520	FUN_00402520	217	unknown
004025f9	Catch@004025f9	17	unknown
00402610	FUN_00402610	54	unknown
00402650	FUN_00402650	57	unknown
00402690	FUN_00402690	34	unknown
004026c0	FUN_004026c0	114	unknown
00402740	FUN_00402740	132	unknown
004027d0	FUN_004027d0	706	unknown
00402aa0	FUN_00402aa0	183	unknown
00402b60	FUN_00402b60	114	unknown
00402be0	FUN_00402be0	122	unknown
00402c60	FUN_00402c60	122	unknown
00402ce0	FUN_00402ce0	360	unknown
00402e50	FUN_00402e50	96	unknown
00402eb0	FUN_00402eb0	1376	unknown
00403430	FUN_00403430	207	unknown
00403500	FUN_00403500	277	unknown
00403620	FUN_00403620	424	unknown
004037d0	FUN_004037d0	95	unknown
00403830	FUN_00403830	57	unknown
00403870	FUN_00403870	57	unknown
004038b0	FUN_004038b0	57	unknown
004038f0	FUN_004038f0	421	unknown
00403aa0	FUN_00403aa0	14	unknown
00403ab0	FUN_00403ab0	65	unknown
00403b00	FUN_00403b00	37	unknown
00403b30	FUN_00403b30	46	unknown
00403b60	FUN_00403b60	51	unknown
00403ba0	FUN_00403ba0	33	unknown
00403bd0	FUN_00403bd0	17	unknown
00403bf0	FUN_00403bf0	17	unknown
00403c10	FUN_00403c10	44	unknown
00403c40	FUN_00403c40	47	unknown
00403d00	FUN_00403d00	122	unknown
00403d80	FUN_00403d80	106	unknown
00403df0	FUN_00403df0	83	unknown
00403e50	FUN_00403e50	10	unknown
00403e60	FUN_00403e60	8	unknown
00403f10	FUN_00403f10	74	unknown
00403f60	FUN_00403f60	31	unknown
00403f80	FUN_00403f80	29	unknown
00403fa0	FUN_00403fa0	25	unknown
00403fc0	FUN_00403fc0	89	unknown
00404020	FUN_00404020	87	unknown
00404080	FUN_00404080	11	unknown
00404090	FUN_00404090	5	unknown
004040a0	FUN_004040a0	17	unknown
004040c0	FUN_004040c0	7	unknown
004040d0	FUN_004040d0	7	unknown
004040e0	FUN_004040e0	85	unknown
00404140	FUN_00404140	111	unknown
004041af	Catch@004041af	9	unknown
004041d0	FUN_004041d0	105	unknown
00404239	Catch@00404239	9	unknown
00404250	FUN_00404250	28	unknown
00404270	FUN_00404270	16	unknown
00404290	FUN_00404290	13	unknown
004042a0	FUN_004042a0	13	unknown
00404300	FUN_00404300	17	unknown
00404320	FUN_00404320	33	unknown
00404350	FUN_00404350	70	unknown
004043a0	FUN_004043a0	59	unknown
004043e0	FUN_004043e0	110	unknown
0040444e	Catch@0040444e	39	unknown
00404480	FUN_00404480	1069	unknown
004048b0	FUN_004048b0	51	unknown
004048f0	FUN_004048f0	56	unknown
00404930	FUN_00404930	107	unknown
0040499b	Catch@0040499b	37	unknown
004049d0	FUN_004049d0	60	unknown
00404a10	FUN_00404a10	27	unknown
00404a30	FUN_00404a30	256	unknown
00404b40	FUN_00404b40	28	unknown
00404b60	FUN_00404b60	105	unknown
00404bd0	FUN_00404bd0	33	unknown
00404c00	FUN_00404c00	54	unknown
00404c40	FUN_00404c40	5	unknown
00404c50	FUN_00404c50	92	unknown
00404cb0	FUN_00404cb0	40	unknown
00404ce0	std::basic_streambuf<char,std::char_traits<char>_>::uflow	29	__thiscall
00404d00	std::basic_streambuf<char,std::char_traits<char>_>::_Gninc	16	__thiscall
00404d10	FUN_00404d10	158	unknown
00404db0	FUN_00404db0	162	unknown
00404e60	FUN_00404e60	42	unknown
00404e90	FUN_00404e90	42	unknown
00404ec0	FUN_00404ec0	81	unknown
00404f20	FUN_00404f20	97	unknown
00404f90	FUN_00404f90	368	unknown
00405100	FUN_00405100	231	unknown
004051f0	FUN_004051f0	30	unknown
00405220	FUN_00405220	27	unknown
00405240	FUN_00405240	58	unknown
00405280	FUN_00405280	40	unknown
004052b0	FUN_004052b0	480	unknown
004054a0	FUN_004054a0	48	unknown
004054e0	FUN_004054e0	278	unknown
004055f6	Catch@004055f6	40	unknown
00405621	FUN_00405621	109	unknown
004056a0	FUN_004056a0	24	unknown
004056c0	FUN_004056c0	36	unknown
004056f0	FUN_004056f0	308	unknown
00405824	Catch@00405824	40	unknown
0040584f	FUN_0040584f	88	unknown
004058b0	FUN_004058b0	33	unknown
004058e0	FUN_004058e0	224	unknown
004059c0	FUN_004059c0	61	unknown
00405a00	FUN_00405a00	132	unknown
00405a90	FUN_00405a90	32	unknown
00405ac0	FUN_00405ac0	21	unknown
00405ae0	FUN_00405ae0	46	unknown
00405b10	FUN_00405b10	21	unknown
00405b30	FUN_00405b30	46	unknown
00405b60	FUN_00405b60	7	unknown
00405b70	FUN_00405b70	37	unknown
00405ba0	FUN_00405ba0	7	unknown
00405bb0	FUN_00405bb0	37	unknown
00405be0	FUN_00405be0	39	unknown
00405c10	FUN_00405c10	54	unknown
00405c50	FUN_00405c50	47	unknown
00405c80	FUN_00405c80	224	unknown
00405d60	FUN_00405d60	109	unknown
00405dd0	FUN_00405dd0	104	unknown
00405e40	FUN_00405e40	94	unknown
00405ea0	FUN_00405ea0	68	unknown
00405ef0	FUN_00405ef0	88	unknown
00405f50	FUN_00405f50	152	unknown
00405ff0	FUN_00405ff0	87	unknown
00406050	FUN_00406050	123	unknown
004060d0	FUN_004060d0	573	unknown
00406320	FUN_00406320	66	unknown
00406370	FUN_00406370	75	unknown
004063c0	FUN_004063c0	41	unknown
004063f0	FUN_004063f0	181	unknown
004064b0	FUN_004064b0	421	unknown
00406660	FUN_00406660	80	unknown
004066b0	FUN_004066b0	934	unknown
00406a60	FUN_00406a60	289	unknown
00406b90	FUN_00406b90	285	unknown
00406cb0	FUN_00406cb0	257	unknown
00406dc0	FUN_00406dc0	257	unknown
00406ed0	FUN_00406ed0	264	unknown
00406fe0	FUN_00406fe0	264	unknown
004070f0	FUN_004070f0	260	unknown
00407200	FUN_00407200	1665	unknown
00407890	FUN_00407890	260	unknown
004079a0	FUN_004079a0	260	unknown
00407ab0	FUN_00407ab0	271	unknown
00407bc0	FUN_00407bc0	256	unknown
00407cd0	FUN_00407cd0	28	unknown
00407cf0	FUN_00407cf0	153	unknown
00407d90	FUN_00407d90	363	unknown
00407f10	FUN_00407f10	322	unknown
00408060	FUN_00408060	342	unknown
004081b6	Catch@004081b6	40	unknown
004081e1	FUN_004081e1	94	unknown
00408240	FUN_00408240	117	unknown
004082c0	FUN_004082c0	363	unknown
00408440	FUN_00408440	322	unknown
00408590	FUN_00408590	117	unknown
00408610	FUN_00408610	257	unknown
00408720	FUN_00408720	61	unknown
00408760	FUN_00408760	153	unknown
00408800	FUN_00408800	275	unknown
00408913	Catch@00408913	40	unknown
0040893e	FUN_0040893e	73	unknown
00408990	FUN_00408990	54	unknown
004089d0	FUN_004089d0	30	unknown
00408a00	FUN_00408a00	27	unknown
00408a20	FUN_00408a20	48	unknown
00408a60	FUN_00408a60	259	unknown
00408b63	Catch@00408b63	40	unknown
00408b8e	FUN_00408b8e	73	unknown
00408be0	FUN_00408be0	99	unknown
00408c50	FUN_00408c50	106	unknown
00408cc0	FUN_00408cc0	221	unknown
00408da0	FUN_00408da0	41	unknown
00408dd0	FUN_00408dd0	127	unknown
00408e50	FUN_00408e50	14	unknown
00408e60	FUN_00408e60	28	unknown
00408e80	FUN_00408e80	148	unknown
00408f20	FUN_00408f20	78	unknown
00408f80	FUN_00408f80	2020	unknown
00409770	FUN_00409770	408	unknown
00409908	Catch@00409908	40	unknown
00409933	FUN_00409933	114	unknown
004099b0	FUN_004099b0	277	unknown
00409ad0	FUN_00409ad0	153	unknown
00409b70	FUN_00409b70	277	unknown
00409c90	FUN_00409c90	153	unknown
00409d30	FUN_00409d30	126	unknown
00409db0	FUN_00409db0	149	unknown
00409e50	FUN_00409e50	83	unknown
00409eb0	FUN_00409eb0	279	unknown
00409fd0	BFSoldier__v348_slot25	3	unknown
00409fe0	FUN_00409fe0	153	unknown
0040a080	FUN_0040a080	87	unknown
0040a0e0	FUN_0040a0e0	364	unknown
0040a260	PhysicsModule__v0_slot07	3	unknown
0040a270	FUN_0040a270	33	unknown
0040a2a0	FUN_0040a2a0	250	unknown
0040a3a0	FUN_0040a3a0	257	unknown
0040a4b0	FUN_0040a4b0	28	unknown
0040a4d0	FUN_0040a4d0	153	unknown
0040a570	FUN_0040a570	275	unknown
0040a683	Catch@0040a683	40	unknown
0040a6ae	FUN_0040a6ae	73	unknown
0040a700	FUN_0040a700	257	unknown
0040a810	FUN_0040a810	28	unknown
0040a830	FUN_0040a830	153	unknown
0040a8d0	FUN_0040a8d0	257	unknown
0040a9e0	FUN_0040a9e0	54	unknown
0040aa20	FUN_0040aa20	153	unknown
0040aac0	FUN_0040aac0	257	unknown
0040abd0	FUN_0040abd0	54	unknown
0040ac10	FUN_0040ac10	153	unknown
0040acb0	FUN_0040acb0	149	unknown
0040ad50	FUN_0040ad50	78	unknown
0040adb0	FUN_0040adb0	257	unknown
0040aec0	FUN_0040aec0	76	unknown
0040af10	FUN_0040af10	153	unknown
0040afb0	FUN_0040afb0	494	unknown
0040b1b0	FUN_0040b1b0	351	unknown
0040b310	FUN_0040b310	275	unknown
0040b423	Catch@0040b423	40	unknown
0040b44e	FUN_0040b44e	73	unknown
0040b4a0	FUN_0040b4a0	81	unknown
0040b500	FUN_0040b500	355	unknown
0040b680	FUN_0040b680	472	unknown
0040b870	FUN_0040b870	212	unknown
0040b950	FUN_0040b950	573	unknown
0040bb90	FUN_0040bb90	9	unknown
0040bba0	FUN_0040bba0	582	unknown
0040be00	FUN_0040be00	781	unknown
0040c110	FUN_0040c110	423	unknown
0040c2d0	FUN_0040c2d0	256	unknown
0040c3e0	FUN_0040c3e0	98	unknown
0040c450	FUN_0040c450	220	unknown
0040c530	FUN_0040c530	127	unknown
0040c5b0	FUN_0040c5b0	28	unknown
0040c5d0	FUN_0040c5d0	257	unknown
0040c6e0	FUN_0040c6e0	79	unknown
0040c730	FUN_0040c730	220	unknown
0040c810	FUN_0040c810	127	unknown
0040c890	FUN_0040c890	28	unknown
0040c8b0	FUN_0040c8b0	127	unknown
0040c930	FUN_0040c930	28	unknown
0040c950	FUN_0040c950	257	unknown
0040ca60	FUN_0040ca60	33	unknown
0040ca90	FUN_0040ca90	220	unknown
0040cb70	FUN_0040cb70	257	unknown
0040cc80	FUN_0040cc80	33	unknown
0040ccb0	FUN_0040ccb0	220	unknown
0040cd90	FUN_0040cd90	257	unknown
0040cea0	FUN_0040cea0	33	unknown
0040ced0	FUN_0040ced0	220	unknown
0040cfb0	FUN_0040cfb0	257	unknown
0040d0c0	FUN_0040d0c0	33	unknown
0040d0f0	FUN_0040d0f0	220	unknown
0040d1d0	FUN_0040d1d0	476	unknown
0040d3c0	FUN_0040d3c0	274	unknown
0040d4e0	FUN_0040d4e0	569	unknown
0040d720	FUN_0040d720	101	unknown
0040d790	FUN_0040d790	118	unknown
0040d806	Catch@0040d806	40	unknown
0040d834	FUN_0040d834	68	unknown
0040d880	FUN_0040d880	257	unknown
0040d990	FUN_0040d990	33	unknown
0040d9c0	FUN_0040d9c0	220	unknown
0040daa0	FUN_0040daa0	257	unknown
0040dbb0	FUN_0040dbb0	283	unknown
0040dcd0	FUN_0040dcd0	115	unknown
0040dd50	FUN_0040dd50	257	unknown
0040de60	FUN_0040de60	283	unknown
0040df80	FUN_0040df80	115	unknown
0040e000	FUN_0040e000	257	unknown
0040e110	FUN_0040e110	283	unknown
0040e230	FUN_0040e230	115	unknown
0040e2b0	FUN_0040e2b0	257	unknown
0040e3c0	FUN_0040e3c0	283	unknown
0040e4e0	FUN_0040e4e0	115	unknown
0040e560	FUN_0040e560	149	unknown
0040e600	FUN_0040e600	85	unknown
0040e660	FUN_0040e660	278	unknown
0040e780	FUN_0040e780	220	unknown
0040e860	FUN_0040e860	161	unknown
0040e910	FUN_0040e910	257	unknown
0040ea20	FUN_0040ea20	14	unknown
0040ea30	FUN_0040ea30	67	unknown
0040ea80	FUN_0040ea80	220	unknown
0040eb60	FUN_0040eb60	257	unknown
0040ec70	FUN_0040ec70	69	unknown
0040ecc0	FUN_0040ecc0	220	unknown
0040eda0	FUN_0040eda0	385	unknown
0040ef30	FUN_0040ef30	388	unknown
0040f0c0	FUN_0040f0c0	242	unknown
0040f1d0	FUN_0040f1d0	127	unknown
0040f250	FUN_0040f250	27	unknown
0040f270	FUN_0040f270	127	unknown
0040f2f0	FUN_0040f2f0	27	unknown
0040f310	FUN_0040f310	257	unknown
0040f420	FUN_0040f420	283	unknown
0040f540	FUN_0040f540	128	unknown
0040f5d0	FUN_0040f5d0	62	unknown
0040f610	FUN_0040f610	307	unknown
0040f743	Catch@0040f743	40	unknown
0040f76e	FUN_0040f76e	114	unknown
0040f7e0	FUN_0040f7e0	257	unknown
0040f8f0	FUN_0040f8f0	32	unknown
0040f910	FUN_0040f910	220	unknown
0040f9f0	FUN_0040f9f0	41	unknown
0040fa20	FUN_0040fa20	685	unknown
0040fd40	FUN_0040fd40	22	unknown
0040fd60	FUN_0040fd60	75	unknown
0040fdc0	FUN_0040fdc0	716	unknown
0040ff9a	Catch@0040ff9a	22	unknown
00410048	Catch@00410048	38	unknown
004100e0	FUN_004100e0	143	unknown
00410180	FUN_00410180	1427	unknown
00410740	FUN_00410740	46	unknown
00410770	FUN_00410770	55	unknown
004107b0	FUN_004107b0	48	unknown
004107f0	FUN_004107f0	153	unknown
00410890	FUN_00410890	48	unknown
004108d0	FUN_004108d0	22	unknown
004108f0	FUN_004108f0	14	unknown
00410900	FUN_00410900	41	unknown
00410930	FUN_00410930	138	unknown
004109ba	Catch@004109ba	9	unknown
004109d0	FUN_004109d0	86	unknown
00410a30	FUN_00410a30	106	unknown
00410aa0	FUN_00410aa0	110	unknown
00410b20	FUN_00410b20	122	unknown
00410ba0	FUN_00410ba0	20	unknown
00410bc0	FUN_00410bc0	98	unknown
00410c30	FUN_00410c30	428	unknown
00410de0	FUN_00410de0	127	unknown
00410e5f	Catch@00410e5f	9	unknown
00410e80	FUN_00410e80	32	unknown
00410eb0	FUN_00410eb0	95	unknown
00410f10	FUN_00410f10	43	unknown
00410f40	FUN_00410f40	43	unknown
00410f80	FUN_00410f80	693	unknown
00411260	FUN_00411260	146	unknown
00411300	FUN_00411300	2074	unknown
00411b40	FUN_00411b40	35	unknown
00411b70	FUN_00411b70	89	unknown
00411bd0	FUN_00411bd0	63	unknown
00411c10	FUN_00411c10	22	unknown
00411c30	FUN_00411c30	74	unknown
00411c80	FUN_00411c80	14	unknown
00411c90	FUN_00411c90	41	unknown
00411cc0	FUN_00411cc0	138	unknown
00411d4a	Catch@00411d4a	9	unknown
00411d60	FUN_00411d60	14	unknown
00411d70	FUN_00411d70	41	unknown
00411da0	FUN_00411da0	138	unknown
00411e2a	Catch@00411e2a	9	unknown
00411e40	FUN_00411e40	32	unknown
00411e70	FUN_00411e70	95	unknown
00411ed0	FUN_00411ed0	43	unknown
00411f00	FUN_00411f00	43	unknown
00411f40	FUN_00411f40	693	unknown
00412220	FUN_00412220	98	unknown
00412290	FUN_00412290	428	unknown
00412440	FUN_00412440	85	unknown
004124a0	FUN_004124a0	89	unknown
00412500	FUN_00412500	126	unknown
0041257e	Catch@0041257e	9	unknown
004125a0	FUN_004125a0	46	unknown
004125d0	FUN_004125d0	131	unknown
00412660	FUN_00412660	159	unknown
004126ff	Catch@004126ff	21	unknown
00412720	FUN_00412720	126	unknown
0041279e	Catch@0041279e	9	unknown
004127c0	FUN_004127c0	32	unknown
004127f0	FUN_004127f0	95	unknown
00412850	FUN_00412850	43	unknown
00412880	FUN_00412880	43	unknown
004128c0	FUN_004128c0	693	unknown
00412ba0	FUN_00412ba0	135	unknown
00412c30	FUN_00412c30	430	unknown
00412de0	FUN_00412de0	27	unknown
00412e00	FUN_00412e00	428	unknown
00412fb0	FUN_00412fb0	178	unknown
00413070	FUN_00413070	44	unknown
004130a0	FUN_004130a0	105	unknown
00413110	FUN_00413110	183	unknown
004131d0	FUN_004131d0	130	unknown
00413260	FUN_00413260	424	unknown
00413420	FUN_00413420	88	unknown
004134e0	FUN_004134e0	42	unknown
00413520	__break	1	unknown
00413530	FUN_00413530	57	unknown
00413570	FUN_00413570	42	unknown
004135a0	FUN_004135a0	84	unknown
00413600	FUN_00413600	26	unknown
00413620	FUN_00413620	27	unknown
00413640	FUN_00413640	55	unknown
00413680	FUN_00413680	327	unknown
004137d0	FUN_004137d0	568	unknown
00413a20	FUN_00413a20	530	unknown
00413b80	Catch@00413b80	9	unknown
00413c50	FUN_00413c50	77	unknown
00413ca0	FUN_00413ca0	98	unknown
00413d10	FUN_00413d10	96	unknown
00413d70	FUN_00413d70	105	unknown
00413de0	FUN_00413de0	37	unknown
00413e10	FUN_00413e10	73	unknown
00413e70	FUN_00413e70	33	unknown
00413ea0	FUN_00413ea0	225	unknown
00414030	FUN_00414030	83	unknown
00414090	FUN_00414090	100	unknown
00414100	FUN_00414100	27	unknown
00414120	FUN_00414120	76	unknown
00414170	FUN_00414170	114	unknown
004141f0	FUN_004141f0	13	unknown
00414200	FUN_00414200	7	unknown
00414210	FUN_00414210	28	unknown
00414230	FUN_00414230	28	unknown
00414250	FUN_00414250	28	unknown
00414270	FUN_00414270	28	unknown
00414290	FUN_00414290	3	unknown
004142a0	FUN_004142a0	23	unknown
004142c0	FUN_004142c0	23	unknown
004142e0	FUN_004142e0	105	unknown
00414350	FUN_00414350	37	unknown
00414380	FUN_00414380	32	unknown
004143a0	FUN_004143a0	47	unknown
004143d0	FUN_004143d0	93	unknown
00414430	FUN_00414430	67	unknown
00414480	FUN_00414480	70	unknown
004144d0	FUN_004144d0	54	unknown
00414510	FUN_00414510	85	unknown
00414570	FUN_00414570	93	unknown
004145d0	FUN_004145d0	25	unknown
004145f0	FUN_004145f0	116	unknown
00414670	FUN_00414670	47	unknown
004146a0	FUN_004146a0	47	unknown
004146d0	FUN_004146d0	47	unknown
00414700	FUN_00414700	47	unknown
00414730	FUN_00414730	117	unknown
004147a5	Catch@004147a5	9	unknown
004147c0	FUN_004147c0	141	unknown
0041484d	Catch@0041484d	9	unknown
00414870	FUN_00414870	138	unknown
004148fa	Catch@004148fa	9	unknown
00414910	FUN_00414910	117	unknown
00414985	Catch@00414985	9	unknown
004149a0	FUN_004149a0	138	unknown
00414a2a	Catch@00414a2a	9	unknown
00414a40	FUN_00414a40	138	unknown
00414aca	Catch@00414aca	9	unknown
00414ae0	FUN_00414ae0	43	unknown
00414b20	FUN_00414b20	43	unknown
00414b60	FUN_00414b60	25	unknown
00414b80	FUN_00414b80	35	unknown
00414bb0	FUN_00414bb0	104	unknown
00414c20	FUN_00414c20	95	unknown
00414c80	FUN_00414c80	100	unknown
00414cf0	FUN_00414cf0	43	unknown
00414d20	FUN_00414d20	50	unknown
00414d60	FUN_00414d60	48	unknown
00414d90	FUN_00414d90	224	unknown
00414e70	Catch@00414e70	40	unknown
00414e9e	FUN_00414e9e	114	unknown
00414f10	FUN_00414f10	224	unknown
00414ff0	Catch@00414ff0	40	unknown
0041501e	FUN_0041501e	114	unknown
00415090	FUN_00415090	119	unknown
00415107	Catch@00415107	40	unknown
00415135	FUN_00415135	114	unknown
004151b0	FUN_004151b0	145	unknown
00415246	FUN_00415246	1	unknown
00415250	FUN_00415250	106	unknown
004152c0	FUN_004152c0	428	unknown
00415470	FUN_00415470	428	unknown
00415620	FUN_00415620	654	unknown
004158d0	FUN_004158d0	61	unknown
00415910	FUN_00415910	288	unknown
00415a30	FUN_00415a30	268	unknown
00415b50	FUN_00415b50	131	unknown
00415be0	FUN_00415be0	185	unknown
00415ca0	FUN_00415ca0	530	unknown
00415e00	Catch@00415e00	9	unknown
00415ed0	FUN_00415ed0	212	unknown
00415fb0	FUN_00415fb0	183	unknown
00416070	FUN_00416070	183	unknown
00416130	FUN_00416130	120	unknown
004161a8	Catch@004161a8	9	unknown
004161c0	FUN_004161c0	117	unknown
00416235	Catch@00416235	9	unknown
00416250	FUN_00416250	75	unknown
004162b0	FUN_004162b0	426	unknown
00416460	FUN_00416460	428	unknown
00416610	FUN_00416610	428	unknown
004167c0	FUN_004167c0	263	unknown
004168d0	FUN_004168d0	80	unknown
00416980	FUN_00416980	91	unknown
004169e0	FUN_004169e0	185	unknown
00416aa0	FUN_00416aa0	177	unknown
00416b60	FUN_00416b60	183	unknown
00416c20	FUN_00416c20	375	unknown
00416da0	FUN_00416da0	723	unknown
00417080	FUN_00417080	148	unknown
00417120	FUN_00417120	89	unknown
00417180	FUN_00417180	139	unknown
00417210	FUN_00417210	45	unknown
00417240	FUN_00417240	90	unknown
004172a0	FUN_004172a0	361	unknown
00417410	FUN_00417410	415	unknown
004175b0	FUN_004175b0	1624	unknown
00417c50	FUN_00417c50	5020	unknown
00419170	FUN_00419170	213	unknown
00419250	FUN_00419250	186	unknown
00419310	FUN_00419310	373	unknown
00419490	FUN_00419490	365	unknown
00419600	FUN_00419600	849	unknown
004199c0	FUN_004199c0	186	unknown
00419a80	FUN_00419a80	414	unknown
00419c40	FUN_00419c40	1070	unknown
0041a070	FUN_0041a070	4	unknown
0041a080	FUN_0041a080	29	unknown
0041a0a0	FUN_0041a0a0	51	unknown
0041a0e0	FUN_0041a0e0	159	unknown
0041a180	FUN_0041a180	63	unknown
0041a1c0	FUN_0041a1c0	138	unknown
0041a24a	Catch@0041a24a	9	unknown
0041a260	FUN_0041a260	44	unknown
0041a290	FUN_0041a290	140	unknown
0041a320	FUN_0041a320	85	unknown
0041a380	FUN_0041a380	77	unknown
0041a3d0	FUN_0041a3d0	105	unknown
0041a440	FUN_0041a440	176	unknown
0041a4f0	FUN_0041a4f0	143	unknown
0041a590	FUN_0041a590	587	unknown
0041a7f0	thunk_FUN_0041a3d0	5	unknown
0041a800	FUN_0041a800	117	unknown
0041a875	Catch@0041a875	9	unknown
0041a890	FUN_0041a890	428	unknown
0041aa40	FUN_0041aa40	75	unknown
0041aaa0	FUN_0041aaa0	151	unknown
0041ac00	FUN_0041ac00	568	unknown
0041ae50	FUN_0041ae50	24	unknown
0041aec0	FUN_0041aec0	92	unknown
0041af20	FUN_0041af20	8	unknown
0041af30	FUN_0041af30	70	unknown
0041af80	FUN_0041af80	478	unknown
0041b0a8	Catch@0041b0a8	40	unknown
0041b190	FUN_0041b190	260	unknown
0041b2b0	FUN_0041b2b0	61	unknown
0041b2f0	FUN_0041b2f0	96	unknown
0041b350	FUN_0041b350	22	unknown
0041b370	FUN_0041b370	22	unknown
0041b390	FUN_0041b390	100	unknown
0041b400	FUN_0041b400	33	unknown
0041b430	FUN_0041b430	33	unknown
0041b460	FUN_0041b460	593	unknown
0041b6d0	FUN_0041b6d0	528	unknown
0041b900	FUN_0041b900	25	unknown
0041b920	FUN_0041b920	126	unknown
0041b9a0	FUN_0041b9a0	62	unknown
0041b9e0	FUN_0041b9e0	25	unknown
0041ba00	FUN_0041ba00	112	unknown
0041ba70	FUN_0041ba70	6	unknown
0041ba80	FUN_0041ba80	7	unknown
0041ba90	FUN_0041ba90	74	unknown
0041bae0	FUN_0041bae0	74	unknown
0041bb30	FUN_0041bb30	25	unknown
0041bb50	FUN_0041bb50	87	unknown
0041bbb0	FUN_0041bbb0	93	unknown
0041bc10	FUN_0041bc10	138	unknown
0041bc9a	Catch@0041bc9a	9	unknown
0041bcb0	FUN_0041bcb0	138	unknown
0041bd3a	Catch@0041bd3a	9	unknown
0041bd50	FUN_0041bd50	50	unknown
0041bd90	FUN_0041bd90	173	unknown
0041be50	FUN_0041be50	173	unknown
0041bf10	FUN_0041bf10	103	unknown
0041bf80	FUN_0041bf80	1920	unknown
0041c740	FUN_0041c740	685	unknown
0041ca20	FUN_0041ca20	75	unknown
0041ca80	FUN_0041ca80	117	unknown
0041caf5	Catch@0041caf5	9	unknown
0041cb10	FUN_0041cb10	159	unknown
0041cbaf	Catch@0041cbaf	21	unknown
0041cbd0	FUN_0041cbd0	428	unknown
0041cd80	FUN_0041cd80	183	unknown
0041ce40	FUN_0041ce40	131	unknown
0041ced0	FUN_0041ced0	32	unknown
0041cf00	FUN_0041cf00	120	unknown
0041cf78	Catch@0041cf78	17	unknown
0041cf90	FUN_0041cf90	366	unknown
0041d110	FUN_0041d110	423	unknown
0041d2c0	FUN_0041d2c0	154	unknown
0041d360	FUN_0041d360	37	unknown
0041d3c0	FUN_0041d3c0	93	unknown
0041d420	FUN_0041d420	117	unknown
0041d495	Catch@0041d495	9	unknown
0041d4b0	FUN_0041d4b0	428	unknown
0041d660	FUN_0041d660	366	unknown
0041d7e0	FUN_0041d7e0	676	unknown
0041dae0	FUN_0041dae0	78	unknown
0041db70	FUN_0041db70	423	unknown
0041dd20	FUN_0041dd20	159	unknown
0041ddbf	Catch@0041ddbf	21	unknown
0041dde0	FUN_0041dde0	232	unknown
0041ded0	FUN_0041ded0	183	unknown
0041df90	FUN_0041df90	131	unknown
0041e020	FUN_0041e020	32	unknown
0041e050	FUN_0041e050	120	unknown
0041e0c8	Catch@0041e0c8	17	unknown
0041e0e0	FUN_0041e0e0	37	unknown
0041e140	FUN_0041e140	93	unknown
0041e1a0	FUN_0041e1a0	117	unknown
0041e215	Catch@0041e215	9	unknown
0041e230	FUN_0041e230	428	unknown
0041e3e0	FUN_0041e3e0	366	unknown
0041e560	FUN_0041e560	676	unknown
0041e8f0	FUN_0041e8f0	423	unknown
0041eaa0	FUN_0041eaa0	232	unknown
0041ec50	FUN_0041ec50	1218	unknown
0041f140	FUN_0041f140	40	unknown
0041f170	FUN_0041f170	42	unknown
0041f1a0	FUN_0041f1a0	55	unknown
0041f1e0	FUN_0041f1e0	67	unknown
0041f230	FUN_0041f230	71	unknown
0041f280	FUN_0041f280	74	unknown
0041f2d0	FUN_0041f2d0	74	unknown
0041f320	FUN_0041f320	77	unknown
0041f370	FUN_0041f370	109	unknown
0041f3e0	FUN_0041f3e0	118	unknown
0041f460	FUN_0041f460	118	unknown
0041f4e0	FUN_0041f4e0	50	unknown
0041f520	FUN_0041f520	171	unknown
0041f5d0	FUN_0041f5d0	122	unknown
0041f650	FUN_0041f650	124	unknown
0041f6d0	FUN_0041f6d0	85	unknown
0041f730	FUN_0041f730	111	unknown
0041f7a0	FUN_0041f7a0	170	unknown
0041f860	FUN_0041f860	142	unknown
0041f900	FUN_0041f900	55	unknown
0041f940	FUN_0041f940	29	unknown
0041f960	FUN_0041f960	87	unknown
0041f9c0	FUN_0041f9c0	138	unknown
0041fa4a	Catch@0041fa4a	9	unknown
0041fa60	FUN_0041fa60	117	unknown
0041fad5	Catch@0041fad5	9	unknown
0041faf0	FUN_0041faf0	138	unknown
0041fb7a	Catch@0041fb7a	9	unknown
0041fb90	FUN_0041fb90	43	unknown
0041fbd0	FUN_0041fbd0	42	unknown
0041fc00	FUN_0041fc00	104	unknown
0041fc70	FUN_0041fc70	78	unknown
0041fcc0	FUN_0041fcc0	55	unknown
0041fd00	FUN_0041fd00	428	unknown
0041feb0	FUN_0041feb0	104	unknown
0041ff20	FUN_0041ff20	65	unknown
0041ff70	FUN_0041ff70	39	unknown
0041ffa0	FUN_0041ffa0	110	unknown
0042000e	Catch@0042000e	39	unknown
00420040	FUN_00420040	187	unknown
00420110	FUN_00420110	93	unknown
00420170	FUN_00420170	530	unknown
004202d0	Catch@004202d0	9	unknown
004203a0	FUN_004203a0	185	unknown
00420520	FUN_00420520	685	unknown
00420800	FUN_00420800	117	unknown
00420875	Catch@00420875	9	unknown
00420890	FUN_00420890	75	unknown
004208f0	FUN_004208f0	62	unknown
00420930	FUN_00420930	107	unknown
0042099b	Catch@0042099b	37	unknown
004209d0	FUN_004209d0	60	unknown
00420a10	FUN_00420a10	76	unknown
00420a60	FUN_00420a60	57	unknown
00420aa0	FUN_00420aa0	126	unknown
00420b30	FUN_00420b30	136	unknown
00420bc0	FUN_00420bc0	69	unknown
00420c10	FUN_00420c10	57	unknown
00420c50	FUN_00420c50	78	unknown
00420ca0	FUN_00420ca0	361	unknown
00420e10	FUN_00420e10	428	unknown
00420fc0	FUN_00420fc0	27	unknown
00420fe0	FUN_00420fe0	137	unknown
00421070	FUN_00421070	101	unknown
004210e0	FUN_004210e0	77	unknown
00421130	FUN_00421130	121	unknown
004211b0	FUN_004211b0	41	unknown
004211e0	FUN_004211e0	22	unknown
00421200	FUN_00421200	722	unknown
004213e0	Catch@004213e0	22	unknown
0042148e	Catch@0042148e	38	unknown
00421520	FUN_00421520	366	unknown
004216a0	FUN_004216a0	183	unknown
00421760	FUN_00421760	22	unknown
00421780	FUN_00421780	22	unknown
004217a0	FUN_004217a0	105	unknown
00421810	FUN_00421810	423	unknown
004219c0	FUN_004219c0	130	unknown
00421a50	FUN_00421a50	174	unknown
00421b10	FUN_00421b10	268	unknown
00421ce0	FUN_00421ce0	37	unknown
00421d10	FUN_00421d10	663	unknown
00421fc0	FUN_00421fc0	121	unknown
00422040	FUN_00422040	27	unknown
00422060	FUN_00422060	28	unknown
00422080	FUN_00422080	57	unknown
004220c0	FUN_004220c0	113	unknown
00422140	FUN_00422140	36	unknown
00422170	dice::matchmaking::IService::IService	9	__thiscall
00422180	dice::matchmaking::IService::IService	11	__thiscall
00422190	dice::matchmaking::IJoinService::IJoinService	9	__thiscall
004221a0	dice::matchmaking::IJoinService::IJoinService	21	__thiscall
004221c0	dice::matchmaking::IJoinService::operator=	15	__thiscall
004221d0	FUN_004221d0	85	unknown
00422230	dice::matchmaking::IHostService::IHostService	9	__thiscall
00422240	dice::matchmaking::IHostService::~IHostService	7	__thiscall
00422250	dice::matchmaking::IHostService::IHostService	11	__thiscall
00422260	FUN_00422260	85	unknown
004222d0	FUN_004222d0	138	unknown
00422360	FUN_00422360	57	unknown
004223a0	FUN_004223a0	38	unknown
004223d0	FUN_004223d0	58	unknown
00422410	FUN_00422410	38	unknown
00422440	FUN_00422440	58	unknown
00422480	FUN_00422480	91	unknown
004224e0	FUN_004224e0	7	unknown
004224f0	FUN_004224f0	11	unknown
00422500	FUN_00422500	13	unknown
00422510	FUN_00422510	7	unknown
00422520	FUN_00422520	7	unknown
00422530	FUN_00422530	7	unknown
00422540	FUN_00422540	7	unknown
00422550	FUN_00422550	7	unknown
00422560	FUN_00422560	7	unknown
00422580	FUN_00422580	18	unknown
004225a0	FUN_004225a0	7	unknown
004225b0	FUN_004225b0	70	unknown
00422600	FUN_00422600	7	unknown
00422610	FUN_00422610	7	unknown
00422620	FUN_00422620	7	unknown
00422630	FUN_00422630	7	unknown
00422640	FUN_00422640	7	unknown
00422650	FUN_00422650	25	unknown
00422670	FUN_00422670	49	unknown
004226b0	FUN_004226b0	110	unknown
00422720	FUN_00422720	61	unknown
00422760	FUN_00422760	35	unknown
00422790	FUN_00422790	44	unknown
004227d0	FUN_004227d0	23	unknown
004227f0	FUN_004227f0	194	unknown
004228c0	FUN_004228c0	133	unknown
00422950	FUN_00422950	89	unknown
004229b0	FUN_004229b0	124	unknown
00422a30	FUN_00422a30	19	unknown
00422a50	FUN_00422a50	62	unknown
00422a90	FUN_00422a90	51	unknown
00422ad0	FUN_00422ad0	28	unknown
00422af0	FUN_00422af0	8	unknown
00422b00	FUN_00422b00	23	unknown
00422b20	FUN_00422b20	28	unknown
00422b40	ObjTemplNetworkModule__v0_slot03	45	unknown
00422b70	FUN_00422b70	117	unknown
00422bf0	FUN_00422bf0	111	unknown
00422c5f	Catch@00422c5f	9	unknown
00422c80	FUN_00422c80	111	unknown
00422cef	Catch@00422cef	9	unknown
00422d10	FUN_00422d10	114	unknown
00422d82	Catch@00422d82	9	unknown
00422da0	FUN_00422da0	83	unknown
00422e00	FUN_00422e00	111	unknown
00422e6f	Catch@00422e6f	9	unknown
00422e90	FUN_00422e90	111	unknown
00422eff	Catch@00422eff	9	unknown
00422f20	FUN_00422f20	65	unknown
00422f70	FUN_00422f70	47	unknown
00422fa0	FUN_00422fa0	148	unknown
00423040	FUN_00423040	16	unknown
00423050	FUN_00423050	65	unknown
004230a0	FUN_004230a0	98	unknown
00423110	FUN_00423110	138	unknown
0042319a	Catch@0042319a	9	unknown
004231b0	FUN_004231b0	138	unknown
0042323a	Catch@0042323a	9	unknown
00423250	FUN_00423250	138	unknown
004232da	Catch@004232da	9	unknown
004232f0	FUN_004232f0	124	unknown
0042336c	Catch@0042336c	39	unknown
0042339c	FUN_0042339c	116	unknown
00423419	Catch@00423419	41	unknown
00423450	FUN_00423450	45	unknown
00423480	FUN_00423480	32	unknown
004234a0	FUN_004234a0	25	unknown
004234c0	FUN_004234c0	41	unknown
004234f0	FUN_004234f0	58	unknown
00423530	FUN_00423530	201	unknown
00423610	FUN_00423610	65	unknown
00423660	FUN_00423660	99	unknown
004236d0	FUN_004236d0	93	unknown
00423740	FUN_00423740	121	unknown
004237c0	FUN_004237c0	22	unknown
004237e0	FUN_004237e0	141	unknown
00423870	FUN_00423870	39	unknown
004238a0	FUN_004238a0	56	unknown
004238f0	FUN_004238f0	135	unknown
00423990	FUN_00423990	51	unknown
004239d0	FUN_004239d0	415	unknown
00423b80	FUN_00423b80	96	unknown
00423be0	FUN_00423be0	36	unknown
00423c10	FUN_00423c10	50	unknown
00423c50	FUN_00423c50	845	unknown
00423fa0	FUN_00423fa0	173	unknown
00424060	FUN_00424060	192	unknown
00424120	FUN_00424120	150	unknown
004241c0	FUN_004241c0	211	unknown
004242a0	FUN_004242a0	105	unknown
00424320	FUN_00424320	222	unknown
00424410	FUN_00424410	27	unknown
00424430	FUN_00424430	440	unknown
004245f0	FUN_004245f0	28	unknown
00424610	FUN_00424610	469	unknown
004247f0	FUN_004247f0	199	unknown
004248c0	FUN_004248c0	310	unknown
00424a00	FUN_00424a00	261	unknown
00424b10	FUN_00424b10	55	unknown
00424b50	FUN_00424b50	69	unknown
00424ba0	FUN_00424ba0	57	unknown
00424be0	FUN_00424be0	43	unknown
00424c10	FUN_00424c10	704	unknown
00424ed0	FUN_00424ed0	32	unknown
00424f10	FUN_00424f10	377	unknown
00425090	FUN_00425090	169	unknown
00425140	FUN_00425140	43	unknown
00425170	FUN_00425170	234	unknown
00425270	FUN_00425270	772	unknown
004255a0	FUN_004255a0	128	unknown
00425640	FUN_00425640	366	unknown
004257c0	FUN_004257c0	333	unknown
00425910	FUN_00425910	502	unknown
00425b10	FUN_00425b10	51	unknown
00425b50	FUN_00425b50	87	unknown
00425bb0	FUN_00425bb0	49	unknown
00425bf0	FUN_00425bf0	224	unknown
00425ce0	FUN_00425ce0	71	unknown
00425d30	FUN_00425d30	103	unknown
00425da0	FUN_00425da0	575	unknown
00425fe0	FUN_00425fe0	318	unknown
00426120	FUN_00426120	260	unknown
00426230	FUN_00426230	85	unknown
00426290	FUN_00426290	139	unknown
00426320	FUN_00426320	117	unknown
00426395	Catch@00426395	9	unknown
004263b0	FUN_004263b0	139	unknown
00426440	FUN_00426440	95	unknown
004264a0	FUN_004264a0	106	unknown
00426510	FUN_00426510	103	unknown
00426580	FUN_00426580	104	unknown
004265f0	FUN_004265f0	41	unknown
00426620	FUN_00426620	55	unknown
00426660	FUN_00426660	55	unknown
004266a0	FUN_004266a0	39	unknown
004266d0	FUN_004266d0	112	unknown
00426740	Catch@00426740	40	unknown
00426770	FUN_00426770	110	unknown
004267de	Catch@004267de	39	unknown
00426810	FUN_00426810	240	unknown
00426910	FUN_00426910	557	unknown
00426b60	FUN_00426b60	923	unknown
00426f00	FUN_00426f00	47	unknown
00426f30	FUN_00426f30	480	unknown
00427120	FUN_00427120	545	unknown
00427350	FUN_00427350	632	unknown
004275d0	FUN_004275d0	149	unknown
00427670	FUN_00427670	25	unknown
00427690	FUN_00427690	161	unknown
00427740	ORPHAN_CANDIDATE_00427740	1782	unknown
00427e70	FUN_00427e70	50	unknown
00427eb0	FUN_00427eb0	2986	unknown
00428ac0	FUN_00428ac0	40	unknown
00428af0	FUN_00428af0	40	unknown
00428b20	FUN_00428b20	40	unknown
00428b50	FUN_00428b50	40	unknown
00428b80	FUN_00428b80	184	unknown
00428c40	FUN_00428c40	215	unknown
00428d20	FUN_00428d20	362	unknown
00428e90	FUN_00428e90	1019	unknown
004292c0	FUN_004292c0	77	unknown
00429320	FUN_00429320	27	unknown
00429340	FUN_00429340	75	unknown
00429390	FUN_00429390	22	unknown
004293b0	FUN_004293b0	58	unknown
004293f0	FUN_004293f0	428	unknown
004295a0	FUN_004295a0	512	unknown
004296fa	Catch@004296fa	9	unknown
004297c0	FUN_004297c0	534	unknown
00429922	Catch@00429922	9	unknown
004299f0	FUN_004299f0	109	unknown
00429a5d	Catch@00429a5d	9	unknown
00429a80	FUN_00429a80	117	unknown
00429af5	Catch@00429af5	9	unknown
00429b10	FUN_00429b10	117	unknown
00429b85	Catch@00429b85	9	unknown
00429ba0	FUN_00429ba0	75	unknown
00429c00	FUN_00429c00	89	unknown
00429c60	FUN_00429c60	107	unknown
00429ccb	Catch@00429ccb	37	unknown
00429d00	FUN_00429d00	90	unknown
00429d60	FUN_00429d60	294	unknown
00429e90	FUN_00429e90	704	unknown
0042a170	FUN_0042a170	864	unknown
0042a4f0	FUN_0042a4f0	366	unknown
0042a670	FUN_0042a670	289	unknown
0042a7a0	FUN_0042a7a0	148	unknown
0042a834	Catch@0042a834	17	unknown
0042a850	FUN_0042a850	428	unknown
0042aa00	FUN_0042aa00	428	unknown
0042abb0	FUN_0042abb0	100	unknown
0042ac30	FUN_0042ac30	713	unknown
0042af30	FUN_0042af30	117	unknown
0042afa5	Catch@0042afa5	9	unknown
0042afc0	FUN_0042afc0	108	unknown
0042b040	FUN_0042b040	75	unknown
0042b0a0	FUN_0042b0a0	75	unknown
0042b100	FUN_0042b100	29	unknown
0042b120	FUN_0042b120	27	unknown
0042b140	FUN_0042b140	151	unknown
0042b1e0	FUN_0042b1e0	237	unknown
0042b2f0	FUN_0042b2f0	97	unknown
0042b360	FUN_0042b360	169	unknown
0042b410	FUN_0042b410	403	unknown
0042b5b0	FUN_0042b5b0	1256	unknown
0042bac0	FUN_0042bac0	5916	unknown
0042d320	FUN_0042d320	732	unknown
0042d620	FUN_0042d620	1338	unknown
0042db90	FUN_0042db90	4728	unknown
0042ee90	FUN_0042ee90	923	unknown
0042f250	FUN_0042f250	17	unknown
0042f270	FUN_0042f270	77	unknown
0042f2c0	FUN_0042f2c0	199	unknown
0042f387	Catch@0042f387	17	unknown
0042f3a0	FUN_0042f3a0	383	unknown
0042f530	FUN_0042f530	366	unknown
0042f6b0	FUN_0042f6b0	244	unknown
0042f7b0	FUN_0042f7b0	80	unknown
0042f810	FUN_0042f810	42	unknown
0042f840	FUN_0042f840	423	unknown
0042f9f0	FUN_0042f9f0	722	unknown
0042fbcb	Catch@0042fbcb	22	unknown
0042fc81	Catch@0042fc81	35	unknown
0042fd10	FUN_0042fd10	183	unknown
0042fdd0	FUN_0042fdd0	428	unknown
0042ff80	FUN_0042ff80	188	unknown
00430040	FUN_00430040	23	unknown
00430090	FUN_00430090	23	unknown
004300e0	FUN_004300e0	2173	unknown
004309b0	FUN_004309b0	117	unknown
00430a30	FUN_00430a30	1862	unknown
004311b0	FUN_004311b0	177	unknown
00431270	FUN_00431270	646	unknown
00431520	FUN_00431520	846	unknown
00431890	FUN_00431890	129	unknown
00431920	FUN_00431920	187	unknown
004319f0	FUN_004319f0	338	unknown
00431b60	FUN_00431b60	52	unknown
00431ba0	FUN_00431ba0	276	unknown
00431cc0	FUN_00431cc0	257	unknown
00431dd0	FUN_00431dd0	106	unknown
00431e40	FUN_00431e40	183	unknown
00431f00	FUN_00431f00	368	unknown
00432070	FUN_00432070	183	unknown
00432130	FUN_00432130	183	unknown
004321f0	FUN_004321f0	35	unknown
00432220	FUN_00432220	27	unknown
00432240	FUN_00432240	293	unknown
00432370	FUN_00432370	55	unknown
004323b0	FUN_004323b0	290	unknown
004324e0	FUN_004324e0	5062	unknown
00433a00	FUN_00433a00	327	unknown
00433b80	FUN_00433b80	137	unknown
00433c10	FUN_00433c10	423	unknown
00433dc0	FUN_00433dc0	32	unknown
00433df0	FUN_00433df0	112	unknown
00433e60	Catch@00433e60	9	unknown
00433e80	FUN_00433e80	1510	unknown
004344a0	FUN_004344a0	231	unknown
00434590	FUN_00434590	155	unknown
00434630	FUN_00434630	1700	unknown
00434ce0	FUN_00434ce0	118	unknown
00434d60	FUN_00434d60	51	unknown
00434da0	FUN_00434da0	1013	unknown
004351b0	FUN_004351b0	2376	unknown
00435b10	FUN_00435b10	547	unknown
00436240	FUN_00436240	1581	unknown
00436900	FUN_00436900	2367	unknown
00437260	FUN_00437260	2746	unknown
00437de0	FUN_00437de0	88	unknown
00437e40	FUN_00437e40	24	unknown
00437e60	FUN_00437e60	21	unknown
00437e80	FUN_00437e80	47	unknown
00437ec0	FUN_00437ec0	14	unknown
00437ed0	FUN_00437ed0	11	unknown
00437ee0	FUN_00437ee0	21	unknown
00437f00	FUN_00437f00	43	unknown
00437f30	FUN_00437f30	47	unknown
00437f60	FUN_00437f60	47	unknown
00437f90	FUN_00437f90	88	unknown
00437ff0	FUN_00437ff0	42	unknown
00438020	FUN_00438020	18	unknown
00438040	FUN_00438040	19	unknown
00438060	FUN_00438060	22	unknown
00438080	FUN_00438080	13	unknown
00438090	FUN_00438090	7	unknown
004380a0	FUN_004380a0	13	unknown
004380b0	FUN_004380b0	224	unknown
00438190	FUN_00438190	110	unknown
00438200	FUN_00438200	21	unknown
00438220	FUN_00438220	29	unknown
00438240	FUN_00438240	61	unknown
00438280	FUN_00438280	13	unknown
00438290	FUN_00438290	36	unknown
004382c0	FUN_004382c0	31	unknown
004382e0	FUN_004382e0	60	unknown
00438320	FUN_00438320	78	unknown
00438370	FUN_00438370	141	unknown
00438400	FUN_00438400	159	unknown
004384a0	FUN_004384a0	233	unknown
00438590	FUN_00438590	334	unknown
004386e0	FUN_004386e0	48	unknown
00438710	FUN_00438710	77	unknown
00438760	FUN_00438760	52	unknown
004387a0	FUN_004387a0	98	unknown
00438810	FUN_00438810	111	unknown
0043887f	Catch@0043887f	9	unknown
004388a0	FUN_004388a0	105	unknown
00438909	Catch@00438909	9	unknown
00438920	FUN_00438920	112	unknown
00438990	Catch@00438990	9	unknown
004389b0	FUN_004389b0	138	unknown
00438a3a	Catch@00438a3a	9	unknown
00438a50	FUN_00438a50	138	unknown
00438ada	Catch@00438ada	9	unknown
00438af0	FUN_00438af0	43	unknown
00438b30	FUN_00438b30	43	unknown
00438b70	FUN_00438b70	33	unknown
00438ba0	FUN_00438ba0	61	unknown
00438be0	FUN_00438be0	45	unknown
00438c10	FUN_00438c10	57	unknown
00438c50	FUN_00438c50	81	unknown
00438cc0	FUN_00438cc0	104	unknown
00438d30	FUN_00438d30	128	unknown
00438db0	FUN_00438db0	160	unknown
00438e50	FUN_00438e50	57	unknown
00438e90	FUN_00438e90	119	unknown
00438f10	FUN_00438f10	219	unknown
00438ff0	FUN_00438ff0	291	unknown
00439120	FUN_00439120	139	unknown
004391b0	FUN_004391b0	63	unknown
00439200	FUN_00439200	371	unknown
00439380	FUN_00439380	445	unknown
00439550	FUN_00439550	6	unknown
00439560	FUN_00439560	6	unknown
00439570	FUN_00439570	114	unknown
004395f0	FUN_004395f0	142	unknown
00439680	FUN_00439680	57	unknown
004396c0	FUN_004396c0	60	unknown
00439700	FUN_00439700	525	unknown
00439920	FUN_00439920	373	unknown
00439aa0	FUN_00439aa0	6	unknown
00439ab0	FUN_00439ab0	151	unknown
00439b50	FUN_00439b50	1674	unknown
0043a220	FUN_0043a220	156	unknown
0043a2d0	FUN_0043a2d0	51	unknown
0043a3d0	FUN_0043a3d0	117	unknown
0043a445	Catch@0043a445	9	unknown
0043a520	FUN_0043a520	94	unknown
0043a580	FUN_0043a580	1099	unknown
0043a9e0	FUN_0043a9e0	56	unknown
0043aa20	FUN_0043aa20	428	unknown
0043abd0	FUN_0043abd0	88	unknown
0043ac30	FUN_0043ac30	105	unknown
0043aca0	FUN_0043aca0	80	unknown
0043acf0	FUN_0043acf0	216	unknown
0043add0	FUN_0043add0	76	unknown
0043ae20	FUN_0043ae20	185	unknown
0043aee0	FUN_0043aee0	159	unknown
0043af7f	Catch@0043af7f	21	unknown
0043afa0	FUN_0043afa0	1005	unknown
0043b3b0	FUN_0043b3b0	131	unknown
0043b440	FUN_0043b440	120	unknown
0043b4b8	Catch@0043b4b8	17	unknown
0043b4d0	FUN_0043b4d0	71	unknown
0043b520	FUN_0043b520	71	unknown
0043b570	FUN_0043b570	1377	unknown
0043bb40	FUN_0043bb40	6284	unknown
0043d490	FUN_0043d490	61	unknown
0043d4d0	FUN_0043d4d0	117	unknown
0043d545	Catch@0043d545	9	unknown
0043d560	FUN_0043d560	428	unknown
0043d710	FUN_0043d710	185	unknown
0043d7d0	FUN_0043d7d0	677	unknown
0043db10	FUN_0043db10	361	unknown
0043dc80	FUN_0043dc80	200	unknown
0043de40	FUN_0043de40	658	unknown
0043e0f0	FUN_0043e0f0	318	unknown
0043e3f0	BotManager__v4_slot09	7	unknown
0043e400	FUN_0043e400	13	unknown
0043e410	FUN_0043e410	16	unknown
0043e420	FUN_0043e420	7	unknown
0043e430	FUN_0043e430	13	unknown
0043e440	FUN_0043e440	7	unknown
0043e450	FUN_0043e450	13	unknown
0043e460	FUN_0043e460	7	unknown
0043e470	FUN_0043e470	50	unknown
0043e4b0	FUN_0043e4b0	51	unknown
0043e4f0	FUN_0043e4f0	7	unknown
0043e500	FUN_0043e500	7	unknown
0043e510	FUN_0043e510	7	unknown
0043e520	FUN_0043e520	7	unknown
0043e530	FUN_0043e530	10	unknown
0043e540	FUN_0043e540	7	unknown
0043e550	FUN_0043e550	7	unknown
0043e560	FUN_0043e560	7	unknown
0043e570	FUN_0043e570	13	unknown
0043e580	FUN_0043e580	43	unknown
0043e5b0	FUN_0043e5b0	23	unknown
0043e5d0	FUN_0043e5d0	24	unknown
0043e5f0	FUN_0043e5f0	105	unknown
0043e660	FUN_0043e660	60	unknown
0043e6a0	FUN_0043e6a0	695	unknown
0043e840	Catch@0043e840	9	unknown
0043e970	FUN_0043e970	21	unknown
0043e990	FUN_0043e990	51	unknown
0043e9d0	FUN_0043e9d0	104	unknown
0043ea38	Catch@0043ea38	46	unknown
0043ea70	FUN_0043ea70	713	unknown
0043ed40	FUN_0043ed40	27	unknown
0043ee00	FUN_0043ee00	18	unknown
0043ee20	FUN_0043ee20	54	unknown
0043ee60	FUN_0043ee60	141	unknown
0043ef10	FUN_0043ef10	285	unknown
0043f030	FUN_0043f030	135	unknown
0043f0b7	Catch@0043f0b7	40	unknown
0043f0e8	FUN_0043f0e8	81	unknown
0043f140	FUN_0043f140	381	unknown
0043f2e0	FUN_0043f2e0	955	unknown
0043f6a0	FUN_0043f6a0	95	unknown
0043f710	FUN_0043f710	107	unknown
0043f780	FUN_0043f780	119	unknown
0043f800	FUN_0043f800	451	unknown
0043f9e0	FUN_0043f9e0	12	unknown
0043f9f0	FUN_0043f9f0	200	unknown
0043fac0	FUN_0043fac0	329	unknown
0043fc10	FUN_0043fc10	257	unknown
0043fd20	FUN_0043fd20	116	unknown
0043fda0	FUN_0043fda0	222	unknown
0043fe80	FUN_0043fe80	257	unknown
0043ff90	FUN_0043ff90	26	unknown
0043ffb0	FUN_0043ffb0	153	unknown
00440050	FUN_00440050	257	unknown
00440160	FUN_00440160	40	unknown
00440190	FUN_00440190	153	unknown
00440230	FUN_00440230	257	unknown
00440340	FUN_00440340	50	unknown
00440380	FUN_00440380	153	unknown
00440420	FUN_00440420	257	unknown
00440530	FUN_00440530	14	unknown
00440540	FUN_00440540	67	unknown
00440590	FUN_00440590	153	unknown
00440630	FUN_00440630	257	unknown
00440740	FUN_00440740	138	unknown
004407d0	FUN_004407d0	222	unknown
004408b0	FUN_004408b0	149	unknown
00440950	FUN_00440950	108	unknown
004409c0	FUN_004409c0	149	unknown
00440a60	FUN_00440a60	108	unknown
00440ad0	FUN_00440ad0	257	unknown
00440be0	FUN_00440be0	76	unknown
00440c30	FUN_00440c30	153	unknown
00440cd0	FUN_00440cd0	257	unknown
00440de0	FUN_00440de0	76	unknown
00440e30	FUN_00440e30	153	unknown
00440ed0	FUN_00440ed0	257	unknown
00440fe0	FUN_00440fe0	76	unknown
00441030	FUN_00441030	153	unknown
004410d0	FUN_004410d0	127	unknown
00441150	FUN_00441150	45	unknown
00441180	FUN_00441180	127	unknown
00441200	FUN_00441200	40	unknown
00441230	FUN_00441230	45	unknown
00441260	FUN_00441260	257	unknown
00441370	FUN_00441370	40	unknown
004413a0	FUN_004413a0	166	unknown
00441450	FUN_00441450	222	unknown
00441530	FUN_00441530	257	unknown
00441640	FUN_00441640	14	unknown
00441650	FUN_00441650	61	unknown
00441690	FUN_00441690	153	unknown
00441730	FUN_00441730	257	unknown
00441840	FUN_00441840	153	unknown
004418e0	FUN_004418e0	76	unknown
00441930	FUN_00441930	13	unknown
00441940	FUN_00441940	256	unknown
00441a50	FUN_00441a50	222	unknown
00441b30	FUN_00441b30	273	unknown
00441c50	FUN_00441c50	257	unknown
00441d60	FUN_00441d60	79	unknown
00441db0	FUN_00441db0	153	unknown
00441e50	FUN_00441e50	257	unknown
00441f60	FUN_00441f60	67	unknown
00441fb0	FUN_00441fb0	153	unknown
00442050	FUN_00442050	257	unknown
00442160	FUN_00442160	67	unknown
004421b0	FUN_004421b0	153	unknown
00442250	FUN_00442250	257	unknown
00442360	FUN_00442360	67	unknown
004423b0	FUN_004423b0	153	unknown
00442450	FUN_00442450	257	unknown
00442560	FUN_00442560	67	unknown
004425b0	FUN_004425b0	153	unknown
00442650	FUN_00442650	257	unknown
00442760	FUN_00442760	67	unknown
004427b0	FUN_004427b0	153	unknown
00442850	FUN_00442850	257	unknown
00442960	FUN_00442960	67	unknown
004429b0	FUN_004429b0	153	unknown
00442a50	FUN_00442a50	257	unknown
00442b60	FUN_00442b60	67	unknown
00442bb0	FUN_00442bb0	153	unknown
00442c50	FUN_00442c50	257	unknown
00442d60	FUN_00442d60	91	unknown
00442dc0	FUN_00442dc0	153	unknown
00442e60	FUN_00442e60	127	unknown
00442ee0	FUN_00442ee0	22	unknown
00442f00	FUN_00442f00	68	unknown
00442f50	FUN_00442f50	127	unknown
00442fd0	FUN_00442fd0	28	unknown
00442ff0	FUN_00442ff0	364	unknown
00443170	FUN_00443170	71	unknown
004431c0	FUN_004431c0	268	unknown
004432d0	FUN_004432d0	364	unknown
00443450	FUN_00443450	71	unknown
004434a0	FUN_004434a0	404	unknown
00443640	FUN_00443640	364	unknown
004437c0	FUN_004437c0	451	unknown
00443990	FUN_00443990	184	unknown
00443a50	FUN_00443a50	257	unknown
00443b60	FUN_00443b60	41	unknown
00443b90	FUN_00443b90	220	unknown
00443c70	FUN_00443c70	571	unknown
00443ed0	FUN_00443ed0	824	unknown
00444210	FUN_00444210	206	unknown
004442f0	FUN_004442f0	257	unknown
00444400	FUN_00444400	30	unknown
00444441	FUN_00444441	187	unknown
00444500	FUN_00444500	257	unknown
00444610	FUN_00444610	33	unknown
00444640	FUN_00444640	220	unknown
00444720	FUN_00444720	446	unknown
004448f0	FUN_004448f0	738	unknown
00444be0	FUN_00444be0	514	unknown
00444e10	FUN_00444e10	257	unknown
00444f20	FUN_00444f20	115	unknown
00444fa0	FUN_00444fa0	283	unknown
004450c0	FUN_004450c0	257	unknown
004451d0	FUN_004451d0	138	unknown
00445260	FUN_00445260	283	unknown
00445380	FUN_00445380	279	unknown
004454a0	FUN_004454a0	283	unknown
004455c0	FUN_004455c0	196	unknown
00445690	FUN_00445690	279	unknown
004457b0	FUN_004457b0	283	unknown
004458d0	FUN_004458d0	196	unknown
004459a0	FUN_004459a0	279	unknown
00445ac0	FUN_00445ac0	283	unknown
00445be0	FUN_00445be0	196	unknown
00445cb0	FUN_00445cb0	279	unknown
00445dd0	FUN_00445dd0	283	unknown
00445ef0	FUN_00445ef0	196	unknown
00445fc0	FUN_00445fc0	279	unknown
004460e0	FUN_004460e0	283	unknown
00446200	FUN_00446200	196	unknown
004462d0	FUN_004462d0	344	unknown
00446440	FUN_00446440	230	unknown
00446530	FUN_00446530	513	unknown
00446740	FUN_00446740	131	unknown
004467d0	FUN_004467d0	38	unknown
00446800	FUN_00446800	257	unknown
00446910	FUN_00446910	67	unknown
00446960	FUN_00446960	220	unknown
00446a40	FUN_00446a40	182	unknown
00446b00	FUN_00446b00	279	unknown
00446c20	FUN_00446c20	283	unknown
00446d40	FUN_00446d40	171	unknown
00446df0	FUN_00446df0	257	unknown
00446f00	FUN_00446f00	67	unknown
00446f50	FUN_00446f50	220	unknown
00447030	FUN_00447030	257	unknown
00447140	FUN_00447140	67	unknown
00447190	FUN_00447190	220	unknown
00447270	FUN_00447270	257	unknown
00447380	FUN_00447380	67	unknown
004473d0	FUN_004473d0	220	unknown
004474b0	FUN_004474b0	279	unknown
004475d0	FUN_004475d0	283	unknown
004476f0	FUN_004476f0	251	unknown
00447800	FUN_00447800	131	unknown
00447890	FUN_00447890	27	unknown
004478b0	FUN_004478b0	257	unknown
004479c0	FUN_004479c0	73	unknown
00447a10	FUN_00447a10	220	unknown
00447af0	FUN_00447af0	196	unknown
00447bc0	FUN_00447bc0	257	unknown
00447cd0	FUN_00447cd0	67	unknown
00447d20	FUN_00447d20	220	unknown
00447e00	FUN_00447e00	257	unknown
00447f10	FUN_00447f10	77	unknown
00447f60	FUN_00447f60	220	unknown
00448040	FUN_00448040	257	unknown
00448150	FUN_00448150	67	unknown
004481a0	FUN_004481a0	220	unknown
00448280	FUN_00448280	257	unknown
00448390	FUN_00448390	67	unknown
004483e0	FUN_004483e0	220	unknown
004484c0	FUN_004484c0	257	unknown
004485d0	FUN_004485d0	67	unknown
00448620	FUN_00448620	220	unknown
00448700	FUN_00448700	257	unknown
00448810	FUN_00448810	67	unknown
00448860	FUN_00448860	220	unknown
00448940	FUN_00448940	257	unknown
00448a50	FUN_00448a50	67	unknown
00448aa0	FUN_00448aa0	220	unknown
00448b80	FUN_00448b80	257	unknown
00448c90	FUN_00448c90	67	unknown
00448ce0	FUN_00448ce0	220	unknown
00448dc0	FUN_00448dc0	257	unknown
00448ed0	FUN_00448ed0	67	unknown
00448f20	FUN_00448f20	220	unknown
00449000	FUN_00449000	257	unknown
00449110	FUN_00449110	67	unknown
00449160	FUN_00449160	220	unknown
00449240	FUN_00449240	257	unknown
00449350	FUN_00449350	67	unknown
004493a0	FUN_004493a0	220	unknown
00449480	FUN_00449480	257	unknown
00449590	FUN_00449590	67	unknown
004495e0	FUN_004495e0	220	unknown
004496c0	FUN_004496c0	257	unknown
004497d0	FUN_004497d0	67	unknown
00449820	FUN_00449820	220	unknown
00449900	FUN_00449900	257	unknown
00449a10	FUN_00449a10	67	unknown
00449a60	FUN_00449a60	220	unknown
00449b40	FUN_00449b40	257	unknown
00449c50	FUN_00449c50	67	unknown
00449ca0	FUN_00449ca0	220	unknown
00449d80	FUN_00449d80	257	unknown
00449e90	FUN_00449e90	67	unknown
00449ee0	FUN_00449ee0	220	unknown
00449fc0	FUN_00449fc0	279	unknown
0044a0e0	FUN_0044a0e0	283	unknown
0044a200	FUN_0044a200	251	unknown
0044a310	FUN_0044a310	279	unknown
0044a430	FUN_0044a430	283	unknown
0044a550	FUN_0044a550	251	unknown
0044a660	FUN_0044a660	257	unknown
0044a770	FUN_0044a770	73	unknown
0044a7c0	FUN_0044a7c0	220	unknown
0044a8a0	FUN_0044a8a0	257	unknown
0044a9b0	FUN_0044a9b0	67	unknown
0044aa00	FUN_0044aa00	220	unknown
0044aae0	FUN_0044aae0	257	unknown
0044abf0	FUN_0044abf0	67	unknown
0044ac40	FUN_0044ac40	220	unknown
0044ad20	FUN_0044ad20	364	unknown
0044aea0	FUN_0044aea0	146	unknown
0044af40	FUN_0044af40	451	unknown
0044b110	FUN_0044b110	257	unknown
0044b220	FUN_0044b220	63	unknown
0044b270	FUN_0044b270	220	unknown
0044b350	FUN_0044b350	257	unknown
0044b460	FUN_0044b460	67	unknown
0044b4b0	FUN_0044b4b0	220	unknown
0044b590	FUN_0044b590	257	unknown
0044b6a0	FUN_0044b6a0	67	unknown
0044b6f0	FUN_0044b6f0	220	unknown
0044b7d0	FUN_0044b7d0	257	unknown
0044b8e0	FUN_0044b8e0	67	unknown
0044b930	FUN_0044b930	220	unknown
0044ba10	FUN_0044ba10	257	unknown
0044bb20	FUN_0044bb20	67	unknown
0044bb70	FUN_0044bb70	220	unknown
0044bc50	FUN_0044bc50	257	unknown
0044bd60	FUN_0044bd60	67	unknown
0044bdb0	FUN_0044bdb0	220	unknown
0044be90	FUN_0044be90	257	unknown
0044bfa0	FUN_0044bfa0	67	unknown
0044bff0	FUN_0044bff0	220	unknown
0044c0d0	FUN_0044c0d0	279	unknown
0044c1f0	FUN_0044c1f0	283	unknown
0044c310	FUN_0044c310	168	unknown
0044c3c0	FUN_0044c3c0	279	unknown
0044c4e0	FUN_0044c4e0	283	unknown
0044c600	FUN_0044c600	168	unknown
0044c6b0	FUN_0044c6b0	257	unknown
0044c7c0	FUN_0044c7c0	67	unknown
0044c810	FUN_0044c810	220	unknown
0044c8f0	FUN_0044c8f0	257	unknown
0044ca00	FUN_0044ca00	67	unknown
0044ca50	FUN_0044ca50	220	unknown
0044cb30	FUN_0044cb30	257	unknown
0044cc40	FUN_0044cc40	67	unknown
0044cc90	FUN_0044cc90	220	unknown
0044cd70	FUN_0044cd70	257	unknown
0044ce80	FUN_0044ce80	70	unknown
0044ced0	FUN_0044ced0	220	unknown
0044cfb0	FUN_0044cfb0	182	unknown
0044d070	FUN_0044d070	257	unknown
0044d180	FUN_0044d180	67	unknown
0044d1d0	FUN_0044d1d0	220	unknown
0044d2b0	FUN_0044d2b0	257	unknown
0044d3c0	FUN_0044d3c0	67	unknown
0044d410	FUN_0044d410	220	unknown
0044d4f0	FUN_0044d4f0	257	unknown
0044d600	FUN_0044d600	67	unknown
0044d650	FUN_0044d650	220	unknown
0044d730	FUN_0044d730	257	unknown
0044d840	FUN_0044d840	67	unknown
0044d890	FUN_0044d890	220	unknown
0044d970	FUN_0044d970	257	unknown
0044da80	FUN_0044da80	67	unknown
0044dad0	FUN_0044dad0	220	unknown
0044dbb0	FUN_0044dbb0	257	unknown
0044dcc0	FUN_0044dcc0	67	unknown
0044dd10	FUN_0044dd10	220	unknown
0044ddf0	FUN_0044ddf0	257	unknown
0044df00	FUN_0044df00	67	unknown
0044df50	FUN_0044df50	220	unknown
0044e030	FUN_0044e030	279	unknown
0044e150	FUN_0044e150	283	unknown
0044e270	FUN_0044e270	251	unknown
0044e380	FUN_0044e380	257	unknown
0044e490	FUN_0044e490	67	unknown
0044e4e0	FUN_0044e4e0	220	unknown
0044e5c0	FUN_0044e5c0	257	unknown
0044e6d0	FUN_0044e6d0	67	unknown
0044e720	FUN_0044e720	220	unknown
0044e800	FUN_0044e800	257	unknown
0044e910	FUN_0044e910	67	unknown
0044e960	FUN_0044e960	220	unknown
0044ea40	FUN_0044ea40	257	unknown
0044eb50	FUN_0044eb50	67	unknown
0044eba0	FUN_0044eba0	220	unknown
0044ec80	FUN_0044ec80	257	unknown
0044ed90	FUN_0044ed90	67	unknown
0044ede0	FUN_0044ede0	220	unknown
0044eec0	FUN_0044eec0	257	unknown
0044efd0	FUN_0044efd0	79	unknown
0044f020	FUN_0044f020	220	unknown
0044f100	FUN_0044f100	257	unknown
0044f210	FUN_0044f210	77	unknown
0044f260	FUN_0044f260	220	unknown
0044f340	FUN_0044f340	257	unknown
0044f450	FUN_0044f450	76	unknown
0044f4a0	FUN_0044f4a0	220	unknown
0044f580	FUN_0044f580	257	unknown
0044f690	FUN_0044f690	67	unknown
0044f6e0	FUN_0044f6e0	220	unknown
0044f7c0	FUN_0044f7c0	257	unknown
0044f8d0	FUN_0044f8d0	67	unknown
0044f920	FUN_0044f920	220	unknown
0044fa00	FUN_0044fa00	257	unknown
0044fb10	FUN_0044fb10	67	unknown
0044fb60	FUN_0044fb60	220	unknown
0044fc40	FUN_0044fc40	257	unknown
0044fd50	FUN_0044fd50	67	unknown
0044fda0	FUN_0044fda0	220	unknown
0044fe80	FUN_0044fe80	257	unknown
0044ff90	FUN_0044ff90	67	unknown
0044ffe0	FUN_0044ffe0	220	unknown
004500c0	FUN_004500c0	257	unknown
004501d0	FUN_004501d0	67	unknown
00450220	FUN_00450220	220	unknown
00450300	FUN_00450300	257	unknown
00450410	FUN_00450410	67	unknown
00450460	FUN_00450460	220	unknown
00450540	FUN_00450540	257	unknown
00450650	FUN_00450650	131	unknown
004506e0	FUN_004506e0	220	unknown
004507c0	FUN_004507c0	257	unknown
004508d0	FUN_004508d0	55	unknown
00450910	FUN_00450910	220	unknown
004509f0	FUN_004509f0	257	unknown
00450b00	FUN_00450b00	52	unknown
00450b40	FUN_00450b40	220	unknown
00450c20	FUN_00450c20	364	unknown
00450da0	FUN_00450da0	146	unknown
00450e40	FUN_00450e40	451	unknown
00451010	FUN_00451010	470	unknown
00451200	FUN_00451200	151	unknown
004512a0	FUN_004512a0	616	unknown
00451510	FUN_00451510	473	unknown
00451700	FUN_00451700	154	unknown
004517a0	FUN_004517a0	616	unknown
00451a10	FUN_00451a10	364	unknown
00451b90	FUN_00451b90	143	unknown
00451c30	FUN_00451c30	451	unknown
00451e00	FUN_00451e00	364	unknown
00451f80	FUN_00451f80	143	unknown
00452020	FUN_00452020	451	unknown
004521f0	FUN_004521f0	127	unknown
00452270	FUN_00452270	64	unknown
004522b0	FUN_004522b0	149	unknown
00452350	FUN_00452350	77	unknown
004523a0	FUN_004523a0	257	unknown
004524b0	FUN_004524b0	61	unknown
004524f0	FUN_004524f0	220	unknown
004525d0	FUN_004525d0	555	unknown
00452820	FUN_00452820	109	unknown
00452890	FUN_00452890	718	unknown
00452b60	FUN_00452b60	364	unknown
00452ce0	FUN_00452ce0	451	unknown
00452eb0	FUN_00452eb0	209	unknown
00452f90	FUN_00452f90	581	unknown
004531f0	FUN_004531f0	290	unknown
00453320	FUN_00453320	799	unknown
00453640	FUN_00453640	364	unknown
004537c0	FUN_004537c0	146	unknown
00453860	FUN_00453860	451	unknown
00453a30	FUN_00453a30	127	unknown
00453ab0	FUN_00453ab0	90	unknown
00453b10	FUN_00453b10	257	unknown
00453c20	FUN_00453c20	33	unknown
00453c50	FUN_00453c50	220	unknown
00453d30	FUN_00453d30	257	unknown
00453e40	FUN_00453e40	33	unknown
00453e70	FUN_00453e70	220	unknown
00453f50	FUN_00453f50	344	unknown
004540c0	FUN_004540c0	513	unknown
004542d0	FUN_004542d0	288	unknown
00454400	FUN_00454400	127	unknown
00454480	FUN_00454480	58	unknown
004544c0	FUN_004544c0	363	unknown
00454640	FUN_00454640	451	unknown
00454810	FUN_00454810	570	unknown
00454a70	FUN_00454a70	463	unknown
00454c60	FUN_00454c60	244	unknown
00454d60	FUN_00454d60	650	unknown
00454ff0	FUN_00454ff0	257	unknown
00455100	FUN_00455100	166	unknown
004551b0	FUN_004551b0	283	unknown
004552d0	FUN_004552d0	257	unknown
004553e0	FUN_004553e0	76	unknown
00455430	FUN_00455430	220	unknown
00455510	FUN_00455510	364	unknown
00455690	FUN_00455690	68	unknown
004556e0	FUN_004556e0	388	unknown
00455870	FUN_00455870	364	unknown
004559f0	FUN_004559f0	71	unknown
00455a40	FUN_00455a40	388	unknown
00455bd0	FUN_00455bd0	352	unknown
00455d40	FUN_00455d40	63	unknown
00455d80	FUN_00455d80	388	unknown
00455f10	FUN_00455f10	257	unknown
00456020	FUN_00456020	144	unknown
004560b0	FUN_004560b0	220	unknown
00456190	FUN_00456190	257	unknown
004562a0	FUN_004562a0	144	unknown
00456330	FUN_00456330	220	unknown
00456410	FUN_00456410	257	unknown
00456520	FUN_00456520	144	unknown
004565b0	FUN_004565b0	220	unknown
00456690	FUN_00456690	257	unknown
004567a0	FUN_004567a0	144	unknown
00456830	FUN_00456830	220	unknown
00456910	FUN_00456910	257	unknown
00456a20	FUN_00456a20	169	unknown
00456ad0	FUN_00456ad0	220	unknown
00456bb0	FUN_00456bb0	257	unknown
00456cc0	FUN_00456cc0	144	unknown
00456d50	FUN_00456d50	220	unknown
00456e30	FUN_00456e30	352	unknown
00456fa0	FUN_00456fa0	81	unknown
00457000	FUN_00457000	388	unknown
00457190	FUN_00457190	352	unknown
00457300	FUN_00457300	63	unknown
00457340	FUN_00457340	388	unknown
004574d0	FUN_004574d0	352	unknown
00457640	FUN_00457640	63	unknown
00457680	FUN_00457680	388	unknown
00457810	FUN_00457810	127	unknown
00457890	FUN_00457890	48	unknown
004578c0	FUN_004578c0	257	unknown
004579d0	FUN_004579d0	144	unknown
00457a60	FUN_00457a60	220	unknown
00457b40	FUN_00457b40	257	unknown
00457c50	FUN_00457c50	144	unknown
00457ce0	FUN_00457ce0	224	unknown
00457dc0	FUN_00457dc0	193	unknown
00457e90	FUN_00457e90	352	unknown
00458000	FUN_00458000	81	unknown
00458060	FUN_00458060	388	unknown
004581f0	FUN_004581f0	257	unknown
00458300	FUN_00458300	61	unknown
00458340	FUN_00458340	220	unknown
00458420	FUN_00458420	257	unknown
00458530	FUN_00458530	61	unknown
00458570	FUN_00458570	220	unknown
00458650	FUN_00458650	257	unknown
00458760	FUN_00458760	61	unknown
004587a0	FUN_004587a0	220	unknown
00458880	FUN_00458880	257	unknown
00458990	FUN_00458990	144	unknown
00458a20	FUN_00458a20	220	unknown
00458b00	FUN_00458b00	257	unknown
00458c10	FUN_00458c10	144	unknown
00458ca0	FUN_00458ca0	220	unknown
00458d80	FUN_00458d80	257	unknown
00458e90	FUN_00458e90	54	unknown
00458ed0	FUN_00458ed0	220	unknown
00458fb0	FUN_00458fb0	446	unknown
00459180	FUN_00459180	738	unknown
00459470	FUN_00459470	514	unknown
004596a0	FUN_004596a0	446	unknown
00459870	FUN_00459870	738	unknown
00459b60	FUN_00459b60	514	unknown
00459d90	FUN_00459d90	257	unknown
00459ea0	FUN_00459ea0	67	unknown
00459ef0	FUN_00459ef0	220	unknown
00459fd0	FUN_00459fd0	127	unknown
0045a050	FUN_0045a050	28	unknown
0045a070	FUN_0045a070	257	unknown
0045a180	FUN_0045a180	33	unknown
0045a1b0	FUN_0045a1b0	220	unknown
0045a290	FUN_0045a290	364	unknown
0045a410	FUN_0045a410	175	unknown
0045a4d0	FUN_0045a4d0	451	unknown
0045a6a0	FUN_0045a6a0	364	unknown
0045a820	FUN_0045a820	175	unknown
0045a8e0	FUN_0045a8e0	451	unknown
0045aab0	FUN_0045aab0	279	unknown
0045abd0	FUN_0045abd0	220	unknown
0045acb0	FUN_0045acb0	120	unknown
0045ad30	FUN_0045ad30	257	unknown
0045ae40	FUN_0045ae40	144	unknown
0045aed0	FUN_0045aed0	220	unknown
0045afb0	FUN_0045afb0	257	unknown
0045b0c0	FUN_0045b0c0	144	unknown
0045b150	FUN_0045b150	220	unknown
0045b230	FUN_0045b230	257	unknown
0045b340	FUN_0045b340	131	unknown
0045b3d0	FUN_0045b3d0	220	unknown
0045b4b0	FUN_0045b4b0	257	unknown
0045b5c0	FUN_0045b5c0	61	unknown
0045b600	FUN_0045b600	220	unknown
0045b6e0	FUN_0045b6e0	257	unknown
0045b7f0	FUN_0045b7f0	61	unknown
0045b830	FUN_0045b830	220	unknown
0045b910	FUN_0045b910	257	unknown
0045ba20	FUN_0045ba20	67	unknown
0045ba70	FUN_0045ba70	220	unknown
0045bb50	FUN_0045bb50	257	unknown
0045bc60	FUN_0045bc60	67	unknown
0045bcb0	FUN_0045bcb0	220	unknown
0045bd90	FUN_0045bd90	257	unknown
0045bea0	FUN_0045bea0	144	unknown
0045bf30	FUN_0045bf30	220	unknown
0045c010	FUN_0045c010	257	unknown
0045c120	FUN_0045c120	145	unknown
0045c1c0	FUN_0045c1c0	220	unknown
0045c2a0	FUN_0045c2a0	257	unknown
0045c3b0	FUN_0045c3b0	144	unknown
0045c440	FUN_0045c440	220	unknown
0045c520	FUN_0045c520	257	unknown
0045c630	FUN_0045c630	278	unknown
0045c750	FUN_0045c750	127	unknown
0045c7d0	FUN_0045c7d0	59	unknown
0045c810	FUN_0045c810	257	unknown
0045c920	FUN_0045c920	122	unknown
0045c9a0	FUN_0045c9a0	220	unknown
0045ca80	FUN_0045ca80	257	unknown
0045cb90	FUN_0045cb90	135	unknown
0045cc20	FUN_0045cc20	220	unknown
0045cd00	FUN_0045cd00	257	unknown
0045ce10	FUN_0045ce10	67	unknown
0045ce60	FUN_0045ce60	220	unknown
0045cf40	FUN_0045cf40	257	unknown
0045d050	FUN_0045d050	54	unknown
0045d090	FUN_0045d090	220	unknown
0045d170	FUN_0045d170	257	unknown
0045d280	FUN_0045d280	135	unknown
0045d310	FUN_0045d310	220	unknown
0045d3f0	FUN_0045d3f0	257	unknown
0045d500	FUN_0045d500	54	unknown
0045d540	FUN_0045d540	220	unknown
0045d620	FUN_0045d620	127	unknown
0045d6a0	FUN_0045d6a0	30	unknown
0045d6c0	FUN_0045d6c0	257	unknown
0045d7d0	FUN_0045d7d0	220	unknown
0045d8b0	FUN_0045d8b0	257	unknown
0045d9c0	FUN_0045d9c0	220	unknown
0045daa0	FUN_0045daa0	257	unknown
0045dbb0	FUN_0045dbb0	220	unknown
0045dc90	FUN_0045dc90	257	unknown
0045dda0	FUN_0045dda0	220	unknown
0045de80	FUN_0045de80	257	unknown
0045df90	FUN_0045df90	220	unknown
0045e070	FUN_0045e070	257	unknown
0045e180	FUN_0045e180	220	unknown
0045e260	FUN_0045e260	257	unknown
0045e370	FUN_0045e370	220	unknown
0045e450	FUN_0045e450	257	unknown
0045e560	FUN_0045e560	220	unknown
0045e640	FUN_0045e640	257	unknown
0045e750	FUN_0045e750	220	unknown
0045e830	FUN_0045e830	257	unknown
0045e940	FUN_0045e940	220	unknown
0045ea20	FUN_0045ea20	257	unknown
0045eb30	FUN_0045eb30	220	unknown
0045ec10	FUN_0045ec10	257	unknown
0045ed20	FUN_0045ed20	131	unknown
0045edb0	FUN_0045edb0	220	unknown
0045ee90	FUN_0045ee90	257	unknown
0045efa0	FUN_0045efa0	131	unknown
0045f030	FUN_0045f030	220	unknown
0045f110	FUN_0045f110	127	unknown
0045f190	FUN_0045f190	127	unknown
0045f210	FUN_0045f210	28	unknown
0045f230	FUN_0045f230	443	unknown
0045f400	FUN_0045f400	247	unknown
0045f500	FUN_0045f500	738	unknown
0045f7f0	FUN_0045f7f0	257	unknown
0045f900	FUN_0045f900	144	unknown
0045f990	FUN_0045f990	220	unknown
0045fa70	FUN_0045fa70	257	unknown
0045fb80	FUN_0045fb80	220	unknown
0045fc60	FUN_0045fc60	257	unknown
0045fd70	FUN_0045fd70	40	unknown
0045fda0	FUN_0045fda0	55	unknown
0045fde0	FUN_0045fde0	220	unknown
0045fec0	FUN_0045fec0	257	unknown
0045ffd0	FUN_0045ffd0	220	unknown
004600b0	FUN_004600b0	257	unknown
004601c0	FUN_004601c0	220	unknown
004602a0	FUN_004602a0	257	unknown
004603b0	FUN_004603b0	144	unknown
00460440	FUN_00460440	220	unknown
00460520	FUN_00460520	257	unknown
00460630	FUN_00460630	144	unknown
004606c0	FUN_004606c0	220	unknown
004607a0	FUN_004607a0	257	unknown
004608b0	FUN_004608b0	144	unknown
00460940	FUN_00460940	220	unknown
00460a20	FUN_00460a20	257	unknown
00460b30	FUN_00460b30	144	unknown
00460bc0	FUN_00460bc0	220	unknown
00460ca0	FUN_00460ca0	257	unknown
00460db0	FUN_00460db0	52	unknown
00460df0	FUN_00460df0	220	unknown
00460ed0	FUN_00460ed0	127	unknown
00460f50	FUN_00460f50	38	unknown
00460f80	FUN_00460f80	454	unknown
00461160	FUN_00461160	353	unknown
004612d0	FUN_004612d0	681	unknown
00461580	FUN_00461580	127	unknown
00461600	FUN_00461600	28	unknown
00461620	FUN_00461620	127	unknown
004616a0	FUN_004616a0	29	unknown
004616c0	FUN_004616c0	127	unknown
00461740	FUN_00461740	30	unknown
00461760	FUN_00461760	257	unknown
00461870	FUN_00461870	131	unknown
00461900	FUN_00461900	220	unknown
004619e0	FUN_004619e0	257	unknown
00461af0	FUN_00461af0	138	unknown
00461b80	FUN_00461b80	283	unknown
00461ca0	FUN_00461ca0	127	unknown
00461d20	FUN_00461d20	48	unknown
00461d50	FUN_00461d50	257	unknown
00461e60	FUN_00461e60	144	unknown
00461ef0	FUN_00461ef0	220	unknown
00461fd0	FUN_00461fd0	257	unknown
004620e0	FUN_004620e0	144	unknown
00462170	FUN_00462170	220	unknown
00462250	FUN_00462250	257	unknown
00462360	FUN_00462360	144	unknown
004623f0	FUN_004623f0	220	unknown
004624d0	FUN_004624d0	257	unknown
004625e0	FUN_004625e0	144	unknown
00462670	FUN_00462670	220	unknown
00462750	FUN_00462750	257	unknown
00462860	FUN_00462860	144	unknown
004628f0	FUN_004628f0	220	unknown
004629d0	FUN_004629d0	257	unknown
00462ae0	FUN_00462ae0	144	unknown
00462b70	FUN_00462b70	220	unknown
00462c50	FUN_00462c50	257	unknown
00462d60	FUN_00462d60	144	unknown
00462df0	FUN_00462df0	220	unknown
00462ed0	FUN_00462ed0	257	unknown
00462fe0	FUN_00462fe0	74	unknown
00463030	FUN_00463030	220	unknown
00463110	FUN_00463110	257	unknown
00463220	FUN_00463220	138	unknown
004632b0	FUN_004632b0	283	unknown
004633d0	FUN_004633d0	367	unknown
00463550	FUN_00463550	243	unknown
00463650	FUN_00463650	451	unknown
00463820	FUN_00463820	347	unknown
00463990	FUN_00463990	321	unknown
00463ae0	FUN_00463ae0	513	unknown
00463cf0	FUN_00463cf0	257	unknown
00463e00	FUN_00463e00	138	unknown
00463e90	FUN_00463e90	283	unknown
00463fb0	FUN_00463fb0	149	unknown
00464050	FUN_00464050	108	unknown
004640c0	FUN_004640c0	127	unknown
00464140	FUN_00464140	48	unknown
00464170	FUN_00464170	367	unknown
004642f0	FUN_004642f0	243	unknown
004643f0	FUN_004643f0	451	unknown
004645c0	FUN_004645c0	347	unknown
00464730	FUN_00464730	321	unknown
00464880	FUN_00464880	513	unknown
00464a90	FUN_00464a90	257	unknown
00464ba0	FUN_00464ba0	138	unknown
00464c30	FUN_00464c30	283	unknown
00464d50	FUN_00464d50	149	unknown
00464df0	FUN_00464df0	108	unknown
00464e60	FUN_00464e60	446	unknown
00465030	FUN_00465030	738	unknown
00465320	FUN_00465320	592	unknown
00465590	FUN_00465590	257	unknown
004656a0	FUN_004656a0	55	unknown
004656e0	FUN_004656e0	220	unknown
004657c0	FUN_004657c0	257	unknown
004658d0	FUN_004658d0	131	unknown
00465960	FUN_00465960	220	unknown
00465a40	FUN_00465a40	257	unknown
00465b50	FUN_00465b50	131	unknown
00465be0	FUN_00465be0	220	unknown
00465cc0	FUN_00465cc0	257	unknown
00465dd0	FUN_00465dd0	144	unknown
00465e60	FUN_00465e60	220	unknown
00465f40	FUN_00465f40	257	unknown
00466050	FUN_00466050	144	unknown
004660e0	FUN_004660e0	220	unknown
004661c0	FUN_004661c0	257	unknown
004662d0	FUN_004662d0	144	unknown
00466360	FUN_00466360	220	unknown
00466440	FUN_00466440	127	unknown
004664c0	FUN_004664c0	257	unknown
004665d0	FUN_004665d0	61	unknown
00466610	FUN_00466610	220	unknown
004666f0	FUN_004666f0	257	unknown
00466800	FUN_00466800	144	unknown
00466890	FUN_00466890	220	unknown
00466970	FUN_00466970	257	unknown
00466a80	FUN_00466a80	144	unknown
00466b10	FUN_00466b10	220	unknown
00466bf0	FUN_00466bf0	257	unknown
00466d00	FUN_00466d00	144	unknown
00466d90	FUN_00466d90	220	unknown
00466e70	FUN_00466e70	257	unknown
00466f80	FUN_00466f80	138	unknown
00467010	FUN_00467010	283	unknown
00467130	FUN_00467130	257	unknown
00467240	FUN_00467240	144	unknown
004672d0	FUN_004672d0	220	unknown
004673b0	FUN_004673b0	257	unknown
004674c0	FUN_004674c0	144	unknown
00467550	FUN_00467550	220	unknown
00467630	FUN_00467630	257	unknown
00467740	FUN_00467740	144	unknown
004677d0	FUN_004677d0	220	unknown
004678b0	FUN_004678b0	257	unknown
004679c0	FUN_004679c0	144	unknown
00467a50	FUN_00467a50	220	unknown
00467b30	FUN_00467b30	257	unknown
00467c40	FUN_00467c40	144	unknown
00467cd0	FUN_00467cd0	220	unknown
00467db0	FUN_00467db0	257	unknown
00467ec0	FUN_00467ec0	144	unknown
00467f50	FUN_00467f50	220	unknown
00468030	FUN_00468030	257	unknown
00468140	FUN_00468140	220	unknown
00468220	FUN_00468220	257	unknown
00468330	FUN_00468330	220	unknown
00468410	FUN_00468410	257	unknown
00468520	FUN_00468520	220	unknown
00468600	FUN_00468600	127	unknown
00468680	FUN_00468680	48	unknown
004686b0	FUN_004686b0	127	unknown
00468730	FUN_00468730	443	unknown
00468900	FUN_00468900	738	unknown
00468bf0	FUN_00468bf0	257	unknown
00468d00	FUN_00468d00	220	unknown
00468de0	FUN_00468de0	257	unknown
00468ef0	FUN_00468ef0	55	unknown
00468f30	FUN_00468f30	220	unknown
00469010	FUN_00469010	257	unknown
00469120	FUN_00469120	144	unknown
004691b0	FUN_004691b0	220	unknown
00469290	FUN_00469290	257	unknown
004693a0	FUN_004693a0	144	unknown
00469430	FUN_00469430	220	unknown
00469510	FUN_00469510	257	unknown
00469620	FUN_00469620	79	unknown
00469670	FUN_00469670	220	unknown
00469750	FUN_00469750	257	unknown
00469860	FUN_00469860	70	unknown
004698b0	FUN_004698b0	220	unknown
00469990	FUN_00469990	257	unknown
00469aa0	FUN_00469aa0	67	unknown
00469af0	FUN_00469af0	220	unknown
00469bd0	FUN_00469bd0	257	unknown
00469ce0	FUN_00469ce0	125	unknown
00469d60	FUN_00469d60	220	unknown
00469e40	FUN_00469e40	257	unknown
00469f50	FUN_00469f50	129	unknown
00469fe0	FUN_00469fe0	220	unknown
0046a0c0	FUN_0046a0c0	257	unknown
0046a1d0	FUN_0046a1d0	125	unknown
0046a250	FUN_0046a250	220	unknown
0046a330	FUN_0046a330	257	unknown
0046a440	FUN_0046a440	125	unknown
0046a4c0	FUN_0046a4c0	220	unknown
0046a5a0	FUN_0046a5a0	257	unknown
0046a6b0	FUN_0046a6b0	125	unknown
0046a730	FUN_0046a730	220	unknown
0046a810	FUN_0046a810	257	unknown
0046a920	FUN_0046a920	129	unknown
0046a9b0	FUN_0046a9b0	220	unknown
0046aa90	FUN_0046aa90	127	unknown
0046ab10	FUN_0046ab10	37	unknown
0046ab40	FUN_0046ab40	40	unknown
0046ab70	FUN_0046ab70	102	unknown
0046abe0	FUN_0046abe0	150	unknown
0046ac76	Catch@0046ac76	17	unknown
0046ac90	FUN_0046ac90	296	unknown
0046add0	FUN_0046add0	33	unknown
0046ae00	FUN_0046ae00	37	unknown
0046ae30	FUN_0046ae30	107	unknown
0046ae9b	Catch@0046ae9b	9	unknown
0046aeb0	FUN_0046aeb0	102	unknown
0046af16	Catch@0046af16	9	unknown
0046af20	FUN_0046af20	104	unknown
0046af88	Catch@0046af88	9	unknown
0046afa0	FUN_0046afa0	70	unknown
0046aff0	FUN_0046aff0	27	unknown
0046b010	FUN_0046b010	250	unknown
0046b110	FUN_0046b110	38	unknown
0046b140	FUN_0046b140	29	unknown
0046b160	FUN_0046b160	57	unknown
0046b1a0	FUN_0046b1a0	94	unknown
0046b210	FUN_0046b210	79	unknown
0046b270	FUN_0046b270	26	unknown
0046b290	FUN_0046b290	27	unknown
0046b2b0	FUN_0046b2b0	27	unknown
0046b2d0	FUN_0046b2d0	26	unknown
0046b2f0	FUN_0046b2f0	35	unknown
0046b320	FUN_0046b320	35	unknown
0046b350	FUN_0046b350	49	unknown
0046b390	FUN_0046b390	517	unknown
0046b4eb	Catch@0046b4eb	9	unknown
0046b5b0	FUN_0046b5b0	530	unknown
0046b710	Catch@0046b710	9	unknown
0046b7e0	FUN_0046b7e0	22	unknown
0046b800	FUN_0046b800	185	unknown
0046b8b9	Catch@0046b8b9	17	unknown
0046b8d0	FUN_0046b8d0	102	unknown
0046b940	FUN_0046b940	131	unknown
0046b9d0	FUN_0046b9d0	163	unknown
0046ba80	FUN_0046ba80	27	unknown
0046baa0	FUN_0046baa0	86	unknown
0046bb00	FUN_0046bb00	77	unknown
0046bb50	FUN_0046bb50	66	unknown
0046bba0	FUN_0046bba0	175	unknown
0046bc60	FUN_0046bc60	5	unknown
0046bc70	FUN_0046bc70	5	unknown
0046bc80	AIPathfinding__v4_slot55	5	unknown
0046bc90	FUN_0046bc90	27	unknown
0046bcb0	FUN_0046bcb0	204	unknown
0046bd90	FUN_0046bd90	27	unknown
0046bdb0	FUN_0046bdb0	266	unknown
0046bed0	FUN_0046bed0	295	unknown
0046c000	FUN_0046c000	295	unknown
0046c130	FUN_0046c130	27	unknown
0046c150	FUN_0046c150	287	unknown
0046c270	FUN_0046c270	58	unknown
0046c2b0	FUN_0046c2b0	186	unknown
0046c370	FUN_0046c370	91	unknown
0046c3d0	FUN_0046c3d0	170	unknown
0046c480	FUN_0046c480	461	unknown
0046c660	FUN_0046c660	331	unknown
0046c7b0	FUN_0046c7b0	328	unknown
0046c900	FUN_0046c900	395	unknown
0046ca90	FUN_0046ca90	390	unknown
0046cc20	FUN_0046cc20	448	unknown
0046cdf0	FUN_0046cdf0	2625	unknown
0046d840	FUN_0046d840	341	unknown
0046d9a0	FUN_0046d9a0	3094	unknown
0046e5c0	FUN_0046e5c0	666	unknown
0046e870	FUN_0046e870	136	unknown
0046e900	FUN_0046e900	17	unknown
0046e960	FUN_0046e960	14	unknown
0046e970	FUN_0046e970	13	unknown
0046e980	FUN_0046e980	7	unknown
0046e990	FUN_0046e990	44	unknown
0046e9c0	FUN_0046e9c0	54	unknown
0046ea00	FUN_0046ea00	5185	unknown
0046fec0	FUN_0046fec0	13	unknown
0046fed0	FUN_0046fed0	70	unknown
0046ff20	FUN_0046ff20	43	unknown
0046ff60	FUN_0046ff60	117	unknown
0046ffd5	Catch@0046ffd5	9	unknown
0046fff0	FUN_0046fff0	110	unknown
00470070	FUN_00470070	158	unknown
00470120	FUN_00470120	139	unknown
004701c0	FUN_004701c0	139	unknown
00470260	FUN_00470260	183	unknown
00470320	FUN_00470320	428	unknown
004704d0	FUN_004704d0	415	unknown
00470670	FUN_00470670	95	unknown
004706d0	FUN_004706d0	95	unknown
00470730	FUN_00470730	80	unknown
00470780	FUN_00470780	81	unknown
004707e0	FUN_004707e0	92	unknown
00470840	FUN_00470840	221	unknown
00470920	FUN_00470920	97	unknown
00470990	FUN_00470990	97	unknown
00470a00	FUN_00470a00	146	unknown
00470aa0	FUN_00470aa0	149	unknown
00470b40	FUN_00470b40	157	unknown
00470be0	FUN_00470be0	155	unknown
00470c80	FUN_00470c80	185	unknown
00470d40	FUN_00470d40	71	unknown
00470d90	FUN_00470d90	19	unknown
00470db0	FUN_00470db0	222	unknown
00470e90	FUN_00470e90	220	unknown
00470f70	FUN_00470f70	19	unknown
00470f90	FUN_00470f90	361	unknown
00471100	FUN_00471100	75	unknown
00471160	FUN_00471160	123	unknown
004711e0	FUN_004711e0	285	unknown
00471300	FUN_00471300	121	unknown
00471380	FUN_00471380	123	unknown
00471400	FUN_00471400	320	unknown
00471550	FUN_00471550	183	unknown
00471610	FUN_00471610	51	unknown
00471660	FUN_00471660	7	unknown
00471670	FUN_00471670	297	unknown
004717b0	FUN_004717b0	37	unknown
00471840	FUN_00471840	15	unknown
00471850	FUN_00471850	33	unknown
00471880	FUN_00471880	111	unknown
004718ef	Catch@004718ef	9	unknown
00471910	FUN_00471910	138	unknown
0047199a	Catch@0047199a	9	unknown
004719b0	FUN_004719b0	42	unknown
004719f0	FUN_004719f0	105	unknown
00471a59	Catch@00471a59	9	unknown
00471a70	FUN_00471a70	103	unknown
00471ae0	FUN_00471ae0	53	unknown
00471b20	FUN_00471b20	40	unknown
00471b50	FUN_00471b50	135	unknown
00471be0	FUN_00471be0	300	unknown
00471d20	FUN_00471d20	109	unknown
00471d8d	Catch@00471d8d	9	unknown
00471db0	FUN_00471db0	139	unknown
00471e40	FUN_00471e40	41	unknown
00471e70	FUN_00471e70	58	unknown
00471eb0	FUN_00471eb0	55	unknown
00471ef0	FUN_00471ef0	40	unknown
00471f20	FUN_00471f20	110	unknown
00471f8e	Catch@00471f8e	39	unknown
00471fc0	FUN_00471fc0	141	unknown
00472050	FUN_00472050	383	unknown
004721e0	FUN_004721e0	42	unknown
00472210	FUN_00472210	42	unknown
00472240	FUN_00472240	42	unknown
00472270	FUN_00472270	42	unknown
004722a0	FUN_004722a0	42	unknown
004722d0	FUN_004722d0	42	unknown
00472300	FUN_00472300	42	unknown
00472330	FUN_00472330	42	unknown
00472360	FUN_00472360	42	unknown
00472390	FUN_00472390	42	unknown
004723c0	FUN_004723c0	42	unknown
004723f0	FUN_004723f0	42	unknown
00472420	FUN_00472420	42	unknown
00472450	FUN_00472450	42	unknown
00472480	FUN_00472480	42	unknown
004724b0	FUN_004724b0	42	unknown
004724e0	FUN_004724e0	42	unknown
00472510	FUN_00472510	42	unknown
00472540	FUN_00472540	42	unknown
00472570	FUN_00472570	42	unknown
004725a0	FUN_004725a0	42	unknown
004725d0	FUN_004725d0	42	unknown
00472600	FUN_00472600	39	unknown
00472630	FUN_00472630	223	unknown
00472710	FUN_00472710	51	unknown
00472750	FUN_00472750	683	unknown
00472a30	FUN_00472a30	76	unknown
00472a90	FUN_00472a90	107	unknown
00472afb	Catch@00472afb	37	unknown
00472b30	FUN_00472b30	352	unknown
00472ca0	FUN_00472ca0	50	unknown
00472ce0	FUN_00472ce0	159	unknown
00472d7f	Catch@00472d7f	21	unknown
00472da0	FUN_00472da0	22	unknown
00472dc0	FUN_00472dc0	27	unknown
00472de0	FUN_00472de0	361	unknown
00472f60	FUN_00472f60	131	unknown
00472ff0	FUN_00472ff0	42	unknown
00473020	FUN_00473020	183	unknown
004730e0	FUN_004730e0	719	unknown
004732b8	Catch@004732b8	22	unknown
0047336e	Catch@0047336e	35	unknown
00473400	FUN_00473400	675	unknown
004736b0	FUN_004736b0	32	unknown
004736e0	FUN_004736e0	106	unknown
00473750	FUN_00473750	4951	unknown
00474c60	FUN_00474c60	120	unknown
00474cd8	Catch@00474cd8	17	unknown
00474cf0	FUN_00474cf0	137	unknown
00474d80	FUN_00474d80	37	unknown
00474e00	FUN_00474e00	161	unknown
00474eb0	FUN_00474eb0	117	unknown
00474f30	FUN_00474f30	182	unknown
00475000	FUN_00475000	112	unknown
00475070	FUN_00475070	286	unknown
004751a0	FUN_004751a0	242	unknown
004752a0	FUN_004752a0	167	unknown
00475360	FUN_00475360	475	unknown
00475550	FUN_00475550	161	unknown
00475600	FUN_00475600	112	unknown
00475680	FUN_00475680	109	unknown
00475700	FUN_00475700	107	unknown
00475780	FUN_00475780	133	unknown
00475810	FUN_00475810	405	unknown
004759c0	FUN_004759c0	1297	unknown
00475f79	FUN_00475f79	1028	unknown
00476370	FUN_00476370	23	unknown
00476390	FUN_00476390	14	unknown
004763a0	FUN_004763a0	13	unknown
004763b0	FUN_004763b0	105	unknown
00476419	Catch@00476419	9	unknown
00476430	FUN_00476430	111	unknown
0047649f	Catch@0047649f	9	unknown
004764c0	ORPHAN_CANDIDATE_004764c0	673	unknown
004768a0	ORPHAN_CANDIDATE_004768a0	332	unknown
00476a00	FUN_00476a00	51	unknown
00476a40	FUN_00476a40	104	unknown
00476aa8	Catch@00476aa8	46	unknown
00476ae0	FUN_00476ae0	28	unknown
00476b00	FUN_00476b00	137	unknown
00476b89	Catch@00476b89	17	unknown
00476ba0	ORPHAN_CANDIDATE_00476ba0	2393	unknown
004775b0	FUN_004775b0	25	unknown
004775d0	ORPHAN_CANDIDATE_004775d0	4973	unknown
004789c0	FUN_004789c0	759	unknown
00478cd0	FUN_00478cd0	18	unknown
00478cf0	FUN_00478cf0	18	unknown
00478d10	FUN_00478d10	257	unknown
00478e20	FUN_00478e20	41	unknown
00478e50	FUN_00478e50	105	unknown
00478ec0	FUN_00478ec0	257	unknown
00478fd0	FUN_00478fd0	222	unknown
004790b0	FUN_004790b0	138	unknown
00479140	FUN_00479140	257	unknown
00479250	FUN_00479250	107	unknown
004792d0	FUN_004792d0	222	unknown
004793b0	FUN_004793b0	138	unknown
00479440	FUN_00479440	257	unknown
00479550	FUN_00479550	222	unknown
00479630	FUN_00479630	138	unknown
004796c0	FUN_004796c0	257	unknown
004797d0	FUN_004797d0	222	unknown
004798b0	FUN_004798b0	138	unknown
00479940	FUN_00479940	257	unknown
00479a50	FUN_00479a50	222	unknown
00479b30	FUN_00479b30	138	unknown
00479bc0	FUN_00479bc0	257	unknown
00479cd0	FUN_00479cd0	222	unknown
00479db0	FUN_00479db0	138	unknown
00479e40	FUN_00479e40	257	unknown
00479f50	FUN_00479f50	222	unknown
0047a030	FUN_0047a030	138	unknown
0047a0c0	FUN_0047a0c0	257	unknown
0047a1d0	FUN_0047a1d0	222	unknown
0047a2b0	FUN_0047a2b0	138	unknown
0047a340	FUN_0047a340	257	unknown
0047a450	FUN_0047a450	222	unknown
0047a530	FUN_0047a530	138	unknown
0047a5c0	FUN_0047a5c0	257	unknown
0047a6d0	FUN_0047a6d0	222	unknown
0047a7b0	FUN_0047a7b0	138	unknown
0047a840	FUN_0047a840	257	unknown
0047a950	FUN_0047a950	222	unknown
0047aa30	FUN_0047aa30	138	unknown
0047aac0	FUN_0047aac0	257	unknown
0047abd0	FUN_0047abd0	14	unknown
0047abe0	FUN_0047abe0	222	unknown
0047acc0	FUN_0047acc0	138	unknown
0047ad50	FUN_0047ad50	257	unknown
0047ae60	FUN_0047ae60	222	unknown
0047af40	FUN_0047af40	138	unknown
0047afd0	FUN_0047afd0	257	unknown
0047b0e0	FUN_0047b0e0	222	unknown
0047b1c0	FUN_0047b1c0	138	unknown
0047b250	FUN_0047b250	257	unknown
0047b360	FUN_0047b360	222	unknown
0047b440	FUN_0047b440	138	unknown
0047b4d0	FUN_0047b4d0	257	unknown
0047b5e0	FUN_0047b5e0	222	unknown
0047b6c0	FUN_0047b6c0	138	unknown
0047b750	FUN_0047b750	257	unknown
0047b860	FUN_0047b860	222	unknown
0047b940	FUN_0047b940	138	unknown
0047b9d0	FUN_0047b9d0	257	unknown
0047bae0	FUN_0047bae0	222	unknown
0047bbc0	FUN_0047bbc0	138	unknown
0047bc50	FUN_0047bc50	257	unknown
0047bd60	FUN_0047bd60	222	unknown
0047be40	FUN_0047be40	138	unknown
0047bed0	FUN_0047bed0	257	unknown
0047bfe0	FUN_0047bfe0	222	unknown
0047c0c0	FUN_0047c0c0	138	unknown
0047c150	FUN_0047c150	257	unknown
0047c260	FUN_0047c260	222	unknown
0047c340	FUN_0047c340	138	unknown
0047c3d0	FUN_0047c3d0	257	unknown
0047c4e0	FUN_0047c4e0	222	unknown
0047c5c0	FUN_0047c5c0	138	unknown
0047c650	FUN_0047c650	257	unknown
0047c760	FUN_0047c760	222	unknown
0047c840	FUN_0047c840	138	unknown
0047c920	FUN_0047c920	23	unknown
0047c940	FUN_0047c940	8	unknown
0047c950	FUN_0047c950	54	unknown
0047c9e0	FUN_0047c9e0	257	unknown
0047caf0	FUN_0047caf0	14	unknown
0047cb00	FUN_0047cb00	70	unknown
0047cb50	FUN_0047cb50	105	unknown
0047cbc0	FUN_0047cbc0	139	unknown
0047cc50	FUN_0047cc50	257	unknown
0047cd60	FUN_0047cd60	78	unknown
0047cdb0	FUN_0047cdb0	153	unknown
0047ce50	FUN_0047ce50	257	unknown
0047cf60	FUN_0047cf60	80	unknown
0047cfb0	FUN_0047cfb0	153	unknown
0047d050	FUN_0047d050	257	unknown
0047d160	FUN_0047d160	105	unknown
0047d1d0	FUN_0047d1d0	153	unknown
0047d270	FUN_0047d270	257	unknown
0047d380	FUN_0047d380	89	unknown
0047d3e0	FUN_0047d3e0	153	unknown
0047d480	FUN_0047d480	257	unknown
0047d590	FUN_0047d590	89	unknown
0047d5f0	FUN_0047d5f0	153	unknown
0047d690	FUN_0047d690	257	unknown
0047d7a0	FUN_0047d7a0	18	unknown
0047d7c0	FUN_0047d7c0	89	unknown
0047d820	FUN_0047d820	153	unknown
0047d8c0	FUN_0047d8c0	257	unknown
0047d9d0	FUN_0047d9d0	70	unknown
0047da20	FUN_0047da20	153	unknown
0047dac0	FUN_0047dac0	257	unknown
0047dbd0	FUN_0047dbd0	70	unknown
0047dc20	FUN_0047dc20	153	unknown
0047dcc0	FUN_0047dcc0	257	unknown
0047ddd0	FUN_0047ddd0	87	unknown
0047de30	FUN_0047de30	153	unknown
0047ded0	FUN_0047ded0	352	unknown
0047e040	FUN_0047e040	54	unknown
0047e080	FUN_0047e080	250	unknown
0047e180	FUN_0047e180	367	unknown
0047e300	FUN_0047e300	18	unknown
0047e320	FUN_0047e320	319	unknown
0047e460	FUN_0047e460	276	unknown
0047e580	FUN_0047e580	476	unknown
0047e770	FUN_0047e770	431	unknown
0047e920	FUN_0047e920	223	unknown
0047ea10	FUN_0047ea10	127	unknown
0047ea90	FUN_0047ea90	28	unknown
0047eab0	FUN_0047eab0	295	unknown
0047ec40	FUN_0047ec40	18	unknown
0047ec60	FUN_0047ec60	54	unknown
0047eca0	FUN_0047eca0	257	unknown
0047edb0	FUN_0047edb0	14	unknown
0047edc0	FUN_0047edc0	70	unknown
0047ee10	FUN_0047ee10	105	unknown
0047ee80	FUN_0047ee80	257	unknown
0047ef90	FUN_0047ef90	70	unknown
0047efe0	FUN_0047efe0	153	unknown
0047f080	FUN_0047f080	257	unknown
0047f190	FUN_0047f190	70	unknown
0047f1e0	FUN_0047f1e0	153	unknown
0047f280	FUN_0047f280	257	unknown
0047f390	FUN_0047f390	70	unknown
0047f3e0	FUN_0047f3e0	153	unknown
0047f480	FUN_0047f480	257	unknown
0047f590	FUN_0047f590	70	unknown
0047f5e0	FUN_0047f5e0	153	unknown
0047f680	FUN_0047f680	257	unknown
0047f790	FUN_0047f790	70	unknown
0047f7e0	FUN_0047f7e0	153	unknown
0047f880	FUN_0047f880	257	unknown
0047f990	FUN_0047f990	33	unknown
0047f9c0	FUN_0047f9c0	153	unknown
0047fa60	FUN_0047fa60	257	unknown
0047fb70	FUN_0047fb70	39	unknown
0047fba0	FUN_0047fba0	153	unknown
0047fc40	FUN_0047fc40	158	unknown
0047fd90	FUN_0047fd90	97	unknown
0047fe00	FUN_0047fe00	257	unknown
0047ff10	FUN_0047ff10	12	unknown
0047ff20	FUN_0047ff20	72	unknown
0047ff70	FUN_0047ff70	105	unknown
0047ffe0	FUN_0047ffe0	257	unknown
004800f0	FUN_004800f0	86	unknown
00480150	FUN_00480150	153	unknown
004801f0	FUN_004801f0	257	unknown
00480300	FUN_00480300	120	unknown
00480380	FUN_00480380	173	unknown
00480430	FUN_00480430	61	unknown
00480470	FUN_00480470	279	unknown
00480590	FUN_00480590	222	unknown
00480670	FUN_00480670	232	unknown
00480760	FUN_00480760	257	unknown
00480870	FUN_00480870	19	unknown
00480890	FUN_00480890	85	unknown
004808f0	FUN_004808f0	153	unknown
00480990	FUN_00480990	257	unknown
00480aa0	FUN_00480aa0	82	unknown
00480b00	FUN_00480b00	153	unknown
00480ba0	FUN_00480ba0	257	unknown
00480cb0	FUN_00480cb0	82	unknown
00480d10	FUN_00480d10	153	unknown
00480db0	FUN_00480db0	257	unknown
00480ec0	FUN_00480ec0	82	unknown
00480f20	FUN_00480f20	153	unknown
00480fc0	FUN_00480fc0	257	unknown
004810d0	FUN_004810d0	42	unknown
00481100	FUN_00481100	153	unknown
004811a0	FUN_004811a0	127	unknown
00481220	FUN_00481220	29	unknown
00481240	FUN_00481240	149	unknown
004812e0	FUN_004812e0	86	unknown
00481340	FUN_00481340	149	unknown
004813e0	FUN_004813e0	86	unknown
00481440	FUN_00481440	149	unknown
004814e0	FUN_004814e0	86	unknown
00481540	FUN_00481540	257	unknown
00481650	FUN_00481650	57	unknown
00481690	FUN_00481690	173	unknown
00481740	FUN_00481740	257	unknown
00481850	FUN_00481850	57	unknown
00481890	FUN_00481890	173	unknown
00481940	FUN_00481940	257	unknown
00481a50	FUN_00481a50	46	unknown
00481a80	FUN_00481a80	153	unknown
00481b20	FUN_00481b20	257	unknown
00481c30	FUN_00481c30	40	unknown
00481c60	FUN_00481c60	153	unknown
00481d00	FUN_00481d00	257	unknown
00481e10	FUN_00481e10	40	unknown
00481e40	FUN_00481e40	153	unknown
00481ee0	FUN_00481ee0	127	unknown
00481f60	FUN_00481f60	50	unknown
00481fa0	FUN_00481fa0	127	unknown
00482020	FUN_00482020	50	unknown
00482060	FUN_00482060	257	unknown
00482170	FUN_00482170	40	unknown
004821a0	FUN_004821a0	153	unknown
00482240	FUN_00482240	257	unknown
00482350	FUN_00482350	40	unknown
00482380	FUN_00482380	153	unknown
00482420	FUN_00482420	257	unknown
00482530	FUN_00482530	40	unknown
00482560	FUN_00482560	153	unknown
00482600	FUN_00482600	257	unknown
00482710	FUN_00482710	40	unknown
00482740	FUN_00482740	153	unknown
004827e0	FUN_004827e0	257	unknown
004828f0	FUN_004828f0	86	unknown
00482950	FUN_00482950	153	unknown
004829f0	FUN_004829f0	257	unknown
00482b00	FUN_00482b00	86	unknown
00482b60	FUN_00482b60	153	unknown
00482c00	FUN_00482c00	257	unknown
00482d10	FUN_00482d10	86	unknown
00482d70	FUN_00482d70	153	unknown
00482e10	FUN_00482e10	257	unknown
00482f20	FUN_00482f20	18	unknown
00482f40	FUN_00482f40	86	unknown
00482fa0	FUN_00482fa0	153	unknown
00483040	FUN_00483040	298	unknown
00483180	FUN_00483180	556	unknown
004833b0	FUN_004833b0	25	unknown
004833d0	FUN_004833d0	25	unknown
004833f0	FUN_004833f0	25	unknown
00483410	FUN_00483410	25	unknown
00483430	FUN_00483430	25	unknown
00483450	FUN_00483450	105	unknown
004834b9	Catch@004834b9	9	unknown
004834d0	FUN_004834d0	30	unknown
00483500	FUN_00483500	121	unknown
004835c0	FUN_004835c0	85	unknown
00483620	FUN_00483620	85	unknown
00483680	FUN_00483680	117	unknown
00483700	FUN_00483700	73	unknown
00483750	FUN_00483750	128	unknown
004837d0	FUN_004837d0	186	unknown
004838a0	FUN_004838a0	262	unknown
004839b0	FUN_004839b0	154	unknown
00483a50	FUN_00483a50	347	unknown
00483bb0	FUN_00483bb0	38	unknown
00483be0	FUN_00483be0	496	unknown
00483dd0	FUN_00483dd0	36	unknown
00483e00	FUN_00483e00	103	unknown
00483f60	FUN_00483f60	200	unknown
00484070	FUN_00484070	185	unknown
00484130	FUN_00484130	92	unknown
00484190	FUN_00484190	33	unknown
004841c0	FUN_004841c0	27	unknown
004841e0	FUN_004841e0	13	unknown
004841f0	FUN_004841f0	275	unknown
00484310	FUN_00484310	199	unknown
004843e0	FUN_004843e0	101	unknown
00484450	FUN_00484450	171	unknown
00484500	FUN_00484500	122	unknown
00484580	FUN_00484580	133	unknown
00484610	FUN_00484610	83	unknown
00484670	FUN_00484670	79	unknown
004846d0	FUN_004846d0	42	unknown
00484700	FUN_00484700	103	unknown
00484770	FUN_00484770	233	unknown
0048485a	FUN_0048485a	92	unknown
004848d0	FUN_004848d0	384	unknown
00484a60	FUN_00484a60	164	unknown
00484b10	FUN_00484b10	34	unknown
00484b40	FUN_00484b40	530	unknown
00484ca0	Catch@00484ca0	9	unknown
00484d70	FUN_00484d70	412	unknown
00484f30	FUN_00484f30	426	unknown
004850e0	FUN_004850e0	156	unknown
00485180	FUN_00485180	54	unknown
004851c0	FUN_004851c0	77	unknown
00485210	FUN_00485210	251	unknown
00485310	FUN_00485310	51	unknown
00485350	FUN_00485350	102	unknown
004853c0	FUN_004853c0	43	unknown
004853f0	FUN_004853f0	99	unknown
00485460	FUN_00485460	27	unknown
00485480	FUN_00485480	93	unknown
004854e0	FUN_004854e0	436	unknown
004856b0	FUN_004856b0	186	unknown
00485770	FUN_00485770	79	unknown
004857d0	FUN_004857d0	24	unknown
004857f0	FUN_004857f0	22	unknown
00485810	FUN_00485810	71	unknown
00485860	FUN_00485860	100	unknown
004858d0	FUN_004858d0	139	unknown
00485960	FUN_00485960	61	unknown
004859a0	FUN_004859a0	109	unknown
00485a0d	Catch@00485a0d	9	unknown
00485a30	FUN_00485a30	638	unknown
00485cc0	FUN_00485cc0	249	unknown
00485dd0	FUN_00485dd0	556	unknown
00486010	FUN_00486010	90	unknown
00486070	FUN_00486070	21	unknown
00486090	FUN_00486090	42	unknown
004860c0	FUN_004860c0	550	unknown
004862f0	FUN_004862f0	999	unknown
004866e0	FUN_004866e0	40	unknown
00486710	FUN_00486710	44	unknown
00486740	FUN_00486740	4	unknown
00486750	FUN_00486750	62	unknown
00486790	FUN_00486790	15	unknown
004867a0	FUN_004867a0	56	unknown
004867e0	FUN_004867e0	40	unknown
00486810	FUN_00486810	32	unknown
00486830	FUN_00486830	25	unknown
00486850	FUN_00486850	43	unknown
00486880	FUN_00486880	83	unknown
004868e0	FUN_004868e0	22	unknown
00486900	FUN_00486900	43	unknown
00486940	FUN_00486940	138	unknown
004869ca	Catch@004869ca	9	unknown
004869e0	FUN_004869e0	117	unknown
00486a55	Catch@00486a55	9	unknown
00486a70	FUN_00486a70	138	unknown
00486afa	Catch@00486afa	9	unknown
00486b10	FUN_00486b10	104	unknown
00486b90	FUN_00486b90	159	unknown
00486c2f	Catch@00486c2f	21	unknown
00486c50	FUN_00486c50	166	unknown
00486d00	FUN_00486d00	218	unknown
00486dda	Catch@00486dda	40	unknown
00486e08	FUN_00486e08	114	unknown
00486e80	FUN_00486e80	131	unknown
00486f10	FUN_00486f10	428	unknown
004870c0	FUN_004870c0	215	unknown
004871a0	FUN_004871a0	282	unknown
004872c0	FUN_004872c0	224	unknown
004873a0	FUN_004873a0	81	unknown
00487400	FUN_00487400	166	unknown
004874b0	FUN_004874b0	31	unknown
004874d0	FUN_004874d0	54	unknown
00487510	FUN_00487510	185	unknown
004875d0	FUN_004875d0	183	unknown
00487690	FUN_00487690	65	unknown
004876e0	FUN_004876e0	86	unknown
00487740	FUN_00487740	59	unknown
00487780	FUN_00487780	76	unknown
004877d0	FUN_004877d0	95	unknown
00487830	FUN_00487830	1165	unknown
00487cc0	FUN_00487cc0	1691	unknown
00488360	FUN_00488360	166	unknown
00488410	FUN_00488410	285	unknown
00488530	FUN_00488530	210	unknown
00488610	FUN_00488610	32	unknown
00488640	FUN_00488640	183	unknown
00488700	FUN_00488700	120	unknown
00488778	Catch@00488778	17	unknown
00488790	FUN_00488790	106	unknown
00488800	FUN_00488800	61	unknown
00488840	FUN_00488840	117	unknown
004888b5	Catch@004888b5	9	unknown
004888d0	FUN_004888d0	428	unknown
00488a80	FUN_00488a80	677	unknown
00488e20	FUN_00488e20	69	unknown
00488e80	FUN_00488e80	277	unknown
00489110	FUN_00489110	302	unknown
00489240	FUN_00489240	56	unknown
004894a0	FUN_004894a0	47	unknown
004894d0	FUN_004894d0	6	unknown
004894e0	FUN_004894e0	4	unknown
004894f0	FUN_004894f0	4	unknown
00489500	GameEventManager__v0_slot05	16	unknown
00489510	FUN_00489510	13	unknown
00489520	FUN_00489520	7	unknown
00489530	FUN_00489530	13	unknown
00489540	FUN_00489540	7	unknown
00489550	FUN_00489550	8	unknown
00489560	FUN_00489560	8	unknown
00489570	FUN_00489570	970	unknown
00489940	FUN_00489940	27	unknown
00489960	FUN_00489960	25	unknown
00489980	FUN_00489980	73	unknown
004899d0	FUN_004899d0	85	unknown
00489a30	FUN_00489a30	89	unknown
00489a90	FUN_00489a90	93	unknown
00489af0	FUN_00489af0	117	unknown
00489b65	Catch@00489b65	9	unknown
00489b80	FUN_00489b80	138	unknown
00489c0a	Catch@00489c0a	9	unknown
00489c20	FUN_00489c20	138	unknown
00489caa	Catch@00489caa	9	unknown
00489cc0	FUN_00489cc0	43	unknown
00489d00	FUN_00489d00	159	unknown
00489d9f	Catch@00489d9f	21	unknown
00489dc0	FUN_00489dc0	104	unknown
00489e30	FUN_00489e30	131	unknown
00489ec0	FUN_00489ec0	103	unknown
00489f30	FUN_00489f30	106	unknown
00489fa0	FUN_00489fa0	428	unknown
0048a150	FUN_0048a150	173	unknown
0048a200	FUN_0048a200	714	unknown
0048a4d0	FUN_0048a4d0	185	unknown
0048a590	FUN_0048a590	183	unknown
0048a650	FUN_0048a650	637	unknown
0048a8e0	FUN_0048a8e0	32	unknown
0048a910	FUN_0048a910	120	unknown
0048a988	Catch@0048a988	17	unknown
0048a9a0	FUN_0048a9a0	37	unknown
0048aa00	FUN_0048aa00	93	unknown
0048aa60	FUN_0048aa60	97	unknown
0048aad0	FUN_0048aad0	117	unknown
0048ab45	Catch@0048ab45	9	unknown
0048ab60	FUN_0048ab60	428	unknown
0048ad10	FUN_0048ad10	366	unknown
0048ae90	FUN_0048ae90	676	unknown
0048b220	FUN_0048b220	380	unknown
0048b3a0	FUN_0048b3a0	94	unknown
0048b4c0	FUN_0048b4c0	95	unknown
0048b520	FUN_0048b520	74	unknown
0048b570	FUN_0048b570	74	unknown
0048b5c0	FUN_0048b5c0	29	unknown
0048b5e0	BAPConTrue__v0_slot01	6	unknown
0048b5f0	FUN_0048b5f0	85	unknown
0048b650	FUN_0048b650	6	unknown
0048b660	FUN_0048b660	51	unknown
0048b6a0	FUN_0048b6a0	28	unknown
0048b6c0	FUN_0048b6c0	6	unknown
0048b6d0	FUN_0048b6d0	8	unknown
0048b6e0	FUN_0048b6e0	7	unknown
0048b6f0	FUN_0048b6f0	7	unknown
0048b700	FUN_0048b700	113	unknown
0048b780	FUN_0048b780	64	unknown
0048b7d0	FUN_0048b7d0	7	unknown
0048b7e0	FUN_0048b7e0	24	unknown
0048b800	FUN_0048b800	23	unknown
0048b820	FUN_0048b820	7	unknown
0048b830	FUN_0048b830	7	unknown
0048b840	FUN_0048b840	24	unknown
0048b860	FUN_0048b860	25	unknown
0048b880	FUN_0048b880	25	unknown
0048b8a0	FUN_0048b8a0	23	unknown
0048b8c0	FUN_0048b8c0	33	unknown
0048b8f0	FUN_0048b8f0	6	unknown
0048b900	FUN_0048b900	6	unknown
0048b910	FUN_0048b910	22	unknown
0048b930	FUN_0048b930	6	unknown
0048b940	FUN_0048b940	143	unknown
0048b9d0	FUN_0048b9d0	209	unknown
0048bab0	FUN_0048bab0	207	unknown
0048bb80	FUN_0048bb80	207	unknown
0048bc50	FUN_0048bc50	207	unknown
0048bd20	FUN_0048bd20	207	unknown
0048bdf0	FUN_0048bdf0	207	unknown
0048bec0	FUN_0048bec0	207	unknown
0048bf90	FUN_0048bf90	207	unknown
0048c060	FUN_0048c060	207	unknown
0048c130	FUN_0048c130	13	unknown
0048c140	FUN_0048c140	7	unknown
0048c150	FUN_0048c150	45	unknown
0048c180	FUN_0048c180	7	unknown
0048c190	FUN_0048c190	18	unknown
0048c1b0	FUN_0048c1b0	91	unknown
0048c210	FUN_0048c210	19	unknown
0048c230	FUN_0048c230	91	unknown
0048c290	FUN_0048c290	27	unknown
0048c2b0	FUN_0048c2b0	33	unknown
0048c2e0	FUN_0048c2e0	119	unknown
0048c360	FUN_0048c360	121	unknown
0048c3e0	FUN_0048c3e0	87	unknown
0048c440	FUN_0048c440	91	unknown
0048c4a0	FUN_0048c4a0	102	unknown
0048c510	FUN_0048c510	112	unknown
0048c580	FUN_0048c580	21	unknown
0048c5a0	FUN_0048c5a0	107	unknown
0048c60b	Catch@0048c60b	9	unknown
0048c620	FUN_0048c620	107	unknown
0048c68b	Catch@0048c68b	9	unknown
0048c6a0	FUN_0048c6a0	192	unknown
0048c760	FUN_0048c760	111	unknown
0048c7cf	Catch@0048c7cf	9	unknown
0048c7f0	FUN_0048c7f0	43	unknown
0048c830	FUN_0048c830	43	unknown
0048c870	FUN_0048c870	111	unknown
0048c8df	Catch@0048c8df	9	unknown
0048c900	FUN_0048c900	114	unknown
0048c972	Catch@0048c972	9	unknown
0048c990	FUN_0048c990	117	unknown
0048ca05	Catch@0048ca05	9	unknown
0048ca20	FUN_0048ca20	138	unknown
0048caaa	Catch@0048caaa	9	unknown
0048cac0	FUN_0048cac0	33	unknown
0048caf0	FUN_0048caf0	35	unknown
0048cb20	FUN_0048cb20	102	unknown
0048cb86	Catch@0048cb86	9	unknown
0048cb90	FUN_0048cb90	102	unknown
0048cbf6	Catch@0048cbf6	9	unknown
0048cc00	FUN_0048cc00	71	unknown
0048cc50	FUN_0048cc50	242	unknown
0048cd50	FUN_0048cd50	120	unknown
0048cdd0	FUN_0048cdd0	72	unknown
0048ce20	FUN_0048ce20	58	unknown
0048ce60	FUN_0048ce60	284	unknown
0048cf80	FUN_0048cf80	145	unknown
0048d020	FUN_0048d020	37	unknown
0048d050	FUN_0048d050	43	unknown
0048d080	FUN_0048d080	113	unknown
0048d100	FUN_0048d100	90	unknown
0048d160	FUN_0048d160	37	unknown
0048d190	FUN_0048d190	518	unknown
0048d3a0	FUN_0048d3a0	41	unknown
0048d3d0	FUN_0048d3d0	27	unknown
0048d3f0	FUN_0048d3f0	27	unknown
0048d410	FUN_0048d410	69	unknown
0048d460	FUN_0048d460	59	unknown
0048d4a0	FUN_0048d4a0	176	unknown
0048d550	FUN_0048d550	220	unknown
0048d630	FUN_0048d630	179	unknown
0048d6f0	FUN_0048d6f0	550	unknown
0048d920	FUN_0048d920	386	unknown
0048dab0	FUN_0048dab0	92	unknown
0048db10	FUN_0048db10	119	unknown
0048db90	FUN_0048db90	160	unknown
0048dc30	FUN_0048dc30	81	unknown
0048dc90	FUN_0048dc90	933	unknown
0048e040	FUN_0048e040	69	unknown
0048e090	FUN_0048e090	60	unknown
0048e0d0	FUN_0048e0d0	42	unknown
0048e100	FUN_0048e100	38	unknown
0048e130	FUN_0048e130	243	unknown
0048e230	FUN_0048e230	285	unknown
0048e350	FUN_0048e350	66	unknown
0048e3a0	FUN_0048e3a0	311	unknown
0048e4e0	FUN_0048e4e0	428	unknown
0048e690	FUN_0048e690	111	unknown
0048e700	FUN_0048e700	1665	unknown
0048ed90	GameEvent__v0_slot01	27	unknown
0048edb0	FUN_0048edb0	15	unknown
0048edc0	FUN_0048edc0	792	unknown
0048f100	FUN_0048f100	199	unknown
0048f1d0	FUN_0048f1d0	449	unknown
0048f3a0	SpecialGameEvent__v0_slot01	34	unknown
0048f3d0	FUN_0048f3d0	381	unknown
0048f550	FUN_0048f550	258	unknown
0048f660	FUN_0048f660	190	unknown
0048f720	FUN_0048f720	23	unknown
0048f740	FUN_0048f740	134	unknown
0048f7d0	FUN_0048f7d0	291	unknown
0048f900	FUN_0048f900	148	unknown
0048f9a0	FUN_0048f9a0	70	unknown
0048f9f0	FUN_0048f9f0	70	unknown
0048fa40	FUN_0048fa40	23	unknown
0048fa60	FUN_0048fa60	826	unknown
0048fda0	FUN_0048fda0	1071	unknown
004901e0	FUN_004901e0	55	unknown
00490220	FUN_00490220	405	unknown
004903c0	FUN_004903c0	706	unknown
00490690	FUN_00490690	129	unknown
00490720	FUN_00490720	299	unknown
00490850	FUN_00490850	66	unknown
004908a0	FUN_004908a0	397	unknown
00490a30	FUN_00490a30	94	unknown
00490aa0	FUN_00490aa0	81	unknown
00490b00	FUN_00490b00	185	unknown
00490bc0	FUN_00490bc0	185	unknown
00490c80	FUN_00490c80	31	unknown
00490ca0	FUN_00490ca0	183	unknown
00490d60	FUN_00490d60	76	unknown
00490db0	FUN_00490db0	183	unknown
00490e70	FUN_00490e70	729	unknown
0049106d	Catch@0049106d	9	unknown
00491170	FUN_00491170	530	unknown
004912d0	Catch@004912d0	9	unknown
004913a0	FUN_004913a0	534	unknown
00491506	Catch@00491506	9	unknown
004915d0	FUN_004915d0	119	unknown
00491650	FUN_00491650	112	unknown
004916d0	FUN_004916d0	64	unknown
00491710	FUN_00491710	132	unknown
004917e0	FUN_004917e0	1166	unknown
00491ca0	FUN_00491ca0	24	unknown
00491cc0	FUN_00491cc0	92	unknown
00491d20	FUN_00491d20	769	unknown
00492030	FUN_00492030	171	unknown
004920e0	FUN_004920e0	90	unknown
00492140	FUN_00492140	172	unknown
004921f0	FUN_004921f0	106	unknown
00492260	FUN_00492260	131	unknown
004922f0	FUN_004922f0	105	unknown
00492360	FUN_00492360	51	unknown
004923a0	FUN_004923a0	804	unknown
004926d0	FUN_004926d0	1656	unknown
00492d50	FUN_00492d50	92	unknown
00492de0	FUN_00492de0	643	unknown
00493070	FUN_00493070	77	unknown
004930c0	FUN_004930c0	137	unknown
00493150	FUN_00493150	98	unknown
004931c0	FUN_004931c0	1097	unknown
00493620	FUN_00493620	67	unknown
00493670	FUN_00493670	329	unknown
004937c0	FUN_004937c0	1227	unknown
00493ca0	FUN_00493ca0	455	unknown
00493e70	FUN_00493e70	548	unknown
004940a0	FUN_004940a0	89	unknown
00494100	FUN_00494100	361	unknown
00494270	FUN_00494270	422	unknown
00494420	FUN_00494420	611	unknown
00494690	FUN_00494690	209	unknown
00494770	FUN_00494770	114	unknown
0049485a	FUN_0049485a	22	unknown
00494c60	FUN_00494c60	57	unknown
00494ca0	FUN_00494ca0	7	unknown
00494cb0	FUN_00494cb0	13	unknown
00494cc0	FUN_00494cc0	7	unknown
00494cd0	FUN_00494cd0	7	unknown
00494ce0	FUN_00494ce0	13	unknown
00494cf0	FUN_00494cf0	7	unknown
00494d00	FUN_00494d00	13	unknown
00494d10	PlayerControlObjectTemplate__v428_slot55	13	unknown
00494d20	FUN_00494d20	21	unknown
00494d40	FUN_00494d40	13	unknown
00494d50	FUN_00494d50	7	unknown
00494d60	FUN_00494d60	13	unknown
00494d70	FUN_00494d70	7	unknown
00494d80	FUN_00494d80	13	unknown
00494d90	FUN_00494d90	13	unknown
00494da0	FUN_00494da0	7	unknown
00494db0	FUN_00494db0	23	unknown
00494dd0	FUN_00494dd0	38	unknown
00494e00	FUN_00494e00	21	unknown
00494e20	FUN_00494e20	13	unknown
00494e30	FUN_00494e30	7	unknown
00494e40	FUN_00494e40	7	unknown
00494e50	FUN_00494e50	7	unknown
00494e60	FUN_00494e60	7	unknown
00494e70	FUN_00494e70	7	unknown
00494e80	FUN_00494e80	7	unknown
00494e90	FUN_00494e90	7	unknown
00494ea0	FUN_00494ea0	13	unknown
00494eb0	FUN_00494eb0	7	unknown
00494ec0	FUN_00494ec0	13	unknown
00494ed0	FUN_00494ed0	7	unknown
00494ee0	FUN_00494ee0	7	unknown
00494ef0	FUN_00494ef0	13	unknown
00494f00	FUN_00494f00	13	unknown
00494f10	FUN_00494f10	7	unknown
00494f20	FUN_00494f20	13	unknown
00494f30	FUN_00494f30	7	unknown
00494f40	FUN_00494f40	13	unknown
00494f50	FUN_00494f50	7	unknown
00494f60	FUN_00494f60	13	unknown
00494f70	FUN_00494f70	7	unknown
00494f80	FUN_00494f80	13	unknown
00494f90	FUN_00494f90	7	unknown
00494fa0	FUN_00494fa0	7	unknown
00494fb0	FUN_00494fb0	7	unknown
00494fc0	FUN_00494fc0	7	unknown
00494fd0	FUN_00494fd0	7	unknown
00494fe0	FUN_00494fe0	7	unknown
00494ff0	FUN_00494ff0	7	unknown
00495000	FUN_00495000	7	unknown
00495010	FUN_00495010	7	unknown
00495020	FUN_00495020	7	unknown
00495030	FUN_00495030	7	unknown
00495040	FUN_00495040	10	unknown
00495050	FUN_00495050	10	unknown
00495060	FUN_00495060	13	unknown
00495070	FUN_00495070	7	unknown
00495080	FUN_00495080	13	unknown
00495090	FUN_00495090	7	unknown
004950a0	FUN_004950a0	13	unknown
004950b0	FUN_004950b0	7	unknown
004950c0	FUN_004950c0	7	unknown
004950d0	FUN_004950d0	13	unknown
004950e0	FUN_004950e0	7	unknown
004950f0	FUN_004950f0	13	unknown
00495100	FUN_00495100	13	unknown
00495110	FUN_00495110	7	unknown
00495120	FUN_00495120	13	unknown
00495130	FUN_00495130	7	unknown
00495140	FUN_00495140	13	unknown
00495150	FUN_00495150	7	unknown
00495160	FUN_00495160	13	unknown
00495170	FUN_00495170	7	unknown
00495180	FUN_00495180	27	unknown
004951a0	FUN_004951a0	13	unknown
004951b0	FUN_004951b0	11	unknown
004951c0	FUN_004951c0	11	unknown
004951d0	FUN_004951d0	11	unknown
004951e0	FUN_004951e0	11	unknown
004951f0	FUN_004951f0	11	unknown
00495200	FUN_00495200	11	unknown
00495210	FUN_00495210	11	unknown
00495220	FUN_00495220	14	unknown
00495230	FUN_00495230	32	unknown
00495250	FUN_00495250	82	unknown
004952b0	FUN_004952b0	11	unknown
004952c0	FUN_004952c0	11	unknown
004952d0	FUN_004952d0	19	unknown
004952f0	FUN_004952f0	120	unknown
00495370	FUN_00495370	3302	unknown
00496100	FUN_00496100	2768	unknown
00496c20	FUN_00496c20	1275	unknown
00497120	FUN_00497120	27	unknown
00497140	FUN_00497140	504	unknown
00497360	FUN_00497360	12	unknown
00497370	FUN_00497370	26	unknown
00497390	FUN_00497390	23	unknown
004973e0	FUN_004973e0	37	unknown
00497410	FUN_00497410	37	unknown
00497440	FUN_00497440	37	unknown
00497470	FUN_00497470	8	unknown
00497480	FUN_00497480	8	unknown
00497490	FUN_00497490	8	unknown
004974a0	FUN_004974a0	142	unknown
00497540	FUN_00497540	8	unknown
00497550	FUN_00497550	8	unknown
00497560	FUN_00497560	33	unknown
00497590	FUN_00497590	69	unknown
004975e0	FUN_004975e0	37	unknown
00497610	FUN_00497610	37	unknown
00497640	FUN_00497640	37	unknown
00497670	FUN_00497670	37	unknown
004976a0	FUN_004976a0	37	unknown
004976d0	FUN_004976d0	37	unknown
00497700	FUN_00497700	37	unknown
00497730	FUN_00497730	37	unknown
00497760	FUN_00497760	37	unknown
00497790	FUN_00497790	37	unknown
004977c0	FUN_004977c0	37	unknown
004977f0	FUN_004977f0	37	unknown
00497820	FUN_00497820	37	unknown
00497850	FUN_00497850	37	unknown
00497880	FUN_00497880	37	unknown
004978b0	FUN_004978b0	37	unknown
004978e0	FUN_004978e0	37	unknown
00497910	FUN_00497910	37	unknown
00497940	FUN_00497940	37	unknown
00497970	FUN_00497970	37	unknown
004979a0	FUN_004979a0	37	unknown
004979d0	FUN_004979d0	38	unknown
00497a00	FUN_00497a00	54	unknown
00497a40	FUN_00497a40	54	unknown
00497a80	FUN_00497a80	54	unknown
00497ac0	FUN_00497ac0	55	unknown
00497b00	FUN_00497b00	55	unknown
00497b40	FUN_00497b40	54	unknown
00497b80	FUN_00497b80	55	unknown
00497bc0	FUN_00497bc0	54	unknown
00497c00	FUN_00497c00	55	unknown
00497c40	FUN_00497c40	55	unknown
00497c80	FUN_00497c80	55	unknown
00497cc0	FUN_00497cc0	55	unknown
00497d00	FUN_00497d00	55	unknown
00497d40	FUN_00497d40	55	unknown
00497d80	FUN_00497d80	55	unknown
00497dc0	FUN_00497dc0	54	unknown
00497e00	FUN_00497e00	55	unknown
00497e40	FUN_00497e40	55	unknown
00497e80	FUN_00497e80	55	unknown
00497ec0	FUN_00497ec0	55	unknown
00497f00	FUN_00497f00	55	unknown
00497f40	FUN_00497f40	54	unknown
00497f80	FUN_00497f80	55	unknown
00497fc0	FUN_00497fc0	55	unknown
00498000	FUN_00498000	55	unknown
00498040	FUN_00498040	43	unknown
00498070	FUN_00498070	37	unknown
004980a0	FUN_004980a0	37	unknown
004980d0	FUN_004980d0	37	unknown
00498100	FUN_00498100	37	unknown
00498130	FUN_00498130	37	unknown
00498160	FUN_00498160	37	unknown
00498190	FUN_00498190	37	unknown
004981c0	FUN_004981c0	37	unknown
004981f0	FUN_004981f0	37	unknown
00498220	FUN_00498220	37	unknown
00498250	FUN_00498250	37	unknown
00498280	FUN_00498280	37	unknown
004982b0	FUN_004982b0	37	unknown
004982e0	FUN_004982e0	30	unknown
00498300	FUN_00498300	37	unknown
00498330	FUN_00498330	37	unknown
00498360	FUN_00498360	37	unknown
00498390	FUN_00498390	37	unknown
004983c0	FUN_004983c0	54	unknown
00498400	FUN_00498400	54	unknown
00498440	FUN_00498440	54	unknown
00498480	FUN_00498480	54	unknown
004984c0	FUN_004984c0	54	unknown
00498500	FUN_00498500	54	unknown
00498540	FUN_00498540	54	unknown
00498580	FUN_00498580	54	unknown
004985c0	FUN_004985c0	54	unknown
00498600	FUN_00498600	54	unknown
00498640	FUN_00498640	54	unknown
00498680	FUN_00498680	54	unknown
004986c0	FUN_004986c0	54	unknown
00498700	FUN_00498700	54	unknown
00498740	FUN_00498740	54	unknown
00498780	FUN_00498780	54	unknown
004987c0	FUN_004987c0	54	unknown
00498800	FUN_00498800	89	unknown
00498860	FUN_00498860	93	unknown
00498900	FUN_00498900	6	unknown
00498910	FUN_00498910	82	unknown
00498970	FUN_00498970	6	unknown
00498980	FUN_00498980	82	unknown
004989e0	FUN_004989e0	6	unknown
004989f0	FUN_004989f0	82	unknown
00498a50	FUN_00498a50	82	unknown
00498ab0	FUN_00498ab0	12	unknown
00498ac0	FUN_00498ac0	82	unknown
00498b20	FUN_00498b20	12	unknown
00498b30	FUN_00498b30	17	unknown
00498b50	FUN_00498b50	17	unknown
00498b70	FUN_00498b70	82	unknown
00498bd0	FUN_00498bd0	82	unknown
00498c30	FUN_00498c30	6	unknown
00498c40	FUN_00498c40	82	unknown
00498ca0	FUN_00498ca0	6	unknown
00498cb0	FUN_00498cb0	82	unknown
00498d10	FUN_00498d10	6	unknown
00498d20	FUN_00498d20	82	unknown
00498d80	FUN_00498d80	6	unknown
00498d90	FUN_00498d90	82	unknown
00498df0	FUN_00498df0	6	unknown
00498e00	FUN_00498e00	82	unknown
00498e60	FUN_00498e60	6	unknown
00498e70	FUN_00498e70	82	unknown
00498ed0	FUN_00498ed0	6	unknown
00498ee0	FUN_00498ee0	82	unknown
00498f40	FUN_00498f40	6	unknown
00498f50	FUN_00498f50	82	unknown
00498fb0	FUN_00498fb0	6	unknown
00498fc0	FUN_00498fc0	82	unknown
00499020	FUN_00499020	6	unknown
00499030	FUN_00499030	82	unknown
00499090	FUN_00499090	6	unknown
004990a0	FUN_004990a0	82	unknown
00499100	FUN_00499100	6	unknown
00499110	FUN_00499110	82	unknown
00499170	FUN_00499170	6	unknown
00499180	FUN_00499180	82	unknown
004991e0	FUN_004991e0	6	unknown
004991f0	FUN_004991f0	82	unknown
00499250	FUN_00499250	6	unknown
00499260	FUN_00499260	82	unknown
004992c0	FUN_004992c0	6	unknown
004992d0	FUN_004992d0	82	unknown
00499330	FUN_00499330	6	unknown
00499340	FUN_00499340	82	unknown
004993a0	FUN_004993a0	6	unknown
004993b0	FUN_004993b0	82	unknown
00499410	FUN_00499410	6	unknown
00499420	FUN_00499420	82	unknown
00499480	FUN_00499480	6	unknown
00499490	FUN_00499490	82	unknown
004994f0	FUN_004994f0	6	unknown
00499500	FUN_00499500	82	unknown
00499560	FUN_00499560	6	unknown
00499570	FUN_00499570	82	unknown
004995d0	FUN_004995d0	6	unknown
004995e0	FUN_004995e0	82	unknown
00499640	FUN_00499640	6	unknown
00499650	FUN_00499650	82	unknown
004996b0	FUN_004996b0	6	unknown
004996c0	FUN_004996c0	82	unknown
00499720	FUN_00499720	6	unknown
00499730	FUN_00499730	82	unknown
00499790	FUN_00499790	6	unknown
004997a0	FUN_004997a0	82	unknown
00499800	FUN_00499800	6	unknown
00499810	FUN_00499810	82	unknown
00499870	FUN_00499870	6	unknown
00499880	FUN_00499880	82	unknown
004998e0	FUN_004998e0	6	unknown
004998f0	FUN_004998f0	82	unknown
00499950	FUN_00499950	6	unknown
00499960	FUN_00499960	82	unknown
004999c0	FUN_004999c0	6	unknown
004999d0	FUN_004999d0	82	unknown
00499a30	FUN_00499a30	6	unknown
00499a40	FUN_00499a40	82	unknown
00499aa0	FUN_00499aa0	6	unknown
00499ab0	FUN_00499ab0	82	unknown
00499b20	BFSoldier__v0_slot51	5	unknown
00499b30	AIObjectUnit__v0_slot04	5	unknown
00499b50	FUN_00499b50	6	unknown
00499b60	FUN_00499b60	6	unknown
00499b70	FUN_00499b70	6	unknown
00499b80	FUN_00499b80	6	unknown
00499b90	FUN_00499b90	12	unknown
00499ba0	FUN_00499ba0	38	unknown
00499bd0	FUN_00499bd0	46	unknown
00499c00	FUN_00499c00	12	unknown
00499c10	FUN_00499c10	38	unknown
00499c40	FUN_00499c40	12	unknown
00499c50	FUN_00499c50	38	unknown
00499c80	FUN_00499c80	46	unknown
00499cb0	FUN_00499cb0	12	unknown
00499cc0	FUN_00499cc0	38	unknown
00499cf0	FUN_00499cf0	46	unknown
00499d20	FUN_00499d20	12	unknown
00499d30	FUN_00499d30	38	unknown
00499d60	FUN_00499d60	12	unknown
00499d70	FUN_00499d70	38	unknown
00499da0	FUN_00499da0	12	unknown
00499db0	FUN_00499db0	38	unknown
00499de0	FUN_00499de0	46	unknown
00499e10	FUN_00499e10	12	unknown
00499e20	FUN_00499e20	38	unknown
00499e50	FUN_00499e50	12	unknown
00499e60	FUN_00499e60	38	unknown
00499e90	FUN_00499e90	12	unknown
00499ea0	FUN_00499ea0	38	unknown
00499ed0	FUN_00499ed0	12	unknown
00499ee0	FUN_00499ee0	38	unknown
00499f10	FUN_00499f10	12	unknown
00499f20	FUN_00499f20	38	unknown
00499f50	FUN_00499f50	12	unknown
00499f60	FUN_00499f60	38	unknown
00499f90	FUN_00499f90	32	unknown
00499fb0	FUN_00499fb0	32	unknown
00499fd0	FUN_00499fd0	32	unknown
00499ff0	FUN_00499ff0	32	unknown
0049a010	FUN_0049a010	32	unknown
0049a030	FUN_0049a030	32	unknown
0049a050	FUN_0049a050	32	unknown
0049a070	FUN_0049a070	32	unknown
0049a090	FUN_0049a090	32	unknown
0049a0b0	FUN_0049a0b0	32	unknown
0049a0d0	FUN_0049a0d0	32	unknown
0049a0f0	FUN_0049a0f0	32	unknown
0049a110	FUN_0049a110	32	unknown
0049a130	FUN_0049a130	32	unknown
0049a150	FUN_0049a150	32	unknown
0049a170	FUN_0049a170	32	unknown
0049a190	FUN_0049a190	32	unknown
0049a1b0	FUN_0049a1b0	32	unknown
0049a1d0	FUN_0049a1d0	32	unknown
0049a1f0	FUN_0049a1f0	32	unknown
0049a210	FUN_0049a210	32	unknown
0049a230	FUN_0049a230	32	unknown
0049a250	FUN_0049a250	32	unknown
0049a270	FUN_0049a270	32	unknown
0049a290	FUN_0049a290	32	unknown
0049a2b0	FUN_0049a2b0	32	unknown
0049a2d0	FUN_0049a2d0	32	unknown
0049a2f0	FUN_0049a2f0	32	unknown
0049a310	FUN_0049a310	32	unknown
0049a330	FUN_0049a330	32	unknown
0049a350	FUN_0049a350	32	unknown
0049a370	FUN_0049a370	32	unknown
0049a390	FUN_0049a390	32	unknown
0049a3b0	FUN_0049a3b0	32	unknown
0049a3d0	FUN_0049a3d0	32	unknown
0049a3f0	FUN_0049a3f0	32	unknown
0049a410	FUN_0049a410	32	unknown
0049a430	FUN_0049a430	32	unknown
0049a450	FUN_0049a450	32	unknown
0049a470	FUN_0049a470	32	unknown
0049a490	FUN_0049a490	32	unknown
0049a4b0	FUN_0049a4b0	32	unknown
0049a4d0	FUN_0049a4d0	32	unknown
0049a4f0	FUN_0049a4f0	32	unknown
0049a510	FUN_0049a510	32	unknown
0049a530	FUN_0049a530	32	unknown
0049a550	FUN_0049a550	32	unknown
0049a570	FUN_0049a570	32	unknown
0049a590	FUN_0049a590	32	unknown
0049a5b0	FUN_0049a5b0	32	unknown
0049a5d0	FUN_0049a5d0	32	unknown
0049a5f0	FUN_0049a5f0	6	unknown
0049a600	FUN_0049a600	60	unknown
0049a640	FUN_0049a640	6	unknown
0049a650	FUN_0049a650	6	unknown
0049a660	FUN_0049a660	6	unknown
0049a670	FUN_0049a670	6	unknown
0049a680	FUN_0049a680	6	unknown
0049a690	FUN_0049a690	6	unknown
0049a6a0	FUN_0049a6a0	6	unknown
0049a6b0	FUN_0049a6b0	6	unknown
0049a6c0	FUN_0049a6c0	6	unknown
0049a6d0	FUN_0049a6d0	6	unknown
0049a6e0	FUN_0049a6e0	6	unknown
0049a6f0	FUN_0049a6f0	6	unknown
0049a700	FUN_0049a700	6	unknown
0049a710	FUN_0049a710	6	unknown
0049a720	FUN_0049a720	6	unknown
0049a730	FUN_0049a730	6	unknown
0049a740	FUN_0049a740	6	unknown
0049a750	FUN_0049a750	6	unknown
0049a760	FUN_0049a760	6	unknown
0049a770	FUN_0049a770	6	unknown
0049a780	FUN_0049a780	6	unknown
0049a790	FUN_0049a790	6	unknown
0049a7a0	FUN_0049a7a0	6	unknown
0049a7b0	FUN_0049a7b0	6	unknown
0049a7c0	FUN_0049a7c0	6	unknown
0049a7d0	FUN_0049a7d0	6	unknown
0049a7e0	FUN_0049a7e0	6	unknown
0049a7f0	FUN_0049a7f0	6	unknown
0049a800	FUN_0049a800	6	unknown
0049a810	FUN_0049a810	6	unknown
0049a820	FUN_0049a820	6	unknown
0049a830	FUN_0049a830	6	unknown
0049a840	FUN_0049a840	6	unknown
0049a850	FUN_0049a850	6	unknown
0049a860	FUN_0049a860	6	unknown
0049a870	FUN_0049a870	6	unknown
0049a880	FUN_0049a880	6	unknown
0049a890	FUN_0049a890	6	unknown
0049a8a0	FUN_0049a8a0	6	unknown
0049a8b0	FUN_0049a8b0	6	unknown
0049a8c0	FUN_0049a8c0	6	unknown
0049a8d0	FUN_0049a8d0	6	unknown
0049a8e0	FUN_0049a8e0	6	unknown
0049a8f0	FUN_0049a8f0	6	unknown
0049a900	FUN_0049a900	6	unknown
0049a910	FUN_0049a910	6	unknown
0049a920	FUN_0049a920	6	unknown
0049a930	FUN_0049a930	6	unknown
0049a940	FUN_0049a940	6	unknown
0049a950	FUN_0049a950	8	unknown
0049a960	FUN_0049a960	117	unknown
0049a9d5	Catch@0049a9d5	9	unknown
0049a9f0	FUN_0049a9f0	61	unknown
0049aa30	FUN_0049aa30	85	unknown
0049aa90	FUN_0049aa90	93	unknown
0049aaf0	FUN_0049aaf0	87	unknown
0049ab50	FUN_0049ab50	117	unknown
0049abc5	Catch@0049abc5	9	unknown
0049abe0	FUN_0049abe0	6	unknown
0049abf0	FUN_0049abf0	35	unknown
0049ac20	FUN_0049ac20	6	unknown
0049ac30	FUN_0049ac30	35	unknown
0049ac60	FUN_0049ac60	35	unknown
0049ac90	FUN_0049ac90	5	unknown
0049aca0	FUN_0049aca0	10	unknown
0049acb0	FUN_0049acb0	6	unknown
0049acc0	FUN_0049acc0	35	unknown
0049acf0	FUN_0049acf0	6	unknown
0049ad00	FUN_0049ad00	35	unknown
0049ad30	FUN_0049ad30	6	unknown
0049ad40	FUN_0049ad40	35	unknown
0049ad70	FUN_0049ad70	35	unknown
0049ada0	FUN_0049ada0	35	unknown
0049add0	FUN_0049add0	35	unknown
0049ae00	FUN_0049ae00	35	unknown
0049ae30	FUN_0049ae30	35	unknown
0049ae60	FUN_0049ae60	35	unknown
0049ae90	FUN_0049ae90	6	unknown
0049aea0	FUN_0049aea0	35	unknown
0049aed0	FUN_0049aed0	6	unknown
0049aee0	FUN_0049aee0	35	unknown
0049af10	FUN_0049af10	6	unknown
0049af20	FUN_0049af20	35	unknown
0049af50	FUN_0049af50	6	unknown
0049af60	FUN_0049af60	35	unknown
0049af90	FUN_0049af90	6	unknown
0049afa0	FUN_0049afa0	35	unknown
0049afd0	FUN_0049afd0	6	unknown
0049afe0	FUN_0049afe0	35	unknown
0049b010	FUN_0049b010	6	unknown
0049b020	FUN_0049b020	35	unknown
0049b050	FUN_0049b050	6	unknown
0049b060	FUN_0049b060	35	unknown
0049b090	FUN_0049b090	6	unknown
0049b0a0	FUN_0049b0a0	35	unknown
0049b0d0	FUN_0049b0d0	6	unknown
0049b0e0	FUN_0049b0e0	35	unknown
0049b110	FUN_0049b110	6	unknown
0049b120	FUN_0049b120	35	unknown
0049b150	FUN_0049b150	6	unknown
0049b160	FUN_0049b160	35	unknown
0049b190	FUN_0049b190	6	unknown
0049b1a0	FUN_0049b1a0	35	unknown
0049b1d0	FUN_0049b1d0	6	unknown
0049b1e0	FUN_0049b1e0	35	unknown
0049b210	FUN_0049b210	6	unknown
0049b220	FUN_0049b220	35	unknown
0049b250	FUN_0049b250	6	unknown
0049b260	FUN_0049b260	35	unknown
0049b290	FUN_0049b290	6	unknown
0049b2a0	FUN_0049b2a0	35	unknown
0049b2d0	FUN_0049b2d0	6	unknown
0049b2e0	FUN_0049b2e0	35	unknown
0049b310	FUN_0049b310	6	unknown
0049b320	FUN_0049b320	35	unknown
0049b350	FUN_0049b350	6	unknown
0049b360	FUN_0049b360	35	unknown
0049b390	FUN_0049b390	6	unknown
0049b3a0	FUN_0049b3a0	35	unknown
0049b3d0	FUN_0049b3d0	6	unknown
0049b3e0	FUN_0049b3e0	35	unknown
0049b410	FUN_0049b410	6	unknown
0049b420	FUN_0049b420	35	unknown
0049b450	FUN_0049b450	6	unknown
0049b460	FUN_0049b460	35	unknown
0049b490	FUN_0049b490	28	unknown
0049b4b0	FUN_0049b4b0	6	unknown
0049b4c0	FUN_0049b4c0	35	unknown
0049b4f0	FUN_0049b4f0	24	unknown
0049b510	FUN_0049b510	138	unknown
0049b59a	Catch@0049b59a	9	unknown
0049b5b0	FUN_0049b5b0	138	unknown
0049b63a	Catch@0049b63a	9	unknown
0049b650	FUN_0049b650	43	unknown
0049b690	FUN_0049b690	43	unknown
0049b6d0	FUN_0049b6d0	159	unknown
0049b76f	Catch@0049b76f	21	unknown
0049b790	FUN_0049b790	159	unknown
0049b82f	Catch@0049b82f	21	unknown
0049b850	FUN_0049b850	35	unknown
0049b880	FUN_0049b880	6	unknown
0049b890	FUN_0049b890	6	unknown
0049b8a0	FUN_0049b8a0	82	unknown
0049b900	FUN_0049b900	35	unknown
0049b930	FUN_0049b930	6	unknown
0049b940	FUN_0049b940	6	unknown
0049b950	FUN_0049b950	82	unknown
0049b9b0	FUN_0049b9b0	35	unknown
0049b9e0	FUN_0049b9e0	6	unknown
0049b9f0	FUN_0049b9f0	6	unknown
0049ba00	FUN_0049ba00	82	unknown
0049ba60	FUN_0049ba60	35	unknown
0049ba90	FUN_0049ba90	35	unknown
0049bac0	FUN_0049bac0	6	unknown
0049bad0	FUN_0049bad0	6	unknown
0049bae0	FUN_0049bae0	82	unknown
0049bb40	FUN_0049bb40	6	unknown
0049bb50	FUN_0049bb50	82	unknown
0049bbb0	FUN_0049bbb0	133	unknown
0049bc40	FUN_0049bc40	6	unknown
0049bc50	FUN_0049bc50	82	unknown
0049bcb0	FUN_0049bcb0	85	unknown
0049bd10	FUN_0049bd10	85	unknown
0049bd70	FUN_0049bd70	85	unknown
0049bdd0	FUN_0049bdd0	85	unknown
0049be30	FUN_0049be30	85	unknown
0049be90	FUN_0049be90	85	unknown
0049bef0	FUN_0049bef0	85	unknown
0049bf50	FUN_0049bf50	85	unknown
0049bfb0	FUN_0049bfb0	85	unknown
0049c010	FUN_0049c010	85	unknown
0049c070	FUN_0049c070	85	unknown
0049c0d0	FUN_0049c0d0	85	unknown
0049c130	FUN_0049c130	85	unknown
0049c190	FUN_0049c190	85	unknown
0049c1f0	FUN_0049c1f0	85	unknown
0049c250	FUN_0049c250	85	unknown
0049c2b0	FUN_0049c2b0	85	unknown
0049c310	FUN_0049c310	85	unknown
0049c370	FUN_0049c370	85	unknown
0049c3d0	FUN_0049c3d0	85	unknown
0049c430	FUN_0049c430	85	unknown
0049c490	FUN_0049c490	85	unknown
0049c4f0	FUN_0049c4f0	85	unknown
0049c550	FUN_0049c550	85	unknown
0049c5b0	FUN_0049c5b0	85	unknown
0049c610	FUN_0049c610	85	unknown
0049c670	FUN_0049c670	85	unknown
0049c6d0	FUN_0049c6d0	85	unknown
0049c730	FUN_0049c730	85	unknown
0049c790	FUN_0049c790	85	unknown
0049c7f0	FUN_0049c7f0	85	unknown
0049c850	FUN_0049c850	85	unknown
0049c8b0	FUN_0049c8b0	85	unknown
0049c910	FUN_0049c910	85	unknown
0049c970	FUN_0049c970	85	unknown
0049c9d0	FUN_0049c9d0	85	unknown
0049ca30	FUN_0049ca30	85	unknown
0049ca90	FUN_0049ca90	85	unknown
0049caf0	FUN_0049caf0	85	unknown
0049cb50	FUN_0049cb50	85	unknown
0049cbb0	FUN_0049cbb0	85	unknown
0049cc10	FUN_0049cc10	85	unknown
0049cc70	FUN_0049cc70	41	unknown
0049cca0	FUN_0049cca0	131	unknown
0049cd30	FUN_0049cd30	131	unknown
0049cdc0	FUN_0049cdc0	35	unknown
0049cdf0	FUN_0049cdf0	6	unknown
0049ce00	FUN_0049ce00	82	unknown
0049ce60	FUN_0049ce60	35	unknown
0049ce90	FUN_0049ce90	35	unknown
0049cec0	FUN_0049cec0	6	unknown
0049ced0	FUN_0049ced0	82	unknown
0049cf30	FUN_0049cf30	35	unknown
0049cf90	FUN_0049cf90	20	unknown
0049cfb0	FUN_0049cfb0	211	unknown
0049d090	FUN_0049d090	124	unknown
0049d110	FUN_0049d110	229	unknown
0049d200	FUN_0049d200	52	unknown
0049d240	FUN_0049d240	52	unknown
0049d280	FUN_0049d280	39	unknown
0049d2b0	FUN_0049d2b0	55	unknown
0049d2f0	FUN_0049d2f0	64	unknown
0049d330	FUN_0049d330	35	unknown
0049d360	FUN_0049d360	44	unknown
0049d390	FUN_0049d390	64	unknown
0049d3d0	FUN_0049d3d0	64	unknown
0049d410	FUN_0049d410	64	unknown
0049d450	FUN_0049d450	62	unknown
0049d490	FUN_0049d490	38	unknown
0049d4c0	PlayerControlPoint__v0_slot00	37	unknown
0049d4f0	FUN_0049d4f0	62	unknown
0049d530	FUN_0049d530	62	unknown
0049d570	FUN_0049d570	38	unknown
0049d5a0	BotTeamControlPoint__v0_slot00	37	unknown
0049d5d0	FUN_0049d5d0	64	unknown
0049d610	FUN_0049d610	64	unknown
0049d650	FUN_0049d650	62	unknown
0049d690	FUN_0049d690	64	unknown
0049d6d0	FUN_0049d6d0	62	unknown
0049d710	FUN_0049d710	62	unknown
0049d750	FUN_0049d750	62	unknown
0049d790	FUN_0049d790	62	unknown
0049d7d0	FUN_0049d7d0	65	unknown
0049d820	FUN_0049d820	36	unknown
0049d850	FUN_0049d850	65	unknown
0049d8a0	FUN_0049d8a0	45	unknown
0049d8d0	FUN_0049d8d0	64	unknown
0049d910	FUN_0049d910	64	unknown
0049d950	AIDifficulty__v0_slot00	27	unknown
0049d970	FUN_0049d970	62	unknown
0049d9b0	FUN_0049d9b0	62	unknown
0049d9f0	FUN_0049d9f0	62	unknown
0049da30	FUN_0049da30	654	unknown
0049dce0	FUN_0049dce0	428	unknown
0049de90	FUN_0049de90	148	unknown
0049df30	FUN_0049df30	148	unknown
0049dfd0	FUN_0049dfd0	173	unknown
0049e080	FUN_0049e080	62	unknown
0049e0c0	FUN_0049e0c0	76	unknown
0049e110	FUN_0049e110	259	unknown
0049e213	Catch@0049e213	40	unknown
0049e23e	FUN_0049e23e	117	unknown
0049e2c0	FUN_0049e2c0	58	unknown
0049e300	FUN_0049e300	39	unknown
0049e330	FUN_0049e330	13	unknown
0049e340	FUN_0049e340	144	unknown
0049e3d0	FUN_0049e3d0	18	unknown
0049e410	FUN_0049e410	86	unknown
0049e470	FUN_0049e470	101	unknown
0049e4e0	FUN_0049e4e0	78	unknown
0049e530	FUN_0049e530	10	unknown
0049e540	FUN_0049e540	36	unknown
0049e570	FUN_0049e570	78	unknown
0049e5c0	FUN_0049e5c0	78	unknown
0049e610	FUN_0049e610	54	unknown
0049e650	FUN_0049e650	66	unknown
0049e6a0	FUN_0049e6a0	27	unknown
0049e6c0	FUN_0049e6c0	78	unknown
0049e720	FUN_0049e720	93	unknown
0049e780	FUN_0049e780	77	unknown
0049e7d0	FUN_0049e7d0	80	unknown
0049e830	FUN_0049e830	108	unknown
0049e8a0	FUN_0049e8a0	183	unknown
0049e960	FUN_0049e960	183	unknown
0049ea20	FUN_0049ea20	97	unknown
0049ea90	FUN_0049ea90	97	unknown
0049eb00	FUN_0049eb00	185	unknown
0049ebc0	FUN_0049ebc0	168	unknown
0049ec70	FUN_0049ec70	14	unknown
0049ec80	FUN_0049ec80	168	unknown
0049ed30	FUN_0049ed30	204	unknown
0049ee00	FUN_0049ee00	91	unknown
0049ee60	FUN_0049ee60	38	unknown
0049ee90	FUN_0049ee90	204	unknown
0049ef60	FUN_0049ef60	91	unknown
0049efc0	FUN_0049efc0	38	unknown
0049eff0	FUN_0049eff0	204	unknown
0049f0c0	FUN_0049f0c0	91	unknown
0049f120	FUN_0049f120	38	unknown
0049f150	FUN_0049f150	204	unknown
0049f220	FUN_0049f220	38	unknown
0049f250	FUN_0049f250	204	unknown
0049f320	FUN_0049f320	204	unknown
0049f3f0	FUN_0049f3f0	38	unknown
0049f420	FUN_0049f420	204	unknown
0049f4f0	FUN_0049f4f0	204	unknown
0049f5c0	FUN_0049f5c0	38	unknown
0049f5f0	FUN_0049f5f0	204	unknown
0049f6c0	FUN_0049f6c0	204	unknown
0049f790	FUN_0049f790	91	unknown
0049f7f0	FUN_0049f7f0	38	unknown
0049f820	FUN_0049f820	204	unknown
0049f8f0	FUN_0049f8f0	204	unknown
0049f9c0	FUN_0049f9c0	91	unknown
0049fa20	FUN_0049fa20	204	unknown
0049faf0	FUN_0049faf0	91	unknown
0049fb50	FUN_0049fb50	38	unknown
0049fb80	FUN_0049fb80	204	unknown
0049fc50	FUN_0049fc50	91	unknown
0049fcb0	FUN_0049fcb0	38	unknown
0049fce0	FUN_0049fce0	204	unknown
0049fdb0	FUN_0049fdb0	91	unknown
0049fe10	FUN_0049fe10	38	unknown
0049fe40	FUN_0049fe40	204	unknown
0049ff10	FUN_0049ff10	91	unknown
0049ff70	FUN_0049ff70	38	unknown
0049ffa0	FUN_0049ffa0	204	unknown
004a0070	FUN_004a0070	91	unknown
004a00d0	FUN_004a00d0	38	unknown
004a0100	FUN_004a0100	168	unknown
004a01b0	FUN_004a01b0	168	unknown
004a0260	FUN_004a0260	168	unknown
004a0310	FUN_004a0310	168	unknown
004a03c0	FUN_004a03c0	168	unknown
004a0470	FUN_004a0470	168	unknown
004a0520	FUN_004a0520	168	unknown
004a05d0	FUN_004a05d0	168	unknown
004a0680	FUN_004a0680	168	unknown
004a0730	FUN_004a0730	168	unknown
004a07e0	FUN_004a07e0	168	unknown
004a0890	FUN_004a0890	168	unknown
004a0940	FUN_004a0940	168	unknown
004a09f0	FUN_004a09f0	168	unknown
004a0aa0	FUN_004a0aa0	168	unknown
004a0b50	FUN_004a0b50	168	unknown
004a0c00	FUN_004a0c00	185	unknown
004a0cc0	FUN_004a0cc0	8	unknown
004a0cd0	FUN_004a0cd0	45	unknown
004a0d00	FUN_004a0d00	185	unknown
004a0dc0	FUN_004a0dc0	8	unknown
004a0dd0	FUN_004a0dd0	45	unknown
004a0e00	FUN_004a0e00	185	unknown
004a0ec0	FUN_004a0ec0	8	unknown
004a0ed0	FUN_004a0ed0	45	unknown
004a0f00	FUN_004a0f00	116	unknown
004a0f80	FUN_004a0f80	185	unknown
004a1040	FUN_004a1040	8	unknown
004a1050	FUN_004a1050	45	unknown
004a1080	FUN_004a1080	185	unknown
004a1140	FUN_004a1140	8	unknown
004a1150	FUN_004a1150	45	unknown
004a1180	FUN_004a1180	185	unknown
004a1240	FUN_004a1240	8	unknown
004a1250	FUN_004a1250	45	unknown
004a1280	FUN_004a1280	185	unknown
004a1340	FUN_004a1340	8	unknown
004a1350	FUN_004a1350	45	unknown
004a1380	FUN_004a1380	185	unknown
004a1440	FUN_004a1440	8	unknown
004a1450	FUN_004a1450	45	unknown
004a1480	FUN_004a1480	185	unknown
004a1540	FUN_004a1540	8	unknown
004a1550	FUN_004a1550	45	unknown
004a1580	FUN_004a1580	185	unknown
004a1640	FUN_004a1640	8	unknown
004a1650	FUN_004a1650	45	unknown
004a1680	FUN_004a1680	185	unknown
004a1740	FUN_004a1740	8	unknown
004a1750	FUN_004a1750	45	unknown
004a1780	FUN_004a1780	185	unknown
004a1840	FUN_004a1840	8	unknown
004a1850	FUN_004a1850	45	unknown
004a1880	FUN_004a1880	185	unknown
004a1940	FUN_004a1940	8	unknown
004a1950	FUN_004a1950	45	unknown
004a1980	FUN_004a1980	185	unknown
004a1a40	FUN_004a1a40	8	unknown
004a1a50	FUN_004a1a50	45	unknown
004a1a80	FUN_004a1a80	185	unknown
004a1b40	FUN_004a1b40	8	unknown
004a1b50	FUN_004a1b50	45	unknown
004a1b80	FUN_004a1b80	185	unknown
004a1c40	FUN_004a1c40	8	unknown
004a1c50	FUN_004a1c50	45	unknown
004a1c80	FUN_004a1c80	185	unknown
004a1d40	FUN_004a1d40	8	unknown
004a1d50	FUN_004a1d50	45	unknown
004a1d80	FUN_004a1d80	148	unknown
004a1e20	FUN_004a1e20	127	unknown
004a1ea0	FUN_004a1ea0	169	unknown
004a1f50	FUN_004a1f50	127	unknown
004a1fd0	FUN_004a1fd0	177	unknown
004a2090	FUN_004a2090	152	unknown
004a2130	FUN_004a2130	12	unknown
004a2140	FUN_004a2140	38	unknown
004a2170	FUN_004a2170	152	unknown
004a2210	FUN_004a2210	12	unknown
004a2220	FUN_004a2220	38	unknown
004a2250	FUN_004a2250	52	unknown
004a2290	FUN_004a2290	62	unknown
004a22d0	FUN_004a22d0	92	unknown
004a2330	FUN_004a2330	111	unknown
004a23a0	FUN_004a23a0	32	unknown
004a23d0	FUN_004a23d0	32	unknown
004a2400	FUN_004a2400	185	unknown
004a24c0	FUN_004a24c0	45	unknown
004a24f0	FUN_004a24f0	123	unknown
004a2580	FUN_004a2580	185	unknown
004a2640	FUN_004a2640	45	unknown
004a2670	FUN_004a2670	123	unknown
004a2700	FUN_004a2700	185	unknown
004a27c0	FUN_004a27c0	123	unknown
004a2850	FUN_004a2850	185	unknown
004a2910	FUN_004a2910	123	unknown
004a29a0	FUN_004a29a0	185	unknown
004a2a60	FUN_004a2a60	123	unknown
004a2af0	FUN_004a2af0	185	unknown
004a2bb0	FUN_004a2bb0	123	unknown
004a2c40	FUN_004a2c40	185	unknown
004a2d00	FUN_004a2d00	123	unknown
004a2d90	FUN_004a2d90	185	unknown
004a2e50	FUN_004a2e50	123	unknown
004a2ee0	FUN_004a2ee0	185	unknown
004a2fa0	FUN_004a2fa0	45	unknown
004a2fd0	FUN_004a2fd0	123	unknown
004a3060	FUN_004a3060	185	unknown
004a3120	FUN_004a3120	8	unknown
004a3130	FUN_004a3130	45	unknown
004a3160	FUN_004a3160	123	unknown
004a31f0	FUN_004a31f0	185	unknown
004a32b0	FUN_004a32b0	31	unknown
004a32d0	FUN_004a32d0	123	unknown
004a3360	FUN_004a3360	185	unknown
004a3420	FUN_004a3420	185	unknown
004a34e0	FUN_004a34e0	123	unknown
004a3570	FUN_004a3570	185	unknown
004a3630	FUN_004a3630	123	unknown
004a36c0	FUN_004a36c0	185	unknown
004a3780	FUN_004a3780	123	unknown
004a3810	FUN_004a3810	185	unknown
004a38d0	FUN_004a38d0	123	unknown
004a3960	FUN_004a3960	185	unknown
004a3a20	FUN_004a3a20	123	unknown
004a3ab0	FUN_004a3ab0	297	unknown
004a3be0	FUN_004a3be0	297	unknown
004a3d10	FUN_004a3d10	297	unknown
004a3e40	FUN_004a3e40	297	unknown
004a3f70	FUN_004a3f70	297	unknown
004a40a0	FUN_004a40a0	297	unknown
004a41d0	FUN_004a41d0	297	unknown
004a4300	FUN_004a4300	297	unknown
004a4430	FUN_004a4430	297	unknown
004a4560	FUN_004a4560	297	unknown
004a4690	FUN_004a4690	297	unknown
004a47c0	FUN_004a47c0	297	unknown
004a48f0	FUN_004a48f0	297	unknown
004a4a20	FUN_004a4a20	297	unknown
004a4b50	FUN_004a4b50	297	unknown
004a4c80	FUN_004a4c80	297	unknown
004a4db0	FUN_004a4db0	297	unknown
004a4ee0	FUN_004a4ee0	297	unknown
004a5010	FUN_004a5010	120	unknown
004a5088	Catch@004a5088	17	unknown
004a50a0	FUN_004a50a0	120	unknown
004a5118	Catch@004a5118	17	unknown
004a5130	FUN_004a5130	152	unknown
004a51d0	FUN_004a51d0	12	unknown
004a51e0	FUN_004a51e0	38	unknown
004a5210	FUN_004a5210	152	unknown
004a52b0	FUN_004a52b0	152	unknown
004a5350	FUN_004a5350	46	unknown
004a5380	FUN_004a5380	174	unknown
004a5430	FUN_004a5430	74	unknown
004a5480	FUN_004a5480	174	unknown
004a5530	thunk_FUN_0049e0c0	5	unknown
004a5540	FUN_004a5540	55	unknown
004a5580	FUN_004a5580	52	unknown
004a55c0	FUN_004a55c0	42	unknown
004a55f0	FUN_004a55f0	27	unknown
004a5610	FUN_004a5610	52	unknown
004a5650	FUN_004a5650	42	unknown
004a5680	FUN_004a5680	27	unknown
004a56a0	FUN_004a56a0	71	unknown
004a56f0	FUN_004a56f0	83	unknown
004a5750	FUN_004a5750	52	unknown
004a5790	FUN_004a5790	58	unknown
004a57d0	FUN_004a57d0	93	unknown
004a5830	FUN_004a5830	115	unknown
004a58b0	FUN_004a58b0	27	unknown
004a58d0	FUN_004a58d0	56	unknown
004a5910	FUN_004a5910	80	unknown
004a5970	FUN_004a5970	55	unknown
004a59b0	FUN_004a59b0	37	unknown
004a59e0	FUN_004a59e0	37	unknown
004a5a10	FUN_004a5a10	151	unknown
004a5ab0	FUN_004a5ab0	37	unknown
004a5ae0	FUN_004a5ae0	37	unknown
004a5b10	FUN_004a5b10	35	unknown
004a5b40	FUN_004a5b40	37	unknown
004a5b70	FUN_004a5b70	37	unknown
004a5ba0	FUN_004a5ba0	80	unknown
004a5bf0	FUN_004a5bf0	37	unknown
004a5c20	FUN_004a5c20	37	unknown
004a5c50	FUN_004a5c50	695	unknown
004a5df0	Catch@004a5df0	9	unknown
004a5f20	FUN_004a5f20	37	unknown
004a5f50	FUN_004a5f50	70	unknown
004a5fa0	FUN_004a5fa0	261	unknown
004a60b0	FUN_004a60b0	37	unknown
004a60e0	FUN_004a60e0	68	unknown
004a6130	FUN_004a6130	37	unknown
004a6160	FUN_004a6160	37	unknown
004a6190	FUN_004a6190	70	unknown
004a61e0	FUN_004a61e0	37	unknown
004a6210	FUN_004a6210	37	unknown
004a6240	FUN_004a6240	37	unknown
004a6270	FUN_004a6270	71	unknown
004a62c0	FUN_004a62c0	37	unknown
004a62f0	FUN_004a62f0	68	unknown
004a6340	FUN_004a6340	37	unknown
004a6370	FUN_004a6370	33	unknown
004a63a0	FUN_004a63a0	37	unknown
004a63d0	FUN_004a63d0	204	unknown
004a64a0	FUN_004a64a0	91	unknown
004a6500	FUN_004a6500	94	unknown
004a6560	FUN_004a6560	68	unknown
004a65b0	FUN_004a65b0	80	unknown
004a6600	FUN_004a6600	70	unknown
004a6650	FUN_004a6650	711	unknown
004a6803	Catch@004a6803	9	unknown
004a6930	FUN_004a6930	55	unknown
004a6970	FUN_004a6970	52	unknown
004a69b0	FUN_004a69b0	42	unknown
004a69e0	FUN_004a69e0	27	unknown
004a6a00	FUN_004a6a00	88	unknown
004a6a60	FUN_004a6a60	30	unknown
004a6a80	FUN_004a6a80	68	unknown
004a6ad0	FUN_004a6ad0	80	unknown
004a6b20	FUN_004a6b20	185	unknown
004a6be0	FUN_004a6be0	8	unknown
004a6bf0	FUN_004a6bf0	45	unknown
004a6c20	FUN_004a6c20	130	unknown
004a6cb0	FUN_004a6cb0	142	unknown
004a6d40	FUN_004a6d40	152	unknown
004a6de0	FUN_004a6de0	91	unknown
004a6e40	FUN_004a6e40	142	unknown
004a6ed0	FUN_004a6ed0	152	unknown
004a6f70	FUN_004a6f70	91	unknown
004a6fd0	FUN_004a6fd0	152	unknown
004a7070	FUN_004a7070	91	unknown
004a70d0	FUN_004a70d0	152	unknown
004a7170	FUN_004a7170	91	unknown
004a71d0	FUN_004a71d0	152	unknown
004a7270	FUN_004a7270	91	unknown
004a72d0	FUN_004a72d0	152	unknown
004a7370	FUN_004a7370	152	unknown
004a7410	FUN_004a7410	91	unknown
004a7470	FUN_004a7470	38	unknown
004a74a0	FUN_004a74a0	152	unknown
004a7540	FUN_004a7540	91	unknown
004a75a0	FUN_004a75a0	38	unknown
004a75d0	FUN_004a75d0	152	unknown
004a7670	FUN_004a7670	91	unknown
004a76d0	FUN_004a76d0	38	unknown
004a7700	FUN_004a7700	152	unknown
004a77a0	FUN_004a77a0	12	unknown
004a77b0	FUN_004a77b0	38	unknown
004a77e0	FUN_004a77e0	125	unknown
004a7860	FUN_004a7860	15	unknown
004a78f0	FUN_004a78f0	121	unknown
004a7970	FUN_004a7970	130	unknown
004a7a00	FUN_004a7a00	121	unknown
004a7a80	FUN_004a7a80	130	unknown
004a7b10	FUN_004a7b10	121	unknown
004a7b90	FUN_004a7b90	130	unknown
004a7c20	FUN_004a7c20	121	unknown
004a7ca0	FUN_004a7ca0	130	unknown
004a7d30	FUN_004a7d30	121	unknown
004a7db0	FUN_004a7db0	130	unknown
004a7e40	FUN_004a7e40	121	unknown
004a7ec0	FUN_004a7ec0	130	unknown
004a7f50	FUN_004a7f50	121	unknown
004a7fd0	FUN_004a7fd0	130	unknown
004a8060	FUN_004a8060	121	unknown
004a80e0	FUN_004a80e0	130	unknown
004a8170	FUN_004a8170	121	unknown
004a81f0	FUN_004a81f0	130	unknown
004a8280	FUN_004a8280	110	unknown
004a82f0	FUN_004a82f0	103	unknown
004a8360	FUN_004a8360	117	unknown
004a83d5	Catch@004a83d5	9	unknown
004a83f0	FUN_004a83f0	428	unknown
004a85a0	FUN_004a85a0	182	unknown
004a8660	FUN_004a8660	427	unknown
004a8810	FUN_004a8810	173	unknown
004a88c0	FUN_004a88c0	191	unknown
004a8980	FUN_004a8980	191	unknown
004a8a40	FUN_004a8a40	191	unknown
004a8b00	FUN_004a8b00	191	unknown
004a8bc0	FUN_004a8bc0	191	unknown
004a8c80	FUN_004a8c80	191	unknown
004a8d40	FUN_004a8d40	191	unknown
004a8e00	FUN_004a8e00	191	unknown
004a8ec0	FUN_004a8ec0	191	unknown
004a8f80	FUN_004a8f80	191	unknown
004a9040	FUN_004a9040	191	unknown
004a9100	FUN_004a9100	191	unknown
004a91c0	FUN_004a91c0	191	unknown
004a9280	FUN_004a9280	191	unknown
004a9340	FUN_004a9340	191	unknown
004a9400	FUN_004a9400	191	unknown
004a94c0	FUN_004a94c0	191	unknown
004a9580	FUN_004a9580	191	unknown
004a9640	FUN_004a9640	191	unknown
004a9700	FUN_004a9700	191	unknown
004a97c0	FUN_004a97c0	191	unknown
004a9880	FUN_004a9880	191	unknown
004a9940	FUN_004a9940	191	unknown
004a9a00	FUN_004a9a00	191	unknown
004a9ac0	FUN_004a9ac0	191	unknown
004a9b80	FUN_004a9b80	191	unknown
004a9c40	FUN_004a9c40	191	unknown
004a9d00	FUN_004a9d00	191	unknown
004a9dc0	FUN_004a9dc0	191	unknown
004a9e80	FUN_004a9e80	191	unknown
004a9f40	FUN_004a9f40	191	unknown
004aa000	FUN_004aa000	191	unknown
004aa0c0	FUN_004aa0c0	191	unknown
004aa180	FUN_004aa180	191	unknown
004aa240	FUN_004aa240	191	unknown
004aa300	FUN_004aa300	191	unknown
004aa3c0	FUN_004aa3c0	191	unknown
004aa480	FUN_004aa480	191	unknown
004aa540	FUN_004aa540	191	unknown
004aa600	FUN_004aa600	191	unknown
004aa6c0	FUN_004aa6c0	191	unknown
004aa780	FUN_004aa780	191	unknown
004aa840	FUN_004aa840	191	unknown
004aa900	FUN_004aa900	191	unknown
004aa9c0	FUN_004aa9c0	191	unknown
004aaa80	FUN_004aaa80	191	unknown
004aab40	FUN_004aab40	191	unknown
004aac00	FUN_004aac00	191	unknown
004aacc0	FUN_004aacc0	5616	unknown
004ac2b0	thunk_FUN_004aacc0	5	unknown
004ac2c0	FUN_004ac2c0	44	unknown
004ac2f0	FUN_004ac2f0	63	unknown
004ac330	FUN_004ac330	112	unknown
004ac3a0	FUN_004ac3a0	88	unknown
004ac400	FUN_004ac400	29	unknown
004ac420	FUN_004ac420	25	unknown
004ac440	FUN_004ac440	93	unknown
004ac4a0	FUN_004ac4a0	47	unknown
004ac4d0	FUN_004ac4d0	87	unknown
004ac530	FUN_004ac530	29	unknown
004ac550	FUN_004ac550	175	unknown
004ac600	FUN_004ac600	21	unknown
004ac620	FUN_004ac620	85	unknown
004ac680	FUN_004ac680	89	unknown
004ac6e0	FUN_004ac6e0	76	unknown
004ac730	FUN_004ac730	107	unknown
004ac79b	Catch@004ac79b	9	unknown
004ac7b0	FUN_004ac7b0	92	unknown
004ac810	FUN_004ac810	111	unknown
004ac87f	Catch@004ac87f	9	unknown
004ac8a0	FUN_004ac8a0	105	unknown
004ac909	Catch@004ac909	9	unknown
004ac920	FUN_004ac920	117	unknown
004ac995	Catch@004ac995	9	unknown
004ac9b0	FUN_004ac9b0	111	unknown
004aca1f	Catch@004aca1f	9	unknown
004aca40	FUN_004aca40	109	unknown
004acaad	Catch@004acaad	9	unknown
004acad0	FUN_004acad0	43	unknown
004acb10	FUN_004acb10	138	unknown
004acb9a	Catch@004acb9a	9	unknown
004acbb0	FUN_004acbb0	102	unknown
004acc16	Catch@004acc16	9	unknown
004acc20	FUN_004acc20	104	unknown
004acc88	Catch@004acc88	9	unknown
004acca0	FUN_004acca0	107	unknown
004acd10	FUN_004acd10	101	unknown
004acd80	FUN_004acd80	35	unknown
004acdb0	FUN_004acdb0	27	unknown
004acdd0	FUN_004acdd0	56	unknown
004ace10	FUN_004ace10	119	unknown
004acea0	FUN_004acea0	148	unknown
004acf40	FUN_004acf40	126	unknown
004acfc0	FUN_004acfc0	38	unknown
004acff0	FUN_004acff0	29	unknown
004ad010	FUN_004ad010	477	unknown
004ad1f0	FUN_004ad1f0	77	unknown
004ad240	FUN_004ad240	249	unknown
004ad340	FUN_004ad340	428	unknown
004ad4f0	FUN_004ad4f0	530	unknown
004ad650	Catch@004ad650	9	unknown
004ad720	FUN_004ad720	654	unknown
004ad9d0	FUN_004ad9d0	57	unknown
004ada10	FUN_004ada10	53	unknown
004ada50	FUN_004ada50	44	unknown
004ada80	FUN_004ada80	63	unknown
004adac0	FUN_004adac0	68	unknown
004adb10	FUN_004adb10	63	unknown
004adb50	FUN_004adb50	199	unknown
004adc1a	Catch@004adc1a	9	unknown
004adc30	FUN_004adc30	189	unknown
004adcf0	FUN_004adcf0	131	unknown
004add80	FUN_004add80	183	unknown
004ade40	FUN_004ade40	336	unknown
004adfa0	FUN_004adfa0	335	unknown
004ae100	FUN_004ae100	528	unknown
004ae260	Catch@004ae260	9	unknown
004ae330	FUN_004ae330	148	unknown
004ae3c4	Catch@004ae3c4	17	unknown
004ae3e0	FUN_004ae3e0	79	unknown
004ae430	FUN_004ae430	410	unknown
004ae5d0	FUN_004ae5d0	200	unknown
004ae6a0	FUN_004ae6a0	365	unknown
004ae810	FUN_004ae810	549	unknown
004aea40	FUN_004aea40	70	unknown
004aea90	FUN_004aea90	90	unknown
004aeaf0	FUN_004aeaf0	105	unknown
004aeb60	FUN_004aeb60	122	unknown
004aebe0	FUN_004aebe0	73	unknown
004aec30	FUN_004aec30	103	unknown
004aeca0	FUN_004aeca0	252	unknown
004aeda0	FUN_004aeda0	797	unknown
004af0c0	FUN_004af0c0	521	unknown
004af2d0	FUN_004af2d0	291	unknown
004af400	FUN_004af400	19	unknown
004af420	FUN_004af420	126	unknown
004af4a0	FUN_004af4a0	184	unknown
004af560	FUN_004af560	169	unknown
004af610	FUN_004af610	577	unknown
004af860	FUN_004af860	119	unknown
004af8e0	FUN_004af8e0	472	unknown
004afac0	FUN_004afac0	713	unknown
004afda0	FUN_004afda0	195	unknown
004afe70	FUN_004afe70	1272	unknown
004b0370	FUN_004b0370	636	unknown
004b05f0	BotManager__v4_slot08	7	unknown
004b0600	FUN_004b0600	22	unknown
004b0620	FUN_004b0620	34	unknown
004b0650	FUN_004b0650	234	unknown
004b0880	FUN_004b0880	27	unknown
004b08a0	FUN_004b08a0	37	unknown
004b08d0	FUN_004b08d0	42	unknown
004b0900	FUN_004b0900	63	unknown
004b0940	FUN_004b0940	160	unknown
004b09e0	FUN_004b09e0	107	unknown
004b0a4b	Catch@004b0a4b	9	unknown
004b0a60	FUN_004b0a60	102	unknown
004b0ac6	Catch@004b0ac6	9	unknown
004b0ad0	FUN_004b0ad0	122	unknown
004b0b50	FUN_004b0b50	27	unknown
004b0b70	FUN_004b0b70	72	unknown
004b0bc0	FUN_004b0bc0	42	unknown
004b0bf0	FUN_004b0bf0	1144	unknown
004b1070	FUN_004b1070	327	unknown
004b11c0	FUN_004b11c0	530	unknown
004b1320	Catch@004b1320	9	unknown
004b13f0	FUN_004b13f0	552	unknown
004b1561	Catch@004b1561	9	unknown
004b1630	FUN_004b1630	273	unknown
004b1770	FUN_004b1770	158	unknown
004b1810	FUN_004b1810	102	unknown
004b1880	FUN_004b1880	77	unknown
004b18d0	FUN_004b18d0	98	unknown
004b1940	FUN_004b1940	936	unknown
004b1cf0	FUN_004b1cf0	116	unknown
004b1d70	FUN_004b1d70	596	unknown
004b1fd0	FUN_004b1fd0	143	unknown
004b2060	FUN_004b2060	29	unknown
004b2080	FUN_004b2080	45	unknown
004b20b0	FUN_004b20b0	55	unknown
004b20f0	FUN_004b20f0	208	unknown
004b21d0	FUN_004b21d0	143	unknown
004b2270	FUN_004b2270	323	unknown
004b23c0	FUN_004b23c0	143	unknown
004b2460	FUN_004b2460	27	unknown
004b2480	FUN_004b2480	68	unknown
004b24d0	FUN_004b24d0	114	unknown
004b2550	FUN_004b2550	63	unknown
004b2590	FUN_004b2590	63	unknown
004b25d0	FUN_004b25d0	167	unknown
004b2680	FUN_004b2680	173	unknown
004b2730	FUN_004b2730	509	unknown
004b2940	FUN_004b2940	537	unknown
004b2b70	FUN_004b2b70	51	unknown
004b2bb0	FUN_004b2bb0	89	unknown
004b2c10	FUN_004b2c10	50	unknown
004b2c50	FUN_004b2c50	274	unknown
004b2d70	FUN_004b2d70	93	unknown
004b2dd0	FUN_004b2dd0	87	unknown
004b2e30	FUN_004b2e30	51	unknown
004b2e70	FUN_004b2e70	166	unknown
004b2f20	FUN_004b2f20	237	unknown
004b3020	FUN_004b3020	27	unknown
004b3040	FUN_004b3040	53	unknown
004b3080	FUN_004b3080	157	unknown
004b3120	FUN_004b3120	213	unknown
004b3200	FUN_004b3200	170	unknown
004b32b0	FUN_004b32b0	9	unknown
004b32d0	FUN_004b32d0	24	unknown
004b32f0	FUN_004b32f0	14	unknown
004b3300	FUN_004b3300	138	unknown
004b338a	Catch@004b338a	9	unknown
004b33a0	FUN_004b33a0	381	unknown
004b3540	FUN_004b3540	117	unknown
004b35b5	Catch@004b35b5	9	unknown
004b35d0	FUN_004b35d0	428	unknown
004b3780	FUN_004b3780	366	unknown
004b3900	FUN_004b3900	423	unknown
004b3ab0	FUN_004b3ab0	153	unknown
004b3b50	FUN_004b3b50	393	unknown
004b3ce0	FUN_004b3ce0	32	unknown
004b3d00	FUN_004b3d00	33	unknown
004b3d30	FUN_004b3d30	77	unknown
004b3d80	FUN_004b3d80	178	unknown
004b3e40	FUN_004b3e40	72	unknown
004b3e90	FUN_004b3e90	73	unknown
004b3ee0	FUN_004b3ee0	67	unknown
004b3f30	FUN_004b3f30	176	unknown
004b3fe0	FUN_004b3fe0	176	unknown
004b4090	FUN_004b4090	160	unknown
004b4130	FUN_004b4130	176	unknown
004b41e0	FUN_004b41e0	176	unknown
004b4290	FUN_004b4290	160	unknown
004b4330	FUN_004b4330	210	unknown
004b4410	FUN_004b4410	80	unknown
004b4460	FUN_004b4460	530	unknown
004b45c0	Catch@004b45c0	9	unknown
004b4690	FUN_004b4690	235	unknown
004b4780	FUN_004b4780	89	unknown
004b47e0	FUN_004b47e0	29	unknown
004b4800	FUN_004b4800	138	unknown
004b488a	Catch@004b488a	9	unknown
004b48a0	FUN_004b48a0	71	unknown
004b48f0	FUN_004b48f0	94	unknown
004b4950	FUN_004b4950	79	unknown
004b49a0	FUN_004b49a0	115	unknown
004b4a20	FUN_004b4a20	53	unknown
004b4a60	FUN_004b4a60	321	unknown
004b4bc0	FUN_004b4bc0	29	unknown
004b4be0	FUN_004b4be0	101	unknown
004b4c50	FUN_004b4c50	20	unknown
004b4c70	FUN_004b4c70	117	unknown
004b4ce5	Catch@004b4ce5	9	unknown
004b4d00	FUN_004b4d00	428	unknown
004b4eb0	FUN_004b4eb0	713	unknown
004b51b0	FUN_004b51b0	108	unknown
004b5230	FUN_004b5230	247	unknown
004b5330	FUN_004b5330	423	unknown
004b54e0	FUN_004b54e0	183	unknown
004b55a0	FUN_004b55a0	283	unknown
004b56d0	FUN_004b56d0	169	unknown
004b5790	FUN_004b5790	169	unknown
004b5850	FUN_004b5850	43	unknown
004b5970	FUN_004b5970	256	unknown
004b5a70	FUN_004b5a70	55	unknown
004b5ab0	FUN_004b5ab0	21	unknown
004b5ad0	FUN_004b5ad0	29	unknown
004b5af0	FUN_004b5af0	29	unknown
004b5b10	FUN_004b5b10	97	unknown
004b5b80	FUN_004b5b80	48	unknown
004b5bb0	FUN_004b5bb0	48	unknown
004b5be0	FUN_004b5be0	48	unknown
004b5c10	FUN_004b5c10	48	unknown
004b5c40	FUN_004b5c40	34	unknown
004b5c70	FUN_004b5c70	33	unknown
004b5ca0	FUN_004b5ca0	35	unknown
004b5cd0	FUN_004b5cd0	107	unknown
004b5d3b	Catch@004b5d3b	9	unknown
004b5d50	FUN_004b5d50	117	unknown
004b5dc5	Catch@004b5dc5	9	unknown
004b5de0	FUN_004b5de0	138	unknown
004b5e6a	Catch@004b5e6a	9	unknown
004b5e80	FUN_004b5e80	111	unknown
004b5eef	Catch@004b5eef	9	unknown
004b5f10	FUN_004b5f10	109	unknown
004b5f7d	Catch@004b5f7d	9	unknown
004b5fa0	FUN_004b5fa0	102	unknown
004b6006	Catch@004b6006	9	unknown
004b6010	FUN_004b6010	27	unknown
004b6030	FUN_004b6030	1158	unknown
004b64e0	FUN_004b64e0	143	unknown
004b6580	FUN_004b6580	38	unknown
004b65b0	FUN_004b65b0	257	unknown
004b66c0	FUN_004b66c0	106	unknown
004b6730	FUN_004b6730	53	unknown
004b6770	FUN_004b6770	92	unknown
004b67d0	FUN_004b67d0	47	unknown
004b6800	FUN_004b6800	428	unknown
004b69b0	FUN_004b69b0	177	unknown
004b6a70	FUN_004b6a70	528	unknown
004b6bd0	Catch@004b6bd0	9	unknown
004b6ca0	FUN_004b6ca0	148	unknown
004b6d34	Catch@004b6d34	17	unknown
004b6d50	FUN_004b6d50	99	unknown
004b6dc0	FUN_004b6dc0	54	unknown
004b6e40	FUN_004b6e40	33	unknown
004b6e70	FUN_004b6e70	10	unknown
004b6e80	FUN_004b6e80	98	unknown
004b6ef0	FUN_004b6ef0	105	unknown
004b6f60	FUN_004b6f60	27	unknown
004b6f80	FUN_004b6f80	577	unknown
004b71d0	FUN_004b71d0	74	unknown
004b7220	FUN_004b7220	56	unknown
004b7260	FUN_004b7260	167	unknown
004b7310	FUN_004b7310	127	unknown
004b7390	FUN_004b7390	237	unknown
004b7480	FUN_004b7480	30	unknown
004b74a0	FUN_004b74a0	16	unknown
004b74b0	FUN_004b74b0	97	unknown
004b7520	FUN_004b7520	620	unknown
004b7790	FUN_004b7790	37	unknown
004b77c0	FUN_004b77c0	80	unknown
004b7810	FUN_004b7810	32	unknown
004b7830	FUN_004b7830	129	unknown
004b78c0	FUN_004b78c0	15	unknown
004b78d0	FUN_004b78d0	89	unknown
004b7930	FUN_004b7930	89	unknown
004b7990	FUN_004b7990	95	unknown
004b79f0	FUN_004b79f0	80	unknown
004b7a40	FUN_004b7a40	138	unknown
004b7aca	Catch@004b7aca	9	unknown
004b7ae0	FUN_004b7ae0	43	unknown
004b7b20	FUN_004b7b20	257	unknown
004b7c30	FUN_004b7c30	33	unknown
004b7c60	PointPhysicsNode__v0_slot44	4	unknown
004b7c70	PointPhysicsNode__v0_slot54	4	unknown
004b7c80	AIPathfinding__v4_slot37	4	unknown
004b7c90	FUN_004b7c90	4	unknown
004b7ca0	FUN_004b7ca0	13	unknown
004b7cb0	FUN_004b7cb0	7	unknown
004b7cc0	FUN_004b7cc0	13	unknown
004b7cd0	FUN_004b7cd0	7	unknown
004b7ce0	FUN_004b7ce0	21	unknown
004b7d00	FUN_004b7d00	7	unknown
004b7d10	FUN_004b7d10	21	unknown
004b7d30	FUN_004b7d30	7	unknown
004b7d40	FUN_004b7d40	10	unknown
004b7d50	FUN_004b7d50	4	unknown
004b7d60	BotMain__v0_slot55	4	unknown
004b7d70	FUN_004b7d70	26	unknown
004b7d90	FUN_004b7d90	13	unknown
004b7da0	FUN_004b7da0	7	unknown
004b7db0	BFSpawnPoint__v344_slot04	4	unknown
004b7dc0	PlayerControlObjectTemplate__v428_slot22	13	unknown
004b7dd0	FUN_004b7dd0	7	unknown
004b7de0	PlayerControlObjectTemplate__v428_slot30	13	unknown
004b7df0	FUN_004b7df0	13	unknown
004b7e00	BFSoldier__v0_slot25	13	unknown
004b7e10	FUN_004b7e10	7	unknown
004b7e20	FUN_004b7e20	13	unknown
004b7e30	FUN_004b7e30	7	unknown
004b7e40	FUN_004b7e40	13	unknown
004b7e50	FUN_004b7e50	7	unknown
004b7e60	FUN_004b7e60	13	unknown
004b7e70	FUN_004b7e70	7	unknown
004b7e80	FUN_004b7e80	7	unknown
004b7e90	FUN_004b7e90	7	unknown
004b7ea0	FUN_004b7ea0	13	unknown
004b7eb0	FUN_004b7eb0	7	unknown
004b7ec0	FUN_004b7ec0	23	unknown
004b7ee0	FUN_004b7ee0	7	unknown
004b7ef0	FUN_004b7ef0	13	unknown
004b7f00	FUN_004b7f00	7	unknown
004b7f10	PointResponsePhysics__v0_slot11	13	unknown
004b7f20	FUN_004b7f20	7	unknown
004b7f30	FUN_004b7f30	7	unknown
004b7f40	FUN_004b7f40	13	unknown
004b7f50	FUN_004b7f50	7	unknown
004b7f60	FUN_004b7f60	8	unknown
004b7f70	FUN_004b7f70	13	unknown
004b7f80	FUN_004b7f80	47	unknown
004b7fb0	FUN_004b7fb0	213	unknown
004b8090	FUN_004b8090	27	unknown
004b80b0	FUN_004b80b0	15	unknown
004b80c0	FUN_004b80c0	26	unknown
004b80e0	FUN_004b80e0	438	unknown
004b82a0	FUN_004b82a0	1227	unknown
004b8770	FUN_004b8770	183	unknown
004b8830	FUN_004b8830	32	unknown
004b8850	FUN_004b8850	21	unknown
004b8870	FUN_004b8870	24	unknown
004b8890	FUN_004b8890	696	unknown
004b8b70	FUN_004b8b70	86	unknown
004b8bd0	FUN_004b8bd0	10	unknown
004b8be0	FUN_004b8be0	91	unknown
004b8c40	FUN_004b8c40	31	unknown
004b8c60	FUN_004b8c60	765	unknown
004b8f60	FUN_004b8f60	89	unknown
004b8fc0	FUN_004b8fc0	138	unknown
004b904a	Catch@004b904a	9	unknown
004b9060	FUN_004b9060	14	unknown
004b9070	FUN_004b9070	1045	unknown
004b9490	FUN_004b9490	1522	unknown
004b9a90	FUN_004b9a90	676	unknown
004b9d60	FUN_004b9d60	69	unknown
004b9dc0	FUN_004b9dc0	183	unknown
004b9e80	FUN_004b9e80	49	unknown
004b9ed0	FUN_004b9ed0	47	unknown
004b9f00	AIPathfinding__v0_slot05	4	unknown
004b9f10	FUN_004b9f10	10	unknown
004b9f20	BFSoldier__v0_slot31	4	unknown
004b9f30	FUN_004b9f30	10	unknown
004b9f40	FUN_004b9f40	4	unknown
004b9f50	FUN_004b9f50	10	unknown
004b9f60	AIScriptManager__v0_slot23	4	unknown
004b9f70	FUN_004b9f70	4	unknown
004b9f80	AIScriptManager__v0_slot26	4	unknown
004b9f90	FUN_004b9f90	4	unknown
004b9fa0	FUN_004b9fa0	4	unknown
004b9fb0	FUN_004b9fb0	8	unknown
004b9fc0	FUN_004b9fc0	8	unknown
004b9fd0	BFSpawnPointManager__v4_slot01	8	unknown
004b9fe0	BFSpawnPointManager__v4_slot02	8	unknown
004b9ff0	FUN_004b9ff0	27	unknown
004ba010	FUN_004ba010	147	unknown
004ba0b0	FUN_004ba0b0	45	unknown
004ba0e0	FUN_004ba0e0	208	unknown
004ba1b0	Catch@004ba1b0	17	unknown
004ba1d0	FUN_004ba1d0	106	unknown
004ba23a	Catch@004ba23a	9	unknown
004ba250	FUN_004ba250	371	unknown
004ba3d0	FUN_004ba3d0	396	unknown
004ba560	FUN_004ba560	142	unknown
004ba5ee	Catch@004ba5ee	9	unknown
004ba610	FUN_004ba610	185	unknown
004ba6d0	FUN_004ba6d0	15	unknown
004ba6e0	FUN_004ba6e0	229	unknown
004ba7d0	FUN_004ba7d0	27	unknown
004ba7f0	FUN_004ba7f0	34	unknown
004ba820	FUN_004ba820	4	unknown
004ba830	FUN_004ba830	7	unknown
004ba840	FUN_004ba840	6	unknown
004ba850	FUN_004ba850	49	unknown
004ba890	FUN_004ba890	85	unknown
004ba8f0	FUN_004ba8f0	43	unknown
004ba930	FUN_004ba930	107	unknown
004ba99b	Catch@004ba99b	9	unknown
004ba9b0	FUN_004ba9b0	107	unknown
004baa1b	Catch@004baa1b	9	unknown
004baa30	FUN_004baa30	217	unknown
004bab10	FUN_004bab10	111	unknown
004bab7f	Catch@004bab7f	9	unknown
004baba0	FUN_004baba0	117	unknown
004bac15	Catch@004bac15	9	unknown
004bac30	FUN_004bac30	105	unknown
004bac99	Catch@004bac99	9	unknown
004bacb0	FUN_004bacb0	138	unknown
004bad3a	Catch@004bad3a	9	unknown
004bad50	FUN_004bad50	138	unknown
004badda	Catch@004badda	9	unknown
004badf0	FUN_004badf0	33	unknown
004bae20	FUN_004bae20	102	unknown
004bae86	Catch@004bae86	9	unknown
004bae90	FUN_004bae90	102	unknown
004baef6	Catch@004baef6	9	unknown
004baf00	FUN_004baf00	104	unknown
004baf68	Catch@004baf68	9	unknown
004baf80	FUN_004baf80	240	unknown
004bb070	FUN_004bb070	51	unknown
004bb0b0	FUN_004bb0b0	86	unknown
004bb110	FUN_004bb110	108	unknown
004bb180	FUN_004bb180	27	unknown
004bb1a0	FUN_004bb1a0	27	unknown
004bb1c0	FUN_004bb1c0	76	unknown
004bb210	FUN_004bb210	53	unknown
004bb250	FUN_004bb250	55	unknown
004bb290	FUN_004bb290	47	unknown
004bb2c0	FUN_004bb2c0	115	unknown
004bb340	FUN_004bb340	147	unknown
004bb3e0	FUN_004bb3e0	41	unknown
004bb410	FUN_004bb410	42	unknown
004bb440	FUN_004bb440	29	unknown
004bb460	FUN_004bb460	54	unknown
004bb4a0	FUN_004bb4a0	428	unknown
004bb710	FUN_004bb710	128	unknown
004bb7a0	BFSpawnPointManager__v0_slot06	49	unknown
004bb7e0	FUN_004bb7e0	262	unknown
004bb8f0	FUN_004bb8f0	185	unknown
004bb9b0	FUN_004bb9b0	361	unknown
004bbb20	FUN_004bbb20	51	unknown
004bbb60	FUN_004bbb60	530	unknown
004bbcc0	Catch@004bbcc0	9	unknown
004bbd90	FUN_004bbd90	636	unknown
004bbf37	Catch@004bbf37	9	unknown
004bc030	FUN_004bc030	552	unknown
004bc1a1	Catch@004bc1a1	9	unknown
004bc270	FUN_004bc270	104	unknown
004bc2d8	Catch@004bc2d8	46	unknown
004bc310	BFSpawnPointManager__v0_slot05	186	unknown
004bc3d0	BFSpawnPointManager__v4_slot07	699	unknown
004bc6a0	FUN_004bc6a0	523	unknown
004bc8b0	FUN_004bc8b0	454	unknown
004bca80	FUN_004bca80	454	unknown
004bcc50	FUN_004bcc50	121	unknown
004bccd0	FUN_004bccd0	185	unknown
004bcd89	Catch@004bcd89	17	unknown
004bcda0	FUN_004bcda0	103	unknown
004bce10	FUN_004bce10	28	unknown
004bce30	FUN_004bce30	74	unknown
004bce80	FUN_004bce80	116	unknown
004bcf00	FUN_004bcf00	164	unknown
004bcfb0	FUN_004bcfb0	77	unknown
004bd000	FUN_004bd000	128	unknown
004bd080	FUN_004bd080	98	unknown
004bd0f0	FUN_004bd0f0	137	unknown
004bd179	Catch@004bd179	17	unknown
004bd190	FUN_004bd190	689	unknown
004bd500	FUN_004bd500	91	unknown
004bd560	FUN_004bd560	178	unknown
004bd620	BFSpawnPointManager__v0_slot04	195	unknown
004bd6f0	BFSpawnPointManager__v4_slot04	666	unknown
004bd990	FUN_004bd990	960	unknown
004bdd60	BFSpawnPointManager__v4_slot06	32	unknown
004bdd80	BFSpawnPointManager__v4_slot08	864	unknown
004be0f0	FUN_004be0f0	235	unknown
004be1e0	FUN_004be1e0	61	unknown
004be220	FUN_004be220	62	unknown
004be330	FUN_004be330	117	unknown
004be3a5	Catch@004be3a5	9	unknown
004be3c0	FUN_004be3c0	428	unknown
004be570	FUN_004be570	185	unknown
004be630	FUN_004be630	162	unknown
004be760	BFSpawnPointManager__v0_slot03	47	unknown
004be790	BFSpawnPointManager__v4_slot00	8	unknown
004be7a0	BFSpawnPointManager__v4_slot03	8	unknown
004be7b0	FUN_004be7b0	239	unknown
004be8f0	FUN_004be8f0	280	unknown
004bea10	BFSpawnPointManager__v0_slot00	27	unknown
004bea30	FUN_004bea30	150	unknown
004bead0	BFSpawnPointTemplate__v0_slot07	10	unknown
004beae0	BFSpawnPointTemplate__v0_slot08	4	unknown
004beaf0	BFSpawnPointTemplate__v0_slot20	4	unknown
004beb00	BFSpawnPointTemplate__v0_slot16	10	unknown
004beb10	BFSpawnPointTemplate__v0_slot17	4	unknown
004beb20	BFSpawnPointTemplate__v0_slot21	10	unknown
004beb30	BFSpawnPointTemplate__v0_slot18	4	unknown
004beb40	BFSpawnPointTemplate__v0_slot03	37	unknown
004beb70	BFSpawnPointTemplate__v0_slot04	6	unknown
004beb80	BFSpawnPointTemplate__v0_slot11	45	unknown
004bebb0	BFSpawnPointTemplate__v0_slot19	20	unknown
004bebd0	BFSpawnPointTemplate__v0_slot22	23	unknown
004bebf0	BFSpawnPointTemplate__v0_slot12	34	unknown
004bec20	FUN_004bec20	8	unknown
004bec30	FUN_004bec30	51	unknown
004bec70	FUN_004bec70	357	unknown
004bede0	FUN_004bede0	111	unknown
004bee4f	Catch@004bee4f	9	unknown
004bee70	FUN_004bee70	91	unknown
004bef30	FUN_004bef30	99	unknown
004befa0	FUN_004befa0	27	unknown
004befc0	FUN_004befc0	33	unknown
004beff0	FUN_004beff0	18	unknown
004bf010	FUN_004bf010	12	unknown
004bf020	FUN_004bf020	38	unknown
004bf050	FUN_004bf050	47	unknown
004bf080	FUN_004bf080	102	unknown
004bf0f0	FUN_004bf0f0	85	unknown
004bf150	FUN_004bf150	364	unknown
004bf2c0	FUN_004bf2c0	138	unknown
004bf350	FUN_004bf350	43	unknown
004bf380	FUN_004bf380	54	unknown
004bf3c0	FUN_004bf3c0	268	unknown
004bf4e0	FUN_004bf4e0	28	unknown
004bf4fc	FUN_004bf4fc	818	unknown
004bf830	FUN_004bf830	35	unknown
004bf860	FUN_004bf860	111	unknown
004bf8cf	Catch@004bf8cf	9	unknown
004bf8f0	FUN_004bf8f0	109	unknown
004bf95d	Catch@004bf95d	9	unknown
004bf980	FUN_004bf980	139	unknown
004bfa10	FUN_004bfa10	96	unknown
004bfa70	FUN_004bfa70	113	unknown
004bfaf0	FUN_004bfaf0	26	unknown
004bfb20	FUN_004bfb20	131	unknown
004bfbb0	FUN_004bfbb0	55	unknown
004bfbf0	KitNetworkable__v0_slot10	6	unknown
004bfc00	FUN_004bfc00	49	unknown
004bfc40	FUN_004bfc40	78	unknown
004bfc90	FUN_004bfc90	32	unknown
004bfcb0	FUN_004bfcb0	6	unknown
004bfcc0	BAPATurn__v0_slot03	6	unknown
004bfcd0	FUN_004bfcd0	102	unknown
004bfd40	FUN_004bfd40	40	unknown
004bfd70	FUN_004bfd70	25	unknown
004bfd90	SpecialGameEvent__v0_slot00	6	unknown
004bfda0	FUN_004bfda0	32	unknown
004bfdc0	BAPAResetControls__v0_slot03	6	unknown
004bfdd0	FUN_004bfdd0	92	unknown
004bfe30	BAPConObjectBehind__v0_slot01	6	unknown
004bfe40	FUN_004bfe40	117	unknown
004bfeb5	Catch@004bfeb5	9	unknown
004bfed0	FUN_004bfed0	138	unknown
004bff5a	Catch@004bff5a	9	unknown
004bff70	FUN_004bff70	43	unknown
004bffb0	FUN_004bffb0	109	unknown
004c0020	EntrySoldierPose__v0_slot02	6	unknown
004c0030	FUN_004c0030	48	unknown
004c0060	FUN_004c0060	428	unknown
004c0210	FUN_004c0210	20	unknown
004c0230	FUN_004c0230	66	unknown
004c0280	FUN_004c0280	48	unknown
004c02b0	FUN_004c02b0	148	unknown
004c0350	BAPASense__v0_slot03	6	unknown
004c0360	FUN_004c0360	217	unknown
004c0440	BAPALook__v0_slot03	6	unknown
004c0450	FUN_004c0450	48	unknown
004c0480	FUN_004c0480	368	unknown
004c0600	BAPICChangeVehicle__v0_slot03	6	unknown
004c0610	FUN_004c0610	143	unknown
004c06b0	BAPICScout__v0_slot03	6	unknown
004c06c0	FUN_004c06c0	104	unknown
004c0730	BFSoldierNetworkable__v0_slot10	6	unknown
004c0740	FUN_004c0740	166	unknown
004c07f0	BAPAEvaluate__v0_slot03	6	unknown
004c0800	FUN_004c0800	91	unknown
004c0860	FUN_004c0860	6	unknown
004c0870	FUN_004c0870	185	unknown
004c0930	__GameEventMakerMaker__v0_slot01	38	unknown
004c0960	FUN_004c0960	27	unknown
004c0980	__GameEventMakerMaker__v0_slot00	79	unknown
004c09d0	__GameEventMakerMaker__v0_slot01	41	unknown
004c0a00	__GameEventMakerMaker__v0_slot00	74	unknown
004c0a50	__GameEventMakerMaker__v0_slot01	41	unknown
004c0a80	__GameEventMakerMaker__v0_slot00	80	unknown
004c0ad0	__GameEventMakerMaker__v0_slot01	41	unknown
004c0b00	ItemNetworkable__v0_slot10	6	unknown
004c0b10	__GameEventMakerMaker__v0_slot00	76	unknown
004c0b60	__GameEventMakerMaker__v0_slot01	50	unknown
004c0ba0	RotationalBundleNetworkable__v0_slot10	6	unknown
004c0bb0	__GameEventMakerMaker__v0_slot00	64	unknown
004c0bf0	__GameEventMakerMaker__v0_slot01	41	unknown
004c0c20	AITemplateControlInfo__v0_slot02	6	unknown
004c0c30	__GameEventMakerMaker__v0_slot00	88	unknown
004c0c90	__GameEventMakerMaker__v0_slot01	82	unknown
004c0cf0	__GameEventMakerMaker__v0_slot00	104	unknown
004c0d60	__GameEventMakerMaker__v0_slot01	41	unknown
004c0d90	__GameEventMakerMaker__v0_slot00	82	unknown
004c0df0	__GameEventMakerMaker__v0_slot01	41	unknown
004c0e20	EngineNetworkable__v0_slot10	6	unknown
004c0e30	__GameEventMakerMaker__v0_slot00	76	unknown
004c0e80	__GameEventMakerMaker__v0_slot01	41	unknown
004c0eb0	__GameEventMakerMaker__v0_slot00	82	unknown
004c0f10	__GameEventMakerMaker__v0_slot01	41	unknown
004c0f40	FUN_004c0f40	6	unknown
004c0f50	__GameEventMakerMaker__v0_slot00	76	unknown
004c0fa0	__GameEventMakerMaker__v0_slot01	41	unknown
004c0fd0	ProjectileNetworkable__v0_slot10	6	unknown
004c0fe0	__GameEventMakerMaker__v0_slot00	74	unknown
004c1030	__GameEventMakerMaker__v0_slot01	41	unknown
004c1060	__GameEventMakerMaker__v0_slot00	74	unknown
004c10b0	__GameEventMakerMaker__v0_slot01	41	unknown
004c10e0	BAPInfoWrapper__v0_slot03	6	unknown
004c10f0	__GameEventMakerMaker__v0_slot00	74	unknown
004c1140	__GameEventMakerMaker__v0_slot01	41	unknown
004c1170	BAPConObjectExists__v0_slot01	6	unknown
004c1180	__GameEventMakerMaker__v0_slot00	74	unknown
004c11d0	__GameEventMakerMaker__v0_slot01	41	unknown
004c1200	BAPConOr__v0_slot01	6	unknown
004c1210	__GameEventMakerMaker__v0_slot00	76	unknown
004c1260	__GameEventMakerMaker__v0_slot01	41	unknown
004c1290	BAPConRandTime__v0_slot01	6	unknown
004c12a0	__GameEventMakerMaker__v0_slot00	82	unknown
004c1300	__GameEventMakerMaker__v0_slot01	41	unknown
004c1330	__GameEventMakerMaker__v0_slot00	82	unknown
004c1390	__GameEventMakerMaker__v0_slot01	41	unknown
004c13c0	BFSpawnPointManager__v4_slot10	6	unknown
004c13d0	__GameEventMakerMaker__v0_slot00	76	unknown
004c1420	__GameEventMakerMaker__v0_slot01	41	unknown
004c1450	__GameEventMakerMaker__v0_slot00	63	unknown
004c1490	__GameEventMakerMaker__v0_slot01	41	unknown
004c14c0	FUN_004c14c0	6	unknown
004c14d0	__GameEventMakerMaker__v0_slot00	76	unknown
004c1520	__GameEventMakerMaker__v0_slot01	41	unknown
004c1550	FUN_004c1550	6	unknown
004c1560	__GameEventMakerMaker__v0_slot00	63	unknown
004c15a0	__GameEventMakerMaker__v0_slot01	41	unknown
004c15d0	FUN_004c15d0	6	unknown
004c15e0	__GameEventMakerMaker__v0_slot00	63	unknown
004c1620	__GameEventMakerMaker__v0_slot01	41	unknown
004c1650	FUN_004c1650	6	unknown
004c1660	__GameEventMakerMaker__v0_slot00	63	unknown
004c16a0	__GameEventMakerMaker__v0_slot01	41	unknown
004c16d0	NetworkableBase__v0_slot09	5	unknown
004c16e0	FUN_004c16e0	6	unknown
004c16f0	__GameEventMakerMaker__v0_slot00	68	unknown
004c1740	__GameEventMakerMaker__v0_slot01	41	unknown
004c1770	__GameEventMakerMaker__v0_slot00	74	unknown
004c17c0	__GameEventMakerMaker__v0_slot01	41	unknown
004c17f0	FUN_004c17f0	6	unknown
004c1800	__GameEventMakerMaker__v0_slot00	72	unknown
004c1850	FUN_004c1850	16	unknown
004c1860	__GameEventMakerMaker__v0_slot01	44	unknown
004c1890	FUN_004c1890	6	unknown
004c18a0	__GameEventMakerMaker__v0_slot00	66	unknown
004c18f0	__GameEventMakerMaker__v0_slot01	41	unknown
004c1920	__GameEventMakerMaker__v0_slot00	76	unknown
004c1970	__GameEventMakerMaker__v0_slot01	41	unknown
004c19a0	__GameEventMakerMaker__v0_slot00	76	unknown
004c19f0	__GameEventMakerMaker__v0_slot01	41	unknown
004c1a20	FUN_004c1a20	6	unknown
004c1a30	__GameEventMakerMaker__v0_slot00	79	unknown
004c1a80	__GameEventMakerMaker__v0_slot01	41	unknown
004c1ab0	FUN_004c1ab0	6	unknown
004c1ac0	__GameEventMakerMaker__v0_slot00	74	unknown
004c1b10	__GameEventMakerMaker__v0_slot01	41	unknown
004c1b40	__GameEventMakerMaker__v0_slot00	76	unknown
004c1b90	__GameEventMakerMaker__v0_slot01	41	unknown
004c1bc0	FUN_004c1bc0	6	unknown
004c1bd0	__GameEventMakerMaker__v0_slot00	79	unknown
004c1c20	__GameEventMakerMaker__v0_slot01	41	unknown
004c1c50	__GameEventMakerMaker__v0_slot00	74	unknown
004c1ca0	__GameEventMakerMaker__v0_slot01	41	unknown
004c1cd0	BAPConObjectHealth__v0_slot01	6	unknown
004c1ce0	__GameEventMakerMaker__v0_slot00	81	unknown
004c1d40	__GameEventMakerMaker__v0_slot01	44	unknown
004c1d70	__GameEventMakerMaker__v0_slot00	84	unknown
004c1dd0	__GameEventMakerMaker__v0_slot01	41	unknown
004c1e00	FUN_004c1e00	6	unknown
004c1e10	__GameEventMakerMaker__v0_slot00	74	unknown
004c1e60	__GameEventMakerMaker__v0_slot01	41	unknown
004c1e90	__GameEventMakerMaker__v0_slot00	79	unknown
004c1ee0	__GameEventMakerMaker__v0_slot01	41	unknown
004c1f10	__GameEventMakerMaker__v0_slot00	63	unknown
004c1f50	__GameEventMakerMaker__v0_slot01	41	unknown
004c1f80	__GameEventMakerMaker__v0_slot00	79	unknown
004c1fd0	__GameEventMakerMaker__v0_slot01	41	unknown
004c2000	__GameEventMakerMaker__v0_slot00	64	unknown
004c2040	__GameEventMakerMaker__v0_slot01	41	unknown
004c2070	__GameEventMakerMaker__v0_slot00	63	unknown
004c20b0	__GameEventMakerMaker__v0_slot01	41	unknown
004c20e0	BAPAUpdateVehicle__v0_slot03	6	unknown
004c20f0	__GameEventMakerMaker__v0_slot00	74	unknown
004c2140	__GameEventMakerMaker__v0_slot01	41	unknown
004c2170	__GameEventMakerMaker__v0_slot00	80	unknown
004c21c0	__GameEventMakerMaker__v0_slot01	41	unknown
004c21f0	FUN_004c21f0	6	unknown
004c2200	__GameEventMakerMaker__v0_slot00	82	unknown
004c2260	__GameEventMakerMaker__v0_slot01	41	unknown
004c2290	__GameEventMakerMaker__v0_slot00	74	unknown
004c22e0	__GameEventMakerMaker__v0_slot01	41	unknown
004c2310	__GameEventMakerMaker__v0_slot00	64	unknown
004c2350	__GameEventMakerMaker__v0_slot01	41	unknown
004c2380	__GameEventMakerMaker__v0_slot00	64	unknown
004c23c0	__GameEventMakerMaker__v0_slot01	41	unknown
004c23f0	__GameEventMakerMaker__v0_slot00	81	unknown
004c2450	__GameEventMakerMaker__v0_slot01	41	unknown
004c2480	__GameEventMakerMaker__v0_slot00	64	unknown
004c24c0	__GameEventMakerMaker__v0_slot01	41	unknown
004c24f0	BAPICTurnLock__v0_slot03	6	unknown
004c2500	__GameEventMakerMaker__v0_slot00	80	unknown
004c2550	__GameEventMakerMaker__v0_slot01	41	unknown
004c2580	__GameEventMakerMaker__v0_slot00	79	unknown
004c25d0	__GameEventMakerMaker__v0_slot01	44	unknown
004c2600	__GameEventMakerMaker__v0_slot00	84	unknown
004c2660	__GameEventMakerMaker__v0_slot01	41	unknown
004c2690	__GameEventMakerMaker__v0_slot00	76	unknown
004c27a0	FUN_004c27a0	146	unknown
004c2840	FUN_004c2840	212	unknown
004c2920	FUN_004c2920	122	unknown
004c29a0	FUN_004c29a0	172	unknown
004c2a50	FUN_004c2a50	95	unknown
004c2ab0	FUN_004c2ab0	128	unknown
004c2b30	FUN_004c2b30	187	unknown
004c2bf0	FUN_004c2bf0	255	unknown
004c2cf0	FUN_004c2cf0	352	unknown
004c2e50	FUN_004c2e50	394	unknown
004c2fe0	FUN_004c2fe0	106	unknown
004c3050	FUN_004c3050	72	unknown
004c30a0	ControlPointCapturedEvent__v0_slot05	128	unknown
004c3120	FUN_004c3120	93	unknown
004c3180	FUN_004c3180	95	unknown
004c31e0	FUN_004c31e0	150	unknown
004c3280	FUN_004c3280	128	unknown
004c3300	FUN_004c3300	214	unknown
004c33e0	FUN_004c33e0	258	unknown
004c34f0	FUN_004c34f0	118	unknown
004c3570	FUN_004c3570	153	unknown
004c3610	FUN_004c3610	74	unknown
004c3660	FUN_004c3660	106	unknown
004c36d0	FUN_004c36d0	328	unknown
004c3820	FUN_004c3820	339	unknown
004c3980	FUN_004c3980	113	unknown
004c3a00	FUN_004c3a00	100	unknown
004c3a70	FUN_004c3a70	86	unknown
004c3ad0	FUN_004c3ad0	125	unknown
004c3b50	ControlPointCapturedEvent__v0_slot04	91	unknown
004c3bb0	FUN_004c3bb0	179	unknown
004c3c70	FUN_004c3c70	196	unknown
004c3d40	FUN_004c3d40	49	unknown
004c3d80	FUN_004c3d80	162	unknown
004c3e30	FUN_004c3e30	89	unknown
004c3e90	FUN_004c3e90	141	unknown
004c3f20	FUN_004c3f20	95	unknown
004c3f80	FUN_004c3f80	150	unknown
004c4020	FUN_004c4020	91	unknown
004c4080	FUN_004c4080	128	unknown
004c4100	FUN_004c4100	81	unknown
004c4160	FUN_004c4160	87	unknown
004c41c0	FUN_004c41c0	100	unknown
004c4230	FUN_004c4230	72	unknown
004c4280	FUN_004c4280	105	unknown
004c42f0	FUN_004c42f0	91	unknown
004c4350	FUN_004c4350	128	unknown
004c43d0	FUN_004c43d0	259	unknown
004c44e0	FUN_004c44e0	237	unknown
004c45d0	FUN_004c45d0	197	unknown
004c46a0	FUN_004c46a0	227	unknown
004c4790	FUN_004c4790	139	unknown
004c4820	FUN_004c4820	240	unknown
004c4910	FUN_004c4910	166	unknown
004c49c0	FUN_004c49c0	265	unknown
004c4ad0	FUN_004c4ad0	91	unknown
004c4b30	FUN_004c4b30	126	unknown
004c4bb0	FUN_004c4bb0	324	unknown
004c4d00	FUN_004c4d00	419	unknown
004c4eb0	FUN_004c4eb0	103	unknown
004c4f20	FUN_004c4f20	201	unknown
004c4ff0	FUN_004c4ff0	110	unknown
004c5060	FUN_004c5060	145	unknown
004c5100	FUN_004c5100	72	unknown
004c5150	FUN_004c5150	105	unknown
004c51c0	SpecialGameEvent__v0_slot04	72	unknown
004c5210	SpecialGameEvent__v0_slot05	106	unknown
004c5280	FUN_004c5280	100	unknown
004c52f0	FUN_004c52f0	194	unknown
004c53c0	FUN_004c53c0	207	unknown
004c5490	FUN_004c5490	125	unknown
004c5510	FUN_004c5510	92	unknown
004c5570	FUN_004c5570	339	unknown
004c56d0	FUN_004c56d0	287	unknown
004c57f0	FUN_004c57f0	91	unknown
004c5850	FUN_004c5850	127	unknown
004c58d0	FUN_004c58d0	293	unknown
004c5a00	FUN_004c5a00	298	unknown
004c5b30	FUN_004c5b30	219	unknown
004c5c10	FUN_004c5c10	176	unknown
004c5cc0	FUN_004c5cc0	1962	unknown
004c6470	FUN_004c6470	111	unknown
004c64e0	FUN_004c64e0	44	unknown
004c6510	FUN_004c6510	100	unknown
004c6580	FUN_004c6580	43	unknown
004c65c0	FUN_004c65c0	117	unknown
004c6635	Catch@004c6635	9	unknown
004c6650	FUN_004c6650	138	unknown
004c66da	Catch@004c66da	9	unknown
004c66f0	FUN_004c66f0	428	unknown
004c68a0	FUN_004c68a0	183	unknown
004c6960	FUN_004c6960	102	unknown
004c69d0	FUN_004c69d0	464	unknown
004c6bb0	FUN_004c6bb0	435	unknown
004c6d70	FUN_004c6d70	102	unknown
004c6de0	FUN_004c6de0	164	unknown
004c6e90	FUN_004c6e90	116	unknown
004c6f10	FUN_004c6f10	94	unknown
004c6f70	FUN_004c6f70	163	unknown
004c7020	FUN_004c7020	121	unknown
004c70a0	FUN_004c70a0	185	unknown
004c7160	FUN_004c7160	101	unknown
004c71d0	FUN_004c71d0	126	unknown
004c7250	FUN_004c7250	47	unknown
004c72b0	GameEventManager__v0_slot04	4	unknown
004c72c0	GameEventManager__v0_slot06	495	unknown
004c74c0	FUN_004c74c0	374	unknown
004c7640	GameEventManager__v0_slot00	27	unknown
004c7660	GameEventManager__v0_slot08	1241	unknown
004c7b40	GameEventManager__v0_slot07	185	unknown
004c7c00	FUN_004c7c00	111	unknown
004c7c6f	Catch@004c7c6f	9	unknown
004c7c90	FUN_004c7c90	109	unknown
004c7cfd	Catch@004c7cfd	9	unknown
004c7d20	FUN_004c7d20	48	unknown
004c7d50	FUN_004c7d50	32	unknown
004c7d80	FUN_004c7d80	173	unknown
004c7e40	FUN_004c7e40	220	unknown
004c7f20	FUN_004c7f20	151	unknown
004c7fc0	FUN_004c7fc0	56	unknown
004c8000	FUN_004c8000	33	unknown
004c8030	FUN_004c8030	19	unknown
004c8050	FUN_004c8050	24	unknown
004c8070	FUN_004c8070	88	unknown
004c80e0	FUN_004c80e0	41	unknown
004c8110	FUN_004c8110	49	unknown
004c8150	FUN_004c8150	52	unknown
004c8190	FUN_004c8190	35	unknown
004c81c0	FUN_004c81c0	116	unknown
004c8240	FUN_004c8240	25	unknown
004c8260	FUN_004c8260	41	unknown
004c8290	FUN_004c8290	118	unknown
004c8310	PlayerControlObjectTemplate__v428_slot42	13	unknown
004c8320	FUN_004c8320	236	unknown
004c8410	FUN_004c8410	73	unknown
004c8460	FUN_004c8460	73	unknown
004c84b0	FUN_004c84b0	73	unknown
004c8500	FUN_004c8500	73	unknown
004c8550	FUN_004c8550	13	unknown
004c8560	FUN_004c8560	13	unknown
004c8570	FUN_004c8570	333	unknown
004c86c0	FUN_004c86c0	23	unknown
004c86e0	FUN_004c86e0	31	unknown
004c8700	FUN_004c8700	212	unknown
004c87e0	FUN_004c87e0	129	unknown
004c8870	FUN_004c8870	209	unknown
004c8950	FUN_004c8950	46	unknown
004c8980	FUN_004c8980	46	unknown
004c89b0	FUN_004c89b0	107	unknown
004c8a1b	Catch@004c8a1b	9	unknown
004c8a30	FUN_004c8a30	107	unknown
004c8a9b	Catch@004c8a9b	9	unknown
004c8ab0	FUN_004c8ab0	111	unknown
004c8b20	FUN_004c8b20	407	unknown
004c8cd0	FUN_004c8cd0	111	unknown
004c8d3f	Catch@004c8d3f	9	unknown
004c8d60	FUN_004c8d60	109	unknown
004c8dcd	Catch@004c8dcd	9	unknown
004c8df0	FUN_004c8df0	105	unknown
004c8e59	Catch@004c8e59	9	unknown
004c8e70	FUN_004c8e70	109	unknown
004c8edd	Catch@004c8edd	9	unknown
004c8f00	FUN_004c8f00	102	unknown
004c8f66	Catch@004c8f66	9	unknown
004c8f70	FUN_004c8f70	102	unknown
004c8fd6	Catch@004c8fd6	9	unknown
004c8fe0	FUN_004c8fe0	723	unknown
004c92c0	FUN_004c92c0	20	unknown
004c92e0	FUN_004c92e0	35	unknown
004c9310	FUN_004c9310	35	unknown
004c9340	FUN_004c9340	45	unknown
004c9370	FUN_004c9370	146	unknown
004c9410	FUN_004c9410	187	unknown
004c94d0	FUN_004c94d0	183	unknown
004c9590	FUN_004c9590	409	unknown
004c9730	FUN_004c9730	27	unknown
004c9750	FUN_004c9750	27	unknown
004c9770	FUN_004c9770	842	unknown
004c9ac0	FUN_004c9ac0	94	unknown
004c9b20	FUN_004c9b20	547	unknown
004c9d50	FUN_004c9d50	41	unknown
004c9d80	FUN_004c9d80	38	unknown
004c9db0	FUN_004c9db0	627	unknown
004ca030	FUN_004ca030	190	unknown
004ca0f0	FUN_004ca0f0	2021	unknown
004ca910	FUN_004ca910	1825	unknown
004cb040	FUN_004cb040	1203	unknown
004cb500	FUN_004cb500	836	unknown
004cb850	FUN_004cb850	3201	unknown
004cc4e0	FUN_004cc4e0	457	unknown
004cc6b0	FUN_004cc6b0	411	unknown
004cc850	FUN_004cc850	1406	unknown
004ccdd0	FUN_004ccdd0	1850	unknown
004cd510	FUN_004cd510	26	unknown
004cd530	FUN_004cd530	851	unknown
004cd890	FUN_004cd890	107	unknown
004cd900	FUN_004cd900	792	unknown
004cdc30	FUN_004cdc30	404	unknown
004cddd0	FUN_004cddd0	338	unknown
004cdf30	FUN_004cdf30	361	unknown
004ce0a0	FUN_004ce0a0	51	unknown
004ce0e0	FUN_004ce0e0	51	unknown
004ce120	FUN_004ce120	102	unknown
004ce186	Catch@004ce186	53	unknown
004ce1c0	FUN_004ce1c0	530	unknown
004ce320	Catch@004ce320	9	unknown
004ce3f0	FUN_004ce3f0	636	unknown
004ce597	Catch@004ce597	9	unknown
004ce690	FUN_004ce690	102	unknown
004ce6f6	Catch@004ce6f6	53	unknown
004ce730	FUN_004ce730	528	unknown
004ce890	Catch@004ce890	9	unknown
004ce960	FUN_004ce960	104	unknown
004ce9c8	Catch@004ce9c8	46	unknown
004cea00	FUN_004cea00	710	unknown
004cecd0	FUN_004cecd0	258	unknown
004cede0	FUN_004cede0	50	unknown
004cee20	FUN_004cee20	50	unknown
004cee60	FUN_004cee60	131	unknown
004ceef0	FUN_004ceef0	89	unknown
004cef60	FUN_004cef60	131	unknown
004ceff0	FUN_004ceff0	162	unknown
004cf0a0	FUN_004cf0a0	103	unknown
004cf110	FUN_004cf110	89	unknown
004cf180	FUN_004cf180	105	unknown
004cf1f0	FUN_004cf1f0	28	unknown
004cf210	FUN_004cf210	1680	unknown
004cf8a0	FUN_004cf8a0	2316	unknown
004d01b0	FUN_004d01b0	421	unknown
004d0360	FUN_004d0360	1021	unknown
004d0770	FUN_004d0770	77	unknown
004d07c0	FUN_004d07c0	137	unknown
004d0849	Catch@004d0849	17	unknown
004d0860	FUN_004d0860	77	unknown
004d08b0	FUN_004d08b0	128	unknown
004d0930	FUN_004d0930	121	unknown
004d09b0	FUN_004d09b0	45	unknown
004d09e0	FUN_004d09e0	857	unknown
004d0d50	FUN_004d0d50	1085	unknown
004d11b0	FUN_004d11b0	175	unknown
004d1270	FUN_004d1270	375	unknown
004d1400	FUN_004d1400	577	unknown
004d1650	FUN_004d1650	483	unknown
004d1860	FUN_004d1860	2351	unknown
004d2190	FUN_004d2190	6211	unknown
004d3a30	FUN_004d3a30	1863	unknown
004d4180	FUN_004d4180	860	unknown
004d44f0	FUN_004d44f0	295	unknown
004d4620	FUN_004d4620	311	unknown
004d4760	FUN_004d4760	198	unknown
004d4830	FUN_004d4830	127	unknown
004d48b0	FUN_004d48b0	175	unknown
004d4960	FUN_004d4960	310	unknown
004d4aa0	FUN_004d4aa0	93	unknown
004d4b00	FUN_004d4b00	253	unknown
004d4c00	FUN_004d4c00	307	unknown
004d4d40	FUN_004d4d40	365	unknown
004d4eb0	FUN_004d4eb0	272	unknown
004d4fc0	FUN_004d4fc0	420	unknown
004d5170	FUN_004d5170	569	unknown
004d53b0	FUN_004d53b0	137	unknown
004d5440	FUN_004d5440	128	unknown
004d54c0	FUN_004d54c0	574	unknown
004d5700	FUN_004d5700	128	unknown
004d5780	FUN_004d5780	88	unknown
004d57e0	FUN_004d57e0	806	unknown
004d5b10	FUN_004d5b10	39	unknown
004d5b40	AIObject__v0_slot15	10	unknown
004d5b50	FUN_004d5b50	117	unknown
004d5bc5	Catch@004d5bc5	9	unknown
004d5be0	FUN_004d5be0	138	unknown
004d5c6a	Catch@004d5c6a	9	unknown
004d5c80	FUN_004d5c80	39	unknown
004d5cb0	FUN_004d5cb0	428	unknown
004d5e60	FUN_004d5e60	118	unknown
004d5ee0	FUN_004d5ee0	185	unknown
004d5fa0	FUN_004d5fa0	361	unknown
004d6110	FUN_004d6110	77	unknown
004d6160	FUN_004d6160	121	unknown
004d61e0	FUN_004d61e0	76	unknown
004d6230	FUN_004d6230	91	unknown
004d6290	FUN_004d6290	95	unknown
004d62f0	FUN_004d62f0	20	unknown
004d6310	FUN_004d6310	36	unknown
004d6340	FUN_004d6340	111	unknown
004d63af	Catch@004d63af	9	unknown
004d63d0	FUN_004d63d0	109	unknown
004d643d	Catch@004d643d	9	unknown
004d6460	FUN_004d6460	35	unknown
004d6490	FUN_004d6490	44	unknown
004d64c0	FUN_004d64c0	139	unknown
004d6550	FUN_004d6550	167	unknown
004d6600	FUN_004d6600	260	unknown
004d6710	FUN_004d6710	205	unknown
004d67e0	FUN_004d67e0	146	unknown
004d6880	FUN_004d6880	11	unknown
004d6890	FUN_004d6890	11	unknown
004d68a0	FUN_004d68a0	11	unknown
004d68b0	FUN_004d68b0	11	unknown
004d68c0	FUN_004d68c0	49	unknown
004d6900	FUN_004d6900	11	unknown
004d6910	FUN_004d6910	13	unknown
004d6920	FUN_004d6920	7	unknown
004d6930	FUN_004d6930	13	unknown
004d6940	FUN_004d6940	7	unknown
004d6950	FUN_004d6950	25	unknown
004d6970	FUN_004d6970	7	unknown
004d6980	FUN_004d6980	13	unknown
004d6990	FUN_004d6990	7	unknown
004d69a0	FUN_004d69a0	49	unknown
004d69e0	FUN_004d69e0	52	unknown
004d6a20	FUN_004d6a20	18	unknown
004d6a40	FUN_004d6a40	36	unknown
004d6a70	FUN_004d6a70	34	unknown
004d6aa0	FUN_004d6aa0	29	unknown
004d6ac0	FUN_004d6ac0	65	unknown
004d6ae0	FUN_004d6ae0	50	unknown
004d6b20	FUN_004d6b20	50	unknown
004d6b60	FUN_004d6b60	32	unknown
004d6b80	FUN_004d6b80	22	unknown
004d6ba0	FUN_004d6ba0	22	unknown
004d6bc0	FUN_004d6bc0	103	unknown
004d6c30	BFSoldier__v0_slot65	7	unknown
004d6c40	FUN_004d6c40	153	unknown
004d6ce0	FUN_004d6ce0	563	unknown
004d6f30	FUN_004d6f30	90	unknown
004d6f90	FUN_004d6f90	83	unknown
004d6ff0	FUN_004d6ff0	83	unknown
004d7050	FUN_004d7050	184	unknown
004d7110	FUN_004d7110	83	unknown
004d7170	FUN_004d7170	83	unknown
004d71d0	FUN_004d71d0	41	unknown
004d7200	FUN_004d7200	83	unknown
004d7260	FUN_004d7260	39	unknown
004d7290	FUN_004d7290	100	unknown
004d7300	FUN_004d7300	444	unknown
004d74d0	FUN_004d74d0	142	unknown
004d7570	FUN_004d7570	336	unknown
004d76d0	FUN_004d76d0	1003	unknown
004d7ae0	FUN_004d7ae0	86	unknown
004d7b40	FUN_004d7b40	58	unknown
004d7b80	FUN_004d7b80	759	unknown
004d7e80	FUN_004d7e80	63	unknown
004d7ec0	FUN_004d7ec0	90	unknown
004d7f20	FUN_004d7f20	243	unknown
004d8020	FUN_004d8020	243	unknown
004d8120	FUN_004d8120	64	unknown
004d8160	FUN_004d8160	173	unknown
004d8210	FUN_004d8210	65	unknown
004d8260	FUN_004d8260	19	unknown
004d8280	FUN_004d8280	100	unknown
004d82f0	FUN_004d82f0	81	unknown
004d8350	FUN_004d8350	84	unknown
004d83b0	FUN_004d83b0	95	unknown
004d8420	FUN_004d8420	248	unknown
004d8570	FUN_004d8570	2023	unknown
004d8d60	FUN_004d8d60	494	unknown
004d8f50	FUN_004d8f50	129	unknown
004d8fe0	FUN_004d8fe0	324	unknown
004d9130	NoBotRespawningForTeam__v0_slot01	19	unknown
004d9150	FUN_004d9150	21	unknown
004d9170	FUN_004d9170	176	unknown
004d9230	FUN_004d9230	107	unknown
004d92a0	FUN_004d92a0	36	unknown
004d92d0	FUN_004d92d0	143	unknown
004d9360	FUN_004d9360	133	unknown
004d93f0	FUN_004d93f0	198	unknown
004d94c0	FUN_004d94c0	55	unknown
004d9500	FUN_004d9500	71	unknown
004d9550	FUN_004d9550	130	unknown
004d95e0	FUN_004d95e0	130	unknown
004d9670	FUN_004d9670	186	unknown
004d9730	FUN_004d9730	1418	unknown
004d9d00	FUN_004d9d00	1133	unknown
004da1b0	FUN_004da1b0	1614	unknown
004da850	ControlPointCapture__v0_slot01	899	unknown
004dac00	ControlPointPossession__v0_slot01	1704	unknown
004db300	FUN_004db300	1222	unknown
004db800	FUN_004db800	1222	unknown
004dbd00	ControlPointDefense__v0_slot01	897	unknown
004dc0b0	FUN_004dc0b0	1130	unknown
004dc550	FUN_004dc550	1417	unknown
004dcb20	FUN_004dcb20	1417	unknown
004dd0f0	FUN_004dd0f0	191	unknown
004dd1d0	ControlPointCapture__v0_slot02	217	unknown
004dd2b0	ControlPointPossession__v0_slot02	233	unknown
004dd3a0	ControlPointDefense__v0_slot03	198	unknown
004dd470	FUN_004dd470	195	unknown
004dd550	PlayerControlPoint__v0_slot01	29	unknown
004dd570	BotTeamControlPoint__v0_slot01	29	unknown
004dd590	FUN_004dd590	36	unknown
004dd5c0	BotTeamSpawnGroup__v0_slot01	36	unknown
004dd5f0	FUN_004dd5f0	187	unknown
004dd6b0	FUN_004dd6b0	14	unknown
004dd6c0	FUN_004dd6c0	41	unknown
004dd6f0	FUN_004dd6f0	41	unknown
004dd720	FUN_004dd720	124	unknown
004dd7a0	FUN_004dd7a0	88	unknown
004dd800	FUN_004dd800	88	unknown
004dd860	FUN_004dd860	101	unknown
004dd8d0	FUN_004dd8d0	255	unknown
004dd9d0	FUN_004dd9d0	83	unknown
004dda30	FUN_004dda30	10	unknown
004dda40	FUN_004dda40	85	unknown
004ddaa0	FUN_004ddaa0	280	unknown
004ddbc0	GameEventManager__v0_slot03	37	unknown
004ddbf0	FUN_004ddbf0	16	unknown
004ddc00	FUN_004ddc00	104	unknown
004ddc70	FUN_004ddc70	97	unknown
004ddce0	FUN_004ddce0	715	unknown
004ddfb0	FUN_004ddfb0	211	unknown
004de090	FUN_004de090	43	unknown
004de0d0	FUN_004de0d0	111	unknown
004de13f	Catch@004de13f	9	unknown
004de160	FUN_004de160	105	unknown
004de1c9	Catch@004de1c9	9	unknown
004de1e0	FUN_004de1e0	117	unknown
004de255	Catch@004de255	9	unknown
004de270	FUN_004de270	138	unknown
004de2fa	Catch@004de2fa	9	unknown
004de310	FUN_004de310	82	unknown
004de370	FUN_004de370	47	unknown
004de3a0	FUN_004de3a0	22	unknown
004de3c0	FUN_004de3c0	428	unknown
004de570	FUN_004de570	183	unknown
004de630	FUN_004de630	201	unknown
004de720	FUN_004de720	752	unknown
004dea40	FUN_004dea40	185	unknown
004deb00	FUN_004deb00	162	unknown
004debb0	FUN_004debb0	170	unknown
004dec60	FUN_004dec60	756	unknown
004def70	FUN_004def70	242	unknown
004df0d0	BotManager__v4_slot20	7	unknown
004df0e0	FUN_004df0e0	22	unknown
004df100	FUN_004df100	479	unknown
004df2e0	FUN_004df2e0	190	unknown
004df3a0	FUN_004df3a0	27	unknown
004df3c0	FUN_004df3c0	1274	unknown
004df8d0	FUN_004df8d0	187	unknown
004df990	FUN_004df990	30	unknown
004df9b0	FUN_004df9b0	23	unknown
004df9d0	FUN_004df9d0	84	unknown
004dfa30	FUN_004dfa30	18	unknown
004dfa50	FUN_004dfa50	27	unknown
004dfa70	FUN_004dfa70	105	unknown
004dfae0	FUN_004dfae0	255	unknown
004dfc20	FUN_004dfc20	163	unknown
004dfcd0	FUN_004dfcd0	27	unknown
004dfcf0	FUN_004dfcf0	233	unknown
004dfde0	FUN_004dfde0	224	unknown
004dfec0	FUN_004dfec0	107	unknown
004dff30	FUN_004dff30	236	unknown
004e0060	FUN_004e0060	21	unknown
004e0080	FUN_004e0080	101	unknown
004e00f0	FUN_004e00f0	131	unknown
004e0180	FUN_004e0180	64	unknown
004e01c0	FUN_004e01c0	146	unknown
004e0260	FUN_004e0260	147	unknown
004e0300	FUN_004e0300	147	unknown
004e03a0	FUN_004e03a0	234	unknown
004e0490	FUN_004e0490	185	unknown
004e0550	FUN_004e0550	153	unknown
004e05f0	FUN_004e05f0	36	unknown
004e0620	FUN_004e0620	48	unknown
004e0650	FUN_004e0650	2270	unknown
004e0f30	FUN_004e0f30	183	unknown
004e0ff0	FUN_004e0ff0	181	unknown
004e10b0	FUN_004e10b0	3	unknown
004e10c0	FUN_004e10c0	10	unknown
004e10d0	FUN_004e10d0	66	unknown
004e1120	FUN_004e1120	94	unknown
004e1180	FUN_004e1180	64	unknown
004e11c0	FUN_004e11c0	135	unknown
004e1250	FUN_004e1250	66	unknown
004e12a0	FUN_004e12a0	130	unknown
004e1330	FUN_004e1330	13	unknown
004e1340	KERNEL32.DLL::GetTickCount	6	__stdcall
004e1350	FUN_004e1350	51	unknown
004e1390	WSOCK32.DLL::WSACleanup	5	__stdcall
004e13a0	FUN_004e13a0	61	unknown
004e13e0	FUN_004e13e0	84	unknown
004e1440	FUN_004e1440	88	unknown
004e14a0	FUN_004e14a0	79	unknown
004e14f0	FUN_004e14f0	183	unknown
004e15b0	FUN_004e15b0	296	unknown
004e16e0	BFSpawnPoint__v0_slot06	79	unknown
004e1730	BFSpawnPoint__v0_slot04	139	unknown
004e17c0	BFSpawnPoint__v344_slot05	46	unknown
004e17f0	BFSpawnPoint__v344_slot06	32	unknown
004e1810	FUN_004e1810	196	unknown
004e18e0	FUN_004e18e0	7	unknown
004e18f0	FUN_004e18f0	14	unknown
004e1900	FUN_004e1900	121	unknown
004e1980	BFSpawnPoint__v0_slot10	103	unknown
004e19f0	FUN_004e19f0	111	unknown
004e1a60	BFSpawnPoint__v0_slot13	16	unknown
004e1a70	BFSpawnPoint__v0_slot14	64	unknown
004e1ab0	FUN_004e1ab0	368	unknown
004e1c30	BFSoldier__v0_slot38	7	unknown
004e1c40	BFSoldier__v0_slot46	6	unknown
004e1c50	PlayerControlObject__v0_slot02	32	unknown
004e1c70	FUN_004e1c70	20	unknown
004e1c90	FUN_004e1c90	54	unknown
004e1cd0	FUN_004e1cd0	15	unknown
004e1ce0	FUN_004e1ce0	43	unknown
004e1d10	ORPHAN_CANDIDATE_004e1d10	18	unknown
004e1d30	FUN_004e1d30	23	unknown
004e1d50	ORPHAN_CANDIDATE_004e1d50	23	unknown
004e1d8e	FUN_004e1d8e	16	unknown
004e1de6	FUN_004e1de6	4	unknown
004e1df6	FUN_004e1df6	520	unknown
004e2000	FUN_004e2000	114	unknown
004e2080	FUN_004e2080	87	unknown
004e20e0	FUN_004e20e0	27	unknown
004e2100	FUN_004e2100	40	unknown
004e2130	FUN_004e2130	389	unknown
004e22d0	FUN_004e22d0	490	unknown
004e24d0	FUN_004e24d0	295	unknown
004e2600	FUN_004e2600	339	unknown
004e2770	FUN_004e2770	299	unknown
004e28b0	FUN_004e28b0	120	unknown
004e2930	FUN_004e2930	51	unknown
004e2970	FUN_004e2970	55	unknown
004e29b0	FUN_004e29b0	55	unknown
004e29f0	FUN_004e29f0	51	unknown
004e2a30	FUN_004e2a30	37	unknown
004e2a60	FUN_004e2a60	21	unknown
004e2a80	FUN_004e2a80	20	unknown
004e2aa0	FUN_004e2aa0	20	unknown
004e2ac0	FUN_004e2ac0	34	unknown
004e2af0	FUN_004e2af0	20	unknown
004e2b10	FUN_004e2b10	78	unknown
004e2b60	FUN_004e2b60	87	unknown
004e2bc0	StaticResponsePhysics__v0_slot09	3	unknown
004e2bd0	FUN_004e2bd0	27	unknown
004e2bf0	FUN_004e2bf0	205	unknown
004e2cd0	FUN_004e2cd0	1004	unknown
004e30e0	FUN_004e30e0	551	unknown
004e3320	FUN_004e3320	1988	unknown
004e3b20	FUN_004e3b20	73	unknown
004e3b70	FUN_004e3b70	43	unknown
004e3ba0	FUN_004e3ba0	305	unknown
004e3ce0	FUN_004e3ce0	112	unknown
004e3d50	FUN_004e3d50	262	unknown
004e3e60	FUN_004e3e60	36	unknown
004e3e90	FUN_004e3e90	101	unknown
004e3f00	FUN_004e3f00	191	unknown
004e3fc0	FUN_004e3fc0	322	unknown
004e4110	FUN_004e4110	155	unknown
004e41b0	FUN_004e41b0	107	unknown
004e4220	FUN_004e4220	672	unknown
004e44c0	FUN_004e44c0	53	unknown
004e4500	FUN_004e4500	146	unknown
004e45a0	FUN_004e45a0	655	unknown
004e4830	FUN_004e4830	171	unknown
004e48e0	FUN_004e48e0	58	unknown
004e4920	FUN_004e4920	682	unknown
004e4bf0	FUN_004e4bf0	100	unknown
004e4c60	FUN_004e4c60	644	unknown
004e4ef0	FUN_004e4ef0	338	unknown
004e5050	FUN_004e5050	136	unknown
004e50e0	FUN_004e50e0	123	unknown
004e5160	FUN_004e5160	1632	unknown
004e57c0	FUN_004e57c0	191	unknown
004e5880	FUN_004e5880	73	unknown
004e58d0	FUN_004e58d0	108	unknown
004e5940	FUN_004e5940	37	unknown
004e5970	FUN_004e5970	55	unknown
004e59b0	FUN_004e59b0	76	unknown
004e5a00	FUN_004e5a00	72	unknown
004e5a50	FUN_004e5a50	18	unknown
004e5a70	FUN_004e5a70	31	unknown
004e5a90	FUN_004e5a90	54	unknown
004e5ad0	FUN_004e5ad0	111	unknown
004e5b3f	Catch@004e5b3f	9	unknown
004e5b60	FUN_004e5b60	73	unknown
004e5bb0	FUN_004e5bb0	63	unknown
004e5bf0	FUN_004e5bf0	110	unknown
004e5c5e	Catch@004e5c5e	39	unknown
004e5c90	FUN_004e5c90	172	unknown
004e5d40	FUN_004e5d40	767	unknown
004e6070	FUN_004e6070	59	unknown
004e60b0	FUN_004e60b0	107	unknown
004e611b	Catch@004e611b	37	unknown
004e6150	FUN_004e6150	27	unknown
004e6170	FUN_004e6170	131	unknown
004e6200	FUN_004e6200	18	unknown
004e6220	FUN_004e6220	47	unknown
004e6250	FUN_004e6250	576	unknown
004e64b0	FUN_004e64b0	112	unknown
004e6520	FUN_004e6520	303	unknown
004e6650	FUN_004e6650	68	unknown
004e66a0	FUN_004e66a0	257	unknown
004e67b0	FUN_004e67b0	143	unknown
004e6840	FUN_004e6840	62	unknown
004e6880	FUN_004e6880	153	unknown
004e6920	FUN_004e6920	257	unknown
004e6a30	FUN_004e6a30	40	unknown
004e6a60	FUN_004e6a60	143	unknown
004e6af0	FUN_004e6af0	153	unknown
004e6b90	FUN_004e6b90	257	unknown
004e6ca0	FUN_004e6ca0	40	unknown
004e6cd0	FUN_004e6cd0	143	unknown
004e6d60	FUN_004e6d60	153	unknown
004e6e00	FUN_004e6e00	257	unknown
004e6f10	FUN_004e6f10	40	unknown
004e6f40	FUN_004e6f40	143	unknown
004e6fd0	FUN_004e6fd0	153	unknown
004e7070	FUN_004e7070	257	unknown
004e7180	FUN_004e7180	40	unknown
004e71b0	FUN_004e71b0	143	unknown
004e7240	FUN_004e7240	153	unknown
004e72e0	FUN_004e72e0	257	unknown
004e73f0	FUN_004e73f0	143	unknown
004e7480	FUN_004e7480	153	unknown
004e7520	FUN_004e7520	257	unknown
004e7630	FUN_004e7630	40	unknown
004e7660	FUN_004e7660	143	unknown
004e76f0	FUN_004e76f0	153	unknown
004e7790	FUN_004e7790	256	unknown
004e7890	FUN_004e7890	257	unknown
004e79a0	FUN_004e79a0	40	unknown
004e79d0	FUN_004e79d0	67	unknown
004e7a20	FUN_004e7a20	67	unknown
004e7a70	FUN_004e7a70	153	unknown
004e7b10	FUN_004e7b10	257	unknown
004e7c20	FUN_004e7c20	40	unknown
004e7c50	FUN_004e7c50	104	unknown
004e7cc0	FUN_004e7cc0	153	unknown
004e7d60	FUN_004e7d60	257	unknown
004e7e70	FUN_004e7e70	40	unknown
004e7ea0	FUN_004e7ea0	96	unknown
004e7f00	FUN_004e7f00	153	unknown
004e7fa0	FUN_004e7fa0	153	unknown
004e8040	FUN_004e8040	18	unknown
004e8060	FUN_004e8060	61	unknown
004e80a0	FUN_004e80a0	344	unknown
004e8210	FUN_004e8210	14	unknown
004e8220	FUN_004e8220	384	unknown
004e83a0	FUN_004e83a0	211	unknown
004e8480	FUN_004e8480	148	unknown
004e8520	FUN_004e8520	257	unknown
004e8630	FUN_004e8630	40	unknown
004e8660	FUN_004e8660	140	unknown
004e86f0	FUN_004e86f0	62	unknown
004e8730	FUN_004e8730	214	unknown
004e8810	FUN_004e8810	257	unknown
004e8920	FUN_004e8920	40	unknown
004e8950	FUN_004e8950	147	unknown
004e89f0	FUN_004e89f0	220	unknown
004e8ad0	FUN_004e8ad0	257	unknown
004e8be0	FUN_004e8be0	40	unknown
004e8c10	FUN_004e8c10	147	unknown
004e8cb0	FUN_004e8cb0	220	unknown
004e8d90	FUN_004e8d90	257	unknown
004e8ea0	FUN_004e8ea0	40	unknown
004e8ed0	FUN_004e8ed0	147	unknown
004e8f70	FUN_004e8f70	220	unknown
004e9050	FUN_004e9050	257	unknown
004e9160	FUN_004e9160	40	unknown
004e9190	FUN_004e9190	147	unknown
004e9230	FUN_004e9230	220	unknown
004e9310	FUN_004e9310	257	unknown
004e9420	FUN_004e9420	40	unknown
004e9450	FUN_004e9450	147	unknown
004e94f0	FUN_004e94f0	220	unknown
004e95d0	FUN_004e95d0	257	unknown
004e96e0	FUN_004e96e0	40	unknown
004e9710	FUN_004e9710	147	unknown
004e97b0	FUN_004e97b0	220	unknown
004e9890	FUN_004e9890	257	unknown
004e99a0	FUN_004e99a0	40	unknown
004e99d0	FUN_004e99d0	147	unknown
004e9a70	FUN_004e9a70	220	unknown
004e9b50	FUN_004e9b50	257	unknown
004e9c60	FUN_004e9c60	40	unknown
004e9c90	FUN_004e9c90	147	unknown
004e9d30	FUN_004e9d30	220	unknown
004e9e10	FUN_004e9e10	257	unknown
004e9f20	FUN_004e9f20	40	unknown
004e9f50	FUN_004e9f50	147	unknown
004e9ff0	FUN_004e9ff0	220	unknown
004ea0d0	FUN_004ea0d0	257	unknown
004ea1e0	FUN_004ea1e0	40	unknown
004ea210	FUN_004ea210	147	unknown
004ea2b0	FUN_004ea2b0	220	unknown
004ea390	FUN_004ea390	344	unknown
004ea500	FUN_004ea500	553	unknown
004ea730	FUN_004ea730	213	unknown
004ea810	FUN_004ea810	253	unknown
004ea910	FUN_004ea910	257	unknown
004eaa20	FUN_004eaa20	70	unknown
004eaa70	FUN_004eaa70	220	unknown
004eab50	FUN_004eab50	148	unknown
004eabf0	FUN_004eabf0	148	unknown
004eac90	FUN_004eac90	78	unknown
004eacf0	FUN_004eacf0	256	unknown
004eae00	FUN_004eae00	14	unknown
004eae10	FUN_004eae10	283	unknown
004eaf30	FUN_004eaf30	221	unknown
004eb030	FUN_004eb030	257	unknown
004eb140	FUN_004eb140	52	unknown
004eb180	FUN_004eb180	167	unknown
004eb230	FUN_004eb230	79	unknown
004eb280	FUN_004eb280	220	unknown
004eb360	FUN_004eb360	257	unknown
004eb470	FUN_004eb470	52	unknown
004eb4b0	FUN_004eb4b0	167	unknown
004eb560	FUN_004eb560	220	unknown
004eb640	FUN_004eb640	153	unknown
004eb6e0	FUN_004eb6e0	18	unknown
004eb700	FUN_004eb700	61	unknown
004eb740	FUN_004eb740	257	unknown
004eb850	FUN_004eb850	91	unknown
004eb8b0	FUN_004eb8b0	220	unknown
004eb990	FUN_004eb990	254	unknown
004eba90	FUN_004eba90	364	unknown
004ebc10	FUN_004ebc10	66	unknown
004ebc60	FUN_004ebc60	388	unknown
004ebdf0	FUN_004ebdf0	257	unknown
004ebf00	FUN_004ebf00	77	unknown
004ebf50	FUN_004ebf50	220	unknown
004ec030	FUN_004ec030	257	unknown
004ec140	FUN_004ec140	127	unknown
004ec1c0	FUN_004ec1c0	236	unknown
004ec2b0	FUN_004ec2b0	253	unknown
004ec3b0	FUN_004ec3b0	257	unknown
004ec4c0	FUN_004ec4c0	77	unknown
004ec510	FUN_004ec510	220	unknown
004ec5f0	FUN_004ec5f0	149	unknown
004ec690	FUN_004ec690	14	unknown
004ec6a0	FUN_004ec6a0	85	unknown
004ec700	FUN_004ec700	148	unknown
004ec7a0	FUN_004ec7a0	258	unknown
004ec8b0	FUN_004ec8b0	78	unknown
004ec910	FUN_004ec910	490	unknown
004ecb00	FUN_004ecb00	148	unknown
004ecba0	FUN_004ecba0	86	unknown
004ecc00	FUN_004ecc00	584	unknown
004ece50	FUN_004ece50	373	unknown
004ecfe0	FUN_004ecfe0	422	unknown
004ed190	FUN_004ed190	319	unknown
004ed2d0	FUN_004ed2d0	140	unknown
004ed360	FUN_004ed360	476	unknown
004ed540	FUN_004ed540	255	unknown
004ed650	FUN_004ed650	220	unknown
004ed730	FUN_004ed730	54	unknown
004ed770	FUN_004ed770	731	unknown
004eda60	FUN_004eda60	41	unknown
004eda90	FUN_004eda90	720	unknown
004edc6e	Catch@004edc6e	22	unknown
004edd1c	Catch@004edd1c	38	unknown
004eddb0	FUN_004eddb0	200	unknown
004ede90	FUN_004ede90	78	unknown
004edef0	FUN_004edef0	200	unknown
004edfd0	FUN_004edfd0	78	unknown
004ee030	FUN_004ee030	105	unknown
004ee0a0	FUN_004ee0a0	130	unknown
004ee130	FUN_004ee130	996	unknown
004ee540	FUN_004ee540	43	unknown
004ee570	FUN_004ee570	115	unknown
004ee5f0	FUN_004ee5f0	423	unknown
004ee7b0	FUN_004ee7b0	66	unknown
004ee800	FUN_004ee800	44	unknown
004ee830	FUN_004ee830	33	unknown
004ee860	FUN_004ee860	26	unknown
004ee880	FUN_004ee880	47	unknown
004ee8b0	FUN_004ee8b0	23	unknown
004ee8d0	FUN_004ee8d0	23	unknown
004ee8f0	FUN_004ee8f0	34	unknown
004ee920	FUN_004ee920	51	unknown
004ee960	Projectile__v0_slot01	14	unknown
004ee970	Projectile__v0_slot02	32	unknown
004ee990	FUN_004ee990	272	unknown
004eeaa0	FUN_004eeaa0	79	unknown
004eeb00	FUN_004eeb00	125	unknown
004eeb80	FUN_004eeb80	90	unknown
004eebe0	FUN_004eebe0	59	unknown
004eec20	FUN_004eec20	74	unknown
004eec70	FUN_004eec70	597	unknown
004eeed0	FUN_004eeed0	113	unknown
004eef50	FUN_004eef50	534	unknown
004ef170	FUN_004ef170	6	unknown
004ef180	FUN_004ef180	45	unknown
004ef1b0	FUN_004ef1b0	8	unknown
004ef1c0	FUN_004ef1c0	8	unknown
004ef1d0	FUN_004ef1d0	26	unknown
004ef1f0	FUN_004ef1f0	44	unknown
004ef220	FUN_004ef220	40	unknown
004ef250	FUN_004ef250	85	unknown
004ef2b0	FUN_004ef2b0	264	unknown
004ef3c0	FUN_004ef3c0	57	unknown
004ef400	FUN_004ef400	3335	unknown
004f0110	FUN_004f0110	29	unknown
004f0130	FUN_004f0130	56	unknown
004f0170	FUN_004f0170	65	unknown
004f01c0	FUN_004f01c0	65	unknown
004f0210	FUN_004f0210	30	unknown
004f0230	FUN_004f0230	54	unknown
004f0270	FUN_004f0270	28	unknown
004f0290	FUN_004f0290	68	unknown
004f02e0	FUN_004f02e0	25	unknown
004f0300	FUN_004f0300	53	unknown
004f0340	FUN_004f0340	41	unknown
004f0370	FUN_004f0370	34	unknown
004f03a0	FUN_004f03a0	76	unknown
004f03f0	FUN_004f03f0	37	unknown
004f0420	FUN_004f0420	19	unknown
004f0440	FUN_004f0440	71	unknown
004f0490	FUN_004f0490	115	unknown
004f0510	FUN_004f0510	115	unknown
004f0590	FUN_004f0590	115	unknown
004f0610	FUN_004f0610	29	unknown
004f0630	FUN_004f0630	218	unknown
004f0720	FUN_004f0720	178	unknown
004f07e0	FUN_004f07e0	43	unknown
004f0820	FUN_004f0820	117	unknown
004f0895	Catch@004f0895	9	unknown
004f08b0	FUN_004f08b0	138	unknown
004f093a	Catch@004f093a	9	unknown
004f0950	FUN_004f0950	33	unknown
004f0980	FUN_004f0980	79	unknown
004f09d0	FUN_004f09d0	255	unknown
004f0ad0	FUN_004f0ad0	103	unknown
004f0b40	FUN_004f0b40	428	unknown
004f0cf0	FUN_004f0cf0	55	unknown
004f0d30	FUN_004f0d30	835	unknown
004f1080	FUN_004f1080	185	unknown
004f1140	FUN_004f1140	183	unknown
004f1200	FUN_004f1200	102	unknown
004f1270	FUN_004f1270	100	unknown
004f12e0	FUN_004f12e0	1670	unknown
004f1970	FUN_004f1970	502	unknown
004f1b70	FUN_004f1b70	2500	unknown
004f2540	FUN_004f2540	134	unknown
004f25d0	FUN_004f25d0	355	unknown
004f2740	FUN_004f2740	89	unknown
004f27a0	FUN_004f27a0	4	unknown
004f27b0	FUN_004f27b0	10	unknown
004f27c0	FUN_004f27c0	13	unknown
004f27d0	BAPAAimAt3d__v0_slot10	7	unknown
004f27e0	FUN_004f27e0	17	unknown
004f2800	PlayerControlObject__v344_slot14	4	unknown
004f2810	FUN_004f2810	13	unknown
004f2820	BFSoldier__v0_slot70	3	unknown
004f2830	FUN_004f2830	11	unknown
004f2840	FUN_004f2840	11	unknown
004f2850	FUN_004f2850	11	unknown
004f2860	FUN_004f2860	11	unknown
004f2870	FUN_004f2870	11	unknown
004f2880	FUN_004f2880	11	unknown
004f2890	FUN_004f2890	14	unknown
004f28a0	FUN_004f28a0	32	unknown
004f28c0	FUN_004f28c0	11	unknown
004f28d0	FUN_004f28d0	11	unknown
004f28e0	FUN_004f28e0	11	unknown
004f28f0	FUN_004f28f0	11	unknown
004f2900	FUN_004f2900	11	unknown
004f2910	FUN_004f2910	11	unknown
004f2920	FUN_004f2920	4	unknown
004f2930	BFSoldier__v348_slot20	8	unknown
004f2940	FUN_004f2940	27	unknown
004f2960	FUN_004f2960	79	unknown
004f2bd0	FUN_004f2bd0	47	unknown
004f2c00	FUN_004f2c00	39	unknown
004f2c30	FUN_004f2c30	37	unknown
004f2cb0	FUN_004f2cb0	127	unknown
004f2d30	FUN_004f2d30	14	unknown
004f2d40	FUN_004f2d40	28	unknown
004f2d60	FUN_004f2d60	819	unknown
004f30c0	FUN_004f30c0	18	unknown
004f3310	FUN_004f3310	6	unknown
004f3320	FUN_004f3320	34	unknown
004f3350	FUN_004f3350	26	unknown
004f33e0	FUN_004f33e0	523	unknown
004f3600	FUN_004f3600	257	unknown
004f3710	FUN_004f3710	54	unknown
004f3750	FUN_004f3750	105	unknown
004f37c0	FUN_004f37c0	257	unknown
004f38d0	FUN_004f38d0	55	unknown
004f3910	FUN_004f3910	153	unknown
004f39b0	FUN_004f39b0	257	unknown
004f3ac0	FUN_004f3ac0	55	unknown
004f3b00	FUN_004f3b00	153	unknown
004f3ba0	FUN_004f3ba0	257	unknown
004f3cb0	FUN_004f3cb0	55	unknown
004f3cf0	FUN_004f3cf0	153	unknown
004f3d90	FUN_004f3d90	257	unknown
004f3ea0	FUN_004f3ea0	18	unknown
004f3ec0	FUN_004f3ec0	108	unknown
004f3f30	FUN_004f3f30	153	unknown
004f3fd0	FUN_004f3fd0	257	unknown
004f40e0	FUN_004f40e0	106	unknown
004f4150	FUN_004f4150	153	unknown
004f41f0	FUN_004f41f0	257	unknown
004f4300	FUN_004f4300	108	unknown
004f4370	FUN_004f4370	153	unknown
004f4410	FUN_004f4410	257	unknown
004f4520	FUN_004f4520	86	unknown
004f4580	FUN_004f4580	153	unknown
004f4620	FUN_004f4620	257	unknown
004f4730	FUN_004f4730	119	unknown
004f47b0	FUN_004f47b0	173	unknown
004f4860	FUN_004f4860	257	unknown
004f4970	FUN_004f4970	95	unknown
004f49d0	FUN_004f49d0	153	unknown
004f4a70	FUN_004f4a70	257	unknown
004f4b80	FUN_004f4b80	95	unknown
004f4be0	FUN_004f4be0	153	unknown
004f4c80	FUN_004f4c80	257	unknown
004f4d90	FUN_004f4d90	173	unknown
004f4e40	FUN_004f4e40	133	unknown
004f4ed0	FUN_004f4ed0	29	unknown
004f4ef0	FUN_004f4ef0	257	unknown
004f5000	FUN_004f5000	84	unknown
004f5060	FUN_004f5060	153	unknown
004f5100	FUN_004f5100	257	unknown
004f5210	FUN_004f5210	134	unknown
004f52a0	FUN_004f52a0	153	unknown
004f5340	FUN_004f5340	257	unknown
004f5450	FUN_004f5450	134	unknown
004f54e0	FUN_004f54e0	153	unknown
004f5580	FUN_004f5580	257	unknown
004f5690	FUN_004f5690	95	unknown
004f56f0	FUN_004f56f0	153	unknown
004f5790	FUN_004f5790	257	unknown
004f58a0	FUN_004f58a0	86	unknown
004f5900	FUN_004f5900	153	unknown
004f59a0	FUN_004f59a0	257	unknown
004f5ab0	FUN_004f5ab0	95	unknown
004f5b10	FUN_004f5b10	153	unknown
004f5bb0	FUN_004f5bb0	257	unknown
004f5cc0	FUN_004f5cc0	95	unknown
004f5d20	FUN_004f5d20	153	unknown
004f5dc0	FUN_004f5dc0	257	unknown
004f5ed0	FUN_004f5ed0	95	unknown
004f5f30	FUN_004f5f30	153	unknown
004f5fd0	FUN_004f5fd0	257	unknown
004f60e0	FUN_004f60e0	95	unknown
004f6140	FUN_004f6140	153	unknown
004f61e0	FUN_004f61e0	257	unknown
004f62f0	FUN_004f62f0	86	unknown
004f6350	FUN_004f6350	153	unknown
004f63f0	FUN_004f63f0	257	unknown
004f6500	FUN_004f6500	95	unknown
004f6560	FUN_004f6560	153	unknown
004f6600	FUN_004f6600	257	unknown
004f6710	FUN_004f6710	95	unknown
004f6770	FUN_004f6770	153	unknown
004f6810	FUN_004f6810	187	unknown
004f68d0	FUN_004f68d0	257	unknown
004f69e0	FUN_004f69e0	95	unknown
004f6a40	FUN_004f6a40	153	unknown
004f6ae0	FUN_004f6ae0	257	unknown
004f6bf0	FUN_004f6bf0	95	unknown
004f6c50	FUN_004f6c50	153	unknown
004f6cf0	FUN_004f6cf0	257	unknown
004f6e00	FUN_004f6e00	95	unknown
004f6e60	FUN_004f6e60	153	unknown
004f6f00	FUN_004f6f00	257	unknown
004f7010	FUN_004f7010	95	unknown
004f7070	FUN_004f7070	153	unknown
004f7110	FUN_004f7110	257	unknown
004f7220	FUN_004f7220	95	unknown
004f7280	FUN_004f7280	153	unknown
004f7320	FUN_004f7320	257	unknown
004f7430	FUN_004f7430	86	unknown
004f7490	FUN_004f7490	153	unknown
004f7530	FUN_004f7530	257	unknown
004f7640	FUN_004f7640	95	unknown
004f76a0	FUN_004f76a0	153	unknown
004f7740	FUN_004f7740	257	unknown
004f7850	FUN_004f7850	86	unknown
004f78b0	FUN_004f78b0	153	unknown
004f7950	FUN_004f7950	257	unknown
004f7a60	FUN_004f7a60	95	unknown
004f7ac0	FUN_004f7ac0	153	unknown
004f7b60	FUN_004f7b60	257	unknown
004f7c70	FUN_004f7c70	95	unknown
004f7cd0	FUN_004f7cd0	153	unknown
004f7d70	FUN_004f7d70	257	unknown
004f7e80	FUN_004f7e80	108	unknown
004f7ef0	FUN_004f7ef0	153	unknown
004f7f90	FUN_004f7f90	257	unknown
004f80a0	FUN_004f80a0	108	unknown
004f8110	FUN_004f8110	153	unknown
004f81b0	FUN_004f81b0	279	unknown
004f82d0	FUN_004f82d0	222	unknown
004f83b0	FUN_004f83b0	185	unknown
004f8470	FUN_004f8470	279	unknown
004f8590	FUN_004f8590	222	unknown
004f8670	FUN_004f8670	224	unknown
004f8760	FUN_004f8760	257	unknown
004f8870	FUN_004f8870	86	unknown
004f88d0	FUN_004f88d0	153	unknown
004f8970	FUN_004f8970	257	unknown
004f8a80	FUN_004f8a80	95	unknown
004f8ae0	FUN_004f8ae0	153	unknown
004f8b80	FUN_004f8b80	257	unknown
004f8c90	FUN_004f8c90	86	unknown
004f8cf0	FUN_004f8cf0	153	unknown
004f8d90	FUN_004f8d90	257	unknown
004f8ea0	FUN_004f8ea0	102	unknown
004f8f10	FUN_004f8f10	153	unknown
004f8fb0	FUN_004f8fb0	257	unknown
004f90c0	FUN_004f90c0	98	unknown
004f9130	FUN_004f9130	153	unknown
004f91d0	FUN_004f91d0	257	unknown
004f92e0	FUN_004f92e0	95	unknown
004f9340	FUN_004f9340	153	unknown
004f93e0	FUN_004f93e0	257	unknown
004f94f0	FUN_004f94f0	101	unknown
004f9560	FUN_004f9560	153	unknown
004f9600	FUN_004f9600	257	unknown
004f9710	FUN_004f9710	86	unknown
004f9770	FUN_004f9770	153	unknown
004f9810	FUN_004f9810	257	unknown
004f9920	FUN_004f9920	86	unknown
004f9980	FUN_004f9980	153	unknown
004f9a20	FUN_004f9a20	257	unknown
004f9b30	FUN_004f9b30	86	unknown
004f9b90	FUN_004f9b90	153	unknown
004f9c30	FUN_004f9c30	257	unknown
004f9d40	FUN_004f9d40	86	unknown
004f9da0	FUN_004f9da0	153	unknown
004f9e40	FUN_004f9e40	257	unknown
004f9f50	FUN_004f9f50	119	unknown
004f9fd0	FUN_004f9fd0	173	unknown
004fa080	FUN_004fa080	241	unknown
004fa180	FUN_004fa180	257	unknown
004fa290	FUN_004fa290	40	unknown
004fa2c0	FUN_004fa2c0	153	unknown
004fa360	FUN_004fa360	473	unknown
004fa550	FUN_004fa550	450	unknown
004fa720	FUN_004fa720	181	unknown
004fa7e0	FUN_004fa7e0	149	unknown
004fa880	FUN_004fa880	92	unknown
004fa8e0	FUN_004fa8e0	127	unknown
004fa960	FUN_004fa960	35	unknown
004fa990	FUN_004fa990	278	unknown
004faab0	FUN_004faab0	214	unknown
004fab90	FUN_004fab90	188	unknown
004fac60	FUN_004fac60	257	unknown
004fad70	FUN_004fad70	283	unknown
004fae90	FUN_004fae90	126	unknown
004faf20	FUN_004faf20	257	unknown
004fb030	FUN_004fb030	50	unknown
004fb070	FUN_004fb070	220	unknown
004fb150	FUN_004fb150	257	unknown
004fb260	FUN_004fb260	40	unknown
004fb290	FUN_004fb290	220	unknown
004fb370	FUN_004fb370	355	unknown
004fb4e0	FUN_004fb4e0	74	unknown
004fb530	FUN_004fb530	388	unknown
004fb6c0	FUN_004fb6c0	367	unknown
004fb840	FUN_004fb840	123	unknown
004fb8c0	FUN_004fb8c0	404	unknown
004fba60	FUN_004fba60	367	unknown
004fbbe0	FUN_004fbbe0	123	unknown
004fbc60	FUN_004fbc60	404	unknown
004fbe00	FUN_004fbe00	256	unknown
004fbf10	FUN_004fbf10	112	unknown
004fbf80	FUN_004fbf80	220	unknown
004fc060	FUN_004fc060	256	unknown
004fc170	FUN_004fc170	112	unknown
004fc1e0	FUN_004fc1e0	220	unknown
004fc2c0	FUN_004fc2c0	257	unknown
004fc3d0	FUN_004fc3d0	18	unknown
004fc3f0	FUN_004fc3f0	40	unknown
004fc420	FUN_004fc420	220	unknown
004fc500	FUN_004fc500	257	unknown
004fc610	FUN_004fc610	18	unknown
004fc630	FUN_004fc630	46	unknown
004fc660	FUN_004fc660	220	unknown
004fc740	FUN_004fc740	257	unknown
004fc850	FUN_004fc850	57	unknown
004fc890	FUN_004fc890	236	unknown
004fc980	FUN_004fc980	257	unknown
004fca90	FUN_004fca90	57	unknown
004fcad0	FUN_004fcad0	236	unknown
004fcbc0	FUN_004fcbc0	257	unknown
004fccd0	FUN_004fccd0	18	unknown
004fccf0	FUN_004fccf0	46	unknown
004fcd20	FUN_004fcd20	220	unknown
004fce00	FUN_004fce00	257	unknown
004fcf10	FUN_004fcf10	40	unknown
004fcf40	FUN_004fcf40	220	unknown
004fd020	FUN_004fd020	1082	unknown
004fd4e0	FUN_004fd4e0	18	unknown
004fd6e0	FUN_004fd6e0	67	unknown
004fd730	FUN_004fd730	70	unknown
004fd780	FUN_004fd780	94	unknown
004fd7e0	FUN_004fd7e0	222	unknown
004fd8d0	FUN_004fd8d0	222	unknown
004fd9ae	Catch@004fd9ae	40	unknown
004fd9dc	FUN_004fd9dc	104	unknown
004fda50	FUN_004fda50	112	unknown
004fdac0	FUN_004fdac0	300	unknown
004fdbf0	FUN_004fdbf0	468	unknown
004fdde0	FUN_004fdde0	279	unknown
004fdf00	FUN_004fdf00	210	unknown
004fdfe0	FUN_004fdfe0	193	unknown
004fe0b0	FUN_004fe0b0	257	unknown
004fe1c0	FUN_004fe1c0	86	unknown
004fe220	FUN_004fe220	143	unknown
004fe2b0	FUN_004fe2b0	257	unknown
004fe3c0	FUN_004fe3c0	86	unknown
004fe420	FUN_004fe420	143	unknown
004fe4b0	FUN_004fe4b0	257	unknown
004fe5c0	FUN_004fe5c0	86	unknown
004fe620	FUN_004fe620	143	unknown
004fe6b0	FUN_004fe6b0	257	unknown
004fe7c0	FUN_004fe7c0	95	unknown
004fe820	FUN_004fe820	143	unknown
004fe8b0	FUN_004fe8b0	257	unknown
004fe9c0	FUN_004fe9c0	86	unknown
004fea20	FUN_004fea20	143	unknown
004feab0	FUN_004feab0	257	unknown
004febc0	FUN_004febc0	95	unknown
004fec20	FUN_004fec20	143	unknown
004fecb0	FUN_004fecb0	257	unknown
004fedc0	FUN_004fedc0	95	unknown
004fee20	FUN_004fee20	143	unknown
004feeb0	FUN_004feeb0	257	unknown
004fefc0	FUN_004fefc0	95	unknown
004ff020	FUN_004ff020	143	unknown
004ff0b0	FUN_004ff0b0	273	unknown
004ff1d0	FUN_004ff1d0	137	unknown
004ff260	FUN_004ff260	178	unknown
004ff320	FUN_004ff320	91	unknown
004ff380	FUN_004ff380	105	unknown
004ff3f0	FUN_004ff3f0	140	unknown
004ff47c	Catch@004ff47c	40	unknown
004ff4ad	FUN_004ff4ad	81	unknown
004ff500	FUN_004ff500	163	unknown
004ff5b0	FUN_004ff5b0	285	unknown
004ff6e0	FUN_004ff6e0	148	unknown
004ff780	FUN_004ff780	190	unknown
004ff840	FUN_004ff840	285	unknown
004ff970	FUN_004ff970	148	unknown
004ffa10	FUN_004ffa10	190	unknown
004ffad0	FUN_004ffad0	285	unknown
004ffc00	FUN_004ffc00	148	unknown
004ffca0	FUN_004ffca0	190	unknown
004ffd60	FUN_004ffd60	182	unknown
004ffe20	FUN_004ffe20	285	unknown
004fff50	FUN_004fff50	148	unknown
004ffff0	FUN_004ffff0	190	unknown
005000b0	FUN_005000b0	285	unknown
005001e0	FUN_005001e0	148	unknown
00500280	FUN_00500280	190	unknown
00500340	FUN_00500340	285	unknown
00500470	FUN_00500470	148	unknown
00500510	FUN_00500510	190	unknown
005005d0	FUN_005005d0	285	unknown
00500700	FUN_00500700	148	unknown
005007a0	FUN_005007a0	190	unknown
00500860	FUN_00500860	285	unknown
00500990	FUN_00500990	148	unknown
00500a30	FUN_00500a30	190	unknown
00500af0	FUN_00500af0	285	unknown
00500c20	FUN_00500c20	148	unknown
00500cc0	FUN_00500cc0	190	unknown
00500d80	FUN_00500d80	285	unknown
00500eb0	FUN_00500eb0	148	unknown
00500f50	FUN_00500f50	190	unknown
00501010	FUN_00501010	285	unknown
00501140	FUN_00501140	148	unknown
005011e0	FUN_005011e0	190	unknown
005012a0	FUN_005012a0	285	unknown
005013d0	FUN_005013d0	148	unknown
00501470	FUN_00501470	190	unknown
00501530	FUN_00501530	285	unknown
00501660	FUN_00501660	148	unknown
00501700	FUN_00501700	190	unknown
005017c0	FUN_005017c0	257	unknown
005018d0	FUN_005018d0	86	unknown
00501930	FUN_00501930	143	unknown
005019c0	FUN_005019c0	257	unknown
00501ad0	FUN_00501ad0	86	unknown
00501b30	FUN_00501b30	143	unknown
00501bc0	FUN_00501bc0	257	unknown
00501cd0	FUN_00501cd0	86	unknown
00501d30	FUN_00501d30	143	unknown
00501dc0	FUN_00501dc0	257	unknown
00501ed0	FUN_00501ed0	18	unknown
00501ef0	FUN_00501ef0	86	unknown
00501f50	FUN_00501f50	143	unknown
00501fe0	FUN_00501fe0	257	unknown
005020f0	FUN_005020f0	86	unknown
00502150	FUN_00502150	143	unknown
005021e0	FUN_005021e0	257	unknown
005022f0	FUN_005022f0	86	unknown
00502350	FUN_00502350	143	unknown
005023e0	FUN_005023e0	257	unknown
005024f0	FUN_005024f0	86	unknown
00502550	FUN_00502550	143	unknown
005025e0	FUN_005025e0	257	unknown
005026f0	FUN_005026f0	86	unknown
00502750	FUN_00502750	143	unknown
005027e0	FUN_005027e0	257	unknown
005028f0	FUN_005028f0	86	unknown
00502950	FUN_00502950	143	unknown
005029e0	FUN_005029e0	257	unknown
00502af0	FUN_00502af0	86	unknown
00502b50	FUN_00502b50	143	unknown
00502be0	FUN_00502be0	257	unknown
00502cf0	FUN_00502cf0	97	unknown
00502d60	FUN_00502d60	143	unknown
00502df0	FUN_00502df0	257	unknown
00502f00	FUN_00502f00	97	unknown
00502f70	FUN_00502f70	143	unknown
00503000	FUN_00503000	279	unknown
00503120	FUN_00503120	18	unknown
00503140	FUN_00503140	210	unknown
00503220	FUN_00503220	188	unknown
005032e0	FUN_005032e0	257	unknown
005033f0	FUN_005033f0	86	unknown
00503450	FUN_00503450	143	unknown
005034e0	FUN_005034e0	285	unknown
00503610	FUN_00503610	148	unknown
005036b0	FUN_005036b0	190	unknown
00503770	FUN_00503770	285	unknown
005038a0	FUN_005038a0	148	unknown
00503940	FUN_00503940	190	unknown
00503a00	FUN_00503a00	285	unknown
00503b30	FUN_00503b30	148	unknown
00503bd0	FUN_00503bd0	190	unknown
00503c90	FUN_00503c90	285	unknown
00503dc0	FUN_00503dc0	148	unknown
00503e60	FUN_00503e60	190	unknown
00503f20	FUN_00503f20	257	unknown
00504030	FUN_00504030	95	unknown
00504090	FUN_00504090	143	unknown
00504120	FUN_00504120	257	unknown
00504230	FUN_00504230	95	unknown
00504290	FUN_00504290	143	unknown
00504320	FUN_00504320	44	unknown
0050434f	FUN_0050434f	210	unknown
00504430	FUN_00504430	95	unknown
00504490	FUN_00504490	143	unknown
00504520	FUN_00504520	257	unknown
00504630	FUN_00504630	119	unknown
005046b0	FUN_005046b0	162	unknown
00504760	FUN_00504760	273	unknown
00504880	FUN_00504880	137	unknown
00504910	FUN_00504910	178	unknown
005049d0	FUN_005049d0	273	unknown
00504af0	FUN_00504af0	137	unknown
00504b80	FUN_00504b80	178	unknown
00504c40	FUN_00504c40	273	unknown
00504d60	FUN_00504d60	137	unknown
00504df0	FUN_00504df0	178	unknown
00504eb0	FUN_00504eb0	273	unknown
00504fd0	FUN_00504fd0	137	unknown
00505060	FUN_00505060	178	unknown
00505120	FUN_00505120	257	unknown
00505230	FUN_00505230	86	unknown
00505290	FUN_00505290	143	unknown
00505320	FUN_00505320	34	unknown
00505345	FUN_00505345	220	unknown
00505430	FUN_00505430	86	unknown
00505490	FUN_00505490	143	unknown
00505520	FUN_00505520	285	unknown
00505650	FUN_00505650	149	unknown
005056f0	FUN_005056f0	190	unknown
005057b0	FUN_005057b0	285	unknown
005058e0	FUN_005058e0	149	unknown
00505980	FUN_00505980	190	unknown
00505a40	FUN_00505a40	285	unknown
00505b70	FUN_00505b70	149	unknown
00505c10	FUN_00505c10	190	unknown
00505cd0	FUN_00505cd0	285	unknown
00505e00	FUN_00505e00	149	unknown
00505ea0	FUN_00505ea0	190	unknown
00505f60	FUN_00505f60	273	unknown
00506080	FUN_00506080	141	unknown
00506110	FUN_00506110	178	unknown
005061d0	FUN_005061d0	273	unknown
005062f0	FUN_005062f0	141	unknown
00506380	FUN_00506380	178	unknown
00506440	FUN_00506440	273	unknown
00506560	FUN_00506560	141	unknown
005065f0	FUN_005065f0	178	unknown
005066b0	FUN_005066b0	279	unknown
005067d0	FUN_005067d0	210	unknown
005068b0	FUN_005068b0	176	unknown
00506970	FUN_00506970	257	unknown
00506a80	FUN_00506a80	80	unknown
00506ad0	FUN_00506ad0	143	unknown
00506b60	FUN_00506b60	257	unknown
00506c70	FUN_00506c70	92	unknown
00506cd0	FUN_00506cd0	143	unknown
00506d60	FUN_00506d60	257	unknown
00506e70	FUN_00506e70	100	unknown
00506ee0	FUN_00506ee0	143	unknown
00506f70	FUN_00506f70	285	unknown
005070a0	FUN_005070a0	155	unknown
00507140	FUN_00507140	190	unknown
00507200	FUN_00507200	257	unknown
00507310	FUN_00507310	92	unknown
00507370	FUN_00507370	28	unknown
00507390	FUN_00507390	143	unknown
00507420	FUN_00507420	783	unknown
00507740	FUN_00507740	182	unknown
00507800	FUN_00507800	274	unknown
00507940	FUN_00507940	257	unknown
00507a50	FUN_00507a50	92	unknown
00507ab0	FUN_00507ab0	143	unknown
00507b40	FUN_00507b40	285	unknown
00507c70	FUN_00507c70	155	unknown
00507d10	FUN_00507d10	190	unknown
00507dd0	FUN_00507dd0	257	unknown
00507ee0	FUN_00507ee0	91	unknown
00507f40	FUN_00507f40	143	unknown
00507fd0	FUN_00507fd0	285	unknown
00508100	FUN_00508100	155	unknown
005081a0	FUN_005081a0	190	unknown
00508260	FUN_00508260	273	unknown
00508380	FUN_00508380	141	unknown
00508410	FUN_00508410	178	unknown
005084d0	FUN_005084d0	273	unknown
005085f0	FUN_005085f0	141	unknown
00508680	FUN_00508680	178	unknown
00508740	FUN_00508740	273	unknown
00508860	FUN_00508860	141	unknown
005088f0	FUN_005088f0	178	unknown
005089b0	FUN_005089b0	182	unknown
00508a70	FUN_00508a70	285	unknown
00508ba0	FUN_00508ba0	155	unknown
00508c40	FUN_00508c40	190	unknown
00508d00	FUN_00508d00	285	unknown
00508e30	FUN_00508e30	155	unknown
00508ed0	FUN_00508ed0	190	unknown
00508f90	FUN_00508f90	355	unknown
00509100	FUN_00509100	141	unknown
00509190	FUN_00509190	237	unknown
00509280	FUN_00509280	117	unknown
00509300	FUN_00509300	42	unknown
00509330	FUN_00509330	140	unknown
005093c0	FUN_005093c0	134	unknown
00509450	FUN_00509450	182	unknown
00509510	FUN_00509510	153	unknown
005095b0	FUN_005095b0	78	unknown
00509600	FUN_00509600	47	unknown
00509630	FUN_00509630	285	unknown
00509760	FUN_00509760	155	unknown
00509800	FUN_00509800	190	unknown
005098c0	FUN_005098c0	273	unknown
005099e0	FUN_005099e0	141	unknown
00509a70	FUN_00509a70	178	unknown
00509b30	FUN_00509b30	257	unknown
00509c40	FUN_00509c40	18	unknown
00509c60	FUN_00509c60	92	unknown
00509cc0	FUN_00509cc0	143	unknown
00509d50	FUN_00509d50	257	unknown
00509e60	FUN_00509e60	92	unknown
00509ec0	FUN_00509ec0	143	unknown
00509f50	FUN_00509f50	355	unknown
0050a0c0	FUN_0050a0c0	18	unknown
0050a0e0	FUN_0050a0e0	74	unknown
0050a130	FUN_0050a130	246	unknown
0050a230	FUN_0050a230	355	unknown
0050a3a0	FUN_0050a3a0	74	unknown
0050a3f0	FUN_0050a3f0	246	unknown
0050a4f0	FUN_0050a4f0	256	unknown
0050a600	FUN_0050a600	74	unknown
0050a650	FUN_0050a650	143	unknown
0050a6e0	FUN_0050a6e0	256	unknown
0050a7f0	FUN_0050a7f0	74	unknown
0050a840	FUN_0050a840	143	unknown
0050a8d0	FUN_0050a8d0	257	unknown
0050a9e0	FUN_0050a9e0	143	unknown
0050aa70	FUN_0050aa70	285	unknown
0050aba0	FUN_0050aba0	148	unknown
0050ac40	FUN_0050ac40	190	unknown
0050ad00	FUN_0050ad00	257	unknown
0050ae10	FUN_0050ae10	95	unknown
0050ae70	FUN_0050ae70	143	unknown
0050af00	FUN_0050af00	257	unknown
0050b010	FUN_0050b010	95	unknown
0050b070	FUN_0050b070	143	unknown
0050b100	FUN_0050b100	257	unknown
0050b210	FUN_0050b210	18	unknown
0050b230	FUN_0050b230	68	unknown
0050b280	FUN_0050b280	162	unknown
0050b330	FUN_0050b330	364	unknown
0050b4b0	FUN_0050b4b0	315	unknown
0050b5f0	FUN_0050b5f0	151	unknown
0050b690	FUN_0050b690	364	unknown
0050b810	FUN_0050b810	68	unknown
0050b860	FUN_0050b860	262	unknown
0050b970	FUN_0050b970	364	unknown
0050baf0	FUN_0050baf0	68	unknown
0050bb40	FUN_0050bb40	313	unknown
0050bc80	FUN_0050bc80	364	unknown
0050be00	FUN_0050be00	54	unknown
0050be40	FUN_0050be40	246	unknown
0050bf40	FUN_0050bf40	364	unknown
0050c0c0	FUN_0050c0c0	76	unknown
0050c110	FUN_0050c110	262	unknown
0050c220	FUN_0050c220	364	unknown
0050c3a0	FUN_0050c3a0	76	unknown
0050c3f0	FUN_0050c3f0	262	unknown
0050c500	FUN_0050c500	364	unknown
0050c680	FUN_0050c680	54	unknown
0050c6c0	FUN_0050c6c0	246	unknown
0050c7c0	FUN_0050c7c0	364	unknown
0050c940	FUN_0050c940	315	unknown
0050ca80	FUN_0050ca80	364	unknown
0050cc00	FUN_0050cc00	68	unknown
0050cc50	FUN_0050cc50	313	unknown
0050cd90	FUN_0050cd90	364	unknown
0050cf10	FUN_0050cf10	18	unknown
0050cf30	FUN_0050cf30	68	unknown
0050cf80	FUN_0050cf80	313	unknown
0050d0c0	FUN_0050d0c0	364	unknown
0050d240	FUN_0050d240	54	unknown
0050d280	FUN_0050d280	246	unknown
0050d380	FUN_0050d380	364	unknown
0050d500	FUN_0050d500	76	unknown
0050d550	FUN_0050d550	262	unknown
0050d660	FUN_0050d660	364	unknown
0050d7e0	FUN_0050d7e0	76	unknown
0050d830	FUN_0050d830	262	unknown
0050d940	FUN_0050d940	364	unknown
0050dac0	FUN_0050dac0	54	unknown
0050db00	FUN_0050db00	246	unknown
0050dc00	FUN_0050dc00	257	unknown
0050dd10	FUN_0050dd10	40	unknown
0050dd40	FUN_0050dd40	143	unknown
0050ddd0	FUN_0050ddd0	257	unknown
0050dee0	FUN_0050dee0	40	unknown
0050df10	FUN_0050df10	143	unknown
0050dfa0	FUN_0050dfa0	257	unknown
0050e0b0	FUN_0050e0b0	40	unknown
0050e0e0	FUN_0050e0e0	143	unknown
0050e170	FUN_0050e170	127	unknown
0050e1f0	FUN_0050e1f0	50	unknown
0050e230	FUN_0050e230	127	unknown
0050e2b0	FUN_0050e2b0	50	unknown
0050e2f0	FUN_0050e2f0	127	unknown
0050e370	FUN_0050e370	50	unknown
0050e3b0	FUN_0050e3b0	127	unknown
0050e430	FUN_0050e430	35	unknown
0050e460	FUN_0050e460	257	unknown
0050e570	FUN_0050e570	93	unknown
0050e5d0	FUN_0050e5d0	143	unknown
0050e660	FUN_0050e660	257	unknown
0050e770	FUN_0050e770	86	unknown
0050e7d0	FUN_0050e7d0	143	unknown
0050e860	FUN_0050e860	257	unknown
0050e970	FUN_0050e970	54	unknown
0050e9b0	FUN_0050e9b0	143	unknown
0050ea40	FUN_0050ea40	257	unknown
0050eb50	FUN_0050eb50	59	unknown
0050eb90	FUN_0050eb90	143	unknown
0050ec20	FUN_0050ec20	257	unknown
0050ed30	FUN_0050ed30	77	unknown
0050ed80	FUN_0050ed80	143	unknown
0050ee10	FUN_0050ee10	257	unknown
0050ef20	FUN_0050ef20	68	unknown
0050ef70	FUN_0050ef70	143	unknown
0050f000	FUN_0050f000	257	unknown
0050f110	FUN_0050f110	77	unknown
0050f160	FUN_0050f160	143	unknown
0050f1f0	FUN_0050f1f0	257	unknown
0050f300	FUN_0050f300	210	unknown
0050f3e0	FUN_0050f3e0	137	unknown
0050f470	FUN_0050f470	257	unknown
0050f580	FUN_0050f580	210	unknown
0050f660	FUN_0050f660	137	unknown
0050f6f0	FUN_0050f6f0	364	unknown
0050f870	FUN_0050f870	46	unknown
0050f8a0	FUN_0050f8a0	246	unknown
0050f9a0	FUN_0050f9a0	663	unknown
0050fc60	FUN_0050fc60	94	unknown
0050fcc0	FUN_0050fcc0	570	unknown
0050ff00	FUN_0050ff00	257	unknown
00510010	FUN_00510010	71	unknown
00510060	FUN_00510060	143	unknown
005100f0	FUN_005100f0	257	unknown
00510200	FUN_00510200	64	unknown
00510240	FUN_00510240	143	unknown
005102d0	FUN_005102d0	257	unknown
005103e0	FUN_005103e0	65	unknown
00510430	FUN_00510430	181	unknown
005104f0	FUN_005104f0	143	unknown
00510580	FUN_00510580	352	unknown
005106f0	FUN_005106f0	105	unknown
00510760	FUN_00510760	246	unknown
00510860	FUN_00510860	52	unknown
005108a0	FUN_005108a0	949	unknown
00510c80	FUN_00510c80	18	unknown
00510e30	FUN_00510e30	853	unknown
005111b0	FUN_005111b0	149	unknown
00511250	FUN_00511250	18	unknown
00511270	FUN_00511270	92	unknown
005112d0	FUN_005112d0	257	unknown
005113e0	FUN_005113e0	54	unknown
00511420	FUN_00511420	105	unknown
00511490	FUN_00511490	263	unknown
005115a0	FUN_005115a0	690	unknown
005118c0	ObjTemplNetworkModule__v0_slot07	18	unknown
005118e0	FUN_005118e0	94	unknown
00511940	SimpleObjectNetworkable__v0_slot00	27	unknown
00511960	SimpleObjectNetworkable__v56_slot00	8	unknown
00511970	SimpleObjectNetworkable__v0_slot02	26	unknown
00511990	FUN_00511990	94	unknown
005119f0	RotationalBundleNetworkable__v0_slot00	27	unknown
00511a10	RotationalBundleNetworkable__v56_slot00	8	unknown
00511a20	FUN_00511a20	94	unknown
00511a80	FreeCameraNetworkable__v0_slot00	27	unknown
00511aa0	FreeCameraNetworkable__v56_slot00	8	unknown
00511ab0	FUN_00511ab0	94	unknown
00511b10	BFSoldierNetworkable__v0_slot03	60	unknown
00511b50	BFSoldierNetworkable__v0_slot00	27	unknown
00511b70	BFSoldierNetworkable__v56_slot00	8	unknown
00511b80	BFSoldierNetworkable__v56_slot03	8	unknown
00511b90	FUN_00511b90	94	unknown
00511bf0	ItemNetworkable__v0_slot00	27	unknown
00511c10	ItemNetworkable__v56_slot00	8	unknown
00511c20	FUN_00511c20	94	unknown
00511c80	SpringNetworkable__v0_slot00	27	unknown
00511ca0	SpringNetworkable__v56_slot00	8	unknown
00511cb0	FUN_00511cb0	91	unknown
00511d10	PlayerControlObjectNetworkable__v0_slot07	5	unknown
00511d20	PlayerControlObjectNetworkable__v0_slot00	27	unknown
00511d40	PlayerControlObjectNetworkable__v56_slot00	8	unknown
00511d50	FUN_00511d50	94	unknown
00511db0	KitNetworkable__v0_slot00	27	unknown
00511dd0	KitNetworkable__v56_slot00	8	unknown
00511de0	FUN_00511de0	94	unknown
00511e40	ProjectileNetworkable__v0_slot00	27	unknown
00511e60	ProjectileNetworkable__v56_slot00	8	unknown
00511e70	FUN_00511e70	94	unknown
00511ed0	FireArmsNetworkable__v0_slot00	27	unknown
00511ef0	FireArmsNetworkable__v56_slot00	8	unknown
00511f00	FUN_00511f00	94	unknown
00511f60	ControlPointNetworkable__v0_slot00	27	unknown
00511f80	ControlPointNetworkable__v56_slot00	8	unknown
00511f90	FUN_00511f90	94	unknown
00511ff0	EngineNetworkable__v0_slot00	27	unknown
00512010	EngineNetworkable__v56_slot00	8	unknown
00512020	FUN_00512020	94	unknown
00512080	MusicPlayerNetworkable__v0_slot00	27	unknown
005120a0	MusicPlayerNetworkable__v56_slot00	8	unknown
005120b0	FUN_005120b0	94	unknown
00512110	WinchNetworkable__v0_slot00	27	unknown
00512130	WinchNetworkable__v56_slot00	8	unknown
00512140	FUN_00512140	94	unknown
005121a0	WireLinkNetworkable__v0_slot00	27	unknown
005121c0	WireLinkNetworkable__v56_slot00	8	unknown
005121d0	FUN_005121d0	94	unknown
00512230	SimpleObjectNetworkable__v0_slot03	47	unknown
00512260	HookNetworkable__v0_slot00	27	unknown
00512280	HookNetworkable__v56_slot00	8	unknown
00512290	SimpleObjectNetworkable__v56_slot03	8	unknown
005122a0	SimpleObjectNetworkable__v0_slot01	8	unknown
005122b0	ObjTemplNetworkModule__v0_slot06	47	unknown
005122e0	SimpleObjectNetworkable__v56_slot02	8	unknown
005122f0	SimpleObjectNetworkable__v56_slot01	8	unknown
00512800	FUN_00512800	87	unknown
00512870	FUN_00512870	222	unknown
00512960	FUN_00512960	257	unknown
00512a70	FUN_00512a70	70	unknown
00512ac0	FUN_00512ac0	105	unknown
00512b30	FUN_00512b30	138	unknown
00512bc0	FUN_00512bc0	257	unknown
00512cd0	FUN_00512cd0	14	unknown
00512ce0	FUN_00512ce0	222	unknown
00512dc0	FUN_00512dc0	115	unknown
00512e40	FUN_00512e40	257	unknown
00512f50	FUN_00512f50	222	unknown
00513030	FUN_00513030	115	unknown
005130b0	FUN_005130b0	257	unknown
005131c0	FUN_005131c0	47	unknown
005131f0	FUN_005131f0	153	unknown
00513290	FUN_00513290	257	unknown
005133a0	FUN_005133a0	35	unknown
005133d0	FUN_005133d0	53	unknown
00513410	FUN_00513410	153	unknown
005134b0	FUN_005134b0	257	unknown
005135c0	FUN_005135c0	53	unknown
00513600	FUN_00513600	153	unknown
005136a0	FUN_005136a0	257	unknown
005137b0	FUN_005137b0	53	unknown
005137f0	FUN_005137f0	153	unknown
00513890	FUN_00513890	257	unknown
005139a0	FUN_005139a0	54	unknown
005139e0	FUN_005139e0	153	unknown
00513a80	ObjTemplNetworkModule__v0_slot04	2173	unknown
00514370	FUN_00514370	18	unknown
005149d0	FUN_005149d0	508	unknown
00514bd0	FUN_00514bd0	568	unknown
00514e10	FUN_00514e10	428	unknown
00514fc0	FUN_00514fc0	268	unknown
005150d0	FUN_005150d0	328	unknown
00515220	FUN_00515220	1363	unknown
00515780	FUN_00515780	1426	unknown
00515d20	FUN_00515d20	163	unknown
00515df0	FUN_00515df0	772	unknown
00516100	FUN_00516100	3719	unknown
00517060	FUN_00517060	257	unknown
00517170	FUN_00517170	12	unknown
00517180	FUN_00517180	46	unknown
005171b0	FUN_005171b0	83	unknown
00517210	FUN_00517210	105	unknown
00517280	FUN_00517280	257	unknown
00517390	FUN_00517390	147	unknown
00517430	FUN_00517430	96	unknown
00517490	FUN_00517490	257	unknown
005175a0	FUN_005175a0	95	unknown
00517600	FUN_00517600	96	unknown
00517660	FUN_00517660	257	unknown
00517770	FUN_00517770	83	unknown
005177d0	FUN_005177d0	96	unknown
00517830	FUN_00517830	127	unknown
005178b0	FUN_005178b0	78	unknown
00517900	FUN_00517900	257	unknown
00517a10	FUN_00517a10	175	unknown
00517ac0	FUN_00517ac0	115	unknown
00517b40	FUN_00517b40	257	unknown
00517c50	FUN_00517c50	49	unknown
00517c90	FUN_00517c90	142	unknown
00517d20	FUN_00517d20	96	unknown
00517d80	FUN_00517d80	257	unknown
00517e90	FUN_00517e90	12	unknown
00517ea0	FUN_00517ea0	46	unknown
00517ed0	FUN_00517ed0	101	unknown
00517f40	FUN_00517f40	96	unknown
00517fa0	FUN_00517fa0	257	unknown
005180b0	FUN_005180b0	106	unknown
00518120	FUN_00518120	96	unknown
00518180	FUN_00518180	364	unknown
00518300	FUN_00518300	208	unknown
005183d0	FUN_005183d0	160	unknown
00518480	FUN_00518480	257	unknown
00518590	FUN_00518590	49	unknown
005185d0	FUN_005185d0	163	unknown
00518680	FUN_00518680	155	unknown
00518720	FUN_00518720	364	unknown
005188a0	FUN_005188a0	210	unknown
00518980	FUN_00518980	166	unknown
00518a30	FUN_00518a30	127	unknown
00518ab0	GameEvent__v0_slot02	3	unknown
00518ac0	FUN_00518ac0	74	unknown
00518b10	FUN_00518b10	127	unknown
00518b90	FUN_00518b90	12	unknown
00518ba0	FUN_00518ba0	46	unknown
00518bd0	FUN_00518bd0	74	unknown
00518c20	FUN_00518c20	257	unknown
00518d30	FUN_00518d30	54	unknown
00518d70	FUN_00518d70	96	unknown
00518dd0	FUN_00518dd0	257	unknown
00518ee0	FUN_00518ee0	163	unknown
00518f90	FUN_00518f90	122	unknown
00519010	FUN_00519010	364	unknown
00519190	FUN_00519190	208	unknown
00519260	FUN_00519260	128	unknown
005192f0	FUN_005192f0	364	unknown
00519470	FUN_00519470	69	unknown
005194c0	FUN_005194c0	159	unknown
00519560	FUN_00519560	578	unknown
005197c0	FUN_005197c0	309	unknown
00519900	FUN_00519900	156	unknown
005199a0	FUN_005199a0	257	unknown
00519ab0	FUN_00519ab0	40	unknown
00519ae0	FUN_00519ae0	96	unknown
00519b40	FUN_00519b40	257	unknown
00519c50	FUN_00519c50	18	unknown
00519c70	FUN_00519c70	46	unknown
00519ca0	FUN_00519ca0	96	unknown
00519d00	FUN_00519d00	257	unknown
00519e10	FUN_00519e10	48	unknown
00519e40	FUN_00519e40	96	unknown
00519ea0	FUN_00519ea0	364	unknown
0051a020	FUN_0051a020	210	unknown
0051a100	FUN_0051a100	130	unknown
0051a190	FUN_0051a190	352	unknown
0051a300	FUN_0051a300	71	unknown
0051a350	FUN_0051a350	143	unknown
0051a3e0	FUN_0051a3e0	352	unknown
0051a550	FUN_0051a550	71	unknown
0051a5a0	FUN_0051a5a0	143	unknown
0051a630	FUN_0051a630	352	unknown
0051a7a0	FUN_0051a7a0	71	unknown
0051a7f0	FUN_0051a7f0	143	unknown
0051a880	FUN_0051a880	257	unknown
0051a990	FUN_0051a990	46	unknown
0051a9c0	FUN_0051a9c0	96	unknown
0051aa20	FUN_0051aa20	257	unknown
0051ab30	FUN_0051ab30	46	unknown
0051ab60	FUN_0051ab60	96	unknown
0051abc0	FUN_0051abc0	257	unknown
0051acd0	FUN_0051acd0	46	unknown
0051ad00	FUN_0051ad00	96	unknown
0051ad60	FUN_0051ad60	257	unknown
0051ae70	FUN_0051ae70	46	unknown
0051aea0	FUN_0051aea0	96	unknown
0051af00	FUN_0051af00	257	unknown
0051b010	FUN_0051b010	46	unknown
0051b040	FUN_0051b040	96	unknown
0051b0a0	FUN_0051b0a0	257	unknown
0051b1b0	FUN_0051b1b0	46	unknown
0051b1e0	FUN_0051b1e0	96	unknown
0051b240	FUN_0051b240	257	unknown
0051b350	FUN_0051b350	46	unknown
0051b380	FUN_0051b380	96	unknown
0051b3e0	FUN_0051b3e0	257	unknown
0051b4f0	FUN_0051b4f0	119	unknown
0051b570	FUN_0051b570	115	unknown
0051b5f0	FUN_0051b5f0	257	unknown
0051b700	FUN_0051b700	46	unknown
0051b730	FUN_0051b730	96	unknown
0051b790	FUN_0051b790	257	unknown
0051b8a0	FUN_0051b8a0	46	unknown
0051b8d0	FUN_0051b8d0	96	unknown
0051b930	FUN_0051b930	257	unknown
0051ba40	FUN_0051ba40	46	unknown
0051ba70	FUN_0051ba70	96	unknown
0051bad0	FUN_0051bad0	257	unknown
0051bbe0	FUN_0051bbe0	89	unknown
0051bc40	FUN_0051bc40	96	unknown
0051bca0	FUN_0051bca0	257	unknown
0051bdb0	FUN_0051bdb0	95	unknown
0051be10	FUN_0051be10	96	unknown
0051be70	FUN_0051be70	257	unknown
0051bf80	FUN_0051bf80	163	unknown
0051c030	FUN_0051c030	257	unknown
0051c140	FUN_0051c140	95	unknown
0051c1a0	FUN_0051c1a0	96	unknown
0051c200	FUN_0051c200	257	unknown
0051c310	FUN_0051c310	163	unknown
0051c3c0	FUN_0051c3c0	122	unknown
0051c440	FUN_0051c440	257	unknown
0051c550	FUN_0051c550	163	unknown
0051c600	FUN_0051c600	122	unknown
0051c680	FUN_0051c680	257	unknown
0051c790	FUN_0051c790	163	unknown
0051c840	FUN_0051c840	122	unknown
0051c8c0	FUN_0051c8c0	344	unknown
0051ca30	FUN_0051ca30	18	unknown
0051ca50	FUN_0051ca50	274	unknown
0051cb70	FUN_0051cb70	198	unknown
0051cc40	FUN_0051cc40	257	unknown
0051cd50	FUN_0051cd50	163	unknown
0051ce00	FUN_0051ce00	122	unknown
0051ce80	FUN_0051ce80	257	unknown
0051cf90	FUN_0051cf90	68	unknown
0051cfe0	FUN_0051cfe0	115	unknown
0051d060	FUN_0051d060	257	unknown
0051d170	FUN_0051d170	46	unknown
0051d1a0	FUN_0051d1a0	96	unknown
0051d200	FUN_0051d200	257	unknown
0051d310	FUN_0051d310	68	unknown
0051d360	FUN_0051d360	115	unknown
0051d3e0	FUN_0051d3e0	257	unknown
0051d4f0	FUN_0051d4f0	51	unknown
0051d530	FUN_0051d530	115	unknown
0051d5b0	FUN_0051d5b0	463	unknown
0051d7a0	FUN_0051d7a0	299	unknown
0051d8d0	FUN_0051d8d0	182	unknown
0051d990	FUN_0051d990	257	unknown
0051daa0	FUN_0051daa0	163	unknown
0051db50	FUN_0051db50	130	unknown
0051dbe0	FUN_0051dbe0	257	unknown
0051dcf0	FUN_0051dcf0	101	unknown
0051dd60	FUN_0051dd60	96	unknown
0051ddc0	FUN_0051ddc0	257	unknown
0051ded0	FUN_0051ded0	95	unknown
0051df30	FUN_0051df30	96	unknown
0051df90	FUN_0051df90	257	unknown
0051e0a0	FUN_0051e0a0	18	unknown
0051e0c0	FUN_0051e0c0	95	unknown
0051e120	FUN_0051e120	96	unknown
0051e180	FUN_0051e180	257	unknown
0051e290	FUN_0051e290	104	unknown
0051e300	FUN_0051e300	96	unknown
0051e360	FUN_0051e360	257	unknown
0051e470	FUN_0051e470	101	unknown
0051e4e0	FUN_0051e4e0	96	unknown
0051e540	FUN_0051e540	257	unknown
0051e650	FUN_0051e650	101	unknown
0051e6c0	FUN_0051e6c0	96	unknown
0051e720	FUN_0051e720	257	unknown
0051e830	FUN_0051e830	86	unknown
0051e890	FUN_0051e890	96	unknown
0051e8f0	FUN_0051e8f0	555	unknown
0051eb40	FUN_0051eb40	96	unknown
0051eba0	FUN_0051eba0	244	unknown
0051eca0	FUN_0051eca0	555	unknown
0051eef0	FUN_0051eef0	96	unknown
0051ef50	FUN_0051ef50	244	unknown
0051f050	FUN_0051f050	455	unknown
0051f230	FUN_0051f230	82	unknown
0051f290	FUN_0051f290	192	unknown
0051f350	FUN_0051f350	555	unknown
0051f5a0	FUN_0051f5a0	109	unknown
0051f610	FUN_0051f610	244	unknown
0051f710	FUN_0051f710	257	unknown
0051f820	FUN_0051f820	95	unknown
0051f880	FUN_0051f880	96	unknown
0051f8e0	FUN_0051f8e0	257	unknown
0051f9f0	FUN_0051f9f0	18	unknown
0051fa10	FUN_0051fa10	95	unknown
0051fa70	FUN_0051fa70	96	unknown
0051fad0	FUN_0051fad0	257	unknown
0051fbe0	FUN_0051fbe0	95	unknown
0051fc40	FUN_0051fc40	96	unknown
0051fca0	FUN_0051fca0	257	unknown
0051fdb0	FUN_0051fdb0	95	unknown
0051fe10	FUN_0051fe10	96	unknown
0051fe70	FUN_0051fe70	257	unknown
0051ff80	FUN_0051ff80	95	unknown
0051ffe0	FUN_0051ffe0	96	unknown
00520040	FUN_00520040	257	unknown
00520150	FUN_00520150	95	unknown
005201b0	FUN_005201b0	96	unknown
00520210	FUN_00520210	364	unknown
00520390	FUN_00520390	253	unknown
00520490	FUN_00520490	181	unknown
00520550	FUN_00520550	279	unknown
00520670	FUN_00520670	163	unknown
00520720	FUN_00520720	193	unknown
005207f0	FUN_005207f0	279	unknown
00520910	FUN_00520910	163	unknown
005209c0	FUN_005209c0	193	unknown
00520a90	FUN_00520a90	279	unknown
00520bb0	FUN_00520bb0	163	unknown
00520c60	FUN_00520c60	193	unknown
00520d30	FUN_00520d30	279	unknown
00520e50	FUN_00520e50	163	unknown
00520f00	FUN_00520f00	193	unknown
00520fd0	FUN_00520fd0	139	unknown
00521060	FUN_00521060	279	unknown
00521180	FUN_00521180	163	unknown
00521230	FUN_00521230	193	unknown
00521300	FUN_00521300	257	unknown
00521410	FUN_00521410	119	unknown
00521490	FUN_00521490	115	unknown
00521510	FUN_00521510	257	unknown
00521620	FUN_00521620	119	unknown
005216a0	FUN_005216a0	115	unknown
00521720	FUN_00521720	257	unknown
00521830	FUN_00521830	86	unknown
00521890	FUN_00521890	96	unknown
005218f0	FUN_005218f0	257	unknown
00521a00	FUN_00521a00	86	unknown
00521a60	FUN_00521a60	96	unknown
00521ac0	FUN_00521ac0	257	unknown
00521bd0	FUN_00521bd0	86	unknown
00521c30	FUN_00521c30	96	unknown
00521c90	FUN_00521c90	257	unknown
00521da0	FUN_00521da0	91	unknown
00521e00	FUN_00521e00	96	unknown
00521e60	FUN_00521e60	257	unknown
00521f70	FUN_00521f70	86	unknown
00521fd0	FUN_00521fd0	96	unknown
00522030	FUN_00522030	257	unknown
00522140	FUN_00522140	96	unknown
005221a0	FUN_005221a0	257	unknown
005222b0	FUN_005222b0	86	unknown
00522310	FUN_00522310	96	unknown
00522370	FUN_00522370	257	unknown
00522480	FUN_00522480	86	unknown
005224e0	FUN_005224e0	96	unknown
00522540	FUN_00522540	257	unknown
00522650	FUN_00522650	86	unknown
005226b0	FUN_005226b0	96	unknown
00522710	FUN_00522710	257	unknown
00522820	FUN_00522820	95	unknown
00522880	FUN_00522880	96	unknown
005228e0	FUN_005228e0	257	unknown
005229f0	FUN_005229f0	95	unknown
00522a50	FUN_00522a50	96	unknown
00522ab0	FUN_00522ab0	257	unknown
00522bc0	FUN_00522bc0	95	unknown
00522c20	FUN_00522c20	96	unknown
00522c80	FUN_00522c80	257	unknown
00522d90	FUN_00522d90	95	unknown
00522df0	FUN_00522df0	96	unknown
00522e50	FUN_00522e50	257	unknown
00522f60	FUN_00522f60	86	unknown
00522fc0	FUN_00522fc0	96	unknown
00523020	FUN_00523020	257	unknown
00523130	FUN_00523130	86	unknown
00523190	FUN_00523190	96	unknown
005231f0	FUN_005231f0	135	unknown
00523280	FUN_00523280	257	unknown
00523390	FUN_00523390	86	unknown
005233f0	FUN_005233f0	96	unknown
00523450	FUN_00523450	257	unknown
00523560	FUN_00523560	86	unknown
005235c0	FUN_005235c0	96	unknown
00523620	FUN_00523620	257	unknown
00523730	FUN_00523730	86	unknown
00523790	FUN_00523790	96	unknown
005237f0	FUN_005237f0	257	unknown
00523900	FUN_00523900	86	unknown
00523960	FUN_00523960	96	unknown
005239c0	FUN_005239c0	257	unknown
00523ad0	FUN_00523ad0	86	unknown
00523b30	FUN_00523b30	96	unknown
00523b90	FUN_00523b90	257	unknown
00523ca0	FUN_00523ca0	119	unknown
00523d20	FUN_00523d20	115	unknown
00523da0	FUN_00523da0	257	unknown
00523eb0	FUN_00523eb0	95	unknown
00523f10	FUN_00523f10	96	unknown
00523f70	FUN_00523f70	135	unknown
00524000	FUN_00524000	257	unknown
00524110	FUN_00524110	18	unknown
00524130	FUN_00524130	95	unknown
00524190	FUN_00524190	96	unknown
005241f0	FUN_005241f0	257	unknown
00524300	FUN_00524300	95	unknown
00524360	FUN_00524360	96	unknown
005243c0	FUN_005243c0	257	unknown
005244d0	FUN_005244d0	86	unknown
00524530	FUN_00524530	96	unknown
00524590	FUN_00524590	257	unknown
005246a0	FUN_005246a0	95	unknown
00524700	FUN_00524700	96	unknown
00524760	FUN_00524760	257	unknown
00524870	FUN_00524870	95	unknown
005248d0	FUN_005248d0	96	unknown
00524930	FUN_00524930	257	unknown
00524a40	FUN_00524a40	119	unknown
00524ac0	FUN_00524ac0	115	unknown
00524b40	FUN_00524b40	257	unknown
00524c50	FUN_00524c50	119	unknown
00524cd0	FUN_00524cd0	115	unknown
00524d50	FUN_00524d50	257	unknown
00524e60	FUN_00524e60	86	unknown
00524ec0	FUN_00524ec0	96	unknown
00524f20	FUN_00524f20	257	unknown
00525030	FUN_00525030	124	unknown
005250b0	FUN_005250b0	96	unknown
00525110	FUN_00525110	257	unknown
00525220	FUN_00525220	86	unknown
00525280	FUN_00525280	96	unknown
005252e0	FUN_005252e0	279	unknown
00525400	FUN_00525400	73	unknown
00525450	FUN_00525450	163	unknown
00525500	FUN_00525500	266	unknown
00525610	FUN_00525610	279	unknown
00525730	FUN_00525730	163	unknown
005257e0	FUN_005257e0	266	unknown
005258f0	FUN_005258f0	279	unknown
00525a10	FUN_00525a10	163	unknown
00525ac0	FUN_00525ac0	266	unknown
00525bd0	FUN_00525bd0	257	unknown
00525ce0	FUN_00525ce0	86	unknown
00525d40	FUN_00525d40	96	unknown
00525da0	FUN_00525da0	257	unknown
00525eb0	FUN_00525eb0	40	unknown
00525ee0	FUN_00525ee0	96	unknown
00525f40	FUN_00525f40	257	unknown
00526050	FUN_00526050	40	unknown
00526080	FUN_00526080	96	unknown
005260e0	FUN_005260e0	279	unknown
00526200	FUN_00526200	163	unknown
005262b0	FUN_005262b0	266	unknown
005263c0	FUN_005263c0	279	unknown
005264e0	FUN_005264e0	163	unknown
00526590	FUN_00526590	266	unknown
005266a0	FUN_005266a0	279	unknown
005267c0	FUN_005267c0	163	unknown
00526870	FUN_00526870	266	unknown
00526980	FUN_00526980	257	unknown
00526a90	FUN_00526a90	86	unknown
00526af0	FUN_00526af0	96	unknown
00526b50	FUN_00526b50	257	unknown
00526c60	FUN_00526c60	86	unknown
00526cc0	FUN_00526cc0	96	unknown
00526d20	FUN_00526d20	257	unknown
00526e30	FUN_00526e30	86	unknown
00526e90	FUN_00526e90	96	unknown
00526ef0	FUN_00526ef0	257	unknown
00527000	FUN_00527000	86	unknown
00527060	FUN_00527060	96	unknown
005270c0	FUN_005270c0	257	unknown
005271d0	FUN_005271d0	86	unknown
00527230	FUN_00527230	96	unknown
00527290	FUN_00527290	257	unknown
005273a0	FUN_005273a0	86	unknown
00527400	FUN_00527400	96	unknown
00527460	FUN_00527460	257	unknown
00527570	FUN_00527570	95	unknown
005275d0	FUN_005275d0	96	unknown
00527630	FUN_00527630	257	unknown
00527740	FUN_00527740	95	unknown
005277a0	FUN_005277a0	96	unknown
00527800	FUN_00527800	257	unknown
00527910	FUN_00527910	95	unknown
00527970	FUN_00527970	96	unknown
005279d0	FUN_005279d0	257	unknown
00527ae0	FUN_00527ae0	95	unknown
00527b40	FUN_00527b40	96	unknown
00527ba0	FUN_00527ba0	257	unknown
00527cb0	FUN_00527cb0	107	unknown
00527d20	FUN_00527d20	96	unknown
00527d80	FUN_00527d80	257	unknown
00527e90	FUN_00527e90	86	unknown
00527ef0	FUN_00527ef0	96	unknown
00527f50	FUN_00527f50	257	unknown
00528060	FUN_00528060	86	unknown
005280c0	FUN_005280c0	96	unknown
00528120	FUN_00528120	257	unknown
00528230	FUN_00528230	95	unknown
00528290	FUN_00528290	96	unknown
005282f0	FUN_005282f0	257	unknown
00528400	FUN_00528400	86	unknown
00528460	FUN_00528460	96	unknown
005284c0	FUN_005284c0	257	unknown
005285d0	FUN_005285d0	86	unknown
00528630	FUN_00528630	96	unknown
00528690	FUN_00528690	257	unknown
005287a0	FUN_005287a0	95	unknown
00528800	FUN_00528800	96	unknown
00528860	FUN_00528860	257	unknown
00528970	FUN_00528970	86	unknown
005289d0	FUN_005289d0	96	unknown
00528a30	FUN_00528a30	455	unknown
00528c10	FUN_00528c10	82	unknown
00528c70	FUN_00528c70	192	unknown
00528d30	FUN_00528d30	257	unknown
00528e40	FUN_00528e40	48	unknown
00528e70	FUN_00528e70	96	unknown
00528ed0	FUN_00528ed0	257	unknown
00528fe0	FUN_00528fe0	95	unknown
00529040	FUN_00529040	96	unknown
005290a0	FUN_005290a0	257	unknown
005291b0	FUN_005291b0	65	unknown
00529200	FUN_00529200	139	unknown
00529290	FUN_00529290	257	unknown
005293a0	FUN_005293a0	65	unknown
005293f0	FUN_005293f0	139	unknown
00529480	FUN_00529480	257	unknown
00529590	FUN_00529590	40	unknown
005295c0	FUN_005295c0	96	unknown
00529620	FUN_00529620	257	unknown
00529730	FUN_00529730	40	unknown
00529760	FUN_00529760	96	unknown
005297c0	FUN_005297c0	257	unknown
005298d0	FUN_005298d0	86	unknown
00529930	FUN_00529930	96	unknown
00529990	FUN_00529990	257	unknown
00529aa0	FUN_00529aa0	86	unknown
00529b00	FUN_00529b00	96	unknown
00529b60	FUN_00529b60	257	unknown
00529c70	FUN_00529c70	86	unknown
00529cd0	FUN_00529cd0	96	unknown
00529d30	FUN_00529d30	257	unknown
00529e40	FUN_00529e40	86	unknown
00529ea0	FUN_00529ea0	96	unknown
00529f00	FUN_00529f00	257	unknown
0052a010	FUN_0052a010	95	unknown
0052a070	FUN_0052a070	96	unknown
0052a0d0	FUN_0052a0d0	257	unknown
0052a1e0	FUN_0052a1e0	95	unknown
0052a240	FUN_0052a240	96	unknown
0052a2a0	FUN_0052a2a0	257	unknown
0052a3b0	FUN_0052a3b0	95	unknown
0052a410	FUN_0052a410	96	unknown
0052a470	FUN_0052a470	364	unknown
0052a5f0	FUN_0052a5f0	177	unknown
0052a6b0	FUN_0052a6b0	257	unknown
0052a7c0	FUN_0052a7c0	163	unknown
0052a870	FUN_0052a870	122	unknown
0052a8f0	FUN_0052a8f0	257	unknown
0052aa00	FUN_0052aa00	86	unknown
0052aa60	FUN_0052aa60	96	unknown
0052aac0	FUN_0052aac0	279	unknown
0052abe0	FUN_0052abe0	163	unknown
0052ac90	FUN_0052ac90	266	unknown
0052ada0	FUN_0052ada0	279	unknown
0052aec0	FUN_0052aec0	163	unknown
0052af70	FUN_0052af70	266	unknown
0052b080	FUN_0052b080	257	unknown
0052b190	FUN_0052b190	86	unknown
0052b1f0	FUN_0052b1f0	96	unknown
0052b250	FUN_0052b250	257	unknown
0052b360	FUN_0052b360	86	unknown
0052b3c0	FUN_0052b3c0	96	unknown
0052b420	FUN_0052b420	257	unknown
0052b530	FUN_0052b530	86	unknown
0052b590	FUN_0052b590	96	unknown
0052b5f0	FUN_0052b5f0	257	unknown
0052b700	FUN_0052b700	86	unknown
0052b760	FUN_0052b760	96	unknown
0052b7c0	FUN_0052b7c0	257	unknown
0052b8d0	FUN_0052b8d0	86	unknown
0052b930	FUN_0052b930	96	unknown
0052b990	FUN_0052b990	257	unknown
0052baa0	FUN_0052baa0	95	unknown
0052bb00	FUN_0052bb00	96	unknown
0052bb60	FUN_0052bb60	257	unknown
0052bc70	FUN_0052bc70	86	unknown
0052bcd0	FUN_0052bcd0	96	unknown
0052bd30	FUN_0052bd30	257	unknown
0052be40	FUN_0052be40	86	unknown
0052bea0	FUN_0052bea0	96	unknown
0052bf00	FUN_0052bf00	257	unknown
0052c010	FUN_0052c010	86	unknown
0052c070	FUN_0052c070	96	unknown
0052c0d0	FUN_0052c0d0	257	unknown
0052c1e0	FUN_0052c1e0	86	unknown
0052c240	FUN_0052c240	96	unknown
0052c2a0	FUN_0052c2a0	257	unknown
0052c3b0	FUN_0052c3b0	95	unknown
0052c410	FUN_0052c410	96	unknown
0052c470	FUN_0052c470	257	unknown
0052c580	FUN_0052c580	95	unknown
0052c5e0	FUN_0052c5e0	96	unknown
0052c640	FUN_0052c640	257	unknown
0052c750	FUN_0052c750	95	unknown
0052c7b0	FUN_0052c7b0	96	unknown
0052c810	FUN_0052c810	257	unknown
0052c920	FUN_0052c920	95	unknown
0052c980	FUN_0052c980	96	unknown
0052c9e0	FUN_0052c9e0	257	unknown
0052caf0	FUN_0052caf0	95	unknown
0052cb50	FUN_0052cb50	96	unknown
0052cbb0	FUN_0052cbb0	257	unknown
0052ccc0	FUN_0052ccc0	95	unknown
0052cd20	FUN_0052cd20	96	unknown
0052cd80	FUN_0052cd80	257	unknown
0052ce90	FUN_0052ce90	108	unknown
0052cf00	FUN_0052cf00	96	unknown
0052cf60	FUN_0052cf60	257	unknown
0052d070	FUN_0052d070	86	unknown
0052d0d0	FUN_0052d0d0	96	unknown
0052d130	FUN_0052d130	257	unknown
0052d240	FUN_0052d240	86	unknown
0052d2a0	FUN_0052d2a0	96	unknown
0052d300	FUN_0052d300	257	unknown
0052d410	FUN_0052d410	95	unknown
0052d470	FUN_0052d470	96	unknown
0052d4d0	FUN_0052d4d0	257	unknown
0052d5e0	FUN_0052d5e0	95	unknown
0052d640	FUN_0052d640	96	unknown
0052d6a0	FUN_0052d6a0	257	unknown
0052d7b0	FUN_0052d7b0	18	unknown
0052d7d0	FUN_0052d7d0	86	unknown
0052d830	FUN_0052d830	96	unknown
0052d890	FUN_0052d890	257	unknown
0052d9a0	FUN_0052d9a0	86	unknown
0052da00	FUN_0052da00	96	unknown
0052da60	FUN_0052da60	257	unknown
0052db70	FUN_0052db70	86	unknown
0052dbd0	FUN_0052dbd0	96	unknown
0052dc30	FUN_0052dc30	257	unknown
0052dd40	FUN_0052dd40	18	unknown
0052dd60	FUN_0052dd60	65	unknown
0052ddb0	FUN_0052ddb0	139	unknown
0052de40	FUN_0052de40	257	unknown
0052df50	FUN_0052df50	65	unknown
0052dfa0	FUN_0052dfa0	139	unknown
0052e030	FUN_0052e030	563	unknown
0052e280	FUN_0052e280	309	unknown
0052e3c0	FUN_0052e3c0	257	unknown
0052e4d0	FUN_0052e4d0	163	unknown
0052e580	FUN_0052e580	172	unknown
0052e630	FUN_0052e630	257	unknown
0052e740	FUN_0052e740	96	unknown
0052e7a0	FUN_0052e7a0	257	unknown
0052e8b0	FUN_0052e8b0	86	unknown
0052e910	FUN_0052e910	96	unknown
0052e970	FUN_0052e970	257	unknown
0052ea80	FUN_0052ea80	86	unknown
0052eae0	FUN_0052eae0	96	unknown
0052eb40	FUN_0052eb40	257	unknown
0052ec50	FUN_0052ec50	86	unknown
0052ecb0	FUN_0052ecb0	96	unknown
0052ed10	FUN_0052ed10	257	unknown
0052ee20	FUN_0052ee20	95	unknown
0052ee80	FUN_0052ee80	96	unknown
0052eee0	FUN_0052eee0	257	unknown
0052eff0	FUN_0052eff0	86	unknown
0052f050	FUN_0052f050	96	unknown
0052f0b0	FUN_0052f0b0	257	unknown
0052f1c0	FUN_0052f1c0	86	unknown
0052f220	FUN_0052f220	96	unknown
0052f280	FUN_0052f280	257	unknown
0052f390	FUN_0052f390	86	unknown
0052f3f0	FUN_0052f3f0	96	unknown
0052f450	FUN_0052f450	257	unknown
0052f560	FUN_0052f560	86	unknown
0052f5c0	FUN_0052f5c0	96	unknown
0052f620	FUN_0052f620	257	unknown
0052f730	FUN_0052f730	95	unknown
0052f790	FUN_0052f790	96	unknown
0052f7f0	FUN_0052f7f0	257	unknown
0052f900	FUN_0052f900	86	unknown
0052f960	FUN_0052f960	96	unknown
0052f9c0	FUN_0052f9c0	257	unknown
0052fad0	FUN_0052fad0	95	unknown
0052fb30	FUN_0052fb30	96	unknown
0052fb90	FUN_0052fb90	257	unknown
0052fca0	FUN_0052fca0	95	unknown
0052fd00	FUN_0052fd00	96	unknown
0052fd60	FUN_0052fd60	257	unknown
0052fe70	FUN_0052fe70	95	unknown
0052fed0	FUN_0052fed0	96	unknown
0052ff30	FUN_0052ff30	257	unknown
00530040	FUN_00530040	95	unknown
005300a0	FUN_005300a0	96	unknown
00530100	FUN_00530100	257	unknown
00530210	FUN_00530210	86	unknown
00530270	FUN_00530270	96	unknown
005302d0	FUN_005302d0	257	unknown
005303e0	FUN_005303e0	86	unknown
00530440	FUN_00530440	96	unknown
005304a0	FUN_005304a0	257	unknown
005305b0	FUN_005305b0	86	unknown
00530610	FUN_00530610	96	unknown
00530670	FUN_00530670	257	unknown
00530780	FUN_00530780	65	unknown
005307d0	FUN_005307d0	139	unknown
00530860	FUN_00530860	257	unknown
00530970	FUN_00530970	65	unknown
005309c0	FUN_005309c0	139	unknown
00530a50	FUN_00530a50	257	unknown
00530b60	FUN_00530b60	86	unknown
00530bc0	FUN_00530bc0	96	unknown
00530c20	FUN_00530c20	257	unknown
00530d30	FUN_00530d30	95	unknown
00530d90	FUN_00530d90	96	unknown
00530df0	FUN_00530df0	285	unknown
00530f20	FUN_00530f20	148	unknown
00530fc0	FUN_00530fc0	139	unknown
00531050	FUN_00531050	134	unknown
005310e0	FUN_005310e0	257	unknown
005311f0	FUN_005311f0	95	unknown
00531250	FUN_00531250	96	unknown
005312b0	FUN_005312b0	257	unknown
005313c0	FUN_005313c0	86	unknown
00531420	FUN_00531420	96	unknown
00531480	FUN_00531480	257	unknown
00531590	FUN_00531590	95	unknown
005315f0	FUN_005315f0	96	unknown
00531650	FUN_00531650	257	unknown
00531760	FUN_00531760	95	unknown
005317c0	FUN_005317c0	96	unknown
00531820	FUN_00531820	279	unknown
00531940	FUN_00531940	163	unknown
005319f0	FUN_005319f0	193	unknown
00531ac0	FUN_00531ac0	279	unknown
00531be0	FUN_00531be0	163	unknown
00531c90	FUN_00531c90	193	unknown
00531d60	FUN_00531d60	257	unknown
00531e70	FUN_00531e70	86	unknown
00531ed0	FUN_00531ed0	96	unknown
00531f30	FUN_00531f30	257	unknown
00532040	FUN_00532040	86	unknown
005320a0	FUN_005320a0	96	unknown
00532100	FUN_00532100	257	unknown
00532210	FUN_00532210	86	unknown
00532270	FUN_00532270	96	unknown
005322d0	FUN_005322d0	257	unknown
005323e0	FUN_005323e0	86	unknown
00532440	FUN_00532440	96	unknown
005324a0	FUN_005324a0	257	unknown
005325b0	FUN_005325b0	86	unknown
00532610	FUN_00532610	96	unknown
00532670	FUN_00532670	257	unknown
00532780	FUN_00532780	86	unknown
005327e0	FUN_005327e0	96	unknown
00532840	FUN_00532840	257	unknown
00532950	FUN_00532950	86	unknown
005329b0	FUN_005329b0	96	unknown
00532a10	FUN_00532a10	257	unknown
00532b20	FUN_00532b20	86	unknown
00532b80	FUN_00532b80	96	unknown
00532be0	FUN_00532be0	257	unknown
00532cf0	FUN_00532cf0	86	unknown
00532d50	FUN_00532d50	96	unknown
00532db0	FUN_00532db0	257	unknown
00532ec0	FUN_00532ec0	95	unknown
00532f20	FUN_00532f20	96	unknown
00532f80	FUN_00532f80	257	unknown
00533090	FUN_00533090	95	unknown
005330f0	FUN_005330f0	96	unknown
00533150	FUN_00533150	257	unknown
00533260	FUN_00533260	86	unknown
005332c0	FUN_005332c0	96	unknown
00533320	FUN_00533320	257	unknown
00533430	FUN_00533430	86	unknown
00533490	FUN_00533490	96	unknown
005334f0	FUN_005334f0	257	unknown
00533600	FUN_00533600	86	unknown
00533660	FUN_00533660	96	unknown
005336c0	FUN_005336c0	257	unknown
005337d0	FUN_005337d0	86	unknown
00533830	FUN_00533830	96	unknown
00533890	FUN_00533890	257	unknown
005339a0	FUN_005339a0	95	unknown
00533a00	FUN_00533a00	96	unknown
00533a60	FUN_00533a60	257	unknown
00533b70	FUN_00533b70	95	unknown
00533bd0	FUN_00533bd0	96	unknown
00533c30	FUN_00533c30	257	unknown
00533d40	FUN_00533d40	86	unknown
00533da0	FUN_00533da0	96	unknown
00533e00	FUN_00533e00	257	unknown
00533f10	FUN_00533f10	95	unknown
00533f70	FUN_00533f70	96	unknown
00533fd0	FUN_00533fd0	257	unknown
005340e0	FUN_005340e0	18	unknown
00534100	FUN_00534100	95	unknown
00534160	FUN_00534160	96	unknown
005341c0	FUN_005341c0	257	unknown
005342d0	FUN_005342d0	95	unknown
00534330	FUN_00534330	96	unknown
00534390	FUN_00534390	257	unknown
005344a0	FUN_005344a0	86	unknown
00534500	FUN_00534500	96	unknown
00534560	FUN_00534560	257	unknown
00534670	FUN_00534670	95	unknown
005346d0	FUN_005346d0	96	unknown
00534730	FUN_00534730	257	unknown
00534840	FUN_00534840	95	unknown
005348a0	FUN_005348a0	96	unknown
00534900	FUN_00534900	257	unknown
00534a10	FUN_00534a10	95	unknown
00534a70	FUN_00534a70	96	unknown
00534ad0	FUN_00534ad0	257	unknown
00534be0	FUN_00534be0	95	unknown
00534c40	FUN_00534c40	96	unknown
00534ca0	FUN_00534ca0	257	unknown
00534db0	FUN_00534db0	95	unknown
00534e10	FUN_00534e10	96	unknown
00534e70	FUN_00534e70	257	unknown
00534f80	FUN_00534f80	86	unknown
00534fe0	FUN_00534fe0	96	unknown
00535040	FUN_00535040	257	unknown
00535150	FUN_00535150	86	unknown
005351b0	FUN_005351b0	96	unknown
00535210	FUN_00535210	257	unknown
00535320	FUN_00535320	95	unknown
00535380	FUN_00535380	96	unknown
005353e0	FUN_005353e0	257	unknown
005354f0	FUN_005354f0	86	unknown
00535550	FUN_00535550	96	unknown
005355b0	FUN_005355b0	257	unknown
005356c0	FUN_005356c0	40	unknown
005356f0	FUN_005356f0	96	unknown
00535750	FUN_00535750	257	unknown
00535860	FUN_00535860	95	unknown
005358c0	FUN_005358c0	96	unknown
00535920	FUN_00535920	364	unknown
00535aa0	FUN_00535aa0	210	unknown
00535b80	FUN_00535b80	153	unknown
00535c20	FUN_00535c20	257	unknown
00535d30	FUN_00535d30	54	unknown
00535d70	FUN_00535d70	96	unknown
00535dd0	FUN_00535dd0	257	unknown
00535ee0	FUN_00535ee0	96	unknown
00535f40	FUN_00535f40	257	unknown
00536050	FUN_00536050	95	unknown
005360b0	FUN_005360b0	96	unknown
00536110	FUN_00536110	257	unknown
00536220	FUN_00536220	95	unknown
00536280	FUN_00536280	96	unknown
005362e0	FUN_005362e0	257	unknown
005363f0	FUN_005363f0	95	unknown
00536450	FUN_00536450	96	unknown
005364b0	FUN_005364b0	257	unknown
005365c0	FUN_005365c0	86	unknown
00536620	FUN_00536620	96	unknown
00536680	FUN_00536680	279	unknown
005367a0	FUN_005367a0	163	unknown
00536850	FUN_00536850	232	unknown
00536940	FUN_00536940	257	unknown
00536a50	FUN_00536a50	86	unknown
00536ab0	FUN_00536ab0	96	unknown
00536b10	FUN_00536b10	257	unknown
00536c20	FUN_00536c20	18	unknown
00536c40	FUN_00536c40	86	unknown
00536ca0	FUN_00536ca0	96	unknown
00536d00	FUN_00536d00	257	unknown
00536e10	FUN_00536e10	95	unknown
00536e70	FUN_00536e70	96	unknown
00536ed0	FUN_00536ed0	257	unknown
00536fe0	FUN_00536fe0	95	unknown
00537040	FUN_00537040	96	unknown
005370a0	FUN_005370a0	257	unknown
005371b0	FUN_005371b0	95	unknown
00537210	FUN_00537210	96	unknown
00537270	FUN_00537270	257	unknown
00537380	FUN_00537380	95	unknown
005373e0	FUN_005373e0	96	unknown
00537440	FUN_00537440	279	unknown
00537560	FUN_00537560	163	unknown
00537610	FUN_00537610	235	unknown
00537700	FUN_00537700	257	unknown
00537810	FUN_00537810	119	unknown
00537890	FUN_00537890	115	unknown
00537910	FUN_00537910	257	unknown
00537a20	FUN_00537a20	95	unknown
00537a80	FUN_00537a80	96	unknown
00537ae0	FUN_00537ae0	257	unknown
00537bf0	FUN_00537bf0	86	unknown
00537c50	FUN_00537c50	96	unknown
00537cb0	FUN_00537cb0	257	unknown
00537dc0	FUN_00537dc0	86	unknown
00537e20	FUN_00537e20	96	unknown
00537e80	FUN_00537e80	257	unknown
00537f90	FUN_00537f90	18	unknown
00537fb0	FUN_00537fb0	95	unknown
00538010	FUN_00538010	96	unknown
00538070	FUN_00538070	257	unknown
00538180	FUN_00538180	95	unknown
005381e0	FUN_005381e0	96	unknown
00538240	FUN_00538240	279	unknown
00538360	FUN_00538360	18	unknown
00538380	FUN_00538380	163	unknown
00538430	FUN_00538430	235	unknown
00538520	FUN_00538520	257	unknown
00538630	FUN_00538630	95	unknown
00538690	FUN_00538690	96	unknown
005386f0	FUN_005386f0	257	unknown
00538800	FUN_00538800	86	unknown
00538860	FUN_00538860	96	unknown
005388c0	FUN_005388c0	352	unknown
00538a30	FUN_00538a30	108	unknown
00538aa0	FUN_00538aa0	177	unknown
00538b60	FUN_00538b60	257	unknown
00538c70	FUN_00538c70	99	unknown
00538ce0	FUN_00538ce0	96	unknown
00538d40	FUN_00538d40	257	unknown
00538e50	FUN_00538e50	17	unknown
00538e70	FUN_00538e70	99	unknown
00538ee0	FUN_00538ee0	96	unknown
00538f40	FUN_00538f40	352	unknown
005390b0	FUN_005390b0	102	unknown
00539120	FUN_00539120	177	unknown
005391e0	FUN_005391e0	257	unknown
005392f0	FUN_005392f0	56	unknown
00539330	FUN_00539330	115	unknown
005393b0	FUN_005393b0	257	unknown
005394c0	FUN_005394c0	99	unknown
00539530	FUN_00539530	96	unknown
00539590	FUN_00539590	279	unknown
005396b0	FUN_005396b0	163	unknown
00539760	FUN_00539760	242	unknown
00539860	FUN_00539860	257	unknown
00539970	FUN_00539970	134	unknown
00539a00	FUN_00539a00	162	unknown
00539ab0	FUN_00539ab0	134	unknown
00539b40	FUN_00539b40	39	unknown
00539b70	FUN_00539b70	257	unknown
00539c80	FUN_00539c80	99	unknown
00539cf0	FUN_00539cf0	96	unknown
00539d50	FUN_00539d50	279	unknown
00539e70	FUN_00539e70	163	unknown
00539f20	FUN_00539f20	242	unknown
0053a020	FUN_0053a020	279	unknown
0053a140	FUN_0053a140	163	unknown
0053a1f0	FUN_0053a1f0	242	unknown
0053a2f0	FUN_0053a2f0	257	unknown
0053a400	FUN_0053a400	104	unknown
0053a470	FUN_0053a470	96	unknown
0053a4d0	FUN_0053a4d0	279	unknown
0053a5f0	FUN_0053a5f0	163	unknown
0053a6a0	FUN_0053a6a0	248	unknown
0053a7a0	FUN_0053a7a0	257	unknown
0053a8b0	FUN_0053a8b0	104	unknown
0053a920	FUN_0053a920	96	unknown
0053a980	FUN_0053a980	257	unknown
0053aa90	FUN_0053aa90	102	unknown
0053ab00	FUN_0053ab00	96	unknown
0053ab60	FUN_0053ab60	257	unknown
0053ac70	FUN_0053ac70	49	unknown
0053acb0	FUN_0053acb0	96	unknown
0053ad10	FUN_0053ad10	257	unknown
0053ae20	FUN_0053ae20	49	unknown
0053ae60	FUN_0053ae60	96	unknown
0053aec0	FUN_0053aec0	257	unknown
0053afd0	FUN_0053afd0	49	unknown
0053b010	FUN_0053b010	96	unknown
0053b070	FUN_0053b070	257	unknown
0053b180	FUN_0053b180	52	unknown
0053b1c0	FUN_0053b1c0	96	unknown
0053b220	FUN_0053b220	257	unknown
0053b330	FUN_0053b330	52	unknown
0053b370	FUN_0053b370	96	unknown
0053b3d0	FUN_0053b3d0	257	unknown
0053b4e0	FUN_0053b4e0	52	unknown
0053b520	FUN_0053b520	96	unknown
0053b580	FUN_0053b580	257	unknown
0053b690	FUN_0053b690	163	unknown
0053b740	FUN_0053b740	155	unknown
0053b7e0	FUN_0053b7e0	257	unknown
0053b8f0	FUN_0053b8f0	52	unknown
0053b930	FUN_0053b930	96	unknown
0053b990	FUN_0053b990	257	unknown
0053baa0	FUN_0053baa0	54	unknown
0053bae0	FUN_0053bae0	96	unknown
0053bb40	FUN_0053bb40	257	unknown
0053bc50	FUN_0053bc50	110	unknown
0053bcc0	FUN_0053bcc0	96	unknown
0053bd20	FUN_0053bd20	257	unknown
0053be30	FUN_0053be30	110	unknown
0053bea0	FUN_0053bea0	96	unknown
0053bf00	FUN_0053bf00	257	unknown
0053c010	FUN_0053c010	110	unknown
0053c080	FUN_0053c080	96	unknown
0053c0e0	FUN_0053c0e0	257	unknown
0053c1f0	FUN_0053c1f0	110	unknown
0053c260	FUN_0053c260	96	unknown
0053c2c0	FUN_0053c2c0	257	unknown
0053c3d0	FUN_0053c3d0	110	unknown
0053c440	FUN_0053c440	96	unknown
0053c4a0	FUN_0053c4a0	257	unknown
0053c5b0	FUN_0053c5b0	110	unknown
0053c620	FUN_0053c620	96	unknown
0053c680	FUN_0053c680	257	unknown
0053c790	FUN_0053c790	110	unknown
0053c800	FUN_0053c800	96	unknown
0053c860	FUN_0053c860	257	unknown
0053c970	FUN_0053c970	146	unknown
0053ca10	FUN_0053ca10	115	unknown
0053ca90	FUN_0053ca90	257	unknown
0053cba0	FUN_0053cba0	84	unknown
0053cc00	FUN_0053cc00	96	unknown
0053cc60	FUN_0053cc60	257	unknown
0053cd70	FUN_0053cd70	89	unknown
0053cdd0	FUN_0053cdd0	96	unknown
0053ce30	FUN_0053ce30	257	unknown
0053cf40	FUN_0053cf40	84	unknown
0053cfa0	FUN_0053cfa0	96	unknown
0053d000	FUN_0053d000	257	unknown
0053d110	FUN_0053d110	117	unknown
0053d190	FUN_0053d190	115	unknown
0053d210	FUN_0053d210	257	unknown
0053d320	FUN_0053d320	44	unknown
0053d350	FUN_0053d350	96	unknown
0053d3b0	FUN_0053d3b0	257	unknown
0053d4c0	FUN_0053d4c0	110	unknown
0053d530	FUN_0053d530	96	unknown
0053d590	FUN_0053d590	257	unknown
0053d6a0	FUN_0053d6a0	110	unknown
0053d710	FUN_0053d710	96	unknown
0053d770	FUN_0053d770	855	unknown
0053db00	FUN_0053db00	140	unknown
0053db90	FUN_0053db90	400	unknown
0053dd20	FUN_0053dd20	257	unknown
0053de30	FUN_0053de30	102	unknown
0053dea0	FUN_0053dea0	96	unknown
0053df00	FUN_0053df00	257	unknown
0053e010	FUN_0053e010	102	unknown
0053e080	FUN_0053e080	96	unknown
0053e0e0	FUN_0053e0e0	257	unknown
0053e1f0	FUN_0053e1f0	93	unknown
0053e250	FUN_0053e250	96	unknown
0053e2b0	FUN_0053e2b0	257	unknown
0053e3c0	FUN_0053e3c0	167	unknown
0053e470	FUN_0053e470	96	unknown
0053e4d0	FUN_0053e4d0	257	unknown
0053e5e0	FUN_0053e5e0	84	unknown
0053e640	FUN_0053e640	96	unknown
0053e6a0	FUN_0053e6a0	257	unknown
0053e7b0	FUN_0053e7b0	84	unknown
0053e810	FUN_0053e810	96	unknown
0053e870	FUN_0053e870	257	unknown
0053e980	FUN_0053e980	93	unknown
0053e9e0	FUN_0053e9e0	96	unknown
0053ea40	FUN_0053ea40	257	unknown
0053eb50	FUN_0053eb50	93	unknown
0053ebb0	FUN_0053ebb0	96	unknown
0053ec10	FUN_0053ec10	257	unknown
0053ed20	FUN_0053ed20	93	unknown
0053ed80	FUN_0053ed80	96	unknown
0053ede0	FUN_0053ede0	257	unknown
0053eef0	FUN_0053eef0	93	unknown
0053ef50	FUN_0053ef50	96	unknown
0053efb0	FUN_0053efb0	257	unknown
0053f0c0	FUN_0053f0c0	84	unknown
0053f120	FUN_0053f120	96	unknown
0053f180	FUN_0053f180	257	unknown
0053f290	FUN_0053f290	90	unknown
0053f2f0	FUN_0053f2f0	96	unknown
0053f350	FUN_0053f350	279	unknown
0053f470	FUN_0053f470	163	unknown
0053f520	FUN_0053f520	191	unknown
0053f5f0	FUN_0053f5f0	279	unknown
0053f710	FUN_0053f710	163	unknown
0053f7c0	FUN_0053f7c0	191	unknown
0053f890	FUN_0053f890	257	unknown
0053f9a0	FUN_0053f9a0	93	unknown
0053fa00	FUN_0053fa00	96	unknown
0053fa60	FUN_0053fa60	257	unknown
0053fb70	FUN_0053fb70	93	unknown
0053fbd0	FUN_0053fbd0	96	unknown
0053fc30	FUN_0053fc30	257	unknown
0053fd40	FUN_0053fd40	93	unknown
0053fda0	FUN_0053fda0	96	unknown
0053fe00	FUN_0053fe00	257	unknown
0053ff10	FUN_0053ff10	17	unknown
0053ff30	FUN_0053ff30	93	unknown
0053ff90	FUN_0053ff90	96	unknown
0053fff0	FUN_0053fff0	279	unknown
00540110	FUN_00540110	18	unknown
00540130	FUN_00540130	163	unknown
005401e0	FUN_005401e0	218	unknown
005402c0	FUN_005402c0	257	unknown
005403d0	FUN_005403d0	95	unknown
00540430	FUN_00540430	96	unknown
00540490	FUN_00540490	364	unknown
00540610	FUN_00540610	210	unknown
005406f0	FUN_005406f0	257	unknown
00540800	FUN_00540800	18	unknown
00540820	FUN_00540820	95	unknown
00540880	FUN_00540880	96	unknown
005408e0	FUN_005408e0	257	unknown
005409f0	FUN_005409f0	86	unknown
00540a50	FUN_00540a50	134	unknown
00540ae0	FUN_00540ae0	96	unknown
00540b40	FUN_00540b40	279	unknown
00540c60	FUN_00540c60	163	unknown
00540d10	FUN_00540d10	266	unknown
00540e20	FUN_00540e20	279	unknown
00540f40	FUN_00540f40	163	unknown
00540ff0	FUN_00540ff0	266	unknown
00541100	FUN_00541100	257	unknown
00541210	FUN_00541210	46	unknown
00541240	FUN_00541240	96	unknown
005412a0	FUN_005412a0	257	unknown
005413b0	FUN_005413b0	46	unknown
005413e0	FUN_005413e0	96	unknown
00541440	FUN_00541440	257	unknown
00541550	FUN_00541550	163	unknown
00541600	FUN_00541600	177	unknown
005416c0	FUN_005416c0	364	unknown
00541840	FUN_00541840	210	unknown
00541920	FUN_00541920	153	unknown
005419c0	FUN_005419c0	364	unknown
00541b40	FUN_00541b40	210	unknown
00541c20	FUN_00541c20	153	unknown
00541cc0	FUN_00541cc0	364	unknown
00541e40	FUN_00541e40	210	unknown
00541f20	FUN_00541f20	153	unknown
00541fc0	FUN_00541fc0	257	unknown
005420d0	FUN_005420d0	18	unknown
005420f0	FUN_005420f0	95	unknown
00542150	FUN_00542150	96	unknown
005421b0	FUN_005421b0	257	unknown
005422c0	FUN_005422c0	86	unknown
00542320	FUN_00542320	96	unknown
00542380	FUN_00542380	573	unknown
005425e0	FUN_005425e0	82	unknown
00542640	FUN_00542640	244	unknown
00542740	FUN_00542740	571	unknown
005429a0	FUN_005429a0	309	unknown
00542ae0	FUN_00542ae0	181	unknown
00542ba0	FUN_00542ba0	463	unknown
00542d90	FUN_00542d90	74	unknown
00542de0	FUN_00542de0	192	unknown
00542ea0	FUN_00542ea0	257	unknown
00542fb0	FUN_00542fb0	86	unknown
00543010	FUN_00543010	96	unknown
00543070	FUN_00543070	257	unknown
00543180	FUN_00543180	86	unknown
005431e0	FUN_005431e0	96	unknown
00543240	FUN_00543240	137	unknown
005432d0	FUN_005432d0	257	unknown
005433e0	FUN_005433e0	86	unknown
00543440	FUN_00543440	96	unknown
005434a0	FUN_005434a0	257	unknown
005435b0	FUN_005435b0	93	unknown
00543610	FUN_00543610	96	unknown
00543670	FUN_00543670	257	unknown
00543780	FUN_00543780	84	unknown
005437e0	FUN_005437e0	96	unknown
00543840	FUN_00543840	257	unknown
00543950	FUN_00543950	17	unknown
00543970	FUN_00543970	84	unknown
005439d0	FUN_005439d0	96	unknown
00543a30	FUN_00543a30	257	unknown
00543b40	FUN_00543b40	18	unknown
00543b60	FUN_00543b60	95	unknown
00543bc0	FUN_00543bc0	96	unknown
00543c20	FUN_00543c20	257	unknown
00543d30	FUN_00543d30	61	unknown
00543d70	FUN_00543d70	162	unknown
00543e20	FUN_00543e20	257	unknown
00543f30	FUN_00543f30	18	unknown
00543f50	FUN_00543f50	93	unknown
00543fb0	FUN_00543fb0	96	unknown
00544010	FUN_00544010	257	unknown
00544120	FUN_00544120	95	unknown
00544180	FUN_00544180	96	unknown
005441e0	FUN_005441e0	257	unknown
005442f0	FUN_005442f0	86	unknown
00544350	FUN_00544350	96	unknown
005443b0	FUN_005443b0	257	unknown
005444c0	FUN_005444c0	96	unknown
00544520	FUN_00544520	257	unknown
00544630	FUN_00544630	96	unknown
00544690	FUN_00544690	257	unknown
005447a0	FUN_005447a0	86	unknown
00544800	FUN_00544800	96	unknown
00544860	FUN_00544860	257	unknown
00544970	FUN_00544970	86	unknown
005449d0	FUN_005449d0	96	unknown
00544a30	FUN_00544a30	257	unknown
00544b40	FUN_00544b40	86	unknown
00544ba0	FUN_00544ba0	96	unknown
00544c00	FUN_00544c00	257	unknown
00544d10	FUN_00544d10	96	unknown
00544d70	FUN_00544d70	257	unknown
00544e80	FUN_00544e80	46	unknown
00544eb0	FUN_00544eb0	96	unknown
00544f10	FUN_00544f10	257	unknown
00545020	FUN_00545020	86	unknown
00545080	FUN_00545080	96	unknown
005450e0	FUN_005450e0	257	unknown
005451f0	FUN_005451f0	86	unknown
00545250	FUN_00545250	96	unknown
005452b0	FUN_005452b0	135	unknown
00545340	FUN_00545340	279	unknown
00545460	FUN_00545460	163	unknown
00545510	FUN_00545510	235	unknown
00545600	FUN_00545600	257	unknown
00545710	FUN_00545710	86	unknown
00545770	FUN_00545770	96	unknown
005457d0	FUN_005457d0	257	unknown
005458e0	FUN_005458e0	101	unknown
00545950	FUN_00545950	96	unknown
005459b0	FUN_005459b0	257	unknown
00545ac0	FUN_00545ac0	95	unknown
00545b20	FUN_00545b20	96	unknown
00545b80	FUN_00545b80	257	unknown
00545c90	FUN_00545c90	119	unknown
00545d10	FUN_00545d10	115	unknown
00545d90	FUN_00545d90	364	unknown
00545f10	FUN_00545f10	210	unknown
00545ff0	FUN_00545ff0	153	unknown
00546090	FUN_00546090	257	unknown
005461a0	FUN_005461a0	163	unknown
00546250	FUN_00546250	122	unknown
005462d0	FUN_005462d0	257	unknown
005463e0	FUN_005463e0	163	unknown
00546490	FUN_00546490	122	unknown
00546510	FUN_00546510	257	unknown
00546620	FUN_00546620	163	unknown
005466d0	FUN_005466d0	122	unknown
00546750	FUN_00546750	344	unknown
005468c0	FUN_005468c0	274	unknown
005469e0	FUN_005469e0	198	unknown
00546ab0	FUN_00546ab0	257	unknown
00546bc0	FUN_00546bc0	163	unknown
00546c70	FUN_00546c70	122	unknown
00546cf0	FUN_00546cf0	257	unknown
00546e00	FUN_00546e00	68	unknown
00546e50	FUN_00546e50	115	unknown
00546ed0	FUN_00546ed0	257	unknown
00546fe0	FUN_00546fe0	46	unknown
00547010	FUN_00547010	96	unknown
00547070	FUN_00547070	257	unknown
00547180	FUN_00547180	68	unknown
005471d0	FUN_005471d0	115	unknown
00547250	FUN_00547250	257	unknown
00547360	FUN_00547360	51	unknown
005473a0	FUN_005473a0	162	unknown
00547450	FUN_00547450	463	unknown
00547640	FUN_00547640	299	unknown
00547770	FUN_00547770	182	unknown
00547830	FUN_00547830	257	unknown
00547940	FUN_00547940	18	unknown
00547960	FUN_00547960	163	unknown
00547a10	FUN_00547a10	130	unknown
00547aa0	FUN_00547aa0	257	unknown
00547bb0	FUN_00547bb0	55	unknown
00547bf0	FUN_00547bf0	96	unknown
00547c50	FUN_00547c50	124	unknown
00547cd0	FUN_00547cd0	52	unknown
00547d10	FUN_00547d10	153	unknown
00547db0	FUN_00547db0	160	unknown
00547e60	FUN_00547e60	101	unknown
00547ed0	FUN_00547ed0	52	unknown
00547f10	FUN_00547f10	126	unknown
00547fa0	FUN_00547fa0	270	unknown
005480c0	FUN_005480c0	2545	unknown
00548b30	FUN_00548b30	18	unknown
00548c90	FUN_00548c90	92	unknown
00548cf0	FUN_00548cf0	34	unknown
00548d20	FUN_00548d20	6	unknown
00548d30	FUN_00548d30	45	unknown
00548d60	FUN_00548d60	8	unknown
00548d70	BFSpawnPointTemplate__v0_slot02	32	unknown
00548d90	FUN_00548d90	40	unknown
00548dc0	FUN_00548dc0	382	unknown
00548fa0	FUN_00548fa0	688	unknown
005493b0	FUN_005493b0	18	unknown
005493d0	FUN_005493d0	49	unknown
00549410	FUN_00549410	138	unknown
0054949a	Catch@0054949a	9	unknown
005494b0	FUN_005494b0	89	unknown
00549510	FUN_00549510	49	unknown
00549550	FUN_00549550	6	unknown
00549560	FUN_00549560	8	unknown
00549570	FUN_00549570	11	unknown
00549580	FUN_00549580	11	unknown
00549590	FUN_00549590	11	unknown
005495a0	FUN_005495a0	11	unknown
005495b0	BFSoldierTemplate__v0_slot02	32	unknown
005495d0	BFSoldierTemplate__v400_slot01	11	unknown
005495e0	BFSoldierTemplate__v400_slot02	11	unknown
005495f0	BFSoldierTemplate__v428_slot01	11	unknown
00549600	BFSoldierTemplate__v428_slot02	11	unknown
00549660	FUN_00549660	60	unknown
005496a0	FUN_005496a0	102	unknown
00549710	FUN_00549710	159	unknown
005497c0	FUN_005497c0	105	unknown
00549830	FUN_00549830	310	unknown
00549970	FUN_00549970	129	unknown
00549a00	FUN_00549a00	697	unknown
00549cf0	FUN_00549cf0	87	unknown
00549d60	FUN_00549d60	255	unknown
00549e70	FUN_00549e70	170	unknown
00549f20	FUN_00549f20	335	unknown
0054a090	FUN_0054a090	343	unknown
0054a200	FUN_0054a200	384	unknown
0054a380	FUN_0054a380	203	unknown
0054a460	FUN_0054a460	225	unknown
0054a550	FUN_0054a550	148	unknown
0054a5f0	FUN_0054a5f0	78	unknown
0054a650	FUN_0054a650	127	unknown
0054a6d0	FUN_0054a6d0	14	unknown
0054a6e0	FUN_0054a6e0	28	unknown
0054a700	FUN_0054a700	257	unknown
0054a810	FUN_0054a810	70	unknown
0054a860	FUN_0054a860	220	unknown
0054a940	FUN_0054a940	153	unknown
0054a9e0	FUN_0054a9e0	66	unknown
0054aa30	FUN_0054aa30	98	unknown
0054aaa0	FUN_0054aaa0	279	unknown
0054abc0	FUN_0054abc0	66	unknown
0054ac10	FUN_0054ac10	283	unknown
0054ad30	FUN_0054ad30	261	unknown
0054ae40	FUN_0054ae40	257	unknown
0054af50	FUN_0054af50	98	unknown
0054afc0	FUN_0054afc0	220	unknown
0054b0a0	FUN_0054b0a0	257	unknown
0054b1b0	FUN_0054b1b0	100	unknown
0054b220	FUN_0054b220	220	unknown
0054b300	FUN_0054b300	127	unknown
0054b380	FUN_0054b380	66	unknown
0054b3d0	FUN_0054b3d0	88	unknown
0054b430	FUN_0054b430	257	unknown
0054b540	FUN_0054b540	98	unknown
0054b5b0	FUN_0054b5b0	220	unknown
0054b690	FUN_0054b690	257	unknown
0054b7a0	FUN_0054b7a0	100	unknown
0054b810	FUN_0054b810	220	unknown
0054b8f0	FUN_0054b8f0	127	unknown
0054b970	FUN_0054b970	66	unknown
0054b9c0	FUN_0054b9c0	88	unknown
0054ba20	FUN_0054ba20	257	unknown
0054bb30	FUN_0054bb30	98	unknown
0054bba0	FUN_0054bba0	220	unknown
0054bc80	FUN_0054bc80	257	unknown
0054bd90	FUN_0054bd90	98	unknown
0054be00	FUN_0054be00	220	unknown
0054bee0	FUN_0054bee0	257	unknown
0054bff0	FUN_0054bff0	100	unknown
0054c060	FUN_0054c060	220	unknown
0054c140	FUN_0054c140	127	unknown
0054c1c0	FUN_0054c1c0	66	unknown
0054c210	FUN_0054c210	88	unknown
0054c270	FUN_0054c270	257	unknown
0054c380	FUN_0054c380	98	unknown
0054c3f0	FUN_0054c3f0	220	unknown
0054c4d0	FUN_0054c4d0	257	unknown
0054c5e0	FUN_0054c5e0	98	unknown
0054c650	FUN_0054c650	220	unknown
0054c730	FUN_0054c730	257	unknown
0054c840	FUN_0054c840	100	unknown
0054c8b0	FUN_0054c8b0	220	unknown
0054c990	FUN_0054c990	127	unknown
0054ca10	FUN_0054ca10	66	unknown
0054ca60	FUN_0054ca60	88	unknown
0054cac0	FUN_0054cac0	257	unknown
0054cbd0	FUN_0054cbd0	187	unknown
0054cc90	FUN_0054cc90	220	unknown
0054cd70	FUN_0054cd70	257	unknown
0054ce80	FUN_0054ce80	187	unknown
0054cf40	FUN_0054cf40	220	unknown
0054d020	FUN_0054d020	257	unknown
0054d130	FUN_0054d130	187	unknown
0054d1f0	FUN_0054d1f0	220	unknown
0054d2d0	FUN_0054d2d0	279	unknown
0054d3f0	FUN_0054d3f0	12	unknown
0054d400	FUN_0054d400	31	unknown
0054d420	FUN_0054d420	283	unknown
0054d540	FUN_0054d540	223	unknown
0054d630	FUN_0054d630	183	unknown
0054d6f0	FUN_0054d6f0	181	unknown
0054d7b0	FUN_0054d7b0	64	unknown
0054d7f0	FUN_0054d7f0	37	unknown
0054d820	FUN_0054d820	27	unknown
0054d840	FUN_0054d840	48	unknown
0054d8e0	FUN_0054d8e0	819	unknown
0054dc40	FUN_0054dc40	18	unknown
0054dc60	FUN_0054dc60	18	unknown
0054dcd0	FUN_0054dcd0	257	unknown
0054dde0	FUN_0054dde0	14	unknown
0054ddf0	FUN_0054ddf0	79	unknown
0054de40	FUN_0054de40	105	unknown
0054deb0	FUN_0054deb0	257	unknown
0054dfc0	FUN_0054dfc0	70	unknown
0054e010	FUN_0054e010	153	unknown
0054e0b0	FUN_0054e0b0	158	unknown
0054e160	FUN_0054e160	166	unknown
0054e3a0	PhysicsModule__v0_slot06	462	unknown
0054e590	PhysicsModule__v0_slot04	688	unknown
0054e8b0	FUN_0054e8b0	159	unknown
0054e960	FUN_0054e960	42	unknown
0054e9a0	BFSoldier__v0_slot03	69	unknown
0054ea00	FUN_0054ea00	48	unknown
0054ea30	BFSoldier__v0_slot05	41	unknown
0054ea60	BFSoldier__v0_slot06	51	unknown
0054eaa0	FUN_0054eaa0	79	unknown
0054eaf0	BFSoldier__v0_slot60	66	unknown
0054eb40	FUN_0054eb40	195	unknown
0054ec10	FUN_0054ec10	39	unknown
0054ec40	BFSoldier__v344_slot07	79	unknown
0054ec90	FUN_0054ec90	31	unknown
0054ecb0	FUN_0054ecb0	20	unknown
0054ecd0	FUN_0054ecd0	46	unknown
0054ed00	FUN_0054ed00	11	unknown
0054ed10	FUN_0054ed10	93	unknown
0054ed70	FUN_0054ed70	86	unknown
0054edd0	FUN_0054edd0	135	unknown
0054ee60	FUN_0054ee60	135	unknown
0054eef0	FUN_0054eef0	13	unknown
0054ef00	FUN_0054ef00	71	unknown
0054ef50	BFSoldier__v348_slot38	12	unknown
0054ef60	BFSoldier__v348_slot39	12	unknown
0054ef70	BFSoldier__v348_slot40	13	unknown
0054ef80	FUN_0054ef80	20	unknown
0054efa0	FUN_0054efa0	150	unknown
0054f040	FUN_0054f040	136	unknown
0054f0d0	FUN_0054f0d0	17	unknown
0054f0f0	FUN_0054f0f0	39	unknown
0054f120	FUN_0054f120	61	unknown
0054f160	FUN_0054f160	135	unknown
0054f1f0	FUN_0054f1f0	105	unknown
0054f260	FUN_0054f260	371	unknown
0054f3e0	FUN_0054f3e0	54	unknown
0054f420	FUN_0054f420	99	unknown
0054f490	FUN_0054f490	164	unknown
0054f540	FUN_0054f540	37	unknown
0054f570	FUN_0054f570	107	unknown
0054f5db	Catch@0054f5db	9	unknown
0054f5f0	FUN_0054f5f0	107	unknown
0054f65b	Catch@0054f65b	9	unknown
0054f670	FUN_0054f670	74	unknown
0054f6c0	FUN_0054f6c0	64	unknown
0054f700	FUN_0054f700	120	unknown
0054f780	FUN_0054f780	119	unknown
0054f800	FUN_0054f800	102	unknown
0054f866	Catch@0054f866	9	unknown
0054f870	FUN_0054f870	102	unknown
0054f8d6	Catch@0054f8d6	9	unknown
0054f8e0	FUN_0054f8e0	229	unknown
0054f9d0	BFSoldier__v348_slot32	67	unknown
0054fa30	FUN_0054fa30	27	unknown
0054fa50	FUN_0054fa50	27	unknown
0054fa70	FUN_0054fa70	226	unknown
0054fb60	FUN_0054fb60	717	unknown
0054fe30	FUN_0054fe30	42	unknown
0054fe60	FUN_0054fe60	38	unknown
0054fe90	FUN_0054fe90	360	unknown
00550000	FUN_00550000	63	unknown
00550040	FUN_00550040	194	unknown
00550110	thunk_FUN_005f7c60	5	unknown
00550120	FUN_00550120	183	unknown
005501e0	FUN_005501e0	101	unknown
00550250	FUN_00550250	719	unknown
00550520	FUN_00550520	121	unknown
005505a0	FUN_005505a0	3812	unknown
005514a0	BFSoldier__v0_slot18	588	unknown
005516f0	BFSoldier__v0_slot19	1482	unknown
00551cc0	FUN_00551cc0	1352	unknown
00552210	FUN_00552210	1310	unknown
00552730	BFSoldier__v344_slot05	260	unknown
00552840	BFSoldier__v344_slot04	101	unknown
005528b0	BFSoldier__v0_slot62	98	unknown
00552920	BFSoldier__v0_slot49	55	unknown
00552960	FUN_00552960	3560	unknown
005537c0	FUN_005537c0	107	unknown
00553830	FUN_00553830	181	unknown
005538f0	FUN_005538f0	54	unknown
00553930	FUN_00553930	77	unknown
00553980	BFSoldier__v348_slot24	15	unknown
00553990	FUN_00553990	15	unknown
005539a0	FUN_005539a0	552	unknown
00553b11	Catch@00553b11	9	unknown
00553be0	FUN_00553be0	534	unknown
00553d46	Catch@00553d46	9	unknown
00553e10	BFSoldier__v348_slot09	9	unknown
00553e19	FUN_00553e19	355	unknown
00553f80	BFSoldier__v348_slot10	133	unknown
00554010	BFSoldier__v348_slot11	126	unknown
00554090	FUN_00554090	91	unknown
005540f0	BFSoldier__v0_slot39	6233	unknown
00555960	FUN_00555960	790	unknown
00555c80	FUN_00555c80	413	unknown
00555e40	BFSoldier__v0_slot40	1852	unknown
005565d0	BFSoldier__v0_slot57	714	unknown
005568a0	BFSoldier__v0_slot56	879	unknown
00556c10	BFSoldier__v0_slot58	147	unknown
00556cb0	BFSoldier__v344_slot06	70	unknown
00556d00	BFSoldier__v344_slot08	156	unknown
00556da0	BFSoldierTemplate__v0_slot13	114	unknown
00556e20	BFSoldier__v0_slot21	2117	unknown
00557670	FUN_00557670	247	unknown
00557770	FUN_00557770	141	unknown
00557800	FUN_00557800	121	unknown
00557880	FUN_00557880	317	unknown
005579d0	FUN_005579d0	334	unknown
00557b20	FUN_00557b20	580	unknown
00557d80	FUN_00557d80	414	unknown
00557f40	BFSoldier__v0_slot53	1217	unknown
00558410	FUN_00558410	652	unknown
005586a0	BFSoldier__v0_slot20	4141	unknown
005596e0	BFSoldier__v0_slot59	196	unknown
005597b0	BFSoldier__v348_slot31	84	unknown
00559810	FUN_00559810	98	unknown
00559880	FUN_00559880	129	unknown
00559a70	BFSoldier__v344_slot09	13	unknown
00559a80	BFSoldier__v344_slot10	7	unknown
00559a90	BFSoldier__v348_slot04	7	unknown
00559aa0	BFSoldier__v348_slot06	7	unknown
00559ab0	BFSoldier__v348_slot08	7	unknown
00559ac0	BFSoldier__v348_slot14	7	unknown
00559ad0	BFSoldier__v348_slot17	7	unknown
00559ae0	BFSoldier__v348_slot18	7	unknown
00559af0	BFSoldier__v348_slot19	13	unknown
00559b00	BFSoldier__v0_slot66	7	unknown
00559b10	BFSoldier__v0_slot67	7	unknown
00559b20	BFSoldier__v348_slot28	13	unknown
00559b30	BFSoldier__v348_slot30	7	unknown
00559b40	BFSoldier__v344_slot00	11	unknown
00559b50	BFSoldier__v344_slot03	11	unknown
00559b60	BFSoldier__v348_slot00	11	unknown
00559b70	BFSoldier__v348_slot03	11	unknown
00559b80	BFSoldier__v0_slot01	14	unknown
00559b90	BFSoldier__v0_slot02	32	unknown
00559bb0	BFSoldier__v0_slot55	25	unknown
00559bd0	BFSoldier__v348_slot22	19	unknown
00559bf0	BFSoldier__v344_slot01	11	unknown
00559c00	BFSoldier__v344_slot02	11	unknown
00559c10	BFSoldier__v348_slot01	11	unknown
00559c20	BFSoldier__v348_slot02	11	unknown
00559c30	BFSoldier__v348_slot16	12	unknown
00559c40	BFSoldier__v0_slot61	100	unknown
00559cb0	BFSoldier__v0_slot63	682	unknown
00559f60	BFSoldier__v0_slot64	1057	unknown
0055a390	FUN_0055a390	232	unknown
0055a480	FUN_0055a480	208	unknown
0055a550	FUN_0055a550	15	unknown
0055a560	BFSoldier__v348_slot21	78	unknown
0055a5b0	FUN_0055a5b0	237	unknown
0055a6b0	FUN_0055a6b0	1945	unknown
0055ae60	BFSoldier__v0_slot00	27	unknown
0055ae80	BFSoldier__v0_slot04	219	unknown
0055af60	FUN_0055af60	523	unknown
0055b170	BFSoldierTemplate__v0_slot03	69	unknown
0055b1c0	BFSoldierTemplate__v0_slot11	26	unknown
0055b1e0	BFSoldierTemplate__v0_slot04	6	unknown
0055b1f0	BFSoldierTemplate__v428_slot04	13	unknown
0055b200	PlayerControlObjectTemplate__v0_slot34	13	unknown
0055b210	BFSoldierTemplate__v0_slot33	7	unknown
0055b220	BFSoldierTemplate__v0_slot34	29	unknown
0055b240	BFSoldierTemplate__v0_slot36	29	unknown
0055b260	BFSoldierTemplate__v0_slot38	13	unknown
0055b270	BFSoldierTemplate__v116_slot00	8	unknown
0055b280	BFSoldierTemplate__v400_slot00	11	unknown
0055b290	BFSoldierTemplate__v400_slot03	11	unknown
0055b2a0	BFSoldierTemplate__v428_slot00	11	unknown
0055b2b0	BFSoldierTemplate__v428_slot03	11	unknown
0055b2c0	BFSoldierTemplate__v0_slot01	14	unknown
0055b2d0	FUN_0055b2d0	209	unknown
0055b3b0	FUN_0055b3b0	14	unknown
0055b3c0	BFSoldierTemplate__v0_slot12	34	unknown
0055b3f0	BFSoldierTemplate__v0_slot00	27	unknown
0055b410	BFSpawnPointTemplate__v0_slot10	21	unknown
0055b430	FUN_0055b430	25	unknown
0055b450	FUN_0055b450	138	unknown
0055b4da	Catch@0055b4da	9	unknown
0055b4f0	FUN_0055b4f0	64	unknown
0055b530	FUN_0055b530	117	unknown
0055b5a5	Catch@0055b5a5	9	unknown
0055b5c0	BFSpawnPointTemplate__v0_slot15	57	unknown
0055b600	FUN_0055b600	55	unknown
0055b650	FUN_0055b650	428	unknown
0055b800	FUN_0055b800	671	unknown
0055bac0	BFSpawnPointTemplate__v0_slot05	90	unknown
0055bb20	FUN_0055bb20	34	unknown
0055bb50	FUN_0055bb50	185	unknown
0055bc10	FUN_0055bc10	183	unknown
0055bcd0	FUN_0055bcd0	361	unknown
0055be40	FUN_0055be40	121	unknown
0055bec0	BFSpawnPointTemplate__v0_slot14	52	unknown
0055bf00	FUN_0055bf00	111	unknown
0055bf70	FUN_0055bf70	6	unknown
0055bf80	FUN_0055bf80	25	unknown
0055bfa0	FUN_0055bfa0	27	unknown
0055bfc0	FUN_0055bfc0	67	unknown
0055c060	FUN_0055c060	31	unknown
0055c080	FUN_0055c080	89	unknown
0055c0e0	FUN_0055c0e0	43	unknown
0055c120	FUN_0055c120	138	unknown
0055c1aa	Catch@0055c1aa	9	unknown
0055c1c0	FUN_0055c1c0	122	unknown
0055c240	ORPHAN_CANDIDATE_0055c240	80	unknown
0055c290	FUN_0055c290	123	unknown
0055c3d0	FUN_0055c3d0	57	unknown
0055c410	FUN_0055c410	110	unknown
0055c47e	Catch@0055c47e	39	unknown
0055c4b0	FUN_0055c4b0	112	unknown
0055c520	Catch@0055c520	40	unknown
0055c620	FUN_0055c620	71	unknown
0055c670	FUN_0055c670	246	unknown
0055c780	FUN_0055c780	123	unknown
0055c800	FUN_0055c800	76	unknown
0055c850	FUN_0055c850	53	unknown
0055c890	FUN_0055c890	67	unknown
0055c8e0	FUN_0055c8e0	57	unknown
0055c920	FUN_0055c920	67	unknown
0055c970	FUN_0055c970	107	unknown
0055c9db	Catch@0055c9db	37	unknown
0055ca10	FUN_0055ca10	27	unknown
0055ca30	FUN_0055ca30	29	unknown
0055ca50	FUN_0055ca50	41	unknown
0055ca80	FUN_0055ca80	64	unknown
0055cac0	FUN_0055cac0	714	unknown
0055cc98	Catch@0055cc98	22	unknown
0055cd46	Catch@0055cd46	38	unknown
0055cde0	FUN_0055cde0	198	unknown
0055cea6	Catch@0055cea6	17	unknown
0055cec0	FUN_0055cec0	58	unknown
0055cf00	FUN_0055cf00	166	unknown
0055cfb0	FUN_0055cfb0	380	unknown
0055d130	FUN_0055d130	83	unknown
0055d190	FUN_0055d190	73	unknown
0055d1e0	FUN_0055d1e0	63	unknown
0055d220	ORPHAN_CANDIDATE_0055d220	324	unknown
0055d370	FUN_0055d370	60	unknown
0055d3b0	FUN_0055d3b0	110	unknown
0055d41e	Catch@0055d41e	33	unknown
0055d440	FUN_0055d440	103	unknown
0055d4b0	FUN_0055d4b0	107	unknown
0055d51b	Catch@0055d51b	33	unknown
0055d540	FUN_0055d540	27	unknown
0055d560	FUN_0055d560	22	unknown
0055d580	FUN_0055d580	43	unknown
0055d5b0	FUN_0055d5b0	715	unknown
0055d790	Catch@0055d790	22	unknown
0055d83e	Catch@0055d83e	38	unknown
0055d8d0	FUN_0055d8d0	107	unknown
0055d9c0	FUN_0055d9c0	130	unknown
0055da50	FUN_0055da50	147	unknown
0055daf0	FUN_0055daf0	7	unknown
0055db00	FUN_0055db00	125	unknown
0055db80	PhysicsNode__v0_slot37	4	unknown
0055db90	FUN_0055db90	8	unknown
0055dba0	FUN_0055dba0	14	unknown
0055dbb0	FUN_0055dbb0	162	unknown
0055dc60	FUN_0055dc60	104	unknown
0055dcc8	Catch@0055dcc8	9	unknown
0055dce0	FUN_0055dce0	107	unknown
0055dd4b	Catch@0055dd4b	9	unknown
0055dd60	FUN_0055dd60	86	unknown
0055ddc0	FUN_0055ddc0	101	unknown
0055de30	FUN_0055de30	92	unknown
0055de90	FUN_0055de90	43	unknown
0055ded0	FUN_0055ded0	111	unknown
0055df3f	Catch@0055df3f	9	unknown
0055df60	FUN_0055df60	117	unknown
0055dfd5	Catch@0055dfd5	9	unknown
0055dff0	FUN_0055dff0	109	unknown
0055e05d	Catch@0055e05d	9	unknown
0055e080	FUN_0055e080	138	unknown
0055e10a	Catch@0055e10a	9	unknown
0055e120	FUN_0055e120	111	unknown
0055e18f	Catch@0055e18f	9	unknown
0055e1b0	FUN_0055e1b0	138	unknown
0055e23a	Catch@0055e23a	9	unknown
0055e250	FUN_0055e250	43	unknown
0055e290	FUN_0055e290	81	unknown
0055e2f0	FUN_0055e2f0	102	unknown
0055e356	Catch@0055e356	9	unknown
0055e360	FUN_0055e360	104	unknown
0055e3c8	Catch@0055e3c8	9	unknown
0055e3e0	FUN_0055e3e0	118	unknown
0055e460	FUN_0055e460	117	unknown
0055e4e0	FUN_0055e4e0	106	unknown
0055e550	FUN_0055e550	29	unknown
0055e570	FUN_0055e570	27	unknown
0055e590	FUN_0055e590	72	unknown
0055e5e0	FUN_0055e5e0	33	unknown
0055e610	FUN_0055e610	229	unknown
0055e700	FUN_0055e700	85	unknown
0055e760	FUN_0055e760	85	unknown
0055e7c0	FUN_0055e7c0	37	unknown
0055e7f0	FUN_0055e7f0	131	unknown
0055e890	FUN_0055e890	126	unknown
0055e910	FUN_0055e910	38	unknown
0055e940	FUN_0055e940	29	unknown
0055e960	FUN_0055e960	151	unknown
0055ea00	FUN_0055ea00	61	unknown
0055ea40	FUN_0055ea40	97	unknown
0055eab0	FUN_0055eab0	25	unknown
0055ead0	FUN_0055ead0	47	unknown
0055eb00	FUN_0055eb00	53	unknown
0055eb40	FUN_0055eb40	428	unknown
0055ecf0	FUN_0055ecf0	534	unknown
0055ee56	Catch@0055ee56	9	unknown
0055ef20	FUN_0055ef20	228	unknown
0055f010	FUN_0055f010	302	unknown
0055f140	FUN_0055f140	30	unknown
0055f160	FUN_0055f160	280	unknown
0055f280	FUN_0055f280	136	unknown
0055f310	FUN_0055f310	279	unknown
0055f430	FUN_0055f430	199	unknown
0055f4fa	Catch@0055f4fa	9	unknown
0055f510	FUN_0055f510	185	unknown
0055f5d0	FUN_0055f5d0	199	unknown
0055f69a	Catch@0055f69a	9	unknown
0055f6b0	FUN_0055f6b0	361	unknown
0055f820	FUN_0055f820	183	unknown
0055f8e0	FUN_0055f8e0	105	unknown
0055f950	FUN_0055f950	183	unknown
0055fa10	FUN_0055fa10	530	unknown
0055fb70	Catch@0055fb70	9	unknown
0055fc40	FUN_0055fc40	148	unknown
0055fcd4	Catch@0055fcd4	17	unknown
0055fcf0	FUN_0055fcf0	121	unknown
0055fd70	FUN_0055fd70	90	unknown
0055fdd0	FUN_0055fdd0	131	unknown
0055fe60	FUN_0055fe60	73	unknown
0055feb0	FUN_0055feb0	31	unknown
0055fed0	FUN_0055fed0	50	unknown
0055ff10	FUN_0055ff10	183	unknown
0055ffd0	FUN_0055ffd0	81	unknown
00560030	FUN_00560030	401	unknown
005601d0	FUN_005601d0	147	unknown
00560270	FUN_00560270	144	unknown
00560300	FUN_00560300	177	unknown
005603c0	FUN_005603c0	166	unknown
00560470	FUN_00560470	520	unknown
00560690	FUN_00560690	167	unknown
00560740	FUN_00560740	107	unknown
005607b0	FUN_005607b0	5216	unknown
00561c20	FUN_00561c20	853	unknown
00561f80	FUN_00561f80	1281	unknown
00562490	FUN_00562490	22	unknown
005624b0	FUN_005624b0	131	unknown
00562540	FUN_00562540	185	unknown
00562600	FUN_00562600	142	unknown
00562690	FUN_00562690	104	unknown
00562710	FUN_00562710	197	unknown
005627f0	FUN_005627f0	232	unknown
005628e0	FUN_005628e0	1141	unknown
00562d60	FUN_00562d60	105	unknown
00562dd0	FUN_00562dd0	119	unknown
00562e50	FUN_00562e50	1147	unknown
005632d0	FUN_005632d0	45	unknown
00563300	FUN_00563300	7	unknown
00563310	FUN_00563310	7	unknown
00563320	FUN_00563320	7	unknown
00563330	FUN_00563330	7	unknown
00563340	FUN_00563340	91	unknown
005633a0	FUN_005633a0	81	unknown
00563400	FUN_00563400	56	unknown
00563440	FUN_00563440	56	unknown
00563480	FUN_00563480	43	unknown
005634b0	FUN_005634b0	43	unknown
005634e0	FUN_005634e0	918	unknown
005638d0	FUN_005638d0	121	unknown
00563950	FUN_00563950	35	unknown
00563980	FUN_00563980	35	unknown
005639b0	FUN_005639b0	71	unknown
00563a00	FUN_00563a00	123	unknown
00563e60	FUN_00563e60	92	unknown
00563ec0	FUN_00563ec0	120	unknown
00563f40	FUN_00563f40	131	unknown
00563fd0	FUN_00563fd0	30	unknown
00563ff0	FUN_00563ff0	30	unknown
00564010	FUN_00564010	30	unknown
00564030	FUN_00564030	30	unknown
00564050	FUN_00564050	27	unknown
00564070	FUN_00564070	18	unknown
00564090	FUN_00564090	22	unknown
005640b0	FUN_005640b0	30	unknown
005640d0	FUN_005640d0	46	unknown
00564100	FUN_00564100	102	unknown
00564170	FUN_00564170	180	unknown
00564230	FUN_00564230	46	unknown
00564260	FUN_00564260	102	unknown
005642d0	FUN_005642d0	97	unknown
00564340	FUN_00564340	145	unknown
005643e0	FUN_005643e0	59	unknown
00564420	FUN_00564420	55	unknown
00564460	FUN_00564460	101	unknown
005644d0	FUN_005644d0	47	unknown
00564500	FUN_00564500	130	unknown
00564590	FUN_00564590	189	unknown
00564650	FUN_00564650	189	unknown
00564710	FUN_00564710	73	unknown
00564760	FUN_00564760	39	unknown
00564790	FUN_00564790	69	unknown
005647e0	FUN_005647e0	69	unknown
00564830	FUN_00564830	145	unknown
005648d0	FUN_005648d0	154	unknown
00564980	FUN_00564980	51	unknown
005649c0	FUN_005649c0	76	unknown
00564a10	FUN_00564a10	59	unknown
00564a50	FUN_00564a50	55	unknown
00564a90	FUN_00564a90	34	unknown
00564ac0	FUN_00564ac0	134	unknown
00564b50	FUN_00564b50	149	unknown
00564bf0	FUN_00564bf0	114	unknown
00564c70	FUN_00564c70	201	unknown
00564d70	FUN_00564d70	89	unknown
00564dd0	FUN_00564dd0	117	unknown
00564e45	Catch@00564e45	9	unknown
00564e60	FUN_00564e60	428	unknown
00565010	FUN_00565010	117	unknown
00565090	FUN_00565090	55	unknown
005650d0	FUN_005650d0	81	unknown
00565130	FUN_00565130	84	unknown
00565190	FUN_00565190	185	unknown
00565250	FUN_00565250	153	unknown
005652f0	FUN_005652f0	27	unknown
00565370	FUN_00565370	13	unknown
00565380	FUN_00565380	29	unknown
005653a0	FUN_005653a0	29	unknown
005653c0	FUN_005653c0	30	unknown
005653e0	FUN_005653e0	20	unknown
00565400	FUN_00565400	32	unknown
00565420	BFSoldier__v0_slot16	5	unknown
00565430	BFSoldier__v0_slot14	5	unknown
00565440	Projectile__v0_slot05	104	unknown
005654b0	FUN_005654b0	10	unknown
005654c0	FUN_005654c0	48	unknown
005654f0	FUN_005654f0	67	unknown
00565540	FUN_00565540	67	unknown
00565590	FUN_00565590	201	unknown
00565660	FUN_00565660	193	unknown
00565730	FUN_00565730	221	unknown
00565810	FUN_00565810	107	unknown
0056587b	Catch@0056587b	9	unknown
00565890	Projectile__v0_slot40	174	unknown
00565980	FUN_00565980	106	unknown
005659f0	FUN_005659f0	38	unknown
00565a20	FUN_00565a20	102	unknown
00565a86	Catch@00565a86	9	unknown
00565a90	FUN_00565a90	104	unknown
00565af8	Catch@00565af8	9	unknown
00565b10	FUN_00565b10	25	unknown
00565b30	FUN_00565b30	293	unknown
00565c60	FUN_00565c60	149	unknown
00565d00	FUN_00565d00	136	unknown
00565d90	FUN_00565d90	124	unknown
00565e10	FUN_00565e10	653	unknown
005660a0	Projectile__v0_slot22	124	unknown
00566120	FUN_00566120	133	unknown
005661b0	FUN_005661b0	101	unknown
00566220	FUN_00566220	488	unknown
00566410	ProjectileTemplate__v0_slot04	6	unknown
00566420	ProjectileTemplate__v0_slot11	26	unknown
00566440	ProjectileTemplate__v116_slot00	8	unknown
00566450	ProjectileTemplate__v400_slot00	11	unknown
00566460	ProjectileTemplate__v0_slot01	14	unknown
00566470	ProjectileTemplate__v0_slot02	32	unknown
00566490	ProjectileTemplate__v400_slot01	11	unknown
005664a0	ProjectileTemplate__v400_slot02	11	unknown
005664b0	ProjectileTemplate__v0_slot00	27	unknown
005664d0	FUN_005664d0	27	unknown
005664f0	ClusterProjectile__v0_slot58	22	unknown
00566510	ClusterProjectile__v0_slot59	22	unknown
00566530	FUN_00566530	117	unknown
005665b0	FUN_005665b0	479	unknown
00566790	Projectile__v0_slot55	637	unknown
00566a10	Projectile__v0_slot18	465	unknown
00566bf0	FUN_00566bf0	93	unknown
00566c50	FUN_00566c50	83	unknown
00566cb0	FUN_00566cb0	234	unknown
00566da0	FUN_00566da0	41	unknown
00566dd0	FUN_00566dd0	29	unknown
00566df0	FUN_00566df0	200	unknown
00566ec0	ProjectileTemplate__v0_slot12	38	unknown
00566ef0	FUN_00566ef0	27	unknown
00566f10	FUN_00566f10	45	unknown
00566f40	FUN_00566f40	130	unknown
00566fd0	ClusterProjectile__v0_slot00	79	unknown
00567020	FUN_00567020	15	unknown
00567030	ClusterProjectile__v0_slot56	370	unknown
005671b0	Projectile__v0_slot00	56	unknown
005671f0	FUN_005671f0	119	unknown
00567270	ClusterProjectile__v0_slot20	287	unknown
00567390	Projectile__v0_slot20	1459	unknown
00567950	Projectile__v0_slot49	55	unknown
00567990	ProjectileTemplate__v0_slot22	66	unknown
005679e0	ProjectileTemplate__v0_slot13	96	unknown
00567a40	FUN_00567a40	530	unknown
00567ba0	Catch@00567ba0	9	unknown
00567c70	FUN_00567c70	661	unknown
00567e2e	Catch@00567e2e	9	unknown
00567f20	ClusterProjectileTemplate__v0_slot13	112	unknown
00567f90	FUN_00567f90	185	unknown
00568049	Catch@00568049	17	unknown
00568060	FUN_00568060	105	unknown
005680d0	FUN_005680d0	611	unknown
00568360	FUN_00568360	88	unknown
005683c0	FUN_005683c0	88	unknown
00568420	FUN_00568420	130	unknown
005684b0	FUN_005684b0	65	unknown
00568500	FUN_00568500	257	unknown
00568610	FUN_00568610	189	unknown
005686d0	ClusterProjectile__v0_slot57	1982	unknown
00568ea0	Projectile__v0_slot21	1663	unknown
00569520	FUN_00569520	69	unknown
00569570	Projectile__v0_slot04	53	unknown
005695b0	FUN_005695b0	494	unknown
005697a0	ClusterProjectileTemplate__v0_slot04	6	unknown
005697b0	ClusterProjectileTemplate__v0_slot11	38	unknown
005697e0	ClusterProjectileTemplate__v116_slot00	8	unknown
005697f0	ClusterProjectileTemplate__v400_slot00	11	unknown
00569800	ClusterProjectileTemplate__v0_slot12	44	unknown
00569830	ClusterProjectileTemplate__v0_slot00	27	unknown
00569850	FUN_00569850	319	unknown
005699b0	FUN_005699b0	13	unknown
005699d0	BFSpawnPointTemplate__v116_slot01	16	unknown
005699e0	FUN_005699e0	28	unknown
00569a00	FUN_00569a00	34	unknown
00569a30	BFSpawnPointTemplate__v0_slot30	33	unknown
00569a60	FUN_00569a60	13	unknown
00569a70	FUN_00569a70	8	unknown
00569a80	FUN_00569a80	30	unknown
00569aa0	BFSpawnPointTemplate__v0_slot28	56	unknown
00569ae0	FUN_00569ae0	111	unknown
00569b4f	Catch@00569b4f	9	unknown
00569b70	FUN_00569b70	105	unknown
00569bd9	Catch@00569bd9	9	unknown
00569bf0	FUN_00569bf0	117	unknown
00569c65	Catch@00569c65	9	unknown
00569c80	FUN_00569c80	44	unknown
00569cb0	FUN_00569cb0	428	unknown
00569e60	FUN_00569e60	48	unknown
00569e90	BFSpawnPointTemplate__v0_slot13	123	unknown
00569f10	BFSpawnPointTemplate__v0_slot27	222	unknown
00569ff0	BFSpawnPointTemplate__v0_slot25	324	unknown
0056a140	FUN_0056a140	185	unknown
0056a200	FUN_0056a200	530	unknown
0056a360	Catch@0056a360	9	unknown
0056a430	FUN_0056a430	360	unknown
0056a5b0	BFSpawnPointTemplate__v0_slot29	614	unknown
0056a820	FUN_0056a820	77	unknown
0056a870	FUN_0056a870	210	unknown
0056a950	FUN_0056a950	137	unknown
0056aa90	FUN_0056aa90	6	unknown
0056aaa0	FUN_0056aaa0	37	unknown
0056aad0	BFSpawnPointTemplate__v116_slot00	8	unknown
0056aae0	FUN_0056aae0	505	unknown
0056ace0	BFSpawnPointTemplate__v0_slot00	27	unknown
0056ad00	PlayerControlObjectTemplate__v428_slot62	7	unknown
0056ad10	FUN_0056ad10	134	unknown
0056ada0	FUN_0056ada0	67	unknown
0056adf0	FUN_0056adf0	774	unknown
0056b100	FUN_0056b100	269	unknown
0056b250	FUN_0056b250	184	unknown
0056b310	FUN_0056b310	7	unknown
0056b330	FUN_0056b330	7	unknown
0056b350	ResponsePhysics__v0_slot12	7	unknown
0056b360	PlayerControlObjectTemplate__v428_slot70	7	unknown
0056b3a0	PlayerControlObject__v0_slot55	7	unknown
0056b3b0	PlayerControlObject__v0_slot05	26	unknown
0056b3d0	PlayerControlObject__v0_slot06	46	unknown
0056b400	PlayerControlObject__v0_slot40	240	unknown
0056b520	PlayerControlObject__v344_slot25	13	unknown
0056b530	PlayerControlObject__v344_slot26	13	unknown
0056b540	PlayerControlObject__v344_slot27	37	unknown
0056b570	FUN_0056b570	13	unknown
0056b580	FUN_0056b580	44	unknown
0056b5b0	FUN_0056b5b0	24	unknown
0056b5d0	FUN_0056b5d0	135	unknown
0056b660	PlayerControlObject__v344_slot18	9	unknown
0056b670	PlayerControlObject__v344_slot19	118	unknown
0056b6f0	FUN_0056b6f0	36	unknown
0056b720	FUN_0056b720	36	unknown
0056b750	FUN_0056b750	32	unknown
0056b770	FUN_0056b770	32	unknown
0056b790	PlayerControlObjectTemplate__v0_slot33	73	unknown
0056b7e0	PlayerControlObjectTemplate__v0_slot04	6	unknown
0056b7f0	PlayerControlObjectTemplate__v0_slot13	11	unknown
0056b800	PlayerControlObjectTemplate__v0_slot11	26	unknown
0056b820	PlayerControlObject__v344_slot28	19	unknown
0056b840	FUN_0056b840	42	unknown
0056b870	PlayerControlObject__v0_slot57	24	unknown
0056b890	PlayerControlObject__v0_slot58	43	unknown
0056b8c0	FUN_0056b8c0	9	unknown
0056b8d0	FUN_0056b8d0	9	unknown
0056b8e0	FUN_0056b8e0	10	unknown
0056b8f0	FUN_0056b8f0	80	unknown
0056b940	FUN_0056b940	97	unknown
0056b9b0	PlayerControlObject__v0_slot56	22	unknown
0056b9d0	FUN_0056b9d0	111	unknown
0056ba3f	Catch@0056ba3f	9	unknown
0056ba60	FUN_0056ba60	105	unknown
0056bac9	Catch@0056bac9	9	unknown
0056bae0	PlayerControlObject__v344_slot11	419	unknown
0056bc90	PlayerControlObject__v0_slot21	229	unknown
0056bd80	FUN_0056bd80	61	unknown
0056bdd0	FUN_0056bdd0	160	unknown
0056be70	FUN_0056be70	114	unknown
0056bef0	PlayerControlObject__v344_slot16	57	unknown
0056bf30	PlayerControlObject__v0_slot20	1221	unknown
0056c400	PlayerControlObject__v344_slot15	26	unknown
0056c420	PlayerControlObject__v0_slot49	70	unknown
0056c470	PlayerControlObject__v344_slot09	966	unknown
0056c840	FUN_0056c840	1282	unknown
0056cd50	PlayerControlObject__v0_slot39	200	unknown
0056ce20	PlayerControlObject__v344_slot24	15	unknown
0056ce30	FUN_0056ce30	51	unknown
0056ce70	FUN_0056ce70	102	unknown
0056ced6	Catch@0056ced6	53	unknown
0056cf10	FUN_0056cf10	102	unknown
0056cf76	Catch@0056cf76	53	unknown
0056cfb0	FUN_0056cfb0	50	unknown
0056cff0	FUN_0056cff0	89	unknown
0056d060	FUN_0056d060	89	unknown
0056d0d0	FUN_0056d0d0	646	unknown
0056d370	FUN_0056d370	723	unknown
0056d650	PlayerControlObject__v344_slot10	1302	unknown
0056db70	FUN_0056db70	778	unknown
0056de80	PlayerControlObjectTemplate__v0_slot03	69	unknown
0056ded0	PlayerControlObjectTemplate__v428_slot06	21	unknown
0056def0	PlayerControlObjectTemplate__v428_slot07	7	unknown
0056df00	PlayerControlObjectTemplate__v428_slot09	7	unknown
0056df10	PlayerControlObjectTemplate__v428_slot12	24	unknown
0056df30	PlayerControlObjectTemplate__v428_slot13	24	unknown
0056df50	PlayerControlObjectTemplate__v428_slot15	7	unknown
0056df60	PlayerControlObjectTemplate__v428_slot18	13	unknown
0056df70	PlayerControlObjectTemplate__v428_slot19	7	unknown
0056df80	PlayerControlObjectTemplate__v428_slot24	13	unknown
0056df90	PlayerControlObjectTemplate__v428_slot25	7	unknown
0056dfa0	PlayerControlObjectTemplate__v428_slot26	13	unknown
0056dfb0	PlayerControlObjectTemplate__v428_slot27	7	unknown
0056dfc0	PlayerControlObjectTemplate__v428_slot28	13	unknown
0056dfd0	PlayerControlObjectTemplate__v428_slot29	7	unknown
0056dfe0	PlayerControlObjectTemplate__v428_slot35	7	unknown
0056dff0	PlayerControlObjectTemplate__v428_slot37	7	unknown
0056e000	PlayerControlObjectTemplate__v428_slot39	7	unknown
0056e010	PlayerControlObjectTemplate__v428_slot43	7	unknown
0056e020	PlayerControlObjectTemplate__v428_slot44	13	unknown
0056e030	PlayerControlObjectTemplate__v428_slot45	7	unknown
0056e040	PlayerControlObjectTemplate__v428_slot46	51	unknown
0056e080	PlayerControlObjectTemplate__v428_slot47	13	unknown
0056e090	PlayerControlObjectTemplate__v428_slot48	7	unknown
0056e0a0	PlayerControlObjectTemplate__v428_slot49	13	unknown
0056e0b0	PlayerControlObjectTemplate__v428_slot50	7	unknown
0056e0c0	PlayerControlObjectTemplate__v428_slot51	13	unknown
0056e0d0	PlayerControlObjectTemplate__v428_slot52	7	unknown
0056e0e0	PlayerControlObjectTemplate__v428_slot53	13	unknown
0056e0f0	PlayerControlObjectTemplate__v428_slot54	7	unknown
0056e100	PlayerControlObjectTemplate__v428_slot56	7	unknown
0056e110	PlayerControlObjectTemplate__v428_slot57	13	unknown
0056e120	PlayerControlObjectTemplate__v428_slot58	7	unknown
0056e130	PlayerControlObjectTemplate__v428_slot59	13	unknown
0056e140	PlayerControlObjectTemplate__v428_slot60	7	unknown
0056e150	PlayerControlObjectTemplate__v428_slot63	13	unknown
0056e160	PlayerControlObjectTemplate__v428_slot64	7	unknown
0056e170	PlayerControlObjectTemplate__v0_slot35	7	unknown
0056e180	PlayerControlObjectTemplate__v0_slot36	13	unknown
0056e190	PlayerControlObjectTemplate__v0_slot37	7	unknown
0056e1a0	PlayerControlObjectTemplate__v428_slot65	26	unknown
0056e1c0	PlayerControlObjectTemplate__v428_slot67	26	unknown
0056e1e0	PlayerControlObjectTemplate__v428_slot71	13	unknown
0056e1f0	PlayerControlObjectTemplate__v428_slot72	7	unknown
0056e200	PlayerControlObjectTemplate__v0_slot38	13	unknown
0056e210	PlayerControlObjectTemplate__v0_slot39	7	unknown
0056e220	PlayerControlObjectTemplate__v428_slot73	25	unknown
0056e240	PlayerControlObjectTemplate__v428_slot74	7	unknown
0056e250	PlayerControlObjectTemplate__v116_slot00	8	unknown
0056e260	PlayerControlObjectTemplate__v400_slot00	11	unknown
0056e270	PlayerControlObjectTemplate__v400_slot03	11	unknown
0056e280	PlayerControlObjectTemplate__v428_slot00	11	unknown
0056e290	PlayerControlObjectTemplate__v428_slot03	11	unknown
0056e2a0	PlayerControlObjectTemplate__v0_slot01	14	unknown
0056e2b0	PlayerControlObjectTemplate__v0_slot02	32	unknown
0056e2d0	PlayerControlObjectTemplate__v400_slot01	11	unknown
0056e2e0	PlayerControlObjectTemplate__v400_slot02	11	unknown
0056e2f0	PlayerControlObjectTemplate__v428_slot01	11	unknown
0056e300	PlayerControlObjectTemplate__v428_slot02	11	unknown
0056e310	PlayerControlObjectTemplate__v428_slot11	43	unknown
0056e340	PlayerControlObjectTemplate__v428_slot17	43	unknown
0056e370	PlayerControlObjectTemplate__v428_slot21	43	unknown
0056e3a0	PlayerControlObjectTemplate__v428_slot33	43	unknown
0056e3d0	PlayerControlObjectTemplate__v428_slot41	43	unknown
0056e400	PlayerControlObjectTemplate__v428_slot10	40	unknown
0056e430	PlayerControlObjectTemplate__v428_slot16	40	unknown
0056e460	PlayerControlObjectTemplate__v428_slot20	40	unknown
0056e490	PlayerControlObjectTemplate__v428_slot32	40	unknown
0056e4c0	PlayerControlObjectTemplate__v428_slot40	40	unknown
0056e4f0	PlayerControlObjectTemplate__v0_slot00	27	unknown
0056e510	FUN_0056e510	271	unknown
0056e640	FUN_0056e640	76	unknown
0056e690	PlayerControlObjectTemplate__v0_slot32	19	unknown
0056e6b0	FUN_0056e6b0	443	unknown
0056e880	FUN_0056e880	129	unknown
0056e9c0	PlayerControlObject__v0_slot03	49	unknown
0056ea00	PlayerControlObject__v344_slot08	4	unknown
0056ea10	PlayerControlObject__v344_slot13	16	unknown
0056ea20	PlayerControlObject__v344_slot23	4	unknown
0056ea30	FUN_0056ea30	21	unknown
0056ea50	PlayerControlObject__v344_slot00	11	unknown
0056ea60	PlayerControlObject__v344_slot03	11	unknown
0056ea70	PlayerControlObject__v344_slot22	19	unknown
0056ea90	PlayerControlObject__v344_slot20	13	unknown
0056eaa0	PlayerControlObject__v344_slot21	78	unknown
0056eaf0	FUN_0056eaf0	418	unknown
0056eca0	PlayerControlObject__v0_slot00	27	unknown
0056ecc0	PlayerControlObjectTemplate__v0_slot12	34	unknown
0056ecf0	FUN_0056ecf0	889	unknown
0056f090	PlayerControlObject__v0_slot04	287	unknown
0056f1b0	FUN_0056f1b0	31	unknown
0056f1d0	FUN_0056f1d0	62	unknown
0056f210	FUN_0056f210	68	unknown
0056f260	FUN_0056f260	102	unknown
0056f2d0	FUN_0056f2d0	37	unknown
0056f300	FUN_0056f300	31	unknown
0056f320	FUN_0056f320	7	unknown
0056f330	FUN_0056f330	8	unknown
0056f340	FUN_0056f340	21	unknown
0056f360	FUN_0056f360	45	unknown
0056f390	FUN_0056f390	117	unknown
0056f405	Catch@0056f405	9	unknown
0056f420	FUN_0056f420	138	unknown
0056f4aa	Catch@0056f4aa	9	unknown
0056f4c0	FUN_0056f4c0	138	unknown
0056f54a	Catch@0056f54a	9	unknown
0056f560	FUN_0056f560	43	unknown
0056f5a0	FUN_0056f5a0	113	unknown
0056f620	FUN_0056f620	191	unknown
0056f6f0	FUN_0056f6f0	167	unknown
0056f7a0	FUN_0056f7a0	47	unknown
0056f7d0	FUN_0056f7d0	428	unknown
0056f980	FUN_0056f980	730	unknown
0056fc60	FUN_0056fc60	123	unknown
0056fce0	FUN_0056fce0	185	unknown
0056fda0	FUN_0056fda0	183	unknown
0056fe60	FUN_0056fe60	117	unknown
0056fed5	Catch@0056fed5	9	unknown
0056fef0	FUN_0056fef0	1120	unknown
00570350	FUN_00570350	488	unknown
00570540	FUN_00570540	428	unknown
005706f0	FUN_005706f0	75	unknown
00570750	FUN_00570750	185	unknown
00570810	FUN_00570810	161	unknown
00570910	Projectile__v0_slot03	37	unknown
00570940	FUN_00570940	69	unknown
0057098f	FUN_0057098f	245	unknown
00570a90	FUN_00570a90	70	unknown
00570ae0	FUN_00570ae0	183	unknown
00570ba0	FUN_00570ba0	705	unknown
00570e70	FUN_00570e70	27	unknown
00570e90	FUN_00570e90	32	unknown
00570ec0	FUN_00570ec0	235	unknown
00570fb0	FUN_00570fb0	6	unknown
00570fc0	FUN_00570fc0	45	unknown
00570ff0	FUN_00570ff0	8	unknown
00571000	FUN_00571000	34	unknown
00571030	FUN_00571030	51	unknown
00571070	FUN_00571070	39	unknown
005710a0	FUN_005710a0	29	unknown
005710c0	FUN_005710c0	71	unknown
00571110	HandFireArms__v0_slot63	50	unknown
00571150	HandFireArms__v0_slot64	42	unknown
00571180	FUN_00571180	698	unknown
00571440	HandFireArms__v0_slot19	259	unknown
00571550	FUN_00571550	168	unknown
00571610	thunk_FUN_00571550	5	unknown
00571620	HandFireArms__v0_slot61	84	unknown
00571680	FUN_00571680	81	unknown
005716e0	FUN_005716e0	28	unknown
00571700	FUN_00571700	10	unknown
00571710	FUN_00571710	13	unknown
00571720	FUN_00571720	7	unknown
00571730	FUN_00571730	37	unknown
00571760	FUN_00571760	35	unknown
00571790	FUN_00571790	33	unknown
005717c0	FUN_005717c0	13	unknown
005717d0	FUN_005717d0	99	unknown
00571840	FUN_00571840	35	unknown
00571870	FUN_00571870	35	unknown
005718a0	FUN_005718a0	43	unknown
005718d0	FUN_005718d0	35	unknown
00571900	FUN_00571900	43	unknown
00571930	FUN_00571930	35	unknown
00571960	FUN_00571960	35	unknown
00571990	FUN_00571990	43	unknown
005719c0	FUN_005719c0	36	unknown
005719f0	FUN_005719f0	62	unknown
00571a30	FUN_00571a30	61	unknown
00571a70	FUN_00571a70	66	unknown
00571ac0	FUN_00571ac0	206	unknown
00571b90	FUN_00571b90	42	unknown
00571bc0	FUN_00571bc0	135	unknown
00571c50	FUN_00571c50	437	unknown
00571e10	FUN_00571e10	25	unknown
00571e30	FUN_00571e30	391	unknown
00571fc0	HandFireArms__v0_slot55	111	unknown
00572030	HandFireArms__v0_slot56	9	unknown
00572040	HandFireArms__v0_slot60	184	unknown
00572100	FUN_00572100	66	unknown
00572150	FUN_00572150	257	unknown
00572260	FUN_00572260	238	unknown
00572350	FUN_00572350	336	unknown
005724a0	FUN_005724a0	433	unknown
00572660	FUN_00572660	230	unknown
00572750	FUN_00572750	213	unknown
00572830	FUN_00572830	95	unknown
00572890	FUN_00572890	50	unknown
005728d0	FUN_005728d0	585	unknown
00572b20	FUN_00572b20	313	unknown
00572c70	FUN_00572c70	598	unknown
00572ed0	FUN_00572ed0	802	unknown
00573200	HandFireArmsTemplate__v0_slot13	484	unknown
00573400	HandFireArms__v0_slot49	55	unknown
00573440	FUN_00573440	846	unknown
00573790	FUN_00573790	530	unknown
005738f0	Catch@005738f0	9	unknown
005739c0	FUN_005739c0	318	unknown
00573b20	ControlPoint__v0_slot03	49	unknown
00573b60	HandFireArms__v0_slot58	7	unknown
00573b70	HandFireArms__v0_slot59	7	unknown
00573b80	HandFireArms__v0_slot62	25	unknown
00573ba0	FUN_00573ba0	11	unknown
00573bb0	FUN_00573bb0	14	unknown
00573bc0	FUN_00573bc0	32	unknown
00573be0	FUN_00573be0	11	unknown
00573bf0	FUN_00573bf0	11	unknown
00573c00	FUN_00573c00	1354	unknown
00574150	FUN_00574150	27	unknown
00574170	FUN_00574170	1549	unknown
005747a0	FUN_005747a0	2550	unknown
005751a0	FUN_005751a0	1145	unknown
00575620	ControlPointTemplate__v0_slot03	83	unknown
00575680	FUN_00575680	6	unknown
00575690	FUN_00575690	38	unknown
005756c0	FUN_005756c0	8	unknown
005756d0	FUN_005756d0	11	unknown
005756e0	ControlPointTemplate__v400_slot03	11	unknown
005756f0	FUN_005756f0	27	unknown
00575710	FUN_00575710	631	unknown
005759c0	FUN_005759c0	1134	unknown
00575e30	FUN_00575e30	810	unknown
00576160	FUN_00576160	2561	unknown
00576b70	FUN_00576b70	426	unknown
00576d20	FUN_00576d20	330	unknown
00576e70	FUN_00576e70	944	unknown
00577220	FUN_00577220	312	unknown
00577360	FUN_00577360	81	unknown
005773c0	FUN_005773c0	1489	unknown
005779a0	HandFireArms__v0_slot04	123	unknown
00577a20	HandFireArms__v0_slot20	3952	unknown
005789a0	HandFireArms__v0_slot40	2321	unknown
005792f0	FUN_005792f0	34	unknown
00579320	FUN_00579320	41	unknown
00579350	FUN_00579350	25	unknown
00579370	FUN_00579370	302	unknown
005794a0	FUN_005794a0	82	unknown
00579500	FUN_00579500	543	unknown
00579730	FUN_00579730	427	unknown
005798e0	FUN_005798e0	278	unknown
00579a00	FUN_00579a00	278	unknown
00579b20	FUN_00579b20	625	unknown
00579da0	FUN_00579da0	206	unknown
00579e80	FUN_00579e80	67	unknown
00579ed0	FUN_00579ed0	27	unknown
00579ef0	FUN_00579ef0	72	unknown
00579f40	FUN_00579f40	247	unknown
0057a040	FUN_0057a040	672	unknown
0057a2f0	FUN_0057a2f0	512	unknown
0057a4f0	FUN_0057a4f0	333	unknown
0057a640	FUN_0057a640	6	unknown
0057a650	FUN_0057a650	45	unknown
0057a680	FUN_0057a680	8	unknown
0057a690	FUN_0057a690	34	unknown
0057a6c0	FUN_0057a6c0	27	unknown
0057a6e0	FUN_0057a6e0	440	unknown
0057a8c0	FUN_0057a8c0	467	unknown
0057aaa0	FUN_0057aaa0	268	unknown
0057abb0	FUN_0057abb0	13	unknown
0057abc0	FUN_0057abc0	25	unknown
0057abe0	FUN_0057abe0	25	unknown
0057ac00	FUN_0057ac00	24	unknown
0057ac20	ControlPoint__v344_slot00	11	unknown
0057ac30	ControlPoint__v344_slot03	11	unknown
0057ac40	ControlPoint__v0_slot00	60	unknown
0057ac80	FUN_0057ac80	216	unknown
0057ad60	FUN_0057ad60	212	unknown
0057ae40	FUN_0057ae40	104	unknown
0057aeb0	FUN_0057aeb0	214	unknown
0057af90	FUN_0057af90	155	unknown
0057b030	FUN_0057b030	33	unknown
0057b060	ControlPoint__v0_slot49	55	unknown
0057b0a0	FUN_0057b0a0	188	unknown
0057b160	ControlPointTemplate__v0_slot13	91	unknown
0057b1c0	ControlPoint__v0_slot04	114	unknown
0057b240	ControlPoint__v0_slot20	921	unknown
0057b5e0	FUN_0057b5e0	360	unknown
0057b760	FUN_0057b760	311	unknown
0057b8a0	ControlPointTemplate__v0_slot04	6	unknown
0057b8b0	ControlPointTemplate__v0_slot11	38	unknown
0057b8e0	ControlPointTemplate__v116_slot00	8	unknown
0057b8f0	ControlPointTemplate__v400_slot00	11	unknown
0057b900	ControlPointTemplate__v0_slot12	34	unknown
0057b930	ControlPointTemplate__v0_slot00	27	unknown
0057b950	FUN_0057b950	79	unknown
0057b9f0	FUN_0057b9f0	57	unknown
0057ba30	SpringNetworkable__v0_slot04	133	unknown
0057bac0	SpringNetworkable__v0_slot06	161	unknown
0057bb70	FUN_0057bb70	410	unknown
0057bd10	FUN_0057bd10	200	unknown
0057bde0	SpringNetworkable__v0_slot07	228	unknown
0057bed0	SpringNetworkable__v0_slot08	524	unknown
0057c0e0	FUN_0057c0e0	126	unknown
0057c160	FUN_0057c160	16	unknown
0057c170	ControlPoint__v0_slot05	74	unknown
0057c1c0	Projectile__v0_slot06	72	unknown
0057c210	BFSoldier__v0_slot10	885	unknown
0057c590	BFSoldier__v0_slot37	56	unknown
0057c5d0	BFSoldier__v0_slot34	27	unknown
0057c5f0	BFSpawnPoint__v0_slot42	13	unknown
0057c600	BFSoldier__v0_slot41	7	unknown
0057c610	BFSoldier__v0_slot43	7	unknown
0057c620	BFSoldier__v0_slot44	13	unknown
0057c630	BFSoldier__v0_slot47	7	unknown
0057c640	BFSoldier__v0_slot48	13	unknown
0057c650	FUN_0057c650	44	unknown
0057c680	BFSoldier__v0_slot22	113	unknown
0057c700	BFSoldier__v0_slot27	87	unknown
0057c760	BFSoldier__v0_slot13	60	unknown
0057c7a0	BFSoldier__v0_slot29	84	unknown
0057c800	BFSoldier__v0_slot15	60	unknown
0057c840	FUN_0057c840	90	unknown
0057c8a0	BFSoldier__v0_slot09	172	unknown
0057c950	FUN_0057c950	210	unknown
0057ca30	BFSoldier__v0_slot14	300	unknown
0057cb60	BFSoldier__v0_slot16	258	unknown
0057cc70	BFSoldier__v0_slot28	46	unknown
0057cca0	BFSoldier__v0_slot30	40	unknown
0057ccd0	BFSoldier__v0_slot17	406	unknown
0057ce70	FUN_0057ce70	449	unknown
0057d040	FUN_0057d040	215	unknown
0057d140	FUN_0057d140	291	unknown
0057d270	BFSoldier__v0_slot12	83	unknown
0057d2d0	BFSoldier__v0_slot32	238	unknown
0057d3c0	BFSoldier__v0_slot33	241	unknown
0057d4c0	BFSoldier__v0_slot35	110	unknown
0057d530	BFSoldier__v0_slot36	129	unknown
0057d5c0	FUN_0057d5c0	20	unknown
0057d5e0	BFSoldier__v0_slot26	758	unknown
0057d8e0	FUN_0057d8e0	90	unknown
0057d940	FUN_0057d940	120	unknown
0057da10	BFSoldier__v0_slot45	5	unknown
0057da20	BFSoldier__v0_slot52	40	unknown
0057da50	BFSoldier__v0_slot08	411	unknown
0057dbf0	FUN_0057dbf0	371	unknown
0057dd70	FUN_0057dd70	27	unknown
0057dd90	BotManager__v4_slot10	7	unknown
0057ddb0	FUN_0057ddb0	7	unknown
0057ddc0	BFSoldier__v0_slot54	101	unknown
0057de30	PlayerControlObject__v0_slot53	49	unknown
0057de70	BFSpawnPoint__v0_slot40	189	unknown
0057df30	FUN_0057df30	60	unknown
0057df70	SpawnPoint__v0_slot04	126	unknown
0057dff0	FUN_0057dff0	78	unknown
0057e050	FUN_0057e050	128	unknown
0057e0d0	BFSpawnPoint__v0_slot20	596	unknown
0057e330	FUN_0057e330	584	unknown
0057e580	BFSpawnPoint__v0_slot49	55	unknown
0057e5c0	ControlPoint__v0_slot21	754	unknown
0057e8c0	FUN_0057e8c0	30	unknown
0057e900	PointPhysicsNode__v0_slot60	4	unknown
0057e910	FUN_0057e910	37	unknown
0057e940	FUN_0057e940	37	unknown
0057eb60	FUN_0057eb60	54	unknown
0057eba0	FUN_0057eba0	54	unknown
0057ebe0	FUN_0057ebe0	54	unknown
0057ec20	FUN_0057ec20	6	unknown
0057ec30	FUN_0057ec30	82	unknown
0057ec90	FUN_0057ec90	6	unknown
0057eca0	FUN_0057eca0	82	unknown
0057ed00	FUN_0057ed00	6	unknown
0057ed10	FUN_0057ed10	82	unknown
0057ed70	FUN_0057ed70	82	unknown
0057ee30	FUN_0057ee30	6	unknown
0057ee40	FUN_0057ee40	35	unknown
0057ee70	FUN_0057ee70	6	unknown
0057ee80	FUN_0057ee80	35	unknown
0057eeb0	FUN_0057eeb0	6	unknown
0057eec0	FUN_0057eec0	35	unknown
0057eef0	FUN_0057eef0	35	unknown
0057ef20	FUN_0057ef20	6	unknown
0057ef30	FUN_0057ef30	6	unknown
0057ef40	FUN_0057ef40	82	unknown
0057efa0	FUN_0057efa0	26	unknown
0057efc0	FUN_0057efc0	82	unknown
0057f020	FUN_0057f020	35	unknown
0057f050	FUN_0057f050	6	unknown
0057f060	FUN_0057f060	6	unknown
0057f070	FUN_0057f070	82	unknown
0057f0d0	FUN_0057f0d0	35	unknown
0057f100	FUN_0057f100	30	unknown
0057f120	FUN_0057f120	48	unknown
0057f150	FUN_0057f150	41	unknown
0057f180	FUN_0057f180	148	unknown
0057f220	FUN_0057f220	148	unknown
0057f2c0	FUN_0057f2c0	97	unknown
0057f330	FUN_0057f330	148	unknown
0057f3d0	FUN_0057f3d0	183	unknown
0057f490	FUN_0057f490	148	unknown
0057f530	FUN_0057f530	148	unknown
0057f5d0	FUN_0057f5d0	183	unknown
0057f690	FUN_0057f690	148	unknown
0057f730	FUN_0057f730	58	unknown
0057f770	FUN_0057f770	152	unknown
0057f810	FUN_0057f810	12	unknown
0057f820	FUN_0057f820	38	unknown
0057f850	FUN_0057f850	152	unknown
0057f8f0	FUN_0057f8f0	12	unknown
0057f900	FUN_0057f900	38	unknown
0057f930	FUN_0057f930	152	unknown
0057f9d0	FUN_0057f9d0	152	unknown
0057fa70	FUN_0057fa70	224	unknown
0057fb60	FUN_0057fb60	224	unknown
0057fc50	FUN_0057fc50	174	unknown
0057fd00	FUN_0057fd00	74	unknown
0057fd50	FUN_0057fd50	94	unknown
0057fdb0	FUN_0057fdb0	148	unknown
0057fe50	FUN_0057fe50	94	unknown
0057feb0	FUN_0057feb0	174	unknown
0057ff60	FUN_0057ff60	8	unknown
0057ff70	FUN_0057ff70	45	unknown
0057ffa0	FUN_0057ffa0	182	unknown
00580070	FUN_00580070	148	unknown
00580110	FUN_00580110	179	unknown
005801d0	FUN_005801d0	94	unknown
00580230	BBPAirLift__v0_slot00	5	unknown
00580240	FUN_00580240	152	unknown
005802e0	FUN_005802e0	152	unknown
00580380	FUN_00580380	152	unknown
00580420	FUN_00580420	46	unknown
00580450	FUN_00580450	152	unknown
005804f0	FUN_005804f0	152	unknown
00580590	FUN_00580590	46	unknown
005805c0	FUN_005805c0	110	unknown
00580630	FUN_00580630	174	unknown
005806e0	FUN_005806e0	110	unknown
00580750	FUN_00580750	174	unknown
00580800	FUN_00580800	8	unknown
00580810	FUN_00580810	45	unknown
00580840	FUN_00580840	198	unknown
00580920	FUN_00580920	1340	unknown
00580e60	thunk_FUN_00580920	5	unknown
00580e70	FUN_00580e70	66	unknown
00580ec0	FUN_00580ec0	94	unknown
00580f20	FUN_00580f20	167	unknown
00580fd0	FUN_00580fd0	18	unknown
00580ff0	FUN_00580ff0	8	unknown
00581000	FUN_00581000	56	unknown
00581040	FUN_00581040	68	unknown
00581090	FUN_00581090	6	unknown
005810a0	FUN_005810a0	37	unknown
005810d0	FUN_005810d0	26	unknown
005810f0	FUN_005810f0	44	unknown
00581120	FUN_00581120	65	unknown
00581170	FUN_00581170	47	unknown
005811d0	FUN_005811d0	66	unknown
00581220	FUN_00581220	211	unknown
00581300	FUN_00581300	93	unknown
00581370	FUN_00581370	140	unknown
00581400	FUN_00581400	33	unknown
00581430	FUN_00581430	314	unknown
00581570	FUN_00581570	525	unknown
00581780	FUN_00581780	309	unknown
005818d0	FUN_005818d0	53	unknown
00581910	FUN_00581910	53	unknown
00581950	FUN_00581950	55	unknown
00581990	FUN_00581990	55	unknown
005819d0	FUN_005819d0	41	unknown
00581a00	FUN_00581a00	58	unknown
00581a40	FUN_00581a40	33	unknown
00581a70	FUN_00581a70	27	unknown
00581a90	FUN_00581a90	530	unknown
00581bf0	Catch@00581bf0	9	unknown
00581cc0	FUN_00581cc0	110	unknown
00581d30	FUN_00581d30	6	unknown
00581d40	FUN_00581d40	26	unknown
00581d60	FUN_00581d60	8	unknown
00581d70	FUN_00581d70	11	unknown
00581d80	FUN_00581d80	44	unknown
00581db0	FUN_00581db0	40	unknown
00581de0	FUN_00581de0	77	unknown
00581e30	FUN_00581e30	175	unknown
00581ee0	FUN_00581ee0	26	unknown
00581f00	FUN_00581f00	176	unknown
00581fb0	FUN_00581fb0	35	unknown
00581fe0	FUN_00581fe0	80	unknown
00582030	BFSoldier__v0_slot42	156	unknown
005820d0	ControlPoint__v0_slot40	365	unknown
00582240	FUN_00582240	43	unknown
00582280	FUN_00582280	138	unknown
0058230a	Catch@0058230a	9	unknown
00582320	FUN_00582320	117	unknown
00582395	Catch@00582395	9	unknown
005823b0	SpawnPointManager__v0_slot06	44	unknown
005823e0	FUN_005823e0	183	unknown
005824a0	FUN_005824a0	428	unknown
00582650	SpawnPointManager__v0_slot05	102	unknown
005826c0	FUN_005826c0	185	unknown
00582780	FUN_00582780	361	unknown
005828f0	FUN_005828f0	80	unknown
00582960	SpawnPointManager__v0_slot03	37	unknown
00582990	FUN_00582990	121	unknown
00582a10	FUN_00582a10	63	unknown
00582a50	SpawnPointManager__v0_slot00	27	unknown
00582a70	SpawnPointManager__v0_slot04	70	unknown
00582ac0	FUN_00582ac0	4	unknown
00582ad0	FUN_00582ad0	20	unknown
00582af0	FUN_00582af0	6	unknown
00582b00	FUN_00582b00	107	unknown
00582b6b	Catch@00582b6b	9	unknown
00582b80	FUN_00582b80	86	unknown
00582be0	FUN_00582be0	111	unknown
00582c4f	Catch@00582c4f	9	unknown
00582c70	FUN_00582c70	105	unknown
00582cd9	Catch@00582cd9	9	unknown
00582cf0	FUN_00582cf0	23	unknown
00582d10	FUN_00582d10	102	unknown
00582d76	Catch@00582d76	9	unknown
00582d80	FUN_00582d80	24	unknown
00582da0	FUN_00582da0	123	unknown
00582e20	FUN_00582e20	27	unknown
00582e40	FUN_00582e40	163	unknown
00582ef0	FUN_00582ef0	38	unknown
00582f20	FUN_00582f20	95	unknown
00582f80	FUN_00582f80	362	unknown
005830f0	FUN_005830f0	534	unknown
00583256	Catch@00583256	9	unknown
00583320	FUN_00583320	196	unknown
005833f0	FUN_005833f0	105	unknown
00583460	FUN_00583460	61	unknown
005834a0	FUN_005834a0	98	unknown
00583510	FUN_00583510	77	unknown
00583560	FUN_00583560	98	unknown
005835d0	FUN_005835d0	294	unknown
00583700	FUN_00583700	367	unknown
00583870	FUN_00583870	47	unknown
005838a0	FUN_005838a0	40	unknown
005838d0	FUN_005838d0	367	unknown
00583a40	FUN_00583a40	233	unknown
00583b30	FUN_00583b30	277	unknown
00583c50	FUN_00583c50	223	unknown
00583d30	FUN_00583d30	282	unknown
00583e50	FUN_00583e50	942	unknown
00584200	FUN_00584200	398	unknown
00584390	FUN_00584390	100	unknown
00584400	FUN_00584400	133	unknown
00584490	FUN_00584490	162	unknown
00584540	FUN_00584540	99	unknown
005845b0	FUN_005845b0	48	unknown
005845e0	FUN_005845e0	56	unknown
00584620	FUN_00584620	115	unknown
005846a0	FUN_005846a0	83	unknown
00584700	FUN_00584700	37	unknown
00584730	FUN_00584730	27	unknown
00584750	FUN_00584750	564	unknown
00584990	FUN_00584990	107	unknown
00584a00	FUN_00584a00	45	unknown
00584a30	FUN_00584a30	92	unknown
00584a90	FUN_00584a90	130	unknown
00584b20	FUN_00584b20	99	unknown
00584b90	FUN_00584b90	115	unknown
00584c10	FUN_00584c10	107	unknown
00584c80	FUN_00584c80	77	unknown
00584cd0	FUN_00584cd0	236	unknown
00584dd0	FUN_00584dd0	31	unknown
00584df0	FUN_00584df0	53	unknown
00584e30	FUN_00584e30	72	unknown
00584e80	FUN_00584e80	36	unknown
00584eb0	FUN_00584eb0	193	unknown
00584f80	FUN_00584f80	144	unknown
00585010	FUN_00585010	125	unknown
00585090	FUN_00585090	135	unknown
00585120	FUN_00585120	573	unknown
00585360	FUN_00585360	405	unknown
00585500	FUN_00585500	67	unknown
00585550	FUN_00585550	291	unknown
00585680	FUN_00585680	114	unknown
00585700	FUN_00585700	110	unknown
00585770	FUN_00585770	40	unknown
005857a0	FUN_005857a0	32	unknown
005857c0	FUN_005857c0	42	unknown
005857f0	FUN_005857f0	34	unknown
00585820	FUN_00585820	25	unknown
00585840	FUN_00585840	26	unknown
00585860	FUN_00585860	111	unknown
005858cf	Catch@005858cf	9	unknown
005858f0	FUN_005858f0	105	unknown
00585959	Catch@00585959	9	unknown
00585970	FUN_00585970	115	unknown
005859f0	FUN_005859f0	104	unknown
00585a60	FUN_00585a60	100	unknown
00585ad0	FUN_00585ad0	45	unknown
00585b00	FUN_00585b00	45	unknown
00585b30	FUN_00585b30	143	unknown
00585bc0	FUN_00585bc0	82	unknown
00585c20	FUN_00585c20	134	unknown
00585cb0	FUN_00585cb0	131	unknown
00585d40	FUN_00585d40	51	unknown
00585d80	FUN_00585d80	109	unknown
00585ded	Catch@00585ded	9	unknown
00585e10	FUN_00585e10	90	unknown
00585e70	FUN_00585e70	180	unknown
00585f30	FUN_00585f30	89	unknown
00585f90	FUN_00585f90	361	unknown
00586100	FUN_00586100	269	unknown
00586220	FUN_00586220	112	unknown
00586290	FUN_00586290	209	unknown
00586370	FUN_00586370	139	unknown
00586400	FUN_00586400	30	unknown
005864c0	FUN_005864c0	37	unknown
005864f0	FUN_005864f0	6	unknown
00586500	AIObjectSecondaryReal__v0_slot38	10	unknown
00586510	FUN_00586510	183	unknown
005865d0	FUN_005865d0	27	unknown
005865f0	FUN_005865f0	6	unknown
00586600	FUN_00586600	34	unknown
00586630	FUN_00586630	45	unknown
00586660	FUN_00586660	33	unknown
005866d0	FUN_005866d0	44	unknown
00586700	PlayerControlObjectTemplate__v400_slot07	56	unknown
00586740	FUN_00586740	69	unknown
00586790	FUN_00586790	53	unknown
005867d0	PlayerControlObjectTemplate__v400_slot09	51	unknown
00586810	FUN_00586810	100	unknown
00586880	FUN_00586880	135	unknown
00586910	PlayerControlObjectTemplate__v400_slot05	79	unknown
00586960	FUN_00586960	51	unknown
005869a0	FUN_005869a0	118	unknown
00586a20	FUN_00586a20	90	unknown
00586a80	PlayerControlObjectTemplate__v400_slot08	98	unknown
00586af0	FUN_00586af0	363	unknown
00586c70	PlayerControlObjectTemplate__v0_slot31	358	unknown
00586de0	FUN_00586de0	673	unknown
00587090	FUN_00587090	38	unknown
005870c0	FUN_005870c0	81	unknown
00587120	FUN_00587120	58	unknown
00587160	PlayerControlObjectTemplate__v400_slot04	144	unknown
00587200	FUN_00587200	86	unknown
00587260	FUN_00587260	54	unknown
005872a0	FUN_005872a0	20	unknown
005872c0	FUN_005872c0	61	unknown
00587300	FUN_00587300	13	unknown
00587310	FUN_00587310	106	unknown
00587380	FUN_00587380	69	unknown
005873e0	FUN_005873e0	49	unknown
00587420	FUN_00587420	106	unknown
00587490	FUN_00587490	77	unknown
005874e0	FUN_005874e0	111	unknown
0058754f	Catch@0058754f	9	unknown
00587570	FUN_00587570	109	unknown
005875dd	Catch@005875dd	9	unknown
00587600	FUN_00587600	409	unknown
005877a0	FUN_005877a0	143	unknown
00587830	FUN_00587830	6	unknown
00587840	FUN_00587840	26	unknown
00587860	FUN_00587860	11	unknown
00587870	FUN_00587870	150	unknown
00587910	FUN_00587910	150	unknown
005879b0	FUN_005879b0	370	unknown
00587b30	FUN_00587b30	377	unknown
00587cb0	FUN_00587cb0	242	unknown
00587db0	FUN_00587db0	153	unknown
00587e50	FUN_00587e50	335	unknown
00587fb0	FUN_00587fb0	490	unknown
005881a0	FUN_005881a0	731	unknown
005884c0	FUN_005884c0	713	unknown
00588790	FUN_00588790	49	unknown
005887d0	FUN_005887d0	7	unknown
005887e0	FUN_005887e0	13	unknown
005887f0	FUN_005887f0	7	unknown
00588800	FUN_00588800	13	unknown
00588810	FUN_00588810	13	unknown
00588820	FUN_00588820	7	unknown
00588830	FUN_00588830	17	unknown
00588850	FUN_00588850	13	unknown
00588860	FUN_00588860	7	unknown
00588870	FUN_00588870	24	unknown
00588890	FUN_00588890	7	unknown
005888a0	FUN_005888a0	11	unknown
005888b0	FUN_005888b0	11	unknown
005888c0	FUN_005888c0	14	unknown
005888d0	FUN_005888d0	32	unknown
005888f0	FUN_005888f0	11	unknown
00588900	FUN_00588900	11	unknown
00588910	FUN_00588910	60	unknown
00588950	FUN_00588950	34	unknown
00588980	FUN_00588980	131	unknown
00588a10	FUN_00588a10	3262	unknown
005896d0	FUN_005896d0	42	unknown
00589700	FUN_00589700	28	unknown
00589720	FUN_00589720	35	unknown
00589750	FUN_00589750	6	unknown
00589760	FUN_00589760	45	unknown
00589790	FUN_00589790	79	unknown
005897e0	FUN_005897e0	49	unknown
00589820	FUN_00589820	7	unknown
00589830	BFSpawnPoint__v344_slot00	11	unknown
00589840	FUN_00589840	11	unknown
00589850	PlayerControlObject__v344_slot01	11	unknown
00589860	PlayerControlObject__v344_slot02	11	unknown
00589870	FUN_00589870	34	unknown
005898a0	FUN_005898a0	34	unknown
005898d0	FUN_005898d0	6	unknown
005898e0	FUN_005898e0	26	unknown
00589900	BotMain__v0_slot100	13	unknown
00589930	BotMain__v0_slot101	7	unknown
00589940	FUN_00589940	7	unknown
00589950	FUN_00589950	7	unknown
005899a0	FUN_005899a0	7	unknown
005899c0	FUN_005899c0	214	unknown
00589aa0	SpawnPointTemplate__v0_slot12	34	unknown
00589ad0	FUN_00589ad0	91	unknown
00589b30	SpawnPointTemplate__v0_slot04	6	unknown
00589b40	SpawnPointTemplate__v0_slot11	45	unknown
00589ca0	ORPHAN_CANDIDATE_00589ca0	25	unknown
00589cf0	ORPHAN_CANDIDATE_00589cf0	25	unknown
00589d20	FUN_00589d20	7	unknown
00589d70	ResponsePhysics__v0_slot04	13	unknown
00589e00	FUN_00589e00	13	unknown
00589e10	FUN_00589e10	13	unknown
00589e20	FUN_00589e20	7	unknown
00589e30	PlayerControlObjectTemplate__v428_slot34	13	unknown
00589e40	PlayerControlObjectTemplate__v428_slot36	13	unknown
00589e80	PlayerControlObjectTemplate__v428_slot38	13	unknown
00589e90	FUN_00589e90	7	unknown
00589ed0	FUN_00589ed0	13	unknown
0058a030	BotMain__v0_slot39	7	unknown
0058a0c0	FUN_0058a0c0	7	unknown
0058a0e0	BFSoldierTemplate__v0_slot35	7	unknown
0058a150	BFSoldierTemplate__v0_slot37	7	unknown
0058a370	PlayerControlObjectTemplate__v428_slot61	13	unknown
0058a3b0	FUN_0058a3b0	7	unknown
0058a3c0	FUN_0058a3c0	37	unknown
0058a3f0	FUN_0058a3f0	7	unknown
0058a400	FUN_0058a400	37	unknown
0058a430	FUN_0058a430	37	unknown
0058a460	FUN_0058a460	29	unknown
0058a480	FUN_0058a480	37	unknown
0058a4b0	FUN_0058a4b0	37	unknown
0058a4e0	FUN_0058a4e0	55	unknown
0058a520	FUN_0058a520	54	unknown
0058a560	FUN_0058a560	55	unknown
0058a5a0	FUN_0058a5a0	55	unknown
0058a5e0	FUN_0058a5e0	54	unknown
0058a620	FUN_0058a620	37	unknown
0058a650	FUN_0058a650	37	unknown
0058a680	FUN_0058a680	54	unknown
0058a6c0	FUN_0058a6c0	54	unknown
0058a700	AIObject__v0_slot37	3	unknown
0058a710	FUN_0058a710	6	unknown
0058a720	FUN_0058a720	82	unknown
0058a780	FUN_0058a780	6	unknown
0058a790	FUN_0058a790	82	unknown
0058a7f0	FUN_0058a7f0	6	unknown
0058a800	FUN_0058a800	82	unknown
0058a860	FUN_0058a860	6	unknown
0058a870	FUN_0058a870	82	unknown
0058a8d0	FUN_0058a8d0	6	unknown
0058a8e0	FUN_0058a8e0	82	unknown
0058a940	FUN_0058a940	6	unknown
0058a950	FUN_0058a950	82	unknown
0058a9b0	FUN_0058a9b0	6	unknown
0058a9c0	FUN_0058a9c0	82	unknown
0058aa20	FUN_0058aa20	6	unknown
0058aa30	FUN_0058aa30	82	unknown
0058aa90	FUN_0058aa90	6	unknown
0058aaa0	FUN_0058aaa0	82	unknown
0058ab00	FUN_0058ab00	6	unknown
0058ab10	FUN_0058ab10	82	unknown
0058ab70	FUN_0058ab70	6	unknown
0058ab80	FUN_0058ab80	82	unknown
0058abe0	FUN_0058abe0	6	unknown
0058abf0	FUN_0058abf0	82	unknown
0058ac50	FUN_0058ac50	6	unknown
0058ac60	FUN_0058ac60	82	unknown
0058acc0	FUN_0058acc0	6	unknown
0058acd0	FUN_0058acd0	82	unknown
0058ad40	AIPathfinding__v4_slot22	5	unknown
0058ad50	FUN_0058ad50	12	unknown
0058ad60	FUN_0058ad60	38	unknown
0058ad90	FUN_0058ad90	12	unknown
0058ada0	FUN_0058ada0	38	unknown
0058add0	FUN_0058add0	12	unknown
0058ade0	FUN_0058ade0	38	unknown
0058ae10	FUN_0058ae10	32	unknown
0058ae30	FUN_0058ae30	32	unknown
0058ae50	FUN_0058ae50	32	unknown
0058ae70	FUN_0058ae70	32	unknown
0058ae90	FUN_0058ae90	32	unknown
0058aeb0	FUN_0058aeb0	32	unknown
0058aed0	FUN_0058aed0	32	unknown
0058aef0	FUN_0058aef0	32	unknown
0058af10	FUN_0058af10	32	unknown
0058af30	FUN_0058af30	32	unknown
0058af50	FUN_0058af50	32	unknown
0058af70	FUN_0058af70	32	unknown
0058af90	FUN_0058af90	6	unknown
0058afa0	FUN_0058afa0	6	unknown
0058afb0	FUN_0058afb0	6	unknown
0058afc0	FUN_0058afc0	6	unknown
0058afd0	FUN_0058afd0	6	unknown
0058afe0	FUN_0058afe0	6	unknown
0058aff0	FUN_0058aff0	6	unknown
0058b000	FUN_0058b000	6	unknown
0058b010	FUN_0058b010	6	unknown
0058b020	FUN_0058b020	6	unknown
0058b030	FUN_0058b030	6	unknown
0058b040	FUN_0058b040	35	unknown
0058b070	FUN_0058b070	6	unknown
0058b080	FUN_0058b080	35	unknown
0058b0b0	FUN_0058b0b0	6	unknown
0058b0c0	FUN_0058b0c0	35	unknown
0058b0f0	FUN_0058b0f0	6	unknown
0058b100	FUN_0058b100	35	unknown
0058b130	FUN_0058b130	6	unknown
0058b140	FUN_0058b140	35	unknown
0058b170	FUN_0058b170	35	unknown
0058b1a0	FUN_0058b1a0	35	unknown
0058b1d0	FUN_0058b1d0	35	unknown
0058b200	FUN_0058b200	35	unknown
0058b230	FUN_0058b230	35	unknown
0058b260	FUN_0058b260	35	unknown
0058b290	FUN_0058b290	35	unknown
0058b2c0	FUN_0058b2c0	35	unknown
0058b2f0	FUN_0058b2f0	56	unknown
0058b330	FUN_0058b330	56	unknown
0058b370	FUN_0058b370	56	unknown
0058b3b0	FUN_0058b3b0	56	unknown
0058b3f0	FUN_0058b3f0	56	unknown
0058b430	FUN_0058b430	56	unknown
0058b470	FUN_0058b470	56	unknown
0058b4b0	FUN_0058b4b0	6	unknown
0058b4c0	FUN_0058b4c0	82	unknown
0058b520	FUN_0058b520	35	unknown
0058b550	FUN_0058b550	85	unknown
0058b5b0	FUN_0058b5b0	85	unknown
0058b610	FUN_0058b610	85	unknown
0058b670	FUN_0058b670	85	unknown
0058b6d0	FUN_0058b6d0	85	unknown
0058b730	FUN_0058b730	85	unknown
0058b790	FUN_0058b790	85	unknown
0058b7f0	FUN_0058b7f0	85	unknown
0058b850	FUN_0058b850	85	unknown
0058b8b0	FUN_0058b8b0	43	unknown
0058b920	FUN_0058b920	55	unknown
0058b960	FUN_0058b960	55	unknown
0058b9a0	FUN_0058b9a0	133	unknown
0058ba30	FUN_0058ba30	55	unknown
0058ba70	FUN_0058ba70	55	unknown
0058bab0	FUN_0058bab0	92	unknown
0058bb10	FUN_0058bb10	55	unknown
0058bb50	FUN_0058bb50	55	unknown
0058bb90	FUN_0058bb90	155	unknown
0058bc30	FUN_0058bc30	155	unknown
0058bcd0	FUN_0058bcd0	155	unknown
0058bd70	FUN_0058bd70	155	unknown
0058be10	FUN_0058be10	176	unknown
0058bed0	FUN_0058bed0	155	unknown
0058bf70	FUN_0058bf70	155	unknown
0058c030	FUN_0058c030	52	unknown
0058c070	FUN_0058c070	97	unknown
0058c0e0	FUN_0058c0e0	97	unknown
0058c150	FUN_0058c150	168	unknown
0058c200	FUN_0058c200	168	unknown
0058c2b0	FUN_0058c2b0	59	unknown
0058c300	FUN_0058c300	204	unknown
0058c3d0	FUN_0058c3d0	91	unknown
0058c430	FUN_0058c430	38	unknown
0058c460	FUN_0058c460	204	unknown
0058c530	FUN_0058c530	91	unknown
0058c590	FUN_0058c590	204	unknown
0058c660	FUN_0058c660	91	unknown
0058c6c0	FUN_0058c6c0	38	unknown
0058c6f0	FUN_0058c6f0	204	unknown
0058c7c0	FUN_0058c7c0	91	unknown
0058c820	FUN_0058c820	38	unknown
0058c850	FUN_0058c850	204	unknown
0058c920	FUN_0058c920	91	unknown
0058c980	FUN_0058c980	38	unknown
0058c9b0	FUN_0058c9b0	204	unknown
0058ca80	FUN_0058ca80	204	unknown
0058cb50	FUN_0058cb50	168	unknown
0058cc00	FUN_0058cc00	168	unknown
0058ccb0	FUN_0058ccb0	168	unknown
0058cd60	FUN_0058cd60	185	unknown
0058ce20	FUN_0058ce20	8	unknown
0058ce30	FUN_0058ce30	45	unknown
0058ce60	FUN_0058ce60	185	unknown
0058cf20	FUN_0058cf20	8	unknown
0058cf30	FUN_0058cf30	45	unknown
0058cf60	FUN_0058cf60	185	unknown
0058d020	FUN_0058d020	8	unknown
0058d030	FUN_0058d030	45	unknown
0058d060	FUN_0058d060	155	unknown
0058d100	FUN_0058d100	155	unknown
0058d1a0	FUN_0058d1a0	155	unknown
0058d240	FUN_0058d240	148	unknown
0058d2e0	FUN_0058d2e0	155	unknown
0058d380	FUN_0058d380	155	unknown
0058d420	FUN_0058d420	155	unknown
0058d4c0	FUN_0058d4c0	148	unknown
0058d560	FUN_0058d560	148	unknown
0058d600	FUN_0058d600	157	unknown
0058d6a0	FUN_0058d6a0	46	unknown
0058d6d0	FUN_0058d6d0	157	unknown
0058d770	FUN_0058d770	46	unknown
0058d7a0	FUN_0058d7a0	157	unknown
0058d840	FUN_0058d840	12	unknown
0058d850	FUN_0058d850	38	unknown
0058d880	FUN_0058d880	157	unknown
0058d920	FUN_0058d920	46	unknown
0058d950	FUN_0058d950	157	unknown
0058d9f0	FUN_0058d9f0	157	unknown
0058da90	FUN_0058da90	12	unknown
0058daa0	FUN_0058daa0	38	unknown
0058dad0	FUN_0058dad0	185	unknown
0058db90	FUN_0058db90	8	unknown
0058dba0	FUN_0058dba0	45	unknown
0058dbd0	FUN_0058dbd0	116	unknown
0058dc50	FUN_0058dc50	185	unknown
0058dd10	FUN_0058dd10	123	unknown
0058dda0	FUN_0058dda0	185	unknown
0058de60	FUN_0058de60	123	unknown
0058def0	FUN_0058def0	185	unknown
0058dfb0	FUN_0058dfb0	123	unknown
0058e040	FUN_0058e040	185	unknown
0058e100	FUN_0058e100	123	unknown
0058e190	FUN_0058e190	185	unknown
0058e250	FUN_0058e250	185	unknown
0058e310	FUN_0058e310	123	unknown
0058e3a0	FUN_0058e3a0	185	unknown
0058e460	FUN_0058e460	123	unknown
0058e4f0	FUN_0058e4f0	297	unknown
0058e620	FUN_0058e620	297	unknown
0058e750	FUN_0058e750	297	unknown
0058e880	FUN_0058e880	157	unknown
0058e920	FUN_0058e920	157	unknown
0058e9c0	FUN_0058e9c0	157	unknown
0058ea60	FUN_0058ea60	152	unknown
0058eb00	FUN_0058eb00	46	unknown
0058eb30	FUN_0058eb30	157	unknown
0058ebd0	FUN_0058ebd0	12	unknown
0058ebe0	FUN_0058ebe0	38	unknown
0058ec10	FUN_0058ec10	157	unknown
0058ecb0	FUN_0058ecb0	46	unknown
0058ece0	FUN_0058ece0	157	unknown
0058ed80	FUN_0058ed80	152	unknown
0058ee20	FUN_0058ee20	152	unknown
0058eec0	FUN_0058eec0	186	unknown
0058ef80	FUN_0058ef80	8	unknown
0058ef90	FUN_0058ef90	74	unknown
0058efe0	FUN_0058efe0	186	unknown
0058f0a0	FUN_0058f0a0	186	unknown
0058f160	FUN_0058f160	186	unknown
0058f220	FUN_0058f220	186	unknown
0058f2e0	FUN_0058f2e0	186	unknown
0058f3a0	FUN_0058f3a0	16	unknown
0058f3b0	FUN_0058f3b0	14	unknown
0058f3c0	FUN_0058f3c0	36	unknown
0058f3f0	FUN_0058f3f0	37	unknown
0058f420	FUN_0058f420	44	unknown
0058f450	FUN_0058f450	33	unknown
0058f480	FUN_0058f480	37	unknown
0058f4b0	FUN_0058f4b0	112	unknown
0058f530	FUN_0058f530	74	unknown
0058f580	FUN_0058f580	37	unknown
0058f5b0	FUN_0058f5b0	12	unknown
0058f5c0	FUN_0058f5c0	33	unknown
0058f5f0	FUN_0058f5f0	10	unknown
0058f600	FUN_0058f600	37	unknown
0058f630	FUN_0058f630	186	unknown
0058f6f0	FUN_0058f6f0	186	unknown
0058f7b0	FUN_0058f7b0	74	unknown
0058f800	FUN_0058f800	186	unknown
0058f8c0	FUN_0058f8c0	174	unknown
0058f970	FUN_0058f970	8	unknown
0058f980	FUN_0058f980	74	unknown
0058f9d0	FUN_0058f9d0	186	unknown
0058fa90	FUN_0058fa90	186	unknown
0058fb50	FUN_0058fb50	186	unknown
0058fc10	FUN_0058fc10	175	unknown
0058fcd0	FUN_0058fcd0	8	unknown
0058fce0	FUN_0058fce0	27	unknown
0058fd00	FUN_0058fd00	94	unknown
0058fd60	FUN_0058fd60	101	unknown
0058fdd0	FUN_0058fdd0	180	unknown
0058fe90	FUN_0058fe90	148	unknown
0058ff30	FUN_0058ff30	170	unknown
0058ffe0	FUN_0058ffe0	155	unknown
00590080	FUN_00590080	68	unknown
005900d0	FUN_005900d0	68	unknown
00590120	FUN_00590120	8	unknown
00590130	FUN_00590130	27	unknown
00590150	FUN_00590150	27	unknown
00590170	FUN_00590170	27	unknown
00590190	FUN_00590190	152	unknown
00590230	FUN_00590230	204	unknown
00590300	FUN_00590300	152	unknown
005903a0	FUN_005903a0	204	unknown
00590470	FUN_00590470	155	unknown
00590510	FUN_00590510	168	unknown
005905c0	FUN_005905c0	101	unknown
00590630	FUN_00590630	155	unknown
005906d0	FUN_005906d0	152	unknown
00590770	FUN_00590770	46	unknown
005907a0	FUN_005907a0	157	unknown
00590840	FUN_00590840	152	unknown
005908e0	FUN_005908e0	157	unknown
00590980	FUN_00590980	75	unknown
005909d0	FUN_005909d0	121	unknown
00590a50	FUN_00590a50	130	unknown
00590ae0	FUN_00590ae0	185	unknown
00590ba0	FUN_00590ba0	136	unknown
00590c40	FUN_00590c40	121	unknown
00590cc0	FUN_00590cc0	130	unknown
00590d50	FUN_00590d50	185	unknown
00590e10	FUN_00590e10	136	unknown
00590eb0	FUN_00590eb0	157	unknown
00590f50	FUN_00590f50	157	unknown
00590ff0	FUN_00590ff0	157	unknown
00591090	FUN_00591090	110	unknown
00591100	FUN_00591100	122	unknown
00591180	FUN_00591180	8	unknown
00591190	FUN_00591190	74	unknown
005911e0	FUN_005911e0	188	unknown
005912b0	FUN_005912b0	174	unknown
00591360	FUN_00591360	8	unknown
00591370	FUN_00591370	74	unknown
005913c0	FUN_005913c0	169	unknown
00591480	FUN_00591480	186	unknown
00591540	FUN_00591540	177	unknown
00591600	FUN_00591600	186	unknown
005916c0	FUN_005916c0	122	unknown
00591740	FUN_00591740	176	unknown
00591800	FUN_00591800	186	unknown
005918c0	FUN_005918c0	74	unknown
00591910	FUN_00591910	8	unknown
00591920	FUN_00591920	27	unknown
00591940	FUN_00591940	8	unknown
00591950	FUN_00591950	27	unknown
00591970	FUN_00591970	8	unknown
00591980	FUN_00591980	191	unknown
00591a40	FUN_00591a40	191	unknown
00591b00	FUN_00591b00	191	unknown
00591bc0	FUN_00591bc0	191	unknown
00591c80	FUN_00591c80	191	unknown
00591d40	FUN_00591d40	191	unknown
00591e00	FUN_00591e00	191	unknown
00591ec0	FUN_00591ec0	191	unknown
00591f80	FUN_00591f80	191	unknown
00592040	FUN_00592040	191	unknown
00592100	FUN_00592100	7645	unknown
00593ee0	thunk_FUN_00592100	5	unknown
00593ef0	FUN_00593ef0	36	unknown
00593f20	FUN_00593f20	40	unknown
00593f50	FUN_00593f50	111	unknown
00593fbf	Catch@00593fbf	9	unknown
00593fe0	FUN_00593fe0	111	unknown
0059404f	Catch@0059404f	9	unknown
00594070	FUN_00594070	109	unknown
005940dd	Catch@005940dd	9	unknown
00594100	FUN_00594100	109	unknown
0059416d	Catch@0059416d	9	unknown
00594190	FUN_00594190	55	unknown
005941e0	FUN_005941e0	72	unknown
00594230	FUN_00594230	47	unknown
00594260	FUN_00594260	8	unknown
00594270	FUN_00594270	8	unknown
00594280	FUN_00594280	8	unknown
00594290	FUN_00594290	8	unknown
005942a0	FUN_005942a0	53	unknown
005942e0	FUN_005942e0	139	unknown
00594370	FUN_00594370	48	unknown
005943a0	FUN_005943a0	37	unknown
005943d0	FUN_005943d0	39	unknown
00594420	FUN_00594420	584	unknown
00594670	FUN_00594670	101	unknown
005946e0	FUN_005946e0	111	unknown
0059474f	Catch@0059474f	9	unknown
00594770	FUN_00594770	105	unknown
005947d9	Catch@005947d9	9	unknown
005947f0	FUN_005947f0	70	unknown
00594840	FUN_00594840	20	unknown
00594860	FUN_00594860	46	unknown
005948a0	FUN_005948a0	105	unknown
00594910	FUN_00594910	133	unknown
005949a0	FUN_005949a0	27	unknown
005949c0	FUN_005949c0	530	unknown
00594b20	Catch@00594b20	9	unknown
00594bf0	FUN_00594bf0	191	unknown
00594cc0	FUN_00594cc0	110	unknown
00594d30	FUN_00594d30	74	unknown
00594d80	FUN_00594d80	212	unknown
00594e60	FUN_00594e60	29	unknown
00594e80	FUN_00594e80	48	unknown
00594eb0	FUN_00594eb0	6	unknown
00594ec0	FUN_00594ec0	45	unknown
00594ef0	FUN_00594ef0	47	unknown
00594f20	FUN_00594f20	66	unknown
00594f70	FUN_00594f70	98	unknown
00594fe0	FUN_00594fe0	617	unknown
00595250	FUN_00595250	489	unknown
00595440	FUN_00595440	54	unknown
00595480	FUN_00595480	256	unknown
00595580	FUN_00595580	6	unknown
00595590	FUN_00595590	37	unknown
005955c0	FUN_005955c0	8	unknown
005955d0	FUN_005955d0	44	unknown
00595600	FUN_00595600	37	unknown
00595630	FUN_00595630	34	unknown
00595660	FUN_00595660	23	unknown
00595680	FUN_00595680	13	unknown
00595690	FUN_00595690	46	unknown
005956c0	FUN_005956c0	46	unknown
005956f0	FUN_005956f0	41	unknown
00595720	FUN_00595720	61	unknown
00595760	FUN_00595760	61	unknown
005957a0	FUN_005957a0	41	unknown
005957d0	FUN_005957d0	54	unknown
00595810	FUN_00595810	54	unknown
00595850	FUN_00595850	49	unknown
00595890	FUN_00595890	69	unknown
005958e0	FUN_005958e0	69	unknown
00595930	FUN_00595930	49	unknown
00595970	FUN_00595970	20	unknown
00595990	FUN_00595990	157	unknown
00595a40	FUN_00595a40	6	unknown
00595a50	FUN_00595a50	45	unknown
00595a80	FUN_00595a80	8	unknown
00595a90	FUN_00595a90	27	unknown
00595ab0	FUN_00595ab0	23	unknown
00595ad0	FUN_00595ad0	114	unknown
00595b50	FUN_00595b50	445	unknown
00595d10	FUN_00595d10	83	unknown
00595db0	FUN_00595db0	7	unknown
00595dc0	FUN_00595dc0	7	unknown
00595e80	FUN_00595e80	7	unknown
00595ed0	FUN_00595ed0	24	unknown
00595f00	FUN_00595f00	24	unknown
00595f30	FUN_00595f30	24	unknown
00595f60	FUN_00595f60	24	unknown
00595fb0	FUN_00595fb0	7	unknown
00596130	FUN_00596130	7	unknown
00596140	FUN_00596140	24	unknown
00596160	FUN_00596160	7	unknown
00596610	FUN_00596610	27	unknown
00596640	FUN_00596640	27	unknown
00596670	FUN_00596670	27	unknown
005968b0	FUN_005968b0	27	unknown
005968e0	FUN_005968e0	27	unknown
00596910	FUN_00596910	27	unknown
00596940	FUN_00596940	27	unknown
005969b0	FUN_005969b0	27	unknown
005969f0	FUN_005969f0	54	unknown
00596a30	FUN_00596a30	54	unknown
00596a70	FUN_00596a70	54	unknown
00596ab0	FUN_00596ab0	54	unknown
00596af0	FUN_00596af0	6	unknown
00596b00	FUN_00596b00	17	unknown
00596b20	FUN_00596b20	17	unknown
00596b40	FUN_00596b40	82	unknown
00596ba0	BFSoldierTemplate__v428_slot05	7	unknown
00596bb0	FUN_00596bb0	21	unknown
00596bd0	FUN_00596bd0	6	unknown
00596be0	FUN_00596be0	26	unknown
00596c00	FUN_00596c00	26	unknown
00596c20	FUN_00596c20	82	unknown
00596c80	FUN_00596c80	6	unknown
00596c90	FUN_00596c90	82	unknown
00596cf0	FUN_00596cf0	6	unknown
00596d00	FUN_00596d00	82	unknown
00596d60	FUN_00596d60	6	unknown
00596d70	FUN_00596d70	82	unknown
00596dd0	FUN_00596dd0	6	unknown
00596de0	FUN_00596de0	82	unknown
00596e40	FUN_00596e40	6	unknown
00596e50	FUN_00596e50	82	unknown
00596eb0	FUN_00596eb0	6	unknown
00596ec0	FUN_00596ec0	82	unknown
00596f20	FUN_00596f20	35	unknown
00596f50	FUN_00596f50	32	unknown
00596f70	FUN_00596f70	32	unknown
00596f90	FUN_00596f90	32	unknown
00596fb0	FUN_00596fb0	32	unknown
00596fd0	FUN_00596fd0	32	unknown
00596ff0	FUN_00596ff0	32	unknown
00597010	FUN_00597010	6	unknown
00597020	FUN_00597020	6	unknown
00597030	FUN_00597030	6	unknown
00597040	FUN_00597040	6	unknown
00597050	FUN_00597050	6	unknown
00597060	FUN_00597060	8	unknown
00597070	FUN_00597070	45	unknown
005970a0	FUN_005970a0	51	unknown
005970e0	FUN_005970e0	35	unknown
00597110	FUN_00597110	35	unknown
00597140	FUN_00597140	35	unknown
00597170	FUN_00597170	35	unknown
005971a0	FUN_005971a0	35	unknown
005971d0	FUN_005971d0	7	unknown
005971f0	FUN_005971f0	7	unknown
00597200	FUN_00597200	56	unknown
00597240	FUN_00597240	56	unknown
00597280	FUN_00597280	56	unknown
005972c0	FUN_005972c0	56	unknown
00597300	FUN_00597300	56	unknown
00597340	FUN_00597340	56	unknown
00597380	FUN_00597380	56	unknown
005973c0	FUN_005973c0	56	unknown
00597400	FUN_00597400	56	unknown
00597440	FUN_00597440	38	unknown
00597470	BFSpawnPointTemplate__v0_slot06	4	unknown
00597480	FUN_00597480	6	unknown
00597490	FUN_00597490	82	unknown
005974f0	FUN_005974f0	35	unknown
00597520	FUN_00597520	35	unknown
00597550	HandFireArmsTemplate__v1424_slot05	4	unknown
00597560	FUN_00597560	6	unknown
00597570	FUN_00597570	82	unknown
005975d0	FUN_005975d0	35	unknown
00597600	FUN_00597600	6	unknown
00597610	FUN_00597610	82	unknown
00597670	FUN_00597670	35	unknown
005976a0	FUN_005976a0	52	unknown
005976e0	FUN_005976e0	85	unknown
00597740	FUN_00597740	85	unknown
005977a0	FUN_005977a0	85	unknown
00597800	FUN_00597800	85	unknown
00597860	FUN_00597860	85	unknown
005978c0	FUN_005978c0	73	unknown
00597910	FUN_00597910	132	unknown
005979a0	FUN_005979a0	7	unknown
005979b0	FUN_005979b0	21	unknown
005979d0	FUN_005979d0	6	unknown
005979e0	FUN_005979e0	26	unknown
00597a00	FUN_00597a00	26	unknown
00597a20	FUN_00597a20	82	unknown
00597a80	FUN_00597a80	38	unknown
00597ab0	FUN_00597ab0	6	unknown
00597ac0	FUN_00597ac0	82	unknown
00597b20	FUN_00597b20	35	unknown
00597b50	FUN_00597b50	134	unknown
00597be0	FUN_00597be0	129	unknown
00597c70	FUN_00597c70	34	unknown
00597ca0	FUN_00597ca0	55	unknown
00597ce0	FUN_00597ce0	55	unknown
00597d20	FUN_00597d20	73	unknown
00597d70	FUN_00597d70	397	unknown
00597f00	FUN_00597f00	55	unknown
00597f40	FUN_00597f40	55	unknown
00597f80	FUN_00597f80	136	unknown
00598010	FUN_00598010	148	unknown
005980b0	FUN_005980b0	155	unknown
00598150	FUN_00598150	266	unknown
005982a0	FUN_005982a0	210	unknown
00598380	FUN_00598380	86	unknown
005983e0	FUN_005983e0	204	unknown
005984b0	FUN_005984b0	91	unknown
00598510	FUN_00598510	38	unknown
00598540	FUN_00598540	155	unknown
005985e0	FUN_005985e0	155	unknown
00598680	FUN_00598680	123	unknown
00598700	FUN_00598700	123	unknown
00598780	FUN_00598780	116	unknown
00598800	FUN_00598800	165	unknown
005988b0	FUN_005988b0	148	unknown
00598950	FUN_00598950	116	unknown
005989d0	FUN_005989d0	148	unknown
00598a70	FUN_00598a70	148	unknown
00598b10	FUN_00598b10	116	unknown
00598b90	FUN_00598b90	116	unknown
00598c10	FUN_00598c10	123	unknown
00598c90	FUN_00598c90	152	unknown
00598d30	FUN_00598d30	12	unknown
00598d40	FUN_00598d40	38	unknown
00598d70	FUN_00598d70	157	unknown
00598e10	FUN_00598e10	12	unknown
00598e20	FUN_00598e20	38	unknown
00598e50	FUN_00598e50	148	unknown
00598ef0	FUN_00598ef0	185	unknown
00598fb0	FUN_00598fb0	8	unknown
00598fc0	FUN_00598fc0	123	unknown
00599050	FUN_00599050	157	unknown
005990f0	FUN_005990f0	12	unknown
00599100	FUN_00599100	38	unknown
00599130	FUN_00599130	157	unknown
005991d0	FUN_005991d0	46	unknown
00599200	FUN_00599200	157	unknown
005992a0	FUN_005992a0	157	unknown
00599340	FUN_00599340	152	unknown
005993e0	FUN_005993e0	12	unknown
005993f0	FUN_005993f0	38	unknown
00599420	FUN_00599420	152	unknown
005994c0	FUN_005994c0	46	unknown
005994f0	FUN_005994f0	152	unknown
00599590	FUN_00599590	152	unknown
00599630	FUN_00599630	152	unknown
005996d0	FUN_005996d0	46	unknown
00599700	FUN_00599700	152	unknown
005997a0	FUN_005997a0	152	unknown
00599840	FUN_00599840	157	unknown
005998e0	FUN_005998e0	46	unknown
00599910	FUN_00599910	174	unknown
005999c0	FUN_005999c0	8	unknown
005999d0	FUN_005999d0	74	unknown
00599a20	FUN_00599a20	154	unknown
00599ad0	FUN_00599ad0	186	unknown
00599b90	FUN_00599b90	152	unknown
00599c30	FUN_00599c30	186	unknown
00599cf0	FUN_00599cf0	8	unknown
00599d00	FUN_00599d00	186	unknown
00599dc0	FUN_00599dc0	8	unknown
00599dd0	FUN_00599dd0	152	unknown
00599e70	FUN_00599e70	8	unknown
00599e80	FUN_00599e80	31	unknown
00599ea0	FUN_00599ea0	74	unknown
00599ef0	FUN_00599ef0	186	unknown
00599fc0	FUN_00599fc0	152	unknown
0059a060	FUN_0059a060	8	unknown
0059a070	FUN_0059a070	74	unknown
0059a0c0	FUN_0059a0c0	140	unknown
0059a150	FUN_0059a150	31	unknown
0059a170	FUN_0059a170	8	unknown
0059a180	FUN_0059a180	74	unknown
0059a1d0	FUN_0059a1d0	175	unknown
0059a290	FUN_0059a290	174	unknown
0059a340	FUN_0059a340	8	unknown
0059a350	FUN_0059a350	140	unknown
0059a3e0	FUN_0059a3e0	8	unknown
0059a3f0	FUN_0059a3f0	74	unknown
0059a440	FUN_0059a440	172	unknown
0059a500	FUN_0059a500	174	unknown
0059a5b0	FUN_0059a5b0	8	unknown
0059a5c0	FUN_0059a5c0	162	unknown
0059a670	FUN_0059a670	174	unknown
0059a720	FUN_0059a720	140	unknown
0059a7b0	FUN_0059a7b0	140	unknown
0059a840	FUN_0059a840	152	unknown
0059a8e0	FUN_0059a8e0	188	unknown
0059a9b0	FUN_0059a9b0	8	unknown
0059a9c0	FUN_0059a9c0	27	unknown
0059a9e0	FUN_0059a9e0	8	unknown
0059a9f0	FUN_0059a9f0	27	unknown
0059aa10	FUN_0059aa10	174	unknown
0059aac0	FUN_0059aac0	8	unknown
0059aad0	FUN_0059aad0	74	unknown
0059ab20	FUN_0059ab20	101	unknown
0059ab90	FUN_0059ab90	94	unknown
0059abf0	FUN_0059abf0	8	unknown
0059ac00	FUN_0059ac00	8	unknown
0059ac10	FUN_0059ac10	27	unknown
0059ac30	FUN_0059ac30	8	unknown
0059ac40	FUN_0059ac40	8	unknown
0059ac50	FUN_0059ac50	8	unknown
0059ac60	FUN_0059ac60	8	unknown
0059ac70	FUN_0059ac70	8	unknown
0059ac80	FUN_0059ac80	27	unknown
0059aca0	FUN_0059aca0	27	unknown
0059acc0	FUN_0059acc0	27	unknown
0059ace0	FUN_0059ace0	27	unknown
0059ad00	FUN_0059ad00	94	unknown
0059ad60	FUN_0059ad60	148	unknown
0059ae00	FUN_0059ae00	8	unknown
0059ae10	FUN_0059ae10	27	unknown
0059ae30	FUN_0059ae30	157	unknown
0059aed0	FUN_0059aed0	152	unknown
0059af70	FUN_0059af70	156	unknown
0059b010	FUN_0059b010	152	unknown
0059b0b0	FUN_0059b0b0	152	unknown
0059b150	FUN_0059b150	122	unknown
0059b1d0	FUN_0059b1d0	8	unknown
0059b1e0	FUN_0059b1e0	74	unknown
0059b230	FUN_0059b230	110	unknown
0059b2a0	FUN_0059b2a0	152	unknown
0059b340	FUN_0059b340	110	unknown
0059b3b0	FUN_0059b3b0	174	unknown
0059b460	FUN_0059b460	8	unknown
0059b470	FUN_0059b470	74	unknown
0059b4c0	FUN_0059b4c0	8	unknown
0059b4d0	FUN_0059b4d0	27	unknown
0059b4f0	FUN_0059b4f0	182	unknown
0059b5b0	FUN_0059b5b0	8	unknown
0059b5c0	FUN_0059b5c0	74	unknown
0059b610	FUN_0059b610	172	unknown
0059b6d0	FUN_0059b6d0	8	unknown
0059b6e0	FUN_0059b6e0	8	unknown
0059b6f0	FUN_0059b6f0	27	unknown
0059b710	FUN_0059b710	191	unknown
0059b7d0	FUN_0059b7d0	191	unknown
0059b890	FUN_0059b890	191	unknown
0059b950	FUN_0059b950	191	unknown
0059ba10	FUN_0059ba10	191	unknown
0059bad0	FUN_0059bad0	5482	unknown
0059d040	thunk_FUN_0059bad0	5	unknown
0059d050	FUN_0059d050	7	unknown
0059d060	FUN_0059d060	6	unknown
0059d070	FUN_0059d070	47	unknown
0059d0a0	FUN_0059d0a0	15	unknown
0059d0b0	FUN_0059d0b0	8	unknown
0059d0c0	FUN_0059d0c0	15	unknown
0059d0d0	FUN_0059d0d0	8	unknown
0059d0e0	FUN_0059d0e0	15	unknown
0059d0f0	FUN_0059d0f0	8	unknown
0059d100	FUN_0059d100	15	unknown
0059d110	FUN_0059d110	111	unknown
0059d17f	Catch@0059d17f	9	unknown
0059d1a0	FUN_0059d1a0	67	unknown
0059d1f0	FUN_0059d1f0	79	unknown
0059d240	FUN_0059d240	68	unknown
0059d2a0	FUN_0059d2a0	69	unknown
0059d2f0	FUN_0059d2f0	69	unknown
0059d340	FUN_0059d340	50	unknown
0059d380	FUN_0059d380	17	unknown
0059d3a0	FUN_0059d3a0	12	unknown
0059d3b0	AIScriptManager__v0_slot19	10	unknown
0059d3c0	AIScriptManager__v0_slot24	4	unknown
0059d3d0	FUN_0059d3d0	17	unknown
0059d3f0	FUN_0059d3f0	40	unknown
0059d420	FUN_0059d420	43	unknown
0059d450	FUN_0059d450	26	unknown
0059d470	FUN_0059d470	107	unknown
0059d4db	Catch@0059d4db	9	unknown
0059d4f0	FUN_0059d4f0	102	unknown
0059d556	Catch@0059d556	9	unknown
0059d560	FUN_0059d560	104	unknown
0059d5c8	Catch@0059d5c8	9	unknown
0059d5e0	FUN_0059d5e0	38	unknown
0059d610	FUN_0059d610	27	unknown
0059d630	FUN_0059d630	74	unknown
0059d680	FUN_0059d680	41	unknown
0059d6b0	FUN_0059d6b0	29	unknown
0059d6d0	FUN_0059d6d0	628	unknown
0059d875	Catch@0059d875	9	unknown
0059d960	FUN_0059d960	100	unknown
0059d9d0	FUN_0059d9d0	45	unknown
0059da00	FUN_0059da00	238	unknown
0059daf1	Catch@0059daf1	9	unknown
0059db10	FUN_0059db10	152	unknown
0059dbb0	FUN_0059dbb0	27	unknown
0059dbd0	FUN_0059dbd0	414	unknown
0059dd70	FUN_0059dd70	59	unknown
0059ddb0	FUN_0059ddb0	99	unknown
0059de20	FUN_0059de20	7	unknown
0059de60	FUN_0059de60	7	unknown
0059de70	FUN_0059de70	30	unknown
0059de90	FUN_0059de90	685	unknown
0059e140	FUN_0059e140	69	unknown
0059e190	FUN_0059e190	6	unknown
0059e1a0	FUN_0059e1a0	26	unknown
0059e1c0	FUN_0059e1c0	13	unknown
0059e1d0	FUN_0059e1d0	7	unknown
0059e1e0	FUN_0059e1e0	13	unknown
0059e1f0	FUN_0059e1f0	7	unknown
0059e200	PlayerControlObjectTemplate__v0_slot40	13	unknown
0059e210	PlayerControlObjectTemplate__v0_slot41	7	unknown
0059e220	FUN_0059e220	41	unknown
0059e250	FUN_0059e250	16	unknown
0059e260	FUN_0059e260	13	unknown
0059e270	FUN_0059e270	7	unknown
0059e280	FUN_0059e280	13	unknown
0059e290	FUN_0059e290	7	unknown
0059e2a0	FUN_0059e2a0	8	unknown
0059e2b0	FUN_0059e2b0	11	unknown
0059e2c0	FUN_0059e2c0	11	unknown
0059e2d0	FUN_0059e2d0	11	unknown
0059e2e0	FUN_0059e2e0	11	unknown
0059e2f0	FUN_0059e2f0	14	unknown
0059e300	FUN_0059e300	32	unknown
0059e320	FUN_0059e320	49	unknown
0059e360	FUN_0059e360	11	unknown
0059e370	FUN_0059e370	11	unknown
0059e380	FUN_0059e380	11	unknown
0059e390	FUN_0059e390	11	unknown
0059e3a0	FUN_0059e3a0	22	unknown
0059e3c0	FUN_0059e3c0	34	unknown
0059e3f0	FUN_0059e3f0	115	unknown
0059e470	FUN_0059e470	89	unknown
0059e4d0	FUN_0059e4d0	6	unknown
0059e4e0	FUN_0059e4e0	26	unknown
0059e500	FUN_0059e500	8	unknown
0059e510	FUN_0059e510	34	unknown
0059e540	FUN_0059e540	90	unknown
0059e5a0	FUN_0059e5a0	7	unknown
0059e5b0	FUN_0059e5b0	7	unknown
0059e5c0	FUN_0059e5c0	101	unknown
0059e630	FUN_0059e630	6	unknown
0059e640	FUN_0059e640	26	unknown
0059e660	FUN_0059e660	34	unknown
0059e690	FUN_0059e690	90	unknown
0059e720	BFSpawnPointTemplate__v0_slot26	52	unknown
0059e760	FUN_0059e760	104	unknown
0059e7d0	FUN_0059e7d0	6	unknown
0059e7e0	FUN_0059e7e0	26	unknown
0059e800	FUN_0059e800	34	unknown
0059e830	FUN_0059e830	75	unknown
0059e880	FUN_0059e880	6	unknown
0059e890	FUN_0059e890	26	unknown
0059e9a0	FUN_0059e9a0	7	unknown
0059ea30	FUN_0059ea30	82	unknown
0059ea90	FUN_0059ea90	82	unknown
0059eaf0	FUN_0059eaf0	82	unknown
0059eb50	FUN_0059eb50	82	unknown
0059ebb0	FUN_0059ebb0	82	unknown
0059ec20	FUN_0059ec20	5	unknown
0059ec30	FUN_0059ec30	5	unknown
0059ec50	FUN_0059ec50	32	unknown
0059ec70	FUN_0059ec70	32	unknown
0059ec90	FUN_0059ec90	32	unknown
0059ecb0	FUN_0059ecb0	32	unknown
0059ecd0	FUN_0059ecd0	32	unknown
0059ecf0	FUN_0059ecf0	6	unknown
0059ed00	FUN_0059ed00	6	unknown
0059ed10	FUN_0059ed10	6	unknown
0059ed20	FUN_0059ed20	6	unknown
0059ed30	FUN_0059ed30	6	unknown
0059ed40	FUN_0059ed40	6	unknown
0059ed50	FUN_0059ed50	35	unknown
0059ed80	FUN_0059ed80	6	unknown
0059ed90	FUN_0059ed90	35	unknown
0059edc0	FUN_0059edc0	6	unknown
0059edd0	FUN_0059edd0	35	unknown
0059ee00	FUN_0059ee00	6	unknown
0059ee10	FUN_0059ee10	35	unknown
0059ee40	FUN_0059ee40	6	unknown
0059ee50	FUN_0059ee50	35	unknown
0059ee80	FUN_0059ee80	56	unknown
0059eec0	FUN_0059eec0	85	unknown
0059ef20	FUN_0059ef20	85	unknown
0059ef80	FUN_0059ef80	85	unknown
0059efe0	FUN_0059efe0	85	unknown
0059f040	FUN_0059f040	85	unknown
0059f0a0	FUN_0059f0a0	55	unknown
0059f0e0	FUN_0059f0e0	55	unknown
0059f120	FUN_0059f120	55	unknown
0059f160	FUN_0059f160	55	unknown
0059f1a0	FUN_0059f1a0	55	unknown
0059f1e0	FUN_0059f1e0	155	unknown
0059f280	FUN_0059f280	155	unknown
0059f320	FUN_0059f320	155	unknown
0059f3c0	FUN_0059f3c0	155	unknown
0059f460	FUN_0059f460	182	unknown
0059f520	FUN_0059f520	204	unknown
0059f5f0	FUN_0059f5f0	38	unknown
0059f620	FUN_0059f620	204	unknown
0059f6f0	FUN_0059f6f0	91	unknown
0059f750	FUN_0059f750	204	unknown
0059f820	FUN_0059f820	91	unknown
0059f880	FUN_0059f880	38	unknown
0059f8b0	FUN_0059f8b0	204	unknown
0059f980	FUN_0059f980	91	unknown
0059f9e0	FUN_0059f9e0	38	unknown
0059fa10	FUN_0059fa10	204	unknown
0059fae0	FUN_0059fae0	155	unknown
0059fb80	FUN_0059fb80	155	unknown
0059fc20	FUN_0059fc20	157	unknown
0059fcc0	FUN_0059fcc0	157	unknown
0059fd60	FUN_0059fd60	12	unknown
0059fd70	FUN_0059fd70	38	unknown
0059fda0	FUN_0059fda0	157	unknown
0059fe40	FUN_0059fe40	12	unknown
0059fe50	FUN_0059fe50	38	unknown
0059fe80	FUN_0059fe80	157	unknown
0059ff20	FUN_0059ff20	46	unknown
0059ff50	FUN_0059ff50	185	unknown
005a0010	FUN_005a0010	123	unknown
005a00a0	FUN_005a00a0	185	unknown
005a0160	FUN_005a0160	123	unknown
005a01f0	FUN_005a01f0	185	unknown
005a02b0	FUN_005a02b0	123	unknown
005a0340	FUN_005a0340	185	unknown
005a0400	FUN_005a0400	123	unknown
005a0490	FUN_005a0490	185	unknown
005a0550	FUN_005a0550	123	unknown
005a05e0	FUN_005a05e0	157	unknown
005a0680	FUN_005a0680	157	unknown
005a0720	FUN_005a0720	46	unknown
005a0750	FUN_005a0750	186	unknown
005a0810	FUN_005a0810	186	unknown
005a08d0	FUN_005a08d0	186	unknown
005a0990	FUN_005a0990	186	unknown
005a0a50	FUN_005a0a50	186	unknown
005a0b10	FUN_005a0b10	163	unknown
005a0bc0	FUN_005a0bc0	186	unknown
005a0c80	FUN_005a0c80	74	unknown
005a0cd0	FUN_005a0cd0	155	unknown
005a0d70	FUN_005a0d70	204	unknown
005a0e40	FUN_005a0e40	157	unknown
005a0ee0	FUN_005a0ee0	46	unknown
005a0f10	FUN_005a0f10	185	unknown
005a0fd0	FUN_005a0fd0	8	unknown
005a0fe0	FUN_005a0fe0	45	unknown
005a1010	FUN_005a1010	136	unknown
005a10b0	FUN_005a10b0	186	unknown
005a1170	FUN_005a1170	8	unknown
005a1180	FUN_005a1180	27	unknown
005a11a0	FUN_005a11a0	191	unknown
005a1260	FUN_005a1260	191	unknown
005a1320	FUN_005a1320	191	unknown
005a13e0	FUN_005a13e0	191	unknown
005a14a0	FUN_005a14a0	191	unknown
005a1560	FUN_005a1560	3256	unknown
005a2220	thunk_FUN_005a1560	5	unknown
005a2230	NetworkableInfoManager__v0_slot08	25	unknown
005a2250	NetworkableInfoManager__v0_slot07	25	unknown
005a2270	FUN_005a2270	71	unknown
005a22c0	FUN_005a22c0	43	unknown
005a2300	FUN_005a2300	117	unknown
005a2375	Catch@005a2375	9	unknown
005a2390	FUN_005a2390	138	unknown
005a241a	Catch@005a241a	9	unknown
005a2430	FUN_005a2430	168	unknown
005a24e0	NetworkableInfoManager__v0_slot05	53	unknown
005a2520	NetworkableInfoManager__v0_slot04	53	unknown
005a2560	NetworkableInfoManager__v0_slot12	143	unknown
005a25f0	FUN_005a25f0	236	unknown
005a26f0	FUN_005a26f0	428	unknown
005a28a0	FUN_005a28a0	134	unknown
005a2930	FUN_005a2930	185	unknown
005a29f0	FUN_005a29f0	183	unknown
005a2ab0	FUN_005a2ab0	530	unknown
005a2c10	Catch@005a2c10	9	unknown
005a2ce0	FUN_005a2ce0	90	unknown
005a2d40	NetworkableInfoManager__v0_slot11	358	unknown
005a2eb0	NetworkableInfoManager__v0_slot13	232	unknown
005a2fa0	NetworkableInfoManager__v0_slot06	81	unknown
005a3000	FUN_005a3000	184	unknown
005a30c0	NetworkableInfoManager__v0_slot03	37	unknown
005a30f0	NetworkableInfoManager__v0_slot00	27	unknown
005a3110	FUN_005a3110	37	unknown
005a3190	FUN_005a3190	134	unknown
005a3220	FUN_005a3220	203	unknown
005a32f0	FUN_005a32f0	57	unknown
005a3330	SimpleObjectNetworkable__v0_slot05	6	unknown
005a3340	FUN_005a3340	29	unknown
005a3360	FUN_005a3360	260	unknown
005a3470	FUN_005a3470	278	unknown
005a3590	FUN_005a3590	594	unknown
005a37f0	FUN_005a37f0	135	unknown
005a3880	FUN_005a3880	91	unknown
005a38e0	FUN_005a38e0	269	unknown
005a39f0	SimpleObjectNetworkable__v0_slot04	503	unknown
005a3bf0	SimpleObjectNetworkable__v0_slot06	809	unknown
005a3f20	SimpleObjectNetworkable__v0_slot09	273	unknown
005a4040	SimpleObjectNetworkable__v56_slot04	191	unknown
005a4a90	FUN_005a4a90	88	unknown
005a4af0	FUN_005a4af0	109	unknown
005a4b60	FUN_005a4b60	81	unknown
005a4bc0	FUN_005a4bc0	310	unknown
005a4d00	FUN_005a4d00	213	unknown
005a4de0	SimpleObjectNetworkable__v0_slot07	953	unknown
005a51a0	SimpleObjectNetworkable__v0_slot08	1836	unknown
005a58d0	FUN_005a58d0	130	unknown
005a5960	FUN_005a5960	57	unknown
005a59a0	RotationalBundleNetworkable__v0_slot05	6	unknown
005a59b0	RotationalBundleNetworkable__v0_slot06	627	unknown
005a5c30	RotationalBundleNetworkable__v0_slot04	341	unknown
005a5d90	RotationalBundleNetworkable__v0_slot09	108	unknown
005a5e00	RotationalBundleNetworkable__v56_slot04	1726	unknown
005a64d0	FUN_005a64d0	121	unknown
005a6550	RotationalBundleNetworkable__v0_slot07	439	unknown
005a6710	RotationalBundleNetworkable__v0_slot08	1249	unknown
005a6c00	FUN_005a6c00	130	unknown
005a6c90	FUN_005a6c90	57	unknown
005a6cd0	FreeCameraNetworkable__v0_slot06	326	unknown
005a6e20	FreeCameraNetworkable__v0_slot04	291	unknown
005a6f50	FreeCameraNetworkable__v56_slot04	877	unknown
005a72c0	FreeCameraNetworkable__v0_slot07	318	unknown
005a7400	FreeCameraNetworkable__v0_slot08	652	unknown
005a7690	FUN_005a7690	144	unknown
005a7720	FUN_005a7720	213	unknown
005a7800	FUN_005a7800	57	unknown
005a7840	BFSoldierNetworkable__v0_slot05	6	unknown
005a7850	BFSoldierNetworkable__v0_slot06	1062	unknown
005a7c80	FUN_005a7c80	133	unknown
005a7d10	BFSoldierNetworkable__v0_slot04	593	unknown
005a7f70	BFSoldierNetworkable__v0_slot09	215	unknown
005a8050	BFSoldierNetworkable__v56_slot04	3936	unknown
005a8fc0	BFSoldierNetworkable__v0_slot07	1264	unknown
005a94b0	BFSoldierNetworkable__v0_slot08	2048	unknown
005a9cb0	FUN_005a9cb0	57	unknown
005a9cf0	ItemNetworkable__v0_slot06	295	unknown
005a9e20	ItemNetworkable__v0_slot04	256	unknown
005a9f20	ItemNetworkable__v0_slot07	318	unknown
005aa060	ItemNetworkable__v0_slot08	697	unknown
005aa320	FUN_005aa320	21	unknown
005aa340	PlayerControlObjectNetworkable__v0_slot04	30	unknown
005aa360	FUN_005aa360	57	unknown
005aa3a0	KitNetworkable__v0_slot06	257	unknown
005aa4b0	KitNetworkable__v0_slot04	239	unknown
005aa5a0	KitNetworkable__v0_slot07	394	unknown
005aa730	KitNetworkable__v0_slot08	669	unknown
005aa9d0	FUN_005aa9d0	143	unknown
005aaa60	FUN_005aaa60	57	unknown
005aaaa0	ProjectileNetworkable__v0_slot04	685	unknown
005aad50	ProjectileNetworkable__v0_slot06	1096	unknown
005ab1a0	ProjectileNetworkable__v56_slot04	1619	unknown
005ab810	ProjectileNetworkable__v0_slot07	984	unknown
005abbf0	ProjectileNetworkable__v0_slot08	2257	unknown
005ac4d0	FUN_005ac4d0	57	unknown
005ac510	FireArmsNetworkable__v0_slot04	444	unknown
005ac6d0	FireArmsNetworkable__v0_slot06	754	unknown
005ac9d0	FireArmsNetworkable__v0_slot07	590	unknown
005acc20	FireArmsNetworkable__v0_slot08	1339	unknown
005ad160	FUN_005ad160	57	unknown
005ad1a0	ControlPointNetworkable__v0_slot04	186	unknown
005ad260	ControlPointNetworkable__v0_slot06	210	unknown
005ad340	ControlPointNetworkable__v0_slot07	359	unknown
005ad4b0	ControlPointNetworkable__v0_slot08	644	unknown
005ad740	FUN_005ad740	57	unknown
005ad780	EngineNetworkable__v0_slot04	180	unknown
005ad840	EngineNetworkable__v0_slot09	96	unknown
005ad8a0	EngineNetworkable__v0_slot06	533	unknown
005adac0	EngineNetworkable__v56_slot04	299	unknown
005adbf0	EngineNetworkable__v0_slot07	878	unknown
005adf60	EngineNetworkable__v0_slot08	1471	unknown
005ae520	FUN_005ae520	53	unknown
005ae560	MusicPlayerNetworkable__v0_slot04	166	unknown
005ae610	MusicPlayerNetworkable__v0_slot06	125	unknown
005ae690	MusicPlayerNetworkable__v0_slot07	261	unknown
005ae7a0	MusicPlayerNetworkable__v0_slot08	467	unknown
005ae980	FUN_005ae980	21	unknown
005ae9a0	FUN_005ae9a0	37	unknown
005ae9d0	WinchNetworkable__v0_slot06	847	unknown
005aed20	FUN_005aed20	524	unknown
005aee79	Catch@005aee79	9	unknown
005aef50	FUN_005aef50	123	unknown
005aefd0	FUN_005aefd0	77	unknown
005af020	FUN_005af020	154	unknown
005af0c0	WinchNetworkable__v0_slot04	219	unknown
005af1a0	WinchNetworkable__v0_slot07	753	unknown
005af4a0	WinchNetworkable__v0_slot08	1625	unknown
005afb00	FUN_005afb00	57	unknown
005afb40	WireLinkNetworkable__v0_slot06	233	unknown
005afc30	WireLinkNetworkable__v56_slot04	378	unknown
005afdb0	WireLinkNetworkable__v0_slot04	242	unknown
005afeb0	WireLinkNetworkable__v0_slot07	436	unknown
005b0070	WireLinkNetworkable__v0_slot08	1045	unknown
005b0490	FUN_005b0490	57	unknown
005b04d0	HookNetworkable__v0_slot06	104	unknown
005b0540	HookNetworkable__v0_slot04	358	unknown
005b06b0	HookNetworkable__v56_slot04	200	unknown
005b0790	HookNetworkable__v0_slot07	227	unknown
005b0880	HookNetworkable__v0_slot08	422	unknown
005b0a30	FUN_005b0a30	126	unknown
005b0ab0	FUN_005b0ab0	55	unknown
005b0af0	FUN_005b0af0	49	unknown
005b0b30	FUN_005b0b30	31	unknown
005b0b50	FUN_005b0b50	25	unknown
005b0b70	FUN_005b0b70	13	unknown
005b0b80	FUN_005b0b80	133	unknown
005b0c10	FUN_005b0c10	49	unknown
005b0c50	FUN_005b0c50	7	unknown
005b0c60	FUN_005b0c60	11	unknown
005b0c70	FUN_005b0c70	96	unknown
005b0cd0	FUN_005b0cd0	69	unknown
005b0d20	FUN_005b0d20	6	unknown
005b0d30	FUN_005b0d30	26	unknown
005b0d50	FUN_005b0d50	13	unknown
005b0d60	FUN_005b0d60	7	unknown
005b0d70	FUN_005b0d70	8	unknown
005b0d80	FUN_005b0d80	11	unknown
005b0d90	FUN_005b0d90	11	unknown
005b0da0	FUN_005b0da0	11	unknown
005b0db0	FUN_005b0db0	11	unknown
005b0dc0	FUN_005b0dc0	49	unknown
005b0e00	FUN_005b0e00	34	unknown
005b0e30	FUN_005b0e30	55	unknown
005b0e70	FUN_005b0e70	53	unknown
005b0eb0	FUN_005b0eb0	24	unknown
005b0ed0	FUN_005b0ed0	96	unknown
005b0f30	FUN_005b0f30	49	unknown
005b0f70	FUN_005b0f70	88	unknown
005b0fd0	FUN_005b0fd0	19	unknown
005b0ff0	FUN_005b0ff0	34	unknown
005b1020	FUN_005b1020	79	unknown
005b1070	FUN_005b1070	83	unknown
005b10d0	FUN_005b10d0	34	unknown
005b1100	FUN_005b1100	104	unknown
005b1168	Catch@005b1168	9	unknown
005b1180	FUN_005b1180	29	unknown
005b11a0	FUN_005b11a0	102	unknown
005b1210	FUN_005b1210	55	unknown
005b1250	FUN_005b1250	889	unknown
005b15e0	FUN_005b15e0	199	unknown
005b16aa	Catch@005b16aa	9	unknown
005b16c0	FUN_005b16c0	175	unknown
005b1770	FUN_005b1770	6	unknown
005b1780	FUN_005b1780	38	unknown
005b17b0	FUN_005b17b0	8	unknown
005b17c0	FUN_005b17c0	11	unknown
005b17d0	FUN_005b17d0	11	unknown
005b17e0	FUN_005b17e0	206	unknown
005b18c0	FUN_005b18c0	254	unknown
005b19d0	FUN_005b19d0	254	unknown
005b1ae0	FUN_005b1ae0	27	unknown
005b1b00	FUN_005b1b00	27	unknown
005b1bc0	FUN_005b1bc0	1198	unknown
005b20a0	FUN_005b20a0	11	unknown
005b20b0	FUN_005b20b0	27	unknown
005b20d0	FUN_005b20d0	34	unknown
005b2100	ControlPoint__v344_slot07	44	unknown
005b2130	ControlPoint__v344_slot09	97	unknown
005b21a0	FUN_005b21a0	10	unknown
005b21b0	FUN_005b21b0	52	unknown
005b21f0	FUN_005b21f0	31	unknown
005b2210	FUN_005b2210	33	unknown
005b2240	FUN_005b2240	40	unknown
005b2270	FUN_005b2270	43	unknown
005b22a0	ControlPoint__v344_slot08	123	unknown
005b2320	FUN_005b2320	43	unknown
005b2350	FUN_005b2350	43	unknown
005b2380	FUN_005b2380	46	unknown
005b23b0	FUN_005b23b0	26	unknown
005b23d0	FUN_005b23d0	29	unknown
005b23f0	FUN_005b23f0	107	unknown
005b245b	Catch@005b245b	9	unknown
005b2470	FUN_005b2470	107	unknown
005b24db	Catch@005b24db	9	unknown
005b24f0	FUN_005b24f0	107	unknown
005b255b	Catch@005b255b	9	unknown
005b2570	FUN_005b2570	107	unknown
005b25db	Catch@005b25db	9	unknown
005b25f0	FUN_005b25f0	90	unknown
005b2650	FUN_005b2650	102	unknown
005b26b6	Catch@005b26b6	9	unknown
005b26c0	FUN_005b26c0	102	unknown
005b2726	Catch@005b2726	9	unknown
005b2730	FUN_005b2730	102	unknown
005b2796	Catch@005b2796	9	unknown
005b27a0	FUN_005b27a0	102	unknown
005b2806	Catch@005b2806	9	unknown
005b2810	FUN_005b2810	104	unknown
005b2878	Catch@005b2878	9	unknown
005b2890	ControlPoint__v344_slot06	311	unknown
005b29d0	FUN_005b29d0	126	unknown
005b2a50	FUN_005b2a50	27	unknown
005b2a70	FUN_005b2a70	27	unknown
005b2a90	FUN_005b2a90	27	unknown
005b2ab0	FUN_005b2ab0	27	unknown
005b2ad0	FUN_005b2ad0	86	unknown
005b2b30	FUN_005b2b30	41	unknown
005b2b60	FUN_005b2b60	42	unknown
005b2b90	FUN_005b2b90	42	unknown
005b2bc0	FUN_005b2bc0	42	unknown
005b2bf0	FUN_005b2bf0	29	unknown
005b2c10	FUN_005b2c10	137	unknown
005b2ca0	FUN_005b2ca0	11	unknown
005b2cb0	ControlPoint__v344_slot04	41	unknown
005b2ce0	ControlPoint__v344_slot05	70	unknown
005b2d30	FUN_005b2d30	490	unknown
005b2f20	FUN_005b2f20	810	unknown
005b3250	FUN_005b3250	254	unknown
005b3360	FUN_005b3360	26	unknown
005b3380	FUN_005b3380	6	unknown
005b3390	FUN_005b3390	8	unknown
005b33a0	FUN_005b33a0	11	unknown
005b33b0	FUN_005b33b0	127	unknown
005b3430	FUN_005b3430	512	unknown
005b3630	FUN_005b3630	236	unknown
005b371f	Catch@005b371f	9	unknown
005b3740	FUN_005b3740	636	unknown
005b38e7	Catch@005b38e7	9	unknown
005b39e0	FUN_005b39e0	632	unknown
005b3b87	Catch@005b3b87	9	unknown
005b3c70	FUN_005b3c70	535	unknown
005b3dd4	Catch@005b3dd4	9	unknown
005b3ea0	FUN_005b3ea0	655	unknown
005b4057	Catch@005b4057	9	unknown
005b4150	FUN_005b4150	27	unknown
005b4170	ControlPoint__v0_slot18	173	unknown
005b4220	FUN_005b4220	27	unknown
005b4240	FUN_005b4240	103	unknown
005b42b0	FUN_005b42b0	102	unknown
005b4320	FUN_005b4320	106	unknown
005b4390	FUN_005b4390	176	unknown
005b4440	FUN_005b4440	128	unknown
005b44c0	FUN_005b44c0	130	unknown
005b4550	FUN_005b4550	98	unknown
005b45c0	FUN_005b45c0	137	unknown
005b4650	FUN_005b4650	610	unknown
005b48c0	FUN_005b48c0	678	unknown
005b4b70	FUN_005b4b70	210	unknown
005b4c50	FUN_005b4c50	1267	unknown
005b5180	FUN_005b5180	129	unknown
005b5210	FUN_005b5210	34	unknown
005b5240	HandFireArms__v864_slot04	69	unknown
005b5290	HandFireArms__v864_slot05	101	unknown
005b5300	HandFireArms__v864_slot11	138	unknown
005b5390	thunk_FUN_00572150	5	unknown
005b53a0	HandFireArms__v864_slot12	13	unknown
005b53b0	HandFireArms__v0_slot66	97	unknown
005b5420	HandFireArms__v0_slot68	113	unknown
005b54a0	FUN_005b54a0	43	unknown
005b54d0	FUN_005b54d0	43	unknown
005b5500	FUN_005b5500	33	unknown
005b5530	FUN_005b5530	127	unknown
005b55b0	HandFireArms__v0_slot03	69	unknown
005b5600	HandFireArms__v344_slot00	11	unknown
005b5610	HandFireArms__v344_slot03	11	unknown
005b5620	HandFireArms__v864_slot00	11	unknown
005b5630	HandFireArms__v864_slot03	11	unknown
005b5640	HandFireArms__v864_slot13	11	unknown
005b5650	HandFireArms__v0_slot01	14	unknown
005b5660	HandFireArms__v0_slot02	32	unknown
005b5680	HandFireArms__v0_slot00	49	unknown
005b56c0	HandFireArms__v344_slot01	11	unknown
005b56d0	HandFireArms__v344_slot02	11	unknown
005b56e0	HandFireArms__v864_slot01	11	unknown
005b56f0	HandFireArms__v864_slot02	11	unknown
005b5700	HandFireArms__v0_slot67	1227	unknown
005b5bd0	HandFireArms__v864_slot10	461	unknown
005b5da0	FUN_005b5da0	239	unknown
005b5e90	HandFireArmsTemplate__v0_slot03	69	unknown
005b5ee0	HandFireArmsTemplate__v0_slot04	6	unknown
005b5ef0	HandFireArmsTemplate__v0_slot11	46	unknown
005b5f20	HandFireArmsTemplate__v1424_slot07	4	unknown
005b5f30	HandFireArmsTemplate__v116_slot00	8	unknown
005b5f40	HandFireArmsTemplate__v400_slot00	11	unknown
005b5f50	HandFireArmsTemplate__v400_slot03	11	unknown
005b5f60	HandFireArmsTemplate__v1424_slot00	11	unknown
005b5f70	HandFireArmsTemplate__v1424_slot03	11	unknown
005b5f80	HandFireArmsTemplate__v0_slot01	14	unknown
005b5f90	HandFireArmsTemplate__v0_slot02	32	unknown
005b5fb0	HandFireArmsTemplate__v400_slot01	11	unknown
005b5fc0	HandFireArmsTemplate__v400_slot02	11	unknown
005b5fd0	HandFireArmsTemplate__v1424_slot01	11	unknown
005b5fe0	HandFireArmsTemplate__v1424_slot02	11	unknown
005b5ff0	HandFireArmsTemplate__v0_slot12	34	unknown
005b6020	HandFireArmsTemplate__v0_slot00	49	unknown
005b6060	FUN_005b6060	35	unknown
005b6090	FUN_005b6090	80	unknown
005b60e0	FUN_005b60e0	223	unknown
005b61c0	FUN_005b61c0	40	unknown
005b61f0	FUN_005b61f0	67	unknown
005b6240	FUN_005b6240	5	unknown
005b6250	FUN_005b6250	53	unknown
005b6290	FUN_005b6290	53	unknown
005b62d0	FUN_005b62d0	53	unknown
005b6310	FUN_005b6310	92	unknown
005b6370	FUN_005b6370	6	unknown
005b6380	FUN_005b6380	26	unknown
005b63a0	FUN_005b63a0	227	unknown
005b6490	FUN_005b6490	99	unknown
005b6500	FUN_005b6500	76	unknown
005b6550	FUN_005b6550	40	unknown
005b6580	FUN_005b6580	34	unknown
005b65b0	FUN_005b65b0	25	unknown
005b65d0	FUN_005b65d0	103	unknown
005b6640	FUN_005b6640	47	unknown
005b6670	FUN_005b6670	11	unknown
005b6680	FUN_005b6680	73	unknown
005b66d0	FUN_005b66d0	70	unknown
005b6720	FUN_005b6720	65	unknown
005b6770	FUN_005b6770	6	unknown
005b6780	FUN_005b6780	38	unknown
005b67b0	FUN_005b67b0	8	unknown
005b67c0	FUN_005b67c0	11	unknown
005b67d0	FUN_005b67d0	11	unknown
005b67e0	FUN_005b67e0	27	unknown
005b6800	FUN_005b6800	34	unknown
005b6830	FUN_005b6830	363	unknown
005b69a0	FUN_005b69a0	598	unknown
005b6c00	FUN_005b6c00	277	unknown
005b6d20	FUN_005b6d20	47	unknown
005b6d50	FUN_005b6d50	85	unknown
005b6db0	FUN_005b6db0	6	unknown
005b6dc0	FUN_005b6dc0	45	unknown
005b6df0	FUN_005b6df0	8	unknown
005b6e00	FUN_005b6e00	78	unknown
005b6e50	FUN_005b6e50	40	unknown
005b6e80	FUN_005b6e80	784	unknown
005b71a0	FUN_005b71a0	123	unknown
005b7220	FUN_005b7220	149	unknown
005b72c0	FUN_005b72c0	43	unknown
005b72f0	FUN_005b72f0	13	unknown
005b7300	FUN_005b7300	49	unknown
005b7340	FUN_005b7340	11	unknown
005b7350	PlayerControlObject__v0_slot01	14	unknown
005b7360	FUN_005b7360	143	unknown
005b73f0	FUN_005b73f0	69	unknown
005b7440	FUN_005b7440	6	unknown
005b7450	FUN_005b7450	26	unknown
005b7470	FUN_005b7470	15	unknown
005b7480	FUN_005b7480	8	unknown
005b7490	FUN_005b7490	11	unknown
005b74a0	FUN_005b74a0	11	unknown
005b74b0	FUN_005b74b0	11	unknown
005b74c0	FUN_005b74c0	11	unknown
005b74d0	FUN_005b74d0	77	unknown
005b7520	FUN_005b7520	152	unknown
005b75c0	FUN_005b75c0	27	unknown
005b75e0	FUN_005b75e0	117	unknown
005b7660	FUN_005b7660	23	unknown
005b7680	FUN_005b7680	48	unknown
005b76c0	FUN_005b76c0	67	unknown
005b7710	FUN_005b7710	84	unknown
005b7770	FUN_005b7770	81	unknown
005b77d0	FUN_005b77d0	6	unknown
005b77e0	FUN_005b77e0	26	unknown
005b7800	FUN_005b7800	8	unknown
005b7810	FUN_005b7810	13	unknown
005b7820	FUN_005b7820	7	unknown
005b7830	FUN_005b7830	8	unknown
005b7840	FUN_005b7840	11	unknown
005b7850	FUN_005b7850	47	unknown
005b7880	FUN_005b7880	40	unknown
005b78b0	FUN_005b78b0	58	unknown
005b78f0	FUN_005b78f0	59	unknown
005b7930	FUN_005b7930	6	unknown
005b7940	FUN_005b7940	26	unknown
005b7960	FUN_005b7960	87	unknown
005b79c0	FUN_005b79c0	506	unknown
005b7bc0	FUN_005b7bc0	244	unknown
005b7cc0	FUN_005b7cc0	57	unknown
005b7d00	FUN_005b7d00	45	unknown
005b7d30	FUN_005b7d30	6	unknown
005b7d40	FUN_005b7d40	26	unknown
005b7d60	FUN_005b7d60	27	unknown
005b7d80	FUN_005b7d80	27	unknown
005b7da0	FUN_005b7da0	47	unknown
005b7dd0	SpawnPoint__v0_slot04	5	unknown
005b7de0	FUN_005b7de0	7	unknown
005b7df0	FUN_005b7df0	89	unknown
005b7e50	FUN_005b7e50	45	unknown
005b7e80	FUN_005b7e80	41	unknown
005b7eb0	FUN_005b7eb0	107	unknown
005b7f1b	Catch@005b7f1b	9	unknown
005b7f30	FUN_005b7f30	131	unknown
005b7fc0	FUN_005b7fc0	119	unknown
005b8040	FUN_005b8040	67	unknown
005b8090	FUN_005b8090	102	unknown
005b80f6	Catch@005b80f6	9	unknown
005b8100	FUN_005b8100	214	unknown
005b81e0	FUN_005b81e0	27	unknown
005b8200	FUN_005b8200	657	unknown
005b84a0	FUN_005b84a0	38	unknown
005b84d0	FUN_005b84d0	77	unknown
005b8520	FUN_005b8520	534	unknown
005b8686	Catch@005b8686	9	unknown
005b8750	FUN_005b8750	110	unknown
005b87c0	FUN_005b87c0	6	unknown
005b87d0	FUN_005b87d0	26	unknown
005b87f0	FUN_005b87f0	8	unknown
005b8800	FUN_005b8800	11	unknown
005b8810	FUN_005b8810	34	unknown
005b8840	FUN_005b8840	40	unknown
005b8870	FUN_005b8870	98	unknown
005b88e0	FUN_005b88e0	142	unknown
005b8970	FUN_005b8970	316	unknown
005b8bc0	FUN_005b8bc0	54	unknown
005b8c00	FUN_005b8c00	6	unknown
005b8c10	FUN_005b8c10	82	unknown
005b8c70	FUN_005b8c70	6	unknown
005b8c80	FUN_005b8c80	82	unknown
005b8ce0	FUN_005b8ce0	6	unknown
005b8cf0	FUN_005b8cf0	82	unknown
005b8d50	FUN_005b8d50	12	unknown
005b8d60	FUN_005b8d60	6	unknown
005b8d70	FUN_005b8d70	82	unknown
005b8dd0	FUN_005b8dd0	6	unknown
005b8de0	FUN_005b8de0	82	unknown
005b8e40	FUN_005b8e40	6	unknown
005b8e50	FUN_005b8e50	82	unknown
005b8ef0	FUN_005b8ef0	32	unknown
005b8f10	FUN_005b8f10	32	unknown
005b8f30	FUN_005b8f30	32	unknown
005b8f50	FUN_005b8f50	32	unknown
005b8f70	FUN_005b8f70	32	unknown
005b8f90	FUN_005b8f90	32	unknown
005b8fb0	FUN_005b8fb0	32	unknown
005b8fd0	FUN_005b8fd0	32	unknown
005b8ff0	FUN_005b8ff0	6	unknown
005b9000	FUN_005b9000	35	unknown
005b9030	FUN_005b9030	6	unknown
005b9040	FUN_005b9040	35	unknown
005b9070	FUN_005b9070	6	unknown
005b9080	FUN_005b9080	35	unknown
005b90b0	FUN_005b90b0	6	unknown
005b90c0	FUN_005b90c0	35	unknown
005b90f0	FUN_005b90f0	6	unknown
005b9100	FUN_005b9100	35	unknown
005b9130	FUN_005b9130	6	unknown
005b9140	FUN_005b9140	35	unknown
005b9170	FUN_005b9170	56	unknown
005b91b0	FUN_005b91b0	18	unknown
005b91d0	FUN_005b91d0	82	unknown
005b9230	FUN_005b9230	35	unknown
005b9260	FUN_005b9260	6	unknown
005b9270	FUN_005b9270	6	unknown
005b9280	FUN_005b9280	82	unknown
005b92e0	FUN_005b92e0	35	unknown
005b9310	FUN_005b9310	21	unknown
005b9330	FUN_005b9330	155	unknown
005b93d0	FUN_005b93d0	155	unknown
005b9470	FUN_005b9470	155	unknown
005b9510	FUN_005b9510	155	unknown
005b95b0	FUN_005b95b0	155	unknown
005b9650	FUN_005b9650	204	unknown
005b9720	FUN_005b9720	91	unknown
005b9780	FUN_005b9780	38	unknown
005b97b0	FUN_005b97b0	204	unknown
005b9880	FUN_005b9880	91	unknown
005b98e0	FUN_005b98e0	38	unknown
005b9910	FUN_005b9910	204	unknown
005b99e0	FUN_005b99e0	204	unknown
005b9ab0	FUN_005b9ab0	91	unknown
005b9b10	FUN_005b9b10	38	unknown
005b9b40	FUN_005b9b40	204	unknown
005b9c10	FUN_005b9c10	204	unknown
005b9ce0	FUN_005b9ce0	91	unknown
005b9d40	FUN_005b9d40	38	unknown
005b9d70	FUN_005b9d70	204	unknown
005b9e40	FUN_005b9e40	204	unknown
005b9f10	FUN_005b9f10	155	unknown
005b9fb0	FUN_005b9fb0	157	unknown
005ba050	FUN_005ba050	12	unknown
005ba060	FUN_005ba060	38	unknown
005ba090	FUN_005ba090	157	unknown
005ba130	FUN_005ba130	12	unknown
005ba140	FUN_005ba140	38	unknown
005ba170	FUN_005ba170	157	unknown
005ba210	FUN_005ba210	157	unknown
005ba2b0	FUN_005ba2b0	157	unknown
005ba350	FUN_005ba350	46	unknown
005ba380	FUN_005ba380	185	unknown
005ba440	FUN_005ba440	123	unknown
005ba4d0	FUN_005ba4d0	185	unknown
005ba590	FUN_005ba590	123	unknown
005ba620	FUN_005ba620	185	unknown
005ba6e0	FUN_005ba6e0	123	unknown
005ba770	FUN_005ba770	185	unknown
005ba830	FUN_005ba830	185	unknown
005ba8f0	FUN_005ba8f0	123	unknown
005ba980	FUN_005ba980	185	unknown
005baa40	FUN_005baa40	45	unknown
005baa70	FUN_005baa70	185	unknown
005bab30	FUN_005bab30	123	unknown
005babc0	FUN_005babc0	185	unknown
005bac80	FUN_005bac80	123	unknown
005bad10	FUN_005bad10	157	unknown
005badb0	FUN_005badb0	186	unknown
005bae70	FUN_005bae70	186	unknown
005baf30	FUN_005baf30	186	unknown
005baff0	FUN_005baff0	186	unknown
005bb0b0	FUN_005bb0b0	186	unknown
005bb170	FUN_005bb170	171	unknown
005bb230	FUN_005bb230	186	unknown
005bb2f0	FUN_005bb2f0	74	unknown
005bb340	FUN_005bb340	152	unknown
005bb3e0	FUN_005bb3e0	155	unknown
005bb480	FUN_005bb480	121	unknown
005bb500	FUN_005bb500	130	unknown
005bb590	FUN_005bb590	157	unknown
005bb630	FUN_005bb630	46	unknown
005bb660	FUN_005bb660	186	unknown
005bb720	FUN_005bb720	8	unknown
005bb730	FUN_005bb730	74	unknown
005bb780	FUN_005bb780	170	unknown
005bb840	FUN_005bb840	8	unknown
005bb850	FUN_005bb850	27	unknown
005bb870	FUN_005bb870	191	unknown
005bb930	FUN_005bb930	191	unknown
005bb9f0	FUN_005bb9f0	191	unknown
005bbab0	FUN_005bbab0	191	unknown
005bbb70	FUN_005bbb70	191	unknown
005bbc30	FUN_005bbc30	191	unknown
005bbcf0	FUN_005bbcf0	191	unknown
005bbdb0	FUN_005bbdb0	191	unknown
005bbe70	FUN_005bbe70	3025	unknown
005bca50	thunk_FUN_005bbe70	5	unknown
005bca60	FUN_005bca60	34	unknown
005bca90	FUN_005bca90	99	unknown
005bcb00	FUN_005bcb00	79	unknown
005bcb60	ProjectileTemplate__v0_slot03	49	unknown
005bcba0	FUN_005bcba0	6	unknown
005bcbb0	FUN_005bcbb0	26	unknown
005bcbd0	FUN_005bcbd0	8	unknown
005bcbe0	FUN_005bcbe0	11	unknown
005bcbf0	ControlPointTemplate__v0_slot01	14	unknown
005bcc00	FUN_005bcc00	27	unknown
005bcc20	FUN_005bcc20	181	unknown
005bcce0	FUN_005bcce0	57	unknown
005bcd20	FUN_005bcd20	6	unknown
005bcd30	FUN_005bcd30	26	unknown
005bcd50	FUN_005bcd50	66	unknown
005bcda0	FUN_005bcda0	127	unknown
005bce50	FUN_005bce50	8	unknown
005bce60	FUN_005bce60	11	unknown
005bce70	ProjectileTemplate__v400_slot03	11	unknown
005bce80	FUN_005bce80	91	unknown
005bcee0	FUN_005bcee0	50	unknown
005bcf20	FUN_005bcf20	33	unknown
005bcf50	ControlPointTemplate__v400_slot01	11	unknown
005bcf60	ControlPointTemplate__v400_slot02	11	unknown
005bcf70	FUN_005bcf70	445	unknown
005bd130	FUN_005bd130	34	unknown
005bd160	FUN_005bd160	116	unknown
005bd1e0	FUN_005bd1e0	55	unknown
005bd220	FUN_005bd220	17	unknown
005bd240	FUN_005bd240	77	unknown
005bd290	FUN_005bd290	132	unknown
005bd320	FUN_005bd320	6	unknown
005bd330	FUN_005bd330	26	unknown
005bd350	FUN_005bd350	7	unknown
005bd360	FUN_005bd360	7	unknown
005bd370	FUN_005bd370	65	unknown
005bd3c0	FUN_005bd3c0	8	unknown
005bd3d0	FUN_005bd3d0	11	unknown
005bd3e0	FUN_005bd3e0	110	unknown
005bd450	FUN_005bd450	50	unknown
005bd490	FUN_005bd490	6	unknown
005bd4a0	FUN_005bd4a0	26	unknown
005bd4c0	FUN_005bd4c0	34	unknown
005bd4f0	FUN_005bd4f0	8	unknown
005bd500	FUN_005bd500	11	unknown
005bd510	FUN_005bd510	88	unknown
005bd570	FUN_005bd570	50	unknown
005bd5b0	PlayerControlObjectTemplate__v428_slot69	13	unknown
005bd5e0	FUN_005bd5e0	37	unknown
005bd610	FUN_005bd610	37	unknown
005bd640	Projectile__v0_slot39	3	unknown
005bd650	FUN_005bd650	37	unknown
005bd680	FUN_005bd680	39	unknown
005bd6b0	FUN_005bd6b0	55	unknown
005bd6f0	FUN_005bd6f0	55	unknown
005bd730	FUN_005bd730	55	unknown
005bd770	FUN_005bd770	55	unknown
005bd7b0	FUN_005bd7b0	55	unknown
005bd7f0	FUN_005bd7f0	37	unknown
005bd820	FUN_005bd820	54	unknown
005bd860	FUN_005bd860	37	unknown
005bd890	FUN_005bd890	37	unknown
005bd8c0	FUN_005bd8c0	37	unknown
005bd8f0	FUN_005bd8f0	54	unknown
005bd930	FUN_005bd930	54	unknown
005bd970	FUN_005bd970	54	unknown
005bd9b0	FUN_005bd9b0	6	unknown
005bd9c0	FUN_005bd9c0	82	unknown
005bda20	FUN_005bda20	6	unknown
005bda30	FUN_005bda30	82	unknown
005bda90	FUN_005bda90	6	unknown
005bdaa0	FUN_005bdaa0	82	unknown
005bdb00	FUN_005bdb00	6	unknown
005bdb10	FUN_005bdb10	82	unknown
005bdb70	FUN_005bdb70	6	unknown
005bdb80	FUN_005bdb80	82	unknown
005bdbe0	FUN_005bdbe0	6	unknown
005bdbf0	FUN_005bdbf0	82	unknown
005bdc50	FUN_005bdc50	6	unknown
005bdc60	FUN_005bdc60	82	unknown
005bdcc0	FUN_005bdcc0	6	unknown
005bdcd0	FUN_005bdcd0	82	unknown
005bdd30	FUN_005bdd30	6	unknown
005bdd40	FUN_005bdd40	82	unknown
005bdda0	FUN_005bdda0	6	unknown
005bddb0	FUN_005bddb0	82	unknown
005bde10	FUN_005bde10	6	unknown
005bde20	FUN_005bde20	82	unknown
005bde80	FUN_005bde80	6	unknown
005bde90	FUN_005bde90	82	unknown
005bdef0	FUN_005bdef0	12	unknown
005bdf00	FUN_005bdf00	38	unknown
005bdf30	FUN_005bdf30	12	unknown
005bdf40	FUN_005bdf40	38	unknown
005bdf70	FUN_005bdf70	12	unknown
005bdf80	FUN_005bdf80	38	unknown
005bdfb0	FUN_005bdfb0	46	unknown
005bdfe0	FUN_005bdfe0	12	unknown
005bdff0	FUN_005bdff0	38	unknown
005be020	FUN_005be020	32	unknown
005be040	FUN_005be040	32	unknown
005be060	FUN_005be060	32	unknown
005be080	FUN_005be080	32	unknown
005be0a0	FUN_005be0a0	32	unknown
005be0c0	FUN_005be0c0	32	unknown
005be0e0	FUN_005be0e0	32	unknown
005be100	FUN_005be100	32	unknown
005be120	FUN_005be120	6	unknown
005be130	FUN_005be130	6	unknown
005be140	FUN_005be140	35	unknown
005be170	FUN_005be170	6	unknown
005be180	FUN_005be180	35	unknown
005be1b0	FUN_005be1b0	35	unknown
005be1e0	FUN_005be1e0	6	unknown
005be1f0	FUN_005be1f0	35	unknown
005be220	FUN_005be220	6	unknown
005be230	FUN_005be230	35	unknown
005be260	FUN_005be260	6	unknown
005be270	FUN_005be270	35	unknown
005be2a0	FUN_005be2a0	6	unknown
005be2b0	FUN_005be2b0	35	unknown
005be2e0	FUN_005be2e0	6	unknown
005be2f0	FUN_005be2f0	35	unknown
005be320	FUN_005be320	6	unknown
005be330	FUN_005be330	35	unknown
005be360	FUN_005be360	6	unknown
005be370	FUN_005be370	8	unknown
005be380	FUN_005be380	35	unknown
005be3b0	FUN_005be3b0	6	unknown
005be3c0	FUN_005be3c0	35	unknown
005be3f0	FUN_005be3f0	6	unknown
005be400	FUN_005be400	35	unknown
005be430	FUN_005be430	56	unknown
005be470	FUN_005be470	56	unknown
005be4b0	FUN_005be4b0	67	unknown
005be500	FUN_005be500	67	unknown
005be550	FUN_005be550	85	unknown
005be5b0	FUN_005be5b0	85	unknown
005be640	FUN_005be640	154	unknown
005be6e0	FUN_005be6e0	247	unknown
005be7e0	FUN_005be7e0	247	unknown
005be8e0	FUN_005be8e0	168	unknown
005be990	FUN_005be990	185	unknown
005bea50	FUN_005bea50	8	unknown
005bea60	FUN_005bea60	45	unknown
005bea90	FUN_005bea90	155	unknown
005beb30	FUN_005beb30	155	unknown
005bebd0	FUN_005bebd0	176	unknown
005bec90	FUN_005bec90	148	unknown
005bed30	ORPHAN_CANDIDATE_005bed30	22	unknown
005bed50	FUN_005bed50	530	unknown
005beeb0	Catch@005beeb0	9	unknown
005bef80	FUN_005bef80	168	unknown
005bf030	FUN_005bf030	185	unknown
005bf0f0	FUN_005bf0f0	8	unknown
005bf100	FUN_005bf100	45	unknown
005bf130	FUN_005bf130	101	unknown
005bf1a0	FUN_005bf1a0	97	unknown
005bf210	FUN_005bf210	101	unknown
005bf280	FUN_005bf280	97	unknown
005bf2f0	FUN_005bf2f0	168	unknown
005bf3a0	FUN_005bf3a0	168	unknown
005bf450	FUN_005bf450	204	unknown
005bf520	FUN_005bf520	38	unknown
005bf550	FUN_005bf550	297	unknown
005bf680	FUN_005bf680	204	unknown
005bf750	FUN_005bf750	38	unknown
005bf780	FUN_005bf780	204	unknown
005bf850	FUN_005bf850	204	unknown
005bf920	FUN_005bf920	91	unknown
005bf980	FUN_005bf980	204	unknown
005bfa50	FUN_005bfa50	38	unknown
005bfa80	FUN_005bfa80	204	unknown
005bfb50	FUN_005bfb50	204	unknown
005bfc20	FUN_005bfc20	91	unknown
005bfc80	FUN_005bfc80	204	unknown
005bfd50	FUN_005bfd50	91	unknown
005bfdb0	FUN_005bfdb0	38	unknown
005bfde0	FUN_005bfde0	204	unknown
005bfeb0	FUN_005bfeb0	204	unknown
005bff80	FUN_005bff80	91	unknown
005bffe0	FUN_005bffe0	204	unknown
005c00b0	FUN_005c00b0	38	unknown
005c00e0	FUN_005c00e0	204	unknown
005c01b0	FUN_005c01b0	91	unknown
005c0210	FUN_005c0210	204	unknown
005c02e0	FUN_005c02e0	91	unknown
005c0340	FUN_005c0340	204	unknown
005c0410	FUN_005c0410	38	unknown
005c0440	FUN_005c0440	204	unknown
005c0510	FUN_005c0510	91	unknown
005c0570	FUN_005c0570	204	unknown
005c0640	FUN_005c0640	91	unknown
005c06a0	FUN_005c06a0	38	unknown
005c06d0	FUN_005c06d0	168	unknown
005c0780	FUN_005c0780	168	unknown
005c0830	FUN_005c0830	185	unknown
005c08f0	FUN_005c08f0	8	unknown
005c0900	FUN_005c0900	45	unknown
005c0930	FUN_005c0930	185	unknown
005c09f0	FUN_005c09f0	8	unknown
005c0a00	FUN_005c0a00	45	unknown
005c0a30	FUN_005c0a30	127	unknown
005c0ab0	FUN_005c0ab0	127	unknown
005c0b30	FUN_005c0b30	27	unknown
005c0b50	FUN_005c0b50	190	unknown
005c0c20	FUN_005c0c20	148	unknown
005c0cc0	FUN_005c0cc0	163	unknown
005c0d70	FUN_005c0d70	82	unknown
005c0dd0	FUN_005c0dd0	148	unknown
005c0e70	FUN_005c0e70	163	unknown
005c0f20	FUN_005c0f20	149	unknown
005c0fc0	FUN_005c0fc0	148	unknown
005c1060	FUN_005c1060	163	unknown
005c1110	FUN_005c1110	114	unknown
005c1190	FUN_005c1190	157	unknown
005c1230	FUN_005c1230	46	unknown
005c1260	FUN_005c1260	157	unknown
005c1300	FUN_005c1300	46	unknown
005c1330	FUN_005c1330	152	unknown
005c13d0	FUN_005c13d0	297	unknown
005c1500	FUN_005c1500	297	unknown
005c1630	FUN_005c1630	37	unknown
005c1660	FUN_005c1660	37	unknown
005c1690	FUN_005c1690	110	unknown
005c1710	FUN_005c1710	185	unknown
005c17d0	FUN_005c17d0	8	unknown
005c17e0	FUN_005c17e0	185	unknown
005c18a0	FUN_005c18a0	8	unknown
005c18b0	FUN_005c18b0	123	unknown
005c1940	FUN_005c1940	185	unknown
005c1a00	FUN_005c1a00	8	unknown
005c1a10	FUN_005c1a10	123	unknown
005c1aa0	FUN_005c1aa0	185	unknown
005c1b60	FUN_005c1b60	185	unknown
005c1c20	FUN_005c1c20	123	unknown
005c1cb0	FUN_005c1cb0	185	unknown
005c1d70	FUN_005c1d70	123	unknown
005c1e00	FUN_005c1e00	185	unknown
005c1ec0	FUN_005c1ec0	123	unknown
005c1f50	FUN_005c1f50	185	unknown
005c2010	FUN_005c2010	123	unknown
005c20a0	FUN_005c20a0	185	unknown
005c2160	FUN_005c2160	123	unknown
005c21f0	FUN_005c21f0	185	unknown
005c22b0	FUN_005c22b0	123	unknown
005c2340	FUN_005c2340	185	unknown
005c2400	FUN_005c2400	123	unknown
005c2490	FUN_005c2490	185	unknown
005c2550	FUN_005c2550	123	unknown
005c25e0	FUN_005c25e0	185	unknown
005c26a0	FUN_005c26a0	185	unknown
005c2760	FUN_005c2760	123	unknown
005c27f0	FUN_005c27f0	185	unknown
005c28b0	FUN_005c28b0	123	unknown
005c2940	FUN_005c2940	297	unknown
005c2a70	FUN_005c2a70	297	unknown
005c2ba0	FUN_005c2ba0	152	unknown
005c2c40	FUN_005c2c40	46	unknown
005c2c70	FUN_005c2c70	152	unknown
005c2d10	FUN_005c2d10	152	unknown
005c2db0	FUN_005c2db0	152	unknown
005c2e50	FUN_005c2e50	152	unknown
005c2ef0	FUN_005c2ef0	186	unknown
005c2fb0	FUN_005c2fb0	8	unknown
005c2fc0	FUN_005c2fc0	186	unknown
005c3080	FUN_005c3080	174	unknown
005c3130	FUN_005c3130	11	unknown
005c3140	FUN_005c3140	118	unknown
005c31c0	FUN_005c31c0	37	unknown
005c31f0	FUN_005c31f0	44	unknown
005c3220	FUN_005c3220	48	unknown
005c3250	FUN_005c3250	64	unknown
005c32a0	FUN_005c32a0	37	unknown
005c32d0	FUN_005c32d0	145	unknown
005c3370	FUN_005c3370	132	unknown
005c3400	FUN_005c3400	8	unknown
005c3410	ORPHAN_CANDIDATE_005c3410	229	unknown
005c3510	FUN_005c3510	711	unknown
005c36c3	Catch@005c36c3	9	unknown
005c37f0	FUN_005c37f0	68	unknown
005c3840	FUN_005c3840	80	unknown
005c3890	FUN_005c3890	70	unknown
005c38e0	FUN_005c38e0	52	unknown
005c3920	FUN_005c3920	31	unknown
005c3940	FUN_005c3940	52	unknown
005c3980	FUN_005c3980	45	unknown
005c39b0	FUN_005c39b0	27	unknown
005c39d0	FUN_005c39d0	80	unknown
005c3a20	FUN_005c3a20	27	unknown
005c3a40	FUN_005c3a40	84	unknown
005c3aa0	FUN_005c3aa0	70	unknown
005c3af0	FUN_005c3af0	695	unknown
005c3c90	Catch@005c3c90	9	unknown
005c3dc0	FUN_005c3dc0	152	unknown
005c3e60	FUN_005c3e60	91	unknown
005c3ec0	FUN_005c3ec0	152	unknown
005c3f60	FUN_005c3f60	91	unknown
005c3fc0	FUN_005c3fc0	152	unknown
005c4060	FUN_005c4060	152	unknown
005c4100	FUN_005c4100	142	unknown
005c4190	FUN_005c4190	94	unknown
005c41f0	FUN_005c41f0	163	unknown
005c42a0	FUN_005c42a0	82	unknown
005c4300	FUN_005c4300	84	unknown
005c4360	FUN_005c4360	121	unknown
005c43e0	FUN_005c43e0	8	unknown
005c43f0	FUN_005c43f0	45	unknown
005c4420	FUN_005c4420	130	unknown
005c44b0	FUN_005c44b0	121	unknown
005c4530	FUN_005c4530	130	unknown
005c45c0	FUN_005c45c0	121	unknown
005c4640	FUN_005c4640	130	unknown
005c46d0	FUN_005c46d0	121	unknown
005c4750	FUN_005c4750	130	unknown
005c47e0	FUN_005c47e0	152	unknown
005c4880	FUN_005c4880	46	unknown
005c48b0	FUN_005c48b0	88	unknown
005c4910	FUN_005c4910	152	unknown
005c49b0	FUN_005c49b0	142	unknown
005c4a40	FUN_005c4a40	142	unknown
005c4ad0	FUN_005c4ad0	191	unknown
005c4b90	FUN_005c4b90	191	unknown
005c4c50	FUN_005c4c50	191	unknown
005c4d10	FUN_005c4d10	191	unknown
005c4dd0	FUN_005c4dd0	191	unknown
005c4e90	FUN_005c4e90	191	unknown
005c4f50	FUN_005c4f50	191	unknown
005c5010	FUN_005c5010	3440	unknown
005c5d80	thunk_FUN_005c5010	5	unknown
005c5d90	FUN_005c5d90	6	unknown
005c5da0	FUN_005c5da0	21	unknown
005c5dc0	FUN_005c5dc0	74	unknown
005c5e10	FUN_005c5e10	121	unknown
005c5ea0	FUN_005c5ea0	59	unknown
005c5ee0	FUN_005c5ee0	27	unknown
005c5f00	FUN_005c5f00	20	unknown
005c5f20	FUN_005c5f20	20	unknown
005c5f40	FUN_005c5f40	16	unknown
005c5f50	FUN_005c5f50	530	unknown
005c60b0	Catch@005c60b0	9	unknown
005c6180	FUN_005c6180	59	unknown
005c61c0	FUN_005c61c0	52	unknown
005c6200	FUN_005c6200	83	unknown
005c6260	FUN_005c6260	45	unknown
005c6290	FUN_005c6290	8	unknown
005c62a0	FUN_005c62a0	26	unknown
005c62c0	FUN_005c62c0	43	unknown
005c62f0	FUN_005c62f0	168	unknown
005c63a0	FUN_005c63a0	6	unknown
005c63b0	FUN_005c63b0	121	unknown
005c6440	FUN_005c6440	59	unknown
005c6480	FUN_005c6480	27	unknown
005c64a0	FUN_005c64a0	59	unknown
005c64e0	FUN_005c64e0	168	unknown
005c6590	FUN_005c6590	6	unknown
005c65a0	FUN_005c65a0	121	unknown
005c6630	FUN_005c6630	59	unknown
005c6670	FUN_005c6670	27	unknown
005c6690	FUN_005c6690	20	unknown
005c66b0	FUN_005c66b0	62	unknown
005c66f0	FUN_005c66f0	168	unknown
005c67a0	FUN_005c67a0	6	unknown
005c67b0	PointPhysicsNode__v0_slot53	10	unknown
005c67c0	FUN_005c67c0	121	unknown
005c6850	FUN_005c6850	59	unknown
005c6890	PointPhysicsNode__v0_slot51	10	unknown
005c68a0	PointPhysicsNode__v0_slot52	4	unknown
005c68b0	FUN_005c68b0	10	unknown
005c68c0	FUN_005c68c0	4	unknown
005c68d0	FUN_005c68d0	10	unknown
005c68e0	FUN_005c68e0	4	unknown
005c68f0	FUN_005c68f0	27	unknown
005c6910	FUN_005c6910	20	unknown
005c6930	FUN_005c6930	71	unknown
005c6980	FUN_005c6980	10	unknown
005c6990	FUN_005c6990	4	unknown
005c69a0	FUN_005c69a0	10	unknown
005c69b0	FUN_005c69b0	4	unknown
005c69c0	FUN_005c69c0	10	unknown
005c69d0	FUN_005c69d0	43	unknown
005c6a00	FUN_005c6a00	168	unknown
005c6ab0	FUN_005c6ab0	66	unknown
005c6b00	FUN_005c6b00	26	unknown
005c6b20	FUN_005c6b20	19	unknown
005c6b40	FUN_005c6b40	19	unknown
005c6b60	FUN_005c6b60	42	unknown
005c6b90	FUN_005c6b90	96	unknown
005c6bf0	FUN_005c6bf0	109	unknown
005c6c60	FUN_005c6c60	117	unknown
005c6cd5	Catch@005c6cd5	9	unknown
005c6cf0	FUN_005c6cf0	52	unknown
005c6d30	FUN_005c6d30	428	unknown
005c6ee0	FUN_005c6ee0	65	unknown
005c6f30	FUN_005c6f30	244	unknown
005c7030	FUN_005c7030	423	unknown
005c71e0	FUN_005c71e0	177	unknown
005c72a0	FUN_005c72a0	78	unknown
005c72f0	FUN_005c72f0	149	unknown
005c7390	FUN_005c7390	25	unknown
005c73b0	AIPredWrapper__v0_slot01	6	unknown
005c73c0	FUN_005c73c0	47	unknown
005c73f0	FUN_005c73f0	47	unknown
005c7420	FUN_005c7420	10	unknown
005c7430	FUN_005c7430	4	unknown
005c7440	FUN_005c7440	25	unknown
005c7460	FUN_005c7460	85	unknown
005c74c0	FUN_005c74c0	85	unknown
005c7520	FUN_005c7520	43	unknown
005c7560	FUN_005c7560	111	unknown
005c75cf	Catch@005c75cf	9	unknown
005c75f0	FUN_005c75f0	117	unknown
005c7665	Catch@005c7665	9	unknown
005c7680	FUN_005c7680	105	unknown
005c76e9	Catch@005c76e9	9	unknown
005c7700	FUN_005c7700	138	unknown
005c778a	Catch@005c778a	9	unknown
005c77a0	FUN_005c77a0	117	unknown
005c7815	Catch@005c7815	9	unknown
005c7830	FUN_005c7830	43	unknown
005c7870	FUN_005c7870	138	unknown
005c78fa	Catch@005c78fa	9	unknown
005c7910	FUN_005c7910	100	unknown
005c7980	FUN_005c7980	654	unknown
005c7c30	FUN_005c7c30	428	unknown
005c7ea0	FUN_005c7ea0	428	unknown
005c8050	FUN_005c8050	139	unknown
005c80e0	FUN_005c80e0	64	unknown
005c8140	FUN_005c8140	185	unknown
005c8200	FUN_005c8200	183	unknown
005c82c0	FUN_005c82c0	51	unknown
005c8300	FUN_005c8300	185	unknown
005c83c0	FUN_005c83c0	530	unknown
005c8520	Catch@005c8520	9	unknown
005c85f0	FUN_005c85f0	102	unknown
005c8656	Catch@005c8656	53	unknown
005c8690	FUN_005c8690	72	unknown
005c86e0	FUN_005c86e0	36	unknown
005c8710	FUN_005c8710	90	unknown
005c8770	FUN_005c8770	90	unknown
005c87d0	FUN_005c87d0	361	unknown
005c8940	FUN_005c8940	89	unknown
005c89b0	FUN_005c89b0	71	unknown
005c8a00	FUN_005c8a00	298	unknown
005c8b30	FUN_005c8b30	25	unknown
005c8b50	FUN_005c8b50	121	unknown
005c8bd0	FUN_005c8bd0	73	unknown
005c8c20	FUN_005c8c20	169	unknown
005c8cd0	FUN_005c8cd0	272	unknown
005c8de0	FUN_005c8de0	37	unknown
005c8e10	FUN_005c8e10	120	unknown
005c8e90	FUN_005c8e90	47	unknown
005c8ec0	FUN_005c8ec0	47	unknown
005c8ef0	FUN_005c8ef0	173	unknown
005c9000	FUN_005c9000	27	unknown
005c9020	FUN_005c9020	522	unknown
005c9270	FUN_005c9270	1278	unknown
005c97d0	FUN_005c97d0	18	unknown
005c97f0	FUN_005c97f0	30	unknown
005c9810	GameEventManager__v0_slot09	10	unknown
005c9820	FUN_005c9820	44	unknown
005c9850	PhysicsNode__v0_slot58	85	unknown
005c98b0	FUN_005c98b0	12	unknown
005c98c0	FUN_005c98c0	278	unknown
005c99e0	StaticPhysicsNode__v0_slot16	34	unknown
005c9a10	StaticPhysicsNode__v0_slot17	25	unknown
005c9a30	PhysicsNode__v0_slot16	123	unknown
005c9ab0	FUN_005c9ab0	195	unknown
005c9b80	PhysicsNode__v0_slot03	37	unknown
005c9bb0	PhysicsNode__v0_slot19	26	unknown
005c9bd0	PhysicsNode__v0_slot20	26	unknown
005c9bf0	PhysicsNode__v0_slot23	26	unknown
005c9c10	PhysicsNode__v0_slot24	26	unknown
005c9c30	PhysicsNode__v0_slot25	26	unknown
005c9c50	PhysicsNode__v0_slot26	26	unknown
005c9c70	PhysicsNode__v0_slot41	10	unknown
005c9c80	PhysicsNode__v0_slot42	4	unknown
005c9c90	PhysicsNode__v0_slot43	10	unknown
005c9ca0	PhysicsNode__v0_slot44	4	unknown
005c9cb0	PhysicsNode__v0_slot45	26	unknown
005c9cd0	PhysicsNode__v0_slot47	26	unknown
005c9cf0	PhysicsNode__v0_slot48	4	unknown
005c9d00	PhysicsNode__v0_slot38	26	unknown
005c9d20	PhysicsNode__v0_slot49	13	unknown
005c9d30	PhysicsNode__v0_slot50	7	unknown
005c9d40	PhysicsNode__v0_slot51	13	unknown
005c9d50	PhysicsNode__v0_slot52	7	unknown
005c9d60	PhysicsNode__v0_slot54	7	unknown
005c9d70	PhysicsNode__v0_slot64	7	unknown
005c9d80	FUN_005c9d80	7	unknown
005c9d90	FUN_005c9d90	13	unknown
005c9da0	PlayerControlObjectTemplate__v428_slot05	7	unknown
005c9db0	PhysicsNode__v0_slot56	14	unknown
005c9dc0	PhysicsNode__v0_slot57	11	unknown
005c9dd0	PhysicsNode__v0_slot59	13	unknown
005c9de0	PhysicsNode__v0_slot60	7	unknown
005c9df0	PhysicsNode__v0_slot63	7	unknown
005c9e00	PhysicsNode__v0_slot55	60	unknown
005c9e40	FUN_005c9e40	164	unknown
005c9ef0	PhysicsNode__v0_slot22	33	unknown
005c9f20	PhysicsNode__v0_slot33	146	unknown
005c9fc0	PhysicsNode__v0_slot28	150	unknown
005ca060	FUN_005ca060	705	unknown
005ca330	FUN_005ca330	500	unknown
005ca530	PhysicsNode__v0_slot15	71	unknown
005ca580	PhysicsNode__v0_slot18	71	unknown
005ca5d0	PhysicsNode__v0_slot32	219	unknown
005ca6b0	PhysicsNode__v0_slot17	224	unknown
005ca790	PhysicsNode__v0_slot27	175	unknown
005ca840	PhysicsNode__v0_slot29	204	unknown
005ca910	PhysicsNode__v0_slot30	211	unknown
005ca9f0	FUN_005ca9f0	73	unknown
005caa40	FUN_005caa40	68	unknown
005caa90	FUN_005caa90	758	unknown
005cad90	FUN_005cad90	1346	unknown
005cb2e0	PhysicsNode__v0_slot40	819	unknown
005cb620	PhysicsNode__v0_slot10	33	unknown
005cb650	PhysicsNode__v0_slot13	116	unknown
005cb6d0	PhysicsNode__v0_slot31	337	unknown
005cb830	FUN_005cb830	54	unknown
005cb870	FUN_005cb870	37	unknown
005cb8a0	FUN_005cb8a0	30	unknown
005cb8c0	ResponsePhysics__v0_slot20	18	unknown
005cb8e0	ResponsePhysics__v0_slot19	20	unknown
005cb900	ResponsePhysics__v0_slot18	7	unknown
005cb910	ResponsePhysics__v0_slot22	15	unknown
005cb920	ResponsePhysics__v0_slot05	7	unknown
005cb930	FUN_005cb930	101	unknown
005cb9a0	ResponsePhysics__v0_slot21	77	unknown
005cb9f0	ResponsePhysics__v0_slot23	138	unknown
005cba80	ResponsePhysics__v0_slot24	162	unknown
005cbb30	ResponsePhysics__v0_slot33	15	unknown
005cbb40	FUN_005cbb40	61	unknown
005cbb80	FUN_005cbb80	137	unknown
005cbc10	FUN_005cbc10	346	unknown
005cbd70	ResponsePhysics__v0_slot03	37	unknown
005cbda0	ResponsePhysics__v0_slot11	13	unknown
005cbdb0	ResponsePhysics__v0_slot13	21	unknown
005cbdd0	ResponsePhysics__v0_slot14	23	unknown
005cbdf0	ResponsePhysics__v0_slot15	7	unknown
005cbe00	ResponsePhysics__v0_slot26	6	unknown
005cbe10	ResponsePhysics__v0_slot27	37	unknown
005cbe40	ResponsePhysics__v0_slot28	7	unknown
005cbe50	ResponsePhysics__v0_slot29	13	unknown
005cbe60	ResponsePhysics__v0_slot32	7	unknown
005cbe70	ResponsePhysics__v0_slot30	29	unknown
005cbe90	ResponsePhysics__v0_slot31	7	unknown
005cbea0	ResponsePhysics__v0_slot02	32	unknown
005cbec0	ResponsePhysics__v0_slot00	34	unknown
005cbef0	FUN_005cbef0	74	unknown
005cbf40	FUN_005cbf40	93	unknown
005cbfa0	ResponsePhysics__v0_slot06	135	unknown
005cc030	ResponsePhysics__v0_slot07	677	unknown
005cc2e0	FUN_005cc2e0	572	unknown
005cc520	ResponsePhysics__v0_slot16	46	unknown
005cc550	ResponsePhysics__v0_slot10	1952	unknown
005cccf0	FUN_005cccf0	530	unknown
005cce50	Catch@005cce50	9	unknown
005ccf20	FUN_005ccf20	102	unknown
005ccf90	ResponsePhysics__v0_slot08	1548	unknown
005cd5a0	FUN_005cd5a0	239	unknown
005cd690	ResponsePhysics__v0_slot09	2286	unknown
005cdf80	FUN_005cdf80	2331	unknown
005ce8a0	FUN_005ce8a0	131	unknown
005ce930	ResponsePhysics__v0_slot25	3199	unknown
005cf5b0	FUN_005cf5b0	77	unknown
005cf600	FUN_005cf600	80	unknown
005cf650	ResponsePhysics__v0_slot17	135	unknown
005cf6e0	HandFireArmsTemplate__v1424_slot04	10	unknown
005cf6f0	BasicPhysicsSystem__v0_slot07	26	unknown
005cf710	BasicPhysicsSystem__v0_slot08	30	unknown
005cf730	BasicPhysicsSystem__v0_slot09	10	unknown
005cf740	BasicPhysicsSystem__v0_slot10	4	unknown
005cf750	FUN_005cf750	59	unknown
005cf790	BasicPhysicsSystem__v0_slot03	37	unknown
005cf7c0	BasicPhysicsSystem__v0_slot11	23	unknown
005cf7e0	FUN_005cf7e0	111	unknown
005cf84f	Catch@005cf84f	9	unknown
005cf870	FUN_005cf870	105	unknown
005cf8d9	Catch@005cf8d9	9	unknown
005cf8f0	PhysicsNodeManager__v0_slot05	60	unknown
005cf940	PhysicsNodeManager__v0_slot06	167	unknown
005cf9f0	FUN_005cf9f0	42	unknown
005cfa20	PhysicsNodeManager__v0_slot03	37	unknown
005cfa50	PhysicsNodeManager__v0_slot00	36	unknown
005cfa80	PhysicsNodeManager__v0_slot07	874	unknown
005cfe00	PhysicsNodeManager__v0_slot04	85	unknown
005cfe60	FUN_005cfe60	19	unknown
005cfe80	FUN_005cfe80	5	unknown
005cfe90	FUN_005cfe90	7	unknown
005cfea0	FUN_005cfea0	33	unknown
005cfed0	ResponsePhysicsManager__v0_slot03	37	unknown
005cff00	FUN_005cff00	36	unknown
005cff30	FUN_005cff30	239	unknown
005d0020	ResponsePhysicsManager__v0_slot04	85	unknown
005d0080	ResponsePhysicsManager__v0_slot05	85	unknown
005d00e0	FUN_005d00e0	612	unknown
005d0350	FUN_005d0350	1292	unknown
005d0860	ResponsePhysicsManager__v0_slot06	681	unknown
005d0b10	FUN_005d0b10	30	unknown
005d0b30	StaticResponsePhysics__v0_slot20	18	unknown
005d0b50	StaticResponsePhysics__v0_slot19	20	unknown
005d0b70	StaticResponsePhysics__v0_slot18	7	unknown
005d0b80	StaticResponsePhysics__v0_slot22	15	unknown
005d0b90	StaticResponsePhysics__v0_slot23	138	unknown
005d0c20	StaticResponsePhysics__v0_slot24	162	unknown
005d0cd0	FUN_005d0cd0	125	unknown
005d0d50	StaticResponsePhysics__v0_slot15	7	unknown
005d0d60	StaticResponsePhysics__v0_slot26	6	unknown
005d0d70	StaticResponsePhysics__v0_slot00	34	unknown
005d0da0	StaticResponsePhysics__v0_slot31	57	unknown
005d0de0	StaticResponsePhysics__v0_slot16	46	unknown
005d0e10	FUN_005d0e10	80	unknown
005d0e60	StaticResponsePhysics__v0_slot17	135	unknown
005d0ef0	FUN_005d0ef0	30	unknown
005d0f10	PhysicsNode__v0_slot07	17	unknown
005d0f30	FUN_005d0f30	24	unknown
005d0f50	StaticPhysicsNode__v0_slot42	7	unknown
005d0f60	StaticPhysicsNode__v0_slot44	7	unknown
005d0f70	StaticPhysicsNode__v0_slot50	7	unknown
005d0f80	StaticPhysicsNode__v0_slot00	34	unknown
005d0fb0	StaticPhysicsNode__v0_slot48	57	unknown
005d0ff0	StaticPhysicsNode__v0_slot32	86	unknown
005d1050	FUN_005d1050	30	unknown
005d1070	PointResponsePhysics__v0_slot22	15	unknown
005d1080	StaticResponsePhysics__v0_slot07	3	unknown
005d1090	PointResponsePhysics__v0_slot23	142	unknown
005d1120	PointResponsePhysics__v0_slot24	105	unknown
005d1190	FUN_005d1190	129	unknown
005d1220	PointResponsePhysics__v0_slot12	7	unknown
005d1230	StaticResponsePhysics__v0_slot13	21	unknown
005d1250	StaticResponsePhysics__v0_slot14	23	unknown
005d1270	PointResponsePhysics__v0_slot26	6	unknown
005d1280	ResponsePhysics__v0_slot01	14	unknown
005d1290	PointResponsePhysics__v0_slot00	34	unknown
005d12c0	PointResponsePhysics__v0_slot31	57	unknown
005d1300	PointResponsePhysics__v0_slot08	178	unknown
005d13c0	PointResponsePhysics__v0_slot10	1225	unknown
005d1890	PointResponsePhysics__v0_slot25	1044	unknown
005d1cb0	FUN_005d1cb0	30	unknown
005d1cd0	StaticPhysicsNode__v0_slot10	8	unknown
005d1ce0	PhysicsNode__v0_slot09	8	unknown
005d1cf0	PhysicsNode__v0_slot11	8	unknown
005d1d00	PhysicsNode__v0_slot12	8	unknown
005d1d10	StaticPhysicsNode__v0_slot13	8	unknown
005d1d20	PhysicsNode__v0_slot14	8	unknown
005d1d30	PhysicsNode__v0_slot08	8	unknown
005d1d40	PointPhysicsNode__v0_slot32	34	unknown
005d1d70	PointPhysicsNode__v0_slot58	15	unknown
005d1d80	FUN_005d1d80	91	unknown
005d1de0	PointPhysicsNode__v0_slot56	11	unknown
005d1df0	PointPhysicsNode__v0_slot57	8	unknown
005d1e00	PointPhysicsNode__v0_slot63	4	unknown
005d1e10	PointPhysicsNode__v0_slot00	34	unknown
005d1e40	PointPhysicsNode__v0_slot55	21	unknown
005d1e60	PhysicsNode__v0_slot21	33	unknown
005d1e90	PointPhysicsNode__v0_slot27	33	unknown
005d1ec0	PointPhysicsNode__v0_slot29	33	unknown
005d1ef0	StaticPhysicsNode__v0_slot15	57	unknown
005d1f30	FUN_005d1f30	286	unknown
005d2050	FUN_005d2050	485	unknown
005d2240	PointPhysicsNode__v0_slot40	132	unknown
005d22d0	FUN_005d22d0	22	unknown
005d22f0	FUN_005d22f0	43	unknown
005d2330	FUN_005d2330	117	unknown
005d23a5	Catch@005d23a5	9	unknown
005d23c0	FUN_005d23c0	138	unknown
005d244a	Catch@005d244a	9	unknown
005d2460	FUN_005d2460	94	unknown
005d24c0	FUN_005d24c0	62	unknown
005d2500	FUN_005d2500	133	unknown
005d2590	FUN_005d2590	151	unknown
005d2630	FUN_005d2630	40	unknown
005d2660	FUN_005d2660	355	unknown
005d27d0	FUN_005d27d0	42	unknown
005d2800	FUN_005d2800	42	unknown
005d2830	FUN_005d2830	57	unknown
005d2870	FUN_005d2870	67	unknown
005d28c0	FUN_005d28c0	61	unknown
005d2900	FUN_005d2900	72	unknown
005d2950	FUN_005d2950	83	unknown
005d29b0	FUN_005d29b0	100	unknown
005d2a20	FUN_005d2a20	33	unknown
005d2a50	FUN_005d2a50	45	unknown
005d2a80	FUN_005d2a80	88	unknown
005d2ae0	FUN_005d2ae0	163	unknown
005d2ba0	FUN_005d2ba0	183	unknown
005d2c60	FUN_005d2c60	428	unknown
005d2e10	FUN_005d2e10	123	unknown
005d2e90	FUN_005d2e90	192	unknown
005d2f50	FUN_005d2f50	131	unknown
005d2fe0	FUN_005d2fe0	164	unknown
005d3090	FUN_005d3090	185	unknown
005d3150	FUN_005d3150	90	unknown
005d31b0	FUN_005d31b0	102	unknown
005d3216	Catch@005d3216	53	unknown
005d3250	FUN_005d3250	189	unknown
005d3320	FUN_005d3320	89	unknown
005d3390	FUN_005d3390	127	unknown
005d3410	FUN_005d3410	180	unknown
005d34d0	FUN_005d34d0	381	unknown
005d3660	FUN_005d3660	180	unknown
005d3720	FUN_005d3720	127	unknown
005d3850	FUN_005d3850	37	unknown
005d3880	FUN_005d3880	4	unknown
005d3890	FUN_005d3890	10	unknown
005d38a0	FUN_005d38a0	32	unknown
005d38c0	FUN_005d38c0	237	unknown
005d39b0	FUN_005d39b0	27	unknown
005d39d0	FUN_005d39d0	412	unknown
005d3b70	FUN_005d3b70	632	unknown
005d3df0	FUN_005d3df0	524	unknown
005d4000	FUN_005d4000	1928	unknown
005d4790	FUN_005d4790	338	unknown
005d48f0	FUN_005d48f0	543	unknown
005d4b10	FUN_005d4b10	45	unknown
005d4b40	FUN_005d4b40	135	unknown
005d4bd0	FUN_005d4bd0	59	unknown
005d4c10	FUN_005d4c10	7	unknown
005d4c20	FUN_005d4c20	76	unknown
005d4c70	FUN_005d4c70	83	unknown
005d4cd0	FUN_005d4cd0	80	unknown
005d4d20	FUN_005d4d20	54	unknown
005d4d60	FUN_005d4d60	50	unknown
005d4da0	FUN_005d4da0	284	unknown
005d4ec0	FUN_005d4ec0	187	unknown
005d4f80	FUN_005d4f80	84	unknown
005d4fe0	FUN_005d4fe0	47	unknown
005d5010	FUN_005d5010	6	unknown
005d5020	FUN_005d5020	8	unknown
005d5030	FUN_005d5030	8	unknown
005d5040	FUN_005d5040	8	unknown
005d5050	FUN_005d5050	8	unknown
005d5060	FUN_005d5060	55	unknown
005d50a0	FUN_005d50a0	302	unknown
005d51d0	FUN_005d51d0	43	unknown
005d5210	FUN_005d5210	138	unknown
005d529a	Catch@005d529a	9	unknown
005d52b0	FUN_005d52b0	117	unknown
005d5325	Catch@005d5325	9	unknown
005d5340	FUN_005d5340	335	unknown
005d5490	FUN_005d5490	428	unknown
005d5640	FUN_005d5640	183	unknown
005d5700	FUN_005d5700	185	unknown
005d57c0	FUN_005d57c0	90	unknown
005d5820	FUN_005d5820	361	unknown
005d5990	FUN_005d5990	13	unknown
005d59a0	FUN_005d59a0	121	unknown
005d5a20	FUN_005d5a20	19	unknown
005d5a40	FUN_005d5a40	6	unknown
005d5a50	FUN_005d5a50	454	unknown
005d5c20	FUN_005d5c20	188	unknown
005d5ce0	FUN_005d5ce0	181	unknown
005d5da0	FUN_005d5da0	954	unknown
005d6170	FUN_005d6170	90	unknown
005d61d0	FUN_005d61d0	90	unknown
005d6230	FUN_005d6230	948	unknown
005d65f0	FUN_005d65f0	159	unknown
005d6690	FUN_005d6690	452	unknown
005d6860	FUN_005d6860	38	unknown
005d6890	FUN_005d6890	55	unknown
005d68d0	FUN_005d68d0	980	unknown
005d6cb0	FUN_005d6cb0	596	unknown
005d6f10	SpawnPoint__v344_slot06	30	unknown
005d6f30	SpawnPoint__v0_slot14	112	unknown
005d6fa0	FUN_005d6fa0	267	unknown
005d70b0	BFSpawnPoint__v0_slot03	49	unknown
005d70f0	BFSpawnPoint__v344_slot08	4	unknown
005d7100	BFSpawnPoint__v344_slot09	10	unknown
005d7110	BFSpawnPoint__v344_slot10	4	unknown
005d7120	BFSpawnPoint__v344_slot03	11	unknown
005d7130	BFSpawnPoint__v0_slot00	49	unknown
005d7170	SpawnPoint__v344_slot05	85	unknown
005d71d0	FUN_005d71d0	17	unknown
005d71f0	FUN_005d71f0	77	unknown
005d7240	FUN_005d7240	242	unknown
005d7360	FUN_005d7360	123	unknown
005d73e0	FUN_005d73e0	99	unknown
005d7450	FUN_005d7450	216	unknown
005d7530	FUN_005d7530	96	unknown
005d7590	FUN_005d7590	1000	unknown
005d7980	FUN_005d7980	55	unknown
005d79c0	FUN_005d79c0	83	unknown
005d7a20	FUN_005d7a20	78	unknown
005d7a70	FUN_005d7a70	224	unknown
005d7b50	FUN_005d7b50	85	unknown
005d7bb0	FUN_005d7bb0	96	unknown
005d7c10	FUN_005d7c10	79	unknown
005d7c60	FUN_005d7c60	91	unknown
005d7cc0	PhysicsEngine__v0_slot01	14	unknown
005d7cd0	FUN_005d7cd0	461	unknown
005d7ea0	FUN_005d7ea0	167	unknown
005d7f50	PhysicsEngine__v0_slot40	2392	unknown
005d88b0	FUN_005d88b0	35	unknown
005d88e0	FUN_005d88e0	86	unknown
005d8940	FUN_005d8940	382	unknown
005d8ac0	FUN_005d8ac0	60	unknown
005d8b00	PhysicsFloatingBundle__v0_slot40	736	unknown
005d8de0	FUN_005d8de0	108	unknown
005d8e50	FUN_005d8e50	26	unknown
005d8e70	FUN_005d8e70	79	unknown
005d8ec0	FUN_005d8ec0	164	unknown
005d8f70	FUN_005d8f70	345	unknown
005d90d0	FUN_005d90d0	55	unknown
005d9110	FUN_005d9110	29	unknown
005d9130	FUN_005d9130	142	unknown
005d91c0	PhysicsSpring__v0_slot40	1002	unknown
005d95b0	FUN_005d95b0	61	unknown
005d95f0	FUN_005d95f0	330	unknown
005d9740	FUN_005d9740	553	unknown
005d9970	FUN_005d9970	428	unknown
005d9b20	FUN_005d9b20	366	unknown
005d9c90	PhysicsWing__v0_slot40	1011	unknown
005da090	FUN_005da090	79	unknown
005da0e0	FUN_005da0e0	60	unknown
005da120	FUN_005da120	301	unknown
005da250	FUN_005da250	59	unknown
005da290	NetworkableInfo__v0_slot03	37	unknown
005da2c0	NetworkableInfo__v0_slot08	10	unknown
005da2d0	NetworkableInfo__v0_slot10	37	unknown
005da300	NetworkableInfo__v0_slot18	4	unknown
005da310	NetworkableInfo__v0_slot19	4	unknown
005da320	NetworkableInfo__v0_slot20	4	unknown
005da330	NetworkableInfo__v0_slot21	10	unknown
005da340	NetworkableInfo__v0_slot22	10	unknown
005da350	NetworkableInfo__v0_slot23	10	unknown
005da360	NetworkableInfo__v0_slot12	10	unknown
005da370	NetworkableInfo__v0_slot13	4	unknown
005da380	NetworkableInfo__v0_slot14	10	unknown
005da390	NetworkableInfo__v0_slot15	4	unknown
005da3a0	NetworkableInfo__v0_slot00	36	unknown
005da3d0	NetworkableInfo__v0_slot04	20	unknown
005da3f0	FUN_005da3f0	101	unknown
005da460	FUN_005da460	91	unknown
005da4c0	FUN_005da4c0	228	unknown
005da5b0	FUN_005da5b0	934	unknown
005da960	FUN_005da960	472	unknown
005dab40	FUN_005dab40	108	unknown
005dabc0	FUN_005dabc0	147	unknown
005dac60	FUN_005dac60	33	unknown
005dac90	FUN_005dac90	94	unknown
005dad00	FUN_005dad00	77	unknown
005dad50	FUN_005dad50	27	unknown
005dad70	FUN_005dad70	55	unknown
005dadb0	FUN_005dadb0	97	unknown
005dae20	FUN_005dae20	530	unknown
005daf80	Catch@005daf80	9	unknown
005db050	FUN_005db050	155	unknown
005db0f0	FUN_005db0f0	340	unknown
005db250	FUN_005db250	281	unknown
005db370	FUN_005db370	77	unknown
005db3c0	FUN_005db3c0	577	unknown
005db610	FUN_005db610	790	unknown
005db930	FUN_005db930	325	unknown
005dba80	FUN_005dba80	311	unknown
005dbbc0	FUN_005dbbc0	23	unknown
005dbbe0	FUN_005dbbe0	50	unknown
005dbc20	PhysicsEngine__v0_slot02	32	unknown
005dbc40	PhysicsNode__v0_slot00	34	unknown
005dbc70	FUN_005dbc70	156	unknown
005dbd10	FUN_005dbd10	119	unknown
005dbd90	FUN_005dbd90	111	unknown
005dbe00	FUN_005dbe00	100	unknown
005dbe70	FUN_005dbe70	510	unknown
005dc070	FUN_005dc070	575	unknown
005dc2b0	FUN_005dc2b0	478	unknown
005dc490	FUN_005dc490	2073	unknown
005dccc0	PhysicsWinch__v0_slot40	288	unknown
005dcde0	FUN_005dcde0	7	unknown
005dcdf0	FUN_005dcdf0	13	unknown
005dce00	FUN_005dce00	7	unknown
005dce10	FUN_005dce10	7	unknown
005dce20	FUN_005dce20	13	unknown
005dce30	FUN_005dce30	5	unknown
005dce40	FUN_005dce40	33	unknown
005dce70	FUN_005dce70	39	unknown
005dcea0	FUN_005dcea0	41	unknown
005dced0	FUN_005dced0	51	unknown
005dcf10	FUN_005dcf10	279	unknown
005dd030	FUN_005dd030	55	unknown
005dd070	FUN_005dd070	418	unknown
005dd220	FUN_005dd220	75	unknown
005dd270	FUN_005dd270	33	unknown
005dd2a0	FUN_005dd2a0	486	unknown
005dd490	FUN_005dd490	122	unknown
005dd510	FUN_005dd510	107	unknown
005dd57b	Catch@005dd57b	9	unknown
005dd590	FUN_005dd590	102	unknown
005dd5f6	Catch@005dd5f6	9	unknown
005dd600	FUN_005dd600	27	unknown
005dd620	FUN_005dd620	38	unknown
005dd650	FUN_005dd650	152	unknown
005dd700	FUN_005dd700	528	unknown
005dd860	Catch@005dd860	9	unknown
005dd930	FUN_005dd930	98	unknown
005dd9a0	FUN_005dd9a0	718	unknown
005ddc80	FUN_005ddc80	6	unknown
005ddc90	FUN_005ddc90	295	unknown
005dddc0	FUN_005dddc0	139	unknown
005dde50	FUN_005dde50	6	unknown
005dde60	FUN_005dde60	78	unknown
005ddeb0	FUN_005ddeb0	144	unknown
005ddf40	PointPhysicsNode__v0_slot42	4	unknown
005ddf50	FUN_005ddf50	6	unknown
005ddf60	FUN_005ddf60	394	unknown
005de0f0	FUN_005de0f0	150	unknown
005de190	FUN_005de190	83	unknown
005de1f0	FUN_005de1f0	27	unknown
005de210	FUN_005de210	36	unknown
005de240	FUN_005de240	88	unknown
005de2a0	FUN_005de2a0	16	unknown
005de2b0	FUN_005de2b0	25	unknown
005de2d0	FUN_005de2d0	226	unknown
005de3c0	FUN_005de3c0	37	unknown
005de3f0	FUN_005de3f0	129	unknown
005de4a0	FUN_005de4a0	27	unknown
005de4c0	FUN_005de4c0	39	unknown
005de4f0	BAPAComponentSoldierPose__v0_slot07	4	unknown
005de500	GameEventManager__v0_slot10	4	unknown
005de510	FUN_005de510	28	unknown
005de530	BAPAComponentSoldierPose__v0_slot13	4	unknown
005de540	FUN_005de540	10	unknown
005de550	FUN_005de550	83	unknown
005de5b0	FUN_005de5b0	36	unknown
005de5e0	FUN_005de5e0	25	unknown
005de600	FUN_005de600	214	unknown
005de6e0	FUN_005de6e0	37	unknown
005de710	FUN_005de710	110	unknown
005de790	FUN_005de790	27	unknown
005de7b0	FUN_005de7b0	85	unknown
005de810	FUN_005de810	138	unknown
005de89a	Catch@005de89a	9	unknown
005de8b0	FUN_005de8b0	233	unknown
005de9a0	FUN_005de9a0	75	unknown
005deac0	FUN_005deac0	405	unknown
005dec60	FUN_005dec60	156	unknown
005ded00	FUN_005ded00	81	unknown
005ded60	FUN_005ded60	28	unknown
005ded80	FUN_005ded80	18	unknown
005deda0	FUN_005deda0	47	unknown
005dedd0	FUN_005dedd0	7	unknown
005dede0	FUN_005dede0	9	unknown
005dedf0	FUN_005dedf0	9	unknown
005dee00	FUN_005dee00	5	unknown
005dee10	AIStrategicObject__v0_slot21	9	unknown
005dee20	FUN_005dee20	6	unknown
005dee30	FUN_005dee30	8	unknown
005dee40	FUN_005dee40	8	unknown
005dee50	FUN_005dee50	16	unknown
005dee60	FUN_005dee60	45	unknown
005dee90	FUN_005dee90	75	unknown
005deee0	FUN_005deee0	33	unknown
005def10	FUN_005def10	5	unknown
005defe0	FUN_005defe0	27	unknown
005df000	FUN_005df000	57	unknown
005df040	FUN_005df040	27	unknown
005df060	FUN_005df060	33	unknown
005df090	FUN_005df090	198	unknown
005df160	FUN_005df160	102	unknown
005df1d0	FUN_005df1d0	118	unknown
005df250	FUN_005df250	310	unknown
005df390	FUN_005df390	343	unknown
005df500	FUN_005df500	277	unknown
005df620	FUN_005df620	203	unknown
005df700	FUN_005df700	176	unknown
005df7b0	FUN_005df7b0	148	unknown
005df850	FUN_005df850	78	unknown
005df8b0	FUN_005df8b0	127	unknown
005df930	FUN_005df930	14	unknown
005df940	FUN_005df940	28	unknown
005df960	FUN_005df960	257	unknown
005dfa70	FUN_005dfa70	70	unknown
005dfac0	FUN_005dfac0	153	unknown
005dfb60	FUN_005dfb60	131	unknown
005dfbf0	FUN_005dfbf0	58	unknown
005dfc30	FUN_005dfc30	80	unknown
005dfc80	FUN_005dfc80	225	unknown
005dfd70	FUN_005dfd70	311	unknown
005dfec0	FUN_005dfec0	295	unknown
005e01e0	FUN_005e01e0	48	unknown
005e0210	FUN_005e0210	43	unknown
005e0240	FUN_005e0240	25	unknown
005e0260	FUN_005e0260	89	unknown
005e02c0	FUN_005e02c0	87	unknown
005e0320	FUN_005e0320	106	unknown
005e0390	FUN_005e0390	85	unknown
005e03f0	FUN_005e03f0	138	unknown
005e047a	Catch@005e047a	9	unknown
005e0490	FUN_005e0490	138	unknown
005e051a	Catch@005e051a	9	unknown
005e0530	FUN_005e0530	39	unknown
005e0560	FUN_005e0560	70	unknown
005e05b0	FUN_005e05b0	57	unknown
005e05f0	FUN_005e05f0	241	unknown
005e06f0	FUN_005e06f0	75	unknown
005e0750	FUN_005e0750	75	unknown
005e07b0	FUN_005e07b0	22	unknown
005e07d0	FUN_005e07d0	685	unknown
005e0ab0	FUN_005e0ab0	75	unknown
005e0b10	FUN_005e0b10	257	unknown
005e0c20	FUN_005e0c20	66	unknown
005e0c70	FUN_005e0c70	170	unknown
005e0d20	FUN_005e0d20	159	unknown
005e0dd0	FUN_005e0dd0	257	unknown
005e0ee0	FUN_005e0ee0	174	unknown
005e0f90	FUN_005e0f90	153	unknown
005e1030	FUN_005e1030	196	unknown
005e1100	FUN_005e1100	257	unknown
005e1210	FUN_005e1210	225	unknown
005e1300	FUN_005e1300	173	unknown
005e13b0	FUN_005e13b0	257	unknown
005e14c0	FUN_005e14c0	210	unknown
005e15a0	FUN_005e15a0	173	unknown
005e1650	FUN_005e1650	68	unknown
005e16a0	FUN_005e16a0	182	unknown
005e1760	FUN_005e1760	39	unknown
005e1790	FUN_005e1790	127	unknown
005e1810	FUN_005e1810	66	unknown
005e1860	FUN_005e1860	80	unknown
005e18b0	FUN_005e18b0	131	unknown
005e1940	FUN_005e1940	88	unknown
005e19a0	FUN_005e19a0	779	unknown
005e1cd0	FUN_005e1cd0	14	unknown
005e1ce0	FUN_005e1ce0	97	unknown
005e1d50	FUN_005e1d50	781	unknown
005e2060	FUN_005e2060	364	unknown
005e21e0	FUN_005e21e0	111	unknown
005e2250	FUN_005e2250	388	unknown
005e23e0	FUN_005e23e0	257	unknown
005e24f0	FUN_005e24f0	66	unknown
005e2540	FUN_005e2540	100	unknown
005e25b0	FUN_005e25b0	220	unknown
005e2690	FUN_005e2690	127	unknown
005e2710	FUN_005e2710	62	unknown
005e2750	FUN_005e2750	76	unknown
005e27a0	FUN_005e27a0	257	unknown
005e28b0	FUN_005e28b0	62	unknown
005e28f0	FUN_005e28f0	166	unknown
005e29a0	FUN_005e29a0	220	unknown
005e2a80	FUN_005e2a80	241	unknown
005e2b80	FUN_005e2b80	257	unknown
005e2c90	FUN_005e2c90	217	unknown
005e2d70	FUN_005e2d70	236	unknown
005e2e60	FUN_005e2e60	257	unknown
005e2f70	FUN_005e2f70	202	unknown
005e3040	FUN_005e3040	283	unknown
005e3160	FUN_005e3160	214	unknown
005e3240	FUN_005e3240	257	unknown
005e3350	FUN_005e3350	62	unknown
005e3390	FUN_005e3390	217	unknown
005e3470	FUN_005e3470	236	unknown
005e3560	FUN_005e3560	257	unknown
005e3670	FUN_005e3670	55	unknown
005e36b0	FUN_005e36b0	220	unknown
005e3790	FUN_005e3790	58	unknown
005e3890	FUN_005e3890	183	unknown
005e3950	FUN_005e3950	183	unknown
005e3a10	FUN_005e3a10	60	unknown
005e3a50	FUN_005e3a50	69	unknown
005e3aa0	FUN_005e3aa0	125	unknown
005e3b20	FUN_005e3b20	37	unknown
005e3b50	FUN_005e3b50	27	unknown
005e3b70	FUN_005e3b70	101	unknown
005e3c70	FUN_005e3c70	22	unknown
005e3c90	FUN_005e3c90	58	unknown
005e3cd0	FUN_005e3cd0	677	unknown
005e3fb0	FUN_005e3fb0	69	unknown
005e4010	FUN_005e4010	183	unknown
005e40d0	FUN_005e40d0	544	unknown
005e42f0	FUN_005e42f0	37	unknown
005e4320	FUN_005e4320	13	unknown
005e4330	FUN_005e4330	13	unknown
005e4340	FUN_005e4340	8	unknown
005e4350	FUN_005e4350	8	unknown
005e4360	FUN_005e4360	23	unknown
005e4380	FUN_005e4380	22	unknown
005e43a0	FUN_005e43a0	97	unknown
005e4410	FUN_005e4410	103	unknown
005e4480	FUN_005e4480	214	unknown
005e4560	FUN_005e4560	49	unknown
005e45a0	FUN_005e45a0	47	unknown
005e45d0	FUN_005e45d0	18	unknown
005e45f0	FUN_005e45f0	13	unknown
005e4600	FUN_005e4600	116	unknown
005e4674	Catch@005e4674	39	unknown
005e46a0	FUN_005e46a0	115	unknown
005e4713	Catch@005e4713	40	unknown
005e4740	FUN_005e4740	115	unknown
005e47c0	FUN_005e47c0	90	unknown
005e4820	FUN_005e4820	662	unknown
005e49d5	Catch@005e49d5	22	unknown
005e4a8e	Catch@005e4a8e	35	unknown
005e4b00	FUN_005e4b00	401	unknown
005e4ca0	FUN_005e4ca0	20	unknown
005e4cc0	FUN_005e4cc0	15	unknown
005e4cd0	FUN_005e4cd0	18	unknown
005e4cf0	FUN_005e4cf0	81	unknown
005e4d50	FUN_005e4d50	107	unknown
005e4dc0	FUN_005e4dc0	89	unknown
005e4e20	FUN_005e4e20	762	unknown
005e4fe6	Catch@005e4fe6	9	unknown
005e5140	FUN_005e5140	122	unknown
005e51bd	Catch@005e51bd	9	unknown
005e51d0	FUN_005e51d0	120	unknown
005e524b	Catch@005e524b	9	unknown
005e5260	FUN_005e5260	189	unknown
005e5320	FUN_005e5320	104	unknown
005e5390	FUN_005e5390	866	unknown
005e55c8	Catch@005e55c8	22	unknown
005e56a5	Catch@005e56a5	38	unknown
005e5740	FUN_005e5740	59	unknown
005e5780	FUN_005e5780	105	unknown
005e57e9	Catch@005e57e9	37	unknown
005e5810	FUN_005e5810	53	unknown
005e5850	FUN_005e5850	42	unknown
005e5880	FUN_005e5880	104	unknown
005e58e8	Catch@005e58e8	37	unknown
005e5910	FUN_005e5910	20	unknown
005e5930	FUN_005e5930	272	unknown
005e5a40	FUN_005e5a40	31	unknown
005e5a60	FUN_005e5a60	76	unknown
005e5ab0	FUN_005e5ab0	141	unknown
005e5b40	FUN_005e5b40	98	unknown
005e5bb0	FUN_005e5bb0	399	unknown
005e5d50	FUN_005e5d50	720	unknown
005e5ef3	Catch@005e5ef3	22	unknown
005e5faa	Catch@005e5faa	35	unknown
005e6070	FUN_005e6070	221	unknown
005e614d	Catch@005e614d	17	unknown
005e6160	FUN_005e6160	122	unknown
005e61da	Catch@005e61da	37	unknown
005e6200	FUN_005e6200	111	unknown
005e626f	Catch@005e626f	41	unknown
005e62a0	FUN_005e62a0	110	unknown
005e630e	Catch@005e630e	39	unknown
005e6340	FUN_005e6340	254	unknown
005e6530	FUN_005e6530	81	unknown
005e6590	FUN_005e6590	8	unknown
005e65a0	FUN_005e65a0	8	unknown
005e65b0	FUN_005e65b0	14	unknown
005e65c0	FUN_005e65c0	32	unknown
005e65e0	FUN_005e65e0	8	unknown
005e65f0	FUN_005e65f0	8	unknown
005e6600	FUN_005e6600	8	unknown
005e6610	FUN_005e6610	8	unknown
005e6690	FUN_005e6690	27	unknown
005e66b0	FUN_005e66b0	1080	unknown
005e6b70	FUN_005e6b70	23	unknown
005e6b90	FUN_005e6b90	18	unknown
005e6bb0	FUN_005e6bb0	74	unknown
005e6c00	FUN_005e6c00	153	unknown
005e6ca0	FUN_005e6ca0	98	unknown
005e6d10	FUN_005e6d10	279	unknown
005e6e30	FUN_005e6e30	170	unknown
005e6ee0	FUN_005e6ee0	261	unknown
005e6ff0	FUN_005e6ff0	265	unknown
005e7100	FUN_005e7100	279	unknown
005e7220	FUN_005e7220	222	unknown
005e7300	FUN_005e7300	261	unknown
005e7410	FUN_005e7410	257	unknown
005e7520	FUN_005e7520	174	unknown
005e75d0	FUN_005e75d0	153	unknown
005e7670	FUN_005e7670	279	unknown
005e7790	FUN_005e7790	222	unknown
005e7870	FUN_005e7870	290	unknown
005e79a0	FUN_005e79a0	279	unknown
005e7ac0	FUN_005e7ac0	222	unknown
005e7ba0	FUN_005e7ba0	290	unknown
005e7cd0	FUN_005e7cd0	257	unknown
005e7de0	FUN_005e7de0	187	unknown
005e7ea0	FUN_005e7ea0	153	unknown
005e7f40	FUN_005e7f40	257	unknown
005e8050	FUN_005e8050	174	unknown
005e8100	FUN_005e8100	153	unknown
005e81a0	FUN_005e81a0	254	unknown
005e82a0	FUN_005e82a0	257	unknown
005e83b0	FUN_005e83b0	174	unknown
005e8460	FUN_005e8460	153	unknown
005e8500	FUN_005e8500	257	unknown
005e8610	FUN_005e8610	174	unknown
005e86c0	FUN_005e86c0	153	unknown
005e8760	FUN_005e8760	257	unknown
005e8870	FUN_005e8870	187	unknown
005e8930	FUN_005e8930	153	unknown
005e89d0	FUN_005e89d0	257	unknown
005e8ae0	FUN_005e8ae0	187	unknown
005e8ba0	FUN_005e8ba0	153	unknown
005e8c40	FUN_005e8c40	257	unknown
005e8d50	FUN_005e8d50	190	unknown
005e8e10	FUN_005e8e10	153	unknown
005e8eb0	FUN_005e8eb0	257	unknown
005e8fc0	FUN_005e8fc0	196	unknown
005e9090	FUN_005e9090	153	unknown
005e9130	FUN_005e9130	257	unknown
005e9240	FUN_005e9240	196	unknown
005e9310	FUN_005e9310	153	unknown
005e93b0	FUN_005e93b0	279	unknown
005e94d0	FUN_005e94d0	222	unknown
005e95b0	FUN_005e95b0	271	unknown
005e96d0	FUN_005e96d0	257	unknown
005e97e0	FUN_005e97e0	214	unknown
005e98c0	FUN_005e98c0	173	unknown
005e9970	FUN_005e9970	257	unknown
005e9a80	FUN_005e9a80	196	unknown
005e9b50	FUN_005e9b50	153	unknown
005e9bf0	FUN_005e9bf0	257	unknown
005e9d00	FUN_005e9d00	196	unknown
005e9dd0	FUN_005e9dd0	153	unknown
005e9e70	FUN_005e9e70	257	unknown
005e9f80	FUN_005e9f80	66	unknown
005e9fd0	FUN_005e9fd0	196	unknown
005ea0a0	FUN_005ea0a0	153	unknown
005ea140	FUN_005ea140	257	unknown
005ea250	FUN_005ea250	77	unknown
005ea2a0	FUN_005ea2a0	92	unknown
005ea300	FUN_005ea300	153	unknown
005ea3a0	FUN_005ea3a0	257	unknown
005ea4b0	FUN_005ea4b0	111	unknown
005ea520	FUN_005ea520	153	unknown
005ea5c0	FUN_005ea5c0	257	unknown
005ea6d0	FUN_005ea6d0	147	unknown
005ea770	FUN_005ea770	173	unknown
005ea820	FUN_005ea820	257	unknown
005ea930	FUN_005ea930	111	unknown
005ea9a0	FUN_005ea9a0	153	unknown
005eaa40	FUN_005eaa40	257	unknown
005eab50	FUN_005eab50	111	unknown
005eabc0	FUN_005eabc0	153	unknown
005eac60	FUN_005eac60	257	unknown
005ead70	FUN_005ead70	147	unknown
005eae10	FUN_005eae10	173	unknown
005eaec0	FUN_005eaec0	257	unknown
005eafd0	FUN_005eafd0	25	unknown
005eaff0	FUN_005eaff0	111	unknown
005eb060	FUN_005eb060	153	unknown
005eb100	FUN_005eb100	257	unknown
005eb210	FUN_005eb210	165	unknown
005eb2c0	FUN_005eb2c0	173	unknown
005eb370	FUN_005eb370	257	unknown
005eb480	FUN_005eb480	165	unknown
005eb530	FUN_005eb530	173	unknown
005eb5e0	FUN_005eb5e0	308	unknown
005eb720	FUN_005eb720	257	unknown
005eb830	FUN_005eb830	173	unknown
005eb8e0	FUN_005eb8e0	257	unknown
005eb9f0	FUN_005eb9f0	168	unknown
005ebaa0	FUN_005ebaa0	153	unknown
005ebb40	FUN_005ebb40	257	unknown
005ebc50	FUN_005ebc50	158	unknown
005ebcf0	FUN_005ebcf0	153	unknown
005ebd90	FUN_005ebd90	257	unknown
005ebea0	FUN_005ebea0	51	unknown
005ebee0	FUN_005ebee0	168	unknown
005ebf90	FUN_005ebf90	153	unknown
005ec030	FUN_005ec030	257	unknown
005ec140	FUN_005ec140	165	unknown
005ec1f0	FUN_005ec1f0	173	unknown
005ec2a0	FUN_005ec2a0	257	unknown
005ec3b0	FUN_005ec3b0	165	unknown
005ec460	FUN_005ec460	173	unknown
005ec510	FUN_005ec510	257	unknown
005ec620	FUN_005ec620	173	unknown
005ec6d0	FUN_005ec6d0	257	unknown
005ec7e0	FUN_005ec7e0	168	unknown
005ec890	FUN_005ec890	153	unknown
005ec930	FUN_005ec930	254	unknown
005eca30	FUN_005eca30	257	unknown
005ecb40	FUN_005ecb40	158	unknown
005ecbe0	FUN_005ecbe0	153	unknown
005ecc80	FUN_005ecc80	257	unknown
005ecd90	FUN_005ecd90	51	unknown
005ecdd0	FUN_005ecdd0	168	unknown
005ece80	FUN_005ece80	153	unknown
005ecf20	FUN_005ecf20	159	unknown
005ed070	FUN_005ed070	104	unknown
005ed0e0	FUN_005ed0e0	73	unknown
005ed130	FUN_005ed130	4	unknown
005ed140	FUN_005ed140	8	unknown
005ed150	FUN_005ed150	8	unknown
005ed160	FUN_005ed160	8	unknown
005ed170	FUN_005ed170	8	unknown
005ed180	FUN_005ed180	8	unknown
005ed190	FUN_005ed190	8	unknown
005ed1a0	FUN_005ed1a0	8	unknown
005ed1b0	FUN_005ed1b0	8	unknown
005ed1c0	FUN_005ed1c0	8	unknown
005ed1d0	FUN_005ed1d0	27	unknown
005ed1f0	FUN_005ed1f0	112	unknown
005ed2c0	FUN_005ed2c0	426	unknown
005ed480	FUN_005ed480	23	unknown
005ed4a0	FUN_005ed4a0	334	unknown
005ed600	FUN_005ed600	127	unknown
005ed680	FUN_005ed680	22	unknown
005ed6a0	FUN_005ed6a0	127	unknown
005ed720	FUN_005ed720	29	unknown
005ed740	FUN_005ed740	257	unknown
005ed850	FUN_005ed850	170	unknown
005ed900	FUN_005ed900	116	unknown
005ed980	FUN_005ed980	127	unknown
005eda00	FUN_005eda00	29	unknown
005eda20	FUN_005eda20	257	unknown
005edb30	FUN_005edb30	163	unknown
005edbe0	FUN_005edbe0	116	unknown
005edc60	FUN_005edc60	744	unknown
005edf70	FUN_005edf70	617	unknown
005ee1e0	FUN_005ee1e0	375	unknown
005ee370	FUN_005ee370	344	unknown
005ee4e0	FUN_005ee4e0	274	unknown
005ee600	FUN_005ee600	209	unknown
005ee6e0	FUN_005ee6e0	257	unknown
005ee7f0	FUN_005ee7f0	163	unknown
005ee8a0	FUN_005ee8a0	116	unknown
005ee920	FUN_005ee920	257	unknown
005eea30	FUN_005eea30	163	unknown
005eeae0	FUN_005eeae0	116	unknown
005eeb60	FUN_005eeb60	257	unknown
005eec70	FUN_005eec70	31	unknown
005eec90	FUN_005eec90	96	unknown
005eecf0	FUN_005eecf0	127	unknown
005eed70	FUN_005eed70	26	unknown
005eed90	FUN_005eed90	257	unknown
005eeea0	FUN_005eeea0	163	unknown
005eef50	FUN_005eef50	116	unknown
005eefd0	FUN_005eefd0	473	unknown
005ef1c0	FUN_005ef1c0	257	unknown
005ef2d0	FUN_005ef2d0	144	unknown
005ef370	FUN_005ef370	455	unknown
005ef550	FUN_005ef550	65	unknown
005ef5a0	FUN_005ef5a0	192	unknown
005ef660	FUN_005ef660	578	unknown
005ef8c0	FUN_005ef8c0	314	unknown
005efa00	FUN_005efa00	158	unknown
005efab0	FUN_005efab0	463	unknown
005efca0	FUN_005efca0	67	unknown
005efcf0	FUN_005efcf0	192	unknown
005efdb0	FUN_005efdb0	257	unknown
005efec0	FUN_005efec0	163	unknown
005eff70	FUN_005eff70	134	unknown
005f0000	FUN_005f0000	364	unknown
005f0180	FUN_005f0180	210	unknown
005f0260	FUN_005f0260	124	unknown
005f02e0	FUN_005f02e0	257	unknown
005f03f0	FUN_005f03f0	163	unknown
005f04a0	FUN_005f04a0	116	unknown
005f0520	FUN_005f0520	257	unknown
005f0630	FUN_005f0630	163	unknown
005f06e0	FUN_005f06e0	116	unknown
005f0760	FUN_005f0760	127	unknown
005f07e0	FUN_005f07e0	29	unknown
005f0800	FUN_005f0800	455	unknown
005f09e0	FUN_005f09e0	84	unknown
005f0a40	FUN_005f0a40	192	unknown
005f0b00	FUN_005f0b00	257	unknown
005f0c10	FUN_005f0c10	163	unknown
005f0cc0	FUN_005f0cc0	257	unknown
005f0dd0	FUN_005f0dd0	37	unknown
005f0e00	FUN_005f0e00	96	unknown
005f0e60	FUN_005f0e60	473	unknown
005f1050	FUN_005f1050	68	unknown
005f10a0	FUN_005f10a0	192	unknown
005f1160	FUN_005f1160	257	unknown
005f1270	FUN_005f1270	31	unknown
005f1290	FUN_005f1290	96	unknown
005f12f0	FUN_005f12f0	127	unknown
005f1370	FUN_005f1370	26	unknown
005f1390	FUN_005f1390	257	unknown
005f14a0	FUN_005f14a0	31	unknown
005f14c0	FUN_005f14c0	96	unknown
005f1520	FUN_005f1520	257	unknown
005f1630	FUN_005f1630	30	unknown
005f1650	FUN_005f1650	96	unknown
005f16b0	FUN_005f16b0	463	unknown
005f18a0	FUN_005f18a0	67	unknown
005f18f0	FUN_005f18f0	192	unknown
005f19b0	FUN_005f19b0	463	unknown
005f1ba0	FUN_005f1ba0	67	unknown
005f1bf0	FUN_005f1bf0	192	unknown
005f1cb0	FUN_005f1cb0	463	unknown
005f1ea0	FUN_005f1ea0	67	unknown
005f1ef0	FUN_005f1ef0	192	unknown
005f1fb0	FUN_005f1fb0	463	unknown
005f21a0	FUN_005f21a0	67	unknown
005f21f0	FUN_005f21f0	192	unknown
005f22b0	FUN_005f22b0	463	unknown
005f24a0	FUN_005f24a0	67	unknown
005f24f0	FUN_005f24f0	192	unknown
005f25b0	FUN_005f25b0	463	unknown
005f27a0	FUN_005f27a0	67	unknown
005f27f0	FUN_005f27f0	192	unknown
005f28b0	FUN_005f28b0	364	unknown
005f2a30	FUN_005f2a30	48	unknown
005f2a60	FUN_005f2a60	143	unknown
005f2af0	FUN_005f2af0	364	unknown
005f2c70	FUN_005f2c70	48	unknown
005f2ca0	FUN_005f2ca0	143	unknown
005f2d30	FUN_005f2d30	364	unknown
005f2eb0	FUN_005f2eb0	48	unknown
005f2ee0	FUN_005f2ee0	143	unknown
005f2f70	FUN_005f2f70	127	unknown
005f2ff0	FUN_005f2ff0	29	unknown
005f3010	FUN_005f3010	364	unknown
005f3190	FUN_005f3190	208	unknown
005f3260	FUN_005f3260	128	unknown
005f32f0	FUN_005f32f0	364	unknown
005f3470	FUN_005f3470	12	unknown
005f3480	FUN_005f3480	208	unknown
005f3550	FUN_005f3550	128	unknown
005f35e0	FUN_005f35e0	257	unknown
005f36f0	FUN_005f36f0	12	unknown
005f3700	FUN_005f3700	85	unknown
005f3760	FUN_005f3760	96	unknown
005f37c0	FUN_005f37c0	141	unknown
005f3850	FUN_005f3850	140	unknown
005f38e0	FUN_005f38e0	44	unknown
005f3910	FUN_005f3910	40	unknown
005f3940	FUN_005f3940	45	unknown
005f3970	FUN_005f3970	45	unknown
005f39a0	FUN_005f39a0	88	unknown
005f3a00	FUN_005f3a00	88	unknown
005f3a60	FUN_005f3a60	31	unknown
005f3a80	FUN_005f3a80	29	unknown
005f3aa0	FUN_005f3aa0	87	unknown
005f3b00	FUN_005f3b00	40	unknown
005f3b30	FUN_005f3b30	93	unknown
005f3b90	FUN_005f3b90	43	unknown
005f3bc0	FUN_005f3bc0	26	unknown
005f3be0	FUN_005f3be0	107	unknown
005f3c4b	Catch@005f3c4b	9	unknown
005f3c60	FUN_005f3c60	99	unknown
005f3cd0	FUN_005f3cd0	138	unknown
005f3d5a	Catch@005f3d5a	9	unknown
005f3d70	FUN_005f3d70	102	unknown
005f3dd6	Catch@005f3dd6	9	unknown
005f3de0	FUN_005f3de0	27	unknown
005f3e00	FUN_005f3e00	42	unknown
005f3e30	FUN_005f3e30	75	unknown
005f3e80	FUN_005f3e80	74	unknown
005f3ed0	FUN_005f3ed0	117	unknown
005f3f45	Catch@005f3f45	9	unknown
005f3f60	FUN_005f3f60	211	unknown
005f4040	FUN_005f4040	428	unknown
005f41f0	FUN_005f41f0	635	unknown
005f439a	Catch@005f439a	9	unknown
005f4490	FUN_005f4490	685	unknown
005f4770	FUN_005f4770	75	unknown
005f47d0	FUN_005f47d0	113	unknown
005f4850	FUN_005f4850	453	unknown
005f4a30	FUN_005f4a30	244	unknown
005f4b30	FUN_005f4b30	151	unknown
005f4bd0	FUN_005f4bd0	102	unknown
005f4c40	FUN_005f4c40	202	unknown
005f4d10	FUN_005f4d10	11	unknown
005f4d20	FUN_005f4d20	5	unknown
005f4d30	FUN_005f4d30	27	unknown
005f4d50	FUN_005f4d50	87	unknown
005f4db0	FUN_005f4db0	217	unknown
005f4ea0	FUN_005f4ea0	87	unknown
005f4f10	FUN_005f4f10	130	unknown
005f4fa0	FUN_005f4fa0	183	unknown
005f5060	FUN_005f5060	1368	unknown
005f55e0	FUN_005f55e0	961	unknown
005f59b0	FUN_005f59b0	37	unknown
005f59e0	FUN_005f59e0	5	unknown
005f59f0	FUN_005f59f0	69	unknown
005f5a40	FUN_005f5a40	107	unknown
005f5ab0	FUN_005f5ab0	27	unknown
005f5ad0	FUN_005f5ad0	6	unknown
005f5ae0	FUN_005f5ae0	7	unknown
005f5af0	FUN_005f5af0	31	unknown
005f5b10	FUN_005f5b10	13	unknown
005f5b20	FUN_005f5b20	13	unknown
005f5b30	FUN_005f5b30	27	unknown
005f5b50	FUN_005f5b50	7	unknown
005f5b60	FUN_005f5b60	243	unknown
005f5c60	FUN_005f5c60	45	unknown
005f5c90	FUN_005f5c90	70	unknown
005f5ce0	FUN_005f5ce0	27	unknown
005f5d00	FUN_005f5d00	90	unknown
005f5d60	FUN_005f5d60	62	unknown
005f5da0	FUN_005f5da0	530	unknown
005f5f00	Catch@005f5f00	9	unknown
005f5fd0	FUN_005f5fd0	823	unknown
005f6310	FUN_005f6310	162	unknown
005f63c0	FUN_005f63c0	88	unknown
005f6420	FUN_005f6420	46	unknown
005f6450	FUN_005f6450	46	unknown
005f6480	FUN_005f6480	58	unknown
005f64c0	FUN_005f64c0	157	unknown
005f6560	FUN_005f6560	61	unknown
005f65a0	FUN_005f65a0	31	unknown
005f65c0	FUN_005f65c0	40	unknown
005f65f0	FUN_005f65f0	43	unknown
005f6620	FUN_005f6620	26	unknown
005f6640	FUN_005f6640	1404	unknown
005f6bc0	FUN_005f6bc0	107	unknown
005f6c2b	Catch@005f6c2b	9	unknown
005f6c40	FUN_005f6c40	102	unknown
005f6ca6	Catch@005f6ca6	9	unknown
005f6cb0	FUN_005f6cb0	42	unknown
005f6ce0	FUN_005f6ce0	27	unknown
005f6d00	FUN_005f6d00	475	unknown
005f6ee0	FUN_005f6ee0	547	unknown
005f7110	FUN_005f7110	43	unknown
005f7140	FUN_005f7140	74	unknown
005f7190	FUN_005f7190	113	unknown
005f7210	FUN_005f7210	630	unknown
005f73b7	Catch@005f73b7	9	unknown
005f74a0	FUN_005f74a0	154	unknown
005f7540	FUN_005f7540	48	unknown
005f7570	FUN_005f7570	1347	unknown
005f7ac0	FUN_005f7ac0	78	unknown
005f7b10	FUN_005f7b10	125	unknown
005f7b90	FUN_005f7b90	195	unknown
005f7c60	FUN_005f7c60	6	unknown
005f7c70	FUN_005f7c70	27	unknown
005f7c90	FUN_005f7c90	13	unknown
005f7ca0	FUN_005f7ca0	39	unknown
005f7cd0	FUN_005f7cd0	39	unknown
005f7d00	FUN_005f7d00	39	unknown
005f7d30	FUN_005f7d30	39	unknown
005f7d60	FUN_005f7d60	49	unknown
005f7da0	FUN_005f7da0	45	unknown
005f7dd0	FUN_005f7dd0	35	unknown
005f7e00	FUN_005f7e00	35	unknown
005f7e30	FUN_005f7e30	35	unknown
005f7e60	FUN_005f7e60	54	unknown
005f7ea0	FUN_005f7ea0	68	unknown
005f7ef0	AISettings__v4_slot15	10	unknown
005f7f00	FUN_005f7f00	49	unknown
005f7f40	FUN_005f7f40	46	unknown
005f7f80	FUN_005f7f80	107	unknown
005f7feb	Catch@005f7feb	9	unknown
005f8000	FUN_005f8000	63	unknown
005f8040	FUN_005f8040	102	unknown
005f80a6	Catch@005f80a6	9	unknown
005f80b0	FUN_005f80b0	45	unknown
005f80e0	FUN_005f80e0	101	unknown
005f8150	FUN_005f8150	83	unknown
005f81b0	FUN_005f81b0	67	unknown
005f8200	FUN_005f8200	162	unknown
005f82b0	FUN_005f82b0	103	unknown
005f8320	FUN_005f8320	63	unknown
005f8360	FUN_005f8360	56	unknown
005f83a0	FUN_005f83a0	58	unknown
005f83e0	FUN_005f83e0	42	unknown
005f8410	FUN_005f8410	27	unknown
005f8430	FUN_005f8430	90	unknown
005f8490	FUN_005f8490	711	unknown
005f8760	FUN_005f8760	41	unknown
005f8790	FUN_005f8790	89	unknown
005f8870	FUN_005f8870	63	unknown
005f88b0	FUN_005f88b0	126	unknown
005f8930	FUN_005f8930	64	unknown
005f8970	FUN_005f8970	126	unknown
005f89f0	FUN_005f89f0	21	unknown
005f8a10	FUN_005f8a10	39	unknown
005f8a40	FUN_005f8a40	110	unknown
005f8aae	Catch@005f8aae	39	unknown
005f8ae0	FUN_005f8ae0	110	unknown
005f8b4e	Catch@005f8b4e	39	unknown
005f8b80	FUN_005f8b80	57	unknown
005f8bc0	FUN_005f8bc0	458	unknown
005f8da0	FUN_005f8da0	206	unknown
005f8e80	FUN_005f8e80	65	unknown
005f8ed0	FUN_005f8ed0	210	unknown
005f8fb0	FUN_005f8fb0	23	unknown
005f8fd0	FUN_005f8fd0	23	unknown
005f8ff0	FUN_005f8ff0	544	unknown
005f9210	FUN_005f9210	198	unknown
005f92e0	FUN_005f92e0	115	unknown
005f9360	FUN_005f9360	50	unknown
005f93a0	FUN_005f93a0	444	unknown
005f9560	FUN_005f9560	220	unknown
005f9640	FUN_005f9640	177	unknown
005f9700	FUN_005f9700	67	unknown
005f9750	FUN_005f9750	63	unknown
005f9790	FUN_005f9790	542	unknown
005f99b0	FUN_005f99b0	75	unknown
005f9a00	FUN_005f9a00	75	unknown
005f9a50	FUN_005f9a50	530	unknown
005f9bb0	Catch@005f9bb0	9	unknown
005f9c80	FUN_005f9c80	636	unknown
005f9e27	Catch@005f9e27	9	unknown
005f9f20	FUN_005f9f20	50	unknown
005f9f60	FUN_005f9f60	106	unknown
005f9fd0	FUN_005f9fd0	107	unknown
005fa03b	Catch@005fa03b	37	unknown
005fa070	FUN_005fa070	60	unknown
005fa0b0	FUN_005fa0b0	107	unknown
005fa11b	Catch@005fa11b	37	unknown
005fa150	FUN_005fa150	39	unknown
005fa180	FUN_005fa180	75	unknown
005fa1d0	FUN_005fa1d0	131	unknown
005fa260	FUN_005fa260	103	unknown
005fa2d0	FUN_005fa2d0	27	unknown
005fa2f0	FUN_005fa2f0	27	unknown
005fa310	FUN_005fa310	128	unknown
005fa390	FUN_005fa390	42	unknown
005fa3c0	FUN_005fa3c0	42	unknown
005fa3f0	FUN_005fa3f0	603	unknown
005fa57d	Catch@005fa57d	22	unknown
005fa608	Catch@005fa608	35	unknown
005fa6a0	FUN_005fa6a0	700	unknown
005fa865	Catch@005fa865	22	unknown
005fa91b	Catch@005fa91b	35	unknown
005fa9b0	FUN_005fa9b0	159	unknown
005faa4f	Catch@005faa4f	21	unknown
005faa70	FUN_005faa70	263	unknown
005fab80	FUN_005fab80	570	unknown
005fadc0	FUN_005fadc0	58	unknown
005fae00	FUN_005fae00	106	unknown
005fae70	FUN_005fae70	58	unknown
005faeb0	FUN_005faeb0	131	unknown
005faf40	FUN_005faf40	62	unknown
005faf90	FUN_005faf90	368	unknown
005fb100	FUN_005fb100	446	unknown
005fb2d0	FUN_005fb2d0	93	unknown
005fb330	FUN_005fb330	338	unknown
005fb490	FUN_005fb490	98	unknown
005fb500	FUN_005fb500	383	unknown
005fb690	FUN_005fb690	137	unknown
005fb720	FUN_005fb720	92	unknown
005fb8e0	FUN_005fb8e0	319	unknown
005fba20	FUN_005fba20	281	unknown
005fbb40	FUN_005fbb40	89	unknown
005fbba0	FUN_005fbba0	310	unknown
005fbce0	FUN_005fbce0	306	unknown
005fbe20	FUN_005fbe20	93	unknown
005fbe80	FUN_005fbe80	494	unknown
005fc080	FUN_005fc080	398	unknown
005fc210	FUN_005fc210	86	unknown
005fc2a0	FUN_005fc2a0	430	unknown
005fc460	FUN_005fc460	1366	unknown
005fc9d0	FUN_005fc9d0	294	unknown
005fcb00	FUN_005fcb00	65	unknown
005fcb50	FUN_005fcb50	94	unknown
005fcbb0	FUN_005fcbb0	65	unknown
005fcc00	FUN_005fcc00	78	unknown
005fcc60	FUN_005fcc60	102	unknown
005fccd0	FUN_005fccd0	142	unknown
005fcd60	FUN_005fcd60	30	unknown
005fcd80	FUN_005fcd80	11	unknown
005fcd90	FUN_005fcd90	30	unknown
005fcdb0	FUN_005fcdb0	11	unknown
005fcdc0	PlayerControlObjectNetworkable__v0_slot08	3	unknown
005fcdd0	FUN_005fcdd0	105	unknown
005fce39	Catch@005fce39	9	unknown
005fce50	FUN_005fce50	111	unknown
005fcebf	Catch@005fcebf	9	unknown
005fcee0	FUN_005fcee0	54	unknown
005fcf30	FUN_005fcf30	51	unknown
005fcf70	FUN_005fcf70	102	unknown
005fcfd6	Catch@005fcfd6	53	unknown
005fd010	FUN_005fd010	89	unknown
005fd080	FUN_005fd080	304	unknown
005fd1b0	FUN_005fd1b0	45	unknown
005fd1e0	FUN_005fd1e0	57	unknown
005fd220	FUN_005fd220	70	unknown
005fd280	FUN_005fd280	33	unknown
005fd2b0	FUN_005fd2b0	30	unknown
005fd2d0	FUN_005fd2d0	11	unknown
005fd2e0	FUN_005fd2e0	6	unknown
005fd2f0	FUN_005fd2f0	44	unknown
005fd320	FUN_005fd320	31	unknown
005fd340	FUN_005fd340	33	unknown
005fd370	FUN_005fd370	89	unknown
005fd3d0	FUN_005fd3d0	32	unknown
005fd3f0	FUN_005fd3f0	31	unknown
005fd410	FUN_005fd410	92	unknown
005fd470	FUN_005fd470	95	unknown
005fd4d0	FUN_005fd4d0	55	unknown
005fd510	FUN_005fd510	88	unknown
005fd570	FUN_005fd570	40	unknown
005fd5a0	FUN_005fd5a0	107	unknown
005fd60b	Catch@005fd60b	9	unknown
005fd620	FUN_005fd620	33	unknown
005fd650	FUN_005fd650	138	unknown
005fd6da	Catch@005fd6da	9	unknown
005fd6f0	FUN_005fd6f0	111	unknown
005fd760	FUN_005fd760	104	unknown
005fd7c8	Catch@005fd7c8	9	unknown
005fd7e0	FUN_005fd7e0	102	unknown
005fd846	Catch@005fd846	9	unknown
005fd850	FUN_005fd850	104	unknown
005fd8b8	Catch@005fd8b8	9	unknown
005fd8d0	FUN_005fd8d0	104	unknown
005fd938	Catch@005fd938	9	unknown
005fd950	FUN_005fd950	104	unknown
005fd9b8	Catch@005fd9b8	9	unknown
005fd9d0	FUN_005fd9d0	27	unknown
005fd9f0	FUN_005fd9f0	124	unknown
005fda70	FUN_005fda70	30	unknown
005fda90	FUN_005fda90	8	unknown
005fdaa0	FUN_005fdaa0	10	unknown
005fdab0	FUN_005fdab0	23	unknown
005fdad0	FUN_005fdad0	8	unknown
005fdae0	FUN_005fdae0	8	unknown
005fdaf0	FUN_005fdaf0	8	unknown
005fdb00	FUN_005fdb00	8	unknown
005fdb10	FUN_005fdb10	8	unknown
005fdb20	FUN_005fdb20	8	unknown
005fdb30	FUN_005fdb30	26	unknown
005fdb50	FUN_005fdb50	30	unknown
005fdb70	FUN_005fdb70	14	unknown
005fdb80	FUN_005fdb80	14	unknown
005fdb90	FUN_005fdb90	14	unknown
005fdba0	FUN_005fdba0	14	unknown
005fdbb0	FUN_005fdbb0	225	unknown
005fdca0	FUN_005fdca0	82	unknown
005fdd00	FUN_005fdd00	82	unknown
005fdd60	FUN_005fdd60	67	unknown
005fddb0	FUN_005fddb0	29	unknown
005fddd0	FUN_005fddd0	27	unknown
005fddf0	FUN_005fddf0	42	unknown
005fde20	FUN_005fde20	333	unknown
005fdf70	FUN_005fdf70	29	unknown
005fdf90	FUN_005fdf90	29	unknown
005fdfb0	FUN_005fdfb0	29	unknown
005fdfd0	FUN_005fdfd0	128	unknown
005fe050	FUN_005fe050	137	unknown
005fe0e0	FUN_005fe0e0	21	unknown
005fe100	FUN_005fe100	8	unknown
005fe110	FUN_005fe110	8	unknown
005fe120	FUN_005fe120	8	unknown
005fe130	FUN_005fe130	8	unknown
005fe140	FUN_005fe140	8	unknown
005fe150	FUN_005fe150	8	unknown
005fe160	FUN_005fe160	8	unknown
005fe170	FUN_005fe170	8	unknown
005fe180	FUN_005fe180	8	unknown
005fe190	FUN_005fe190	8	unknown
005fe1a0	FUN_005fe1a0	8	unknown
005fe1b0	FUN_005fe1b0	8	unknown
005fe1c0	FUN_005fe1c0	11	unknown
005fe1d0	FUN_005fe1d0	11	unknown
005fe1e0	FUN_005fe1e0	14	unknown
005fe1f0	FUN_005fe1f0	32	unknown
005fe210	FUN_005fe210	8	unknown
005fe220	FUN_005fe220	8	unknown
005fe230	FUN_005fe230	8	unknown
005fe240	FUN_005fe240	8	unknown
005fe250	FUN_005fe250	8	unknown
005fe260	FUN_005fe260	8	unknown
005fe270	FUN_005fe270	8	unknown
005fe280	FUN_005fe280	8	unknown
005fe290	FUN_005fe290	8	unknown
005fe2a0	FUN_005fe2a0	8	unknown
005fe2b0	FUN_005fe2b0	8	unknown
005fe2c0	FUN_005fe2c0	8	unknown
005fe2d0	FUN_005fe2d0	11	unknown
005fe2e0	FUN_005fe2e0	11	unknown
005fe2f0	FUN_005fe2f0	78	unknown
005fe340	FUN_005fe340	90	unknown
005fe3a0	FUN_005fe3a0	16	unknown
005fe3b0	FUN_005fe3b0	28	unknown
005fe3d0	FUN_005fe3d0	15	unknown
005fe3e0	FUN_005fe3e0	91	unknown
005fe440	FUN_005fe440	199	unknown
005fe50a	Catch@005fe50a	9	unknown
005fe520	FUN_005fe520	149	unknown
005fe5d0	FUN_005fe5d0	73	unknown
005fe620	FUN_005fe620	75	unknown
005fe670	FUN_005fe670	552	unknown
005fe7e1	Catch@005fe7e1	9	unknown
005fe8b0	FUN_005fe8b0	180	unknown
005fe964	Catch@005fe964	17	unknown
005fe980	FUN_005fe980	197	unknown
005fea45	Catch@005fea45	17	unknown
005fea60	FUN_005fea60	185	unknown
005feb19	Catch@005feb19	17	unknown
005feb30	FUN_005feb30	362	unknown
005feca0	FUN_005feca0	310	unknown
005fede0	FUN_005fede0	241	unknown
005feee0	FUN_005feee0	122	unknown
005fef60	FUN_005fef60	155	unknown
005ff000	FUN_005ff000	119	unknown
005ff080	FUN_005ff080	51	unknown
005ff0c0	FUN_005ff0c0	51	unknown
005ff100	FUN_005ff100	418	unknown
005ff2b0	FUN_005ff2b0	37	unknown
005ff2e0	FUN_005ff2e0	21	unknown
005ff300	FUN_005ff300	110	unknown
005ff36e	Catch@005ff36e	33	unknown
005ff390	FUN_005ff390	109	unknown
005ff3fd	Catch@005ff3fd	33	unknown
005ff420	FUN_005ff420	206	unknown
005ff4f0	FUN_005ff4f0	44	unknown
005ff520	FUN_005ff520	107	unknown
005ff58b	Catch@005ff58b	33	unknown
005ff5b0	FUN_005ff5b0	27	unknown
005ff5d0	FUN_005ff5d0	29	unknown
005ff5f0	FUN_005ff5f0	35	unknown
005ff620	FUN_005ff620	42	unknown
005ff650	FUN_005ff650	810	unknown
005ff9a0	FUN_005ff9a0	54	unknown
005ff9f0	FUN_005ff9f0	90	unknown
005ffa50	FUN_005ffa50	66	unknown
005ffaa0	FUN_005ffaa0	768	unknown
005ffc83	Catch@005ffc83	31	unknown
005ffd5a	Catch@005ffd5a	38	unknown
005ffe00	FUN_005ffe00	199	unknown
005ffec7	Catch@005ffec7	17	unknown
005ffee0	FUN_005ffee0	178	unknown
005fffa0	FUN_005fffa0	379	unknown
00600120	FUN_00600120	124	unknown
006001a0	FUN_006001a0	51	unknown
006001e0	FUN_006001e0	51	unknown
00600220	FUN_00600220	21	unknown
00600240	FUN_00600240	37	unknown
00600270	FUN_00600270	446	unknown
00600440	FUN_00600440	110	unknown
006004ae	Catch@006004ae	33	unknown
006004d0	FUN_006004d0	146	unknown
00600570	FUN_00600570	79	unknown
006005d0	FUN_006005d0	107	unknown
0060063b	Catch@0060063b	33	unknown
00600660	FUN_00600660	27	unknown
00600680	FUN_00600680	22	unknown
006006a0	FUN_006006a0	42	unknown
006006d0	FUN_006006d0	58	unknown
00600710	FUN_00600710	64	unknown
00600750	FUN_00600750	554	unknown
006008bb	Catch@006008bb	22	unknown
00600946	Catch@00600946	35	unknown
006009d0	FUN_006009d0	125	unknown
00600a50	FUN_00600a50	311	unknown
00600b90	FUN_00600b90	677	unknown
00600e70	FUN_00600e70	69	unknown
00600ed0	thunk_FUN_00600a50	5	unknown
00600ee0	FUN_00600ee0	183	unknown
00600fa0	FUN_00600fa0	544	unknown
006011c0	FUN_006011c0	29	unknown
006011e0	FUN_006011e0	25	unknown
00601200	FUN_00601200	18	unknown
00601220	FUN_00601220	33	unknown
00601250	FUN_00601250	7	unknown
00601260	FUN_00601260	22	unknown
00601280	FUN_00601280	7	unknown
00601290	FUN_00601290	7	unknown
006012a0	FUN_006012a0	64	unknown
006012e0	FUN_006012e0	8	unknown
006012f0	FUN_006012f0	8	unknown
00601300	FUN_00601300	86	unknown
00601360	FUN_00601360	25	unknown
00601380	FUN_00601380	38	unknown
006013b0	FUN_006013b0	103	unknown
00601420	FUN_00601420	24	unknown
00601440	FUN_00601440	115	unknown
006014c0	FUN_006014c0	328	unknown
00601610	FUN_00601610	20	unknown
00601630	FUN_00601630	254	unknown
00601820	FUN_00601820	27	unknown
00601840	FUN_00601840	148	unknown
006018e0	FUN_006018e0	101	unknown
00601950	FUN_00601950	8	unknown
00601960	FUN_00601960	8	unknown
00601970	FUN_00601970	8	unknown
00601980	FUN_00601980	8	unknown
00601990	FUN_00601990	11	unknown
006019a0	FUN_006019a0	11	unknown
006019b0	ControlPointTemplate__v0_slot02	32	unknown
006019d0	FUN_006019d0	8	unknown
006019e0	FUN_006019e0	8	unknown
006019f0	FUN_006019f0	8	unknown
00601a00	FUN_00601a00	8	unknown
00601a10	FUN_00601a10	11	unknown
00601a20	FUN_00601a20	11	unknown
00601a30	FUN_00601a30	23	unknown
00601a50	FUN_00601a50	171	unknown
00601b10	FUN_00601b10	27	unknown
00601b70	FUN_00601b70	37	unknown
00601ba0	FUN_00601ba0	54	unknown
00601be0	FUN_00601be0	82	unknown
00601c40	FUN_00601c40	6	unknown
00601c50	FUN_00601c50	82	unknown
00601cb0	FUN_00601cb0	6	unknown
00601cc0	FUN_00601cc0	82	unknown
00601d20	FUN_00601d20	6	unknown
00601d30	FUN_00601d30	82	unknown
00601d90	FUN_00601d90	6	unknown
00601da0	FUN_00601da0	82	unknown
00601e00	FUN_00601e00	6	unknown
00601e10	FUN_00601e10	82	unknown
00601e90	FUN_00601e90	6	unknown
00601ea0	FUN_00601ea0	32	unknown
00601ec0	FUN_00601ec0	32	unknown
00601ee0	FUN_00601ee0	32	unknown
00601f00	FUN_00601f00	6	unknown
00601f10	FUN_00601f10	35	unknown
00601f40	FUN_00601f40	6	unknown
00601f50	FUN_00601f50	35	unknown
00601f80	FUN_00601f80	6	unknown
00601f90	FUN_00601f90	35	unknown
00601fc0	FUN_00601fc0	6	unknown
00601fd0	FUN_00601fd0	35	unknown
00602000	FUN_00602000	6	unknown
00602010	FUN_00602010	35	unknown
00602040	FUN_00602040	35	unknown
00602070	FUN_00602070	6	unknown
00602080	FUN_00602080	82	unknown
006020e0	FUN_006020e0	33	unknown
00602110	FUN_00602110	103	unknown
00602180	FUN_00602180	76	unknown
006021d0	FUN_006021d0	55	unknown
00602210	FUN_00602210	161	unknown
006022d0	FUN_006022d0	97	unknown
00602340	FUN_00602340	168	unknown
006023f0	FUN_006023f0	204	unknown
006024c0	FUN_006024c0	91	unknown
00602520	FUN_00602520	38	unknown
00602550	FUN_00602550	148	unknown
006025f0	FUN_006025f0	127	unknown
00602670	FUN_00602670	148	unknown
00602710	FUN_00602710	148	unknown
006027b0	FUN_006027b0	185	unknown
00602870	FUN_00602870	8	unknown
00602880	FUN_00602880	31	unknown
006028a0	FUN_006028a0	45	unknown
006028d0	FUN_006028d0	185	unknown
00602990	FUN_00602990	123	unknown
00602a20	FUN_00602a20	152	unknown
00602ac0	FUN_00602ac0	12	unknown
00602ad0	FUN_00602ad0	38	unknown
00602b00	FUN_00602b00	152	unknown
00602ba0	FUN_00602ba0	152	unknown
00602c40	FUN_00602c40	12	unknown
00602c50	FUN_00602c50	38	unknown
00602c80	FUN_00602c80	174	unknown
00602d30	FUN_00602d30	94	unknown
00602d90	FUN_00602d90	94	unknown
00602df0	FUN_00602df0	27	unknown
00602e10	FUN_00602e10	94	unknown
00602e70	FUN_00602e70	148	unknown
00602f10	FUN_00602f10	152	unknown
00602fb0	FUN_00602fb0	12	unknown
00602fc0	FUN_00602fc0	38	unknown
00602ff0	FUN_00602ff0	152	unknown
00603090	FUN_00603090	12	unknown
006030a0	FUN_006030a0	38	unknown
006030d0	FUN_006030d0	152	unknown
00603170	FUN_00603170	46	unknown
006031a0	FUN_006031a0	152	unknown
00603240	FUN_00603240	12	unknown
00603250	FUN_00603250	38	unknown
00603280	FUN_00603280	110	unknown
006032f0	FUN_006032f0	110	unknown
00603360	FUN_00603360	110	unknown
006033d0	FUN_006033d0	74	unknown
00603420	FUN_00603420	167	unknown
006034e0	FUN_006034e0	174	unknown
00603590	FUN_00603590	168	unknown
00603650	FUN_00603650	27	unknown
00603670	FUN_00603670	27	unknown
00603690	FUN_00603690	191	unknown
00603750	FUN_00603750	1362	unknown
00603cb0	thunk_FUN_00603750	5	unknown
00603cc0	PlayerControlObject__v344_slot17	4	unknown
00603cd0	FUN_00603cd0	37	unknown
00603d00	FUN_00603d00	51	unknown
00603d40	FUN_00603d40	37	unknown
00603d70	PlayerControlObject__v344_slot06	4	unknown
00603d80	FUN_00603d80	37	unknown
00603db0	FUN_00603db0	55	unknown
00603df0	FUN_00603df0	55	unknown
00603e30	FUN_00603e30	54	unknown
00603e70	FUN_00603e70	37	unknown
00603ea0	FUN_00603ea0	37	unknown
00603ed0	FUN_00603ed0	54	unknown
00603f10	FUN_00603f10	54	unknown
00603f50	FUN_00603f50	6	unknown
00603f60	FUN_00603f60	82	unknown
00603fc0	FUN_00603fc0	6	unknown
00603fd0	FUN_00603fd0	82	unknown
00604030	FUN_00604030	6	unknown
00604040	FUN_00604040	82	unknown
006040a0	FUN_006040a0	6	unknown
006040b0	FUN_006040b0	82	unknown
00604110	FUN_00604110	6	unknown
00604120	FUN_00604120	82	unknown
00604180	FUN_00604180	12	unknown
00604190	FUN_00604190	38	unknown
006041c0	FUN_006041c0	12	unknown
006041d0	FUN_006041d0	38	unknown
00604200	FUN_00604200	32	unknown
00604220	FUN_00604220	32	unknown
00604240	FUN_00604240	32	unknown
00604260	FUN_00604260	6	unknown
00604270	FUN_00604270	6	unknown
00604280	FUN_00604280	35	unknown
006042b0	FUN_006042b0	6	unknown
006042c0	FUN_006042c0	35	unknown
006042f0	FUN_006042f0	6	unknown
00604300	FUN_00604300	35	unknown
00604330	FUN_00604330	6	unknown
00604340	FUN_00604340	35	unknown
00604370	FUN_00604370	35	unknown
006043a0	FUN_006043a0	85	unknown
00604400	FUN_00604400	69	unknown
00604450	FUN_00604450	52	unknown
00604490	FUN_00604490	148	unknown
00604530	FUN_00604530	179	unknown
006045f0	FUN_006045f0	197	unknown
006046c0	FUN_006046c0	197	unknown
00604790	FUN_00604790	97	unknown
00604800	FUN_00604800	97	unknown
00604870	FUN_00604870	168	unknown
00604920	FUN_00604920	168	unknown
006049d0	FUN_006049d0	204	unknown
00604aa0	FUN_00604aa0	91	unknown
00604b00	FUN_00604b00	38	unknown
00604b30	FUN_00604b30	204	unknown
00604c00	FUN_00604c00	204	unknown
00604cd0	FUN_00604cd0	204	unknown
00604da0	FUN_00604da0	204	unknown
00604e70	FUN_00604e70	204	unknown
00604f40	FUN_00604f40	38	unknown
00604f70	FUN_00604f70	170	unknown
00605020	FUN_00605020	168	unknown
006050d0	FUN_006050d0	168	unknown
00605180	FUN_00605180	185	unknown
00605240	FUN_00605240	8	unknown
00605250	FUN_00605250	45	unknown
00605280	FUN_00605280	185	unknown
00605340	FUN_00605340	8	unknown
00605350	FUN_00605350	45	unknown
00605380	FUN_00605380	127	unknown
00605400	FUN_00605400	152	unknown
006054a0	FUN_006054a0	134	unknown
00605530	FUN_00605530	157	unknown
006055d0	FUN_006055d0	152	unknown
00605670	FUN_00605670	185	unknown
00605730	FUN_00605730	123	unknown
006057c0	FUN_006057c0	185	unknown
00605880	FUN_00605880	123	unknown
00605910	FUN_00605910	185	unknown
006059d0	FUN_006059d0	45	unknown
00605a00	FUN_00605a00	185	unknown
00605ac0	FUN_00605ac0	123	unknown
00605b50	FUN_00605b50	185	unknown
00605c10	FUN_00605c10	123	unknown
00605ca0	FUN_00605ca0	185	unknown
00605d60	FUN_00605d60	123	unknown
00605df0	FUN_00605df0	151	unknown
00605e90	FUN_00605e90	142	unknown
00605f30	FUN_00605f30	297	unknown
00606060	FUN_00606060	297	unknown
00606190	FUN_00606190	152	unknown
00606230	FUN_00606230	46	unknown
00606260	FUN_00606260	157	unknown
00606300	FUN_00606300	46	unknown
00606330	FUN_00606330	174	unknown
006063e0	FUN_006063e0	166	unknown
006064a0	BFSpawnPointTemplate__v0_slot09	4	unknown
006064b0	FUN_006064b0	37	unknown
006064e0	FUN_006064e0	37	unknown
00606510	FUN_00606510	68	unknown
00606560	FUN_00606560	80	unknown
006065b0	FUN_006065b0	34	unknown
006065e0	FUN_006065e0	70	unknown
00606630	FUN_00606630	711	unknown
006067e3	Catch@006067e3	9	unknown
00606910	FUN_00606910	152	unknown
006069b0	FUN_006069b0	91	unknown
00606a10	FUN_00606a10	152	unknown
00606ab0	FUN_00606ab0	91	unknown
00606b10	FUN_00606b10	121	unknown
00606b90	FUN_00606b90	130	unknown
00606c20	FUN_00606c20	121	unknown
00606ca0	FUN_00606ca0	130	unknown
00606d30	FUN_00606d30	191	unknown
00606df0	FUN_00606df0	191	unknown
00606eb0	FUN_00606eb0	2387	unknown
00607810	thunk_FUN_00606eb0	5	unknown
00607820	FUN_00607820	6	unknown
00607830	PointPhysicsNode__v0_slot34	4	unknown
00607840	FUN_00607840	4	unknown
00607850	FUN_00607850	26	unknown
00607870	AIObjectPrimaryReal__v0_slot31	4	unknown
00607880	PhysicsNode__v0_slot46	4	unknown
00607890	PhysicsNode__v0_slot35	4	unknown
006078a0	BotMain__v0_slot14	4	unknown
006078b0	PhysicsNode__v0_slot34	4	unknown
006078c0	FUN_006078c0	26	unknown
006078e0	FUN_006078e0	40	unknown
00607910	FUN_00607910	107	unknown
0060797b	Catch@0060797b	9	unknown
00607990	FUN_00607990	84	unknown
006079f0	FUN_006079f0	111	unknown
00607a5f	Catch@00607a5f	9	unknown
00607a80	FUN_00607a80	105	unknown
00607ae9	Catch@00607ae9	9	unknown
00607b00	FUN_00607b00	102	unknown
00607b66	Catch@00607b66	9	unknown
00607b70	FUN_00607b70	54	unknown
00607bb0	FUN_00607bb0	34	unknown
00607be0	FUN_00607be0	72	unknown
00607c30	FUN_00607c30	431	unknown
00607de0	FUN_00607de0	27	unknown
00607e00	FUN_00607e00	61	unknown
00607e50	FUN_00607e50	155	unknown
00607ef0	FUN_00607ef0	63	unknown
00607f30	FUN_00607f30	8	unknown
00607f40	FUN_00607f40	8	unknown
00607f50	FUN_00607f50	249	unknown
00608050	FUN_00608050	42	unknown
00608080	FUN_00608080	114	unknown
00608100	FUN_00608100	63	unknown
00608140	FUN_00608140	8	unknown
00608150	FUN_00608150	8	unknown
00608160	FUN_00608160	27	unknown
00608180	FUN_00608180	79	unknown
00608200	FUN_00608200	27	unknown
00608220	FUN_00608220	20	unknown
00608240	FUN_00608240	20	unknown
00608260	FUN_00608260	535	unknown
006083c4	Catch@006083c4	9	unknown
00608490	FUN_00608490	932	unknown
00608840	FUN_00608840	979	unknown
00608c20	FUN_00608c20	29	unknown
00608c40	FUN_00608c40	243	unknown
00608d40	FUN_00608d40	92	unknown
00608da0	FUN_00608da0	30	unknown
00608dc0	FUN_00608dc0	11	unknown
00608dd0	FUN_00608dd0	14	unknown
00608de0	FUN_00608de0	14	unknown
00608df0	FUN_00608df0	10	unknown
00608e00	FUN_00608e00	14	unknown
00608e10	FUN_00608e10	7	unknown
00608e20	FUN_00608e20	8	unknown
00608e30	FUN_00608e30	89	unknown
00608ea0	FUN_00608ea0	63	unknown
00608eb0	FUN_00608eb0	8	unknown
00608ec0	FUN_00608ec0	98	unknown
00608f30	FUN_00608f30	15	unknown
00608f80	FUN_00608f80	41	unknown
00608fb0	FUN_00608fb0	112	unknown
00609020	FUN_00609020	1595	unknown
00609660	FUN_00609660	817	unknown
006099a0	FUN_006099a0	98	unknown
00609a10	FUN_00609a10	6	unknown
00609a20	FUN_00609a20	27	unknown
00609a40	FUN_00609a40	1138	unknown
00609ec0	PointPhysicsNode__v0_slot41	10	unknown
00609ed0	FUN_00609ed0	256	unknown
00609fd0	FUN_00609fd0	575	unknown
0060a210	FUN_0060a210	28	unknown
0060a230	FUN_0060a230	44	unknown
0060a270	FUN_0060a270	576	unknown
0060a4c0	FUN_0060a4c0	626	unknown
0060a740	FUN_0060a740	568	unknown
0060a980	FUN_0060a980	251	unknown
0060aa80	FUN_0060aa80	400	unknown
0060ac10	FUN_0060ac10	601	unknown
0060ae80	NetworkableInfo__v0_slot06	4	unknown
0060ae90	PlayerControlObject__v344_slot12	4	unknown
0060aea0	FUN_0060aea0	36	unknown
0060aed0	FUN_0060aed0	184	unknown
0060afa0	FUN_0060afa0	70	unknown
0060b000	FUN_0060b000	47	unknown
0060b030	FUN_0060b030	8	unknown
0060b040	FUN_0060b040	8	unknown
0060b050	FUN_0060b050	102	unknown
0060b0c0	FUN_0060b0c0	220	unknown
0060b1c0	FUN_0060b1c0	59	unknown
0060b200	FUN_0060b200	27	unknown
0060b220	FUN_0060b220	324	unknown
0060b370	FUN_0060b370	1164	unknown
0060b800	FUN_0060b800	2032	unknown
0060bff0	FUN_0060bff0	247	unknown
0060c0f0	FUN_0060c0f0	752	unknown
0060c410	FUN_0060c410	494	unknown
0060c650	FUN_0060c650	1486	unknown
0060cc30	FUN_0060cc30	30	unknown
0060cc50	FUN_0060cc50	11	unknown
0060cc60	FUN_0060cc60	6	unknown
0060cc70	FUN_0060cc70	124	unknown
0060ccf0	FUN_0060ccf0	10	unknown
0060cd00	FUN_0060cd00	4	unknown
0060cd10	FUN_0060cd10	4	unknown
0060cd20	FUN_0060cd20	130	unknown
0060cdb0	FUN_0060cdb0	4	unknown
0060cdc0	FUN_0060cdc0	117	unknown
0060ce40	FUN_0060ce40	33	unknown
0060ce70	FUN_0060ce70	8	unknown
0060ce80	FUN_0060ce80	8	unknown
0060ce90	FUN_0060ce90	8	unknown
0060cea0	FUN_0060cea0	8	unknown
0060ceb0	FUN_0060ceb0	8	unknown
0060cec0	FUN_0060cec0	8	unknown
0060ced0	FUN_0060ced0	21	unknown
0060cef0	FUN_0060cef0	82	unknown
0060cf50	FUN_0060cf50	82	unknown
0060cfb0	FUN_0060cfb0	27	unknown
0060cfd0	FUN_0060cfd0	333	unknown
0060d120	FUN_0060d120	108	unknown
0060d190	FUN_0060d190	207	unknown
0060d260	FUN_0060d260	8	unknown
0060d270	FUN_0060d270	8	unknown
0060d280	FUN_0060d280	8	unknown
0060d290	FUN_0060d290	8	unknown
0060d2a0	FUN_0060d2a0	8	unknown
0060d2b0	FUN_0060d2b0	8	unknown
0060d2c0	FUN_0060d2c0	8	unknown
0060d2d0	FUN_0060d2d0	8	unknown
0060d2e0	FUN_0060d2e0	8	unknown
0060d2f0	FUN_0060d2f0	8	unknown
0060d300	FUN_0060d300	8	unknown
0060d310	FUN_0060d310	8	unknown
0060d320	FUN_0060d320	14	unknown
0060d330	FUN_0060d330	32	unknown
0060d350	FUN_0060d350	8	unknown
0060d360	FUN_0060d360	8	unknown
0060d370	FUN_0060d370	8	unknown
0060d380	FUN_0060d380	8	unknown
0060d390	FUN_0060d390	8	unknown
0060d3a0	FUN_0060d3a0	8	unknown
0060d3b0	FUN_0060d3b0	8	unknown
0060d3c0	FUN_0060d3c0	8	unknown
0060d3d0	FUN_0060d3d0	8	unknown
0060d3e0	FUN_0060d3e0	8	unknown
0060d3f0	FUN_0060d3f0	8	unknown
0060d400	FUN_0060d400	8	unknown
0060d410	FUN_0060d410	78	unknown
0060d460	FUN_0060d460	90	unknown
0060d4c0	FUN_0060d4c0	28	unknown
0060d4e0	FUN_0060d4e0	15	unknown
0060d4f0	FUN_0060d4f0	241	unknown
0060d5f0	FUN_0060d5f0	418	unknown
0060d7a0	FUN_0060d7a0	77	unknown
0060d7f0	FUN_0060d7f0	44	unknown
0060d820	FUN_0060d820	6	unknown
0060d830	FUN_0060d830	82	unknown
0060d890	FUN_0060d890	32	unknown
0060d8b0	FUN_0060d8b0	32	unknown
0060d8d0	FUN_0060d8d0	32	unknown
0060d8f0	FUN_0060d8f0	32	unknown
0060d910	FUN_0060d910	32	unknown
0060d930	FUN_0060d930	32	unknown
0060d950	FUN_0060d950	6	unknown
0060d960	FUN_0060d960	6	unknown
0060d970	NetworkManager__v0_slot24	4	unknown
0060d980	FUN_0060d980	6	unknown
0060d990	FUN_0060d990	6	unknown
0060d9a0	FUN_0060d9a0	6	unknown
0060d9b0	FUN_0060d9b0	35	unknown
0060d9e0	FUN_0060d9e0	28	unknown
0060da00	FUN_0060da00	85	unknown
0060da60	FUN_0060da60	85	unknown
0060dac0	FUN_0060dac0	55	unknown
0060db00	FUN_0060db00	204	unknown
0060dbd0	FUN_0060dbd0	38	unknown
0060dc00	FUN_0060dc00	204	unknown
0060dcd0	FUN_0060dcd0	204	unknown
0060dda0	FUN_0060dda0	91	unknown
0060de00	FUN_0060de00	185	unknown
0060dec0	FUN_0060dec0	123	unknown
0060df50	FUN_0060df50	185	unknown
0060e010	FUN_0060e010	123	unknown
0060e0a0	FUN_0060e0a0	185	unknown
0060e160	FUN_0060e160	191	unknown
0060e220	FUN_0060e220	191	unknown
0060e2e0	FUN_0060e2e0	191	unknown
0060e3a0	FUN_0060e3a0	191	unknown
0060e460	FUN_0060e460	191	unknown
0060e520	FUN_0060e520	191	unknown
0060e5e0	FUN_0060e5e0	191	unknown
0060e6a0	FUN_0060e6a0	263	unknown
0060e7b0	thunk_FUN_0060e6a0	5	unknown
0060e7c0	FUN_0060e7c0	89	unknown
0060e820	FUN_0060e820	45	unknown
0060e850	FUN_0060e850	42	unknown
0060e880	FUN_0060e880	99	unknown
0060e8f0	FUN_0060e8f0	36	unknown
0060e920	FUN_0060e920	46	unknown
0060e960	FUN_0060e960	124	unknown
0060e9e0	FUN_0060e9e0	91	unknown
0060ea40	FUN_0060ea40	113	unknown
0060eac0	FUN_0060eac0	117	unknown
0060eb35	Catch@0060eb35	9	unknown
0060eb50	FUN_0060eb50	530	unknown
0060ecb0	Catch@0060ecb0	9	unknown
0060ed80	FUN_0060ed80	117	unknown
0060edf5	Catch@0060edf5	9	unknown
0060ee10	FUN_0060ee10	377	unknown
0060ef90	FUN_0060ef90	428	unknown
0060f140	FUN_0060f140	428	unknown
0060f2f0	FUN_0060f2f0	65	unknown
0060f340	FUN_0060f340	185	unknown
0060f400	FUN_0060f400	77	unknown
0060f450	FUN_0060f450	244	unknown
0060f550	FUN_0060f550	59	unknown
0060f590	FUN_0060f590	314	unknown
0060f6d0	FUN_0060f6d0	232	unknown
0060f7c0	FUN_0060f7c0	138	unknown
0060f850	FUN_0060f850	423	unknown
0060fa00	FUN_0060fa00	164	unknown
0060fab0	FUN_0060fab0	61	unknown
0060faf0	FUN_0060faf0	22	unknown
0060fb10	FUN_0060fb10	76	unknown
0060fb60	AIScriptManager__v0_slot20	10	unknown
0060fb70	FUN_0060fb70	4	unknown
0060fb80	FUN_0060fb80	7	unknown
0060fb90	PhysicsNode__v0_slot65	13	unknown
0060fba0	PlayerControlObjectTemplate__v428_slot04	13	unknown
0060fbb0	BotMain__v0_slot52	13	unknown
0060fbc0	FUN_0060fbc0	13	unknown
0060fbd0	FUN_0060fbd0	7	unknown
0060fbe0	PlayerControlObjectTemplate__v428_slot08	13	unknown
0060fbf0	FUN_0060fbf0	7	unknown
0060fc00	PlayerControlObjectTemplate__v428_slot14	13	unknown
0060fc10	FUN_0060fc10	7	unknown
0060fc20	FUN_0060fc20	13	unknown
0060fc30	FUN_0060fc30	7	unknown
0060fc40	FUN_0060fc40	7	unknown
0060fc50	FUN_0060fc50	7	unknown
0060fc60	FUN_0060fc60	7	unknown
0060fc70	FUN_0060fc70	29	unknown
0060fc90	FUN_0060fc90	7	unknown
0060fca0	FUN_0060fca0	7	unknown
0060fcb0	FUN_0060fcb0	6	unknown
0060fcc0	FUN_0060fcc0	211	unknown
0060fdb0	FUN_0060fdb0	45	unknown
0060fde0	FUN_0060fde0	13	unknown
0060fdf0	FUN_0060fdf0	7	unknown
0060fe00	FUN_0060fe00	13	unknown
0060fe10	FUN_0060fe10	7	unknown
0060fe20	FUN_0060fe20	13	unknown
0060fe30	BFSoldier__v0_slot07	7	unknown
0060fe40	FUN_0060fe40	27	unknown
0060fe60	FUN_0060fe60	350	unknown
0060ffc0	FUN_0060ffc0	20	unknown
0060ffe0	FUN_0060ffe0	20	unknown
00610000	FUN_00610000	37	unknown
00610030	FUN_00610030	40	unknown
00610060	FUN_00610060	23	unknown
00610080	PlayerControlObjectTemplate__v428_slot31	7	unknown
00610090	BFSoldier__v0_slot23	7	unknown
006100a0	BFSoldier__v0_slot24	7	unknown
006100b0	FUN_006100b0	6	unknown
006100c0	FUN_006100c0	82	unknown
00610120	FUN_00610120	32	unknown
00610140	FUN_00610140	32	unknown
00610160	FUN_00610160	6	unknown
00610170	FUN_00610170	35	unknown
006101a0	FUN_006101a0	56	unknown
006101e0	FUN_006101e0	148	unknown
00610280	FUN_00610280	148	unknown
00610320	FUN_00610320	173	unknown
006103d0	FUN_006103d0	153	unknown
00610470	FUN_00610470	197	unknown
00610540	FUN_00610540	152	unknown
006105e0	FUN_006105e0	12	unknown
006105f0	FUN_006105f0	38	unknown
00610620	FUN_00610620	152	unknown
006106c0	FUN_006106c0	46	unknown
006106f0	FUN_006106f0	174	unknown
006107a0	FUN_006107a0	174	unknown
00610850	FUN_00610850	8	unknown
00610860	FUN_00610860	74	unknown
006108b0	FUN_006108b0	8	unknown
006108c0	FUN_006108c0	27	unknown
006108e0	FUN_006108e0	191	unknown
006109a0	FUN_006109a0	191	unknown
00610a60	FUN_00610a60	332	unknown
00610bb0	thunk_FUN_00610a60	5	unknown
00610bc0	FUN_00610bc0	26	unknown
00610be0	FUN_00610be0	104	unknown
00610c48	Catch@00610c48	9	unknown
00610c60	FUN_00610c60	351	unknown
00610dd0	FUN_00610dd0	29	unknown
00610df0	FUN_00610df0	374	unknown
00610f70	FUN_00610f70	51	unknown
00610fb0	FUN_00610fb0	236	unknown
0061109f	Catch@0061109f	9	unknown
006110c0	FUN_006110c0	100	unknown
00611130	FUN_00611130	85	unknown
00611190	FUN_00611190	6	unknown
006111a0	FUN_006111a0	13	unknown
006111b0	FUN_006111b0	7	unknown
006111c0	FUN_006111c0	31	unknown
006111e0	FUN_006111e0	29	unknown
00611200	FUN_00611200	107	unknown
0061126b	Catch@0061126b	9	unknown
00611280	FUN_00611280	19	unknown
006112a0	FUN_006112a0	391	unknown
00611430	FUN_00611430	86	unknown
00611490	FUN_00611490	102	unknown
006114f6	Catch@006114f6	9	unknown
00611500	FUN_00611500	104	unknown
00611568	Catch@00611568	9	unknown
00611580	FUN_00611580	104	unknown
006115e8	Catch@006115e8	9	unknown
00611600	FUN_00611600	27	unknown
00611620	FUN_00611620	40	unknown
00611650	FUN_00611650	180	unknown
00611710	FUN_00611710	528	unknown
00611920	FUN_00611920	38	unknown
00611950	FUN_00611950	29	unknown
00611970	FUN_00611970	29	unknown
00611990	FUN_00611990	75	unknown
006119f0	FUN_006119f0	512	unknown
00611b4a	Catch@00611b4a	9	unknown
00611c10	FUN_00611c10	209	unknown
00611cf0	FUN_00611cf0	137	unknown
00611d80	FUN_00611d80	534	unknown
00611ee6	Catch@00611ee6	9	unknown
00611fb0	FUN_00611fb0	185	unknown
00612069	Catch@00612069	17	unknown
00612080	FUN_00612080	180	unknown
00612134	Catch@00612134	17	unknown
00612150	FUN_00612150	320	unknown
006122a0	FUN_006122a0	111	unknown
00612310	FUN_00612310	570	unknown
00612550	FUN_00612550	91	unknown
006125b0	FUN_006125b0	119	unknown
00612630	FUN_00612630	98	unknown
006126a0	FUN_006126a0	120	unknown
00612720	FUN_00612720	98	unknown
00612790	FUN_00612790	91	unknown
006127f0	FUN_006127f0	121	unknown
00612870	FUN_00612870	21	unknown
00612890	FUN_00612890	110	unknown
006128fe	Catch@006128fe	33	unknown
00612920	FUN_00612920	714	unknown
00612bf0	FUN_00612bf0	245	unknown
00612cf0	FUN_00612cf0	22	unknown
00612d10	FUN_00612d10	107	unknown
00612d7b	Catch@00612d7b	33	unknown
00612da0	FUN_00612da0	1329	unknown
006132e0	FUN_006132e0	803	unknown
00613610	FUN_00613610	64	unknown
00613650	FUN_00613650	27	unknown
00613670	FUN_00613670	42	unknown
006136a0	FUN_006136a0	146	unknown
00613740	FUN_00613740	55	unknown
00613780	FUN_00613780	8	unknown
00613790	FUN_00613790	8	unknown
006137a0	FUN_006137a0	8	unknown
006137b0	FUN_006137b0	8	unknown
006137c0	FUN_006137c0	293	unknown
00613900	FUN_00613900	667	unknown
00613ab0	Catch@00613ab0	22	unknown
00613b63	Catch@00613b63	35	unknown
00613bf0	FUN_00613bf0	27	unknown
00613c10	FUN_00613c10	169	unknown
00613cc0	FUN_00613cc0	480	unknown
00613ea0	FUN_00613ea0	6	unknown
00613eb0	FUN_00613eb0	25	unknown
00613ed0	FUN_00613ed0	25	unknown
00613ef0	FUN_00613ef0	43	unknown
00613f30	FUN_00613f30	26	unknown
00613f50	FUN_00613f50	107	unknown
00613fbb	Catch@00613fbb	9	unknown
00613fd0	FUN_00613fd0	107	unknown
0061403b	Catch@0061403b	9	unknown
00614050	FUN_00614050	43	unknown
00614090	FUN_00614090	117	unknown
00614105	Catch@00614105	9	unknown
00614120	FUN_00614120	138	unknown
006141aa	Catch@006141aa	9	unknown
006141c0	FUN_006141c0	102	unknown
00614226	Catch@00614226	9	unknown
00614230	FUN_00614230	102	unknown
00614296	Catch@00614296	9	unknown
006142a0	FUN_006142a0	548	unknown
006144d0	FUN_006144d0	86	unknown
00614530	FUN_00614530	27	unknown
00614550	FUN_00614550	27	unknown
00614570	FUN_00614570	42	unknown
006145a0	FUN_006145a0	42	unknown
006145d0	FUN_006145d0	654	unknown
00614880	FUN_00614880	428	unknown
00614a30	FUN_00614a30	183	unknown
00614af0	FUN_00614af0	194	unknown
00614bc0	FUN_00614bc0	51	unknown
00614c00	FUN_00614c00	31	unknown
00614c20	FUN_00614c20	185	unknown
00614ce0	FUN_00614ce0	183	unknown
00614da0	FUN_00614da0	535	unknown
00614f04	Catch@00614f04	9	unknown
00614fd0	FUN_00614fd0	552	unknown
00615141	Catch@00615141	9	unknown
00615210	FUN_00615210	530	unknown
00615370	Catch@00615370	9	unknown
00615440	FUN_00615440	43	unknown
00615470	FUN_00615470	122	unknown
006154f0	FUN_006154f0	131	unknown
00615580	FUN_00615580	37	unknown
006155b0	FUN_006155b0	51	unknown
006155f0	FUN_006155f0	51	unknown
00615630	FUN_00615630	21	unknown
00615650	FUN_00615650	110	unknown
006156be	Catch@006156be	39	unknown
006156f0	FUN_006156f0	28	unknown
00615710	FUN_00615710	107	unknown
0061577b	Catch@0061577b	37	unknown
006157b0	FUN_006157b0	1468	unknown
00615d80	FUN_00615d80	1317	unknown
006162b0	FUN_006162b0	22	unknown
006162d0	FUN_006162d0	27	unknown
006162f0	FUN_006162f0	42	unknown
00616320	FUN_00616320	64	unknown
00616360	FUN_00616360	559	unknown
006164cb	Catch@006164cb	22	unknown
00616556	Catch@00616556	35	unknown
006165e0	FUN_006165e0	125	unknown
00616680	FUN_00616680	118	unknown
00616700	FUN_00616700	109	unknown
00616770	FUN_00616770	73	unknown
006167c0	FUN_006167c0	8	unknown
006167d0	FUN_006167d0	8	unknown
006167e0	FUN_006167e0	8	unknown
006167f0	FUN_006167f0	8	unknown
00616800	FUN_00616800	127	unknown
00616890	FUN_00616890	274	unknown
006169b0	FUN_006169b0	27	unknown
006169d0	FUN_006169d0	6	unknown
006169e0	FUN_006169e0	19	unknown
00616a00	FUN_00616a00	19	unknown
00616a20	FUN_00616a20	107	unknown
00616a8b	Catch@00616a8b	9	unknown
00616aa0	FUN_00616aa0	102	unknown
00616b06	Catch@00616b06	9	unknown
00616b10	FUN_00616b10	27	unknown
00616b30	FUN_00616b30	38	unknown
00616b60	FUN_00616b60	126	unknown
00616be0	FUN_00616be0	536	unknown
00616d40	Catch@00616d40	9	unknown
00616e10	FUN_00616e10	122	unknown
00616e90	FUN_00616e90	105	unknown
00616f00	FUN_00616f00	95	unknown
00616f60	FUN_00616f60	303	unknown
00617090	FUN_00617090	1380	unknown
00617600	FUN_00617600	60	unknown
00617660	FUN_00617660	217	unknown
00617740	FUN_00617740	41	unknown
006177a0	thunk_FUN_00617740	5	unknown
006177b0	FUN_006177b0	37	unknown
006177e0	FUN_006177e0	418	unknown
00617990	FUN_00617990	216	unknown
00617a70	FUN_00617a70	127	unknown
00617af0	FUN_00617af0	112	unknown
00617b60	FUN_00617b60	89	unknown
00617bc0	FUN_00617bc0	172	unknown
00617c80	FUN_00617c80	530	unknown
00617de0	Catch@00617de0	9	unknown
00617eb0	FUN_00617eb0	72	unknown
00617f00	FUN_00617f00	77	unknown
00617f50	FUN_00617f50	1077	unknown
006183c0	FUN_006183c0	214	unknown
006184a0	FUN_006184a0	151	unknown
00618540	FUN_00618540	32	unknown
00618560	FUN_00618560	34	unknown
00618590	FUN_00618590	64	unknown
006185d0	FUN_006185d0	72	unknown
00618620	FUN_00618620	40	unknown
00618650	FUN_00618650	78	unknown
006186a0	FUN_006186a0	149	unknown
00618740	FUN_00618740	176	unknown
006187f0	FUN_006187f0	109	unknown
00618870	FUN_00618870	87	unknown
006188d0	FUN_006188d0	81	unknown
00618930	FUN_00618930	158	unknown
006189d0	FUN_006189d0	129	unknown
00618a60	FUN_00618a60	57	unknown
00618aa0	FUN_00618aa0	40	unknown
00618ad0	FUN_00618ad0	39	unknown
00618b00	FUN_00618b00	116	unknown
00618b74	Catch@00618b74	38	unknown
00618ba0	FUN_00618ba0	38	unknown
00618bd0	FUN_00618bd0	110	unknown
00618c3e	Catch@00618c3e	36	unknown
00618c70	FUN_00618c70	69	unknown
00618cc0	FUN_00618cc0	27	unknown
00618ce0	FUN_00618ce0	42	unknown
00618d10	FUN_00618d10	717	unknown
00618eeb	Catch@00618eeb	31	unknown
00618f95	Catch@00618f95	38	unknown
00619040	FUN_00619040	660	unknown
006192e0	FUN_006192e0	73	unknown
00619330	FUN_00619330	745	unknown
00619630	FUN_00619630	315	unknown
00619770	FUN_00619770	792	unknown
00619a90	FUN_00619a90	85	unknown
00619af0	FUN_00619af0	146	unknown
00619b90	FUN_00619b90	64	unknown
00619bd0	FUN_00619bd0	1627	unknown
0061a230	FUN_0061a230	585	unknown
0061a480	FUN_0061a480	23	unknown
0061a4a0	FUN_0061a4a0	104	unknown
0061a508	Catch@0061a508	9	unknown
0061a520	FUN_0061a520	44	unknown
0061a550	FUN_0061a550	41	unknown
0061a5f0	FUN_0061a5f0	29	unknown
0061a610	FUN_0061a610	524	unknown
0061a769	Catch@0061a769	9	unknown
0061a840	FUN_0061a840	246	unknown
0061a940	FUN_0061a940	1078	unknown
0061ad80	FUN_0061ad80	193	unknown
0061ae44	Catch@0061ae44	9	unknown
0061ae60	FUN_0061ae60	123	unknown
0061aee0	FUN_0061aee0	1182	unknown
0061b3a0	FUN_0061b3a0	60	unknown
0061b3e0	FUN_0061b3e0	63	unknown
0061b430	FUN_0061b430	63	unknown
0061b480	FUN_0061b480	45	unknown
0061b4b0	FUN_0061b4b0	107	unknown
0061b51b	Catch@0061b51b	9	unknown
0061b530	FUN_0061b530	104	unknown
0061b598	Catch@0061b598	9	unknown
0061b5b0	FUN_0061b5b0	102	unknown
0061b616	Catch@0061b616	9	unknown
0061b620	FUN_0061b620	29	unknown
0061b640	FUN_0061b640	27	unknown
0061b660	FUN_0061b660	41	unknown
0061b690	FUN_0061b690	307	unknown
0061b7d0	FUN_0061b7d0	237	unknown
0061b8c0	Catch@0061b8c0	9	unknown
0061b8e0	FUN_0061b8e0	75	unknown
0061b930	FUN_0061b930	654	unknown
0061bae9	Catch@0061bae9	9	unknown
0061bbe0	FUN_0061bbe0	197	unknown
0061bca5	Catch@0061bca5	17	unknown
0061bcc0	FUN_0061bcc0	366	unknown
0061be40	FUN_0061be40	43	unknown
0061be70	FUN_0061be70	105	unknown
0061bee0	FUN_0061bee0	165	unknown
0061bf90	FUN_0061bf90	75	unknown
0061bfe0	FUN_0061bfe0	54	unknown
0061c020	FUN_0061c020	75	unknown
0061c070	FUN_0061c070	130	unknown
0061c100	FUN_0061c100	62	unknown
0061c140	FUN_0061c140	51	unknown
0061c180	FUN_0061c180	110	unknown
0061c1ee	Catch@0061c1ee	39	unknown
0061c220	FUN_0061c220	22	unknown
0061c240	FUN_0061c240	107	unknown
0061c2ab	Catch@0061c2ab	37	unknown
0061c2e0	FUN_0061c2e0	64	unknown
0061c320	FUN_0061c320	27	unknown
0061c340	FUN_0061c340	42	unknown
0061c370	FUN_0061c370	357	unknown
0061c4f0	FUN_0061c4f0	704	unknown
0061c6c3	Catch@0061c6c3	22	unknown
0061c779	Catch@0061c779	35	unknown
0061c800	FUN_0061c800	170	unknown
0061c8b0	FUN_0061c8b0	1579	unknown
0061cef0	FUN_0061cef0	155	unknown
0061cf90	FUN_0061cf90	7	unknown
0061cfa0	FUN_0061cfa0	25	unknown
0061cfc0	FUN_0061cfc0	9	unknown
0061cfd0	FUN_0061cfd0	25	unknown
0061cff0	FUN_0061cff0	31	unknown
0061d010	FUN_0061d010	125	unknown
0061d090	FUN_0061d090	321	unknown
0061d200	FUN_0061d200	24	unknown
0061d220	FUN_0061d220	193	unknown
0061d2f0	FUN_0061d2f0	138	unknown
0061d37a	Catch@0061d37a	9	unknown
0061d390	FUN_0061d390	117	unknown
0061d405	Catch@0061d405	9	unknown
0061d420	FUN_0061d420	43	unknown
0061d460	FUN_0061d460	28	unknown
0061d480	FUN_0061d480	110	unknown
0061d4f0	FUN_0061d4f0	197	unknown
0061d5c0	FUN_0061d5c0	537	unknown
0061d7e0	FUN_0061d7e0	506	unknown
0061d9e0	FUN_0061d9e0	1251	unknown
0061ded0	FUN_0061ded0	428	unknown
0061e080	FUN_0061e080	1698	unknown
0061e730	FUN_0061e730	189	unknown
0061e7f0	FUN_0061e7f0	183	unknown
0061e8b0	FUN_0061e8b0	370	unknown
0061ea30	FUN_0061ea30	125	unknown
0061eab0	FUN_0061eab0	142	unknown
0061eba0	FUN_0061eba0	73	unknown
0061ebf0	FUN_0061ebf0	13	unknown
0061ec00	FUN_0061ec00	7	unknown
0061ec10	FUN_0061ec10	29	unknown
0061ec30	FUN_0061ec30	7	unknown
0061ec40	FUN_0061ec40	43	unknown
0061ec70	FUN_0061ec70	7	unknown
0061ec80	BFSoldierTemplate__v0_slot39	7	unknown
0061ec90	FUN_0061ec90	29	unknown
0061ecb0	FUN_0061ecb0	7	unknown
0061ecc0	FUN_0061ecc0	8	unknown
0061ecd0	FUN_0061ecd0	8	unknown
0061ece0	FUN_0061ece0	8	unknown
0061ecf0	FUN_0061ecf0	8	unknown
0061ed00	FUN_0061ed00	26	unknown
0061ed20	FUN_0061ed20	1890	unknown
0061f490	FUN_0061f490	27	unknown
0061f4f0	FUN_0061f4f0	745	unknown
0061f7f0	FUN_0061f7f0	86	unknown
0061f850	FUN_0061f850	53	unknown
0061f890	FUN_0061f890	62	unknown
0061f8d0	FUN_0061f8d0	62	unknown
0061f910	FUN_0061f910	67	unknown
0061f960	FUN_0061f960	91	unknown
0061f9c0	FUN_0061f9c0	437	unknown
0061fb80	FUN_0061fb80	196	unknown
0061fc50	FUN_0061fc50	86	unknown
0061fcb0	FUN_0061fcb0	212	unknown
0061fd90	FUN_0061fd90	186	unknown
0061fe50	FUN_0061fe50	112	unknown
0061fec0	FUN_0061fec0	964	unknown
00620290	FUN_00620290	55	unknown
006202d0	FUN_006202d0	99	unknown
00620340	FUN_00620340	49	unknown
00620380	FUN_00620380	136	unknown
00620410	FUN_00620410	405	unknown
006205b0	FUN_006205b0	272	unknown
006206d0	FUN_006206d0	79	unknown
00620730	FUN_00620730	88	unknown
00620790	FUN_00620790	1498	unknown
00620d80	FUN_00620d80	121	unknown
00620e00	FUN_00620e00	67	unknown
00620e50	FUN_00620e50	136	unknown
00620ee0	FUN_00620ee0	276	unknown
00621000	FUN_00621000	199	unknown
006210d0	FUN_006210d0	451	unknown
006212a0	FUN_006212a0	117	unknown
00621320	FUN_00621320	193	unknown
006213f0	FUN_006213f0	78	unknown
00621440	FUN_00621440	171	unknown
006214f0	FUN_006214f0	189	unknown
006215b0	FUN_006215b0	178	unknown
00621670	FUN_00621670	68	unknown
006216c0	FUN_006216c0	55	unknown
00621700	FUN_00621700	20	unknown
00621720	FUN_00621720	279	unknown
00621840	FUN_00621840	187	unknown
00621900	FUN_00621900	370	unknown
00621a80	FUN_00621a80	194	unknown
00621b50	FUN_00621b50	318	unknown
00621c90	FUN_00621c90	89	unknown
00621cf0	FUN_00621cf0	29	unknown
00621d10	FUN_00621d10	47	unknown
00621d50	FUN_00621d50	138	unknown
00621dda	Catch@00621dda	9	unknown
00621df0	FUN_00621df0	117	unknown
00621e65	Catch@00621e65	9	unknown
00621e80	FUN_00621e80	43	unknown
00621ec0	FUN_00621ec0	107	unknown
00621f30	FUN_00621f30	428	unknown
006220e0	FUN_006220e0	4293	unknown
00623240	FUN_00623240	189	unknown
00623300	FUN_00623300	183	unknown
006233c0	FUN_006233c0	370	unknown
00623540	FUN_00623540	112	unknown
006235b0	FUN_006235b0	329	unknown
00623720	FUN_00623720	105	unknown
006238c0	FUN_006238c0	135	unknown
00623960	FUN_00623960	70	unknown
006239c0	FUN_006239c0	6	unknown
006239d0	FUN_006239d0	82	unknown
00623a30	FUN_00623a30	6	unknown
00623a40	FUN_00623a40	17	unknown
00623a60	FUN_00623a60	17	unknown
00623a80	FUN_00623a80	82	unknown
00623ae0	FUN_00623ae0	6	unknown
00623af0	FUN_00623af0	82	unknown
00623b50	FUN_00623b50	14	unknown
00623b60	FUN_00623b60	6	unknown
00623b70	FUN_00623b70	82	unknown
00623bd0	FUN_00623bd0	6	unknown
00623be0	FUN_00623be0	19	unknown
00623c00	FUN_00623c00	19	unknown
00623c20	FUN_00623c20	82	unknown
00623c80	FUN_00623c80	6	unknown
00623c90	FUN_00623c90	23	unknown
00623cb0	FUN_00623cb0	23	unknown
00623cd0	FUN_00623cd0	82	unknown
00623d30	FUN_00623d30	6	unknown
00623d40	FUN_00623d40	82	unknown
00623da0	FUN_00623da0	8	unknown
00623db0	FUN_00623db0	45	unknown
00623de0	FUN_00623de0	31	unknown
00623e00	FUN_00623e00	35	unknown
00623e30	FUN_00623e30	35	unknown
00623e60	FUN_00623e60	35	unknown
00623e90	FUN_00623e90	35	unknown
00623ec0	FUN_00623ec0	7	unknown
00623ed0	FUN_00623ed0	35	unknown
00623f00	FUN_00623f00	35	unknown
00623f30	FUN_00623f30	35	unknown
00623f60	FUN_00623f60	35	unknown
00623f90	FUN_00623f90	9	unknown
00623fa0	FUN_00623fa0	35	unknown
00623fd0	FUN_00623fd0	174	unknown
00624080	FUN_00624080	41	unknown
006240b0	FUN_006240b0	41	unknown
006240e0	FUN_006240e0	37	unknown
00624110	FUN_00624110	46	unknown
00624140	FUN_00624140	27	unknown
00624160	FUN_00624160	647	unknown
006243f0	FUN_006243f0	22	unknown
00624410	FUN_00624410	46	unknown
00624440	FUN_00624440	91	unknown
006244a0	FUN_006244a0	137	unknown
00624530	FUN_00624530	133	unknown
006245c0	FUN_006245c0	278	unknown
006246d6	Catch@006246d6	40	unknown
00624701	FUN_00624701	110	unknown
00624780	FUN_00624780	133	unknown
00624810	FUN_00624810	275	unknown
00624923	Catch@00624923	40	unknown
0062494e	FUN_0062494e	73	unknown
006249a0	FUN_006249a0	133	unknown
00624a30	FUN_00624a30	133	unknown
00624ac0	FUN_00624ac0	133	unknown
00624b50	FUN_00624b50	275	unknown
00624c63	Catch@00624c63	40	unknown
00624c8e	FUN_00624c8e	73	unknown
00624ce0	FUN_00624ce0	133	unknown
00624d70	FUN_00624d70	275	unknown
00624e83	Catch@00624e83	40	unknown
00624eae	FUN_00624eae	73	unknown
00624f00	FUN_00624f00	216	unknown
00624fe0	FUN_00624fe0	133	unknown
00625070	FUN_00625070	216	unknown
00625150	FUN_00625150	133	unknown
006251e0	FUN_006251e0	275	unknown
006252f3	Catch@006252f3	40	unknown
0062531e	FUN_0062531e	73	unknown
00625370	FUN_00625370	106	unknown
006253f0	FUN_006253f0	16	unknown
00625400	FUN_00625400	44	unknown
00625430	FUN_00625430	57	unknown
00625470	FUN_00625470	46	unknown
006254a0	FUN_006254a0	29	unknown
006254c0	FUN_006254c0	104	unknown
00625530	FUN_00625530	46	unknown
00625560	FUN_00625560	29	unknown
00625580	FUN_00625580	149	unknown
00625620	FUN_00625620	48	unknown
00625650	FUN_00625650	30	unknown
00625670	FUN_00625670	146	unknown
00625710	FUN_00625710	342	unknown
00625866	Catch@00625866	40	unknown
00625891	FUN_00625891	114	unknown
00625910	FUN_00625910	48	unknown
00625940	FUN_00625940	30	unknown
00625960	FUN_00625960	146	unknown
00625a00	FUN_00625a00	46	unknown
00625a30	FUN_00625a30	29	unknown
00625a50	FUN_00625a50	143	unknown
00625ae0	FUN_00625ae0	46	unknown
00625b10	FUN_00625b10	29	unknown
00625b30	FUN_00625b30	143	unknown
00625bc0	FUN_00625bc0	52	unknown
00625c00	FUN_00625c00	49	unknown
00625c40	FUN_00625c40	147	unknown
00625ce0	FUN_00625ce0	311	unknown
00625e17	Catch@00625e17	40	unknown
00625e42	FUN_00625e42	114	unknown
00625ec0	FUN_00625ec0	52	unknown
00625f00	FUN_00625f00	49	unknown
00625f40	FUN_00625f40	147	unknown
00625fe0	FUN_00625fe0	311	unknown
00626117	Catch@00626117	40	unknown
00626142	FUN_00626142	114	unknown
006261c0	FUN_006261c0	46	unknown
006261f0	FUN_006261f0	38	unknown
00626220	FUN_00626220	46	unknown
00626250	FUN_00626250	38	unknown
00626280	FUN_00626280	24	unknown
006262a0	FUN_006262a0	93	unknown
00626300	FUN_00626300	59	unknown
00626340	FUN_00626340	63	unknown
006263e0	FUN_006263e0	33	unknown
00626410	FUN_00626410	33	unknown
00626440	FUN_00626440	51	unknown
00626480	FUN_00626480	21	unknown
006264a0	FUN_006264a0	110	unknown
0062650e	Catch@0062650e	33	unknown
00626530	FUN_00626530	109	unknown
0062659d	Catch@0062659d	33	unknown
006265c0	FUN_006265c0	43	unknown
00626600	FUN_00626600	107	unknown
0062666b	Catch@0062666b	33	unknown
00626690	FUN_00626690	173	unknown
00626750	FUN_00626750	27	unknown
00626770	FUN_00626770	29	unknown
00626790	FUN_00626790	353	unknown
00626900	FUN_00626900	35	unknown
00626930	FUN_00626930	42	unknown
00626960	FUN_00626960	37	unknown
00626990	FUN_00626990	37	unknown
006269c0	FUN_006269c0	75	unknown
00626a10	FUN_00626a10	84	unknown
00626a70	FUN_00626a70	44	unknown
00626aa0	FUN_00626aa0	40	unknown
00626ad0	FUN_00626ad0	25	unknown
00626af0	FUN_00626af0	81	unknown
00626b50	FUN_00626b50	1203	unknown
00627040	FUN_00627040	139	unknown
00627120	FUN_00627120	190	unknown
006271e0	FUN_006271e0	311	unknown
00627320	FUN_00627320	180	unknown
006273e0	FUN_006273e0	103	unknown
00627450	FUN_00627450	68	unknown
006274a0	FUN_006274a0	68	unknown
006274f0	FUN_006274f0	92	unknown
00627550	FUN_00627550	30	unknown
00627580	FUN_00627580	127	unknown
00627600	FUN_00627600	21	unknown
00627620	FUN_00627620	69	unknown
00627670	FUN_00627670	110	unknown
006276de	Catch@006276de	39	unknown
00627710	FUN_00627710	112	unknown
00627780	Catch@00627780	40	unknown
006277b0	FUN_006277b0	75	unknown
00627800	FUN_00627800	75	unknown
00627850	FUN_00627850	61	unknown
006278a0	FUN_006278a0	183	unknown
00627960	FUN_00627960	199	unknown
00627a27	Catch@00627a27	17	unknown
00627a40	FUN_00627a40	64	unknown
00627a80	FUN_00627a80	379	unknown
00627c00	FUN_00627c00	152	unknown
00627ca0	FUN_00627ca0	12	unknown
00627cb0	FUN_00627cb0	38	unknown
00627ce0	FUN_00627ce0	107	unknown
00627d4b	Catch@00627d4b	37	unknown
00627d80	FUN_00627d80	77	unknown
00627dd0	FUN_00627dd0	88	unknown
00627e30	FUN_00627e30	77	unknown
00627e80	FUN_00627e80	27	unknown
00627ea0	FUN_00627ea0	29	unknown
00627ec0	FUN_00627ec0	205	unknown
00627f90	FUN_00627f90	148	unknown
00628030	FUN_00628030	412	unknown
006281e0	FUN_006281e0	51	unknown
00628230	FUN_00628230	74	unknown
00628280	FUN_00628280	328	unknown
006283e0	FUN_006283e0	42	unknown
00628410	FUN_00628410	22	unknown
00628430	FUN_00628430	803	unknown
00628634	Catch@00628634	22	unknown
006286f0	Catch@006286f0	35	unknown
006287b0	FUN_006287b0	22	unknown
006287d0	FUN_006287d0	152	unknown
00628870	FUN_00628870	46	unknown
006288a0	FUN_006288a0	68	unknown
006288f0	FUN_006288f0	106	unknown
00628960	FUN_00628960	64	unknown
006289a0	FUN_006289a0	199	unknown
00628a67	Catch@00628a67	17	unknown
00628a80	FUN_00628a80	58	unknown
00628ac0	FUN_00628ac0	94	unknown
00628b20	FUN_00628b20	188	unknown
00628be0	FUN_00628be0	137	unknown
00628c70	FUN_00628c70	197	unknown
00628d40	FUN_00628d40	99	unknown
00628db0	FUN_00628db0	383	unknown
00628f40	FUN_00628f40	152	unknown
00628fe0	FUN_00628fe0	53	unknown
00629020	FUN_00629020	124	unknown
006290b0	FUN_006290b0	122	unknown
00629140	ORPHAN_CANDIDATE_00629140	238	unknown
00629260	FUN_00629260	37	unknown
00629290	FUN_00629290	36	unknown
006292e0	FUN_006292e0	71	unknown
00629330	FUN_00629330	229	unknown
00629420	FUN_00629420	101	unknown
00629490	FUN_00629490	27	unknown
006294b0	FUN_006294b0	103	unknown
00629520	FUN_00629520	695	unknown
006296e3	Catch@006296e3	22	unknown
0062979f	Catch@0062979f	35	unknown
00629820	FUN_00629820	178	unknown
006298e0	FUN_006298e0	106	unknown
00629950	FUN_00629950	137	unknown
006299e0	FUN_006299e0	1022	unknown
00629e00	FUN_00629e00	793	unknown
0062a120	FUN_0062a120	71	unknown
0062a170	FUN_0062a170	87	unknown
0062a1d0	FUN_0062a1d0	735	unknown
0062a4c0	FUN_0062a4c0	754	unknown
0062a887	Catch@0062a887	123	unknown
0062a920	FUN_0062a920	440	unknown
0062ab20	FUN_0062ab20	1012	unknown
0062af49	Catch@0062af49	6	unknown
0062af7b	Catch@0062af7b	6	unknown
0062b000	FUN_0062b000	345	unknown
0062b170	FUN_0062b170	316	unknown
0062b2c0	FUN_0062b2c0	40	unknown
0062b2f0	FUN_0062b2f0	387	unknown
0062b480	FUN_0062b480	6	unknown
0062b490	FUN_0062b490	6	unknown
0062b4a0	FUN_0062b4a0	6	unknown
0062b4b0	FUN_0062b4b0	114	unknown
0062b540	FUN_0062b540	6	unknown
0062b550	FUN_0062b550	82	unknown
0062b5b0	FUN_0062b5b0	6	unknown
0062b5c0	FUN_0062b5c0	35	unknown
0062b5f0	FUN_0062b5f0	157	unknown
0062b690	FUN_0062b690	97	unknown
0062b700	FUN_0062b700	275	unknown
0062b820	FUN_0062b820	66	unknown
0062b870	FUN_0062b870	30	unknown
0062b890	FUN_0062b890	53	unknown
0062b8d0	FUN_0062b8d0	65	unknown
0062b920	FUN_0062b920	138	unknown
0062b9aa	Catch@0062b9aa	9	unknown
0062b9c0	FUN_0062b9c0	88	unknown
0062ba20	FUN_0062ba20	81	unknown
0062ba80	FUN_0062ba80	428	unknown
0062bc30	FUN_0062bc30	190	unknown
0062bcf0	FUN_0062bcf0	530	unknown
0062be50	Catch@0062be50	9	unknown
0062bf20	FUN_0062bf20	438	unknown
0062c0e0	FUN_0062c0e0	102	unknown
0062c150	FUN_0062c150	77	unknown
0062c1a0	FUN_0062c1a0	115	unknown
0062c220	FUN_0062c220	266	unknown
0062c330	FUN_0062c330	170	unknown
0062c6a0	FUN_0062c6a0	51	unknown
0062c7a0	FUN_0062c7a0	131	unknown
0062c830	FUN_0062c830	223	unknown
0062c920	FUN_0062c920	254	unknown
0062ca40	FUN_0062ca40	246	unknown
0062cb50	FUN_0062cb50	173	unknown
0062cc00	FUN_0062cc00	231	unknown
0062cd70	FUN_0062cd70	33	unknown
0062cda0	FUN_0062cda0	113	unknown
0062ce20	FUN_0062ce20	42	unknown
0062ce50	FUN_0062ce50	40	unknown
0062ce80	FUN_0062ce80	60	unknown
0062cec0	FUN_0062cec0	185	unknown
0062cf80	FUN_0062cf80	41	unknown
0062cfb0	FUN_0062cfb0	35	unknown
0062cfe0	FUN_0062cfe0	89	unknown
0062d040	FUN_0062d040	6	unknown
0062d050	FUN_0062d050	6	unknown
0062d060	FUN_0062d060	58	unknown
0062d0a0	FUN_0062d0a0	81	unknown
0062d100	FUN_0062d100	27	unknown
0062d120	FUN_0062d120	130	unknown
0062d1b0	FUN_0062d1b0	129	unknown
0062d240	FUN_0062d240	21	unknown
0062d260	FUN_0062d260	110	unknown
0062d2ce	Catch@0062d2ce	39	unknown
0062d300	FUN_0062d300	256	unknown
0062d400	FUN_0062d400	76	unknown
0062d450	FUN_0062d450	757	unknown
0062d7e0	FUN_0062d7e0	304	unknown
0062d920	FUN_0062d920	112	unknown
0062d990	FUN_0062d990	107	unknown
0062d9fb	Catch@0062d9fb	37	unknown
0062da30	FUN_0062da30	131	unknown
0062dac0	FUN_0062dac0	27	unknown
0062dae0	FUN_0062dae0	22	unknown
0062db00	FUN_0062db00	42	unknown
0062db30	FUN_0062db30	64	unknown
0062db70	FUN_0062db70	684	unknown
0062dd2d	Catch@0062dd2d	22	unknown
0062dde3	Catch@0062dde3	35	unknown
0062de70	FUN_0062de70	57	unknown
0062deb0	FUN_0062deb0	880	unknown
0062e220	FUN_0062e220	68	unknown
0062e270	FUN_0062e270	173	unknown
0062e320	FUN_0062e320	106	unknown
0062e390	FUN_0062e390	494	unknown
0062e5c0	FUN_0062e5c0	155	unknown
0062e670	FUN_0062e670	68	unknown
0062e6c0	FUN_0062e6c0	137	unknown
0062e750	FUN_0062e750	320	unknown
0062e890	FUN_0062e890	25	unknown
0062e8b0	FUN_0062e8b0	60	unknown
0062e8f0	FUN_0062e8f0	25	unknown
0062e910	FUN_0062e910	27	unknown
0062e930	FUN_0062e930	256	unknown
0062ea40	FUN_0062ea40	637	unknown
0062ecd0	FUN_0062ecd0	179	unknown
0062ed90	FUN_0062ed90	905	unknown
0062f120	FUN_0062f120	348	unknown
0062f280	FUN_0062f280	322	unknown
0062f3d0	FUN_0062f3d0	20	unknown
0062f3f0	FUN_0062f3f0	286	unknown
0062f520	FUN_0062f520	31	unknown
0062f540	FUN_0062f540	40	unknown
0062f570	FUN_0062f570	51	unknown
0062f5b0	FUN_0062f5b0	21	unknown
0062f5d0	FUN_0062f5d0	43	unknown
0062f600	FUN_0062f600	43	unknown
0062f630	FUN_0062f630	26	unknown
0062f650	FUN_0062f650	110	unknown
0062f6be	Catch@0062f6be	33	unknown
0062f6e0	FUN_0062f6e0	109	unknown
0062f74d	Catch@0062f74d	33	unknown
0062f770	FUN_0062f770	138	unknown
0062f7fa	Catch@0062f7fa	9	unknown
0062f810	FUN_0062f810	117	unknown
0062f885	Catch@0062f885	9	unknown
0062f8a0	FUN_0062f8a0	107	unknown
0062f90b	Catch@0062f90b	35	unknown
0062f930	FUN_0062f930	110	unknown
0062f99e	Catch@0062f99e	30	unknown
0062f9d0	FUN_0062f9d0	109	unknown
0062fa3d	Catch@0062fa3d	28	unknown
0062fa70	FUN_0062fa70	27	unknown
0062fa90	FUN_0062fa90	29	unknown
0062fab0	FUN_0062fab0	107	unknown
0062fb1b	Catch@0062fb1b	28	unknown
0062fb50	FUN_0062fb50	42	unknown
0062fb80	FUN_0062fb80	27	unknown
0062fba0	FUN_0062fba0	29	unknown
0062fc20	FUN_0062fc20	42	unknown
0062fc50	FUN_0062fc50	428	unknown
0062fe00	FUN_0062fe00	88	unknown
0062fe70	FUN_0062fe70	67	unknown
0062fec0	FUN_0062fec0	67	unknown
0062ff10	FUN_0062ff10	57	unknown
0062ff50	FUN_0062ff50	110	unknown
0062ffbe	Catch@0062ffbe	39	unknown
00630030	FUN_00630030	154	unknown
006300d0	FUN_006300d0	75	unknown
00630120	FUN_00630120	75	unknown
00630170	FUN_00630170	185	unknown
00630230	FUN_00630230	621	unknown
006303d8	Catch@006303d8	22	unknown
00630481	Catch@00630481	35	unknown
00630500	FUN_00630500	197	unknown
006305c5	Catch@006305c5	17	unknown
006305e0	FUN_006305e0	197	unknown
006306a5	Catch@006306a5	17	unknown
006306c0	FUN_006306c0	53	unknown
00630700	FUN_00630700	373	unknown
00630880	FUN_00630880	363	unknown
006309f0	FUN_006309f0	107	unknown
00630a5b	Catch@00630a5b	37	unknown
00630c60	FUN_00630c60	1290	unknown
006311a0	FUN_006311a0	361	unknown
00631310	FUN_00631310	161	unknown
006313d0	FUN_006313d0	79	unknown
00631420	FUN_00631420	27	unknown
00631440	FUN_00631440	65	unknown
00631490	FUN_00631490	94	unknown
006314f0	FUN_006314f0	121	unknown
00631570	FUN_00631570	64	unknown
006315b0	FUN_006315b0	41	unknown
006315e0	FUN_006315e0	95	unknown
00631640	FUN_00631640	333	unknown
00631790	FUN_00631790	729	unknown
00631973	Catch@00631973	22	unknown
00631a20	Catch@00631a20	35	unknown
00631ac0	FUN_00631ac0	698	unknown
00631c90	Catch@00631c90	22	unknown
00631d3e	Catch@00631d3e	38	unknown
00631dd0	FUN_00631dd0	99	unknown
00631f00	FUN_00631f00	166	unknown
00631fb0	FUN_00631fb0	337	unknown
00632360	FUN_00632360	341	unknown
006325c0	FUN_006325c0	246	unknown
006326c0	FUN_006326c0	18	unknown
006326e0	FUN_006326e0	18	unknown
00632700	FUN_00632700	461	unknown
006328e0	FUN_006328e0	280	unknown
00632a00	FUN_00632a00	235	unknown
00632af0	FUN_00632af0	139	unknown
00632b80	FUN_00632b80	256	unknown
00632c90	FUN_00632c90	55	unknown
00632cd0	FUN_00632cd0	153	unknown
00632d70	FUN_00632d70	256	unknown
00632e80	FUN_00632e80	69	unknown
00632ed0	FUN_00632ed0	153	unknown
00632f70	FUN_00632f70	277	unknown
00633090	FUN_00633090	153	unknown
00633130	FUN_00633130	115	unknown
006331b0	FUN_006331b0	255	unknown
006332c0	FUN_006332c0	70	unknown
00633310	FUN_00633310	153	unknown
006333b0	FUN_006333b0	126	unknown
00633430	FUN_00633430	27	unknown
00633450	FUN_00633450	148	unknown
006334f0	FUN_006334f0	84	unknown
00633550	FUN_00633550	277	unknown
00633670	FUN_00633670	153	unknown
00633710	FUN_00633710	115	unknown
00633790	FUN_00633790	277	unknown
006338b0	FUN_006338b0	153	unknown
00633950	FUN_00633950	115	unknown
006339d0	FUN_006339d0	255	unknown
00633ae0	FUN_00633ae0	70	unknown
00633b30	FUN_00633b30	153	unknown
00633bd0	FUN_00633bd0	255	unknown
00633ce0	FUN_00633ce0	70	unknown
00633d30	FUN_00633d30	153	unknown
00633dd0	FUN_00633dd0	255	unknown
00633ee0	FUN_00633ee0	222	unknown
00633fc0	FUN_00633fc0	351	unknown
00634140	FUN_00634140	256	unknown
00634250	FUN_00634250	83	unknown
006342b0	FUN_006342b0	153	unknown
00634350	FUN_00634350	256	unknown
00634460	FUN_00634460	105	unknown
006344d0	FUN_006344d0	173	unknown
00634580	FUN_00634580	256	unknown
00634690	FUN_00634690	69	unknown
006346e0	FUN_006346e0	153	unknown
00634780	FUN_00634780	187	unknown
00634840	FUN_00634840	277	unknown
00634960	FUN_00634960	153	unknown
00634a00	FUN_00634a00	115	unknown
00634a80	FUN_00634a80	255	unknown
00634b90	FUN_00634b90	70	unknown
00634be0	FUN_00634be0	153	unknown
00634c80	FUN_00634c80	255	unknown
00634d90	FUN_00634d90	70	unknown
00634de0	FUN_00634de0	153	unknown
00634e80	FUN_00634e80	126	unknown
00634f00	FUN_00634f00	27	unknown
00634f20	FUN_00634f20	277	unknown
00635040	FUN_00635040	222	unknown
00635120	FUN_00635120	311	unknown
00635280	FUN_00635280	126	unknown
00635300	FUN_00635300	185	unknown
006353c0	FUN_006353c0	277	unknown
006354e0	FUN_006354e0	153	unknown
00635580	FUN_00635580	115	unknown
00635650	FUN_00635650	159	unknown
00635700	FUN_00635700	55	unknown
00635740	FUN_00635740	30	unknown
00635760	FUN_00635760	23	unknown
00635780	FUN_00635780	23	unknown
006357a0	FUN_006357a0	55	unknown
006357e0	FUN_006357e0	55	unknown
00635820	FUN_00635820	106	unknown
00635890	FUN_00635890	457	unknown
00635a60	FUN_00635a60	72	unknown
00635ab0	FUN_00635ab0	82	unknown
00635b10	FUN_00635b10	223	unknown
00635c00	FUN_00635c00	190	unknown
00635cc0	FUN_00635cc0	80	unknown
00635d10	FUN_00635d10	782	unknown
00636040	FUN_00636040	734	unknown
00636340	FUN_00636340	278	unknown
00636460	FUN_00636460	204	unknown
00636530	FUN_00636530	128	unknown
006365b0	FUN_006365b0	224	unknown
006366a0	FUN_006366a0	260	unknown
006367b0	FUN_006367b0	414	unknown
00636960	FUN_00636960	473	unknown
00636b40	FUN_00636b40	306	unknown
00636c80	FUN_00636c80	257	unknown
00636d90	FUN_00636d90	76	unknown
00636de0	FUN_00636de0	52	unknown
00636e20	FUN_00636e20	413	unknown
00636fd0	FUN_00636fd0	268	unknown
006370f0	FUN_006370f0	10	unknown
00637100	BFSpawnPoint__v344_slot07	10	unknown
00637110	FUN_00637110	13	unknown
00637120	FUN_00637120	86	unknown
00637180	FUN_00637180	445	unknown
00637340	FUN_00637340	89	unknown
006373a0	FUN_006373a0	45	unknown
006373d0	FUN_006373d0	6	unknown
006373e0	FUN_006373e0	10	unknown
006373f0	NetworkableInfo__v0_slot17	10	unknown
00637400	FUN_00637400	39	unknown
00637430	FUN_00637430	5	unknown
00637440	FUN_00637440	27	unknown
00637460	FUN_00637460	65	unknown
006374b0	FUN_006374b0	46	unknown
006374e0	FUN_006374e0	236	unknown
006375d0	FUN_006375d0	257	unknown
006376e0	FUN_006376e0	41	unknown
00637710	FUN_00637710	105	unknown
00637780	FUN_00637780	257	unknown
00637890	FUN_00637890	61	unknown
006378d0	FUN_006378d0	173	unknown
00637980	FUN_00637980	127	unknown
00637a00	FUN_00637a00	28	unknown
00637a20	FUN_00637a20	127	unknown
00637aa0	FUN_00637aa0	28	unknown
00637ac0	FUN_00637ac0	257	unknown
00637bd0	FUN_00637bd0	222	unknown
00637cb0	FUN_00637cb0	115	unknown
00637d30	FUN_00637d30	257	unknown
00637e40	FUN_00637e40	41	unknown
00637e70	FUN_00637e70	153	unknown
00637f10	FUN_00637f10	127	unknown
00637f90	FUN_00637f90	28	unknown
00637fb0	FUN_00637fb0	257	unknown
006380c0	FUN_006380c0	14	unknown
006380d0	FUN_006380d0	39	unknown
00638100	FUN_00638100	153	unknown
006381a0	FUN_006381a0	257	unknown
006382b0	FUN_006382b0	41	unknown
006382e0	FUN_006382e0	153	unknown
00638380	FUN_00638380	114	unknown
00638400	FUN_00638400	49	unknown
00638440	FUN_00638440	107	unknown
006384ab	Catch@006384ab	9	unknown
006384c0	FUN_006384c0	102	unknown
00638526	Catch@00638526	9	unknown
00638530	FUN_00638530	27	unknown
00638550	FUN_00638550	38	unknown
00638580	FUN_00638580	193	unknown
00638650	FUN_00638650	128	unknown
006386e0	FUN_006386e0	37	unknown
00638710	FUN_00638710	80	unknown
00638770	FUN_00638770	232	unknown
00638960	FUN_00638960	534	unknown
00638ac6	Catch@00638ac6	9	unknown
00638b90	FUN_00638b90	27	unknown
00638bb0	FUN_00638bb0	110	unknown
00638c20	FUN_00638c20	76	unknown
00638c70	FUN_00638c70	98	unknown
00638ce0	FUN_00638ce0	636	unknown
00638f5f	__Getcvt	110	__cdecl
00638fcd	FUN_00638fcd	29	unknown
00638fea	std::_Init_locks::_Init_locks	47	__thiscall
00639019	FUN_00639019	41	unknown
00639042	FUN_00639042	35	unknown
00639065	FUN_00639065	20	unknown
00639079	FUN_00639079	21	unknown
0063908e	__Deletegloballocale	28	unknown
006390aa	tidy_global	35	__cdecl
006390cd	__Setgloballocale	37	unknown
006390f2	std::locale::_Getfacet	53	__thiscall
00639127	FUN_00639127	56	unknown
0063916a	std::locale::facet::_Register	57	__thiscall
006391a3	std::locale::_Locimp::~_Locimp	136	__thiscall
0063922b	std::_Locinfo::~_Locinfo	87	__thiscall
00639282	FUN_00639282	27	unknown
0063929e	std::locale::_Locimp::_Locimp	80	__thiscall
006392ee	std::_Locinfo::_Locinfo	138	__thiscall
00639378	std::locale::_Init	162	__cdecl
0063941a	std::locale::locale	25	__thiscall
00639433	std::ios_base::_Callfns	34	__thiscall
00639455	std::ios_base::_Addstd	81	__thiscall
006394a6	FUN_006394a6	52	unknown
006394e8	FUN_006394e8	63	unknown
00639528	FUN_00639528	29	unknown
00639553	FUN_00639553	27	unknown
0063956f	std::runtime_error::runtime_error	60	__thiscall
006395ab	FUN_006395ab	27	unknown
006395c7	FUN_006395c7	11	unknown
006395d2	std::ios_base::clear	198	__thiscall
00639698	FUN_00639698	67	unknown
006396f3	std::ios_base::_Init	70	__thiscall
00639739	FUN_00639739	24	unknown
00639751	FUN_00639751	17	unknown
00639766	FUN_00639766	9	unknown
0063976f	FUN_0063976f	9	unknown
00639778	FUN_00639778	63	unknown
006397b8	FUN_006397b8	63	unknown
006397f8	thunk_FUN_006401fa	5	unknown
006397fd	__Tolower_lk	233	unknown
006398e6	__Getctype	174	__cdecl
00639994	FUN_00639994	29	unknown
006399b1	__Tolower	143	__cdecl
00639a40	FUN_00639a40	29	unknown
00639a5d	__Toupper_lk	224	unknown
00639b3d	__Toupper	143	__cdecl
00639bcc	FUN_00639bcc	29	unknown
00639be9	__Stod	52	__cdecl
00639c1d	FUN_00639c1d	21	unknown
00639c32	std::_Fiopen	162	__cdecl
00639d06	FUN_00639d06	18	unknown
00639d18	FUN_00639d18	18	unknown
00639d2a	FUN_00639d2a	18	unknown
00639d3c	FUN_00639d3c	274	unknown
00639e4e	__FDtest	67	__cdecl
00639e91	FUN_00639e91	11	unknown
00639e9c	FUN_00639e9c	11	unknown
00639ea7	FUN_00639ea7	11	unknown
00639eb2	FUN_00639eb2	11	unknown
00639ebd	__Atexit	32	__cdecl
00639edd	thunk_FUN_00639ef3	2	unknown
00639ef3	FUN_00639ef3	30	unknown
00639efd	__FDscale	275	__cdecl
0063a010	__FDnorm	186	__cdecl
0063a0d0	_memmove	672	__cdecl
0063a40d	type_info::~type_info	61	__thiscall
0063a44a	FUN_0063a44a	9	unknown
0063a453	FUN_0063a453	27	unknown
0063a46f	type_info::operator==	27	unknown
0063a48a	type_info::operator!=	28	unknown
0063a4a6	type_info::before	31	__thiscall
0063a4c5	_JumpToContinuation	43	__stdcall
0063a4f5	FID_conflict:_CallMemberFunction1	7	unknown
0063a4fc	_UnwindNestedFrames	82	__stdcall
0063a54e	___CxxFrameHandler	54	unknown
0063a5bf	_CallSETranslator	199	__cdecl
0063a686	TranslatorGuardHandler	175	__cdecl
0063a738	_GetRangeOfTrysToCheck	122	__cdecl
0063a7b2	_CreateFrameInfo	40	__cdecl
0063a7da	IsExceptionObjectToBeDestroyed	33	__cdecl
0063a7fb	_FindAndUnlinkFrame	76	__cdecl
0063a847	_CallCatchBlock2	89	__cdecl
0063a8a0	__global_unwind2	32	unknown
0063a8e2	__local_unwind2	104	unknown
0063a94a	__abnormal_termination	35	__cdecl
0063a96d	__NLG_Notify1	9	unknown
0063a976	FUN_0063a976	24	unknown
0063a98e	__CxxThrowException@8	58	unknown
0063a9c9	FUN_0063a9c9	56	unknown
0063aa01	__fpmath	30	__cdecl
0063aa1f	report_failure	41	__cdecl
0063aa50	__security_check_cookie	14	__fastcall
0063aa5e	exception::exception	17	__thiscall
0063aa6f	exception::exception	61	__thiscall
0063aaac	exception::exception	74	__thiscall
0063aaf6	exception::~exception	22	__thiscall
0063ab0c	FUN_0063ab0c	13	unknown
0063ab19	FUN_0063ab19	25	unknown
0063ab4a	FUN_0063ab4a	11	unknown
0063ab86	FUN_0063ab86	11	unknown
0063abc1	FUN_0063abc1	27	unknown
0063abdd	FUN_0063abdd	27	unknown
0063abf9	FUN_0063abf9	27	unknown
0063ac15	FUN_0063ac15	6	unknown
0063ac1b	_sprintf	88	__cdecl
0063ac80	_memchr	173	__cdecl
0063ad30	_strcspn	70	__cdecl
0063ad76	___crtExitProcess	47	__cdecl
0063ada6	FUN_0063ada6	9	unknown
0063adaf	FUN_0063adaf	9	unknown
0063adb8	__initterm	24	unknown
0063add0	__cinit	106	__cdecl
0063ae3a	doexit	181	__cdecl
0063aee9	FUN_0063aee9	14	unknown
0063aefd	_exit	17	__cdecl
0063af0e	__exit	17	unknown
0063af1f	__cexit	15	__cdecl
0063af3d	_printf	86	__cdecl
0063af98	FUN_0063af98	11	unknown
0063afa3	_fprintf	84	__cdecl
0063aff7	FUN_0063aff7	10	unknown
0063b001	_calloc	175	__cdecl
0063b0ab	FUN_0063b0ab	9	unknown
0063b0bc	_free	104	__cdecl
0063b10f	FUN_0063b10f	9	unknown
0063b12d	__fclose_lk	76	unknown
0063b179	_fclose	70	__cdecl
0063b1c2	FUN_0063b1c2	8	unknown
0063b1ca	__heap_alloc	111	__cdecl
0063b23c	FUN_0063b23c	9	unknown
0063b245	__nh_malloc	44	__cdecl
0063b271	_malloc	18	__cdecl
0063b283	__onexit_lk	128	unknown
0063b303	___onexitinit	40	unknown
0063b32b	__onexit	50	__cdecl
0063b35d	FUN_0063b35d	6	unknown
0063b363	_atexit	18	__cdecl
0063b375	__flush	93	__cdecl
0063b3d2	__fflush_lk	46	unknown
0063b400	flsall	182	__cdecl
0063b4a0	FUN_0063b4a0	17	unknown
0063b4cc	FUN_0063b4cc	9	unknown
0063b4d5	_fflush	70	__cdecl
0063b51b	FUN_0063b51b	10	unknown
0063b530	_strncpy	292	__cdecl
0063b654	FUN_0063b654	169	unknown
0063b711	__lock_file	47	__cdecl
0063b740	__lock_file2	35	__cdecl
0063b763	__unlock_file	47	__cdecl
0063b792	__unlock_file2	35	__cdecl
0063b7b5	FUN_0063b7b5	46	unknown
0063b7e3	FUN_0063b7e3	42	unknown
0063b80d	__ftell_lk	354	unknown
0063b96f	_ftell	55	__cdecl
0063b9a6	FUN_0063b9a6	10	unknown
0063b9b0	__fseek_lk	143	unknown
0063ba3f	_fseek	63	__cdecl
0063ba7e	FUN_0063ba7e	10	unknown
0063ba88	__fsopen	82	__cdecl
0063bada	FUN_0063bada	10	unknown
0063bae4	_fopen	19	__cdecl
0063baf7	__amsg_exit	37	__cdecl
0063bb1c	fast_error_exit	36	__cdecl
0063bb40	entry	405	unknown
0063bd00	IPlayerControlObject__v0_slot01	20	unknown
0063bd14	strtoxl	447	__cdecl
0063bed3	_strtol	23	__cdecl
0063beea	_strtoul	23	__cdecl
0063bf01	FUN_0063bf01	9	unknown
0063bf0a	FUN_0063bf0a	9	unknown
0063bf13	__dosmaperr	115	__cdecl
0063bf86	strtoxq	608	__cdecl
0063c1e6	__strtoi64	23	__cdecl
0063c1fd	__strtoui64	23	__cdecl
0063c214	___tolower_mt	200	unknown
0063c2dc	_tolower	34	__cdecl
0063c300	__allmul	52	unknown
0063c340	__aulldiv	104	unknown
0063c3b0	__chkstk	61	unknown
0063c3ed	___toupper_mt	201	unknown
0063c4b6	_toupper	34	__cdecl
0063c4d8	_vsprintf	87	__cdecl
0063c530	FUN_0063c530	117	unknown
0063c5b0	__allshl	31	unknown
0063c5cf	_setvbuf	210	__cdecl
0063c6a1	FUN_0063c6a1	10	unknown
0063c6ab	__ungetc_lk	108	unknown
0063c717	_ungetc	59	__cdecl
0063c752	FUN_0063c752	10	unknown
0063c75c	FUN_0063c75c	65	unknown
0063c79d	FID_conflict:_getc	69	__cdecl
0063c7e5	FUN_0063c7e5	8	unknown
0063c7ed	__fwrite_lk	263	unknown
0063c8f4	_fwrite	66	__cdecl
0063c936	FUN_0063c936	10	unknown
0063c940	FUN_0063c940	22	unknown
0063c956	FindSITargetTypeInstance	85	__cdecl
0063c9ab	PMDtoOffset	31	__cdecl
0063c9ca	FindMITargetTypeInstance	249	__cdecl
0063cac3	FindVITargetTypeInstance	309	__cdecl
0063cbf8	FUN_0063cbf8	179	unknown
0063ccd8	FID_conflict:_fputc	77	__cdecl
0063cd28	FUN_0063cd28	8	unknown
0063cd30	_fgetpos	34	__cdecl
0063cd52	_fsetpos	24	__cdecl
0063cd6a	__spawnl	24	__cdecl
0063cd82	FUN_0063cd82	13	unknown
0063cd8f	_rand	34	__cdecl
0063cdb1	FID_conflict:__time32	57	__cdecl
0063ce5b	FUN_0063ce5b	8	unknown
0063ce79	siglookup	46	__cdecl
0063cea7	_signal	408	__cdecl
0063d03f	FUN_0063d03f	9	unknown
0063d048	_raise	356	__cdecl
0063d183	FUN_0063d183	13	unknown
0063d1c1	_atol	136	__cdecl
0063d249	_atol	5	__cdecl
0063d24e	FUN_0063d24e	22	unknown
0063d264	_isalpha	63	__cdecl
0063d2a3	_isupper	58	__cdecl
0063d2dd	_islower	58	__cdecl
0063d317	_isdigit	58	__cdecl
0063d351	_isxdigit	63	__cdecl
0063d390	_isspace	58	__cdecl
0063d3ca	_isalnum	63	__cdecl
0063d409	_isprint	63	__cdecl
0063d448	__wcsicmp	173	__cdecl
0063d500	FUN_0063d500	500	unknown
0063d621	__fread_lk	233	unknown
0063d70a	_fread	66	__cdecl
0063d74c	FUN_0063d74c	10	unknown
0063d760	FUN_0063d760	20	unknown
0063d77d	FUN_0063d77d	174	unknown
0063d830	FUN_0063d830	20	unknown
0063d84d	FUN_0063d84d	174	unknown
0063d8fb	_sscanf	52	__cdecl
0063d92f	___mbstowcs_mt	251	unknown
0063da2a	_mbstowcs	43	__cdecl
0063da55	type_info::name	150	__thiscall
0063daee	FUN_0063daee	9	unknown
0063daf7	__copysign	33	__cdecl
0063db18	FUN_0063db18	21	unknown
0063db2d	__isnan	46	__cdecl
0063db5b	__fpclass	156	__cdecl
0063dc00	FUN_0063dc00	139	unknown
0063dc90	_strncmp	57	__cdecl
0063dcc9	_realloc	412	__cdecl
0063de31	FUN_0063de31	9	unknown
0063de80	FUN_0063de80	285	unknown
0063df9d	__validdrive	55	__cdecl
0063dfd4	__getdcwd_lk	235	unknown
0063e0bf	__getcwd	61	__cdecl
0063e0fc	FUN_0063e0fc	9	unknown
0063e120	FUN_0063e120	190	unknown
0063e1de	__stricmp	105	__cdecl
0063e247	_clock	67	__cdecl
0063e28a	___inittime	55	unknown
0063e2d0	FUN_0063e2d0	328	unknown
0063e418	__strlwr	253	__cdecl
0063e52c	_ldexp	491	__cdecl
0063e760	FUN_0063e760	84	unknown
0063e7bd	FUN_0063e7bd	453	unknown
0063e982	FUN_0063e982	40	unknown
0063e9aa	FUN_0063e9aa	44	unknown
0063e9d6	___wcstombs_mt	433	unknown
0063eb87	_wcstombs	43	__cdecl
0063ebb2	___init_ctype	490	__cdecl
0063ed9c	____lc_codepage_func	25	__cdecl
0063edb5	____lc_handle_func	25	unknown
0063edce	__mtinitlocks	73	__cdecl
0063ee17	__mtdeletelocks	85	__cdecl
0063ee6c	FUN_0063ee6c	21	unknown
0063ee81	__mtinitlocknum	151	__cdecl
0063ef18	FUN_0063ef18	9	unknown
0063ef21	__lock	49	__cdecl
0063ef52	FUN_0063ef52	6	unknown
0063ef58	FUN_0063ef58	6	unknown
0063ef5e	___freetlocinfo	208	unknown
0063f02e	___updatetlocinfo_lk	193	unknown
0063f0ef	FUN_0063f0ef	3	unknown
0063f0f2	__strcats	36	unknown
0063f116	___lc_strtolc	220	unknown
0063f1f2	___lc_lctostr	78	unknown
0063f240	___updatetlocinfo	50	__cdecl
0063f272	FUN_0063f272	9	unknown
0063f27b	__setlocale_get_all	191	unknown
0063f33a	__expandlocale	348	unknown
0063f496	__setlocale_set_cat	655	unknown
0063f725	__setlocale_lk	473	unknown
0063f8fe	_setlocale	337	__cdecl
0063fa47	FUN_0063fa47	9	unknown
0063fa58	__SEH_prolog	59	unknown
0063fa93	__SEH_epilog	17	unknown
0063fb92	FUN_0063fb92	27	unknown
0063fbb0	_memcpy	672	__cdecl
0063fef0	_memcmp	184	__cdecl
0063ffb0	_strlen	139	__cdecl
0064003c	FUN_0064003c	31	unknown
0064005b	TypeMatch	79	__cdecl
006400c8	___FrameUnwindToState	148	unknown
0064017b	FUN_0064017b	27	unknown
00640196	___DestructExceptionObject	52	unknown
006401db	AdjustPointer	31	__cdecl
006401fa	FUN_006401fa	19	unknown
0064020d	CallCatchBlock	157	__cdecl
00640362	FUN_00640362	111	unknown
006403d1	BuildCatchObject	368	__cdecl
0064054d	CatchIt	103	__cdecl
006405b4	FindHandlerForForeignException	190	__cdecl
00640672	FindHandler	516	__cdecl
00640876	___InternalCxxFrameHandler	162	unknown
00640918	___crtLCMapStringA	886	__cdecl
00640cd4	FUN_00640cd4	6	unknown
00640cda	_strtod	142	__cdecl
00640d68	_abort	24	__cdecl
00640d80	_strcmp	135	__cdecl
00640e08	FUN_00640e08	9	unknown
00640e11	__mtterm	29	__cdecl
00640e2e	__getptd	113	__cdecl
00640fd1	FUN_00640fd1	9	unknown
00640fdd	FUN_00640fdd	9	unknown
00640fe6	__mtinit	239	__cdecl
006410d5	terminate	46	__cdecl
0064110a	_inconsistency	38	__cdecl
00641140	__CallSettingFrame@12	76	unknown
0064118c	FUN_0064118c	78	unknown
006411da	FUN_006411da	19	unknown
006411fa	FUN_006411fa	60	unknown
0064129b	__fassign	62	__cdecl
006412d9	__shift	29	unknown
006412f6	__cftoe2	174	unknown
006413a4	__cftoe	108	__cdecl
00641410	__cftof2	156	unknown
006414ac	__cftof	98	__cdecl
0064150e	__cftog	154	unknown
006415a8	__cfltcvt	81	__cdecl
006415f9	__setdefaultprecision	18	unknown
0064160b	__ms_p5_test_fdiv	64	unknown
0064164b	__ms_p5_mp_test_fdiv	41	unknown
00641674	___security_init_cookie	102	__cdecl
006416da	___security_error_handler	319	unknown
00641830	FUN_00641830	7	unknown
00641840	FUN_00641840	232	unknown
00641928	__flsbuf	281	__cdecl
00641a41	write_char	51	__cdecl
00641a74	write_multi_char	36	__cdecl
00641a98	write_string	55	__cdecl
00641acf	__output	2010	unknown
006422c9	__RTC_Initialize	61	unknown
00642351	__stbuf	136	__cdecl
006423d9	__ftbuf	42	__cdecl
00642403	__callnewh	27	__cdecl
0064241e	___heap_select	26	unknown
00642438	__heap_init	81	__cdecl
00642490	_memset	96	__cdecl
006424f0	___sbh_heap_init	72	unknown
00642538	___sbh_find_block	43	unknown
00642563	___sbh_free_block	792	unknown
0064287b	___sbh_alloc_new_region	183	unknown
00642932	___sbh_alloc_new_group	262	unknown
00642a38	___sbh_resize_block	735	unknown
00642d17	___sbh_alloc_block	764	unknown
00643013	__close_lk	131	unknown
00643096	__close	144	__cdecl
0064310d	FUN_0064310d	8	unknown
00643131	__freebuf	43	__cdecl
0064315c	__msize	106	__cdecl
006431c9	FUN_006431c9	9	unknown
006431d2	__write_lk	462	unknown
006433a0	__write	160	__cdecl
00643427	FUN_00643427	8	unknown
0064344b	__commit	177	__cdecl
006434eb	FUN_006434eb	8	unknown
00643507	__ioinit	510	__cdecl
006437a0	__lseek_lk	116	unknown
00643814	__lseek	160	__cdecl
0064389b	FUN_0064389b	8	unknown
006438bf	__openfile	360	__cdecl
00643a27	__getstream	278	__cdecl
00643b40	FUN_00643b40	9	unknown
00643b49	__NMSG_WRITE	375	__cdecl
00643cc0	__FF_MSGBANNER	57	__cdecl
00643cf9	__XcptFilter	356	__cdecl
00643e5d	__setenvp	199	__cdecl
00643f24	parse_cmdline	364	__cdecl
00644090	__setargv	162	__cdecl
00644132	___crtGetEnvironmentStringsA	290	__cdecl
00644254	___isctype_mt	119	unknown
006442d0	__aulldvrm	149	unknown
00644365	__getbuf	68	__cdecl
006443a9	__filbuf	225	__cdecl
0064448a	__ftelli64_lk	405	unknown
0064461f	__ftelli64	61	__cdecl
0064465c	FUN_0064465c	10	unknown
00644666	__fseeki64_lk	147	unknown
006446f9	__fseeki64	66	__cdecl
0064473b	FUN_0064473b	10	unknown
00644745	comexecmd	83	__cdecl
00644798	__spawnve	329	__cdecl
006448e1	___towlower_mt	97	unknown
00644942	___libm_error_support	654	unknown
00644bd0	FUN_00644bd0	46	unknown
00644c05	___sse2_available_init	206	unknown
00644da6	__read_lk	475	unknown
00644f81	__read	160	__cdecl
00645008	FUN_00645008	8	unknown
00645200	FUN_00645200	23	unknown
00645217	__startOneArgErrorHandling	60	unknown
00645260	FUN_00645260	21	unknown
00645275	FUN_00645275	23	unknown
0064528c	FUN_0064528c	25	unknown
006452a5	__fload_withFB	67	unknown
006452e8	FUN_006452e8	22	unknown
006452fe	FUN_006452fe	13	unknown
0064530b	__math_exit	42	unknown
00645349	FUN_00645349	163	unknown
006453ec	__inc	22	unknown
00645402	__input	3387	unknown
0064617e	HeapManager::Destructor	38	__thiscall
006461a4	UnDecorator::getNumberOfDimensions	99	__cdecl
00646207	UnDecorator::getTypeEncoding	1020	__cdecl
00646639	UnDecorator::UScore	25	__cdecl
00646652	HeapManager::getMemory	132	__thiscall
006466d6	DName::DName	105	__thiscall
0064673f	DName::operator=	107	__thiscall
006467aa	Replicator::operator[]	41	__thiscall
006467d3	DNameNode::operator+=	41	__thiscall
006467fc	FUN_006467fc	4	unknown
0064681f	FUN_0064681f	4	unknown
00646823	pDNameNode::pDNameNode	47	__thiscall
00646852	DNameStatusNode::DNameStatusNode	37	__thiscall
00646884	und_strncpy	32	__cdecl
006468a4	UnDecorator::getDataIndirectType	51	__cdecl
006468d7	UnDecorator::getThisType	52	__cdecl
0064690b	DName::DName	85	__thiscall
00646960	DName::DName	96	__thiscall
006469c0	DName::isValid	23	__thiscall
006469d7	DName::isEmpty	21	__thiscall
006469ec	DName::isUDC	20	__thiscall
00646a00	DName::length	37	__thiscall
00646a25	DName::getLastChar	56	__thiscall
00646a5d	DName::getString	145	__thiscall
00646aee	DName::operator|=	53	__thiscall
00646b23	DName::operator=	129	__thiscall
00646ba4	Replicator::Replicator	30	__thiscall
00646bc2	Replicator::operator+=	71	__thiscall
00646c09	DNameNode::clone	70	__thiscall
00646c4f	pcharNode::pcharNode	103	__thiscall
00646cf9	FUN_00646cf9	15	unknown
00646d67	UnDecorator::UnDecorator	115	__thiscall
00646dda	UnDecorator::getReturnType	47	__cdecl
00646e09	DName::operator+=	123	__thiscall
00646e84	DName::doPchar	166	__thiscall
00646f2a	DName::DName	37	__thiscall
00646f4f	DName::DName	48	__thiscall
00646f7f	DName::DName	205	__thiscall
0064704c	DName::DName	100	__thiscall
006470b0	DName::DName	146	__thiscall
00647142	DName::operator+	60	__thiscall
0064717e	DName::operator+=	100	__thiscall
006471e2	DName::operator=	25	__thiscall
006471fb	DName::operator=	39	__thiscall
00647222	UnDecorator::getCallingConvention	165	__cdecl
006472c7	UnDecorator::getVCallThunkType	55	__cdecl
006472fe	DName::operator+	96	__thiscall
0064735e	DName::operator+=	106	__thiscall
006473c8	DName::operator+=	108	__thiscall
00647434	UnDecorator::getArgumentList	231	__cdecl
0064751b	UnDecorator::getVdispMapType	92	__cdecl
00647577	operator+	34	__cdecl
00647599	operator+	34	__cdecl
006475bb	operator+	34	__cdecl
006475dd	DName::operator+	60	__thiscall
00647619	DName::operator+	60	__thiscall
00647655	UnDecorator::getDimension	321	__cdecl
00647796	UnDecorator::getEnumType	177	__cdecl
00647867	UnDecorator::getArgumentTypes	146	__cdecl
006478f9	UnDecorator::getThrowTypes	125	__cdecl
00647976	UnDecorator::getArrayType	347	__cdecl
00647ad1	UnDecorator::getLexicalFrame	49	__cdecl
00647b02	UnDecorator::getVfTableType	366	__cdecl
00647c70	UnDecorator::getStringEncoding	160	__cdecl
00647d10	UnDecorator::getSignedDimension	80	__cdecl
00647d60	UnDecorator::getTemplateConstant	664	__cdecl
00647ff8	UnDecorator::getPtrRefDataType	191	__cdecl
006480b7	UnDecorator::getTemplateArgumentList	442	__cdecl
00648271	UnDecorator::getOperatorName	1242	__cdecl
0064874b	UnDecorator::getTemplateName	338	__cdecl
0064889d	UnDecorator::getZName	475	__cdecl
00648a78	UnDecorator::getScopedName	252	__cdecl
00648b74	UnDecorator::getECSUDataType	255	__cdecl
00648c73	UnDecorator::getSymbolName	70	__cdecl
00648cb9	UnDecorator::getBasedType	146	__cdecl
00648d4b	UnDecorator::composeDeclaration	2580	__cdecl
0064975f	UnDecorator::getDecoratedName	442	__cdecl
00649919	UnDecorator::getScope	679	__cdecl
00649bc0	UnDecorator::getFunctionIndirectType	833	__cdecl
00649f01	UnDecorator::getDataIndirectType	1394	__cdecl
0064a473	UnDecorator::operator_char*	331	__thiscall
0064a5be	UnDecorator::getPtrRefType	278	__cdecl
0064a6d4	___unDName	151	unknown
0064a76b	FUN_0064a76b	9	unknown
0064a774	UnDecorator::getBasicDataType	847	__cdecl
0064aae7	UnDecorator::getPrimaryDataType	304	__cdecl
0064ac17	UnDecorator::getDataType	174	__cdecl
0064acc5	UnDecorator::getExternalDataType	112	__cdecl
0064ad35	__set_exp	42	unknown
0064ad5f	__sptype	91	unknown
0064adba	__decomp	188	unknown
0064ae76	__raise_exc	677	unknown
0064b11b	__handle_exc	548	unknown
0064b33f	__set_errno	40	__cdecl
0064b367	__errcode	45	unknown
0064b394	__umatherr	158	unknown
0064b432	__handle_qnan1	83	unknown
0064b485	__handle_qnan2	95	unknown
0064b4e4	__except1	184	unknown
0064b59c	__except2	201	unknown
0064b665	__statfp	11	unknown
0064b670	__clrfp	12	unknown
0064b67c	__ctrlfp	36	unknown
0064b6a0	FUN_0064b6a0	86	unknown
0064b6f6	__ceil_default	211	unknown
0064b7d0	___ascii_stricmp	78	__cdecl
0064b81e	__modf_default	292	unknown
0064b942	__resetstkoflw	227	__cdecl
0064ba30	FUN_0064ba30	25	unknown
0064ba49	FUN_0064ba49	2861	unknown
0064c787	__d_inttype	110	unknown
0064c7f5	__powhlp	354	unknown
0064c957	___crtGetStringTypeA	421	__cdecl
0064cb11	___getlocaleinfo	295	__cdecl
0064cc38	___crtInitCritSecNoSpinCount@8	16	unknown
0064cc48	___crtInitCritSecAndSpinCount	103	unknown
0064ccd3	__get_lc_time	871	unknown
0064d03a	___free_lc_time	400	unknown
0064d229	___free_lconv_num	95	unknown
0064d288	___init_numeric	461	__cdecl
0064d455	___free_lconv_mon	217	unknown
0064d52e	___init_monetary	575	__cdecl
0064d76d	_TranslateName	96	unknown
0064d7cd	_GetLcidFromDefault	26	unknown
0064d7e7	_ProcessCodePage	118	unknown
0064d85d	_TestDefaultCountry	30	unknown
0064d87b	crtGetLocaleInfoA	227	__stdcall
0064d95e	_LcidFromHexString	53	unknown
0064d993	_GetPrimaryLen	29	unknown
0064d9b0	_CountryEnumProc@4	148	unknown
0064da44	_TestDefaultLanguage	113	unknown
0064dab5	_LangCountryEnumProc@4	538	unknown
0064dccf	_LanguageEnumProc@4	203	unknown
0064dd9a	_GetLcidFromCountry	55	unknown
0064ddd1	_GetLcidFromLangCountry	134	unknown
0064de57	_GetLcidFromLanguage	85	unknown
0064deac	___get_qualified_locale	437	__cdecl
0064e070	_strpbrk	64	__cdecl
0064e0b0	__ValidateEH3RN	553	unknown
0064e2d9	_ValidateRead	28	__cdecl
0064e2f5	_ValidateWrite	28	__cdecl
0064e311	_ValidateExecute	24	__cdecl
0064e329	___ansicp	67	unknown
0064e36c	___convertcp	434	unknown
0064e538	__fltin2	149	__cdecl
0064e5cd	_CPtoLCID	47	unknown
0064e5fc	setSBCS	41	__cdecl
0064e625	setSBUpLow	396	__cdecl
0064e7b1	___updatetmbcinfo	99	__cdecl
0064e817	FUN_0064e817	9	unknown
0064e820	__setmbcp_lk	400	unknown
0064e9b0	__setmbcp	327	__cdecl
0064eaf7	FUN_0064eaf7	9	unknown
0064eb00	___initmbctable	30	unknown
0064eb1e	__ZeroTail	50	unknown
0064eb50	__IncMan	77	unknown
0064eb9d	__RoundMan	114	unknown
0064ec0f	__CopyMan	27	unknown
0064ec2a	__IsZeroMan	25	unknown
0064ec43	__ShrMan	123	unknown
0064ecbe	__ld12cvt	344	unknown
0064ee16	__ld12tod	22	__cdecl
0064ee2c	__ld12tof	22	__cdecl
0064ee42	FID_conflict:__atodbl	61	__cdecl
0064ee7f	FID_conflict:__atodbl	61	__cdecl
0064eebc	__fptostr	119	__cdecl
0064ef33	___dtold	186	unknown
0064efed	__fltout2	108	__cdecl
0064f059	FUN_0064f059	9	unknown
0064f062	__abstract_cw	146	unknown
0064f0f4	__hw_cw	142	unknown
0064f182	__control87	50	__cdecl
0064f1b4	__controlfp	22	__cdecl
0064f1ca	___crtMessageBoxA	249	__cdecl
0064f2c3	__isatty	42	__cdecl
0064f2ed	___wctomb_mt	96	unknown
0064f34d	_wctomb	39	__cdecl
0064f374	__set_osfhnd	124	__cdecl
0064f3f0	__free_osfhnd	127	__cdecl
0064f46f	__get_osfhandle	65	__cdecl
0064f4b0	__lock_fhandle	148	__cdecl
0064f547	FUN_0064f547	9	unknown
0064f550	__unlock_fhandle	34	__cdecl
0064f572	__alloc_osfhnd	356	__cdecl
0064f64b	FUN_0064f64b	9	unknown
0064f6e5	FUN_0064f6e5	9	unknown
0064f6ee	__lseeki64_lk	131	unknown
0064f771	__lseeki64	179	__cdecl
0064f809	FUN_0064f809	8	unknown
0064f82f	__tsopen_lk	743	unknown
0064fb16	__sopen	69	__cdecl
0064fb5b	FUN_0064fb5b	16	unknown
0064fb6b	__dospawn	474	__cdecl
0064fd45	__cenvarg	507	__cdecl
0064ff40	__access	70	__cdecl
0064ff86	__mbschr	123	__cdecl
00650001	__mbsrchr	107	__cdecl
0065006c	___crtLCMapStringW	554	__cdecl
006502c5	___iswctype_mt	87	unknown
0065031c	__frnd	17	unknown
0065032d	__87except	248	unknown
00650425	___mbtowc_mt	192	unknown
006504e5	_mbtowc	43	__cdecl
0065129b	___crtGetLocaleInfoW	281	unknown
006513cb	___crtGetLocaleInfoA	297	__cdecl
0065150b	__strnicmp	127	__cdecl
0065158a	xtoa	62	__cdecl
006515c8	__itoa	42	__cdecl
006515f2	___strgtold12	1028	__cdecl
00651a26	___addl	33	unknown
00651a47	___add_12	94	unknown
00651aa5	___shl_12	46	unknown
00651ad3	___shr_12	45	unknown
00651b00	___mtold12	222	unknown
00651bde	$I10_OUTPUT	654	__cdecl
00651e6c	__chsize_lk	321	unknown
00651fb0	_strrchr	45	__cdecl
00651fdd	___crtGetStringTypeW	493	unknown
00652210	___ascii_strnicmp	97	__cdecl
00652271	___ld12mul	562	unknown
006524a3	___multtenpow12	134	unknown
00652529	__setmode_lk	108	unknown
00652596	WSOCK32.DLL::gethostbyname	6	__stdcall
0065259c	WSOCK32.DLL::inet_addr	6	__stdcall
006525a2	WSOCK32.DLL::htons	6	__stdcall
006525a8	WSOCK32.DLL::select	6	__stdcall
006525ae	WSOCK32.DLL::closesocket	6	__stdcall
006525b4	WSOCK32.DLL::socket	6	__stdcall
006525ba	WSOCK32.DLL::sendto	6	__stdcall
006525c0	WSOCK32.DLL::getsockname	6	__stdcall
006525c6	WSOCK32.DLL::bind	6	__stdcall
006525cc	WSOCK32.DLL::recvfrom	6	__stdcall
006525d2	WSOCK32.DLL::WSAStartup	6	__stdcall
006525d8	WSOCK32.DLL::WSACleanup	6	__stdcall
006525de	WSOCK32.DLL::ioctlsocket	6	__stdcall
006525e4	WSOCK32.DLL::gethostname	6	__stdcall
006525ea	WSOCK32.DLL::ntohl	6	__stdcall
006525f0	WSOCK32.DLL::htonl	6	__stdcall
006525f6	WSOCK32.DLL::ntohs	6	__stdcall
006525fc	WSOCK32.DLL::inet_ntoa	6	__stdcall
00652610	FUN_00652610	31	unknown
00652630	FUN_00652630	889	unknown
006529b0	FUN_006529b0	35	unknown
006529e0	FUN_006529e0	633	unknown
00652c60	FUN_00652c60	112	unknown
00652cd0	FUN_00652cd0	379	unknown
00652e50	FUN_00652e50	1462	unknown
00653410	KERNEL32.DLL::RtlUnwind	6	__stdcall
00653450	FUN_00653450	26	unknown
00653470	FUN_00653470	37	unknown
006534a0	FUN_006534a0	37	unknown
006534d0	FUN_006534d0	37	unknown
00653500	FUN_00653500	37	unknown
00653530	FUN_00653530	37	unknown
00653560	FUN_00653560	37	unknown
00653590	FUN_00653590	37	unknown
006535c0	BAPAMoveTo__v0_slot12	5	unknown
006535d0	FUN_006535d0	54	unknown
00653610	FUN_00653610	54	unknown
00653650	FUN_00653650	54	unknown
00653690	FUN_00653690	54	unknown
006536d0	FUN_006536d0	54	unknown
00653710	FUN_00653710	54	unknown
00653750	FUN_00653750	55	unknown
00653790	FUN_00653790	5	unknown
006537a0	FUN_006537a0	5	unknown
006537b0	FUN_006537b0	82	unknown
00653810	FUN_00653810	82	unknown
00653870	FUN_00653870	82	unknown
006538d0	FUN_006538d0	37	unknown
00653900	FUN_00653900	54	unknown
00653940	FUN_00653940	6	unknown
00653950	FUN_00653950	82	unknown
006539b0	FUN_006539b0	6	unknown
006539c0	FUN_006539c0	82	unknown
00653a20	FUN_00653a20	6	unknown
00653a30	FUN_00653a30	82	unknown
00653a90	FUN_00653a90	6	unknown
00653aa0	FUN_00653aa0	82	unknown
00653b00	FUN_00653b00	82	unknown
00653b60	FUN_00653b60	6	unknown
00653b70	FUN_00653b70	82	unknown
00653bd0	FUN_00653bd0	82	unknown
00653c30	FUN_00653c30	25	unknown
00653c50	FUN_00653c50	51	unknown
00653c90	FUN_00653c90	37	unknown
00653cc0	FUN_00653cc0	90	unknown
00653d20	FUN_00653d20	70	unknown
00653d70	FUN_00653d70	64	unknown
00653db0	FUN_00653db0	12	unknown
00653dc0	FUN_00653dc0	38	unknown
00653df0	FUN_00653df0	32	unknown
00653e10	FUN_00653e10	32	unknown
00653e30	FUN_00653e30	6	unknown
00653e40	FUN_00653e40	6	unknown
00653e50	FUN_00653e50	6	unknown
00653e60	FUN_00653e60	35	unknown
00653e90	FUN_00653e90	6	unknown
00653ea0	FUN_00653ea0	35	unknown
00653ed0	FUN_00653ed0	6	unknown
00653ee0	FUN_00653ee0	35	unknown
00653f10	FUN_00653f10	6	unknown
00653f20	FUN_00653f20	35	unknown
00653f50	FUN_00653f50	6	unknown
00653f60	FUN_00653f60	35	unknown
00653f90	FUN_00653f90	6	unknown
00653fa0	FUN_00653fa0	35	unknown
00653fd0	FUN_00653fd0	6	unknown
00653fe0	FUN_00653fe0	35	unknown
00654010	FUN_00654010	53	unknown
00654050	FUN_00654050	33	unknown
00654080	FUN_00654080	103	unknown
006540f0	FUN_006540f0	76	unknown
00654140	FUN_00654140	33	unknown
00654170	FUN_00654170	103	unknown
006541e0	FUN_006541e0	76	unknown
00654230	FUN_00654230	23	unknown
00654280	FUN_00654280	33	unknown
006542b0	FUN_006542b0	103	unknown
00654320	FUN_00654320	76	unknown
00654370	FUN_00654370	33	unknown
006543a0	FUN_006543a0	103	unknown
00654410	FUN_00654410	76	unknown
00654460	FUN_00654460	28	unknown
00654480	FUN_00654480	50	unknown
006544c0	FUN_006544c0	138	unknown
0065454a	Catch@0065454a	9	unknown
00654560	FUN_00654560	43	unknown
006545a0	FUN_006545a0	56	unknown
006545e0	FUN_006545e0	35	unknown
00654610	FUN_00654610	6	unknown
00654620	FUN_00654620	6	unknown
00654630	FUN_00654630	82	unknown
00654690	FUN_00654690	35	unknown
006546c0	FUN_006546c0	6	unknown
006546d0	FUN_006546d0	6	unknown
006546e0	FUN_006546e0	82	unknown
00654740	FUN_00654740	62	unknown
00654780	FUN_00654780	60	unknown
006547c0	FUN_006547c0	32	unknown
006547e0	FUN_006547e0	82	unknown
00654840	FUN_00654840	82	unknown
006548a0	FUN_006548a0	85	unknown
00654900	FUN_00654900	85	unknown
00654960	FUN_00654960	35	unknown
00654990	FUN_00654990	6	unknown
006549a0	FUN_006549a0	6	unknown
006549b0	FUN_006549b0	82	unknown
00654a10	FUN_00654a10	35	unknown
00654a40	FUN_00654a40	37	unknown
00654a70	FUN_00654a70	35	unknown
00654aa0	FUN_00654aa0	6	unknown
00654ab0	FUN_00654ab0	6	unknown
00654ac0	FUN_00654ac0	82	unknown
00654b20	FUN_00654b20	35	unknown
00654b50	StrategyCondition__v0_slot01	6	unknown
00654b60	FUN_00654b60	32	unknown
00654b80	FUN_00654b80	80	unknown
00654bd0	FUN_00654bd0	53	unknown
00654c10	FUN_00654c10	119	unknown
00654c90	FUN_00654c90	131	unknown
00654d20	FUN_00654d20	41	unknown
00654d50	FUN_00654d50	6	unknown
00654d60	FUN_00654d60	82	unknown
00654dc0	FUN_00654dc0	35	unknown
00654df0	FUN_00654df0	6	unknown
00654e00	FUN_00654e00	82	unknown
00654e60	FUN_00654e60	35	unknown
00654e90	FUN_00654e90	19	unknown
00654f00	FUN_00654f00	27	unknown
00654f20	FireArmsNetworkable__v0_slot10	6	unknown
00654f30	FUN_00654f30	6	unknown
00654f40	FUN_00654f40	59	unknown
00654f80	FUN_00654f80	41	unknown
00654fb0	FUN_00654fb0	6	unknown
00654fc0	FUN_00654fc0	41	unknown
00654ff0	FUN_00654ff0	41	unknown
00655020	FUN_00655020	74	unknown
00655070	FUN_00655070	111	unknown
006550f0	FUN_006550f0	355	unknown
00655260	FUN_00655260	19	unknown
00655280	FUN_00655280	47	unknown
006552b0	FUN_006552b0	181	unknown
00655370	FUN_00655370	19	unknown
00655390	FUN_00655390	94	unknown
006553f0	FUN_006553f0	188	unknown
006554b0	FUN_006554b0	55	unknown
006554f0	FUN_006554f0	55	unknown
00655530	FUN_00655530	86	unknown
00655590	FUN_00655590	132	unknown
00655620	FUN_00655620	81	unknown
00655680	FUN_00655680	143	unknown
00655720	FUN_00655720	117	unknown
006557a0	FUN_006557a0	107	unknown
00655820	FUN_00655820	109	unknown
00655890	FUN_00655890	55	unknown
006558d0	FUN_006558d0	55	unknown
00655910	FUN_00655910	67	unknown
00655960	FUN_00655960	64	unknown
006559a0	FUN_006559a0	64	unknown
006559e0	FUN_006559e0	64	unknown
00655a20	FUN_00655a20	148	unknown
00655ac0	FUN_00655ac0	169	unknown
00655b70	FUN_00655b70	168	unknown
00655c20	FUN_00655c20	77	unknown
00655c70	FUN_00655c70	148	unknown
00655d10	FUN_00655d10	163	unknown
00655dc0	FUN_00655dc0	95	unknown
00655e20	FUN_00655e20	148	unknown
00655ec0	FUN_00655ec0	169	unknown
00655f70	FUN_00655f70	198	unknown
00656040	FUN_00656040	115	unknown
006560c0	ORPHAN_CANDIDATE_006560c0	285	unknown
006561f0	FUN_006561f0	483	unknown
00656400	PointPhysicsNode__v0_slot15	4	unknown
00656410	FUN_00656410	55	unknown
00656450	FUN_00656450	142	unknown
006564e0	FUN_006564e0	142	unknown
00656570	FUN_00656570	19	unknown
00656590	FUN_00656590	65	unknown
006565e0	FUN_006565e0	76	unknown
00656630	FUN_00656630	21	unknown
00656650	FUN_00656650	28	unknown
00656670	FUN_00656670	32	unknown
00656690	FUN_00656690	227	unknown
00656780	FUN_00656780	186	unknown
00656840	FUN_00656840	32	unknown
00656860	FUN_00656860	234	unknown
00656950	FUN_00656950	190	unknown
00656a10	FUN_00656a10	67	unknown
00656a60	FUN_00656a60	32	unknown
00656a80	FUN_00656a80	234	unknown
00656b70	FUN_00656b70	186	unknown
00656c30	FUN_00656c30	31	unknown
00656c50	FUN_00656c50	218	unknown
00656d30	FUN_00656d30	187	unknown
00656df0	FUN_00656df0	66	unknown
00656e40	FUN_00656e40	29	unknown
00656e60	FUN_00656e60	218	unknown
00656f40	FUN_00656f40	183	unknown
00657000	FUN_00657000	239	unknown
006570f0	FUN_006570f0	188	unknown
006571b0	FUN_006571b0	75	unknown
00657200	FUN_00657200	31	unknown
00657220	FUN_00657220	239	unknown
00657310	FUN_00657310	182	unknown
006573d0	FUN_006573d0	56	unknown
00657410	FUN_00657410	80	unknown
00657470	FUN_00657470	535	unknown
00657690	FUN_00657690	212	unknown
00657770	FUN_00657770	90	unknown
006577d0	FUN_006577d0	76	unknown
00657820	FUN_00657820	40	unknown
00657850	FUN_00657850	535	unknown
00657a70	FUN_00657a70	212	unknown
00657b50	FUN_00657b50	76	unknown
00657ba0	FUN_00657ba0	151	unknown
00657c40	FUN_00657c40	72	unknown
00657c90	FUN_00657c90	151	unknown
00657d30	FUN_00657d30	82	unknown
00657d90	FUN_00657d90	530	unknown
00657ef0	Catch@00657ef0	9	unknown
00657fc0	FUN_00657fc0	183	unknown
00658080	FUN_00658080	97	unknown
006580f0	FUN_006580f0	97	unknown
00658160	FUN_00658160	97	unknown
006581d0	FUN_006581d0	97	unknown
00658240	FUN_00658240	174	unknown
006582f0	FUN_006582f0	143	unknown
00658390	FUN_00658390	168	unknown
00658440	FUN_00658440	204	unknown
00658510	FUN_00658510	38	unknown
00658540	FUN_00658540	204	unknown
00658610	FUN_00658610	185	unknown
006586d0	FUN_006586d0	8	unknown
006586e0	FUN_006586e0	45	unknown
00658710	FUN_00658710	204	unknown
006587e0	FUN_006587e0	204	unknown
006588b0	FUN_006588b0	204	unknown
00658980	FUN_00658980	170	unknown
00658a30	FUN_00658a30	170	unknown
00658ae0	FUN_00658ae0	204	unknown
00658bb0	FUN_00658bb0	204	unknown
00658c80	FUN_00658c80	204	unknown
00658d50	FUN_00658d50	91	unknown
00658db0	FUN_00658db0	38	unknown
00658de0	FUN_00658de0	204	unknown
00658eb0	FUN_00658eb0	91	unknown
00658f10	FUN_00658f10	38	unknown
00658f40	FUN_00658f40	168	unknown
00658ff0	FUN_00658ff0	185	unknown
006590b0	FUN_006590b0	8	unknown
006590c0	FUN_006590c0	45	unknown
006590f0	FUN_006590f0	148	unknown
00659190	FUN_00659190	152	unknown
00659230	FUN_00659230	46	unknown
00659260	FUN_00659260	127	unknown
006592e0	FUN_006592e0	185	unknown
006593a0	FUN_006593a0	127	unknown
00659420	FUN_00659420	164	unknown
006594d0	FUN_006594d0	76	unknown
00659520	FUN_00659520	178	unknown
006595e0	FUN_006595e0	129	unknown
00659670	FUN_00659670	832	unknown
006599b0	FUN_006599b0	178	unknown
00659a70	FUN_00659a70	129	unknown
00659b00	FUN_00659b00	832	unknown
00659e40	FUN_00659e40	178	unknown
00659f00	FUN_00659f00	129	unknown
00659f90	FUN_00659f90	832	unknown
0065a2d0	FUN_0065a2d0	178	unknown
0065a390	FUN_0065a390	129	unknown
0065a420	FUN_0065a420	832	unknown
0065a760	FUN_0065a760	178	unknown
0065a820	FUN_0065a820	11	unknown
0065a830	FUN_0065a830	48	unknown
0065a860	FUN_0065a860	35	unknown
0065a890	FUN_0065a890	6	unknown
0065a8a0	FUN_0065a8a0	6	unknown
0065a8b0	FUN_0065a8b0	82	unknown
0065a910	FUN_0065a910	105	unknown
0065a980	FUN_0065a980	72	unknown
0065a9d0	FUN_0065a9d0	758	unknown
0065acd0	FUN_0065acd0	33	unknown
0065ad00	FUN_0065ad00	88	unknown
0065ad60	FUN_0065ad60	466	unknown
0065af40	FUN_0065af40	64	unknown
0065af80	FUN_0065af80	6	unknown
0065af90	FUN_0065af90	18	unknown
0065afb0	FUN_0065afb0	61	unknown
0065aff0	FUN_0065aff0	67	unknown
0065b040	FUN_0065b040	53	unknown
0065b080	FUN_0065b080	30	unknown
0065b0a0	FUN_0065b0a0	73	unknown
0065b0f0	FUN_0065b0f0	41	unknown
0065b120	FUN_0065b120	391	unknown
0065b2b0	FUN_0065b2b0	250	unknown
0065b3b0	FUN_0065b3b0	240	unknown
0065b4a0	FUN_0065b4a0	184	unknown
0065b560	FUN_0065b560	361	unknown
0065b6d0	FUN_0065b6d0	339	unknown
0065b830	FUN_0065b830	339	unknown
0065b990	FUN_0065b990	88	unknown
0065b9f0	FUN_0065b9f0	545	unknown
0065bc20	FUN_0065bc20	64	unknown
0065bc60	FUN_0065bc60	6	unknown
0065bc70	FUN_0065bc70	154	unknown
0065bd10	FUN_0065bd10	30	unknown
0065bd30	FUN_0065bd30	73	unknown
0065bd80	FUN_0065bd80	41	unknown
0065bdb0	FUN_0065bdb0	391	unknown
0065bf40	FUN_0065bf40	134	unknown
0065bfd0	FUN_0065bfd0	121	unknown
0065c050	FUN_0065c050	69	unknown
0065c0a0	FUN_0065c0a0	250	unknown
0065c1a0	FUN_0065c1a0	88	unknown
0065c200	FUN_0065c200	545	unknown
0065c430	FUN_0065c430	64	unknown
0065c470	FUN_0065c470	6	unknown
0065c480	FUN_0065c480	30	unknown
0065c4a0	FUN_0065c4a0	73	unknown
0065c4f0	FUN_0065c4f0	41	unknown
0065c520	FUN_0065c520	391	unknown
0065c6b0	FUN_0065c6b0	134	unknown
0065c740	FUN_0065c740	121	unknown
0065c7c0	FUN_0065c7c0	69	unknown
0065c810	FUN_0065c810	250	unknown
0065c910	FUN_0065c910	88	unknown
0065c970	FUN_0065c970	545	unknown
0065cba0	FUN_0065cba0	64	unknown
0065cbe0	FUN_0065cbe0	6	unknown
0065cbf0	FUN_0065cbf0	90	unknown
0065cc50	FUN_0065cc50	103	unknown
0065ccc0	FUN_0065ccc0	30	unknown
0065cce0	FUN_0065cce0	73	unknown
0065cd30	FUN_0065cd30	41	unknown
0065cd60	FUN_0065cd60	391	unknown
0065cef0	FUN_0065cef0	134	unknown
0065cf80	FUN_0065cf80	121	unknown
0065d000	FUN_0065d000	69	unknown
0065d050	FUN_0065d050	250	unknown
0065d150	FUN_0065d150	88	unknown
0065d1b0	FUN_0065d1b0	545	unknown
0065d3e0	FUN_0065d3e0	64	unknown
0065d420	FUN_0065d420	6	unknown
0065d430	FUN_0065d430	30	unknown
0065d450	FUN_0065d450	73	unknown
0065d4a0	FUN_0065d4a0	41	unknown
0065d4d0	FUN_0065d4d0	391	unknown
0065d660	FUN_0065d660	134	unknown
0065d6f0	FUN_0065d6f0	121	unknown
0065d770	FUN_0065d770	69	unknown
0065d7c0	FUN_0065d7c0	250	unknown
0065d8c0	FUN_0065d8c0	88	unknown
0065d920	FUN_0065d920	545	unknown
0065db50	FUN_0065db50	64	unknown
0065db90	FUN_0065db90	6	unknown
0065dba0	FUN_0065dba0	18	unknown
0065dbc0	FUN_0065dbc0	30	unknown
0065dbe0	FUN_0065dbe0	73	unknown
0065dc30	FUN_0065dc30	41	unknown
0065dc60	FUN_0065dc60	391	unknown
0065ddf0	FUN_0065ddf0	134	unknown
0065de80	FUN_0065de80	88	unknown
0065dee0	FUN_0065dee0	121	unknown
0065df60	FUN_0065df60	69	unknown
0065dfb0	FUN_0065dfb0	250	unknown
0065e0b0	FUN_0065e0b0	131	unknown
0065e140	FUN_0065e140	64	unknown
0065e180	FUN_0065e180	185	unknown
0065e240	FUN_0065e240	123	unknown
0065e2d0	FUN_0065e2d0	185	unknown
0065e390	FUN_0065e390	185	unknown
0065e450	FUN_0065e450	8	unknown
0065e460	FUN_0065e460	123	unknown
0065e4f0	FUN_0065e4f0	185	unknown
0065e5b0	FUN_0065e5b0	123	unknown
0065e640	FUN_0065e640	151	unknown
0065e6e0	FUN_0065e6e0	8	unknown
0065e6f0	FUN_0065e6f0	45	unknown
0065e720	FUN_0065e720	151	unknown
0065e7c0	FUN_0065e7c0	8	unknown
0065e7d0	FUN_0065e7d0	45	unknown
0065e800	FUN_0065e800	131	unknown
0065e890	FUN_0065e890	185	unknown
0065e950	FUN_0065e950	8	unknown
0065e960	FUN_0065e960	45	unknown
0065e990	FUN_0065e990	185	unknown
0065ea50	FUN_0065ea50	8	unknown
0065ea60	FUN_0065ea60	45	unknown
0065ea90	FUN_0065ea90	185	unknown
0065eb50	FUN_0065eb50	123	unknown
0065ebe0	FUN_0065ebe0	185	unknown
0065eca0	FUN_0065eca0	123	unknown
0065ed30	FUN_0065ed30	204	unknown
0065ee00	FUN_0065ee00	297	unknown
0065ef30	FUN_0065ef30	152	unknown
0065efd0	FUN_0065efd0	112	unknown
0065f040	FUN_0065f040	88	unknown
0065f0a0	FUN_0065f0a0	454	unknown
0065f270	FUN_0065f270	112	unknown
0065f2e0	FUN_0065f2e0	88	unknown
0065f340	FUN_0065f340	454	unknown
0065f510	FUN_0065f510	112	unknown
0065f580	FUN_0065f580	88	unknown
0065f5e0	FUN_0065f5e0	454	unknown
0065f7b0	FUN_0065f7b0	185	unknown
0065f870	FUN_0065f870	8	unknown
0065f880	FUN_0065f880	45	unknown
0065f8b0	FUN_0065f8b0	37	unknown
0065f8e0	FUN_0065f8e0	90	unknown
0065f940	FUN_0065f940	132	unknown
0065f9d0	FUN_0065f9d0	204	unknown
0065faa0	FUN_0065faa0	142	unknown
0065fb30	FUN_0065fb30	94	unknown
0065fb90	FUN_0065fb90	142	unknown
0065fc20	ORPHAN_CANDIDATE_0065fc20	127	unknown
0065fca0	ORPHAN_CANDIDATE_0065fca0	298	unknown
0065fdd0	FUN_0065fdd0	112	unknown
0065fe40	FUN_0065fe40	88	unknown
0065fea0	FUN_0065fea0	454	unknown
00660070	FUN_00660070	178	unknown
00660130	FUN_00660130	11	unknown
00660140	FUN_00660140	117	unknown
006601c0	FUN_006601c0	72	unknown
00660210	FUN_00660210	770	unknown
00660520	FUN_00660520	112	unknown
00660590	FUN_00660590	88	unknown
006605f0	FUN_006605f0	454	unknown
006607c0	FUN_006607c0	185	unknown
00660880	FUN_00660880	8	unknown
00660890	FUN_00660890	45	unknown
006608c0	FUN_006608c0	142	unknown
00660960	FUN_00660960	152	unknown
00660a00	FUN_00660a00	91	unknown
00660a60	FUN_00660a60	142	unknown
00660af0	FUN_00660af0	152	unknown
00660b90	FUN_00660b90	178	unknown
00660c50	FUN_00660c50	11	unknown
00660c60	FUN_00660c60	131	unknown
00660cf0	FUN_00660cf0	64	unknown
00660d30	FUN_00660d30	790	unknown
00661050	FUN_00661050	121	unknown
006610d0	FUN_006610d0	8	unknown
006610e0	FUN_006610e0	45	unknown
00661110	FUN_00661110	190	unknown
006611e0	FUN_006611e0	142	unknown
00661270	FUN_00661270	110	unknown
006612e0	FUN_006612e0	8	unknown
006612f0	FUN_006612f0	48	unknown
00661320	FUN_00661320	72	unknown
00661370	FUN_00661370	67	unknown
006613c0	FUN_006613c0	525	unknown
006615d0	FUN_006615d0	8	unknown
006615e0	FUN_006615e0	191	unknown
006616a0	FUN_006616a0	2027	unknown
00661e90	FUN_00661e90	1829	unknown
006625c0	FUN_006625c0	77	unknown
00662610	FUN_00662610	71	unknown
00662660	FUN_00662660	530	unknown
006627c0	Catch@006627c0	9	unknown
00662890	FUN_00662890	75	unknown
006628e0	FUN_006628e0	28	unknown
00662900	FUN_00662900	51	unknown
00662940	FUN_00662940	16	unknown
00662950	FUN_00662950	47	unknown
00662990	FUN_00662990	1246	unknown
00662eb0	FUN_00662eb0	291	unknown
00662fe0	FUN_00662fe0	285	unknown
00663110	FUN_00663110	247	unknown
00663210	FUN_00663210	234	unknown
00663300	FUN_00663300	376	unknown
00663490	FUN_00663490	23	unknown
006634b0	FUN_006634b0	57	unknown
006634f0	FUN_006634f0	8	unknown
00663500	FUN_00663500	366	unknown
00663670	FUN_00663670	83	unknown
006636f0	FUN_006636f0	83	unknown
00663770	FUN_00663770	97	unknown
00663800	FUN_00663800	102	unknown
00663870	FUN_00663870	23	unknown
00663890	FUN_00663890	170	unknown
00663940	FUN_00663940	79	unknown
00663990	FUN_00663990	182	unknown
00663a50	FUN_00663a50	231	unknown
00663b60	FUN_00663b60	689	unknown
00663f10	FUN_00663f10	35	unknown
00663f40	FUN_00663f40	18	unknown
00663f80	FUN_00663f80	33	unknown
00663fb0	FUN_00663fb0	33	unknown
00664080	FUN_00664080	278	unknown
006641a0	FUN_006641a0	193	unknown
00664270	FUN_00664270	205	unknown
00664350	FUN_00664350	106	unknown
006643c0	FUN_006643c0	191	unknown
00664490	FUN_00664490	104	unknown
006644f8	Catch@006644f8	46	unknown
00664530	FUN_00664530	244	unknown
00664630	FUN_00664630	249	unknown
00664730	FUN_00664730	7451	unknown
00666580	FUN_00666580	279	unknown
006666a0	FUN_006666a0	170	unknown
00666750	FUN_00666750	173	unknown
00666800	FUN_00666800	143	unknown
00666890	FUN_00666890	257	unknown
006669a0	FUN_006669a0	79	unknown
006669f0	FUN_006669f0	96	unknown
00666a50	FUN_00666a50	257	unknown
00666b60	FUN_00666b60	79	unknown
00666bb0	FUN_00666bb0	96	unknown
00666c10	FUN_00666c10	278	unknown
00666d30	FUN_00666d30	163	unknown
00666de0	FUN_00666de0	314	unknown
00666f40	FUN_00666f40	278	unknown
00667060	FUN_00667060	163	unknown
00667110	FUN_00667110	314	unknown
00667270	FUN_00667270	364	unknown
006673f0	FUN_006673f0	210	unknown
006674d0	FUN_006674d0	143	unknown
00667570	FUN_00667570	365	unknown
006676f0	FUN_006676f0	274	unknown
00667810	FUN_00667810	234	unknown
00667910	FUN_00667910	365	unknown
00667a90	FUN_00667a90	274	unknown
00667bb0	FUN_00667bb0	234	unknown
00667cb0	FUN_00667cb0	365	unknown
00667e30	FUN_00667e30	274	unknown
00667f50	FUN_00667f50	253	unknown
00668060	FUN_00668060	278	unknown
00668180	FUN_00668180	163	unknown
00668230	FUN_00668230	257	unknown
00668340	FUN_00668340	70	unknown
00668390	FUN_00668390	96	unknown
006683f0	FUN_006683f0	257	unknown
00668500	FUN_00668500	70	unknown
00668550	FUN_00668550	96	unknown
006685b0	FUN_006685b0	257	unknown
006686c0	FUN_006686c0	70	unknown
00668710	FUN_00668710	96	unknown
00668770	FUN_00668770	257	unknown
00668880	FUN_00668880	14	unknown
00668890	FUN_00668890	79	unknown
006688e0	FUN_006688e0	96	unknown
00668940	FUN_00668940	351	unknown
00668ab0	FUN_00668ab0	39	unknown
00668ae0	FUN_00668ae0	143	unknown
00668b70	FUN_00668b70	363	unknown
00668cf0	FUN_00668cf0	76	unknown
00668d40	FUN_00668d40	159	unknown
00668de0	FUN_00668de0	134	unknown
00668e70	FUN_00668e70	363	unknown
00668ff0	FUN_00668ff0	78	unknown
00669040	FUN_00669040	159	unknown
006690e0	FUN_006690e0	363	unknown
00669260	FUN_00669260	78	unknown
006692b0	FUN_006692b0	159	unknown
00669350	FUN_00669350	256	unknown
00669460	FUN_00669460	65	unknown
006694b0	FUN_006694b0	115	unknown
00669530	FUN_00669530	256	unknown
00669640	FUN_00669640	63	unknown
00669680	FUN_00669680	115	unknown
00669700	FUN_00669700	256	unknown
00669810	FUN_00669810	63	unknown
00669850	FUN_00669850	115	unknown
006698d0	FUN_006698d0	445	unknown
00669aa0	FUN_00669aa0	391	unknown
00669c30	FUN_00669c30	679	unknown
00669f20	FUN_00669f20	83	unknown
00669f80	FUN_00669f80	462	unknown
0066a160	FUN_0066a160	258	unknown
0066a270	FUN_0066a270	143	unknown
0066a310	FUN_0066a310	462	unknown
0066a4f0	FUN_0066a4f0	258	unknown
0066a600	FUN_0066a600	154	unknown
0066a6a0	FUN_0066a6a0	462	unknown
0066a880	FUN_0066a880	299	unknown
0066a9b0	FUN_0066a9b0	168	unknown
0066aa60	FUN_0066aa60	462	unknown
0066ac40	FUN_0066ac40	299	unknown
0066ad70	FUN_0066ad70	217	unknown
0066ae50	FUN_0066ae50	193	unknown
0066af20	FUN_0066af20	462	unknown
0066b100	FUN_0066b100	299	unknown
0066b230	FUN_0066b230	251	unknown
0066b330	FUN_0066b330	134	unknown
0066b3c0	FUN_0066b3c0	470	unknown
0066b5b0	FUN_0066b5b0	103	unknown
0066b620	FUN_0066b620	192	unknown
0066b6e0	FUN_0066b6e0	470	unknown
0066b8d0	FUN_0066b8d0	103	unknown
0066b940	FUN_0066b940	192	unknown
0066ba00	FUN_0066ba00	257	unknown
0066bb10	FUN_0066bb10	163	unknown
0066bbc0	FUN_0066bbc0	115	unknown
0066bc40	FUN_0066bc40	257	unknown
0066bd50	FUN_0066bd50	14	unknown
0066bd60	FUN_0066bd60	163	unknown
0066be10	FUN_0066be10	115	unknown
0066be90	FUN_0066be90	257	unknown
0066bfa0	FUN_0066bfa0	18	unknown
0066bfc0	FUN_0066bfc0	48	unknown
0066bff0	FUN_0066bff0	96	unknown
0066c050	FUN_0066c050	257	unknown
0066c160	FUN_0066c160	48	unknown
0066c190	FUN_0066c190	96	unknown
0066c1f0	FUN_0066c1f0	681	unknown
0066c4c0	FUN_0066c4c0	167	unknown
0066c570	FUN_0066c570	296	unknown
0066c6a0	FUN_0066c6a0	689	unknown
0066c970	FUN_0066c970	148	unknown
0066ca10	FUN_0066ca10	296	unknown
0066cb40	FUN_0066cb40	794	unknown
0066ce80	FUN_0066ce80	162	unknown
0066cf30	FUN_0066cf30	348	unknown
0066d090	FUN_0066d090	794	unknown
0066d3d0	FUN_0066d3d0	162	unknown
0066d480	FUN_0066d480	348	unknown
0066d5e0	FUN_0066d5e0	687	unknown
0066d8b0	FUN_0066d8b0	148	unknown
0066d950	FUN_0066d950	296	unknown
0066da80	FUN_0066da80	687	unknown
0066dd50	FUN_0066dd50	167	unknown
0066de00	FUN_0066de00	296	unknown
0066df30	FUN_0066df30	686	unknown
0066e200	FUN_0066e200	167	unknown
0066e2b0	FUN_0066e2b0	296	unknown
0066e3e0	FUN_0066e3e0	683	unknown
0066e6b0	FUN_0066e6b0	156	unknown
0066e750	FUN_0066e750	296	unknown
0066e880	FUN_0066e880	257	unknown
0066e990	FUN_0066e990	163	unknown
0066ea40	FUN_0066ea40	135	unknown
0066ead0	FUN_0066ead0	257	unknown
0066ebe0	FUN_0066ebe0	163	unknown
0066ec90	FUN_0066ec90	135	unknown
0066ed20	FUN_0066ed20	344	unknown
0066ee90	FUN_0066ee90	274	unknown
0066efb0	FUN_0066efb0	211	unknown
0066f090	FUN_0066f090	344	unknown
0066f200	FUN_0066f200	274	unknown
0066f320	FUN_0066f320	213	unknown
0066f400	FUN_0066f400	344	unknown
0066f570	FUN_0066f570	274	unknown
0066f690	FUN_0066f690	255	unknown
0066f7a0	FUN_0066f7a0	257	unknown
0066f8b0	FUN_0066f8b0	163	unknown
0066f960	FUN_0066f960	135	unknown
0066f9f0	FUN_0066f9f0	344	unknown
0066fb60	FUN_0066fb60	274	unknown
0066fc80	FUN_0066fc80	211	unknown
0066fd60	FUN_0066fd60	344	unknown
0066fed0	FUN_0066fed0	14	unknown
0066fee0	FUN_0066fee0	274	unknown
00670000	FUN_00670000	211	unknown
006700e0	FUN_006700e0	257	unknown
006701f0	FUN_006701f0	77	unknown
00670240	FUN_00670240	96	unknown
006702a0	FUN_006702a0	257	unknown
006703b0	FUN_006703b0	14	unknown
006703c0	FUN_006703c0	79	unknown
00670410	FUN_00670410	96	unknown
00670470	FUN_00670470	257	unknown
00670580	FUN_00670580	70	unknown
006705d0	FUN_006705d0	96	unknown
00670630	FUN_00670630	127	unknown
006706b0	FUN_006706b0	14	unknown
006706c0	FUN_006706c0	28	unknown
006706e0	FUN_006706e0	257	unknown
006707f0	FUN_006707f0	54	unknown
00670830	FUN_00670830	96	unknown
00670890	FUN_00670890	302	unknown
00670a00	FUN_00670a00	167	unknown
00670ab0	FUN_00670ab0	1130	unknown
00670f50	FUN_00670f50	680	unknown
00671220	FUN_00671220	28	unknown
00671240	FUN_00671240	29	unknown
00671260	FUN_00671260	87	unknown
006712c0	FUN_006712c0	93	unknown
00671320	FUN_00671320	44	unknown
00671350	FUN_00671350	84	unknown
006713b0	FUN_006713b0	67	unknown
00671400	FUN_00671400	216	unknown
006714e0	FUN_006714e0	36	unknown
00671510	FUN_00671510	111	unknown
0067157f	Catch@0067157f	9	unknown
006715a0	FUN_006715a0	99	unknown
00671610	FUN_00671610	105	unknown
00671679	Catch@00671679	9	unknown
00671690	FUN_00671690	138	unknown
0067171a	Catch@0067171a	9	unknown
00671730	FUN_00671730	243	unknown
00671823	Catch@00671823	40	unknown
00671851	FUN_00671851	84	unknown
006718b0	FUN_006718b0	114	unknown
00671930	FUN_00671930	117	unknown
006719c0	FUN_006719c0	2322	unknown
00672340	FUN_00672340	104	unknown
006723b0	FUN_006723b0	82	unknown
00672410	FUN_00672410	138	unknown
006724b0	FUN_006724b0	105	unknown
00672520	FUN_00672520	114	unknown
006725a0	FUN_006725a0	96	unknown
00672600	FUN_00672600	96	unknown
00672660	FUN_00672660	1213	unknown
00672b30	FUN_00672b30	1213	unknown
00673000	FUN_00673000	697	unknown
006732c0	FUN_006732c0	96	unknown
00673320	FUN_00673320	715	unknown
00673600	FUN_00673600	2408	unknown
00674090	FUN_00674090	48	unknown
006740c0	FUN_006740c0	102	unknown
00674130	FUN_00674130	105	unknown
006741a0	FUN_006741a0	79	unknown
00674200	FUN_00674200	327	unknown
00674350	FUN_00674350	117	unknown
006743c5	Catch@006743c5	9	unknown
006743e0	FUN_006743e0	20	unknown
00674400	FUN_00674400	116	unknown
00674480	FUN_00674480	50	unknown
006744c0	FUN_006744c0	108	unknown
00674540	FUN_00674540	428	unknown
006746f0	FUN_006746f0	118	unknown
00674770	FUN_00674770	323	unknown
006748c0	FUN_006748c0	4425	unknown
00675c20	FUN_00675c20	260	unknown
00675d30	FUN_00675d30	657	unknown
00675fd0	FUN_00675fd0	244	unknown
006760d0	FUN_006760d0	183	unknown
00676190	FUN_00676190	186	unknown
00676250	FUN_00676250	72	unknown
006762a0	FUN_006762a0	71	unknown
006762f0	FUN_006762f0	210	unknown
006763d0	FUN_006763d0	193	unknown
006764a0	FUN_006764a0	2300	unknown
00676e10	FUN_00676e10	337	unknown
00676f6c	FUN_00676f6c	552	unknown
00677270	FUN_00677270	65	unknown
00677440	FUN_00677440	13	unknown
00677450	FUN_00677450	7	unknown
00677460	FUN_00677460	13	unknown
00677470	FUN_00677470	7	unknown
00677480	FUN_00677480	13	unknown
00677490	FUN_00677490	7	unknown
006774a0	FUN_006774a0	7	unknown
006774b0	FUN_006774b0	13	unknown
006774c0	FUN_006774c0	7	unknown
006774d0	FUN_006774d0	23	unknown
006774f0	FUN_006774f0	337	unknown
00677650	FUN_00677650	187	unknown
00677710	FUN_00677710	237	unknown
00677800	FUN_00677800	137	unknown
00677890	FUN_00677890	445	unknown
00677a50	FUN_00677a50	27	unknown
00677a70	FUN_00677a70	12373	unknown
0067ab40	FUN_0067ab40	2767	unknown
0067b650	FUN_0067b650	111	unknown
0067b6bf	Catch@0067b6bf	9	unknown
0067b6e0	FUN_0067b6e0	105	unknown
0067b749	Catch@0067b749	9	unknown
0067b760	FUN_0067b760	138	unknown
0067b7ea	Catch@0067b7ea	9	unknown
0067b800	FUN_0067b800	115	unknown
0067b880	FUN_0067b880	49	unknown
0067b8c0	FUN_0067b8c0	44	unknown
0067b8f0	FUN_0067b8f0	21	unknown
0067b910	FUN_0067b910	91	unknown
0067b970	FUN_0067b970	51	unknown
0067b9b0	FUN_0067b9b0	117	unknown
0067ba25	Catch@0067ba25	9	unknown
0067ba40	FUN_0067ba40	75	unknown
0067baa0	FUN_0067baa0	104	unknown
0067bb08	Catch@0067bb08	46	unknown
0067bb40	FUN_0067bb40	428	unknown
0067bcf0	FUN_0067bcf0	28	unknown
0067bd10	FUN_0067bd10	228	unknown
0067be60	FUN_0067be60	245	unknown
0067bf60	FUN_0067bf60	137	unknown
0067bfe9	Catch@0067bfe9	17	unknown
0067c000	FUN_0067c000	366	unknown
0067c240	FUN_0067c240	2042	unknown
0067caa0	FUN_0067caa0	423	unknown
0067cc50	FUN_0067cc50	923	unknown
0067d030	FUN_0067d030	153	unknown
0067d0d0	FUN_0067d0d0	191	unknown
0067d280	FUN_0067d280	64	unknown
0067d2c0	FUN_0067d2c0	169	unknown
0067d370	NetworkManager__v0_slot05	15	unknown
0067d380	NetworkManager__v0_slot27	4	unknown
0067d390	NetworkManager__v0_slot07	15	unknown
0067d3a0	FUN_0067d3a0	39	unknown
0067d3d0	NetworkManager__v0_slot03	59	unknown
0067d410	PointPhysicsNode__v0_slot59	10	unknown
0067d420	FUN_0067d420	15	unknown
0067d430	FUN_0067d430	31	unknown
0067d450	FUN_0067d450	29	unknown
0067d470	FUN_0067d470	87	unknown
0067d4d0	FUN_0067d4d0	259	unknown
0067d5e0	FUN_0067d5e0	107	unknown
0067d64b	Catch@0067d64b	9	unknown
0067d660	FUN_0067d660	43	unknown
0067d6a0	FUN_0067d6a0	43	unknown
0067d6e0	FUN_0067d6e0	117	unknown
0067d755	Catch@0067d755	9	unknown
0067d770	FUN_0067d770	138	unknown
0067d7fa	Catch@0067d7fa	9	unknown
0067d810	FUN_0067d810	138	unknown
0067d89a	Catch@0067d89a	9	unknown
0067d8b0	FUN_0067d8b0	102	unknown
0067d916	Catch@0067d916	9	unknown
0067d920	FUN_0067d920	104	unknown
0067d988	Catch@0067d988	9	unknown
0067d9a0	FUN_0067d9a0	107	unknown
0067da10	FUN_0067da10	101	unknown
0067da80	FUN_0067da80	27	unknown
0067daa0	NetworkManager__v0_slot01	171	unknown
0067db50	NetworkManager__v0_slot09	45	unknown
0067db80	NetworkManager__v0_slot11	45	unknown
0067dbb0	FUN_0067dbb0	38	unknown
0067dbe0	FUN_0067dbe0	29	unknown
0067dc00	FUN_0067dc00	428	unknown
0067ddb0	FUN_0067ddb0	59	unknown
0067ddf0	FUN_0067ddf0	91	unknown
0067de50	NetworkManager__v0_slot02	77	unknown
0067dea0	NetworkManager__v0_slot10	178	unknown
0067df60	FUN_0067df60	189	unknown
0067e020	FUN_0067e020	185	unknown
0067e0e0	FUN_0067e0e0	75	unknown
0067e130	FUN_0067e130	183	unknown
0067e1f0	FUN_0067e1f0	183	unknown
0067e2b0	FUN_0067e2b0	77	unknown
0067e300	FUN_0067e300	530	unknown
0067e460	Catch@0067e460	9	unknown
0067e530	FUN_0067e530	534	unknown
0067e696	Catch@0067e696	9	unknown
0067e760	FUN_0067e760	185	unknown
0067e819	Catch@0067e819	17	unknown
0067e830	NetworkManager__v0_slot04	67	unknown
0067e880	NetworkManager__v0_slot29	419	unknown
0067ea30	FUN_0067ea30	90	unknown
0067ea90	FUN_0067ea90	90	unknown
0067eaf0	FUN_0067eaf0	131	unknown
0067eb80	FUN_0067eb80	105	unknown
0067ebf0	FUN_0067ebf0	51	unknown
0067ec30	FUN_0067ec30	110	unknown
0067ec9e	Catch@0067ec9e	39	unknown
0067ecd0	FUN_0067ecd0	112	unknown
0067ed40	Catch@0067ed40	40	unknown
0067ed70	FUN_0067ed70	77	unknown
0067edc0	FUN_0067edc0	98	unknown
0067ee30	FUN_0067ee30	37	unknown
0067ee60	FUN_0067ee60	107	unknown
0067eecb	Catch@0067eecb	37	unknown
0067ef00	FUN_0067ef00	21	unknown
0067ef20	FUN_0067ef20	110	unknown
0067ef8e	Catch@0067ef8e	39	unknown
0067efc0	FUN_0067efc0	107	unknown
0067f030	FUN_0067f030	102	unknown
0067f0a0	FUN_0067f0a0	27	unknown
0067f0c0	FUN_0067f0c0	29	unknown
0067f0e0	FUN_0067f0e0	107	unknown
0067f14b	Catch@0067f14b	37	unknown
0067f180	FUN_0067f180	58	unknown
0067f1c0	FUN_0067f1c0	42	unknown
0067f1f0	FUN_0067f1f0	559	unknown
0067f35b	Catch@0067f35b	22	unknown
0067f3e6	Catch@0067f3e6	35	unknown
0067f470	FUN_0067f470	183	unknown
0067f527	Catch@0067f527	17	unknown
0067f540	FUN_0067f540	27	unknown
0067f560	FUN_0067f560	42	unknown
0067f590	FUN_0067f590	559	unknown
0067f6fb	Catch@0067f6fb	22	unknown
0067f786	Catch@0067f786	35	unknown
0067f810	FUN_0067f810	338	unknown
0067f970	FUN_0067f970	60	unknown
0067f9b0	FUN_0067f9b0	31	unknown
0067f9d0	FUN_0067f9d0	98	unknown
0067fa40	FUN_0067fa40	46	unknown
0067fa70	NetworkManager__v0_slot06	183	unknown
0067fb30	FUN_0067fb30	78	unknown
0067fb90	FUN_0067fb90	538	unknown
0067fdc0	FUN_0067fdc0	63	unknown
0067fe10	FUN_0067fe10	112	unknown
0067fe80	Catch@0067fe80	40	unknown
0067feb0	FUN_0067feb0	110	unknown
0067ff1e	Catch@0067ff1e	39	unknown
0067ff50	NetworkManager__v0_slot08	150	unknown
0067fff0	FUN_0067fff0	107	unknown
0068005b	Catch@0068005b	37	unknown
00680090	FUN_00680090	105	unknown
00680110	FUN_00680110	29	unknown
00680130	FUN_00680130	27	unknown
00680150	FUN_00680150	41	unknown
00680180	FUN_00680180	22	unknown
006801a0	FUN_006801a0	688	unknown
00680356	Catch@00680356	22	unknown
00680404	Catch@00680404	38	unknown
006804a0	FUN_006804a0	105	unknown
00680510	FUN_00680510	58	unknown
00680550	FUN_00680550	198	unknown
00680616	Catch@00680616	17	unknown
00680630	FUN_00680630	130	unknown
006806c0	FUN_006806c0	61	unknown
00680700	FUN_00680700	117	unknown
00680775	Catch@00680775	9	unknown
00680790	FUN_00680790	428	unknown
00680940	FUN_00680940	185	unknown
00680a00	FUN_00680a00	696	unknown
00680cf0	FUN_00680cf0	88	unknown
00680d60	NetworkManager__v0_slot28	2270	unknown
00681670	FUN_00681670	183	unknown
00681730	FUN_00681730	48	unknown
00681840	NetworkManager__v0_slot13	47	unknown
00681870	NetworkManager__v0_slot14	42	unknown
006818a0	NetworkManager__v0_slot17	32	unknown
006818c0	NetworkManager__v0_slot18	52	unknown
00681900	NetworkManager__v0_slot20	47	unknown
00681930	NetworkManager__v0_slot22	80	unknown
00681980	NetworkManager__v0_slot12	359	unknown
00681af0	NetworkManager__v0_slot15	153	unknown
00681b90	NetworkManager__v0_slot19	419	unknown
00681d40	NetworkManager__v0_slot21	185	unknown
00681e00	NetworkManager__v0_slot16	81	unknown
00681e60	FUN_00681e60	313	unknown
00681fa0	NetworkManager__v0_slot00	27	unknown
00681fc0	FUN_00681fc0	9	unknown
00681fd0	FUN_00681fd0	12	unknown
00681fe0	FUN_00681fe0	7	unknown
00681ff0	FUN_00681ff0	22	unknown
00682010	FUN_00682010	23	unknown
00682030	FUN_00682030	23	unknown
00682050	FUN_00682050	83	unknown
006820b0	FUN_006820b0	54	unknown
006820f0	FUN_006820f0	66	unknown
00682140	FUN_00682140	7	unknown
00682150	FUN_00682150	7	unknown
00682160	FUN_00682160	7	unknown
00682170	FUN_00682170	97	unknown
00682370	FUN_00682370	37	unknown
006823a0	FUN_006823a0	45	unknown
006823d0	FUN_006823d0	111	unknown
0068243f	Catch@0068243f	9	unknown
00682500	FUN_00682500	37	unknown
00682590	FUN_00682590	1080	unknown
00682a50	FUN_00682a50	18	unknown
00682a70	FUN_00682a70	18	unknown
00682a90	FUN_00682a90	37	unknown
00682ac0	FUN_00682ac0	40	unknown
00682b40	FUN_00682b40	298	unknown
00682c80	NetworkModule__v0_slot06	8	unknown
00682ce0	FUN_00682ce0	159	unknown
00682d90	FUN_00682d90	6	unknown
00682da0	FUN_00682da0	25	unknown
00682dc0	FUN_00682dc0	87	unknown
00682e20	FUN_00682e20	93	unknown
00682e80	FUN_00682e80	85	unknown
00682ee0	FUN_00682ee0	138	unknown
00682f6a	Catch@00682f6a	9	unknown
00682f80	FUN_00682f80	107	unknown
00682ff0	FUN_00682ff0	173	unknown
006830b0	FUN_006830b0	103	unknown
00683120	FUN_00683120	79	unknown
00683170	FUN_00683170	120	unknown
006831f0	FUN_006831f0	167	unknown
006832a0	FUN_006832a0	7	unknown
006832b0	FUN_006832b0	53	unknown
006832f0	FUN_006832f0	713	unknown
006835f0	FUN_006835f0	108	unknown
00683670	FUN_00683670	117	unknown
006836e5	Catch@006836e5	9	unknown
00683700	FUN_00683700	658	unknown
006839a0	FUN_006839a0	24	unknown
006839c0	FUN_006839c0	428	unknown
00683b70	FUN_00683b70	87	unknown
00683bd0	FUN_00683bd0	7	unknown
00683be0	FUN_00683be0	366	unknown
00683d60	FUN_00683d60	443	unknown
00683f30	FUN_00683f30	7	unknown
00683f40	FUN_00683f40	75	unknown
00683f90	FUN_00683f90	72	unknown
00683fe0	FUN_00683fe0	29	unknown
00684000	FUN_00684000	14	unknown
00684010	FUN_00684010	32	unknown
00684030	FUN_00684030	32	unknown
00684050	FUN_00684050	27	unknown
00684070	FUN_00684070	11	unknown
00684080	FUN_00684080	70	unknown
006840e0	FUN_006840e0	58	unknown
00684120	FUN_00684120	81	unknown
00684180	FUN_00684180	100	unknown
006841f0	FUN_006841f0	37	unknown
00684220	FUN_00684220	319	unknown
00684370	FUN_00684370	25	unknown
00684390	FUN_00684390	25	unknown
006843b0	FUN_006843b0	8	unknown
006843c0	FUN_006843c0	8	unknown
006843d0	FUN_006843d0	8	unknown
006843e0	FUN_006843e0	8	unknown
006843f0	FUN_006843f0	8	unknown
00684400	FUN_00684400	8	unknown
00684410	FUN_00684410	13	unknown
00684420	FUN_00684420	85	unknown
00684480	FUN_00684480	85	unknown
006844e0	FUN_006844e0	89	unknown
00684540	FUN_00684540	93	unknown
006845a0	FUN_006845a0	111	unknown
0068460f	Catch@0068460f	9	unknown
00684630	FUN_00684630	99	unknown
006846a0	FUN_006846a0	138	unknown
0068472a	Catch@0068472a	9	unknown
00684740	FUN_00684740	138	unknown
006847ca	Catch@006847ca	9	unknown
006847e0	FUN_006847e0	104	unknown
00684848	Catch@00684848	9	unknown
00684860	FUN_00684860	113	unknown
006848e0	FUN_006848e0	295	unknown
00684a20	FUN_00684a20	114	unknown
00684aa0	FUN_00684aa0	29	unknown
00684ac0	FUN_00684ac0	59	unknown
00684b10	FUN_00684b10	139	unknown
00684ba0	FUN_00684ba0	35	unknown
00684bd0	FUN_00684bd0	53	unknown
00684c10	FUN_00684c10	39	unknown
00684c40	FUN_00684c40	110	unknown
00684cae	Catch@00684cae	39	unknown
00684ce0	FUN_00684ce0	342	unknown
00684e40	FUN_00684e40	109	unknown
00684ead	Catch@00684ead	9	unknown
00684ed0	FUN_00684ed0	530	unknown
00685030	Catch@00685030	9	unknown
00685100	FUN_00685100	117	unknown
00685175	Catch@00685175	9	unknown
00685190	FUN_00685190	108	unknown
00685210	FUN_00685210	107	unknown
0068527b	Catch@0068527b	37	unknown
006852b0	FUN_006852b0	60	unknown
006852f0	FUN_006852f0	127	unknown
00685380	FUN_00685380	185	unknown
00685439	Catch@00685439	17	unknown
00685450	FUN_00685450	51	unknown
00685490	FUN_00685490	428	unknown
00685640	FUN_00685640	51	unknown
00685680	FUN_00685680	27	unknown
006856a0	FUN_006856a0	104	unknown
00685708	Catch@00685708	46	unknown
00685740	FUN_00685740	94	unknown
006857a0	FUN_006857a0	319	unknown
00685900	FUN_00685900	802	unknown
00685c80	FUN_00685c80	77	unknown
00685cd0	FUN_00685cd0	151	unknown
00685d70	FUN_00685d70	42	unknown
00685da0	FUN_00685da0	94	unknown
00685e20	FUN_00685e20	183	unknown
00685ee0	FUN_00685ee0	22	unknown
00685f00	FUN_00685f00	603	unknown
0068608d	Catch@0068608d	22	unknown
00686118	Catch@00686118	35	unknown
006861b0	FUN_006861b0	704	unknown
006864a0	FUN_006864a0	93	unknown
00686500	FUN_00686500	87	unknown
00686560	FUN_00686560	114	unknown
006865e0	FUN_006865e0	497	unknown
006867e0	FUN_006867e0	102	unknown
00686860	FUN_00686860	97	unknown
006868e0	FUN_006868e0	117	unknown
00686955	Catch@00686955	9	unknown
00686970	FUN_00686970	646	unknown
00686c20	FUN_00686c20	303	unknown
00686d60	FUN_00686d60	69	unknown
00686db0	FUN_00686db0	98	unknown
00686e20	FUN_00686e20	428	unknown
00687090	FUN_00687090	2919	unknown
00687c50	FUN_00687c50	154	unknown
00687cf0	FUN_00687cf0	217	unknown
00687de0	FUN_00687de0	161	unknown
00687e90	FUN_00687e90	177	unknown
00687f50	FUN_00687f50	181	unknown
00688010	FUN_00688010	244	unknown
00688110	FUN_00688110	983	unknown
00688510	FUN_00688510	142	unknown
00688620	FUN_00688620	45	unknown
00688650	FUN_00688650	53	unknown
00688690	FUN_00688690	150	unknown
00688730	FUN_00688730	27	unknown
00688750	FUN_00688750	70	unknown
006887a0	FUN_006887a0	67	unknown
006887f0	FUN_006887f0	77	unknown
00688840	FUN_00688840	83	unknown
006888a0	FUN_006888a0	19	unknown
006888c0	FUN_006888c0	15	unknown
006888d0	FUN_006888d0	13	unknown
006888e0	BotManager__v4_slot12	7	unknown
006888f0	FUN_006888f0	7	unknown
00688900	FUN_00688900	17	unknown
00688920	FUN_00688920	185	unknown
006889e0	FUN_006889e0	29	unknown
00688a00	FUN_00688a00	25	unknown
00688a20	FUN_00688a20	89	unknown
00688aa0	FUN_00688aa0	85	unknown
00688b00	FUN_00688b00	43	unknown
00688b40	FUN_00688b40	111	unknown
00688baf	Catch@00688baf	9	unknown
00688bd0	FUN_00688bd0	117	unknown
00688c45	Catch@00688c45	9	unknown
00688c60	FUN_00688c60	138	unknown
00688cea	Catch@00688cea	9	unknown
00688d00	FUN_00688d00	138	unknown
00688d8a	Catch@00688d8a	9	unknown
00688da0	FUN_00688da0	91	unknown
00688e00	FUN_00688e00	136	unknown
00688ea0	FUN_00688ea0	136	unknown
00688f40	FUN_00688f40	82	unknown
00688fa0	FUN_00688fa0	196	unknown
00689070	FUN_00689070	97	unknown
006890e0	FUN_006890e0	58	unknown
00689120	FUN_00689120	60	unknown
00689160	FUN_00689160	205	unknown
00689230	FUN_00689230	133	unknown
006892c0	FUN_006892c0	131	unknown
00689350	FUN_00689350	114	unknown
006893d0	FUN_006893d0	171	unknown
00689480	FUN_00689480	67	unknown
006894d0	FUN_006894d0	80	unknown
00689520	FUN_00689520	215	unknown
00689600	FUN_00689600	269	unknown
00689720	FUN_00689720	414	unknown
006898c0	FUN_006898c0	428	unknown
00689b30	FUN_00689b30	139	unknown
00689bc0	FUN_00689bc0	93	unknown
00689c20	FUN_00689c20	304	unknown
00689d60	FUN_00689d60	36	unknown
00689d90	FUN_00689d90	57	unknown
00689dd0	FUN_00689dd0	61	unknown
00689e10	FUN_00689e10	537	unknown
0068a070	FUN_0068a070	162	unknown
0068a120	FUN_0068a120	68	unknown
0068a170	FUN_0068a170	148	unknown
0068a210	FUN_0068a210	51	unknown
0068a250	FUN_0068a250	185	unknown
0068a310	FUN_0068a310	75	unknown
0068a370	FUN_0068a370	109	unknown
0068a3dd	Catch@0068a3dd	9	unknown
0068a400	FUN_0068a400	117	unknown
0068a475	Catch@0068a475	9	unknown
0068a490	FUN_0068a490	214	unknown
0068a570	FUN_0068a570	1043	unknown
0068a9a0	FUN_0068a9a0	314	unknown
0068aae0	FUN_0068aae0	1885	unknown
0068b240	FUN_0068b240	120	unknown
0068b380	FUN_0068b380	428	unknown
0068b530	FUN_0068b530	72	unknown
0068b590	FUN_0068b590	125	unknown
0068b610	FUN_0068b610	2198	unknown
0068bef0	FUN_0068bef0	366	unknown
0068c070	FUN_0068c070	446	unknown
0068c240	FUN_0068c240	1249	unknown
0068c750	FUN_0068c750	318	unknown
0068c890	FUN_0068c890	188	unknown
0068c960	FUN_0068c960	423	unknown
0068cb10	FUN_0068cb10	52	unknown
0068cd20	FUN_0068cd20	37	unknown
0068cd50	FUN_0068cd50	6	unknown
0068cd60	ObjTemplNetworkModule__v0_slot02	26	unknown
0068cd80	thunk_FUN_0068cd90	5	unknown
0068cd90	FUN_0068cd90	135	unknown
0068ce20	FUN_0068ce20	82	unknown
0068ce80	FUN_0068ce80	98	unknown
0068cef0	FUN_0068cef0	97	unknown
0068cf60	FUN_0068cf60	71	unknown
0068cfb0	FUN_0068cfb0	292	unknown
0068d0f0	FUN_0068d0f0	705	unknown
0068d3c0	FUN_0068d3c0	55	unknown
0068d400	FUN_0068d400	152	unknown
0068d4a0	FUN_0068d4a0	503	unknown
0068d6a0	FUN_0068d6a0	27	unknown
0068d6c0	FUN_0068d6c0	79	unknown
0068d710	FUN_0068d710	152	unknown
0068d7c0	FUN_0068d7c0	88	unknown
0068d820	FUN_0068d820	24	unknown
0068d850	FUN_0068d850	92	unknown
0068d8b0	FUN_0068d8b0	42	unknown
0068d8e0	FUN_0068d8e0	92	unknown
0068d940	FUN_0068d940	19	unknown
0068d960	FUN_0068d960	15	unknown
0068d970	FUN_0068d970	18	unknown
0068d990	FUN_0068d990	30	unknown
0068d9b0	FUN_0068d9b0	9	unknown
0068d9c0	FUN_0068d9c0	9	unknown
0068d9d0	FUN_0068d9d0	69	unknown
0068da20	FUN_0068da20	129	unknown
0068dab0	FUN_0068dab0	16	unknown
0068dac0	FUN_0068dac0	16	unknown
0068dad0	FUN_0068dad0	19	unknown
0068daf0	FUN_0068daf0	9	unknown
0068db00	FUN_0068db00	23	unknown
0068db20	FUN_0068db20	37	unknown
0068db50	FUN_0068db50	55	unknown
0068db90	FUN_0068db90	82	unknown
0068dbf0	FUN_0068dbf0	265	unknown
0068dd00	FUN_0068dd00	153	unknown
0068dda0	FUN_0068dda0	309	unknown
0068dee0	FUN_0068dee0	100	unknown
0068df50	FUN_0068df50	379	unknown
0068e0d0	FUN_0068e0d0	43	unknown
0068e110	FUN_0068e110	43	unknown
0068e150	FUN_0068e150	117	unknown
0068e1c5	Catch@0068e1c5	9	unknown
0068e1e0	FUN_0068e1e0	138	unknown
0068e26a	Catch@0068e26a	9	unknown
0068e280	FUN_0068e280	104	unknown
0068e2f0	FUN_0068e2f0	183	unknown
0068e440	FUN_0068e440	55	unknown
0068e480	FUN_0068e480	51	unknown
0068e4c0	FUN_0068e4c0	48	unknown
0068e4f0	FUN_0068e4f0	35	unknown
0068e520	FUN_0068e520	35	unknown
0068e550	FUN_0068e550	428	unknown
0068e700	FUN_0068e700	169	unknown
0068e7c0	FUN_0068e7c0	183	unknown
0068e880	FUN_0068e880	183	unknown
0068e940	FUN_0068e940	185	unknown
0068ea00	FUN_0068ea00	403	unknown
0068eba0	FUN_0068eba0	90	unknown
0068ec00	FUN_0068ec00	90	unknown
0068ec60	FUN_0068ec60	361	unknown
0068edd0	FUN_0068edd0	43	unknown
0068ee60	FUN_0068ee60	37	unknown
0068ee90	BFSoldier__v348_slot23	4	unknown
0068eea0	NetworkableInfoManager__v0_slot10	10	unknown
0068eeb0	ObjTemplNetworkModule__v0_slot01	8	unknown
0068eec0	FUN_0068eec0	125	unknown
0068ef50	FUN_0068ef50	121	unknown
0068efd0	FUN_0068efd0	195	unknown
0068f0a0	FUN_0068f0a0	27	unknown
0068f0c0	FUN_0068f0c0	191	unknown
0068f180	FUN_0068f180	279	unknown
0068f2a0	FUN_0068f2a0	95	unknown
0068f300	FUN_0068f300	35	unknown
0068f330	FUN_0068f330	322	unknown
0068f480	FUN_0068f480	187	unknown
0068f540	FUN_0068f540	187	unknown
0068f600	FUN_0068f600	203	unknown
0068f6d0	FUN_0068f6d0	203	unknown
0068f7a0	FUN_0068f7a0	209	unknown
0068f880	FUN_0068f880	95	unknown
0068f8e0	FUN_0068f8e0	40	unknown
0068f910	FUN_0068f910	40	unknown
0068f940	FUN_0068f940	25	unknown
0068f960	FUN_0068f960	25	unknown
0068f980	PlayerControlObject__v344_slot04	4	unknown
0068f990	FUN_0068f990	117	unknown
0068fa05	Catch@0068fa05	9	unknown
0068fa20	FUN_0068fa20	43	unknown
0068fa60	FUN_0068fa60	138	unknown
0068faea	Catch@0068faea	9	unknown
0068fb00	FUN_0068fb00	55	unknown
0068fb40	FUN_0068fb40	45	unknown
0068fb70	FUN_0068fb70	45	unknown
0068fba0	FUN_0068fba0	428	unknown
0068fd50	FUN_0068fd50	185	unknown
0068fe10	FUN_0068fe10	183	unknown
0068fed0	FUN_0068fed0	234	unknown
0068ffc0	FUN_0068ffc0	90	unknown
00690020	FUN_00690020	29	unknown
00690080	FUN_00690080	37	unknown
006900b0	FUN_006900b0	57	unknown
006900f0	FUN_006900f0	93	unknown
00690150	FUN_00690150	27	unknown
00690170	FUN_00690170	28	unknown
00690190	FUN_00690190	95	unknown
006901f0	WSOCK32.DLL::WSACleanup	6	__stdcall
00690200	FUN_00690200	62	unknown
00690240	FUN_00690240	9	unknown
00690250	FUN_00690250	167	unknown
00690300	FUN_00690300	40	unknown
00690330	FUN_00690330	193	unknown
00690400	FUN_00690400	106	unknown
00690470	FUN_00690470	113	unknown
006904f0	FUN_006904f0	229	unknown
006905e0	FUN_006905e0	231	unknown
006906d0	thunk_FUN_006904f0	5	unknown
006906e0	thunk_FUN_006905e0	5	unknown
006906f0	FUN_006906f0	193	unknown
006907c0	FUN_006907c0	235	unknown
006908b0	FUN_006908b0	232	unknown
006909a0	FUN_006909a0	36	unknown
006909d0	FUN_006909d0	66	unknown
00690a20	FUN_00690a20	80	unknown
00690a70	FUN_00690a70	1052	unknown
00690e90	FUN_00690e90	483	unknown
00691080	FUN_00691080	615	unknown
006912f0	FUN_006912f0	1147	unknown
00691770	FUN_00691770	5324	unknown
00692c40	PointPhysicsNode__v0_slot50	4	unknown
00692c50	FUN_00692c50	10	unknown
00692c60	FUN_00692c60	4	unknown
00692c70	FUN_00692c70	31	unknown
00692c90	FUN_00692c90	29	unknown
00692cb0	FUN_00692cb0	87	unknown
00692d10	FUN_00692d10	138	unknown
00692d9a	Catch@00692d9a	9	unknown
00692db0	FUN_00692db0	138	unknown
00692e40	FUN_00692e40	97	unknown
00692eb0	FUN_00692eb0	69	unknown
00692f00	FUN_00692f00	61	unknown
00692f40	FUN_00692f40	97	unknown
00692fb0	FUN_00692fb0	88	unknown
00693010	FUN_00693010	61	unknown
00693050	FUN_00693050	98	unknown
006930c0	FUN_006930c0	51	unknown
00693100	FUN_00693100	39	unknown
00693130	FUN_00693130	21	unknown
00693150	FUN_00693150	110	unknown
006931be	Catch@006931be	39	unknown
006931f0	FUN_006931f0	112	unknown
00693260	Catch@00693260	40	unknown
00693290	FUN_00693290	110	unknown
006932fe	Catch@006932fe	39	unknown
00693330	FUN_00693330	86	unknown
00693390	FUN_00693390	636	unknown
00693620	FUN_00693620	47	unknown
00693650	FUN_00693650	99	unknown
006936c0	FUN_006936c0	107	unknown
0069372b	Catch@0069372b	37	unknown
00693760	FUN_00693760	107	unknown
006937cb	Catch@006937cb	37	unknown
00693800	FUN_00693800	22	unknown
00693820	FUN_00693820	64	unknown
00693860	FUN_00693860	58	unknown
006938a0	FUN_006938a0	27	unknown
006938c0	FUN_006938c0	29	unknown
006938e0	FUN_006938e0	27	unknown
00693900	FUN_00693900	22	unknown
00693920	FUN_00693920	42	unknown
00693950	FUN_00693950	601	unknown
00693adb	Catch@00693adb	22	unknown
00693b66	Catch@00693b66	35	unknown
00693c00	FUN_00693c00	198	unknown
00693cc6	Catch@00693cc6	17	unknown
00693ce0	FUN_00693ce0	41	unknown
00693d10	FUN_00693d10	543	unknown
00693f50	FUN_00693f50	83	unknown
00693fb0	FUN_00693fb0	722	unknown
00694166	Catch@00694166	22	unknown
00694217	Catch@00694217	38	unknown
006942e0	FUN_006942e0	93	unknown
00694340	FUN_00694340	113	unknown
006943c0	FUN_006943c0	188	unknown
00694480	FUN_00694480	117	unknown
006944f5	Catch@006944f5	9	unknown
00694510	FUN_00694510	281	unknown
00694630	FUN_00694630	114	unknown
006946b0	FUN_006946b0	428	unknown
00694860	FUN_00694860	244	unknown
00694960	FUN_00694960	725	unknown
00694c70	FUN_00694c70	423	unknown
00694e20	FUN_00694e20	123	unknown
00694eb0	FUN_00694eb0	170	unknown
00694f60	FUN_00694f60	183	unknown
00695020	FUN_00695020	528	unknown
00695250	FUN_00695250	169	unknown
00695300	FUN_00695300	141	unknown
006953b0	FUN_006953b0	47	unknown
006953e0	FUN_006953e0	8	unknown
006953f0	FUN_006953f0	8	unknown
00695400	FUN_00695400	111	unknown
00695470	FUN_00695470	27	unknown
00695490	FUN_00695490	37	unknown
006954c0	FUN_006954c0	25	unknown
006954e0	FUN_006954e0	38	unknown
00695510	FUN_00695510	71	unknown
00695560	FUN_00695560	28	unknown
00695580	FUN_00695580	24	unknown
006955a0	FUN_006955a0	15	unknown
006955b0	FUN_006955b0	25	unknown
006955d0	FUN_006955d0	18	unknown
006955f0	FUN_006955f0	19	unknown
00695610	PhysicsNode__v0_slot39	4	unknown
00695620	FUN_00695620	25	unknown
00695640	FUN_00695640	29	unknown
00695660	FUN_00695660	54	unknown
006956a0	FUN_006956a0	85	unknown
00695700	FUN_00695700	89	unknown
00695760	FUN_00695760	87	unknown
006957c0	FUN_006957c0	93	unknown
00695820	FUN_00695820	111	unknown
0069588f	Catch@0069588f	9	unknown
006958b0	FUN_006958b0	138	unknown
0069593a	Catch@0069593a	9	unknown
00695950	FUN_00695950	90	unknown
006959b0	FUN_006959b0	80	unknown
00695a00	FUN_00695a00	79	unknown
00695a50	FUN_00695a50	55	unknown
00695a90	FUN_00695a90	8	unknown
00695aa0	FUN_00695aa0	8	unknown
00695ab0	FUN_00695ab0	8	unknown
00695ac0	FUN_00695ac0	8	unknown
00695ad0	FUN_00695ad0	8	unknown
00695ae0	GameEventManager__v0_slot01	8	unknown
00695af0	FUN_00695af0	151	unknown
00695b87	Catch@00695b87	40	unknown
00695bc0	FUN_00695bc0	81	unknown
00695c20	FUN_00695c20	80	unknown
00695c70	FUN_00695c70	139	unknown
00695d00	FUN_00695d00	35	unknown
00695d30	FUN_00695d30	151	unknown
00695dd0	FUN_00695dd0	85	unknown
00695e30	FUN_00695e30	75	unknown
00695e80	FUN_00695e80	199	unknown
00695f50	FUN_00695f50	94	unknown
00695fb0	FUN_00695fb0	182	unknown
00696070	FUN_00696070	90	unknown
006960d0	FUN_006960d0	73	unknown
00696120	FUN_00696120	142	unknown
006961b0	FUN_006961b0	200	unknown
00696280	FUN_00696280	20	unknown
006962a0	FUN_006962a0	20	unknown
006962c0	FUN_006962c0	20	unknown
006962e0	FUN_006962e0	594	unknown
00696540	FUN_00696540	84	unknown
006965b0	FUN_006965b0	109	unknown
0069661d	Catch@0069661d	9	unknown
00696640	FUN_00696640	93	unknown
006966a0	FUN_006966a0	8	unknown
006966b0	FUN_006966b0	8	unknown
006966c0	FUN_006966c0	105	unknown
00696730	FUN_00696730	166	unknown
006967e0	FUN_006967e0	73	unknown
00696830	FUN_00696830	153	unknown
006968d0	FUN_006968d0	159	unknown
00696980	FUN_00696980	247	unknown
00696a80	FUN_00696a80	139	unknown
00696b10	FUN_00696b10	91	unknown
00696b80	FUN_00696b80	117	unknown
00696bf5	Catch@00696bf5	9	unknown
00696c10	FUN_00696c10	713	unknown
00696f10	FUN_00696f10	108	unknown
00696f90	FUN_00696f90	27	unknown
00696fb0	FUN_00696fb0	208	unknown
00697090	FUN_00697090	49	unknown
006970d0	FUN_006970d0	428	unknown
00697280	FUN_00697280	374	unknown
00697410	FUN_00697410	171	unknown
006974c0	FUN_006974c0	47	unknown
006974f0	FUN_006974f0	8	unknown
00697500	FUN_00697500	8	unknown
00697510	GameEventManager__v0_slot02	26	unknown
00697530	FUN_00697530	168	unknown
00697610	FUN_00697610	242	unknown
00697710	FUN_00697710	305	unknown
00697880	FUN_00697880	422	unknown
00697a30	FUN_00697a30	470	unknown
00697c20	FUN_00697c20	244	unknown
00697d20	FUN_00697d20	183	unknown
00697de0	FUN_00697de0	106	unknown
00697e50	FUN_00697e50	59	unknown
00697e90	FUN_00697e90	27	unknown
00697eb0	FUN_00697eb0	8	unknown
00697ec0	FUN_00697ec0	2867	unknown
00698ab0	FUN_00698ab0	48	unknown
00698ae0	FUN_00698ae0	7	unknown
00698af0	FUN_00698af0	46	unknown
00698b20	FUN_00698b20	9	unknown
00698b30	FUN_00698b30	50	unknown
00698b70	FUN_00698b70	71	unknown
00698bc0	FUN_00698bc0	8	unknown
00698bd0	FUN_00698bd0	8	unknown
00698be0	FUN_00698be0	8	unknown
00698bf0	FUN_00698bf0	8	unknown
00698c00	FUN_00698c00	64	unknown
00698c50	FUN_00698c50	47	unknown
00698c80	FUN_00698c80	65	unknown
00698cd0	FUN_00698cd0	140	unknown
00698d60	FUN_00698d60	82	unknown
00698dc0	FUN_00698dc0	10	unknown
00698dd0	FUN_00698dd0	80	unknown
00698e20	FUN_00698e20	8	unknown
00698e30	FUN_00698e30	8	unknown
00698e40	FUN_00698e40	17	unknown
00698e60	FUN_00698e60	17	unknown
00698e80	FUN_00698e80	17	unknown
00698ea0	FUN_00698ea0	127	unknown
00698f30	FUN_00698f30	73	unknown
00698f80	FUN_00698f80	8	unknown
00698f90	FUN_00698f90	8	unknown
00698fa0	FUN_00698fa0	8	unknown
00698fb0	FUN_00698fb0	8	unknown
00698fc0	FUN_00698fc0	139	unknown
00699050	FUN_00699050	90	unknown
006990b0	FUN_006990b0	148	unknown
00699150	FUN_00699150	56	unknown
00699190	FUN_00699190	46	unknown
006991c0	FUN_006991c0	8	unknown
006991d0	FUN_006991d0	8	unknown
006991e0	FUN_006991e0	8	unknown
006991f0	FUN_006991f0	8	unknown
00699200	FUN_00699200	115	unknown
00699280	FUN_00699280	27	unknown
006992a0	FUN_006992a0	253	unknown
006993a0	FUN_006993a0	48	unknown
006993d0	IPlayerControlObject__v0_slot05	3	unknown
006993e0	FUN_006993e0	8	unknown
006993f0	FUN_006993f0	8	unknown
00699400	FUN_00699400	164	unknown
006994b0	FUN_006994b0	8	unknown
006994c0	FUN_006994c0	8	unknown
006994d0	FUN_006994d0	8	unknown
006994e0	FUN_006994e0	8	unknown
006994f0	FUN_006994f0	8	unknown
00699500	FUN_00699500	8	unknown
00699510	FUN_00699510	8	unknown
00699520	FUN_00699520	8	unknown
00699530	FUN_00699530	8	unknown
00699540	FUN_00699540	8	unknown
00699550	FUN_00699550	111	unknown
006995bf	Catch@006995bf	9	unknown
006995e0	FUN_006995e0	173	unknown
006996a0	FUN_006996a0	139	unknown
00699730	FUN_00699730	74	unknown
00699780	FUN_00699780	186	unknown
00699840	FUN_00699840	18	unknown
00699860	FUN_00699860	456	unknown
00699a30	FUN_00699a30	57	unknown
00699a70	FUN_00699a70	87	unknown
00699ad0	FUN_00699ad0	109	unknown
00699b3d	Catch@00699b3d	9	unknown
00699b60	FUN_00699b60	565	unknown
00699db0	FUN_00699db0	684	unknown
0069a060	FUN_0069a060	88	unknown
0069a0c0	FUN_0069a0c0	45	unknown
0069a0f0	FUN_0069a0f0	38	unknown
0069a190	FUN_0069a190	151	unknown
0069a230	FUN_0069a230	81	unknown
0069a290	FUN_0069a290	27	unknown
0069a2b0	FUN_0069a2b0	75	unknown
0069a300	FUN_0069a300	44	unknown
0069a330	FUN_0069a330	35	unknown
0069a360	FUN_0069a360	42	unknown
0069a390	FUN_0069a390	34	unknown
0069a3c0	FUN_0069a3c0	9	unknown
0069a3d0	FUN_0069a3d0	6	unknown
0069a3e0	FUN_0069a3e0	35	unknown
0069a410	FUN_0069a410	10	unknown
0069a420	FUN_0069a420	7	unknown
0069a430	FUN_0069a430	29	unknown
0069a450	FUN_0069a450	93	unknown
0069a4b0	FUN_0069a4b0	64	unknown
0069a500	FUN_0069a500	49	unknown
0069a540	FUN_0069a540	54	unknown
0069a580	FUN_0069a580	49	unknown
0069a5c0	FUN_0069a5c0	107	unknown
0069a62b	Catch@0069a62b	9	unknown
0069a640	FUN_0069a640	107	unknown
0069a6ab	Catch@0069a6ab	9	unknown
0069a6c0	FUN_0069a6c0	114	unknown
0069a740	FUN_0069a740	64	unknown
0069a780	FUN_0069a780	99	unknown
0069a7f0	FUN_0069a7f0	138	unknown
0069a87a	Catch@0069a87a	9	unknown
0069a890	FUN_0069a890	102	unknown
0069a8f6	Catch@0069a8f6	9	unknown
0069a900	FUN_0069a900	102	unknown
0069a966	Catch@0069a966	9	unknown
0069a970	FUN_0069a970	59	unknown
0069a9b0	FUN_0069a9b0	53	unknown
0069a9f0	FUN_0069a9f0	113	unknown
0069aa70	FUN_0069aa70	114	unknown
0069aaf0	FUN_0069aaf0	8	unknown
0069ab00	FUN_0069ab00	8	unknown
0069ab10	FUN_0069ab10	8	unknown
0069ab20	FUN_0069ab20	8	unknown
0069ab30	FUN_0069ab30	8	unknown
0069ab40	FUN_0069ab40	8	unknown
0069ab50	FUN_0069ab50	27	unknown
0069ab70	FUN_0069ab70	27	unknown
0069ab90	FUN_0069ab90	27	unknown
0069abb0	FUN_0069abb0	114	unknown
0069ac30	FUN_0069ac30	41	unknown
0069ac60	FUN_0069ac60	41	unknown
0069ac90	FUN_0069ac90	79	unknown
0069ace0	FUN_0069ace0	137	unknown
0069ad70	FUN_0069ad70	94	unknown
0069ade0	FUN_0069ade0	89	unknown
0069ae40	FUN_0069ae40	111	unknown
0069aeb0	FUN_0069aeb0	75	unknown
0069af10	FUN_0069af10	53	unknown
0069af50	FUN_0069af50	70	unknown
0069afa0	FUN_0069afa0	79	unknown
0069b000	FUN_0069b000	164	unknown
0069b0b0	FUN_0069b0b0	22	unknown
0069b0d0	FUN_0069b0d0	83	unknown
0069b130	FUN_0069b130	47	unknown
0069b160	FUN_0069b160	87	unknown
0069b1c0	FUN_0069b1c0	161	unknown
0069b270	FUN_0069b270	158	unknown
0069b310	FUN_0069b310	89	unknown
0069b370	FUN_0069b370	89	unknown
0069b3d0	FUN_0069b3d0	59	unknown
0069b410	FUN_0069b410	31	unknown
0069b430	FUN_0069b430	84	unknown
0069b490	FUN_0069b490	32	unknown
0069b4b0	FUN_0069b4b0	252	unknown
0069b5c0	FUN_0069b5c0	685	unknown
0069b8a0	FUN_0069b8a0	327	unknown
0069b9f0	FUN_0069b9f0	663	unknown
0069bba8	Catch@0069bba8	9	unknown
0069bca0	FUN_0069bca0	636	unknown
0069be47	Catch@0069be47	9	unknown
0069bf40	FUN_0069bf40	117	unknown
0069bfb5	Catch@0069bfb5	9	unknown
0069bfd0	FUN_0069bfd0	165	unknown
0069c080	FUN_0069c080	162	unknown
0069c130	FUN_0069c130	8	unknown
0069c140	FUN_0069c140	8	unknown
0069c150	FUN_0069c150	8	unknown
0069c160	FUN_0069c160	188	unknown
0069c230	FUN_0069c230	45	unknown
0069c260	FUN_0069c260	259	unknown
0069c370	FUN_0069c370	120	unknown
0069c3f0	FUN_0069c3f0	105	unknown
0069c460	FUN_0069c460	103	unknown
0069c4d0	FUN_0069c4d0	183	unknown
0069c590	FUN_0069c590	428	unknown
0069c740	FUN_0069c740	27	unknown
0069c760	FUN_0069c760	141	unknown
0069c7f0	FUN_0069c7f0	130	unknown
0069c880	FUN_0069c880	128	unknown
0069c900	FUN_0069c900	244	unknown
0069ca00	FUN_0069ca00	146	unknown
0069caa0	FUN_0069caa0	106	unknown
0069cb10	FUN_0069cb10	220	unknown
0069cc00	FUN_0069cc00	788	unknown
0069cf30	FUN_0069cf30	195	unknown
0069d000	FUN_0069d000	374	unknown
0069d180	FUN_0069d180	376	unknown
0069d300	FUN_0069d300	569	unknown
0069d540	FUN_0069d540	59	unknown
0069d580	FUN_0069d580	423	unknown
0069d730	FUN_0069d730	86	unknown
0069d810	FUN_0069d810	53	unknown
0069d850	FUN_0069d850	457	unknown
0069da20	FUN_0069da20	253	unknown
0069db30	FUN_0069db30	222	unknown
0069dc20	FUN_0069dc20	254	unknown
0069dd30	FUN_0069dd30	191	unknown
0069ddf0	FUN_0069ddf0	27	unknown
0069de10	FUN_0069de10	636	unknown
0069e0e0	FUN_0069e0e0	385	unknown
0069e270	FUN_0069e270	515	unknown
0069e480	FUN_0069e480	84	unknown
0069e4e0	FUN_0069e4e0	18	unknown
0069e500	FUN_0069e500	31	unknown
0069e520	FUN_0069e520	31	unknown
0069e540	FUN_0069e540	105	unknown
0069e5a9	Catch@0069e5a9	9	unknown
0069e5c0	FUN_0069e5c0	62	unknown
0069e600	FUN_0069e600	110	unknown
0069e66e	Catch@0069e66e	37	unknown
0069e6a0	FUN_0069e6a0	65	unknown
0069e6f0	FUN_0069e6f0	23	unknown
0069e710	FUN_0069e710	19	unknown
0069e730	FUN_0069e730	107	unknown
0069e79b	Catch@0069e79b	37	unknown
0069e7d0	FUN_0069e7d0	27	unknown
0069e7f0	FUN_0069e7f0	41	unknown
0069e820	FUN_0069e820	39	unknown
0069e850	FUN_0069e850	121	unknown
0069e8d0	FUN_0069e8d0	141	unknown
0069e960	FUN_0069e960	70	unknown
0069e9b0	FUN_0069e9b0	693	unknown
0069eb7e	Catch@0069eb7e	22	unknown
0069ec2c	Catch@0069ec2c	38	unknown
0069ecb0	FUN_0069ecb0	34	unknown
0069ece0	FUN_0069ece0	61	unknown
0069ed20	FUN_0069ed20	105	unknown
0069ed90	FUN_0069ed90	45	unknown
0069edc0	FUN_0069edc0	130	unknown
0069ee50	FUN_0069ee50	134	unknown
0069eee0	FUN_0069eee0	27	unknown
0069ef00	FUN_0069ef00	31	unknown
0069ef20	FUN_0069ef20	127	unknown
0069efa0	FUN_0069efa0	127	unknown
0069f020	FUN_0069f020	142	unknown
0069f0b0	PlayerControlObject__v344_slot05	4	unknown
0069f0c0	FUN_0069f0c0	13	unknown
0069f0d0	FUN_0069f0d0	7	unknown
0069f0e0	FUN_0069f0e0	4	unknown
0069f0f0	FUN_0069f0f0	43	unknown
0069f130	FUN_0069f130	111	unknown
0069f19f	Catch@0069f19f	9	unknown
0069f1c0	FUN_0069f1c0	138	unknown
0069f24a	Catch@0069f24a	9	unknown
0069f260	FUN_0069f260	117	unknown
0069f2d5	Catch@0069f2d5	9	unknown
0069f2f0	FUN_0069f2f0	88	unknown
0069f350	FUN_0069f350	46	unknown
0069f380	FUN_0069f380	78	unknown
0069f3d0	FUN_0069f3d0	183	unknown
0069f490	FUN_0069f490	428	unknown
0069f640	FUN_0069f640	81	unknown
0069f6a0	FUN_0069f6a0	132	unknown
0069f730	FUN_0069f730	72	unknown
0069f790	FUN_0069f790	109	unknown
0069f7fd	Catch@0069f7fd	9	unknown
0069f820	FUN_0069f820	185	unknown
0069f8e0	FUN_0069f8e0	361	unknown
0069fa50	FUN_0069fa50	143	unknown
0069faf0	FUN_0069faf0	121	unknown
0069fb70	FUN_0069fb70	112	unknown
0069fbe0	FUN_0069fbe0	47	unknown
0069fc10	FUN_0069fc10	8	unknown
0069fc20	FUN_0069fc20	8	unknown
0069fc30	FUN_0069fc30	200	unknown
0069fd00	FUN_0069fd00	73	unknown
0069fd50	FUN_0069fd50	165	unknown
0069fe00	FUN_0069fe00	27	unknown
0069fe20	FUN_0069fe20	60	unknown
0069feb0	FUN_0069feb0	450	unknown
006a00a0	FUN_006a00a0	429	unknown
006a0250	FUN_006a0250	40	unknown
006a0280	FUN_006a0280	125	unknown
006a0300	FUN_006a0300	143	unknown
006a03a0	FUN_006a03a0	42	unknown
006a03d0	FUN_006a03d0	134	unknown
006a0460	FUN_006a0460	173	unknown
006a0510	FUN_006a0510	111	unknown
006a0590	FUN_006a0590	107	unknown
006a0600	FUN_006a0600	30	unknown
006a0620	FUN_006a0620	233	unknown
006a0710	AISettings__v0_slot31	7	unknown
006a0720	FUN_006a0720	62	unknown
006a0770	FUN_006a0770	8	unknown
006a0780	FUN_006a0780	148	unknown
006a0820	FUN_006a0820	519	unknown
006a0a30	FUN_006a0a30	295	unknown
006a0b60	FUN_006a0b60	135	unknown
006a0bf0	FUN_006a0bf0	291	unknown
006a0d20	FUN_006a0d20	87	unknown
006a0d90	FUN_006a0d90	111	unknown
006a0e00	FUN_006a0e00	111	unknown
006a0e70	FUN_006a0e70	215	unknown
006a0f50	FUN_006a0f50	250	unknown
006a1050	FUN_006a1050	336	unknown
006a11b0	FUN_006a11b0	117	unknown
006a1230	FUN_006a1230	131	unknown
006a12c0	FUN_006a12c0	28	unknown
006a12e0	FUN_006a12e0	27	unknown
006a1300	FUN_006a1300	669	unknown
006a1670	FUN_006a1670	178	unknown
006a1730	FUN_006a1730	43	unknown
006a1760	FUN_006a1760	62	unknown
006a17a0	FUN_006a17a0	4	unknown
006a17b0	FUN_006a17b0	60	unknown
006a17f0	FUN_006a17f0	60	unknown
006a1830	FUN_006a1830	50	unknown
006a1870	FUN_006a1870	70	unknown
006a18c0	FUN_006a18c0	10	unknown
006a18d0	FUN_006a18d0	4	unknown
006a18e0	FUN_006a18e0	43	unknown
006a1910	FUN_006a1910	16	unknown
006a1920	FUN_006a1920	70	unknown
006a1970	FUN_006a1970	55	unknown
006a19b0	FUN_006a19b0	88	unknown
006a1a10	FUN_006a1a10	56	unknown
006a1a50	FUN_006a1a50	109	unknown
006a1abd	Catch@006a1abd	9	unknown
006a1ae0	FUN_006a1ae0	170	unknown
006a1b90	FUN_006a1b90	295	unknown
006a1cf0	FUN_006a1cf0	139	unknown
006a1d80	FUN_006a1d80	119	unknown
006a1e00	FUN_006a1e00	198	unknown
006a1ed0	FUN_006a1ed0	213	unknown
006a1fb0	FUN_006a1fb0	153	unknown
006a2050	FUN_006a2050	43	unknown
006a2080	FUN_006a2080	533	unknown
006a22a0	FUN_006a22a0	27	unknown
006a22c0	FUN_006a22c0	33	unknown
006a22f0	FUN_006a22f0	530	unknown
006a2450	Catch@006a2450	9	unknown
006a2520	FUN_006a2520	226	unknown
006a2610	FUN_006a2610	15	unknown
006a2620	FUN_006a2620	126	unknown
006a26a0	FUN_006a26a0	11	unknown
006a26b0	FUN_006a26b0	58	unknown
006a26f0	FUN_006a26f0	173	unknown
006a27a0	FUN_006a27a0	122	unknown
006a2820	FUN_006a2820	21	unknown
006a2840	FUN_006a2840	38	unknown
006a2880	FUN_006a2880	41	unknown
006a28b0	FUN_006a28b0	170	unknown
006a2960	FUN_006a2960	120	unknown
006a2a00	IBotManager__v0_slot00	38	unknown
006a2a30	FUN_006a2a30	14	unknown
006a2a60	FUN_006a2a60	38	unknown
006a2a90	FUN_006a2a90	14	unknown
006a2ac0	FUN_006a2ac0	38	unknown
006a2af0	FUN_006a2af0	14	unknown
006a2b00	FUN_006a2b00	18	unknown
006a2b70	FUN_006a2b70	85	unknown
006a2bd0	FUN_006a2bd0	100	unknown
006a2c40	FUN_006a2c40	294	unknown
006a2d70	FUN_006a2d70	398	unknown
006a2f10	FUN_006a2f10	257	unknown
006a3020	FUN_006a3020	33	unknown
006a3050	FUN_006a3050	105	unknown
006a30c0	FUN_006a30c0	257	unknown
006a31d0	FUN_006a31d0	33	unknown
006a3200	FUN_006a3200	153	unknown
006a32a0	FUN_006a32a0	257	unknown
006a33b0	FUN_006a33b0	33	unknown
006a33e0	FUN_006a33e0	153	unknown
006a3480	FUN_006a3480	352	unknown
006a35f0	FUN_006a35f0	59	unknown
006a3630	FUN_006a3630	250	unknown
006a3730	FUN_006a3730	257	unknown
006a3840	FUN_006a3840	39	unknown
006a3870	FUN_006a3870	153	unknown
006a3910	FUN_006a3910	257	unknown
006a3a20	FUN_006a3a20	39	unknown
006a3a50	FUN_006a3a50	153	unknown
006a3af0	FUN_006a3af0	257	unknown
006a3c00	FUN_006a3c00	33	unknown
006a3c30	FUN_006a3c30	153	unknown
006a3cd0	FUN_006a3cd0	127	unknown
006a3d50	FUN_006a3d50	14	unknown
006a3d60	FUN_006a3d60	42	unknown
006a3d90	FUN_006a3d90	139	unknown
006a3e20	FUN_006a3e20	127	unknown
006a3ea0	FUN_006a3ea0	42	unknown
006a3ed0	FUN_006a3ed0	127	unknown
006a3f50	FUN_006a3f50	42	unknown
006a3f80	FUN_006a3f80	936	unknown
006a4360	FUN_006a4360	1258	unknown
006a4850	FUN_006a4850	668	unknown
006a4b00	FUN_006a4b00	344	unknown
006a4c70	FUN_006a4c70	501	unknown
006a4e70	FUN_006a4e70	191	unknown
006a4f40	FUN_006a4f40	454	unknown
006a5120	FUN_006a5120	681	unknown
006a53d0	FUN_006a53d0	386	unknown
006a5560	FUN_006a5560	451	unknown
006a5740	FUN_006a5740	681	unknown
006a59f0	FUN_006a59f0	236	unknown
006a5af0	FUN_006a5af0	472	unknown
006a5ce0	FUN_006a5ce0	616	unknown
006a5f50	FUN_006a5f50	150	unknown
006a5ff0	FUN_006a5ff0	257	unknown
006a6100	FUN_006a6100	283	unknown
006a6220	FUN_006a6220	138	unknown
006a62b0	FUN_006a62b0	364	unknown
006a6430	FUN_006a6430	451	unknown
006a6600	FUN_006a6600	148	unknown
006a66a0	FUN_006a66a0	364	unknown
006a6820	FUN_006a6820	451	unknown
006a69f0	FUN_006a69f0	146	unknown
006a6a90	FUN_006a6a90	279	unknown
006a6bb0	FUN_006a6bb0	220	unknown
006a6c90	FUN_006a6c90	64	unknown
006a6cd0	FUN_006a6cd0	279	unknown
006a6df0	FUN_006a6df0	220	unknown
006a6ed0	FUN_006a6ed0	95	unknown
006a6f40	FUN_006a6f40	257	unknown
006a7050	FUN_006a7050	283	unknown
006a7170	FUN_006a7170	138	unknown
006a7200	FUN_006a7200	279	unknown
006a7320	FUN_006a7320	283	unknown
006a7440	FUN_006a7440	218	unknown
006a7520	FUN_006a7520	364	unknown
006a76a0	FUN_006a76a0	451	unknown
006a7870	FUN_006a7870	150	unknown
006a7910	FUN_006a7910	257	unknown
006a7a20	FUN_006a7a20	283	unknown
006a7b40	FUN_006a7b40	174	unknown
006a7c00	FUN_006a7c00	149	unknown
006a7ca0	FUN_006a7ca0	85	unknown
006a7d00	FUN_006a7d00	149	unknown
006a7da0	FUN_006a7da0	85	unknown
006a7e00	FUN_006a7e00	364	unknown
006a7f80	FUN_006a7f80	14	unknown
006a7f90	FUN_006a7f90	451	unknown
006a8160	FUN_006a8160	154	unknown
006a8200	FUN_006a8200	463	unknown
006a83f0	FUN_006a83f0	616	unknown
006a8660	FUN_006a8660	172	unknown
006a8720	FUN_006a8720	663	unknown
006a89e0	FUN_006a89e0	946	unknown
006a8da0	FUN_006a8da0	200	unknown
006a8e70	FUN_006a8e70	352	unknown
006a8fe0	FUN_006a8fe0	83	unknown
006a9040	FUN_006a9040	388	unknown
006a91d0	FUN_006a91d0	256	unknown
006a92e0	FUN_006a92e0	14	unknown
006a92f0	FUN_006a92f0	95	unknown
006a9350	FUN_006a9350	220	unknown
006a9430	FUN_006a9430	257	unknown
006a9540	FUN_006a9540	41	unknown
006a9570	FUN_006a9570	220	unknown
006a9650	FUN_006a9650	257	unknown
006a9760	FUN_006a9760	41	unknown
006a9790	FUN_006a9790	220	unknown
006a9870	FUN_006a9870	257	unknown
006a9980	FUN_006a9980	33	unknown
006a99b0	FUN_006a99b0	220	unknown
006a9a90	FUN_006a9a90	127	unknown
006a9b10	FUN_006a9b10	42	unknown
006a9b40	FUN_006a9b40	257	unknown
006a9c50	FUN_006a9c50	39	unknown
006a9c80	FUN_006a9c80	220	unknown
006a9d60	FUN_006a9d60	127	unknown
006a9de0	FUN_006a9de0	42	unknown
006a9e10	FUN_006a9e10	127	unknown
006a9e90	FUN_006a9e90	42	unknown
006a9ec0	FUN_006a9ec0	257	unknown
006a9fd0	FUN_006a9fd0	53	unknown
006aa010	FUN_006aa010	220	unknown
006aa0f0	FUN_006aa0f0	279	unknown
006aa210	FUN_006aa210	220	unknown
006aa2f0	FUN_006aa2f0	64	unknown
006aa330	FUN_006aa330	257	unknown
006aa440	FUN_006aa440	283	unknown
006aa560	FUN_006aa560	115	unknown
006aa5e0	FUN_006aa5e0	364	unknown
006aa760	FUN_006aa760	451	unknown
006aa930	FUN_006aa930	148	unknown
006aa9d0	FUN_006aa9d0	127	unknown
006aaa50	FUN_006aaa50	42	unknown
006aaa80	FUN_006aaa80	257	unknown
006aab90	FUN_006aab90	39	unknown
006aabc0	FUN_006aabc0	220	unknown
006aaca0	FUN_006aaca0	364	unknown
006aae20	FUN_006aae20	451	unknown
006aaff0	FUN_006aaff0	121	unknown
006ab070	FUN_006ab070	364	unknown
006ab1f0	FUN_006ab1f0	451	unknown
006ab3c0	FUN_006ab3c0	121	unknown
006ab440	FUN_006ab440	364	unknown
006ab5c0	FUN_006ab5c0	51	unknown
006ab600	FUN_006ab600	388	unknown
006ab790	FUN_006ab790	257	unknown
006ab8a0	FUN_006ab8a0	283	unknown
006ab9c0	FUN_006ab9c0	139	unknown
006aba50	FUN_006aba50	257	unknown
006abb60	FUN_006abb60	283	unknown
006abc80	FUN_006abc80	139	unknown
006abd10	FUN_006abd10	149	unknown
006abdb0	FUN_006abdb0	86	unknown
006abe10	FUN_006abe10	257	unknown
006abf20	FUN_006abf20	95	unknown
006abf80	FUN_006abf80	220	unknown
006ac060	FUN_006ac060	257	unknown
006ac170	FUN_006ac170	91	unknown
006ac1d0	FUN_006ac1d0	220	unknown
006ac2b0	FUN_006ac2b0	127	unknown
006ac330	FUN_006ac330	49	unknown
006ac370	FUN_006ac370	257	unknown
006ac480	FUN_006ac480	51	unknown
006ac4c0	FUN_006ac4c0	220	unknown
006ac5a0	FUN_006ac5a0	149	unknown
006ac640	FUN_006ac640	86	unknown
006ac6a0	FUN_006ac6a0	364	unknown
006ac820	FUN_006ac820	55	unknown
006ac860	FUN_006ac860	388	unknown
006ac9f0	FUN_006ac9f0	257	unknown
006acb00	FUN_006acb00	59	unknown
006acb40	FUN_006acb40	220	unknown
006acc20	FUN_006acc20	473	unknown
006ace10	FUN_006ace10	63	unknown
006ace50	FUN_006ace50	553	unknown
006ad080	FUN_006ad080	364	unknown
006ad200	FUN_006ad200	60	unknown
006ad240	FUN_006ad240	388	unknown
006ad3d0	FUN_006ad3d0	257	unknown
006ad4e0	FUN_006ad4e0	86	unknown
006ad540	FUN_006ad540	220	unknown
006ad620	FUN_006ad620	257	unknown
006ad730	FUN_006ad730	19	unknown
006ad750	FUN_006ad750	86	unknown
006ad7b0	FUN_006ad7b0	220	unknown
006ad890	FUN_006ad890	257	unknown
006ad9a0	FUN_006ad9a0	283	unknown
006adac0	FUN_006adac0	139	unknown
006adb50	FUN_006adb50	257	unknown
006adc60	FUN_006adc60	283	unknown
006add80	FUN_006add80	169	unknown
006ade30	FUN_006ade30	257	unknown
006adf40	FUN_006adf40	283	unknown
006ae060	FUN_006ae060	169	unknown
006ae110	FUN_006ae110	476	unknown
006ae300	FUN_006ae300	116	unknown
006ae380	FUN_006ae380	553	unknown
006ae5b0	FUN_006ae5b0	367	unknown
006ae730	FUN_006ae730	112	unknown
006ae7a0	FUN_006ae7a0	388	unknown
006ae930	FUN_006ae930	127	unknown
006ae9b0	FUN_006ae9b0	36	unknown
006ae9e0	FUN_006ae9e0	364	unknown
006aeb60	FUN_006aeb60	451	unknown
006aed30	FUN_006aed30	181	unknown
006aedf0	FUN_006aedf0	127	unknown
006aee70	FUN_006aee70	29	unknown
006aee90	FUN_006aee90	257	unknown
006aefa0	FUN_006aefa0	283	unknown
006af0c0	FUN_006af0c0	139	unknown
006af150	FUN_006af150	257	unknown
006af260	FUN_006af260	283	unknown
006af380	FUN_006af380	139	unknown
006af410	FUN_006af410	149	unknown
006af4b0	FUN_006af4b0	86	unknown
006af510	FUN_006af510	149	unknown
006af5b0	FUN_006af5b0	86	unknown
006af610	FUN_006af610	367	unknown
006af790	StaticResponsePhysics__v0_slot27	5	unknown
006af7a0	FUN_006af7a0	451	unknown
006af970	FUN_006af970	255	unknown
006afa80	FUN_006afa80	257	unknown
006afb90	FUN_006afb90	283	unknown
006afcb0	FUN_006afcb0	139	unknown
006afd40	FUN_006afd40	149	unknown
006afde0	FUN_006afde0	86	unknown
006afe40	FUN_006afe40	149	unknown
006afee0	FUN_006afee0	86	unknown
006aff40	FUN_006aff40	791	unknown
006b0280	FUN_006b0280	1111	unknown
006b06e0	FUN_006b06e0	210	unknown
006b07c0	FUN_006b07c0	685	unknown
006b0a90	FUN_006b0a90	946	unknown
006b0e50	FUN_006b0e50	196	unknown
006b0f20	FUN_006b0f20	787	unknown
006b1260	FUN_006b1260	1111	unknown
006b16c0	FUN_006b16c0	206	unknown
006b17a0	FUN_006b17a0	451	unknown
006b1980	FUN_006b1980	681	unknown
006b1c30	FUN_006b1c30	259	unknown
006b1d40	FUN_006b1d40	257	unknown
006b1e50	FUN_006b1e50	41	unknown
006b1e80	FUN_006b1e80	220	unknown
006b1f60	FUN_006b1f60	127	unknown
006b1fe0	FUN_006b1fe0	49	unknown
006b2020	FUN_006b2020	182	unknown
006b20e0	FUN_006b20e0	257	unknown
006b21f0	FUN_006b21f0	49	unknown
006b2230	FUN_006b2230	220	unknown
006b2310	FUN_006b2310	127	unknown
006b2390	FUN_006b2390	19	unknown
006b23b0	FUN_006b23b0	49	unknown
006b23f0	FUN_006b23f0	127	unknown
006b2470	FUN_006b2470	29	unknown
006b2490	FUN_006b2490	257	unknown
006b25a0	FUN_006b25a0	97	unknown
006b2610	FUN_006b2610	220	unknown
006b26f0	FUN_006b26f0	386	unknown
006b2880	FUN_006b2880	451	unknown
006b2a50	FUN_006b2a50	206	unknown
006b2b30	FUN_006b2b30	257	unknown
006b2c40	FUN_006b2c40	12	unknown
006b2c50	FUN_006b2c50	81	unknown
006b2cb0	FUN_006b2cb0	220	unknown
006b2d90	FUN_006b2d90	257	unknown
006b2ea0	FUN_006b2ea0	79	unknown
006b2ef0	FUN_006b2ef0	220	unknown
006b2fd0	FUN_006b2fd0	257	unknown
006b30e0	FUN_006b30e0	33	unknown
006b3110	FUN_006b3110	220	unknown
006b31f0	FUN_006b31f0	149	unknown
006b3290	FUN_006b3290	78	unknown
006b32f0	FUN_006b32f0	149	unknown
006b3390	FUN_006b3390	78	unknown
006b33f0	FUN_006b33f0	127	unknown
006b3470	FUN_006b3470	28	unknown
006b3490	FUN_006b3490	257	unknown
006b35a0	FUN_006b35a0	107	unknown
006b3610	FUN_006b3610	220	unknown
006b36f0	FUN_006b36f0	352	unknown
006b3860	FUN_006b3860	46	unknown
006b3890	FUN_006b3890	388	unknown
006b3a20	FUN_006b3a20	127	unknown
006b3aa0	FUN_006b3aa0	28	unknown
006b3ac0	FUN_006b3ac0	127	unknown
006b3b40	FUN_006b3b40	257	unknown
006b3c50	FUN_006b3c50	112	unknown
006b3cc0	FUN_006b3cc0	220	unknown
006b3da0	FUN_006b3da0	127	unknown
006b3e20	FUN_006b3e20	42	unknown
006b3e50	FUN_006b3e50	127	unknown
006b3ed0	FUN_006b3ed0	42	unknown
006b3f00	FUN_006b3f00	127	unknown
006b3f80	FUN_006b3f80	42	unknown
006b3fb0	FUN_006b3fb0	643	unknown
006b4260	FUN_006b4260	1133	unknown
006b46d0	FUN_006b46d0	450	unknown
006b48a0	FUN_006b48a0	547	unknown
006b4ae0	FUN_006b4ae0	903	unknown
006b4e70	FUN_006b4e70	352	unknown
006b4fe0	FUN_006b4fe0	257	unknown
006b50f0	FUN_006b50f0	65	unknown
006b5140	FUN_006b5140	220	unknown
006b5220	FUN_006b5220	257	unknown
006b5330	FUN_006b5330	33	unknown
006b5360	FUN_006b5360	220	unknown
006b5440	FUN_006b5440	279	unknown
006b5560	FUN_006b5560	220	unknown
006b5640	FUN_006b5640	95	unknown
006b56b0	FUN_006b56b0	279	unknown
006b57d0	FUN_006b57d0	283	unknown
006b58f0	FUN_006b58f0	175	unknown
006b59b0	FUN_006b59b0	127	unknown
006b5a30	FUN_006b5a30	28	unknown
006b5a50	FUN_006b5a50	451	unknown
006b5c30	FUN_006b5c30	678	unknown
006b5ee0	FUN_006b5ee0	238	unknown
006b5fe0	FUN_006b5fe0	786	unknown
006b6320	FUN_006b6320	336	unknown
006b6470	FUN_006b6470	1098	unknown
006b68c0	FUN_006b68c0	786	unknown
006b6c00	FUN_006b6c00	336	unknown
006b6d50	FUN_006b6d50	1098	unknown
006b71a0	FUN_006b71a0	473	unknown
006b7390	FUN_006b7390	77	unknown
006b73e0	FUN_006b73e0	22	unknown
006b7400	FUN_006b7400	569	unknown
006b7640	FUN_006b7640	678	unknown
006b7910	FUN_006b7910	111	unknown
006b7980	FUN_006b7980	899	unknown
006b7d10	FUN_006b7d10	463	unknown
006b7f00	FUN_006b7f00	616	unknown
006b8170	FUN_006b8170	141	unknown
006b8200	FUN_006b8200	127	unknown
006b8280	FUN_006b8280	35	unknown
006b82b0	FUN_006b82b0	257	unknown
006b83c0	FUN_006b83c0	99	unknown
006b8430	FUN_006b8430	220	unknown
006b8510	FUN_006b8510	257	unknown
006b8620	FUN_006b8620	18	unknown
006b8640	FUN_006b8640	84	unknown
006b86a0	FUN_006b86a0	220	unknown
006b8780	FUN_006b8780	257	unknown
006b8890	FUN_006b8890	84	unknown
006b88f0	FUN_006b88f0	220	unknown
006b89d0	FUN_006b89d0	364	unknown
006b8b50	FUN_006b8b50	451	unknown
006b8d20	FUN_006b8d20	146	unknown
006b8dc0	FUN_006b8dc0	257	unknown
006b8ed0	FUN_006b8ed0	84	unknown
006b8f30	FUN_006b8f30	220	unknown
006b9010	FUN_006b9010	257	unknown
006b9120	FUN_006b9120	84	unknown
006b9180	FUN_006b9180	220	unknown
006b9260	FUN_006b9260	257	unknown
006b9370	FUN_006b9370	93	unknown
006b93d0	FUN_006b93d0	220	unknown
006b94b0	FUN_006b94b0	257	unknown
006b95c0	FUN_006b95c0	93	unknown
006b9620	FUN_006b9620	220	unknown
006b9700	FUN_006b9700	257	unknown
006b9810	FUN_006b9810	93	unknown
006b9870	FUN_006b9870	220	unknown
006b9950	FUN_006b9950	257	unknown
006b9a60	FUN_006b9a60	93	unknown
006b9ac0	FUN_006b9ac0	220	unknown
006b9ba0	FUN_006b9ba0	257	unknown
006b9cb0	FUN_006b9cb0	93	unknown
006b9d10	FUN_006b9d10	220	unknown
006b9df0	FUN_006b9df0	257	unknown
006b9f00	FUN_006b9f00	93	unknown
006b9f60	FUN_006b9f60	220	unknown
006ba040	FUN_006ba040	257	unknown
006ba150	FUN_006ba150	14	unknown
006ba160	FUN_006ba160	81	unknown
006ba1c0	FUN_006ba1c0	220	unknown
006ba2a0	FUN_006ba2a0	257	unknown
006ba3b0	FUN_006ba3b0	93	unknown
006ba410	FUN_006ba410	220	unknown
006ba4f0	FUN_006ba4f0	257	unknown
006ba600	FUN_006ba600	48	unknown
006ba630	FUN_006ba630	220	unknown
006ba710	FUN_006ba710	257	unknown
006ba820	FUN_006ba820	48	unknown
006ba850	FUN_006ba850	220	unknown
006ba930	FUN_006ba930	257	unknown
006baa40	FUN_006baa40	48	unknown
006baa70	FUN_006baa70	220	unknown
006bab50	FUN_006bab50	127	unknown
006babd0	FUN_006babd0	74	unknown
006bac20	FUN_006bac20	182	unknown
006bace0	FUN_006bace0	127	unknown
006bad60	FUN_006bad60	74	unknown
006badb0	FUN_006badb0	257	unknown
006baec0	FUN_006baec0	93	unknown
006baf20	FUN_006baf20	220	unknown
006bb000	FUN_006bb000	127	unknown
006bb080	FUN_006bb080	35	unknown
006bb0b0	FUN_006bb0b0	257	unknown
006bb1c0	FUN_006bb1c0	70	unknown
006bb210	FUN_006bb210	220	unknown
006bb2f0	FUN_006bb2f0	127	unknown
006bb370	FUN_006bb370	41	unknown
006bb3a0	FUN_006bb3a0	127	unknown
006bb420	FUN_006bb420	14	unknown
006bb430	FUN_006bb430	41	unknown
006bb460	FUN_006bb460	127	unknown
006bb4e0	FUN_006bb4e0	41	unknown
006bb510	FUN_006bb510	257	unknown
006bb620	FUN_006bb620	14	unknown
006bb630	FUN_006bb630	87	unknown
006bb690	FUN_006bb690	236	unknown
006bb780	FUN_006bb780	189	unknown
006bb840	FUN_006bb840	257	unknown
006bb950	FUN_006bb950	14	unknown
006bb960	FUN_006bb960	87	unknown
006bb9c0	FUN_006bb9c0	220	unknown
006bbaa0	FUN_006bbaa0	352	unknown
006bbc10	FUN_006bbc10	59	unknown
006bbc50	FUN_006bbc50	388	unknown
006bbde0	FUN_006bbde0	257	unknown
006bbef0	FUN_006bbef0	87	unknown
006bbf50	FUN_006bbf50	220	unknown
006bc030	FUN_006bc030	257	unknown
006bc140	FUN_006bc140	87	unknown
006bc1a0	FUN_006bc1a0	220	unknown
006bc280	FUN_006bc280	257	unknown
006bc390	FUN_006bc390	87	unknown
006bc3f0	FUN_006bc3f0	220	unknown
006bc4d0	FUN_006bc4d0	257	unknown
006bc5e0	FUN_006bc5e0	87	unknown
006bc640	FUN_006bc640	220	unknown
006bc720	FUN_006bc720	257	unknown
006bc830	FUN_006bc830	87	unknown
006bc890	FUN_006bc890	220	unknown
006bc970	FUN_006bc970	364	unknown
006bcaf0	FUN_006bcaf0	51	unknown
006bcb30	FUN_006bcb30	388	unknown
006bccc0	FUN_006bccc0	257	unknown
006bcdd0	FUN_006bcdd0	53	unknown
006bce10	FUN_006bce10	220	unknown
006bcef0	FUN_006bcef0	364	unknown
006bd070	FUN_006bd070	51	unknown
006bd0b0	FUN_006bd0b0	388	unknown
006bd240	FUN_006bd240	257	unknown
006bd350	FUN_006bd350	53	unknown
006bd390	FUN_006bd390	220	unknown
006bd470	FUN_006bd470	364	unknown
006bd5f0	FUN_006bd5f0	51	unknown
006bd630	FUN_006bd630	388	unknown
006bd7c0	FUN_006bd7c0	257	unknown
006bd8d0	FUN_006bd8d0	53	unknown
006bd910	FUN_006bd910	220	unknown
006bd9f0	FUN_006bd9f0	127	unknown
006bda70	FUN_006bda70	31	unknown
006bda90	FUN_006bda90	257	unknown
006bdba0	FUN_006bdba0	78	unknown
006bdbf0	FUN_006bdbf0	220	unknown
006bdcd0	FUN_006bdcd0	279	unknown
006bddf0	FUN_006bddf0	220	unknown
006bded0	FUN_006bded0	95	unknown
006bdf40	FUN_006bdf40	279	unknown
006be060	FUN_006be060	220	unknown
006be140	FUN_006be140	95	unknown
006be1b0	FUN_006be1b0	279	unknown
006be2d0	FUN_006be2d0	220	unknown
006be3b0	FUN_006be3b0	95	unknown
006be420	FUN_006be420	463	unknown
006be610	FUN_006be610	616	unknown
006be880	FUN_006be880	147	unknown
006be920	FUN_006be920	189	unknown
006be9e0	FUN_006be9e0	1191	unknown
006beed0	FUN_006beed0	1789	unknown
006bf5d0	FUN_006bf5d0	255	unknown
006bf6e0	FUN_006bf6e0	127	unknown
006bf760	FUN_006bf760	28	unknown
006bf780	FUN_006bf780	127	unknown
006bf800	FUN_006bf800	28	unknown
006bf820	FUN_006bf820	127	unknown
006bf8a0	FUN_006bf8a0	28	unknown
006bf8c0	FUN_006bf8c0	127	unknown
006bf940	FUN_006bf940	28	unknown
006bf960	FUN_006bf960	127	unknown
006bf9e0	FUN_006bf9e0	28	unknown
006bfa00	FUN_006bfa00	257	unknown
006bfb10	FUN_006bfb10	33	unknown
006bfb40	FUN_006bfb40	220	unknown
006bfc20	FUN_006bfc20	257	unknown
006bfd30	FUN_006bfd30	33	unknown
006bfd60	FUN_006bfd60	220	unknown
006bfe40	FUN_006bfe40	257	unknown
006bff50	FUN_006bff50	33	unknown
006bff80	FUN_006bff80	220	unknown
006c0060	FUN_006c0060	127	unknown
006c00e0	FUN_006c00e0	28	unknown
006c0100	FUN_006c0100	127	unknown
006c0180	FUN_006c0180	28	unknown
006c01a0	FUN_006c01a0	127	unknown
006c0220	FUN_006c0220	28	unknown
006c0240	FUN_006c0240	127	unknown
006c02c0	FUN_006c02c0	28	unknown
006c02e0	FUN_006c02e0	127	unknown
006c0360	FUN_006c0360	28	unknown
006c0380	FUN_006c0380	352	unknown
006c04f0	FUN_006c04f0	39	unknown
006c0520	FUN_006c0520	388	unknown
006c06b0	FUN_006c06b0	257	unknown
006c07c0	FUN_006c07c0	51	unknown
006c0800	FUN_006c0800	220	unknown
006c08e0	FUN_006c08e0	352	unknown
006c0a50	FUN_006c0a50	39	unknown
006c0a80	FUN_006c0a80	388	unknown
006c0c10	FUN_006c0c10	257	unknown
006c0d20	FUN_006c0d20	51	unknown
006c0d60	FUN_006c0d60	220	unknown
006c0e40	FUN_006c0e40	364	unknown
006c0fc0	FUN_006c0fc0	434	unknown
006c1180	FUN_006c1180	72	unknown
006c11d0	FUN_006c11d0	363	unknown
006c1350	FUN_006c1350	446	unknown
006c1510	FUN_006c1510	111	unknown
006c157f	Catch@006c157f	9	unknown
006c15a0	FUN_006c15a0	149	unknown
006c1640	FUN_006c1640	85	unknown
006c16a0	FUN_006c16a0	257	unknown
006c17b0	FUN_006c17b0	84	unknown
006c1810	FUN_006c1810	220	unknown
006c18f0	FUN_006c18f0	257	unknown
006c1a00	FUN_006c1a00	84	unknown
006c1a60	FUN_006c1a60	220	unknown
006c1b40	FUN_006c1b40	257	unknown
006c1c50	FUN_006c1c50	51	unknown
006c1c90	FUN_006c1c90	220	unknown
006c1d70	FUN_006c1d70	257	unknown
006c1e80	FUN_006c1e80	51	unknown
006c1ec0	FUN_006c1ec0	220	unknown
006c1fa0	FUN_006c1fa0	279	unknown
006c20c0	FUN_006c20c0	220	unknown
006c21a0	FUN_006c21a0	95	unknown
006c2210	FUN_006c2210	257	unknown
006c2320	FUN_006c2320	51	unknown
006c2360	FUN_006c2360	220	unknown
006c2440	FUN_006c2440	279	unknown
006c2560	FUN_006c2560	220	unknown
006c2640	FUN_006c2640	95	unknown
006c26b0	FUN_006c26b0	374	unknown
006c2840	FUN_006c2840	388	unknown
006c29d0	FUN_006c29d0	96	unknown
006c2a40	FUN_006c2a40	257	unknown
006c2b50	FUN_006c2b50	51	unknown
006c2b90	FUN_006c2b90	220	unknown
006c2c70	FUN_006c2c70	364	unknown
006c2df0	FUN_006c2df0	77	unknown
006c2e40	FUN_006c2e40	388	unknown
006c2fd0	FUN_006c2fd0	182	unknown
006c3090	FUN_006c3090	279	unknown
006c31b0	FUN_006c31b0	220	unknown
006c3290	FUN_006c3290	95	unknown
006c3300	FUN_006c3300	279	unknown
006c3420	FUN_006c3420	14	unknown
006c3430	FUN_006c3430	220	unknown
006c3510	FUN_006c3510	95	unknown
006c3580	FUN_006c3580	779	unknown
006c38b0	FUN_006c38b0	1275	unknown
006c3db0	FUN_006c3db0	342	unknown
006c3f10	FUN_006c3f10	257	unknown
006c4020	FUN_006c4020	14	unknown
006c4030	FUN_006c4030	51	unknown
006c4070	FUN_006c4070	220	unknown
006c4150	FUN_006c4150	455	unknown
006c4330	FUN_006c4330	49	unknown
006c4370	FUN_006c4370	553	unknown
006c45a0	FUN_006c45a0	455	unknown
006c4780	FUN_006c4780	49	unknown
006c47c0	FUN_006c47c0	553	unknown
006c49f0	FUN_006c49f0	455	unknown
006c4bd0	FUN_006c4bd0	76	unknown
006c4c20	FUN_006c4c20	553	unknown
006c4e50	FUN_006c4e50	455	unknown
006c5030	FUN_006c5030	76	unknown
006c5080	FUN_006c5080	553	unknown
006c52b0	FUN_006c52b0	352	unknown
006c5420	FUN_006c5420	41	unknown
006c5450	FUN_006c5450	388	unknown
006c55e0	FUN_006c55e0	352	unknown
006c5750	FUN_006c5750	41	unknown
006c5780	FUN_006c5780	388	unknown
006c5910	FUN_006c5910	455	unknown
006c5af0	FUN_006c5af0	49	unknown
006c5b30	FUN_006c5b30	553	unknown
006c5d60	FUN_006c5d60	127	unknown
006c5de0	FUN_006c5de0	42	unknown
006c5e10	FUN_006c5e10	127	unknown
006c5e90	FUN_006c5e90	42	unknown
006c5ec0	FUN_006c5ec0	127	unknown
006c5f40	FUN_006c5f40	42	unknown
006c5f70	FUN_006c5f70	127	unknown
006c5ff0	FUN_006c5ff0	42	unknown
006c6020	FUN_006c6020	127	unknown
006c60a0	FUN_006c60a0	42	unknown
006c6176	FUN_006c6176	21	unknown
006c6190	FUN_006c6190	127	unknown
006c6210	FUN_006c6210	42	unknown
006c6240	FUN_006c6240	127	unknown
006c62c0	FUN_006c62c0	42	unknown
006c62f0	FUN_006c62f0	127	unknown
006c6370	FUN_006c6370	42	unknown
006c63a0	FUN_006c63a0	127	unknown
006c6420	FUN_006c6420	42	unknown
006c6450	FUN_006c6450	192	unknown
006c6510	FUN_006c6510	127	unknown
006c6590	FUN_006c6590	42	unknown
006c65c0	FUN_006c65c0	127	unknown
006c6640	FUN_006c6640	42	unknown
006c6670	FUN_006c6670	127	unknown
006c66f0	FUN_006c66f0	42	unknown
006c6720	FUN_006c6720	127	unknown
006c67a0	FUN_006c67a0	42	unknown
006c67d0	FUN_006c67d0	127	unknown
006c6850	FUN_006c6850	42	unknown
006c6880	FUN_006c6880	127	unknown
006c6900	FUN_006c6900	42	unknown
006c6930	FUN_006c6930	60	unknown
006c696e	FUN_006c696e	10	unknown
006c69b0	FUN_006c69b0	42	unknown
006c69e0	FUN_006c69e0	127	unknown
006c6a60	FUN_006c6a60	42	unknown
006c6a90	FUN_006c6a90	127	unknown
006c6b10	FUN_006c6b10	42	unknown
006c6b40	FUN_006c6b40	127	unknown
006c6bc0	FUN_006c6bc0	42	unknown
006c6bf0	FUN_006c6bf0	257	unknown
006c6d00	FUN_006c6d00	14	unknown
006c6d10	FUN_006c6d10	44	unknown
006c6d40	FUN_006c6d40	220	unknown
006c6e20	FUN_006c6e20	680	unknown
006c70f0	FUN_006c70f0	12	unknown
006c7100	FUN_006c7100	1045	unknown
006c7520	FUN_006c7520	514	unknown
006c7730	FUN_006c7730	257	unknown
006c7840	FUN_006c7840	283	unknown
006c7960	FUN_006c7960	169	unknown
006c7a10	FUN_006c7a10	149	unknown
006c7ab0	FUN_006c7ab0	55	unknown
006c7af0	FUN_006c7af0	257	unknown
006c7c00	FUN_006c7c00	283	unknown
006c7d20	FUN_006c7d20	169	unknown
006c7dd0	FUN_006c7dd0	149	unknown
006c7e70	FUN_006c7e70	86	unknown
006c7ed0	FUN_006c7ed0	257	unknown
006c7fe0	FUN_006c7fe0	68	unknown
006c8030	FUN_006c8030	220	unknown
006c8110	FUN_006c8110	127	unknown
006c8190	FUN_006c8190	29	unknown
006c81b0	FUN_006c81b0	257	unknown
006c82c0	FUN_006c82c0	83	unknown
006c8320	FUN_006c8320	283	unknown
006c8440	FUN_006c8440	127	unknown
006c84c0	FUN_006c84c0	67	unknown
006c8510	FUN_006c8510	214	unknown
006c85f0	FUN_006c85f0	257	unknown
006c8700	FUN_006c8700	83	unknown
006c8760	FUN_006c8760	283	unknown
006c8880	FUN_006c8880	127	unknown
006c8900	FUN_006c8900	60	unknown
006c8940	FUN_006c8940	149	unknown
006c89e0	FUN_006c89e0	86	unknown
006c8a40	FUN_006c8a40	257	unknown
006c8b50	FUN_006c8b50	52	unknown
006c8b90	FUN_006c8b90	220	unknown
006c8c70	FUN_006c8c70	257	unknown
006c8d80	FUN_006c8d80	52	unknown
006c8dc0	FUN_006c8dc0	220	unknown
006c8ea0	FUN_006c8ea0	127	unknown
006c8f20	FUN_006c8f20	42	unknown
006c8f50	FUN_006c8f50	257	unknown
006c9060	FUN_006c9060	52	unknown
006c90a0	FUN_006c90a0	220	unknown
006c9180	FUN_006c9180	364	unknown
006c9300	FUN_006c9300	64	unknown
006c9340	FUN_006c9340	388	unknown
006c94d0	FUN_006c94d0	257	unknown
006c95e0	FUN_006c95e0	88	unknown
006c9640	FUN_006c9640	220	unknown
006c9720	FUN_006c9720	187	unknown
006c97e0	FUN_006c97e0	257	unknown
006c98f0	FUN_006c98f0	97	unknown
006c9960	FUN_006c9960	220	unknown
006c9a40	FUN_006c9a40	364	unknown
006c9bc0	FUN_006c9bc0	49	unknown
006c9c00	FUN_006c9c00	388	unknown
006c9d90	FUN_006c9d90	257	unknown
006c9ea0	FUN_006c9ea0	63	unknown
006c9ee0	FUN_006c9ee0	220	unknown
006c9fc0	FUN_006c9fc0	127	unknown
006ca040	FUN_006ca040	29	unknown
006ca060	FUN_006ca060	149	unknown
006ca100	FUN_006ca100	86	unknown
006ca160	FUN_006ca160	127	unknown
006ca1e0	FUN_006ca1e0	51	unknown
006ca220	FUN_006ca220	257	unknown
006ca330	FUN_006ca330	47	unknown
006ca360	FUN_006ca360	220	unknown
006ca440	FUN_006ca440	127	unknown
006ca4c0	FUN_006ca4c0	41	unknown
006ca4f0	FUN_006ca4f0	364	unknown
006ca670	FUN_006ca670	514	unknown
006ca880	FUN_006ca880	190	unknown
006ca950	FUN_006ca950	149	unknown
006ca9f0	FUN_006ca9f0	86	unknown
006caa50	FUN_006caa50	257	unknown
006cab60	FUN_006cab60	41	unknown
006cab90	FUN_006cab90	220	unknown
006cac70	FUN_006cac70	127	unknown
006cacf0	FUN_006cacf0	49	unknown
006cad30	FUN_006cad30	257	unknown
006cae40	FUN_006cae40	50	unknown
006cae80	FUN_006cae80	220	unknown
006caf60	FUN_006caf60	257	unknown
006cb070	FUN_006cb070	283	unknown
006cb190	FUN_006cb190	115	unknown
006cb210	FUN_006cb210	257	unknown
006cb320	FUN_006cb320	283	unknown
006cb440	FUN_006cb440	115	unknown
006cb4c0	FUN_006cb4c0	257	unknown
006cb5d0	FUN_006cb5d0	283	unknown
006cb6f0	FUN_006cb6f0	123	unknown
006cb770	FUN_006cb770	257	unknown
006cb880	FUN_006cb880	41	unknown
006cb8b0	FUN_006cb8b0	220	unknown
006cb990	FUN_006cb990	257	unknown
006cbaa0	FUN_006cbaa0	47	unknown
006cbad0	FUN_006cbad0	220	unknown
006cbbb0	FUN_006cbbb0	257	unknown
006cbcc0	FUN_006cbcc0	19	unknown
006cbce0	FUN_006cbce0	47	unknown
006cbd10	FUN_006cbd10	220	unknown
006cbdf0	FUN_006cbdf0	257	unknown
006cbf00	FUN_006cbf00	283	unknown
006cc020	FUN_006cc020	115	unknown
006cc0a0	FUN_006cc0a0	257	unknown
006cc1b0	FUN_006cc1b0	283	unknown
006cc2d0	FUN_006cc2d0	150	unknown
006cc370	FUN_006cc370	149	unknown
006cc410	FUN_006cc410	93	unknown
006cc470	FUN_006cc470	257	unknown
006cc580	FUN_006cc580	63	unknown
006cc5c0	FUN_006cc5c0	220	unknown
006cc6a0	FUN_006cc6a0	257	unknown
006cc7b0	FUN_006cc7b0	60	unknown
006cc7f0	FUN_006cc7f0	220	unknown
006cc8d0	FUN_006cc8d0	182	unknown
006cc990	FUN_006cc990	257	unknown
006ccaa0	FUN_006ccaa0	59	unknown
006ccae0	FUN_006ccae0	220	unknown
006ccbc0	FUN_006ccbc0	257	unknown
006cccd0	FUN_006cccd0	59	unknown
006ccd10	FUN_006ccd10	220	unknown
006ccdf0	FUN_006ccdf0	257	unknown
006ccf00	FUN_006ccf00	59	unknown
006ccf40	FUN_006ccf40	220	unknown
006cd020	FUN_006cd020	257	unknown
006cd130	FUN_006cd130	59	unknown
006cd170	FUN_006cd170	220	unknown
006cd250	FUN_006cd250	279	unknown
006cd370	FUN_006cd370	220	unknown
006cd450	FUN_006cd450	65	unknown
006cd4a0	FUN_006cd4a0	257	unknown
006cd5b0	FUN_006cd5b0	283	unknown
006cd6d0	FUN_006cd6d0	136	unknown
006cd760	FUN_006cd760	257	unknown
006cd870	FUN_006cd870	283	unknown
006cd990	FUN_006cd990	116	unknown
006cda10	FUN_006cda10	257	unknown
006cdb20	FUN_006cdb20	88	unknown
006cdb80	FUN_006cdb80	220	unknown
006cdc60	FUN_006cdc60	278	unknown
006cdd80	FUN_006cdd80	283	unknown
006cdea0	FUN_006cdea0	207	unknown
006cdf80	FUN_006cdf80	578	unknown
006ce1e0	FUN_006ce1e0	908	unknown
006ce570	FUN_006ce570	167	unknown
006ce620	FUN_006ce620	149	unknown
006ce6c0	FUN_006ce6c0	14	unknown
006ce6d0	FUN_006ce6d0	85	unknown
006ce730	FUN_006ce730	257	unknown
006ce840	FUN_006ce840	18	unknown
006ce860	FUN_006ce860	119	unknown
006ce8e0	FUN_006ce8e0	283	unknown
006cea00	FUN_006cea00	257	unknown
006ceb10	FUN_006ceb10	119	unknown
006ceb90	FUN_006ceb90	283	unknown
006cecb0	FUN_006cecb0	257	unknown
006cedc0	FUN_006cedc0	84	unknown
006cee20	FUN_006cee20	220	unknown
006cef00	FUN_006cef00	182	unknown
006cefc0	FUN_006cefc0	257	unknown
006cf0d0	FUN_006cf0d0	80	unknown
006cf120	FUN_006cf120	220	unknown
006cf200	FUN_006cf200	279	unknown
006cf320	FUN_006cf320	14	unknown
006cf330	FUN_006cf330	283	unknown
006cf450	FUN_006cf450	199	unknown
006cf520	FUN_006cf520	279	unknown
006cf640	FUN_006cf640	283	unknown
006cf760	FUN_006cf760	218	unknown
006cf840	FUN_006cf840	257	unknown
006cf950	FUN_006cf950	18	unknown
006cf970	FUN_006cf970	80	unknown
006cf9c0	FUN_006cf9c0	220	unknown
006cfaa0	FUN_006cfaa0	257	unknown
006cfbb0	FUN_006cfbb0	89	unknown
006cfc10	FUN_006cfc10	220	unknown
006cfcf0	FUN_006cfcf0	257	unknown
006cfe00	FUN_006cfe00	89	unknown
006cfe60	FUN_006cfe60	220	unknown
006cff40	FUN_006cff40	257	unknown
006d0050	FUN_006d0050	89	unknown
006d00b0	FUN_006d00b0	220	unknown
006d0190	FUN_006d0190	257	unknown
006d02a0	FUN_006d02a0	80	unknown
006d02f0	FUN_006d02f0	220	unknown
006d03d0	FUN_006d03d0	257	unknown
006d04e0	FUN_006d04e0	80	unknown
006d0530	FUN_006d0530	220	unknown
006d0610	FUN_006d0610	257	unknown
006d0720	FUN_006d0720	50	unknown
006d0760	FUN_006d0760	220	unknown
006d0840	FUN_006d0840	279	unknown
006d0960	FUN_006d0960	283	unknown
006d0a80	FUN_006d0a80	199	unknown
006d0b50	FUN_006d0b50	366	unknown
006d0cd0	FUN_006d0cd0	14	unknown
006d0ce0	FUN_006d0ce0	513	unknown
006d0ef0	FUN_006d0ef0	286	unknown
006d1020	FUN_006d1020	279	unknown
006d1140	FUN_006d1140	283	unknown
006d1260	FUN_006d1260	218	unknown
006d1340	FUN_006d1340	257	unknown
006d1450	FUN_006d1450	55	unknown
006d1490	FUN_006d1490	160	unknown
006d1530	FUN_006d1530	220	unknown
006d1610	FUN_006d1610	257	unknown
006d1720	FUN_006d1720	160	unknown
006d17c0	FUN_006d17c0	220	unknown
006d18a0	FUN_006d18a0	257	unknown
006d19b0	FUN_006d19b0	151	unknown
006d1a50	FUN_006d1a50	220	unknown
006d1b30	FUN_006d1b30	257	unknown
006d1c40	FUN_006d1c40	166	unknown
006d1cf0	FUN_006d1cf0	220	unknown
006d1dd0	FUN_006d1dd0	257	unknown
006d1ee0	FUN_006d1ee0	58	unknown
006d1f20	FUN_006d1f20	166	unknown
006d1fd0	FUN_006d1fd0	220	unknown
006d20b0	FUN_006d20b0	257	unknown
006d21c0	FUN_006d21c0	166	unknown
006d2270	FUN_006d2270	220	unknown
006d2350	FUN_006d2350	257	unknown
006d2460	FUN_006d2460	166	unknown
006d2510	FUN_006d2510	220	unknown
006d25f0	FUN_006d25f0	257	unknown
006d2700	FUN_006d2700	178	unknown
006d27c0	FUN_006d27c0	220	unknown
006d28a0	FUN_006d28a0	257	unknown
006d29b0	FUN_006d29b0	166	unknown
006d2a60	FUN_006d2a60	220	unknown
006d2b40	FUN_006d2b40	257	unknown
006d2c50	FUN_006d2c50	152	unknown
006d2cf0	FUN_006d2cf0	220	unknown
006d2dd0	FUN_006d2dd0	352	unknown
006d2f40	FUN_006d2f40	96	unknown
006d2fa0	FUN_006d2fa0	388	unknown
006d3130	FUN_006d3130	352	unknown
006d32a0	FUN_006d32a0	96	unknown
006d3300	FUN_006d3300	388	unknown
006d3490	FUN_006d3490	127	unknown
006d3510	FUN_006d3510	87	unknown
006d3570	FUN_006d3570	257	unknown
006d3680	FUN_006d3680	56	unknown
006d36c0	FUN_006d36c0	67	unknown
006d3710	FUN_006d3710	220	unknown
006d37f0	FUN_006d37f0	257	unknown
006d3900	FUN_006d3900	69	unknown
006d3950	FUN_006d3950	220	unknown
006d3a30	FUN_006d3a30	257	unknown
006d3b40	FUN_006d3b40	69	unknown
006d3b90	FUN_006d3b90	220	unknown
006d3c70	FUN_006d3c70	257	unknown
006d3d80	FUN_006d3d80	58	unknown
006d3dc0	FUN_006d3dc0	101	unknown
006d3e30	FUN_006d3e30	236	unknown
006d3f20	FUN_006d3f20	257	unknown
006d4030	FUN_006d4030	151	unknown
006d40d0	FUN_006d40d0	220	unknown
006d41b0	FUN_006d41b0	352	unknown
006d4320	FUN_006d4320	388	unknown
006d44b0	FUN_006d44b0	91	unknown
006d4510	FUN_006d4510	17	unknown
006d4530	FUN_006d4530	352	unknown
006d46a0	FUN_006d46a0	388	unknown
006d4830	FUN_006d4830	91	unknown
006d4890	FUN_006d4890	17	unknown
006d48b0	FUN_006d48b0	257	unknown
006d49c0	FUN_006d49c0	58	unknown
006d4a00	FUN_006d4a00	151	unknown
006d4aa0	FUN_006d4aa0	220	unknown
006d4b80	FUN_006d4b80	182	unknown
006d4c40	FUN_006d4c40	257	unknown
006d4d50	FUN_006d4d50	69	unknown
006d4da0	FUN_006d4da0	220	unknown
006d4e80	FUN_006d4e80	257	unknown
006d4f90	FUN_006d4f90	69	unknown
006d4fe0	FUN_006d4fe0	220	unknown
006d50c0	FUN_006d50c0	257	unknown
006d51d0	FUN_006d51d0	69	unknown
006d5220	FUN_006d5220	220	unknown
006d5300	FUN_006d5300	131	unknown
006d5390	FUN_006d5390	77	unknown
006d53e0	FUN_006d53e0	131	unknown
006d5470	FUN_006d5470	77	unknown
006d54c0	FUN_006d54c0	131	unknown
006d5550	FUN_006d5550	77	unknown
006d55a0	FUN_006d55a0	257	unknown
006d56b0	FUN_006d56b0	166	unknown
006d5760	FUN_006d5760	220	unknown
006d5840	FUN_006d5840	257	unknown
006d5950	FUN_006d5950	166	unknown
006d5a00	FUN_006d5a00	220	unknown
006d5ae0	FUN_006d5ae0	257	unknown
006d5bf0	FUN_006d5bf0	58	unknown
006d5c30	FUN_006d5c30	166	unknown
006d5ce0	FUN_006d5ce0	220	unknown
006d5dc0	FUN_006d5dc0	257	unknown
006d5ed0	FUN_006d5ed0	166	unknown
006d5f80	FUN_006d5f80	220	unknown
006d6060	FUN_006d6060	257	unknown
006d6170	FUN_006d6170	166	unknown
006d6220	FUN_006d6220	220	unknown
006d6300	FUN_006d6300	257	unknown
006d6474	FUN_006d6474	66	unknown
006d6552	FUN_006d6552	74	unknown
006d65a0	FUN_006d65a0	257	unknown
006d66b0	FUN_006d66b0	166	unknown
006d6760	FUN_006d6760	220	unknown
006d6840	FUN_006d6840	257	unknown
006d6950	FUN_006d6950	166	unknown
006d6a00	FUN_006d6a00	220	unknown
006d6ae0	FUN_006d6ae0	257	unknown
006d6bf0	FUN_006d6bf0	166	unknown
006d6ca0	FUN_006d6ca0	220	unknown
006d6d80	FUN_006d6d80	257	unknown
006d6e90	FUN_006d6e90	166	unknown
006d6f40	FUN_006d6f40	220	unknown
006d7020	FUN_006d7020	257	unknown
006d7130	FUN_006d7130	166	unknown
006d71e0	FUN_006d71e0	220	unknown
006d72c0	FUN_006d72c0	257	unknown
006d73d0	FUN_006d73d0	166	unknown
006d7480	FUN_006d7480	220	unknown
006d7560	FUN_006d7560	257	unknown
006d7670	FUN_006d7670	166	unknown
006d7720	FUN_006d7720	220	unknown
006d7800	FUN_006d7800	257	unknown
006d7910	FUN_006d7910	166	unknown
006d79c0	FUN_006d79c0	220	unknown
006d7aa0	FUN_006d7aa0	257	unknown
006d7bb0	FUN_006d7bb0	166	unknown
006d7c60	FUN_006d7c60	220	unknown
006d7d40	FUN_006d7d40	257	unknown
006d7e50	FUN_006d7e50	166	unknown
006d7f00	FUN_006d7f00	220	unknown
006d7fe0	FUN_006d7fe0	257	unknown
006d80f0	FUN_006d80f0	166	unknown
006d81a0	FUN_006d81a0	220	unknown
006d8280	FUN_006d8280	257	unknown
006d8390	FUN_006d8390	166	unknown
006d8440	FUN_006d8440	220	unknown
006d8520	FUN_006d8520	257	unknown
006d8630	FUN_006d8630	166	unknown
006d86e0	FUN_006d86e0	220	unknown
006d87c0	FUN_006d87c0	257	unknown
006d88d0	FUN_006d88d0	151	unknown
006d8970	FUN_006d8970	220	unknown
006d8a50	FUN_006d8a50	257	unknown
006d8b60	FUN_006d8b60	151	unknown
006d8c00	FUN_006d8c00	220	unknown
006d8ce0	FUN_006d8ce0	257	unknown
006d8df0	FUN_006d8df0	151	unknown
006d8e90	FUN_006d8e90	220	unknown
006d8f70	FUN_006d8f70	257	unknown
006d9080	FUN_006d9080	151	unknown
006d9120	FUN_006d9120	220	unknown
006d9200	FUN_006d9200	257	unknown
006d9310	FUN_006d9310	151	unknown
006d93b0	FUN_006d93b0	220	unknown
006d9490	FUN_006d9490	257	unknown
006d95a0	FUN_006d95a0	151	unknown
006d9640	FUN_006d9640	220	unknown
006d9720	FUN_006d9720	257	unknown
006d9830	FUN_006d9830	114	unknown
006d98b0	FUN_006d98b0	236	unknown
006d99a0	FUN_006d99a0	257	unknown
006d9ab0	FUN_006d9ab0	114	unknown
006d9b30	FUN_006d9b30	236	unknown
006d9c20	FUN_006d9c20	257	unknown
006d9d30	FUN_006d9d30	160	unknown
006d9dd0	FUN_006d9dd0	220	unknown
006d9eb0	FUN_006d9eb0	257	unknown
006d9fc0	FUN_006d9fc0	151	unknown
006da060	FUN_006da060	220	unknown
006da140	FUN_006da140	257	unknown
006da250	FUN_006da250	160	unknown
006da2f0	FUN_006da2f0	220	unknown
006da3d0	FUN_006da3d0	257	unknown
006da4e0	FUN_006da4e0	160	unknown
006da580	FUN_006da580	220	unknown
006da660	FUN_006da660	257	unknown
006da770	FUN_006da770	151	unknown
006da810	FUN_006da810	220	unknown
006da8f0	FUN_006da8f0	257	unknown
006daa00	FUN_006daa00	151	unknown
006daaa0	FUN_006daaa0	220	unknown
006dab80	FUN_006dab80	257	unknown
006dac90	FUN_006dac90	53	unknown
006dacd0	FUN_006dacd0	151	unknown
006dad70	FUN_006dad70	220	unknown
006dae50	FUN_006dae50	257	unknown
006daf60	FUN_006daf60	151	unknown
006db000	FUN_006db000	220	unknown
006db0e0	FUN_006db0e0	257	unknown
006db1f0	FUN_006db1f0	14	unknown
006db200	FUN_006db200	33	unknown
006db230	FUN_006db230	220	unknown
006db310	FUN_006db310	364	unknown
006db490	FUN_006db490	47	unknown
006db4c0	FUN_006db4c0	388	unknown
006db650	FUN_006db650	463	unknown
006db840	FUN_006db840	67	unknown
006db890	FUN_006db890	553	unknown
006dbac0	FUN_006dbac0	364	unknown
006dbc40	FUN_006dbc40	47	unknown
006dbc70	FUN_006dbc70	388	unknown
006dbe00	FUN_006dbe00	364	unknown
006dbf80	FUN_006dbf80	47	unknown
006dbfb0	FUN_006dbfb0	388	unknown
006dc140	FUN_006dc140	279	unknown
006dc260	FUN_006dc260	14	unknown
006dc270	FUN_006dc270	283	unknown
006dc390	FUN_006dc390	199	unknown
006dc460	FUN_006dc460	279	unknown
006dc580	FUN_006dc580	283	unknown
006dc6a0	FUN_006dc6a0	218	unknown
006dc780	FUN_006dc780	257	unknown
006dc890	FUN_006dc890	78	unknown
006dc8e0	FUN_006dc8e0	220	unknown
006dc9c0	FUN_006dc9c0	257	unknown
006dcad0	FUN_006dcad0	88	unknown
006dcb30	FUN_006dcb30	220	unknown
006dcc10	FUN_006dcc10	257	unknown
006dcd20	FUN_006dcd20	122	unknown
006dcda0	FUN_006dcda0	220	unknown
006dce80	FUN_006dce80	257	unknown
006dcf90	FUN_006dcf90	61	unknown
006dcfd0	FUN_006dcfd0	220	unknown
006dd0b0	FUN_006dd0b0	257	unknown
006dd1c0	FUN_006dd1c0	80	unknown
006dd210	FUN_006dd210	220	unknown
006dd2f0	FUN_006dd2f0	257	unknown
006dd400	FUN_006dd400	137	unknown
006dd490	FUN_006dd490	220	unknown
006dd570	FUN_006dd570	257	unknown
006dd680	FUN_006dd680	80	unknown
006dd6d0	FUN_006dd6d0	220	unknown
006dd7b0	FUN_006dd7b0	257	unknown
006dd8c0	FUN_006dd8c0	93	unknown
006dd920	FUN_006dd920	220	unknown
006dda00	FUN_006dda00	257	unknown
006ddb10	FUN_006ddb10	80	unknown
006ddb60	FUN_006ddb60	220	unknown
006ddc40	FUN_006ddc40	257	unknown
006ddd50	FUN_006ddd50	89	unknown
006dddb0	FUN_006dddb0	220	unknown
006dde90	FUN_006dde90	257	unknown
006ddfa0	FUN_006ddfa0	18	unknown
006ddfc0	FUN_006ddfc0	89	unknown
006de020	FUN_006de020	220	unknown
006de100	FUN_006de100	257	unknown
006de210	FUN_006de210	89	unknown
006de270	FUN_006de270	220	unknown
006de350	FUN_006de350	257	unknown
006de460	FUN_006de460	89	unknown
006de4c0	FUN_006de4c0	220	unknown
006de5a0	FUN_006de5a0	257	unknown
006de6b0	FUN_006de6b0	80	unknown
006de700	FUN_006de700	220	unknown
006de7e0	FUN_006de7e0	257	unknown
006de8f0	FUN_006de8f0	80	unknown
006de940	FUN_006de940	220	unknown
006dea20	FUN_006dea20	257	unknown
006deb30	FUN_006deb30	93	unknown
006deb90	FUN_006deb90	220	unknown
006dec70	FUN_006dec70	257	unknown
006ded80	FUN_006ded80	89	unknown
006dede0	FUN_006dede0	220	unknown
006deec0	FUN_006deec0	257	unknown
006defd0	FUN_006defd0	89	unknown
006df030	FUN_006df030	220	unknown
006df110	FUN_006df110	257	unknown
006df220	FUN_006df220	27	unknown
006df240	FUN_006df240	220	unknown
006df320	FUN_006df320	364	unknown
006df4a0	FUN_006df4a0	47	unknown
006df4d0	FUN_006df4d0	388	unknown
006df660	FUN_006df660	386	unknown
006df7f0	FUN_006df7f0	451	unknown
006df9c0	FUN_006df9c0	205	unknown
006dfaa0	FUN_006dfaa0	279	unknown
006dfbc0	FUN_006dfbc0	14	unknown
006dfbd0	FUN_006dfbd0	283	unknown
006dfcf0	FUN_006dfcf0	218	unknown
006dfdd0	FUN_006dfdd0	257	unknown
006dfee0	FUN_006dfee0	27	unknown
006dff00	FUN_006dff00	220	unknown
006dffe0	FUN_006dffe0	352	unknown
006e0150	FUN_006e0150	18	unknown
006e0170	FUN_006e0170	46	unknown
006e01a0	FUN_006e01a0	388	unknown
006e0330	FUN_006e0330	257	unknown
006e0440	FUN_006e0440	220	unknown
006e0520	FUN_006e0520	364	unknown
006e06a0	FUN_006e06a0	47	unknown
006e06d0	FUN_006e06d0	388	unknown
006e0860	FUN_006e0860	127	unknown
006e08e0	FUN_006e08e0	47	unknown
006e0910	FUN_006e0910	182	unknown
006e09d0	FUN_006e09d0	279	unknown
006e0af0	FUN_006e0af0	12	unknown
006e0b00	FUN_006e0b00	283	unknown
006e0c20	FUN_006e0c20	176	unknown
006e0ce0	FUN_006e0ce0	127	unknown
006e0d60	FUN_006e0d60	35	unknown
006e0d90	FUN_006e0d90	279	unknown
006e0eb0	FUN_006e0eb0	283	unknown
006e0fd0	FUN_006e0fd0	149	unknown
006e1070	FUN_006e1070	279	unknown
006e1190	FUN_006e1190	283	unknown
006e12b0	FUN_006e12b0	149	unknown
006e1350	FUN_006e1350	149	unknown
006e13f0	FUN_006e13f0	54	unknown
006e1430	FUN_006e1430	191	unknown
006e14f0	FUN_006e14f0	279	unknown
006e1610	FUN_006e1610	220	unknown
006e16f0	FUN_006e16f0	64	unknown
006e1730	FUN_006e1730	279	unknown
006e1850	FUN_006e1850	220	unknown
006e1930	FUN_006e1930	64	unknown
006e1970	FUN_006e1970	279	unknown
006e1a90	FUN_006e1a90	220	unknown
006e1b70	FUN_006e1b70	64	unknown
006e1bb0	FUN_006e1bb0	279	unknown
006e1cd0	FUN_006e1cd0	283	unknown
006e1df0	FUN_006e1df0	149	unknown
006e1e90	FUN_006e1e90	54	unknown
006e1ed0	FUN_006e1ed0	386	unknown
006e2060	FUN_006e2060	451	unknown
006e2230	FUN_006e2230	157	unknown
006e22d0	FUN_006e22d0	465	unknown
006e24c0	FUN_006e24c0	738	unknown
006e27b0	FUN_006e27b0	277	unknown
006e28d0	FUN_006e28d0	465	unknown
006e2ac0	FUN_006e2ac0	738	unknown
006e2db0	FUN_006e2db0	277	unknown
006e2ed0	FUN_006e2ed0	257	unknown
006e2fe0	FUN_006e2fe0	12	unknown
006e2ff0	FUN_006e2ff0	68	unknown
006e3040	FUN_006e3040	220	unknown
006e3120	FUN_006e3120	257	unknown
006e3230	FUN_006e3230	14	unknown
006e3240	FUN_006e3240	220	unknown
006e3320	FUN_006e3320	279	unknown
006e3440	FUN_006e3440	14	unknown
006e3450	FUN_006e3450	283	unknown
006e3570	FUN_006e3570	152	unknown
006e3610	FUN_006e3610	127	unknown
006e3690	FUN_006e3690	17	unknown
006e36b0	FUN_006e36b0	78	unknown
006e3700	FUN_006e3700	257	unknown
006e3810	FUN_006e3810	64	unknown
006e3850	FUN_006e3850	283	unknown
006e3970	FUN_006e3970	154	unknown
006e3a10	FUN_006e3a10	257	unknown
006e3b20	FUN_006e3b20	17	unknown
006e3b40	FUN_006e3b40	283	unknown
006e3c60	FUN_006e3c60	156	unknown
006e3d00	FUN_006e3d00	257	unknown
006e3e10	FUN_006e3e10	17	unknown
006e3e30	FUN_006e3e30	54	unknown
006e3e70	FUN_006e3e70	283	unknown
006e3f90	FUN_006e3f90	156	unknown
006e4030	FUN_006e4030	257	unknown
006e4140	FUN_006e4140	17	unknown
006e4160	FUN_006e4160	53	unknown
006e41a0	FUN_006e41a0	283	unknown
006e42c0	FUN_006e42c0	155	unknown
006e4360	FUN_006e4360	257	unknown
006e4470	FUN_006e4470	65	unknown
006e44c0	FUN_006e44c0	100	unknown
006e4530	FUN_006e4530	220	unknown
006e4610	FUN_006e4610	257	unknown
006e4720	FUN_006e4720	42	unknown
006e4750	FUN_006e4750	220	unknown
006e4830	FUN_006e4830	278	unknown
006e4950	FUN_006e4950	12	unknown
006e4960	FUN_006e4960	283	unknown
006e4a80	FUN_006e4a80	209	unknown
006e4b60	FUN_006e4b60	386	unknown
006e4cf0	FUN_006e4cf0	451	unknown
006e4ec0	FUN_006e4ec0	158	unknown
006e4f70	FUN_006e4f70	386	unknown
006e5100	FUN_006e5100	451	unknown
006e52d0	FUN_006e52d0	158	unknown
006e5380	FUN_006e5380	386	unknown
006e5510	FUN_006e5510	451	unknown
006e56e0	FUN_006e56e0	158	unknown
006e5790	FUN_006e5790	386	unknown
006e5920	FUN_006e5920	451	unknown
006e5af0	FUN_006e5af0	158	unknown
006e5ba0	FUN_006e5ba0	386	unknown
006e5d30	FUN_006e5d30	451	unknown
006e5f00	FUN_006e5f00	158	unknown
006e5fb0	FUN_006e5fb0	386	unknown
006e6140	FUN_006e6140	12	unknown
006e616c	FUN_006e616c	200	unknown
006e6320	FUN_006e6320	158	unknown
006e63d0	FUN_006e63d0	279	unknown
006e64f0	FUN_006e64f0	14	unknown
006e6500	FUN_006e6500	283	unknown
006e6620	FUN_006e6620	149	unknown
006e66c0	FUN_006e66c0	149	unknown
006e6760	FUN_006e6760	48	unknown
006e6790	FUN_006e6790	149	unknown
006e6830	FUN_006e6830	48	unknown
006e6860	FUN_006e6860	149	unknown
006e6900	FUN_006e6900	48	unknown
006e6930	FUN_006e6930	44	unknown
006e6961	FUN_006e6961	100	unknown
006e69d0	FUN_006e69d0	48	unknown
006e6a00	FUN_006e6a00	149	unknown
006e6aa0	FUN_006e6aa0	20	unknown
006e6ac0	FUN_006e6ac0	48	unknown
006e6af0	FUN_006e6af0	279	unknown
006e6c10	FUN_006e6c10	220	unknown
006e6cf0	FUN_006e6cf0	57	unknown
006e6d30	FUN_006e6d30	149	unknown
006e6dd0	FUN_006e6dd0	48	unknown
006e6e00	FUN_006e6e00	149	unknown
006e6ea0	FUN_006e6ea0	48	unknown
006e6ed0	FUN_006e6ed0	149	unknown
006e6f70	FUN_006e6f70	48	unknown
006e6fa0	FUN_006e6fa0	149	unknown
006e7040	FUN_006e7040	48	unknown
006e7070	FUN_006e7070	149	unknown
006e7110	FUN_006e7110	48	unknown
006e7140	FUN_006e7140	149	unknown
006e71e0	FUN_006e71e0	48	unknown
006e7210	FUN_006e7210	149	unknown
006e72b0	FUN_006e72b0	48	unknown
006e72e0	FUN_006e72e0	279	unknown
006e7400	FUN_006e7400	220	unknown
006e74e0	FUN_006e74e0	279	unknown
006e7600	FUN_006e7600	220	unknown
006e76e0	FUN_006e76e0	57	unknown
006e7720	FUN_006e7720	279	unknown
006e7840	FUN_006e7840	283	unknown
006e7960	FUN_006e7960	142	unknown
006e7a00	FUN_006e7a00	257	unknown
006e7b10	FUN_006e7b10	28	unknown
006e7b30	FUN_006e7b30	220	unknown
006e7c10	FUN_006e7c10	257	unknown
006e7d20	FUN_006e7d20	35	unknown
006e7d50	FUN_006e7d50	220	unknown
006e7e30	FUN_006e7e30	257	unknown
006e7f40	FUN_006e7f40	28	unknown
006e7f60	FUN_006e7f60	220	unknown
006e8040	FUN_006e8040	257	unknown
006e8150	FUN_006e8150	54	unknown
006e8190	FUN_006e8190	236	unknown
006e8280	FUN_006e8280	257	unknown
006e8390	FUN_006e8390	54	unknown
006e83d0	FUN_006e83d0	150	unknown
006e8470	FUN_006e8470	220	unknown
006e8550	FUN_006e8550	72	unknown
006e85a0	FUN_006e85a0	150	unknown
006e8636	Catch@006e8636	17	unknown
006e8650	FUN_006e8650	104	unknown
006e86b8	Catch@006e86b8	46	unknown
006e86f0	FUN_006e86f0	51	unknown
006e8730	FUN_006e8730	111	unknown
006e879f	Catch@006e879f	9	unknown
006e87c0	FUN_006e87c0	158	unknown
006e8890	FUN_006e8890	19	unknown
006e88b0	FUN_006e88b0	23	unknown
006e88d0	FUN_006e88d0	4	unknown
006e88e0	FUN_006e88e0	30	unknown
006e8900	FUN_006e8900	35	unknown
006e8930	FUN_006e8930	39	unknown
006e8960	FUN_006e8960	107	unknown
006e89cb	Catch@006e89cb	9	unknown
006e89e0	FUN_006e89e0	336	unknown
006e8b30	FUN_006e8b30	168	unknown
006e8be0	FUN_006e8be0	303	unknown
006e8d10	FUN_006e8d10	43	unknown
006e8d50	FUN_006e8d50	117	unknown
006e8dc5	Catch@006e8dc5	9	unknown
006e8de0	FUN_006e8de0	138	unknown
006e8e6a	Catch@006e8e6a	9	unknown
006e8e80	FUN_006e8e80	102	unknown
006e8ee6	Catch@006e8ee6	9	unknown
006e8ef0	FUN_006e8ef0	172	unknown
006e8fa0	FUN_006e8fa0	208	unknown
006e9070	FUN_006e9070	100	unknown
006e90e0	FUN_006e90e0	27	unknown
006e9100	FUN_006e9100	1306	unknown
006e9620	FUN_006e9620	103	unknown
006e9690	FUN_006e9690	105	unknown
006e9700	FUN_006e9700	41	unknown
006e9730	FUN_006e9730	223	unknown
006e9810	FUN_006e9810	183	unknown
006e98d0	FUN_006e98d0	428	unknown
006e9a80	FUN_006e9a80	159	unknown
006e9b20	FUN_006e9b20	208	unknown
006e9bf0	FUN_006e9bf0	494	unknown
006e9de0	FUN_006e9de0	102	unknown
006e9e50	FUN_006e9e50	185	unknown
006e9f10	FUN_006e9f10	90	unknown
006e9f70	FUN_006e9f70	636	unknown
006ea117	Catch@006ea117	9	unknown
006ea210	FUN_006ea210	310	unknown
006ea350	FUN_006ea350	90	unknown
006ea3b0	FUN_006ea3b0	103	unknown
006ea420	FUN_006ea420	66	unknown
006ea470	FUN_006ea470	736	unknown
006ea750	FUN_006ea750	60	unknown
006ea7d0	FUN_006ea7d0	305	unknown
006ea910	FUN_006ea910	84	unknown
006ea970	FUN_006ea970	128	unknown
006ea9f0	AILODManager__v0_slot00	27	unknown
006eaa10	FUN_006eaa10	168	unknown
006eaad0	FUN_006eaad0	407	unknown
006eac70	FUN_006eac70	1658	unknown
006eb2f0	AILODManager__v0_slot01	58	unknown
006eb330	FUN_006eb330	165	unknown
006eb3e0	FUN_006eb3e0	162	unknown
006eb490	FUN_006eb490	25	unknown
006eb4b0	FUN_006eb4b0	23	unknown
006eb4d0	FUN_006eb4d0	10	unknown
006eb4e0	FUN_006eb4e0	36	unknown
006eb510	FUN_006eb510	80	unknown
006eb560	FUN_006eb560	42	unknown
006eb590	FUN_006eb590	20	unknown
006eb5b0	FUN_006eb5b0	20	unknown
006eb5d0	FUN_006eb5d0	20	unknown
006eb5f0	FUN_006eb5f0	24	unknown
006eb610	FUN_006eb610	42	unknown
006eb640	FUN_006eb640	99	unknown
006eb6b0	FUN_006eb6b0	140	unknown
006eb740	FUN_006eb740	67	unknown
006eb790	FUN_006eb790	153	unknown
006eb830	FUN_006eb830	30	unknown
006eb850	FUN_006eb850	45	unknown
006eb880	FUN_006eb880	296	unknown
006eb9b0	FUN_006eb9b0	117	unknown
006eba25	Catch@006eba25	9	unknown
006eba40	FUN_006eba40	138	unknown
006ebaca	Catch@006ebaca	9	unknown
006ebae0	FUN_006ebae0	117	unknown
006ebb55	Catch@006ebb55	9	unknown
006ebb70	FUN_006ebb70	43	unknown
006ebbb0	FUN_006ebbb0	428	unknown
006ebd60	FUN_006ebd60	428	unknown
006ebf10	FUN_006ebf10	157	unknown
006ebfb0	FUN_006ebfb0	185	unknown
006ec070	FUN_006ec070	185	unknown
006ec1f0	FUN_006ec1f0	90	unknown
006ec250	FUN_006ec250	90	unknown
006ec2b0	FUN_006ec2b0	361	unknown
006ec420	FUN_006ec420	361	unknown
006ec590	FUN_006ec590	361	unknown
006ec700	FUN_006ec700	121	unknown
006ec780	FUN_006ec780	137	unknown
006ec810	FUN_006ec810	118	unknown
006ec890	FUN_006ec890	150	unknown
006ec9d0	FUN_006ec9d0	53	unknown
006ecb00	FUN_006ecb00	137	unknown
006ecb90	FUN_006ecb90	22	unknown
006ecbb0	FUN_006ecbb0	846	unknown
006ecf00	FUN_006ecf00	324	unknown
006ed050	FUN_006ed050	42	unknown
006ed080	FUN_006ed080	371	unknown
006ed200	FUN_006ed200	773	unknown
006ed540	FUN_006ed540	505	unknown
006ed740	FUN_006ed740	2609	unknown
006ee1a0	FUN_006ee1a0	38	unknown
006ee1d0	FUN_006ee1d0	14	unknown
006ee1e0	FUN_006ee1e0	84	unknown
006ee240	FUN_006ee240	107	unknown
006ee2ab	Catch@006ee2ab	9	unknown
006ee2c0	FUN_006ee2c0	107	unknown
006ee32b	Catch@006ee32b	9	unknown
006ee340	FUN_006ee340	102	unknown
006ee3a6	Catch@006ee3a6	9	unknown
006ee3b0	FUN_006ee3b0	102	unknown
006ee416	Catch@006ee416	9	unknown
006ee420	FUN_006ee420	28	unknown
006ee440	FUN_006ee440	27	unknown
006ee460	FUN_006ee460	27	unknown
006ee480	FUN_006ee480	41	unknown
006ee4b0	FUN_006ee4b0	38	unknown
006ee4e0	FUN_006ee4e0	534	unknown
006ee646	Catch@006ee646	9	unknown
006ee710	FUN_006ee710	636	unknown
006ee8b7	Catch@006ee8b7	9	unknown
006ee9b0	FUN_006ee9b0	105	unknown
006eea20	FUN_006eea20	162	unknown
006eead0	FUN_006eead0	103	unknown
006eeb40	FUN_006eeb40	128	unknown
006eebc0	FUN_006eebc0	814	unknown
006eef00	FUN_006eef00	781	unknown
006ef230	FUN_006ef230	38	unknown
006ef260	FUN_006ef260	14	unknown
006ef270	FUN_006ef270	111	unknown
006ef2df	Catch@006ef2df	9	unknown
006ef300	FUN_006ef300	93	unknown
006ef370	FUN_006ef370	141	unknown
006ef400	FUN_006ef400	139	unknown
006ef490	FUN_006ef490	35	unknown
006ef4c0	FUN_006ef4c0	101	unknown
006ef530	FUN_006ef530	109	unknown
006ef59d	Catch@006ef59d	9	unknown
006ef5c0	FUN_006ef5c0	257	unknown
006ef6d0	FUN_006ef6d0	2602	unknown
006f0130	FUN_006f0130	45	unknown
006f0160	FUN_006f0160	23	unknown
006f0180	FUN_006f0180	23	unknown
006f01a0	FUN_006f01a0	26	unknown
006f01c0	FUN_006f01c0	452	unknown
006f03f0	FUN_006f03f0	12	unknown
006f0400	FUN_006f0400	49	unknown
006f0440	FUN_006f0440	38	unknown
006f0470	FUN_006f0470	51	unknown
006f04b0	FUN_006f04b0	64	unknown
006f04f0	FUN_006f04f0	84	unknown
006f0550	FUN_006f0550	87	unknown
006f05b0	FUN_006f05b0	203	unknown
006f0680	FUN_006f0680	43	unknown
006f06c0	FUN_006f06c0	43	unknown
006f0700	FUN_006f0700	43	unknown
006f0740	FUN_006f0740	43	unknown
006f0780	FUN_006f0780	138	unknown
006f080a	Catch@006f080a	9	unknown
006f0820	FUN_006f0820	117	unknown
006f0895	Catch@006f0895	9	unknown
006f08b0	FUN_006f08b0	106	unknown
006f0920	FUN_006f0920	41	unknown
006f0950	FUN_006f0950	564	unknown
006f0b90	FUN_006f0b90	350	unknown
006f0cf0	FUN_006f0cf0	100	unknown
006f0d60	FUN_006f0d60	94	unknown
006f0dd0	FUN_006f0dd0	91	unknown
006f0e30	FUN_006f0e30	91	unknown
006f0e90	FUN_006f0e90	77	unknown
006f0ee0	FUN_006f0ee0	98	unknown
006f0f50	FUN_006f0f50	105	unknown
006f0fc0	FUN_006f0fc0	91	unknown
006f1020	FUN_006f1020	112	unknown
006f10a0	FUN_006f10a0	58	unknown
006f10e0	FUN_006f10e0	182	unknown
006f11a0	FUN_006f11a0	112	unknown
006f1220	FUN_006f1220	112	unknown
006f12a0	FUN_006f12a0	87	unknown
006f1300	FUN_006f1300	97	unknown
006f1370	FUN_006f1370	82	unknown
006f13d0	FUN_006f13d0	102	unknown
006f1440	FUN_006f1440	152	unknown
006f14e0	FUN_006f14e0	102	unknown
006f1550	FUN_006f1550	102	unknown
006f15c0	FUN_006f15c0	87	unknown
006f1620	FUN_006f1620	97	unknown
006f1690	FUN_006f1690	82	unknown
006f16f0	FUN_006f16f0	102	unknown
006f1760	FUN_006f1760	152	unknown
006f1800	FUN_006f1800	102	unknown
006f1870	FUN_006f1870	102	unknown
006f18e0	FUN_006f18e0	87	unknown
006f1940	FUN_006f1940	97	unknown
006f19b0	FUN_006f19b0	82	unknown
006f1a10	FUN_006f1a10	102	unknown
006f1a80	FUN_006f1a80	152	unknown
006f1b20	FUN_006f1b20	27	unknown
006f1b40	FUN_006f1b40	102	unknown
006f1bb0	FUN_006f1bb0	102	unknown
006f1c20	FUN_006f1c20	87	unknown
006f1c80	FUN_006f1c80	97	unknown
006f1cf0	FUN_006f1cf0	82	unknown
006f1d50	FUN_006f1d50	102	unknown
006f1dc0	FUN_006f1dc0	152	unknown
006f1e60	FUN_006f1e60	102	unknown
006f1ed0	FUN_006f1ed0	102	unknown
006f1f40	FUN_006f1f40	428	unknown
006f20f0	FUN_006f20f0	436	unknown
006f22b0	FUN_006f22b0	312	unknown
006f23f0	FUN_006f23f0	428	unknown
006f25a0	FUN_006f25a0	428	unknown
006f28c0	FUN_006f28c0	183	unknown
006f2980	FUN_006f2980	183	unknown
006f2a40	FUN_006f2a40	530	unknown
006f2ba0	Catch@006f2ba0	9	unknown
006f2c70	FUN_006f2c70	185	unknown
006f2df0	FUN_006f2df0	183	unknown
006f2eb0	FUN_006f2eb0	185	unknown
006f2f70	FUN_006f2f70	90	unknown
006f2fd0	FUN_006f2fd0	90	unknown
006f3030	FUN_006f3030	361	unknown
006f31a0	FUN_006f31a0	361	unknown
006f3310	FUN_006f3310	44	unknown
006f3350	FUN_006f3350	49	unknown
006f3390	FUN_006f3390	77	unknown
006f33e0	FUN_006f33e0	121	unknown
006f3460	FUN_006f3460	121	unknown
006f34e0	FUN_006f34e0	108	unknown
006f3550	FUN_006f3550	86	unknown
006f35b0	FUN_006f35b0	37	unknown
006f3610	FUN_006f3610	98	unknown
006f3680	FUN_006f3680	97	unknown
006f36f0	FUN_006f36f0	623	unknown
006f3960	FUN_006f3960	623	unknown
006f3bd0	FUN_006f3bd0	623	unknown
006f3e40	FUN_006f3e40	623	unknown
006f40b0	FUN_006f40b0	1191	unknown
006f4560	FUN_006f4560	478	unknown
006f4740	FUN_006f4740	378	unknown
006f48c0	FUN_006f48c0	966	unknown
006f4c90	FUN_006f4c90	348	unknown
006f4df0	FUN_006f4df0	853	unknown
006f5150	FUN_006f5150	460	unknown
006f5320	FUN_006f5320	981	unknown
006f5700	FUN_006f5700	2256	unknown
006f5fd0	FUN_006f5fd0	1352	unknown
006f6520	FUN_006f6520	1344	unknown
006f6b40	FUN_006f6b40	209	unknown
006f6c20	FUN_006f6c20	27	unknown
006f6c40	FUN_006f6c40	89	unknown
006f6ca0	FUN_006f6ca0	138	unknown
006f6d2a	Catch@006f6d2a	9	unknown
006f6d40	FUN_006f6d40	15	unknown
006f6d50	FUN_006f6d50	25	unknown
006f6d70	FUN_006f6d70	82	unknown
006f6dd0	FUN_006f6dd0	685	unknown
006f70b0	FUN_006f70b0	75	unknown
006f7110	FUN_006f7110	69	unknown
006f7160	FUN_006f7160	75	unknown
006f71c0	FUN_006f71c0	75	unknown
006f7220	FUN_006f7220	530	unknown
006f7380	Catch@006f7380	9	unknown
006f7450	FUN_006f7450	117	unknown
006f74c5	Catch@006f74c5	9	unknown
006f74e0	FUN_006f74e0	117	unknown
006f7555	Catch@006f7555	9	unknown
006f7570	FUN_006f7570	131	unknown
006f76c0	FUN_006f76c0	428	unknown
006f7870	FUN_006f7870	183	unknown
006f7930	FUN_006f7930	428	unknown
006f7ae0	FUN_006f7ae0	143	unknown
006f7b80	FUN_006f7b80	366	unknown
006f7d00	FUN_006f7d00	185	unknown
006f7dc0	FUN_006f7dc0	423	unknown
006f7f70	FUN_006f7f70	361	unknown
006f80e0	FUN_006f80e0	125	unknown
006f81a0	FUN_006f81a0	153	unknown
006f8240	FUN_006f8240	209	unknown
006f8320	FUN_006f8320	125	unknown
006f83a0	FUN_006f83a0	27	unknown
006f83c0	FUN_006f83c0	611	unknown
006f8660	FUN_006f8660	86	unknown
006f86c0	FUN_006f86c0	11	unknown
006f86e0	FUN_006f86e0	109	unknown
006f8750	FUN_006f8750	12	unknown
006f8760	FUN_006f8760	87	unknown
006f87c0	FUN_006f87c0	138	unknown
006f884a	Catch@006f884a	9	unknown
006f8860	FUN_006f8860	85	unknown
006f88c0	FUN_006f88c0	75	unknown
006f8920	FUN_006f8920	270	unknown
006f8a40	FUN_006f8a40	83	unknown
006f8aa0	FUN_006f8aa0	75	unknown
006f8b00	FUN_006f8b00	117	unknown
006f8b75	Catch@006f8b75	9	unknown
006f8b90	FUN_006f8b90	117	unknown
006f8c05	Catch@006f8c05	9	unknown
006f8ce0	FUN_006f8ce0	428	unknown
006f8e90	FUN_006f8e90	183	unknown
006f8f50	FUN_006f8f50	428	unknown
006f9100	AITemplateManager__v0_slot01	155	unknown
006f91b0	FUN_006f91b0	366	unknown
006f9330	FUN_006f9330	185	unknown
006f93f0	FUN_006f93f0	423	unknown
006f95a0	FUN_006f95a0	361	unknown
006f9710	FUN_006f9710	56	unknown
006f9780	FUN_006f9780	153	unknown
006f9820	FUN_006f9820	209	unknown
006f9900	FUN_006f9900	110	unknown
006f9970	AITemplateManager__v0_slot00	27	unknown
006f9990	FUN_006f9990	399	unknown
006f9b40	FUN_006f9b40	138	unknown
006f9bca	Catch@006f9bca	9	unknown
006f9be0	FUN_006f9be0	47	unknown
006f9c10	FUN_006f9c10	75	unknown
006f9c70	FUN_006f9c70	75	unknown
006f9cd0	FUN_006f9cd0	117	unknown
006f9d45	Catch@006f9d45	9	unknown
006f9d60	FUN_006f9d60	117	unknown
006f9dd5	Catch@006f9dd5	9	unknown
006f9eb0	FUN_006f9eb0	428	unknown
006fa060	FUN_006fa060	183	unknown
006fa120	FUN_006fa120	428	unknown
006fa380	FUN_006fa380	366	unknown
006fa500	FUN_006fa500	185	unknown
006fa5c0	FUN_006fa5c0	423	unknown
006fa770	FUN_006fa770	361	unknown
006fa8e0	FUN_006fa8e0	51	unknown
006fa950	FUN_006fa950	153	unknown
006fa9f0	FUN_006fa9f0	209	unknown
006faad0	FUN_006faad0	119	unknown
006fab50	FUN_006fab50	27	unknown
006fab70	FUN_006fab70	398	unknown
006fad30	FUN_006fad30	4	unknown
006fad40	FUN_006fad40	10	unknown
006fad50	FUN_006fad50	4	unknown
006fad60	FUN_006fad60	125	unknown
006fade0	FUN_006fade0	80	unknown
006fae30	FUN_006fae30	37	unknown
006fae60	FUN_006fae60	147	unknown
006faf00	FUN_006faf00	233	unknown
006faff0	FUN_006faff0	72	unknown
006fb040	FUN_006fb040	71	unknown
006fb090	FUN_006fb090	245	unknown
006fb190	FUN_006fb190	136	unknown
006fb220	FUN_006fb220	138	unknown
006fb2aa	Catch@006fb2aa	9	unknown
006fb2c0	FUN_006fb2c0	83	unknown
006fb320	FUN_006fb320	63	unknown
006fb360	FUN_006fb360	75	unknown
006fb3c0	FUN_006fb3c0	117	unknown
006fb435	Catch@006fb435	9	unknown
006fb450	FUN_006fb450	117	unknown
006fb4c5	Catch@006fb4c5	9	unknown
006fb4e0	FUN_006fb4e0	75	unknown
006fb540	FUN_006fb540	428	unknown
006fb6f0	FUN_006fb6f0	183	unknown
006fb7b0	FUN_006fb7b0	428	unknown
006fb960	AITemplatePlugInManager__v0_slot01	128	unknown
006fb9f0	FUN_006fb9f0	366	unknown
006fbc30	FUN_006fbc30	185	unknown
006fbcf0	FUN_006fbcf0	361	unknown
006fbe60	FUN_006fbe60	209	unknown
006fbf40	FUN_006fbf40	56	unknown
006fbfb0	FUN_006fbfb0	1065	unknown
006fc410	FUN_006fc410	110	unknown
006fc480	AITemplatePlugInManager__v0_slot00	27	unknown
006fc4a0	FUN_006fc4a0	111	unknown
006fc50f	Catch@006fc50f	9	unknown
006fc530	FUN_006fc530	105	unknown
006fc599	Catch@006fc599	9	unknown
006fc5b0	FUN_006fc5b0	138	unknown
006fc63a	Catch@006fc63a	9	unknown
006fc650	FUN_006fc650	83	unknown
006fc6b0	FUN_006fc6b0	75	unknown
006fc710	BBCreateFunctionAirLift__v0_slot00	161	unknown
006fc7d0	BBCreateFunctionMoveToFixed__v0_slot00	78	unknown
006fc840	BBCreateFunctionFireUnarmed__v0_slot00	78	unknown
006fc8b0	BBCreateFunctionIdle__v0_slot00	307	unknown
006fca00	BBCreateFunctionBailOut__v0_slot00	161	unknown
006fcac0	BBCreateFunctionChange__v0_slot00	161	unknown
006fcb80	BBCreateFunctionChangeLandingCraft__v0_slot00	161	unknown
006fcc40	BBCreateFunctionChangeTeleport__v0_slot00	161	unknown
006fcd00	BBCreateFunctionMedicAssist__v0_slot00	161	unknown
006fcdc0	FUN_006fcdc0	123	unknown
006fce40	FUN_006fce40	51	unknown
006fce80	FUN_006fce80	117	unknown
006fcef5	Catch@006fcef5	9	unknown
006fcf10	FUN_006fcf10	75	unknown
006fcf70	FUN_006fcf70	104	unknown
006fcfd8	Catch@006fcfd8	46	unknown
006fd010	FUN_006fd010	183	unknown
006fd0d0	FUN_006fd0d0	428	unknown
006fd280	FUN_006fd280	28	unknown
006fd2a0	FUN_006fd2a0	137	unknown
006fd329	Catch@006fd329	17	unknown
006fd340	FUN_006fd340	366	unknown
006fd580	BBCreateFunctionAvoid__v0_slot00	326	unknown
006fd6e0	BBCreateFunctionMoveTo__v0_slot00	402	unknown
006fd890	BBCreateFunctionScout__v0_slot00	254	unknown
006fd9b0	BBCreateFunctionFire__v0_slot00	254	unknown
006fdad0	BBCreateFunctionFireLargeBore__v0_slot00	222	unknown
006fdbd0	BBCreateFunctionFireDriver__v0_slot00	178	unknown
006fdca0	BBCreateFunctionFire3d__v0_slot00	178	unknown
006fdd70	BBCreateFunctionFireInfantery__v0_slot00	164	unknown
006fde30	BBCreateFunctionRoam__v0_slot00	254	unknown
006fdf50	BBCreateFunctionTakeCover__v0_slot00	178	unknown
006fe020	BBCreateFunctionTakeCoverInfantry__v0_slot00	178	unknown
006fe0f0	BBCreateFunctionTakeCover3d__v0_slot00	178	unknown
006fe1c0	FUN_006fe1c0	423	unknown
006fe370	BotBehaviourManager__v0_slot01	179	unknown
006fe430	FUN_006fe430	153	unknown
006fe4d0	FUN_006fe4d0	98	unknown
006fe5a0	FUN_006fe5a0	40	unknown
006fe5d0	FUN_006fe5d0	106	unknown
006fe640	FUN_006fe640	619	unknown
006fea20	FUN_006fea20	94	unknown
006fea80	FUN_006fea80	99	unknown
006feaf0	FUN_006feaf0	109	unknown
006feb60	FUN_006feb60	1772	unknown
006ff290	BotBehaviourManager__v0_slot00	27	unknown
006ff2b0	FUN_006ff2b0	50	unknown
006ff2f0	FUN_006ff2f0	16	unknown
006ff300	FUN_006ff300	93	unknown
006ff360	FUN_006ff360	138	unknown
006ff3ea	Catch@006ff3ea	9	unknown
006ff400	FUN_006ff400	104	unknown
006ff468	Catch@006ff468	9	unknown
006ff480	FUN_006ff480	104	unknown
006ff4f0	FUN_006ff4f0	39	unknown
006ff520	FUN_006ff520	88	unknown
006ff580	FUN_006ff580	29	unknown
006ff5a0	FUN_006ff5a0	75	unknown
006ff600	FUN_006ff600	106	unknown
006ff670	FUN_006ff670	99	unknown
006ff6e0	FUN_006ff6e0	110	unknown
006ff760	FUN_006ff760	89	unknown
006ff7c0	FUN_006ff7c0	106	unknown
006ff830	FUN_006ff830	558	unknown
006ffa90	FUN_006ffa90	82	unknown
006ffaf0	FUN_006ffaf0	96	unknown
006ffb50	FUN_006ffb50	16	unknown
006ffb60	FUN_006ffb60	18	unknown
006ffb80	FUN_006ffb80	18	unknown
006ffba0	FUN_006ffba0	18	unknown
006ffbc0	FUN_006ffbc0	18	unknown
006ffbe0	FUN_006ffbe0	18	unknown
006ffc00	FUN_006ffc00	196	unknown
006ffcd0	FUN_006ffcd0	196	unknown
006ffda0	FUN_006ffda0	76	unknown
006ffdf0	FUN_006ffdf0	51	unknown
006ffe30	FUN_006ffe30	65	unknown
006ffe80	FUN_006ffe80	79	unknown
006ffed0	FUN_006ffed0	96	unknown
006fff30	FUN_006fff30	79	unknown
006fff80	FUN_006fff80	69	unknown
006fffd0	FUN_006fffd0	98	unknown
00700040	FUN_00700040	98	unknown
007000b0	FUN_007000b0	98	unknown
00700120	FUN_00700120	61	unknown
00700160	FUN_00700160	61	unknown
007001a0	FUN_007001a0	61	unknown
007001e0	FUN_007001e0	64	unknown
00700230	FUN_00700230	64	unknown
00700280	FUN_00700280	16	unknown
00700290	FUN_00700290	16	unknown
007002a0	FUN_007002a0	16	unknown
007002b0	FUN_007002b0	16	unknown
007002c0	FUN_007002c0	89	unknown
00700330	FUN_00700330	104	unknown
007003a0	FUN_007003a0	163	unknown
00700460	FUN_00700460	127	unknown
007004f0	FUN_007004f0	400	unknown
00700690	FUN_00700690	65	unknown
007006d8	FUN_007006d8	81	unknown
00700730	FUN_00700730	123	unknown
007007b0	FUN_007007b0	62	unknown
007007f0	FUN_007007f0	39	unknown
00700820	FUN_00700820	39	unknown
00700850	FUN_00700850	39	unknown
00700880	FUN_00700880	117	unknown
007008f5	Catch@007008f5	9	unknown
00700910	FUN_00700910	75	unknown
00700970	FUN_00700970	48	unknown
007009a0	FUN_007009a0	490	unknown
00700b90	FUN_00700b90	487	unknown
00700d80	FUN_00700d80	381	unknown
00700f00	FUN_00700f00	1159	unknown
00701390	FUN_00701390	268	unknown
007014a0	FUN_007014a0	1103	unknown
00701900	FUN_00701900	685	unknown
00701be0	FUN_00701be0	185	unknown
00701c99	Catch@00701c99	17	unknown
00701cb0	FUN_00701cb0	75	unknown
00701d10	FUN_00701d10	428	unknown
00701ec0	FUN_00701ec0	75	unknown
00701fe0	FUN_00701fe0	640	unknown
007022b0	FUN_007022b0	314	unknown
00702400	FUN_00702400	342	unknown
00702590	FUN_00702590	245	unknown
007026a0	FUN_007026a0	261	unknown
007027c0	FUN_007027c0	4422	unknown
00703940	AIConsole__v0_slot01	184	unknown
00703a10	FUN_00703a10	366	unknown
00703b90	FUN_00703b90	423	unknown
00703ec0	FUN_00703ec0	183	unknown
00703f80	FUN_00703f80	424	unknown
00704150	FUN_00704150	153	unknown
007041f0	FUN_007041f0	68	unknown
00704240	FUN_00704240	258	unknown
00704360	FUN_00704360	521	unknown
00704580	FUN_00704580	46	unknown
007045b0	FUN_007045b0	78	unknown
00704600	FUN_00704600	215	unknown
00704760	FUN_00704760	559	unknown
007049c0	FUN_007049c0	408	unknown
00704b80	FUN_00704b80	3754	unknown
00705ac0	AIConsole__v0_slot00	27	unknown
00705ae0	FUN_00705ae0	219	unknown
00705be0	FUN_00705be0	224	unknown
00705ce0	FUN_00705ce0	224	unknown
00705de0	FUN_00705de0	15	unknown
00705df0	FUN_00705df0	31	unknown
00705e10	FUN_00705e10	73	unknown
00705e60	FUN_00705e60	138	unknown
00705eea	Catch@00705eea	9	unknown
00705f00	FUN_00705f00	18	unknown
00705f20	FUN_00705f20	173	unknown
00705fe0	FUN_00705fe0	103	unknown
00706050	FUN_00706050	55	unknown
00706090	FUN_00706090	42	unknown
007060c0	FUN_007060c0	117	unknown
00706135	Catch@00706135	9	unknown
0070614d	FUN_0070614d	1	unknown
00706150	FUN_00706150	530	unknown
007062b0	Catch@007062b0	9	unknown
00706380	FUN_00706380	652	unknown
00706610	FUN_00706610	428	unknown
007067c0	FUN_007067c0	131	unknown
00706850	FUN_00706850	75	unknown
007068b0	FUN_007068b0	366	unknown
00706a30	FUN_00706a30	279	unknown
00706b50	AILandingZoneManager__v0_slot01	92	unknown
00706bb0	FUN_00706bb0	183	unknown
00706c70	FUN_00706c70	143	unknown
00706d20	FUN_00706d20	111	unknown
00706d90	AILandingZoneManager__v0_slot00	27	unknown
00706db0	FUN_00706db0	36	unknown
00706de0	FUN_00706de0	37	unknown
00706e10	FUN_00706e10	133	unknown
00706ea0	FUN_00706ea0	140	unknown
00706f30	FUN_00706f30	216	unknown
00707010	FUN_00707010	36	unknown
00707040	FUN_00707040	38	unknown
00707070	FUN_00707070	64	unknown
007070b0	FUN_007070b0	74	unknown
00707100	FUN_00707100	124	unknown
00707180	FUN_00707180	422	unknown
00707330	FUN_00707330	657	unknown
007075d0	FUN_007075d0	396	unknown
00707760	FUN_00707760	25	unknown
00707780	FUN_00707780	14	unknown
00707790	FUN_00707790	32	unknown
007077b0	FUN_007077b0	35	unknown
007077e0	BFSpawnPointTemplate__v0_slot01	14	unknown
007077f0	FUN_007077f0	57	unknown
00707830	FUN_00707830	37	unknown
00707865	FUN_00707865	11	unknown
00707870	FUN_00707870	55	unknown
007078b0	FUN_007078b0	37	unknown
007078e0	FUN_007078e0	54	unknown
00707920	FUN_00707920	6	unknown
00707930	FUN_00707930	82	unknown
00707990	FUN_00707990	6	unknown
007079a0	FUN_007079a0	82	unknown
00707a00	FUN_00707a00	6	unknown
00707a10	FUN_00707a10	82	unknown
00707a70	FUN_00707a70	6	unknown
00707a80	FUN_00707a80	82	unknown
00707ae0	FUN_00707ae0	6	unknown
00707af0	FUN_00707af0	82	unknown
00707b50	FUN_00707b50	6	unknown
00707b60	FUN_00707b60	82	unknown
00707bc0	FUN_00707bc0	6	unknown
00707bd0	FUN_00707bd0	82	unknown
00707c30	FUN_00707c30	6	unknown
00707c40	FUN_00707c40	82	unknown
00707ca0	FUN_00707ca0	6	unknown
00707cb0	FUN_00707cb0	82	unknown
00707d10	FUN_00707d10	6	unknown
00707d20	FUN_00707d20	82	unknown
00707d80	FUN_00707d80	6	unknown
00707d90	FUN_00707d90	82	unknown
00707df0	FUN_00707df0	6	unknown
00707e00	FUN_00707e00	82	unknown
00707e60	FUN_00707e60	6	unknown
00707e70	FUN_00707e70	82	unknown
00707ed0	FUN_00707ed0	6	unknown
00707ee0	FUN_00707ee0	82	unknown
00707f40	FUN_00707f40	6	unknown
00707f50	FUN_00707f50	82	unknown
00707fb0	FUN_00707fb0	6	unknown
00707fc0	FUN_00707fc0	82	unknown
00708020	FUN_00708020	6	unknown
00708030	FUN_00708030	82	unknown
00708090	FUN_00708090	12	unknown
007080a0	FUN_007080a0	38	unknown
007080d0	FUN_007080d0	32	unknown
007080f0	FUN_007080f0	32	unknown
00708110	FUN_00708110	32	unknown
00708130	FUN_00708130	32	unknown
00708150	FUN_00708150	32	unknown
00708170	FUN_00708170	32	unknown
00708190	FUN_00708190	32	unknown
007081b0	FUN_007081b0	32	unknown
007081d0	FUN_007081d0	32	unknown
007081f0	FUN_007081f0	32	unknown
00708210	FUN_00708210	32	unknown
00708230	FUN_00708230	32	unknown
00708250	FUN_00708250	32	unknown
00708270	FUN_00708270	32	unknown
00708290	FUN_00708290	32	unknown
007082b0	FUN_007082b0	32	unknown
007082d0	FUN_007082d0	32	unknown
007082f0	FUN_007082f0	32	unknown
00708310	FUN_00708310	32	unknown
00708330	FUN_00708330	32	unknown
00708350	FUN_00708350	32	unknown
00708370	FUN_00708370	32	unknown
00708390	FUN_00708390	32	unknown
007083b0	FUN_007083b0	32	unknown
007083d0	FUN_007083d0	32	unknown
007083f0	FUN_007083f0	32	unknown
00708410	FUN_00708410	32	unknown
00708430	FUN_00708430	32	unknown
00708450	FUN_00708450	32	unknown
00708470	FUN_00708470	32	unknown
00708490	FUN_00708490	32	unknown
007084b0	FUN_007084b0	32	unknown
007084d0	FUN_007084d0	32	unknown
007084f0	FUN_007084f0	32	unknown
00708510	FUN_00708510	32	unknown
00708530	FUN_00708530	32	unknown
00708550	FUN_00708550	32	unknown
00708570	FUN_00708570	32	unknown
00708590	FUN_00708590	32	unknown
007085b0	FUN_007085b0	32	unknown
007085d0	FUN_007085d0	32	unknown
007085f0	FUN_007085f0	32	unknown
00708610	FUN_00708610	32	unknown
00708630	FUN_00708630	32	unknown
00708650	FUN_00708650	32	unknown
00708670	FUN_00708670	32	unknown
00708690	FUN_00708690	32	unknown
007086b0	FUN_007086b0	32	unknown
007086d0	FUN_007086d0	6	unknown
007086e0	FUN_007086e0	35	unknown
00708710	FUN_00708710	6	unknown
00708720	FUN_00708720	35	unknown
00708750	FUN_00708750	6	unknown
00708760	FUN_00708760	35	unknown
00708790	FUN_00708790	6	unknown
007087a0	FUN_007087a0	35	unknown
007087d0	FUN_007087d0	6	unknown
007087e0	FUN_007087e0	35	unknown
00708810	FUN_00708810	6	unknown
00708820	FUN_00708820	35	unknown
00708850	FUN_00708850	6	unknown
00708860	FUN_00708860	35	unknown
00708890	FUN_00708890	6	unknown
007088a0	FUN_007088a0	35	unknown
007088d0	FUN_007088d0	6	unknown
007088e0	FUN_007088e0	35	unknown
00708910	FUN_00708910	6	unknown
00708920	FUN_00708920	35	unknown
00708950	FUN_00708950	6	unknown
00708960	FUN_00708960	35	unknown
00708990	FUN_00708990	6	unknown
007089a0	FUN_007089a0	35	unknown
007089d0	FUN_007089d0	6	unknown
007089e0	FUN_007089e0	35	unknown
00708a10	FUN_00708a10	6	unknown
00708a20	FUN_00708a20	35	unknown
00708a50	FUN_00708a50	6	unknown
00708a60	FUN_00708a60	35	unknown
00708a90	FUN_00708a90	6	unknown
00708aa0	FUN_00708aa0	35	unknown
00708ad0	FUN_00708ad0	6	unknown
00708ae0	FUN_00708ae0	35	unknown
00708b40	FUN_00708b40	97	unknown
00708bb0	FUN_00708bb0	168	unknown
00708c60	FUN_00708c60	37	unknown
00708c90	FUN_00708c90	168	unknown
00708d40	FUN_00708d40	168	unknown
00708df0	FUN_00708df0	168	unknown
00708ea0	FUN_00708ea0	168	unknown
00708f50	FUN_00708f50	204	unknown
00709020	FUN_00709020	38	unknown
00709050	FUN_00709050	204	unknown
00709120	FUN_00709120	91	unknown
00709180	FUN_00709180	204	unknown
00709250	FUN_00709250	91	unknown
007092b0	FUN_007092b0	38	unknown
007092e0	FUN_007092e0	204	unknown
007093b0	FUN_007093b0	91	unknown
00709410	FUN_00709410	38	unknown
00709440	FUN_00709440	204	unknown
00709510	FUN_00709510	91	unknown
00709570	FUN_00709570	38	unknown
007095a0	FUN_007095a0	204	unknown
00709670	FUN_00709670	91	unknown
007096d0	FUN_007096d0	38	unknown
00709700	FUN_00709700	204	unknown
007097d0	FUN_007097d0	91	unknown
00709830	FUN_00709830	38	unknown
00709860	FUN_00709860	204	unknown
00709930	FUN_00709930	91	unknown
00709990	FUN_00709990	38	unknown
007099c0	FUN_007099c0	204	unknown
00709a90	FUN_00709a90	91	unknown
00709af0	FUN_00709af0	38	unknown
00709b20	FUN_00709b20	204	unknown
00709bf0	FUN_00709bf0	91	unknown
00709c50	FUN_00709c50	38	unknown
00709c80	FUN_00709c80	204	unknown
00709d50	FUN_00709d50	91	unknown
00709db0	FUN_00709db0	38	unknown
00709de0	FUN_00709de0	204	unknown
00709eb0	FUN_00709eb0	91	unknown
00709f10	FUN_00709f10	38	unknown
00709f40	FUN_00709f40	168	unknown
00709ff0	FUN_00709ff0	185	unknown
0070a0b0	FUN_0070a0b0	8	unknown
0070a0c0	FUN_0070a0c0	45	unknown
0070a0f0	FUN_0070a0f0	185	unknown
0070a1b0	FUN_0070a1b0	123	unknown
0070a240	FUN_0070a240	185	unknown
0070a300	FUN_0070a300	123	unknown
0070a390	FUN_0070a390	185	unknown
0070a450	FUN_0070a450	123	unknown
0070a4e0	FUN_0070a4e0	185	unknown
0070a5a0	FUN_0070a5a0	123	unknown
0070a630	FUN_0070a630	185	unknown
0070a6f0	FUN_0070a6f0	123	unknown
0070a780	FUN_0070a780	185	unknown
0070a840	FUN_0070a840	123	unknown
0070a8d0	FUN_0070a8d0	185	unknown
0070a990	FUN_0070a990	123	unknown
0070aa20	FUN_0070aa20	185	unknown
0070aae0	FUN_0070aae0	123	unknown
0070ab70	FUN_0070ab70	185	unknown
0070ac30	FUN_0070ac30	123	unknown
0070acc0	FUN_0070acc0	185	unknown
0070ad80	FUN_0070ad80	123	unknown
0070ae10	FUN_0070ae10	185	unknown
0070aed0	FUN_0070aed0	123	unknown
0070af60	FUN_0070af60	185	unknown
0070b020	FUN_0070b020	123	unknown
0070b0b0	FUN_0070b0b0	297	unknown
0070b1e0	FUN_0070b1e0	37	unknown
0070b210	FUN_0070b210	68	unknown
0070b260	FUN_0070b260	191	unknown
0070b320	FUN_0070b320	191	unknown
0070b3e0	FUN_0070b3e0	191	unknown
0070b4a0	FUN_0070b4a0	191	unknown
0070b560	FUN_0070b560	191	unknown
0070b620	FUN_0070b620	191	unknown
0070b6e0	FUN_0070b6e0	191	unknown
0070b7a0	FUN_0070b7a0	191	unknown
0070b860	FUN_0070b860	191	unknown
0070b920	FUN_0070b920	191	unknown
0070b9e0	FUN_0070b9e0	191	unknown
0070baa0	FUN_0070baa0	191	unknown
0070bb60	FUN_0070bb60	191	unknown
0070bc20	FUN_0070bc20	191	unknown
0070bce0	FUN_0070bce0	191	unknown
0070bda0	FUN_0070bda0	191	unknown
0070be60	FUN_0070be60	191	unknown
0070bf20	FUN_0070bf20	191	unknown
0070bfe0	FUN_0070bfe0	191	unknown
0070c0a0	FUN_0070c0a0	191	unknown
0070c160	FUN_0070c160	191	unknown
0070c220	FUN_0070c220	191	unknown
0070c2e0	FUN_0070c2e0	191	unknown
0070c3a0	FUN_0070c3a0	191	unknown
0070c460	FUN_0070c460	191	unknown
0070c520	FUN_0070c520	191	unknown
0070c5e0	FUN_0070c5e0	191	unknown
0070c6a0	FUN_0070c6a0	191	unknown
0070c760	FUN_0070c760	191	unknown
0070c820	FUN_0070c820	191	unknown
0070c8e0	FUN_0070c8e0	191	unknown
0070c9a0	FUN_0070c9a0	191	unknown
0070ca60	FUN_0070ca60	191	unknown
0070cb20	FUN_0070cb20	191	unknown
0070cbe0	FUN_0070cbe0	191	unknown
0070cca0	FUN_0070cca0	191	unknown
0070cd60	FUN_0070cd60	191	unknown
0070ce20	FUN_0070ce20	191	unknown
0070cee0	FUN_0070cee0	191	unknown
0070cfa0	FUN_0070cfa0	191	unknown
0070d060	FUN_0070d060	191	unknown
0070d120	FUN_0070d120	191	unknown
0070d1e0	FUN_0070d1e0	191	unknown
0070d2a0	FUN_0070d2a0	191	unknown
0070d360	FUN_0070d360	191	unknown
0070d420	FUN_0070d420	191	unknown
0070d4e0	FUN_0070d4e0	3389	unknown
0070e220	thunk_FUN_0070d4e0	5	unknown
0070e230	FUN_0070e230	6	unknown
0070e240	FUN_0070e240	33	unknown
0070e270	FUN_0070e270	34	unknown
0070e2a0	FUN_0070e2a0	106	unknown
0070e310	FUN_0070e310	194	unknown
0070e3e0	FUN_0070e3e0	138	unknown
0070e46a	Catch@0070e46a	9	unknown
0070e480	FUN_0070e480	45	unknown
0070e4b0	FUN_0070e4b0	81	unknown
0070e510	AIStrategicObjectManager__v0_slot02	52	unknown
0070e550	FUN_0070e550	15	unknown
0070e560	FUN_0070e560	35	unknown
0070e590	FUN_0070e590	52	unknown
0070e5d0	FUN_0070e5d0	22	unknown
0070e5f0	FUN_0070e5f0	20	unknown
0070e610	FUN_0070e610	22	unknown
0070e630	FUN_0070e630	7	unknown
0070e640	FUN_0070e640	32	unknown
0070e660	FUN_0070e660	110	unknown
0070e6e0	FUN_0070e6e0	82	unknown
0070e740	FUN_0070e740	75	unknown
0070e7a0	FUN_0070e7a0	15	unknown
0070e7b0	FUN_0070e7b0	200	unknown
0070e880	FUN_0070e880	15	unknown
0070e890	FUN_0070e890	26	unknown
0070e8b0	FUN_0070e8b0	530	unknown
0070ea10	Catch@0070ea10	9	unknown
0070eae0	FUN_0070eae0	75	unknown
0070eb40	FUN_0070eb40	117	unknown
0070ebb5	Catch@0070ebb5	9	unknown
0070ebd0	FUN_0070ebd0	117	unknown
0070ec45	Catch@0070ec45	9	unknown
0070ec60	FUN_0070ec60	477	unknown
0070ee40	FUN_0070ee40	613	unknown
0070f0b0	FUN_0070f0b0	378	unknown
0070f230	FUN_0070f230	131	unknown
0070f380	FUN_0070f380	428	unknown
0070f5f0	FUN_0070f5f0	428	unknown
0070f7a0	FUN_0070f7a0	51	unknown
0070f7e0	FUN_0070f7e0	51	unknown
0070f820	FUN_0070f820	295	unknown
0070f950	FUN_0070f950	366	unknown
0070fad0	FUN_0070fad0	185	unknown
0070fb90	FUN_0070fb90	21	unknown
0070fbb0	FUN_0070fbb0	110	unknown
0070fc1e	Catch@0070fc1e	39	unknown
0070fc50	FUN_0070fc50	198	unknown
0070fd20	FUN_0070fd20	105	unknown
0070fd90	FUN_0070fd90	423	unknown
0070ff40	FUN_0070ff40	361	unknown
007100b0	FUN_007100b0	64	unknown
007100f0	FUN_007100f0	107	unknown
0071015b	Catch@0071015b	37	unknown
00710190	FUN_00710190	153	unknown
00710230	FUN_00710230	209	unknown
00710310	FUN_00710310	27	unknown
00710330	FUN_00710330	155	unknown
00710480	FUN_00710480	338	unknown
007105e0	FUN_007105e0	42	unknown
00710610	AIStrategicObjectManager__v0_slot00	27	unknown
00710630	FUN_00710630	559	unknown
0071079b	Catch@0071079b	22	unknown
00710826	Catch@00710826	35	unknown
007108b0	FUN_007108b0	118	unknown
00710930	FUN_00710930	244	unknown
00710a30	AIStrategicObjectManager__v0_slot01	204	unknown
00710b00	FUN_00710b00	312	unknown
00710c40	FUN_00710c40	6	unknown
00710c50	FUN_00710c50	13	unknown
00710c60	FUN_00710c60	7	unknown
00710c70	FUN_00710c70	25	unknown
00710c90	FUN_00710c90	111	unknown
00710cff	Catch@00710cff	9	unknown
00710d20	FUN_00710d20	111	unknown
00710d8f	Catch@00710d8f	9	unknown
00710db0	FUN_00710db0	105	unknown
00710e19	Catch@00710e19	9	unknown
00710e30	FUN_00710e30	138	unknown
00710eba	Catch@00710eba	9	unknown
00710ed0	FUN_00710ed0	15	unknown
00710ee0	FUN_00710ee0	36	unknown
00710f10	FUN_00710f10	115	unknown
00710f90	FUN_00710f90	40	unknown
00710fc0	FUN_00710fc0	71	unknown
00711010	FUN_00711010	75	unknown
00711070	FUN_00711070	80	unknown
007110d0	FUN_007110d0	166	unknown
00711180	FUN_00711180	79	unknown
007111e0	FUN_007111e0	79	unknown
00711240	FUN_00711240	80	unknown
007112a0	FUN_007112a0	166	unknown
00711350	FUN_00711350	89	unknown
007113b0	FUN_007113b0	69	unknown
00711400	FUN_00711400	80	unknown
00711460	FUN_00711460	166	unknown
00711510	FUN_00711510	369	unknown
00711690	FUN_00711690	14	unknown
007116a0	FUN_007116a0	109	unknown
0071170d	Catch@0071170d	9	unknown
00711730	FUN_00711730	117	unknown
007117a5	Catch@007117a5	9	unknown
007117c0	FUN_007117c0	75	unknown
00711820	FUN_00711820	304	unknown
00711960	FUN_00711960	73	unknown
007119b0	FUN_007119b0	303	unknown
00711af0	FUN_00711af0	78	unknown
00711b50	FUN_00711b50	78	unknown
00711bb0	FUN_00711bb0	428	unknown
00711e20	StrategyManager__v0_slot01	553	unknown
00712060	FUN_00712060	366	unknown
007122a0	FUN_007122a0	188	unknown
00712370	FUN_00712370	327	unknown
007124d0	FUN_007124d0	319	unknown
00712620	FUN_00712620	327	unknown
00712780	FUN_00712780	444	unknown
00712950	FUN_00712950	423	unknown
00712b00	FUN_00712b00	153	unknown
00712ba0	FUN_00712ba0	53	unknown
00712cc0	FUN_00712cc0	175	unknown
00712d80	FUN_00712d80	150	unknown
00712e20	FUN_00712e20	221	unknown
00712f00	StrategyManager__v0_slot00	27	unknown
00712f20	AISettings__v0_slot05	20	unknown
00712f40	AISettings__v0_slot06	32	unknown
00712f60	AISettings__v0_slot07	13	unknown
00712f70	AISettings__v0_slot08	20	unknown
00712f90	AISettings__v4_slot11	12	unknown
00712fa0	AISettings__v4_slot12	17	unknown
00712fc0	FUN_00712fc0	164	unknown
00713070	FUN_00713070	102	unknown
007130e0	FUN_007130e0	82	unknown
00713140	AISettings__v0_slot09	4	unknown
00713150	AISettings__v4_slot13	220	unknown
00713230	AISettings__v0_slot13	4	unknown
00713240	AISettings__v0_slot10	4	unknown
00713250	AISettings__v4_slot16	10	unknown
00713260	AISettings__v0_slot14	4	unknown
00713270	AISettings__v0_slot15	4	unknown
00713280	AISettings__v0_slot16	4	unknown
00713290	AISettings__v4_slot19	17	unknown
007132b0	AISettings__v4_slot20	17	unknown
007132d0	AISettings__v0_slot27	11	unknown
007132e0	AISettings__v0_slot28	11	unknown
007132f0	AISettings__v0_slot17	45	unknown
00713320	AISettings__v4_slot21	47	unknown
00713350	AISettings__v0_slot29	12	unknown
00713360	AISettings__v0_slot32	14	unknown
00713370	AISettings__v0_slot23	33	unknown
007133a0	AISettings__v0_slot25	15	unknown
007133b0	AISettings__v0_slot26	15	unknown
007133c0	AISettings__v4_slot25	48	unknown
00713400	AISettings__v0_slot22	47	unknown
00713430	AISettings__v0_slot21	49	unknown
00713470	NetworkableInfo__v0_slot11	4	unknown
00713480	AISettings__v0_slot04	4	unknown
00713490	AISettings__v4_slot01	31	unknown
007134b0	AISettings__v4_slot03	17	unknown
007134d0	AISettings__v4_slot04	36	unknown
00713500	AISettings__v4_slot05	29	unknown
00713520	AISettings__v4_slot10	36	unknown
00713550	AISettings__v4_slot07	35	unknown
00713580	AISettings__v4_slot06	40	unknown
007135b0	AISettings__v4_slot08	40	unknown
007135e0	AISettings__v4_slot09	40	unknown
00713610	AISettings__v0_slot24	26	unknown
00713630	AISettings__v4_slot22	21	unknown
00713650	FUN_00713650	437	unknown
007138e0	AISettings__v0_slot18	10	unknown
007138f0	AISettings__v0_slot19	10	unknown
00713900	AISettings__v4_slot00	8	unknown
00713910	AISettings__v4_slot24	247	unknown
00713a10	FUN_00713a10	370	unknown
00713b90	AISettings__v0_slot00	27	unknown
00713bb0	AISettings__v4_slot23	167	unknown
00713c70	AISettings__v0_slot30	404	unknown
00713e20	AISettings__v4_slot26	8	unknown
00713e30	FUN_00713e30	49	unknown
00713e70	FUN_00713e70	1239	unknown
00714350	FUN_00714350	212	unknown
00714430	FUN_00714430	1104	unknown
00714890	FUN_00714890	674	unknown
00714c00	FUN_00714c00	1269	unknown
00715100	FUN_00715100	1434	unknown
007156a0	FUN_007156a0	700	unknown
00715960	FUN_00715960	123	unknown
00715a00	FUN_00715a00	278	unknown
00715b20	FUN_00715b20	187	unknown
00715be0	FUN_00715be0	187	unknown
00715ca0	FUN_00715ca0	454	unknown
00715ed0	FUN_00715ed0	879	unknown
00716250	FUN_00716250	628	unknown
007164d0	FUN_007164d0	1728	unknown
00716ba0	FUN_00716ba0	390	unknown
00716d30	FUN_00716d30	2056	unknown
00717540	FUN_00717540	105	unknown
007175c0	FUN_007175c0	528	unknown
007177e0	FUN_007177e0	87	unknown
00717850	FUN_00717850	164	unknown
00717900	FUN_00717900	175	unknown
007179c0	FUN_007179c0	107	unknown
00717a30	FUN_00717a30	4	unknown
00717a40	FUN_00717a40	14	unknown
00717a50	FUN_00717a50	25	unknown
00717a70	FUN_00717a70	12	unknown
00717a80	FUN_00717a80	45	unknown
00717ab0	FUN_00717ab0	26	unknown
00717ad0	FUN_00717ad0	14	unknown
00717ae0	FUN_00717ae0	45	unknown
00717b20	FUN_00717b20	7	unknown
00717b30	FUN_00717b30	45	unknown
00717b60	FUN_00717b60	87	unknown
00717bc0	FUN_00717bc0	117	unknown
00717c35	Catch@00717c35	9	unknown
00717c50	FUN_00717c50	138	unknown
00717cda	Catch@00717cda	9	unknown
00717cf0	FUN_00717cf0	43	unknown
00717d30	FUN_00717d30	104	unknown
00717da0	FUN_00717da0	428	unknown
00717f50	FUN_00717f50	130	unknown
00717fe0	FUN_00717fe0	37	unknown
00718010	FUN_00718010	31	unknown
00718030	FUN_00718030	24	unknown
00718050	FUN_00718050	20	unknown
00718070	FUN_00718070	56	unknown
007180b0	FUN_007180b0	185	unknown
00718230	FUN_00718230	46	unknown
00718260	FUN_00718260	46	unknown
00718290	FUN_00718290	14	unknown
00718350	FUN_00718350	110	unknown
007183c0	FUN_007183c0	212	unknown
007184a0	FUN_007184a0	14	unknown
007184b0	NetworkableInfo__v0_slot07	10	unknown
007184c0	FUN_007184c0	10	unknown
007184d0	FUN_007184d0	87	unknown
00718530	StrategyCondition__v0_slot00	36	unknown
007187f0	FUN_007187f0	131	unknown
00718880	FUN_00718880	38	unknown
007188b0	AIMain__v4_slot15	31	unknown
007188d0	AIMain__v4_slot18	31	unknown
007188f0	FUN_007188f0	7	unknown
00718900	AIMain__v4_slot05	100	unknown
00718970	AIMain__v4_slot04	98	unknown
007189e0	AIMain__v4_slot13	14	unknown
007189f0	FUN_007189f0	13	unknown
00718a00	FUN_00718a00	92	unknown
00718a60	FUN_00718a60	92	unknown
00718ac0	FUN_00718ac0	7	unknown
00718ad0	AIMain__v0_slot03	11	unknown
00718ae0	FUN_00718ae0	7	unknown
00718af0	FUN_00718af0	13	unknown
00718b00	FUN_00718b00	13	unknown
00718b10	FUN_00718b10	7	unknown
00718b20	FUN_00718b20	13	unknown
00718b30	FUN_00718b30	7	unknown
00718b40	FUN_00718b40	13	unknown
00718b50	FUN_00718b50	7	unknown
00718b60	FUN_00718b60	13	unknown
00718b70	FUN_00718b70	7	unknown
00718b80	FUN_00718b80	13	unknown
00718b90	FUN_00718b90	7	unknown
00718ba0	FUN_00718ba0	13	unknown
00718bb0	FUN_00718bb0	7	unknown
00718bc0	FUN_00718bc0	37	unknown
00718bf0	FUN_00718bf0	25	unknown
00718c10	FUN_00718c10	19	unknown
00718c30	FUN_00718c30	7	unknown
00718c40	FUN_00718c40	50	unknown
00718c80	AIMain__v4_slot19	15	unknown
00718c90	AIMain__v4_slot21	110	unknown
00718d00	AIMain__v4_slot28	52	unknown
00718d40	AIMain__v4_slot31	66	unknown
00718d90	AIMain__v4_slot33	124	unknown
00718e10	FUN_00718e10	87	unknown
00718e70	AIMain__v4_slot32	106	unknown
00718ee0	FUN_00718ee0	43	unknown
00718f20	FUN_00718f20	107	unknown
00718f8b	Catch@00718f8b	9	unknown
00718fa0	FUN_00718fa0	111	unknown
0071900f	Catch@0071900f	9	unknown
00719030	FUN_00719030	117	unknown
007190a5	Catch@007190a5	9	unknown
007190c0	FUN_007190c0	138	unknown
0071914a	Catch@0071914a	9	unknown
00719160	FUN_00719160	102	unknown
007191c6	Catch@007191c6	9	unknown
007191d0	FUN_007191d0	138	unknown
00719260	FUN_00719260	27	unknown
00719280	FUN_00719280	307	unknown
007193c0	FUN_007193c0	38	unknown
007193f0	AIMain__v4_slot11	1126	unknown
00719860	FUN_00719860	428	unknown
00719ad0	FUN_00719ad0	159	unknown
00719b80	AIMain__v4_slot26	42	unknown
00719bb0	FUN_00719bb0	84	unknown
00719c10	FUN_00719c10	77	unknown
00719c60	AIMain__v0_slot04	82	unknown
00719f00	FUN_00719f00	185	unknown
00719fc0	FUN_00719fc0	534	unknown
0071a126	Catch@0071a126	9	unknown
0071a1f0	AIMain__v4_slot17	941	unknown
0071a5a0	FUN_0071a5a0	115	unknown
0071a620	FUN_0071a620	93	unknown
0071a820	AIMain__v0_slot02	4	unknown
0071a830	AIMain__v4_slot06	7	unknown
0071a840	AIMain__v4_slot24	10	unknown
0071a850	AIMain__v4_slot25	4	unknown
0071a860	AIMain__v4_slot27	4	unknown
0071a870	AIMain__v4_slot07	8	unknown
0071a880	AIMain__v4_slot08	20	unknown
0071a8a0	AIMain__v4_slot09	22	unknown
0071a8c0	AIMain__v4_slot29	32	unknown
0071a8e0	AIMain__v4_slot30	7	unknown
0071a8f0	AIMain__v4_slot00	8	unknown
0071a900	AIMain__v4_slot02	57	unknown
0071a940	AIMain__v4_slot20	8	unknown
0071a950	AIMain__v4_slot01	26	unknown
0071a970	FUN_0071a970	98	unknown
0071a9e0	FUN_0071a9e0	791	unknown
0071ad00	AIMain__v0_slot00	27	unknown
0071ad20	FUN_0071ad20	273	unknown
0071ae40	FUN_0071ae40	325	unknown
0071af90	AIMain__v4_slot03	96	unknown
0071b010	FUN_0071b010	38	unknown
0071b040	FUN_0071b040	14	unknown
0071b070	FUN_0071b070	38	unknown
0071b0a0	FUN_0071b0a0	14	unknown
0071b0d0	IBotManagerModifier__v0_slot00	38	unknown
0071b100	FUN_0071b100	14	unknown
0071b110	FUN_0071b110	41	unknown
0071b140	FUN_0071b140	41	unknown
0071b170	FUN_0071b170	23	unknown
0071b190	AIStrategicArea__v0_slot07	124	unknown
0071b210	AIStrategicArea__v0_slot08	163	unknown
0071b2c0	AIStrategicArea__v0_slot09	48	unknown
0071b2f0	FUN_0071b2f0	26	unknown
0071b310	FUN_0071b310	60	unknown
0071b350	AIStrategicArea__v0_slot04	51	unknown
0071b390	AIStrategicArea__v0_slot15	30	unknown
0071b3b0	AIStrategicArea__v0_slot16	24	unknown
0071b3d0	AIStrategicArea__v0_slot17	14	unknown
0071b3e0	FUN_0071b3e0	7	unknown
0071b3f0	FUN_0071b3f0	32	unknown
0071b410	FUN_0071b410	30	unknown
0071b430	AIStrategicArea__v0_slot26	97	unknown
0071b4a0	FUN_0071b4a0	35	unknown
0071b4d0	FUN_0071b4d0	39	unknown
0071b500	FUN_0071b500	225	unknown
0071b5f0	AIStrategicArea__v0_slot28	53	unknown
0071b630	AIStrategicArea__v0_slot24	19	unknown
0071b650	AIStrategicArea__v0_slot25	22	unknown
0071b670	FUN_0071b670	93	unknown
0071b6d0	FUN_0071b6d0	34	unknown
0071b700	AIStrategicArea__v0_slot10	43	unknown
0071b730	AIStrategicArea__v0_slot11	61	unknown
0071b770	AIStrategicArea__v0_slot12	43	unknown
0071b7a0	AIStrategicArea__v0_slot13	61	unknown
0071b7e0	FUN_0071b7e0	111	unknown
0071b84f	Catch@0071b84f	9	unknown
0071b870	FUN_0071b870	111	unknown
0071b8df	Catch@0071b8df	9	unknown
0071b900	FUN_0071b900	111	unknown
0071b96f	Catch@0071b96f	9	unknown
0071b990	FUN_0071b990	43	unknown
0071b9d0	FUN_0071b9d0	111	unknown
0071ba3f	Catch@0071ba3f	9	unknown
0071ba60	FUN_0071ba60	109	unknown
0071bacd	Catch@0071bacd	9	unknown
0071baf0	FUN_0071baf0	109	unknown
0071bb5d	Catch@0071bb5d	9	unknown
0071bb80	FUN_0071bb80	109	unknown
0071bbed	Catch@0071bbed	9	unknown
0071bc10	FUN_0071bc10	117	unknown
0071bc85	Catch@0071bc85	9	unknown
0071bca0	FUN_0071bca0	105	unknown
0071bd09	Catch@0071bd09	9	unknown
0071bd20	FUN_0071bd20	109	unknown
0071bd8d	Catch@0071bd8d	9	unknown
0071bdb0	FUN_0071bdb0	138	unknown
0071be3a	Catch@0071be3a	9	unknown
0071be50	FUN_0071be50	138	unknown
0071beda	Catch@0071beda	9	unknown
0071bef0	FUN_0071bef0	24	unknown
0071bf10	FUN_0071bf10	110	unknown
0071bf80	FUN_0071bf80	119	unknown
0071c000	AIStrategicArea__v0_slot22	43	unknown
0071c030	FUN_0071c030	89	unknown
0071c090	FUN_0071c090	38	unknown
0071c0c0	FUN_0071c0c0	76	unknown
0071c110	FUN_0071c110	104	unknown
0071c180	FUN_0071c180	118	unknown
0071c240	AIStrategicArea__v0_slot21	53	unknown
0071c280	FUN_0071c280	144	unknown
0071c310	FUN_0071c310	22	unknown
0071c330	FUN_0071c330	34	unknown
0071c360	FUN_0071c360	428	unknown
0071c510	FUN_0071c510	139	unknown
0071c5a0	FUN_0071c5a0	43	unknown
0071c5d0	AIStrategicArea__v0_slot05	292	unknown
0071c700	AIStrategicArea__v0_slot20	477	unknown
0071c8e0	AIStrategicArea__v0_slot23	200	unknown
0071ca90	FUN_0071ca90	51	unknown
0071cad0	FUN_0071cad0	51	unknown
0071cbd0	FUN_0071cbd0	104	unknown
0071cc38	Catch@0071cc38	46	unknown
0071cc70	FUN_0071cc70	630	unknown
0071cf00	FUN_0071cf00	50	unknown
0071cf40	FUN_0071cf40	87	unknown
0071cfc0	FUN_0071cfc0	28	unknown
0071cfe0	FUN_0071cfe0	421	unknown
0071d190	FUN_0071d190	1119	unknown
0071d610	FUN_0071d610	1748	unknown
0071dd20	FUN_0071dd20	780	unknown
0071e050	FUN_0071e050	137	unknown
0071e0d9	Catch@0071e0d9	17	unknown
0071e1b0	AIStrategicArea__v0_slot06	2502	unknown
0071eba0	FUN_0071eba0	63	unknown
0071ebe0	FUN_0071ebe0	63	unknown
0071ec20	FUN_0071ec20	159	unknown
0071ecc0	AIStrategicArea__v0_slot27	153	unknown
0071ed60	FUN_0071ed60	184	unknown
0071ee20	FUN_0071ee20	61	unknown
0071ef10	FUN_0071ef10	117	unknown
0071ef85	Catch@0071ef85	9	unknown
0071f1d0	FUN_0071f1d0	428	unknown
0071f380	FUN_0071f380	1224	unknown
0071f860	AIStrategicObject__v0_slot02	11	unknown
0071f870	AIStrategicObject__v0_slot03	29	unknown
0071f890	AIStrategicArea__v0_slot14	7	unknown
0071f950	FUN_0071f950	24	unknown
0071fb10	FUN_0071fb10	185	unknown
0071fbd0	AIStrategicArea__v0_slot00	27	unknown
0071fbf0	FUN_0071fbf0	258	unknown
007201a0	FUN_007201a0	210	unknown
00720280	FUN_00720280	132	unknown
00720310	AIStrategicArea__v0_slot18	704	unknown
007205e0	AIStrategicArea__v0_slot19	656	unknown
00720870	FUN_00720870	78	unknown
007208c0	FUN_007208c0	31	unknown
007208e0	FUN_007208e0	18	unknown
00720900	FUN_00720900	14	unknown
00720910	FUN_00720910	40	unknown
00720940	FUN_00720940	32	unknown
00720960	FUN_00720960	14	unknown
00720970	FUN_00720970	14	unknown
00720980	FUN_00720980	14	unknown
00720990	FUN_00720990	14	unknown
007209a0	FUN_007209a0	10	unknown
007209b0	FUN_007209b0	48	unknown
007209e0	FUN_007209e0	65	unknown
00720a30	PlayerControlObjectTemplate__v428_slot23	7	unknown
00720a40	FUN_00720a40	30	unknown
00720a60	FUN_00720a60	19	unknown
00720a80	FUN_00720a80	32	unknown
00720aa0	FUN_00720aa0	7	unknown
00720ab0	FUN_00720ab0	30	unknown
00720ad0	FUN_00720ad0	16	unknown
00720ae0	FUN_00720ae0	14	unknown
00720af0	FUN_00720af0	14	unknown
00720b00	FUN_00720b00	14	unknown
00720b10	FUN_00720b10	14	unknown
00720b20	FUN_00720b20	65	unknown
00720b70	FUN_00720b70	203	unknown
00720c40	FUN_00720c40	104	unknown
00720cb0	FUN_00720cb0	159	unknown
00720d4f	Catch@00720d4f	21	unknown
00720d70	FUN_00720d70	51	unknown
00720db0	FUN_00720db0	131	unknown
00720e40	FUN_00720e40	108	unknown
00720eb0	FUN_00720eb0	37	unknown
00720ee0	FUN_00720ee0	57	unknown
00720f20	FUN_00720f20	64	unknown
00720f60	FUN_00720f60	104	unknown
007210c0	AIStrategicObject__v0_slot14	6	unknown
007210d0	AIStrategicObject__v0_slot24	16	unknown
007210e0	FUN_007210e0	37	unknown
00721110	FUN_00721110	37	unknown
00721140	FUN_00721140	33	unknown
00721170	FUN_00721170	85	unknown
007211d0	FUN_007211d0	66	unknown
00721220	FUN_00721220	73	unknown
00721270	FUN_00721270	970	unknown
00721650	AIStrategicObject__v0_slot00	27	unknown
00721670	FUN_00721670	17	unknown
00721690	FUN_00721690	18	unknown
007216b0	FUN_007216b0	224	unknown
007217a0	FUN_007217a0	158	unknown
00721850	FUN_00721850	26	unknown
00721870	FUN_00721870	87	unknown
007218d0	FUN_007218d0	35	unknown
00721900	FUN_00721900	244	unknown
00721a00	FUN_00721a00	38	unknown
00721a30	FUN_00721a30	130	unknown
00721ac0	AITemplatePlugIn__v0_slot00	28	unknown
00721ae0	FUN_00721ae0	76	unknown
00721b30	FUN_00721b30	17	unknown
00721b50	FUN_00721b50	17	unknown
00721b70	AITemplateMobile__v0_slot01	67	unknown
00721bc0	FUN_00721bc0	7	unknown
00721bd0	AITemplateControlInfo__v0_slot05	27	unknown
00721bf0	AITemplateControlInfo__v0_slot06	27	unknown
00721c10	AITemplateControlInfo__v0_slot07	27	unknown
00721c30	FUN_00721c30	192	unknown
00721cf0	FUN_00721cf0	192	unknown
00721db0	FUN_00721db0	230	unknown
00721ea0	AITemplateControlInfo__v0_slot04	253	unknown
00721fb0	FUN_00721fb0	18	unknown
00721fd0	FUN_00721fd0	43	unknown
00722000	FUN_00722000	30	unknown
00722020	FUN_00722020	74	unknown
00722070	FUN_00722070	14	unknown
00722080	FUN_00722080	14	unknown
00722090	FUN_00722090	14	unknown
007220a0	FUN_007220a0	11	unknown
007220b0	FUN_007220b0	14	unknown
007220c0	FUN_007220c0	14	unknown
007220d0	FUN_007220d0	14	unknown
007220e0	FUN_007220e0	14	unknown
007220f0	FUN_007220f0	14	unknown
00722100	FUN_00722100	14	unknown
00722110	FUN_00722110	14	unknown
00722120	FUN_00722120	14	unknown
00722130	FUN_00722130	14	unknown
00722140	FUN_00722140	14	unknown
00722150	FUN_00722150	14	unknown
00722160	FUN_00722160	14	unknown
00722170	FUN_00722170	14	unknown
00722180	FUN_00722180	14	unknown
00722190	FUN_00722190	14	unknown
007221a0	FUN_007221a0	36	unknown
007221e0	FUN_007221e0	28	unknown
00722200	FUN_00722200	24	unknown
00722220	FUN_00722220	11	unknown
00722230	FUN_00722230	33	unknown
00722260	FUN_00722260	25	unknown
00722280	FUN_00722280	374	unknown
00722400	FUN_00722400	40	unknown
00722430	FUN_00722430	11	unknown
00722440	FUN_00722440	111	unknown
007224af	Catch@007224af	9	unknown
007224d0	FUN_007224d0	105	unknown
00722539	Catch@00722539	9	unknown
00722550	FUN_00722550	19	unknown
007225b0	FUN_007225b0	27	unknown
007225d0	FUN_007225d0	74	unknown
00722620	FUN_00722620	422	unknown
007227d0	FUN_007227d0	50	unknown
00722810	FUN_00722810	297	unknown
00722940	FUN_00722940	429	unknown
00722b00	FUN_00722b00	58	unknown
00722b40	FUN_00722b40	33	unknown
00722b70	FUN_00722b70	111	unknown
00722bdf	Catch@00722bdf	9	unknown
00722c00	FUN_00722c00	105	unknown
00722c69	Catch@00722c69	9	unknown
00722c80	FUN_00722c80	29	unknown
00722cd0	FUN_00722cd0	162	unknown
00722d80	FUN_00722d80	245	unknown
00722e80	FUN_00722e80	80	unknown
00722ed0	FUN_00722ed0	921	unknown
007232c0	FUN_007232c0	41	unknown
007232f0	FUN_007232f0	58	unknown
00723330	FUN_00723330	53	unknown
00723370	FUN_00723370	410	unknown
00723510	FUN_00723510	19	unknown
00723530	AIScriptManager__v0_slot22	26	unknown
00723550	AIScriptManager__v0_slot25	4	unknown
00723560	AIScriptManager__v0_slot27	4	unknown
00723570	FUN_00723570	29	unknown
00723590	FUN_00723590	41	unknown
007235c0	FUN_007235c0	41	unknown
007235f0	FUN_007235f0	41	unknown
00723620	FUN_00723620	41	unknown
00723650	FUN_00723650	41	unknown
00723680	FUN_00723680	55	unknown
007236c0	FUN_007236c0	50	unknown
00723700	FUN_00723700	50	unknown
00723740	FUN_00723740	50	unknown
00723780	FUN_00723780	50	unknown
007237c0	FUN_007237c0	50	unknown
00723800	FUN_00723800	33	unknown
00723830	FUN_00723830	33	unknown
00723860	FUN_00723860	33	unknown
00723890	FUN_00723890	33	unknown
007238c0	FUN_007238c0	33	unknown
007238f0	FUN_007238f0	33	unknown
00723920	FUN_00723920	33	unknown
00723950	FUN_00723950	33	unknown
00723980	FUN_00723980	33	unknown
007239b0	FUN_007239b0	33	unknown
007239e0	FUN_007239e0	33	unknown
00723a10	FUN_00723a10	99	unknown
00723a80	FUN_00723a80	138	unknown
00723b0a	Catch@00723b0a	9	unknown
00723b20	FUN_00723b20	114	unknown
00723ba0	FUN_00723ba0	44	unknown
00723bd0	AIScriptManager__v0_slot28	57	unknown
00723c10	FUN_00723c10	67	unknown
00723c60	FUN_00723c60	42	unknown
00723c90	FUN_00723c90	210	unknown
00723d80	FUN_00723d80	210	unknown
00723e70	FUN_00723e70	266	unknown
00723fa0	FUN_00723fa0	204	unknown
00724090	AIScriptManager__v0_slot01	47	unknown
007240c0	AIScriptManager__v0_slot03	289	unknown
007241f0	AIScriptManager__v0_slot16	243	unknown
007242f0	AIScriptManager__v0_slot04	115	unknown
00724370	FUN_00724370	815	unknown
007246d0	AIScriptManager__v0_slot08	748	unknown
00724a00	FUN_00724a00	533	unknown
00724c60	FUN_00724c60	1444	unknown
00725280	FUN_00725280	870	unknown
00725600	FUN_00725600	117	unknown
00725675	Catch@00725675	9	unknown
00725690	AIScriptManager__v0_slot09	189	unknown
00725760	AIScriptManager__v0_slot11	199	unknown
00725830	AIScriptManager__v0_slot13	194	unknown
00725900	AIScriptManager__v0_slot18	278	unknown
00725a20	AIScriptManager__v0_slot17	295	unknown
00725b50	FUN_00725b50	428	unknown
00725d00	FUN_00725d00	75	unknown
00725d60	FUN_00725d60	75	unknown
00725dc0	FUN_00725dc0	244	unknown
00725ec0	AIScriptManager__v0_slot02	533	unknown
00726100	FUN_00726100	653	unknown
007263a0	AIScriptManager__v0_slot10	231	unknown
00726490	AIScriptManager__v0_slot12	241	unknown
00726590	AIScriptManager__v0_slot14	236	unknown
00726690	AIScriptManager__v0_slot15	665	unknown
00726941	FUN_00726941	102	unknown
00726a70	FUN_00726a70	183	unknown
00726b30	AIScriptManager__v0_slot05	267	unknown
00726c70	AIScriptManager__v0_slot06	725	unknown
00726f70	AIScriptManager__v0_slot07	163	unknown
00727020	FUN_00727020	51	unknown
007270c0	FUN_007270c0	175	unknown
00727170	AIScriptManager__v0_slot00	27	unknown
00727190	FUN_00727190	29	unknown
007271b0	FUN_007271b0	30	unknown
007271d0	FUN_007271d0	30	unknown
007271f0	FUN_007271f0	20	unknown
00727210	FUN_00727210	43	unknown
00727240	FUN_00727240	13	unknown
00727250	FUN_00727250	30	unknown
00727270	FUN_00727270	16	unknown
00727280	FUN_00727280	44	unknown
007272b0	FUN_007272b0	61	unknown
007272f0	FUN_007272f0	180	unknown
007273b0	FUN_007273b0	29	unknown
007273d0	FUN_007273d0	23	unknown
007273f0	FUN_007273f0	9	unknown
00727400	FUN_00727400	24	unknown
00727420	FUN_00727420	19	unknown
00727440	FUN_00727440	16	unknown
00727450	FUN_00727450	32	unknown
00727470	FUN_00727470	48	unknown
007274b0	FUN_007274b0	33	unknown
007274e0	FUN_007274e0	220	unknown
007275c0	FUN_007275c0	26	unknown
007275e0	FUN_007275e0	23	unknown
00727600	FUN_00727600	9	unknown
00727610	FUN_00727610	24	unknown
00727630	FUN_00727630	19	unknown
00727650	FUN_00727650	16	unknown
00727660	FUN_00727660	32	unknown
00727680	FUN_00727680	48	unknown
007276c0	FUN_007276c0	33	unknown
007276f0	FUN_007276f0	204	unknown
007277c0	FUN_007277c0	27	unknown
007277e0	FUN_007277e0	11	unknown
007277f0	AIObject__v0_slot32	15	unknown
00727800	FUN_00727800	33	unknown
00727830	FUN_00727830	589	unknown
00727ad0	FUN_00727ad0	52	unknown
00727b10	FUN_00727b10	15	unknown
00727b20	FUN_00727b20	7	unknown
00727b30	FUN_00727b30	9	unknown
00727b40	FUN_00727b40	15	unknown
00727b50	FUN_00727b50	15	unknown
00727b60	FUN_00727b60	9	unknown
00727b70	FUN_00727b70	9	unknown
00727b80	FUN_00727b80	21	unknown
00727ba0	FUN_00727ba0	23	unknown
00727bc0	FUN_00727bc0	13	unknown
00727bd0	FUN_00727bd0	13	unknown
00727be0	FUN_00727be0	13	unknown
00727bf0	FUN_00727bf0	13	unknown
00727c00	FUN_00727c00	9	unknown
00727c10	FUN_00727c10	7	unknown
00727c20	FUN_00727c20	74	unknown
00727c70	FUN_00727c70	95	unknown
00727cd0	FUN_00727cd0	88	unknown
00727d30	FUN_00727d30	26	unknown
00727d50	FUN_00727d50	38	unknown
00727d80	FUN_00727d80	63	unknown
00727dc0	AIObjectPlugIn__v0_slot00	28	unknown
00727de0	FUN_00727de0	25	unknown
00727e00	FUN_00727e00	43	unknown
00727e70	FUN_00727e70	54	unknown
00727eb0	FUN_00727eb0	52	unknown
00727ef0	FUN_00727ef0	32	unknown
00727f10	FUN_00727f10	107	unknown
00727f7b	Catch@00727f7b	9	unknown
00727f90	FUN_00727f90	95	unknown
00727ff0	FUN_00727ff0	102	unknown
00728056	Catch@00728056	9	unknown
00728060	AIObjectPhysical__v0_slot00	32	unknown
00728080	FUN_00728080	110	unknown
007280f0	FUN_007280f0	27	unknown
00728110	FUN_00728110	53	unknown
00728150	FUN_00728150	38	unknown
00728180	AIObjectPhysical__v0_slot03	57	unknown
007281c0	AIObjectPhysical__v0_slot02	119	unknown
00728240	FUN_00728240	103	unknown
007282b0	FUN_007282b0	534	unknown
00728416	Catch@00728416	9	unknown
00728520	FUN_00728520	98	unknown
00728590	FUN_00728590	735	unknown
00728890	FUN_00728890	38	unknown
007288c0	FUN_007288c0	14	unknown
007288d0	FUN_007288d0	44	unknown
00728900	FUN_00728900	323	unknown
00728a50	FUN_00728a50	187	unknown
00728b10	FUN_00728b10	369	unknown
00728c90	FUN_00728c90	399	unknown
00728e20	FUN_00728e20	39	unknown
00728e50	FUN_00728e50	68	unknown
00728ec0	FUN_00728ec0	38	unknown
00728ef0	FUN_00728ef0	14	unknown
00728f00	FUN_00728f00	25	unknown
00728f20	FUN_00728f20	13	unknown
00728f30	FUN_00728f30	20	unknown
00728f50	FUN_00728f50	15	unknown
00728f60	FUN_00728f60	18	unknown
00728f80	FUN_00728f80	13	unknown
00728f90	FUN_00728f90	27	unknown
00728fb0	FUN_00728fb0	107	unknown
0072901b	Catch@0072901b	9	unknown
00729030	FUN_00729030	111	unknown
007290a0	FUN_007290a0	81	unknown
00729100	FUN_00729100	187	unknown
007291c0	FUN_007291c0	102	unknown
00729226	Catch@00729226	9	unknown
00729230	FUN_00729230	161	unknown
007292e0	FUN_007292e0	103	unknown
00729350	FUN_00729350	27	unknown
00729370	FUN_00729370	515	unknown
00729580	FUN_00729580	62	unknown
007295c0	FUN_007295c0	38	unknown
007295f0	FUN_007295f0	161	unknown
007296a0	FUN_007296a0	72	unknown
007296f0	FUN_007296f0	228	unknown
007297e0	FUN_007297e0	528	unknown
00729940	Catch@00729940	9	unknown
00729a10	FUN_00729a10	136	unknown
00729f00	FUN_00729f00	38	unknown
00729f30	FUN_00729f30	14	unknown
00729f40	FUN_00729f40	91	unknown
00729fa0	FUN_00729fa0	80	unknown
00729ff0	AStarStrategicSearch__v0_slot00	28	unknown
0072a010	TaskAStarStrategicSearch__v0_slot00	27	unknown
0072a030	FUN_0072a030	27	unknown
0072a050	FUN_0072a050	41	unknown
0072a080	FUN_0072a080	16	unknown
0072a090	FUN_0072a090	80	unknown
0072a0e0	AStarStrategicSearch__v0_slot01	43	unknown
0072a110	FUN_0072a110	121	unknown
0072a190	FUN_0072a190	45	unknown
0072a1c0	FUN_0072a1c0	75	unknown
0072a210	FUN_0072a210	27	unknown
0072a230	FUN_0072a230	75	unknown
0072a280	TaskStrategicPlayerMapSearch__v0_slot00	27	unknown
0072a2a0	TaskGetStrategicCellInfoNo__v0_slot00	37	unknown
0072a2d0	FUN_0072a2d0	157	unknown
0072a370	TaskStrategicSearch__v0_slot00	70	unknown
0072a3c0	FUN_0072a3c0	108	unknown
0072a430	FUN_0072a430	323	unknown
0072a580	FUN_0072a580	27	unknown
0072a5a0	FUN_0072a5a0	55	unknown
0072a5e0	FUN_0072a5e0	45	unknown
0072a610	FUN_0072a610	7	unknown
0072a620	FUN_0072a620	7	unknown
0072a630	FUN_0072a630	17	unknown
0072a650	FUN_0072a650	13	unknown
0072a660	FUN_0072a660	13	unknown
0072a670	FUN_0072a670	42	unknown
0072a6a0	FUN_0072a6a0	38	unknown
0072a6d0	FUN_0072a6d0	11	unknown
0072a6e0	FUN_0072a6e0	11	unknown
0072a6f0	FUN_0072a6f0	23	unknown
0072a710	FUN_0072a710	11	unknown
0072a720	FUN_0072a720	11	unknown
0072a730	FUN_0072a730	10	unknown
0072a740	FUN_0072a740	8	unknown
0072a750	FUN_0072a750	8	unknown
0072a760	FUN_0072a760	55	unknown
0072a7a0	FUN_0072a7a0	35	unknown
0072a7d0	FUN_0072a7d0	4	unknown
0072a7e0	FUN_0072a7e0	13	unknown
0072a7f0	FUN_0072a7f0	38	unknown
0072a820	FUN_0072a820	11	unknown
0072a830	FUN_0072a830	33	unknown
0072a860	FUN_0072a860	11	unknown
0072a870	FUN_0072a870	20	unknown
0072a890	FUN_0072a890	43	unknown
0072a8c0	FUN_0072a8c0	55	unknown
0072a900	FUN_0072a900	104	unknown
0072a970	FUN_0072a970	89	unknown
0072a9d0	FUN_0072a9d0	8	unknown
0072a9e0	FUN_0072a9e0	4	unknown
0072a9f0	FUN_0072a9f0	23	unknown
0072aa10	NetworkableInfo__v0_slot05	4	unknown
0072aa20	FUN_0072aa20	19	unknown
0072aa40	FUN_0072aa40	77	unknown
0072aa90	FUN_0072aa90	261	unknown
0072aba0	FUN_0072aba0	238	unknown
0072ac90	FUN_0072ac90	16	unknown
0072aca0	FUN_0072aca0	8	unknown
0072acb0	PlayerControlObjectTemplate__v428_slot68	4	unknown
0072acc0	FUN_0072acc0	23	unknown
0072ace0	FUN_0072ace0	22	unknown
0072ad00	FUN_0072ad00	80	unknown
0072ad60	FUN_0072ad60	295	unknown
0072ae90	FUN_0072ae90	237	unknown
0072af80	AIObjectPrimaryReal__v0_slot12	84	unknown
0072afe0	AIObjectPrimaryReal__v0_slot13	83	unknown
0072b040	FUN_0072b040	91	unknown
0072b0a0	AIObjectPrimaryReal__v0_slot29	37	unknown
0072b0d0	FUN_0072b0d0	83	unknown
0072b130	AIObjectPrimaryReal__v0_slot10	40	unknown
0072b160	AIObjectPrimaryReal__v0_slot08	58	unknown
0072b1a0	AIObjectPrimaryReal__v0_slot32	66	unknown
0072b1f0	AIObjectPrimaryReal__v0_slot34	52	unknown
0072b230	FUN_0072b230	333	unknown
0072b380	AIObjectReal__v0_slot06	8	unknown
0072b390	AIObjectReal__v0_slot07	8	unknown
0072b3a0	AIObjectReal__v0_slot40	11	unknown
0072b3b0	AIObjectReal__v0_slot51	7	unknown
0072b3c0	AIObjectReal__v0_slot16	11	unknown
0072b3d0	AIObjectReal__v0_slot17	7	unknown
0072b3e0	AIObjectPrimaryReal__v0_slot01	8	unknown
0072b3f0	AIObjectPrimaryReal__v0_slot00	32	unknown
0072b410	FUN_0072b410	530	unknown
0072b570	Catch@0072b570	9	unknown
0072b640	FUN_0072b640	131	unknown
0072b6d0	FUN_0072b6d0	65	unknown
0072b720	AIObjectPrimaryReal__v0_slot30	54	unknown
0072b760	PhysicsNode__v0_slot36	4	unknown
0072b770	AIObjectPrimaryShared__v0_slot12	74	unknown
0072b7c0	AIObjectPrimaryShared__v0_slot13	73	unknown
0072b810	FUN_0072b810	83	unknown
0072b870	AIObjectPrimaryShared__v0_slot29	37	unknown
0072b8a0	AIObjectPrimaryShared__v0_slot10	40	unknown
0072b8d0	AIObjectPrimaryShared__v0_slot08	56	unknown
0072b910	AIObjectPrimaryShared__v0_slot32	66	unknown
0072b960	AIObjectPrimaryShared__v0_slot34	52	unknown
0072b9a0	FUN_0072b9a0	166	unknown
0072ba50	AIObjectShared__v0_slot06	8	unknown
0072ba60	AIObjectShared__v0_slot05	4	unknown
0072ba70	AIObjectShared__v0_slot07	8	unknown
0072ba80	AIObjectReal__v0_slot41	15	unknown
0072ba90	AIObjectShared__v0_slot51	7	unknown
0072baa0	AIObjectShared__v0_slot16	11	unknown
0072bab0	AIObjectShared__v0_slot17	7	unknown
0072bac0	AIObjectShared__v0_slot26	36	unknown
0072baf0	BFSpawnPointManager__v0_slot01	8	unknown
0072bb00	AIObjectPrimaryShared__v0_slot00	32	unknown
0072bb20	FUN_0072bb20	65	unknown
0072bb70	AIObjectPrimaryShared__v0_slot30	54	unknown
0072bbb0	AIObjectReal__v0_slot10	5	unknown
0072bbc0	AIObjectSecondaryReal__v0_slot08	35	unknown
0072bbf0	AIObjectSecondaryReal__v0_slot37	4	unknown
0072bc00	FUN_0072bc00	97	unknown
0072bc70	FUN_0072bc70	51	unknown
0072bcb0	AIObjectPrimaryReal__v0_slot02	26	unknown
0072bcd0	FUN_0072bcd0	123	unknown
0072bd50	AIObjectSecondaryReal__v0_slot00	32	unknown
0072bd70	AIObjectSecondaryReal__v0_slot21	468	unknown
0072bf50	AIObjectShared__v0_slot10	5	unknown
0072bf60	AIObjectSecondaryShared__v0_slot08	35	unknown
0072bf90	FUN_0072bf90	51	unknown
0072bfd0	BFSpawnPointManager__v0_slot02	26	unknown
0072bff0	AIObjectSecondaryShared__v0_slot00	96	unknown
0072c050	AIObjectSecondaryShared__v0_slot21	300	unknown
0072c180	FUN_0072c180	32	unknown
0072c1a0	AITemplateControlInfo3d__v0_slot05	57	unknown
0072c1e0	AITemplateControlInfo3d__v0_slot06	57	unknown
0072c220	AITemplateControlInfo3d__v0_slot00	33	unknown
0072c250	AITemplateControlInfo__v0_slot01	49	unknown
0072c290	AITemplateUnit__v0_slot00	18	unknown
0072c2d0	FUN_0072c2d0	205	unknown
0072c3b0	FUN_0072c3b0	75	unknown
0072c400	FUN_0072c400	188	unknown
0072c4c0	AITemplateUnit__v0_slot01	49	unknown
0072c500	FUN_0072c500	29	unknown
0072c520	AITemplateArmament__v0_slot01	49	unknown
0072c560	FUN_0072c560	503	unknown
0072c760	FUN_0072c760	21	unknown
0072c780	FUN_0072c780	32	unknown
0072c7a0	AITemplatePhysical__v0_slot01	49	unknown
0072c7e0	FUN_0072c7e0	250	unknown
0072c8e0	FUN_0072c8e0	39	unknown
0072c910	FUN_0072c910	67	unknown
0072c980	AITemplateCover__v0_slot00	27	unknown
0072c9a0	FUN_0072c9a0	68	unknown
0072c9f0	AITemplateCover__v0_slot01	49	unknown
0072ca30	FUN_0072ca30	321	unknown
0072d030	FUN_0072d030	19	unknown
0072d050	FUN_0072d050	19	unknown
0072d070	FUN_0072d070	15	unknown
0072d080	FUN_0072d080	16	unknown
0072d090	FUN_0072d090	182	unknown
0072d150	BBAirLift__v0_slot09	9	unknown
0072d160	BBAirLift__v0_slot00	18	unknown
0072d1a0	FUN_0072d1a0	27	unknown
0072d1c0	BBPPattern__v0_slot02	26	unknown
0072d1e0	BBPPattern__v0_slot01	25	unknown
0072d200	BBPAirLift__v0_slot04	33	unknown
0072d230	BBMoveToFixed__v0_slot00	18	unknown
0072d270	BBMoveToFixed__v0_slot09	547	unknown
0072d4a0	FUN_0072d4a0	149	unknown
0072d540	BBFireUnarmed__v0_slot00	18	unknown
0072d580	FUN_0072d580	178	unknown
0072d640	FUN_0072d640	530	unknown
0072d7a0	Catch@0072d7a0	9	unknown
0072d870	FUN_0072d870	77	unknown
0072d8c0	BBFireUnarmed__v0_slot09	2618	unknown
0072e300	FUN_0072e300	127	unknown
0072e380	BBIdle__v0_slot08	29	unknown
0072e3a0	BBIdle__v0_slot00	33	unknown
0072e3d0	BBIdle__v0_slot09	107	unknown
0072e440	FUN_0072e440	20	unknown
0072e460	BAPCondition__v0_slot02	28	unknown
0072e480	FUN_0072e480	20	unknown
0072e4a0	BAPConTrue__v0_slot02	33	unknown
0072e4d0	FUN_0072e4d0	20	unknown
0072e4f0	FUN_0072e4f0	25	unknown
0072e510	BBPPattern__v0_slot03	26	unknown
0072e530	BBPIdleInfantery__v0_slot04	40	unknown
0072e560	FUN_0072e560	20	unknown
0072e580	BBPIdleInfantery__v0_slot00	437	unknown
0072e740	FUN_0072e740	20	unknown
0072e760	FUN_0072e760	20	unknown
0072e780	FUN_0072e780	20	unknown
0072e7a0	BAPConFalse__v0_slot02	33	unknown
0072e7d0	FUN_0072e7d0	23	unknown
0072e7f0	FUN_0072e7f0	24	unknown
0072e810	FUN_0072e810	50	unknown
0072e850	BBPIdle3d__v0_slot04	40	unknown
0072e880	FUN_0072e880	97	unknown
0072e8f0	BBPIdle3d__v0_slot00	806	unknown
0072ec20	FUN_0072ec20	25	unknown
0072ec40	BBPIdle2d__v0_slot04	33	unknown
0072ec70	BBPIdle2d__v0_slot00	433	unknown
0072ee30	FUN_0072ee30	119	unknown
0072eec0	BBBailOut__v0_slot00	33	unknown
0072eef0	BBBailOut__v0_slot09	250	unknown
0072eff0	FUN_0072eff0	20	unknown
0072f010	FUN_0072f010	20	unknown
0072f030	FUN_0072f030	27	unknown
0072f050	BBPBailOut__v0_slot04	33	unknown
0072f080	BBPBailOut__v0_slot00	462	unknown
0072f250	FUN_0072f250	23	unknown
0072f270	FUN_0072f270	123	unknown
0072f2f0	FUN_0072f2f0	71	unknown
0072f340	FUN_0072f340	49	unknown
0072f380	FUN_0072f380	66	unknown
0072f3d0	FUN_0072f3d0	102	unknown
0072f440	FUN_0072f440	743	unknown
0072f730	FUN_0072f730	19	unknown
0072f790	BBChange__v0_slot00	27	unknown
0072f7b0	FUN_0072f7b0	168	unknown
0072f860	FUN_0072f860	384	unknown
0072f9e0	BBChange__v0_slot09	5051	unknown
00730da0	FUN_00730da0	20	unknown
00730dc0	FUN_00730dc0	20	unknown
00730de0	FUN_00730de0	20	unknown
00730e00	FUN_00730e00	20	unknown
00730e20	FUN_00730e20	20	unknown
00730e40	FUN_00730e40	20	unknown
00730e60	FUN_00730e60	20	unknown
00730e80	FUN_00730e80	20	unknown
00730ea0	FUN_00730ea0	20	unknown
00730ec0	FUN_00730ec0	20	unknown
00730ee0	FUN_00730ee0	20	unknown
00730f00	FUN_00730f00	20	unknown
00730f20	FUN_00730f20	20	unknown
00730f40	FUN_00730f40	20	unknown
00730f60	FUN_00730f60	20	unknown
00730f80	FUN_00730f80	23	unknown
00730fa0	BBPChange__v0_slot04	18	unknown
00730fe0	FUN_00730fe0	76	unknown
00731030	BBPChange__v0_slot00	4597	unknown
00732230	FUN_00732230	148	unknown
007322d0	BBChangeLandingCraft__v0_slot00	18	unknown
00732310	BBChangeLandingCraft__v0_slot09	2308	unknown
00732c30	BBPChangeLandingCraft__v0_slot04	18	unknown
00732c70	FUN_00732c70	76	unknown
00732cc0	BBPChangeLandingCraft__v0_slot00	1120	unknown
00733120	FUN_00733120	148	unknown
007331c0	BBChangeTeleport__v0_slot00	18	unknown
00733200	BBChangeTeleport__v0_slot09	1982	unknown
007339e0	FUN_007339e0	20	unknown
00733a00	FUN_00733a00	70	unknown
00733a50	BBPChangeTeleport__v0_slot04	18	unknown
00733a90	FUN_00733a90	76	unknown
00733ae0	BBPChangeTeleport__v0_slot00	1162	unknown
00733f70	FUN_00733f70	23	unknown
00733f90	FUN_00733f90	104	unknown
00733ff8	Catch@00733ff8	9	unknown
00734010	BBMedicAssist__v0_slot12	91	unknown
00734070	FUN_00734070	29	unknown
00734090	BBMedicAssist__v0_slot00	18	unknown
007340f0	FUN_007340f0	185	unknown
007341a9	Catch@007341a9	17	unknown
007341c0	FUN_007341c0	161	unknown
00734270	BBMedicAssist__v0_slot09	2261	unknown
00734c10	FUN_00734c10	20	unknown
00734c30	FUN_00734c30	20	unknown
00734c50	FUN_00734c50	20	unknown
00734c70	FUN_00734c70	20	unknown
00734c90	FUN_00734c90	20	unknown
00734cb0	FUN_00734cb0	20	unknown
00734cd0	FUN_00734cd0	20	unknown
00734cf0	BotScriptVariable__v0_slot00	28	unknown
00734d10	FUN_00734d10	24	unknown
00734d80	BBPMedicAssist__v0_slot04	18	unknown
00734dc0	FUN_00734dc0	52	unknown
00734e00	FUN_00734e00	52	unknown
00734e40	FUN_00734e40	105	unknown
00734ea9	Catch@00734ea9	9	unknown
00734ec0	FUN_00734ec0	79	unknown
00734f10	FUN_00734f10	112	unknown
00734f80	FUN_00734f80	112	unknown
00734ff0	BBPMedicAssist__v0_slot00	3531	unknown
00735dc0	FUN_00735dc0	28	unknown
00735de0	FUN_00735de0	112	unknown
00735e50	FUN_00735e50	107	unknown
00735ebb	Catch@00735ebb	9	unknown
00735ee0	FUN_00735ee0	556	unknown
00736110	BBAvoid__v0_slot00	18	unknown
00736170	FUN_00736170	139	unknown
00736200	FUN_00736200	51	unknown
00736240	FUN_00736240	251	unknown
00736360	FUN_00736360	678	unknown
00736610	BBAvoid__v0_slot09	2196	unknown
00736eb0	FUN_00736eb0	20	unknown
00736ed0	FUN_00736ed0	20	unknown
00736ef0	FUN_00736ef0	20	unknown
00736f10	BBPAvoidCollisionInfantery__v0_slot05	63	unknown
00736f50	FUN_00736f50	70	unknown
00736fa0	FUN_00736fa0	26	unknown
00736fc0	BBPAvoidCollisionInfantery__v0_slot04	18	unknown
00737000	FUN_00737000	111	unknown
0073706f	Catch@0073706f	9	unknown
00737090	FUN_00737090	105	unknown
007370f9	Catch@007370f9	9	unknown
00737110	FUN_00737110	17	unknown
00737130	FUN_00737130	22	unknown
00737150	FUN_00737150	53	unknown
00737190	FUN_00737190	51	unknown
007371d0	FUN_007371d0	50	unknown
00737210	BBPAvoidCollisionInfantery__v0_slot00	3235	unknown
00737f40	BBPAvoidCollision3d__v0_slot05	148	unknown
00737fe0	BBPAvoidCollision3d__v0_slot04	18	unknown
00738020	FUN_00738020	56	unknown
00738060	BBPAvoidCollision3d__v0_slot00	1564	unknown
00738720	BBPAvoidCollision2d__v0_slot04	18	unknown
00738760	FUN_00738760	53	unknown
007387a0	BBPAvoidCollision2d__v0_slot00	1396	unknown
00738d20	BBMoveTo__v0_slot00	33	unknown
00738d50	FUN_00738d50	227	unknown
00738e50	FUN_00738e50	19	unknown
00738e70	BBMoveTo__v0_slot09	1216	unknown
00739330	BBPGotoWaypoint__v0_slot04	62	unknown
00739380	FUN_00739380	20	unknown
007393a0	FUN_007393a0	27	unknown
007393c0	FUN_007393c0	84	unknown
00739420	BBPGotoWaypointSoldier__v0_slot04	27	unknown
00739440	FUN_00739440	112	unknown
007394b0	BBPGotoWaypointSoldier__v0_slot00	3151	unknown
0073a100	FUN_0073a100	27	unknown
0073a120	BBPGotoWaypoint3d__v0_slot04	27	unknown
0073a140	BBPGotoWaypoint3d__v0_slot00	998	unknown
0073a530	FUN_0073a530	20	unknown
0073a550	FUN_0073a550	20	unknown
0073a570	FUN_0073a570	27	unknown
0073a590	FUN_0073a590	84	unknown
0073a5f0	BBPGotoWaypointBoat__v0_slot00	3244	unknown
0073b2b0	FUN_0073b2b0	27	unknown
0073b2d0	BBPGotoWaypoint2d__v0_slot00	3808	unknown
0073c1b0	FUN_0073c1b0	23	unknown
0073c1d0	FUN_0073c1d0	28	unknown
0073c1f0	FUN_0073c1f0	105	unknown
0073c260	BBScout__v0_slot08	85	unknown
0073c2c0	FUN_0073c2c0	40	unknown
0073c2f0	FUN_0073c2f0	45	unknown
0073c320	FUN_0073c320	75	unknown
0073c370	FUN_0073c370	189	unknown
0073c4a0	FUN_0073c4a0	109	unknown
0073c50d	Catch@0073c50d	9	unknown
0073c530	BBScout__v0_slot00	27	unknown
0073c550	FUN_0073c550	111	unknown
0073c5bf	Catch@0073c5bf	9	unknown
0073c5e0	FUN_0073c5e0	155	unknown
0073c680	FUN_0073c680	465	unknown
0073c880	FUN_0073c880	47	unknown
0073c8c0	FUN_0073c8c0	346	unknown
0073ca20	FUN_0073ca20	51	unknown
0073ca60	FUN_0073ca60	104	unknown
0073cac8	Catch@0073cac8	46	unknown
0073cb00	FUN_0073cb00	637	unknown
0073cda0	FUN_0073cda0	28	unknown
0073cdc0	FUN_0073cdc0	137	unknown
0073ce49	Catch@0073ce49	17	unknown
0073ce60	BBScout__v0_slot09	4896	unknown
0073e270	BotScript__v0_slot01	28	unknown
0073e290	BAPStatement__v0_slot01	48	unknown
0073e2d0	FUN_0073e2d0	20	unknown
0073e2f0	FUN_0073e2f0	20	unknown
0073e310	FUN_0073e310	25	unknown
0073e330	BBPScoutInfantery__v0_slot04	33	unknown
0073e360	BAPICScout__v0_slot01	53	unknown
0073e3a0	BBPScoutInfantery__v0_slot00	1279	unknown
0073e8a0	FUN_0073e8a0	20	unknown
0073e8c0	FUN_0073e8c0	24	unknown
0073e8e0	FUN_0073e8e0	23	unknown
0073e910	BBPScout__v0_slot04	23	unknown
0073e950	FUN_0073e950	52	unknown
0073e990	FUN_0073e990	52	unknown
0073e9d0	BBPScout__v0_slot05	93	unknown
0073ea30	FUN_0073ea30	56	unknown
0073ea70	FUN_0073ea70	112	unknown
0073eae0	FUN_0073eae0	126	unknown
0073eb60	BBPScout__v0_slot00	1582	unknown
0073f1c0	FUN_0073f1c0	23	unknown
0073f1e0	FUN_0073f1e0	31	unknown
0073f200	FUN_0073f200	31	unknown
0073f220	FUN_0073f220	29	unknown
0073f240	FUN_0073f240	93	unknown
0073f2a0	FUN_0073f2a0	43	unknown
0073f2e0	FUN_0073f2e0	117	unknown
0073f355	Catch@0073f355	9	unknown
0073f370	FUN_0073f370	138	unknown
0073f3fa	Catch@0073f3fa	9	unknown
0073f410	FUN_0073f410	428	unknown
0073f680	FUN_0073f680	185	unknown
0073f740	FUN_0073f740	104	unknown
0073f7b0	FUN_0073f7b0	20	unknown
0073f830	FUN_0073f830	382	unknown
0073f9d0	BBFire__v0_slot00	27	unknown
0073f9f0	BBFire__v0_slot09	6353	unknown
007412e0	FUN_007412e0	20	unknown
00741300	FUN_00741300	20	unknown
00741320	FUN_00741320	20	unknown
00741340	BAPExpression__v0_slot00	28	unknown
00741360	FUN_00741360	20	unknown
00741380	FUN_00741380	20	unknown
007413a0	FUN_007413a0	20	unknown
007413c0	FUN_007413c0	20	unknown
007413e0	FUN_007413e0	20	unknown
00741400	FUN_00741400	20	unknown
00741420	FUN_00741420	20	unknown
00741440	FUN_00741440	20	unknown
00741460	FUN_00741460	20	unknown
00741480	FUN_00741480	20	unknown
007414a0	FUN_007414a0	20	unknown
007414c0	FUN_007414c0	20	unknown
007414e0	FUN_007414e0	20	unknown
00741500	FUN_00741500	23	unknown
00741520	FUN_00741520	23	unknown
00741540	FUN_00741540	31	unknown
00741560	FUN_00741560	31	unknown
00741580	FUN_00741580	31	unknown
007415a0	FUN_007415a0	31	unknown
007415c0	FUN_007415c0	20	unknown
007415e0	FUN_007415e0	20	unknown
00741600	FUN_00741600	20	unknown
00741620	BBPFireInfantery__v0_slot05	126	unknown
007416a0	FUN_007416a0	76	unknown
007416f0	FUN_007416f0	6	unknown
00741700	FUN_00741700	56	unknown
00741740	FUN_00741740	19	unknown
00741760	FUN_00741760	32	unknown
00741780	FUN_00741780	43	unknown
007417b0	FUN_007417b0	33	unknown
007417e0	FUN_007417e0	52	unknown
00741820	FUN_00741820	111	unknown
0074188f	Catch@0074188f	9	unknown
007418b0	FUN_007418b0	105	unknown
00741919	Catch@00741919	9	unknown
00741930	FUN_00741930	138	unknown
007419ba	Catch@007419ba	9	unknown
007419d0	FUN_007419d0	117	unknown
00741a45	Catch@00741a45	9	unknown
00741a60	FUN_00741a60	43	unknown
00741aa0	FUN_00741aa0	36	unknown
00741ad0	FUN_00741ad0	35	unknown
00741b00	FUN_00741b00	491	unknown
00741cf0	FUN_00741cf0	753	unknown
00741ff0	FUN_00741ff0	449	unknown
00742290	BBPFireInfantery__v0_slot04	18	unknown
007422d0	FUN_007422d0	428	unknown
00742480	FUN_00742480	100	unknown
007424f0	FUN_007424f0	262	unknown
00742600	FUN_00742600	818	unknown
00742940	FUN_00742940	104	unknown
007429b0	FUN_007429b0	183	unknown
00742a70	FUN_00742a70	52	unknown
00742ab0	FUN_00742ab0	112	unknown
00742b20	FUN_00742b20	535	unknown
00742d40	FUN_00742d40	3816	unknown
00743c30	FUN_00743c30	1010	unknown
00744030	FUN_00744030	6106	unknown
00745810	BBPFireInfantery__v0_slot00	4512	unknown
0074696b	FUN_0074696b	3973	unknown
00747ac0	FUN_00747ac0	104	unknown
00747b30	FUN_00747b30	20	unknown
00747b50	FUN_00747b50	46	unknown
00747b80	BBPFire2d__v0_slot04	18	unknown
00747bc0	BBPFire2d__v0_slot05	35	unknown
00747bf0	FUN_00747bf0	64	unknown
00747c30	FUN_00747c30	52	unknown
00747c70	FUN_00747c70	32	unknown
00747c90	FUN_00747c90	43	unknown
00747cc0	FUN_00747cc0	50	unknown
00747d00	FUN_00747d00	112	unknown
00747d70	BBPFire2d__v0_slot00	5425	unknown
007492c0	FUN_007492c0	31	unknown
007492e0	BBFireLargeBore__v0_slot13	146	unknown
00749380	FUN_00749380	43	unknown
007493c0	FUN_007493c0	117	unknown
00749435	Catch@00749435	9	unknown
00749450	FUN_00749450	138	unknown
007494da	Catch@007494da	9	unknown
007494f0	FUN_007494f0	428	unknown
00749760	FUN_00749760	185	unknown
00749820	FUN_00749820	104	unknown
00749890	FUN_00749890	20	unknown
007498f0	FUN_007498f0	335	unknown
00749a60	BBFireLargeBore__v0_slot00	27	unknown
00749a80	FUN_00749a80	8238	unknown
0074bad0	BBFireLargeBore__v0_slot09	94	unknown
0074bb30	BBFireArtilleryDriver__v0_slot00	18	unknown
0074bb80	BBFireArtilleryDriver__v0_slot09	351	unknown
0074bce0	FUN_0074bce0	357	unknown
0074be60	BBPFire2dDriver__v0_slot04	18	unknown
0074bea0	FUN_0074bea0	50	unknown
0074bee0	BBPFire2dDriver__v0_slot00	4674	unknown
0074d130	BBFire__v0_slot13	81	unknown
0074d190	FUN_0074d190	43	unknown
0074d1d0	FUN_0074d1d0	117	unknown
0074d245	Catch@0074d245	9	unknown
0074d260	FUN_0074d260	138	unknown
0074d2ea	Catch@0074d2ea	9	unknown
0074d300	FUN_0074d300	428	unknown
0074d570	FUN_0074d570	185	unknown
0074d630	FUN_0074d630	104	unknown
0074d6a0	FUN_0074d6a0	20	unknown
0074d700	FUN_0074d700	329	unknown
0074d870	BBFire3d__v0_slot00	27	unknown
0074d890	BBFire3d__v0_slot09	9710	unknown
0074feb0	FUN_0074feb0	20	unknown
0074fed0	FUN_0074fed0	23	unknown
0074fef0	FUN_0074fef0	27	unknown
0074ff10	BBPFire3d__v0_slot05	84	unknown
0074ff70	BBPFire3d__v0_slot04	33	unknown
0074ffa0	FUN_0074ffa0	1849	unknown
007506f0	FUN_007506f0	6351	unknown
00751fe0	BBPFire3d__v0_slot00	1186	unknown
00752490	BBFire__v0_slot13	5	unknown
007524a0	BBFireInfantery__v0_slot00	33	unknown
007524d0	FUN_007524d0	94	unknown
00752550	BBRoam__v0_slot00	18	unknown
00752590	FUN_00752590	240	unknown
007526a0	BBRoam__v0_slot09	1768	unknown
00752d90	FUN_00752d90	53	unknown
00752dd0	FUN_00752dd0	50	unknown
00752e10	BBPRoam3d__v0_slot04	18	unknown
00752e50	BBPRoam3d__v0_slot00	891	unknown
007531d0	FUN_007531d0	27	unknown
007531f0	FUN_007531f0	69	unknown
00753240	BBPRoam2d__v0_slot04	33	unknown
00753270	BBPRoam2d__v0_slot00	530	unknown
00753490	FUN_00753490	52	unknown
007534e0	BBTakeCover__v0_slot08	86	unknown
00753540	BBTakeCover__v0_slot00	27	unknown
00753560	FUN_00753560	301	unknown
007536b0	BBTakeCover__v0_slot09	5407	unknown
00754be0	FUN_00754be0	20	unknown
00754c00	BBPTakeCover__v0_slot04	18	unknown
00754c60	BAPConEndOfPath__v0_slot02	33	unknown
00754c90	FUN_00754c90	107	unknown
00754d00	BBPTakeCover__v0_slot00	1915	unknown
00755480	FUN_00755480	52	unknown
00755520	BBTakeCoverInfantry__v0_slot00	27	unknown
00755540	FUN_00755540	85	unknown
007555a0	FUN_007555a0	285	unknown
007556c0	FUN_007556c0	281	unknown
00755800	FUN_00755800	456	unknown
007559f0	FUN_007559f0	2948	unknown
00756580	BBTakeCoverInfantry__v0_slot09	2782	unknown
00757063	FUN_00757063	4287	unknown
00758170	FUN_00758170	145	unknown
00758210	BBPTakeCoverInfantry__v0_slot04	18	unknown
00758270	FUN_00758270	245	unknown
00758370	FUN_00758370	107	unknown
007583e0	BBPTakeCoverInfantry__v0_slot00	5739	unknown
00759a50	BBTakeCover3d__v0_slot00	18	unknown
00759a90	BBTakeCover3d__v0_slot09	1175	unknown
00759f30	FUN_00759f30	246	unknown
0075a050	FUN_0075a050	27	unknown
0075a070	BBPTakeCover3d__v0_slot04	40	unknown
0075a0a0	BBPTakeCover3d__v0_slot00	1211	unknown
0075a5b0	FUN_0075a5b0	28	unknown
0075a5d0	FUN_0075a5d0	18	unknown
0075a600	FUN_0075a600	25	unknown
0075a650	FUN_0075a650	39	unknown
0075a6b0	FUN_0075a6b0	27	unknown
0075a6d0	FUN_0075a6d0	201	unknown
0075a7a0	FUN_0075a7a0	57	unknown
0075a7f0	PhysicsNode__v0_slot53	13	unknown
0075a800	FUN_0075a800	70	unknown
0075a850	FUN_0075a850	14	unknown
0075a860	FUN_0075a860	90	unknown
0075a8c0	FUN_0075a8c0	35	unknown
0075a8f0	FUN_0075a8f0	108	unknown
0075a960	FUN_0075a960	319	unknown
0075ab40	FUN_0075ab40	2287	unknown
0075b480	FUN_0075b480	1130	unknown
0075b8f0	FUN_0075b8f0	3703	unknown
0075c810	FUN_0075c810	10	unknown
0075c820	FUN_0075c820	4	unknown
0075c830	FUN_0075c830	28	unknown
0075c850	FUN_0075c850	45	unknown
0075c880	FUN_0075c880	29	unknown
0075c8d0	FUN_0075c8d0	764	unknown
0075cbd0	FUN_0075cbd0	237	unknown
0075ccc0	FUN_0075ccc0	183	unknown
0075cd80	FUN_0075cd80	45	unknown
0075cdb0	FUN_0075cdb0	29	unknown
0075ce00	FUN_0075ce00	583	unknown
0075d050	FUN_0075d050	104	unknown
0075d0b8	Catch@0075d0b8	46	unknown
0075d0f0	FUN_0075d0f0	28	unknown
0075d110	FUN_0075d110	119	unknown
0075d190	FUN_0075d190	33	unknown
0075d1c0	FUN_0075d1c0	29	unknown
0075d210	FUN_0075d210	183	unknown
0075d2d0	FUN_0075d2d0	160	unknown
0075d380	FUN_0075d380	33	unknown
0075d3b0	FUN_0075d3b0	29	unknown
0075d400	FUN_0075d400	157	unknown
0075d4a0	FUN_0075d4a0	125	unknown
0075d520	FUN_0075d520	34	unknown
0075d550	FUN_0075d550	13	unknown
0075d5a0	FUN_0075d5a0	105	unknown
0075d610	FUN_0075d610	10	unknown
0075d620	FUN_0075d620	11	unknown
0075d630	FUN_0075d630	9	unknown
0075d640	FUN_0075d640	1812	unknown
0075dd60	FUN_0075dd60	9	unknown
0075dd70	EntryMoveToObjectMediumSoldier__v0_slot01	1307	unknown
0075e290	FUN_0075e290	9	unknown
0075e870	FUN_0075e870	9	unknown
0075ee80	FUN_0075ee80	9	unknown
0075ee90	EntryMoveToMediumSoldier__v0_slot01	1371	unknown
0075f3f0	FUN_0075f3f0	9	unknown
0075fab0	FUN_0075fab0	9	unknown
007601c0	FUN_007601c0	9	unknown
007601d0	EntryMoveToLightSoldier__v0_slot01	1164	unknown
00760660	FUN_00760660	9	unknown
00760a30	FUN_00760a30	9	unknown
00760a40	EntrySoldierPose__v0_slot01	404	unknown
00760be0	FUN_00760be0	9	unknown
00760c90	FUN_00760c90	9	unknown
00760e30	FUN_00760e30	9	unknown
007612c0	FUN_007612c0	9	unknown
007612d0	FUN_007612d0	137	unknown
00761359	Catch@00761359	17	unknown
007619c0	FUN_007619c0	9	unknown
00761c60	FUN_00761c60	9	unknown
00761f90	FUN_00761f90	9	unknown
00761fa0	FUN_00761fa0	9	unknown
00762070	FUN_00762070	9	unknown
00762790	FUN_00762790	9	unknown
00762ab0	FUN_00762ab0	9	unknown
00762da0	FUN_00762da0	9	unknown
00762e80	FUN_00762e80	9	unknown
007634c0	FUN_007634c0	9	unknown
00763730	FUN_00763730	9	unknown
007639a0	FUN_007639a0	9	unknown
00763c10	FUN_00763c10	9	unknown
00763d20	FUN_00763d20	9	unknown
007644a0	FUN_007644a0	9	unknown
007647c0	FUN_007647c0	9	unknown
007647d0	FUN_007647d0	103	unknown
00765570	FUN_00765570	9	unknown
007656c0	FUN_007656c0	9	unknown
007657d0	FUN_007657d0	9	unknown
00765940	FUN_00765940	9	unknown
00765c20	FUN_00765c20	9	unknown
00765d40	FUN_00765d40	9	unknown
00765d50	BAPEntry__v0_slot00	28	unknown
00766410	FUN_00766410	9	unknown
007664f0	FUN_007664f0	9	unknown
00766500	FUN_00766500	695	unknown
007667c0	FUN_007667c0	9	unknown
007667d0	FUN_007667d0	9	unknown
007667e0	FUN_007667e0	639	unknown
00766a60	FUN_00766a60	9	unknown
00766d80	FUN_00766d80	9	unknown
00766e60	FUN_00766e60	9	unknown
00766f4e	FUN_00766f4e	2241	unknown
00767810	FUN_00767810	9	unknown
00767b40	FUN_00767b40	9	unknown
00767e60	Bot__v0_slot00	28	unknown
00767e80	FUN_00767e80	39	unknown
00767eb0	FUN_00767eb0	28	unknown
00767ed0	FUN_00767ed0	7	unknown
00767ee0	FUN_00767ee0	7	unknown
00767ef0	FUN_00767ef0	6	unknown
00767f00	BotMain__v0_slot06	28	unknown
00767f20	FUN_00767f20	80	unknown
00767f70	BotMain__v0_slot16	47	unknown
00767fa0	BotMain__v0_slot19	27	unknown
00767fc0	BotMain__v0_slot28	22	unknown
00767fe0	FUN_00767fe0	10	unknown
00767ff0	FUN_00767ff0	10	unknown
00768000	FUN_00768000	12	unknown
00768010	FUN_00768010	54	unknown
00768050	BotMain__v0_slot42	11	unknown
00768060	BotMain__v0_slot43	11	unknown
00768070	BotMain__v0_slot46	30	unknown
00768090	BotMain__v0_slot49	4	unknown
007680a0	BotMain__v0_slot50	10	unknown
007680b0	BotMain__v0_slot44	7	unknown
007680c0	FUN_007680c0	5	unknown
007680d0	BFSoldier__v0_slot11	7	unknown
007680e0	BotMain__v0_slot35	7	unknown
007680f0	BotMain__v0_slot20	11	unknown
00768100	BotMain__v0_slot21	4	unknown
00768110	BotMain__v0_slot22	5	unknown
00768120	FUN_00768120	14	unknown
00768130	BotMain__v0_slot37	7	unknown
00768140	BotMain__v0_slot38	7	unknown
00768150	BotMain__v0_slot40	7	unknown
00768160	BotMain__v0_slot41	7	unknown
00768170	BotMain__v0_slot82	69	unknown
007681c0	BotMain__v0_slot83	275	unknown
007682e0	BotMain__v0_slot106	39	unknown
00768310	BotMain__v0_slot68	10	unknown
00768320	BotMain__v0_slot25	4	unknown
00768330	BotMain__v0_slot26	10	unknown
00768340	BotMain__v0_slot73	11	unknown
00768350	BotMain__v0_slot74	11	unknown
00768360	BotMain__v0_slot75	41	unknown
00768390	BotMain__v0_slot76	39	unknown
007683c0	BotMain__v0_slot77	53	unknown
00768400	FUN_00768400	33	unknown
00768430	BotMain__v0_slot107	137	unknown
007684c0	BotMain__v0_slot30	88	unknown
00768520	BotMain__v0_slot31	7	unknown
00768530	BotMain__v0_slot32	7	unknown
00768540	FUN_00768540	13	unknown
00768550	BotMain__v0_slot89	7	unknown
00768560	BotMain__v0_slot87	19	unknown
00768580	BotMain__v0_slot90	7	unknown
00768590	BotMain__v0_slot88	19	unknown
007685b0	BotMain__v0_slot57	11	unknown
007685c0	BotMain__v0_slot85	4	unknown
007685d0	BotMain__v0_slot86	10	unknown
007685e0	BotMain__v0_slot48	11	unknown
007685f0	BotMain__v0_slot93	23	unknown
00768610	BotMain__v0_slot95	7	unknown
00768620	BotMain__v0_slot96	21	unknown
00768640	BotMain__v0_slot97	104	unknown
007686b0	BotMain__v0_slot98	7	unknown
007686c0	BotMain__v0_slot99	7	unknown
007686d0	BotMain__v0_slot102	8	unknown
007686e0	FUN_007686e0	51	unknown
00768720	FUN_00768720	62	unknown
00768760	BotMain__v0_slot62	13	unknown
00768770	BotMain__v0_slot63	23	unknown
00768790	BotMain__v0_slot65	13	unknown
007687a0	BotMain__v0_slot66	24	unknown
007687c0	BotMain__v0_slot69	41	unknown
007687f0	FUN_007687f0	28	unknown
00768810	BotMain__v0_slot47	82	unknown
00768870	BotMain__v0_slot94	70	unknown
007688c0	FUN_007688c0	48	unknown
007688f0	FUN_007688f0	31	unknown
00768910	FUN_00768910	43	unknown
00768950	FUN_00768950	43	unknown
00768990	FUN_00768990	104	unknown
007689f8	Catch@007689f8	9	unknown
00768a10	FUN_00768a10	107	unknown
00768a7b	Catch@00768a7b	9	unknown
00768a90	FUN_00768a90	107	unknown
00768afb	Catch@00768afb	9	unknown
00768b10	FUN_00768b10	216	unknown
00768bf0	FUN_00768bf0	256	unknown
00768cf0	FUN_00768cf0	44	unknown
00768d20	FUN_00768d20	43	unknown
00768d60	FUN_00768d60	43	unknown
00768da0	FUN_00768da0	111	unknown
00768e0f	Catch@00768e0f	9	unknown
00768e30	FUN_00768e30	111	unknown
00768e9f	Catch@00768e9f	9	unknown
00768ec0	FUN_00768ec0	43	unknown
00768f00	FUN_00768f00	93	unknown
00768f70	FUN_00768f70	109	unknown
00768fdd	Catch@00768fdd	9	unknown
00769000	FUN_00769000	105	unknown
00769069	Catch@00769069	9	unknown
00769080	FUN_00769080	138	unknown
0076910a	Catch@0076910a	9	unknown
00769120	FUN_00769120	117	unknown
00769195	Catch@00769195	9	unknown
007691b0	FUN_007691b0	102	unknown
00769216	Catch@00769216	9	unknown
00769220	FUN_00769220	102	unknown
00769286	Catch@00769286	9	unknown
00769290	FUN_00769290	104	unknown
007692f8	Catch@007692f8	9	unknown
00769310	FUN_00769310	105	unknown
00769380	BotMain__v0_slot18	58	unknown
007693c0	BotMain__v0_slot61	236	unknown
007694b0	FUN_007694b0	27	unknown
007694d0	FUN_007694d0	26	unknown
007694f0	FUN_007694f0	32	unknown
00769510	FUN_00769510	29	unknown
00769530	FUN_00769530	27	unknown
00769550	FUN_00769550	27	unknown
00769570	FUN_00769570	112	unknown
007695e0	FUN_007695e0	407	unknown
00769780	BotMain__v0_slot34	58	unknown
007697c0	BotMain__v0_slot105	68	unknown
00769810	FUN_00769810	284	unknown
00769930	FUN_00769930	836	unknown
00769c80	FUN_00769c80	38	unknown
00769cb0	FUN_00769cb0	41	unknown
00769ce0	FUN_00769ce0	29	unknown
00769d00	FUN_00769d00	107	unknown
00769d70	FUN_00769d70	47	unknown
00769db0	FUN_00769db0	21	unknown
00769de0	FUN_00769de0	477	unknown
00769fc0	FUN_00769fc0	84	unknown
0076a020	FUN_0076a020	183	unknown
0076a0e0	FUN_0076a0e0	428	unknown
0076a350	FUN_0076a350	534	unknown
0076a4b6	Catch@0076a4b6	9	unknown
0076a700	FUN_0076a700	228	unknown
0076a7f0	FUN_0076a7f0	59	unknown
0076a850	FUN_0076a850	203	unknown
0076a920	FUN_0076a920	185	unknown
0076a9e0	FUN_0076a9e0	165	unknown
0076aa90	FUN_0076aa90	114	unknown
0076ab10	FUN_0076ab10	715	unknown
0076ade0	BotMain__v0_slot29	76	unknown
0076ae30	BotMain__v0_slot64	67	unknown
0076ae80	BotMain__v0_slot67	72	unknown
0076aed0	BotMain__v0_slot45	124	unknown
0076af50	FUN_0076af50	515	unknown
0076b160	FUN_0076b160	741	unknown
0076b450	FUN_0076b450	1248	unknown
0076b940	FUN_0076b940	186	unknown
0076ba10	FUN_0076ba10	447	unknown
0076bbd0	FUN_0076bbd0	169	unknown
0076bc80	BotMain__v0_slot91	38	unknown
0076bcb0	BotMain__v0_slot78	79	unknown
0076bd00	FUN_0076bd00	720	unknown
0076bfd0	FUN_0076bfd0	14	unknown
0076bfe0	FUN_0076bfe0	18	unknown
0076c000	FUN_0076c000	90	unknown
0076c060	FUN_0076c060	199	unknown
0076c12a	Catch@0076c12a	9	unknown
0076c140	FUN_0076c140	199	unknown
0076c20a	Catch@0076c20a	9	unknown
0076c220	FUN_0076c220	104	unknown
0076c290	FUN_0076c290	183	unknown
0076c350	FUN_0076c350	105	unknown
0076c3c0	FUN_0076c3c0	636	unknown
0076c567	Catch@0076c567	9	unknown
0076c660	FUN_0076c660	131	unknown
0076c6f0	FUN_0076c6f0	327	unknown
0076c840	FUN_0076c840	185	unknown
0076c900	FUN_0076c900	104	unknown
0076c968	Catch@0076c968	46	unknown
0076c9a0	FUN_0076c9a0	104	unknown
0076ca08	Catch@0076ca08	46	unknown
0076ca40	BotMain__v0_slot03	697	unknown
0076cd00	FUN_0076cd00	250	unknown
0076ce00	BotMain__v0_slot10	589	unknown
0076d0a0	BotMain__v0_slot11	518	unknown
0076d2b0	FUN_0076d2b0	90	unknown
0076d310	FUN_0076d310	60	unknown
0076d350	FUN_0076d350	98	unknown
0076d3c0	FUN_0076d3c0	103	unknown
0076d430	FUN_0076d430	107	unknown
0076d4a0	FUN_0076d4a0	108	unknown
0076d510	FUN_0076d510	361	unknown
0076d680	FUN_0076d680	22	unknown
0076d6a0	FUN_0076d6a0	28	unknown
0076d6c0	FUN_0076d6c0	475	unknown
0076d8a0	FUN_0076d8a0	33	unknown
0076d8d0	FUN_0076d8d0	83	unknown
0076d940	FUN_0076d940	170	unknown
0076d9f0	BotMain__v0_slot04	1966	unknown
0076e200	BotMain__v0_slot17	108	unknown
0076e270	BotMain__v0_slot07	4001	unknown
0076f240	BotMain__v0_slot84	375	unknown
0076f3c0	FUN_0076f3c0	686	unknown
0076f690	BotMain__v0_slot81	79	unknown
0076f6e0	FUN_0076f6e0	1029	unknown
0076faf0	BotMain__v0_slot59	591	unknown
0076fd60	BotMain__v0_slot72	176	unknown
0076fe10	FUN_0076fe10	1264	unknown
00770310	BotMain__v0_slot92	545	unknown
00770540	FUN_00770540	121	unknown
007705c0	FUN_007705c0	128	unknown
00770640	FUN_00770640	137	unknown
007706c9	Catch@007706c9	17	unknown
007706e0	BotMain__v0_slot104	622	unknown
00770950	BotMain__v0_slot08	3840	unknown
00771880	BotMain__v0_slot09	202	unknown
00771960	FUN_00771960	2397	unknown
007722c0	FUN_007722c0	243	unknown
007723c0	BotMain__v0_slot60	1563	unknown
007729f0	BotMain__v0_slot71	910	unknown
00772d80	FUN_00772d80	123	unknown
00772e10	FUN_00772e10	121	unknown
00772ea0	FUN_00772ea0	21	unknown
00772ec0	FUN_00772ec0	110	unknown
00772f2e	Catch@00772f2e	39	unknown
00772f60	FUN_00772f60	2419	unknown
00773900	BotMain__v0_slot24	10	unknown
00773910	BotMain__v0_slot70	7	unknown
00773920	BotMain__v0_slot103	7	unknown
00773930	FUN_00773930	39	unknown
00773d00	BotMain__v0_slot58	102	unknown
00773d80	FUN_00773d80	98	unknown
00773e00	FUN_00773e00	107	unknown
00773e6b	Catch@00773e6b	37	unknown
00773ea0	BotMain__v0_slot00	27	unknown
00773ec0	FUN_00773ec0	64	unknown
00773f00	FUN_00773f00	27	unknown
00773f20	FUN_00773f20	41	unknown
00773f50	FUN_00773f50	651	unknown
007740f9	Catch@007740f9	22	unknown
007741a5	Catch@007741a5	38	unknown
00774250	FUN_00774250	174	unknown
00774310	FUN_00774310	268	unknown
00774430	BotMain__v0_slot12	412	unknown
007745d0	FUN_007745d0	111	unknown
0077463f	Catch@0077463f	9	unknown
00774660	FUN_00774660	109	unknown
007746cd	Catch@007746cd	9	unknown
007746f0	FUN_007746f0	52	unknown
00774740	FUN_00774740	58	unknown
00774780	FUN_00774780	139	unknown
00774810	FUN_00774810	259	unknown
00774930	FUN_00774930	76	unknown
00774980	FUN_00774980	79	unknown
007749d0	FUN_007749d0	77	unknown
00774a30	MusicPlayerNetworkable__v0_slot10	6	unknown
00774a40	FUN_00774a40	27	unknown
00774a60	FUN_00774a60	84	unknown
00774ac0	FUN_00774ac0	92	unknown
00774b20	FUN_00774b20	59	unknown
00774b60	FUN_00774b60	58	unknown
00774be0	FUN_00774be0	52	unknown
00774c20	StaticPhysicsNode__v0_slot67	6	unknown
00774c90	FUN_00774c90	59	unknown
00774d30	FUN_00774d30	28	unknown
00774d50	FUN_00774d50	70	unknown
00774dd0	FUN_00774dd0	120	unknown
00774e50	FUN_00774e50	102	unknown
00774ec0	FUN_00774ec0	105	unknown
00774f30	FUN_00774f30	133	unknown
00774fc0	BAPInterpreter__v0_slot00	27	unknown
00774fe0	FUN_00774fe0	15	unknown
00774ff0	BAPInterpreter__v0_slot01	488	unknown
007751e0	FUN_007751e0	34	unknown
00775210	FUN_00775210	92	unknown
00775270	BotManager__v4_slot01	33	unknown
007752a0	BotManager__v4_slot02	33	unknown
007752d0	BotManager__v4_slot03	90	unknown
00775330	BotManager__v4_slot04	90	unknown
00775390	BotManager__v4_slot05	23	unknown
007753b0	BotManager__v4_slot14	7	unknown
007753c0	BotManager__v4_slot15	7	unknown
007753d0	BotManager__v4_slot16	7	unknown
007753e0	BotManager__v4_slot17	7	unknown
007753f0	BotManager__v4_slot18	7	unknown
00775400	BotManager__v4_slot19	7	unknown
00775410	BotManager__v4_slot22	7	unknown
00775420	BotManager__v4_slot23	7	unknown
00775430	BotManager__v4_slot24	7	unknown
00775440	BotManager__v4_slot25	7	unknown
00775450	BotManager__v4_slot26	19	unknown
00775470	BotManager__v0_slot10	203	unknown
00775540	BotManager__v0_slot11	128	unknown
007755c0	BotManager__v0_slot01	19	unknown
007755e0	BotManager__v0_slot02	29	unknown
00775600	BotManager__v0_slot03	4	unknown
00775610	BotManager__v0_slot12	202	unknown
007756e0	FUN_007756e0	70	unknown
00775730	FUN_00775730	70	unknown
00775780	FUN_00775780	70	unknown
007757d0	FUN_007757d0	87	unknown
00775830	FUN_00775830	87	unknown
00775890	FUN_00775890	87	unknown
007758f0	BotManager__v4_slot29	66	unknown
00775940	BotManager__v4_slot41	46	unknown
00775970	FUN_00775970	111	unknown
007759df	Catch@007759df	9	unknown
00775a00	FUN_00775a00	43	unknown
00775a40	FUN_00775a40	105	unknown
00775aa9	Catch@00775aa9	9	unknown
00775ac0	FUN_00775ac0	117	unknown
00775b35	Catch@00775b35	9	unknown
00775b50	FUN_00775b50	138	unknown
00775bda	Catch@00775bda	9	unknown
00775bf0	FUN_00775bf0	40	unknown
00775c20	FUN_00775c20	104	unknown
00775c88	Catch@00775c88	9	unknown
00775ca0	BotManager__v0_slot06	46	unknown
00775cd0	BotManager__v0_slot08	184	unknown
00775d90	BotManager__v0_slot07	31	unknown
00775db0	BotManager__v0_slot13	41	unknown
00775de0	FUN_00775de0	173	unknown
00775e90	BotManager__v0_slot14	129	unknown
00775f20	FUN_00775f20	87	unknown
00775f80	FUN_00775f80	738	unknown
00776270	BotManager__v0_slot15	102	unknown
007762e0	FUN_007762e0	29	unknown
00776300	FUN_00776300	126	unknown
00776380	FUN_00776380	428	unknown
00776530	FUN_00776530	530	unknown
00776690	Catch@00776690	9	unknown
00776760	BotManager__v4_slot06	75	unknown
007767b0	BotManager__v4_slot07	98	unknown
00776820	BotManager__v0_slot05	18	unknown
00776840	BotManager__v0_slot04	67	unknown
00776890	BotManager__v4_slot28	56	unknown
007768d0	BotManager__v4_slot30	19	unknown
007768f0	BotManager__v4_slot31	19	unknown
00776910	BotManager__v4_slot32	19	unknown
00776930	BotManager__v4_slot33	19	unknown
00776950	BotManager__v4_slot34	19	unknown
00776970	BotManager__v4_slot35	19	unknown
00776990	BotManager__v4_slot36	19	unknown
007769b0	BotManager__v4_slot37	19	unknown
007769d0	BotManager__v4_slot38	19	unknown
007769f0	BotManager__v4_slot39	19	unknown
00776a10	BotManager__v0_slot22	19	unknown
00776a30	FUN_00776a30	199	unknown
00776afa	Catch@00776afa	9	unknown
00776b10	FUN_00776b10	185	unknown
00776bd0	FUN_00776bd0	131	unknown
00776c60	FUN_00776c60	183	unknown
00776d20	FUN_00776d20	126	unknown
00776da0	FUN_00776da0	126	unknown
00776e20	FUN_00776e20	126	unknown
00776ea0	FUN_00776ea0	1283	unknown
007773c0	FUN_007773c0	733	unknown
007776a0	FUN_007776a0	326	unknown
007777f0	FUN_007777f0	240	unknown
007778f0	FUN_007778f0	357	unknown
00777a60	FUN_00777a60	211	unknown
00777b50	FUN_00777b50	1330	unknown
007780a0	FUN_007780a0	1089	unknown
007784f0	FUN_007784f0	879	unknown
00778860	FUN_00778860	804	unknown
00778ba0	BotManager__v0_slot16	562	unknown
00778e10	FUN_00778e10	216	unknown
00778ef0	FUN_00778ef0	241	unknown
00779140	BotManager__v0_slot17	13	unknown
00779150	BotManager__v0_slot18	7	unknown
00779160	BotManager__v0_slot21	13	unknown
00779170	BotManager__v4_slot00	8	unknown
00779180	BotManager__v4_slot27	8	unknown
00779190	BotManager__v0_slot19	47	unknown
007791c0	FUN_007791c0	73	unknown
00779210	BotManager__v4_slot40	8	unknown
00779220	BotManager__v0_slot20	22	unknown
00779240	FUN_00779240	516	unknown
00779450	FUN_00779450	999	unknown
00779850	BotManager__v0_slot00	27	unknown
00779870	FUN_00779870	8	unknown
00779880	FUN_00779880	9	unknown
00779890	FUN_00779890	9	unknown
007798a0	FUN_007798a0	30	unknown
007798c0	FUN_007798c0	30	unknown
007798e0	FUN_007798e0	115	unknown
00779960	FUN_00779960	7	unknown
00779970	FUN_00779970	29	unknown
00779990	FUN_00779990	87	unknown
007799f0	FUN_007799f0	55	unknown
00779a30	FUN_00779a30	55	unknown
00779a70	FUN_00779a70	59	unknown
00779ab0	FUN_00779ab0	16	unknown
00779ac0	FUN_00779ac0	43	unknown
00779af0	FUN_00779af0	110	unknown
00779b60	FUN_00779b60	133	unknown
00779bf0	FUN_00779bf0	292	unknown
00779d20	FUN_00779d20	111	unknown
00779d8f	Catch@00779d8f	9	unknown
00779db0	FUN_00779db0	109	unknown
00779e1d	Catch@00779e1d	9	unknown
00779e40	FUN_00779e40	138	unknown
00779eca	Catch@00779eca	9	unknown
00779ee0	FUN_00779ee0	107	unknown
00779f4b	Catch@00779f4b	9	unknown
00779f60	FUN_00779f60	69	unknown
00779fb0	FUN_00779fb0	31	unknown
00779fd0	FUN_00779fd0	31	unknown
00779ff0	FUN_00779ff0	29	unknown
0077a010	FUN_0077a010	10	unknown
0077a020	FUN_0077a020	92	unknown
0077a090	FUN_0077a090	102	unknown
0077a0f6	Catch@0077a0f6	9	unknown
0077a100	FUN_0077a100	150	unknown
0077a1a0	FUN_0077a1a0	41	unknown
0077a1d0	FUN_0077a1d0	51	unknown
0077a210	FUN_0077a210	27	unknown
0077a230	FUN_0077a230	41	unknown
0077a260	FUN_0077a260	67	unknown
0077a2b0	FUN_0077a2b0	57	unknown
0077a2f0	FUN_0077a2f0	115	unknown
0077a370	FUN_0077a370	244	unknown
0077a470	FUN_0077a470	183	unknown
0077a530	FUN_0077a530	301	unknown
0077a660	FUN_0077a660	677	unknown
0077a82e	Catch@0077a82e	9	unknown
0077a920	FUN_0077a920	530	unknown
0077aa80	Catch@0077aa80	9	unknown
0077ab50	FUN_0077ab50	1690	unknown
0077b1f0	FUN_0077b1f0	431	unknown
0077b3b0	FUN_0077b3b0	56	unknown
0077b3f0	FUN_0077b3f0	106	unknown
0077b460	FUN_0077b460	103	unknown
0077b4d0	FUN_0077b4d0	95	unknown
0077b530	FUN_0077b530	154	unknown
0077b5d0	FUN_0077b5d0	157	unknown
0077b670	FUN_0077b670	169	unknown
0077b720	FUN_0077b720	105	unknown
0077b790	FUN_0077b790	131	unknown
0077b820	FUN_0077b820	289	unknown
0077b950	FUN_0077b950	404	unknown
0077baf0	FUN_0077baf0	520	unknown
0077bd00	FUN_0077bd00	657	unknown
0077bfa0	FUN_0077bfa0	1272	unknown
0077c4a0	FUN_0077c4a0	1604	unknown
0077cb70	FUN_0077cb70	410	unknown
0077cd90	thunk_FUN_0077b950	5	unknown
0077cda0	FUN_0077cda0	208	unknown
0077ce70	FUN_0077ce70	133	unknown
0077cf00	FUN_0077cf00	71	unknown
0077cf50	FUN_0077cf50	57	unknown
0077cf90	FUN_0077cf90	984	unknown
0077d390	FUN_0077d390	204	unknown
0077d460	FUN_0077d460	130	unknown
0077d4f0	FUN_0077d4f0	77	unknown
0077d540	FUN_0077d540	73	unknown
0077d590	FUN_0077d590	81	unknown
0077d5f0	FUN_0077d5f0	27	unknown
0077d610	FUN_0077d610	160	unknown
0077d6b0	FUN_0077d6b0	140	unknown
0077d740	FUN_0077d740	127	unknown
0077d7e0	FUN_0077d7e0	84	unknown
0077d840	FUN_0077d840	1663	unknown
0077df00	FUN_0077df00	1398	unknown
0077e4c0	FUN_0077e4c0	72	unknown
0077e510	FUN_0077e510	118	unknown
0077e590	FUN_0077e590	163	unknown
0077e640	thunk_FUN_0077d610	5	unknown
0077e650	FUN_0077e650	488	unknown
0077e880	FUN_0077e880	1086	unknown
0077ed40	FUN_0077ed40	1498	unknown
0077f4a0	FUN_0077f4a0	102	unknown
0077f510	FUN_0077f510	102	unknown
0077f580	FUN_0077f580	3008	unknown
00780590	FUN_00780590	121	unknown
00780a30	FUN_00780a30	1505	unknown
00781020	FUN_00781020	27	unknown
00781040	FUN_00781040	69	unknown
00781090	FUN_00781090	43	unknown
007810c0	FUN_007810c0	111	unknown
0078112f	Catch@0078112f	9	unknown
00781150	FUN_00781150	111	unknown
007811bf	Catch@007811bf	9	unknown
007811e0	FUN_007811e0	111	unknown
0078124f	Catch@0078124f	9	unknown
00781270	FUN_00781270	72	unknown
007812d0	AIDebugRenderer__v0_slot05	31	unknown
00781360	FUN_00781360	92	unknown
007813c0	FUN_007813c0	30	unknown
00781440	AIDebugRenderer__v0_slot00	27	unknown
00781460	FUN_00781460	51	unknown
007814a0	FUN_007814a0	17	unknown
007814c0	FUN_007814c0	48	unknown
007814f0	FUN_007814f0	15	unknown
00781500	FUN_00781500	70	unknown
00781550	FUN_00781550	22	unknown
00781570	FUN_00781570	57	unknown
007815b0	FUN_007815b0	57	unknown
007815f0	FUN_007815f0	22	unknown
00781610	FUN_00781610	27	unknown
00781630	FUN_00781630	82	unknown
00781690	FUN_00781690	51	unknown
007816d0	FUN_007816d0	11	unknown
007816e0	FUN_007816e0	29	unknown
00781700	FUN_00781700	79	unknown
00781750	FUN_00781750	44	unknown
00781780	FUN_00781780	79	unknown
007817d0	FUN_007817d0	44	unknown
00781800	FUN_00781800	79	unknown
00781850	FUN_00781850	44	unknown
00781880	FUN_00781880	79	unknown
007818d0	FUN_007818d0	44	unknown
00781900	FUN_00781900	82	unknown
00781960	FUN_00781960	44	unknown
00781990	IPlayerControlObjectConstraint__v0_slot00	26	unknown
007819b0	FUN_007819b0	85	unknown
00781a10	FUN_00781a10	89	unknown
00781a70	FUN_00781a70	49	unknown
00781ab0	FUN_00781ab0	17	unknown
00781ad0	FUN_00781ad0	107	unknown
00781b40	AIPredWrapper__v0_slot00	58	unknown
00781b80	FUN_00781b80	110	unknown
00781bf0	FUN_00781bf0	48	unknown
00781c20	FUN_00781c20	196	unknown
00781cf0	FUN_00781cf0	167	unknown
00781da0	FUN_00781da0	85	unknown
00781e00	FUN_00781e00	116	unknown
00781e80	FUN_00781e80	138	unknown
00781f0a	Catch@00781f0a	9	unknown
00781f20	FUN_00781f20	43	unknown
00781f60	FUN_00781f60	143	unknown
00781ff0	FUN_00781ff0	90	unknown
00782050	FUN_00782050	80	unknown
007820a0	FUN_007820a0	89	unknown
00782100	FUN_00782100	160	unknown
007821b0	FUN_007821b0	43	unknown
007821e0	FUN_007821e0	43	unknown
00782210	FUN_00782210	365	unknown
00782380	FUN_00782380	911	unknown
00782710	FUN_00782710	654	unknown
007829a0	FUN_007829a0	143	unknown
00782a30	FUN_00782a30	612	unknown
00782ca0	FUN_00782ca0	111	unknown
00782d10	FUN_00782d10	202	unknown
00782de0	FUN_00782de0	152	unknown
00782e80	FUN_00782e80	11	unknown
00782e90	FUN_00782e90	11	unknown
00782ea0	FUN_00782ea0	11	unknown
00782eb0	FUN_00782eb0	11	unknown
00782ec0	FUN_00782ec0	11	unknown
00782ed0	FUN_00782ed0	11	unknown
00782ee0	FUN_00782ee0	29	unknown
00782f00	FUN_00782f00	46	unknown
00782f30	FUN_00782f30	80	unknown
00782f80	FUN_00782f80	124	unknown
00783000	FUN_00783000	38	unknown
00783030	FUN_00783030	170	unknown
007830e0	FUN_007830e0	151	unknown
00783180	FUN_00783180	530	unknown
007832e0	Catch@007832e0	9	unknown
007833b0	FUN_007833b0	183	unknown
00783470	FUN_00783470	184	unknown
00783530	FUN_00783530	158	unknown
007835e0	FUN_007835e0	62	unknown
00783630	FUN_00783630	215	unknown
00783710	FUN_00783710	1193	unknown
00783bc0	FUN_00783bc0	345	unknown
00783d20	FUN_00783d20	219	unknown
00783ec0	FUN_00783ec0	129	unknown
00783f50	FUN_00783f50	752	unknown
00784240	FUN_00784240	27	unknown
00784260	FUN_00784260	37	unknown
00784290	FUN_00784290	93	unknown
007842f0	FUN_007842f0	96	unknown
00784350	AIPathfinding__v4_slot21	34	unknown
00784380	AIPathfinding__v0_slot15	34	unknown
007843b0	AIPathfinding__v0_slot19	43	unknown
007843e0	AIPathfinding__v0_slot21	43	unknown
00784410	AIPathfinding__v4_slot39	33	unknown
00784440	AIPathfinding__v4_slot40	4	unknown
00784450	AIPathfinding__v4_slot42	33	unknown
00784480	AIPathfinding__v4_slot43	13	unknown
00784490	AIPathfinding__v4_slot44	33	unknown
007844c0	AIPathfinding__v4_slot45	9	unknown
007844d0	AIPathfinding__v4_slot46	33	unknown
00784500	AIPathfinding__v4_slot47	10	unknown
00784510	AIPathfinding__v4_slot48	33	unknown
00784540	AIPathfinding__v4_slot49	10	unknown
00784550	AIPathfinding__v4_slot50	33	unknown
00784580	AIPathfinding__v4_slot51	10	unknown
00784590	FUN_00784590	88	unknown
007845f0	AIPathfinding__v0_slot01	19	unknown
00784610	AIPathfinding__v0_slot02	19	unknown
00784630	AIPathfinding__v0_slot03	19	unknown
00784650	AIPathfinding__v0_slot49	92	unknown
007846b0	AIPathfinding__v0_slot13	151	unknown
00784750	FUN_00784750	25	unknown
00784770	FUN_00784770	107	unknown
007847db	Catch@007847db	9	unknown
007847f0	FUN_007847f0	107	unknown
0078485b	Catch@0078485b	9	unknown
00784870	FUN_00784870	138	unknown
007848fa	Catch@007848fa	9	unknown
00784910	FUN_00784910	102	unknown
00784976	Catch@00784976	9	unknown
00784980	FUN_00784980	102	unknown
007849e6	Catch@007849e6	9	unknown
007849f0	FUN_007849f0	98	unknown
00784a60	AIPathfinding__v0_slot07	185	unknown
00784b20	FUN_00784b20	27	unknown
00784b40	FUN_00784b40	27	unknown
00784b60	FUN_00784b60	462	unknown
00784d30	FUN_00784d30	38	unknown
00784d60	FUN_00784d60	41	unknown
00784d90	FUN_00784d90	79	unknown
00784de0	FUN_00784de0	32	unknown
00784e00	FUN_00784e00	81	unknown
00784e60	FUN_00784e60	117	unknown
00784ee0	FUN_00784ee0	61	unknown
00784f20	FUN_00784f20	130	unknown
00784fb0	FUN_00784fb0	762	unknown
007852c0	FUN_007852c0	191	unknown
00785380	FUN_00785380	84	unknown
007853e0	AIPathfinding__v0_slot06	15	unknown
007853f0	AIPathfinding__v0_slot08	37	unknown
00785420	AIPathfinding__v0_slot09	36	unknown
00785450	AIPathfinding__v0_slot04	26	unknown
00785470	AIPathfinding__v4_slot19	47	unknown
007854a0	AIPathfinding__v4_slot15	39	unknown
007854d0	AIPathfinding__v0_slot10	31	unknown
007854f0	AIPathfinding__v4_slot17	89	unknown
00785550	AIPathfinding__v0_slot11	31	unknown
00785570	AIPathfinding__v4_slot24	149	unknown
00785610	AIPathfinding__v4_slot23	211	unknown
007856f0	AIPathfinding__v4_slot25	149	unknown
00785790	AIPathfinding__v0_slot40	78	unknown
007857e0	AIPathfinding__v0_slot36	51	unknown
00785820	AIPathfinding__v0_slot37	79	unknown
00785870	AIPathfinding__v0_slot41	88	unknown
007858d0	AIPathfinding__v0_slot47	34	unknown
00785900	AIPathfinding__v0_slot48	43	unknown
00785930	AIPathfinding__v0_slot31	51	unknown
00785970	AIPathfinding__v0_slot35	95	unknown
007859d0	AIPathfinding__v0_slot34	123	unknown
00785a50	AIPathfinding__v0_slot33	166	unknown
00785b00	AIPathfinding__v0_slot32	196	unknown
00785bd0	AIPathfinding__v0_slot12	231	unknown
00785cc0	AIPathfinding__v0_slot14	474	unknown
00785ea0	AIPathfinding__v0_slot46	191	unknown
00785f60	AIPathfinding__v0_slot26	176	unknown
00786010	AIPathfinding__v0_slot29	245	unknown
00786110	AIPathfinding__v0_slot22	143	unknown
007861c0	AIPathfinding__v0_slot16	37	unknown
007861f0	AIPathfinding__v0_slot17	37	unknown
00786220	AIPathfinding__v0_slot50	67	unknown
00786270	AIPathfinding__v4_slot09	45	unknown
007862a0	AIPathfinding__v4_slot10	50	unknown
007862e0	AIPathfinding__v4_slot11	45	unknown
00786310	AIPathfinding__v4_slot12	50	unknown
00786350	AIPathfinding__v4_slot13	41	unknown
00786380	AIPathfinding__v4_slot14	46	unknown
007863b0	AIPathfinding__v0_slot44	117	unknown
00786430	FUN_00786430	530	unknown
00786590	Catch@00786590	9	unknown
00786660	FUN_00786660	534	unknown
007867c6	Catch@007867c6	9	unknown
00786890	FUN_00786890	636	unknown
00786a37	Catch@00786a37	9	unknown
00786b30	FUN_00786b30	115	unknown
00786bb0	FUN_00786bb0	414	unknown
00786d50	FUN_00786d50	136	unknown
00786de0	AIPathfinding__v4_slot26	397	unknown
00786f80	AIPathfinding__v4_slot29	314	unknown
007870c0	AIPathfinding__v4_slot31	626	unknown
00787340	AIPathfinding__v4_slot28	667	unknown
007875e0	AIPathfinding__v4_slot32	1102	unknown
00787a40	AIPathfinding__v4_slot33	558	unknown
00787c80	AIPathfinding__v0_slot39	58	unknown
00787cc0	AIPathfinding__v0_slot38	42	unknown
00787cf0	AIPathfinding__v0_slot42	81	unknown
00787d50	AIPathfinding__v0_slot25	148	unknown
00787df0	AIPathfinding__v0_slot24	207	unknown
00787ec0	AIPathfinding__v0_slot45	36	unknown
00787ef0	AIPathfinding__v0_slot28	179	unknown
00787fb0	AIPathfinding__v0_slot27	313	unknown
007880f0	AIPathfinding__v0_slot30	303	unknown
00788220	AIPathfinding__v0_slot18	221	unknown
00788300	AIPathfinding__v0_slot20	263	unknown
00788410	FUN_00788410	103	unknown
00788480	FUN_00788480	75	unknown
007884e0	FUN_007884e0	151	unknown
00788580	AIPathfinding__v4_slot53	10	unknown
00788590	BotMain__v0_slot15	7	unknown
007885a0	AIPathfinding__v4_slot00	8	unknown
007885b0	AIPathfinding__v4_slot54	8	unknown
007885c0	AIPathfinding__v4_slot01	8	unknown
007885d0	AIPathfinding__v4_slot07	8	unknown
007885e0	AIPathfinding__v4_slot16	8	unknown
007885f0	AIPathfinding__v4_slot18	8	unknown
00788600	AIPathfinding__v4_slot38	8	unknown
00788610	AIPathfinding__v4_slot08	331	unknown
007887d0	AIPathfinding__v0_slot23	143	unknown
00788870	FUN_00788870	77	unknown
007888c0	FUN_007888c0	128	unknown
00788940	FUN_00788940	72	unknown
00788a10	AIPathfinding__v4_slot06	595	unknown
00788c70	AIPathfinding__v4_slot05	263	unknown
00788d80	AIPathfinding__v4_slot04	483	unknown
00788f70	AIPathfinding__v0_slot43	1478	unknown
00789550	FUN_00789550	183	unknown
00789610	AIPathfinding__v0_slot00	27	unknown
00789630	AIPathfinding__v4_slot20	86	unknown
00789690	FUN_00789690	61	unknown
007896d0	AIMeshLoader__v0_slot00	27	unknown
007896f0	AIPathfinding__v4_slot30	674	unknown
007899a0	AIPathfinding__v4_slot27	539	unknown
00789bc0	FUN_00789bc0	40	unknown
00789c00	AICollisionHandler__v0_slot05	61	unknown
00789c40	AICollisionHandler__v0_slot07	42	unknown
00789c70	FUN_00789c70	29	unknown
00789c90	AICollisionHandler__v0_slot08	81	unknown
00789cf0	FUN_00789cf0	16	unknown
00789d00	FUN_00789d00	16	unknown
00789d10	FUN_00789d10	16	unknown
00789d20	FUN_00789d20	16	unknown
00789d30	FUN_00789d30	16	unknown
00789d40	FUN_00789d40	52	unknown
00789d80	FUN_00789d80	55	unknown
00789dc0	AICollisionHandler__v0_slot00	27	unknown
00789de0	FUN_00789de0	107	unknown
00789e4b	Catch@00789e4b	9	unknown
00789e60	FUN_00789e60	102	unknown
00789ec6	Catch@00789ec6	9	unknown
00789ed0	AICollisionHandler__v0_slot06	173	unknown
00789f80	FUN_00789f80	27	unknown
00789fa0	FUN_00789fa0	131	unknown
0078a030	FUN_0078a030	473	unknown
0078a210	FUN_0078a210	635	unknown
0078a490	FUN_0078a490	42	unknown
0078a4c0	FUN_0078a4c0	55	unknown
0078a500	AICollisionHandler__v0_slot01	773	unknown
0078a810	FUN_0078a810	111	unknown
0078a880	AICollisionHandler__v0_slot04	415	unknown
0078aa30	FUN_0078aa30	132	unknown
0078aac0	FUN_0078aac0	552	unknown
0078ac31	Catch@0078ac31	9	unknown
0078ad00	FUN_0078ad00	1265	unknown
0078b200	AICollisionHandler__v0_slot03	71	unknown
0078b250	FUN_0078b250	98	unknown
0078b2c0	AICollisionHandler__v0_slot02	133	unknown
0078b350	FUN_0078b350	1498	unknown
0078b930	FUN_0078b930	107	unknown
0078b9a0	FUN_0078b9a0	1498	unknown
0078bf80	FUN_0078bf80	136	unknown
0078c010	FUN_0078c010	1498	unknown
0078c5f0	FUN_0078c5f0	126	unknown
0078c670	FUN_0078c670	22	unknown
0078c690	FUN_0078c690	22	unknown
0078c6b0	AIObjectUnit__v0_slot00	18	unknown
0078c6f0	FUN_0078c6f0	49	unknown
0078c730	FUN_0078c730	78	unknown
0078c780	FUN_0078c780	180	unknown
0078c850	AIObjectUnit__v0_slot03	342	unknown
0078c9b0	AIObjectUnit__v0_slot02	83	unknown
0078ca10	FUN_0078ca10	13	unknown
0078ca20	FUN_0078ca20	25	unknown
0078ca40	FUN_0078ca40	62	unknown
0078ca80	FUN_0078ca80	27	unknown
0078caa0	FUN_0078caa0	36	unknown
0078cad0	FUN_0078cad0	575	unknown
0078cd10	FUN_0078cd10	89	unknown
0078cd70	FUN_0078cd70	568	unknown
0078cfb0	FUN_0078cfb0	376	unknown
0078d140	FUN_0078d140	29	unknown
0078d190	FUN_0078d190	109	unknown
0078d200	FUN_0078d200	104	unknown
0078d268	Catch@0078d268	46	unknown
0078d2a0	FUN_0078d2a0	28	unknown
0078d2c0	FUN_0078d2c0	137	unknown
0078d349	Catch@0078d349	17	unknown
0078d360	FUN_0078d360	112	unknown
0078d3d0	FUN_0078d3d0	60	unknown
0078d410	FUN_0078d410	113	unknown
0078d490	FUN_0078d490	7	unknown
0078d4a0	FUN_0078d4a0	66	unknown
0078d4f0	FUN_0078d4f0	50	unknown
0078d530	FUN_0078d530	391	unknown
0078d6c0	FUN_0078d6c0	121	unknown
0078d740	FUN_0078d740	42	unknown
0078d770	FUN_0078d770	155	unknown
0078d820	FUN_0078d820	38	unknown
0078d850	FUN_0078d850	110	unknown
0078d8d0	FUN_0078d8d0	57	unknown
0078d910	FUN_0078d910	10	unknown
0078d920	FUN_0078d920	30	unknown
0078d940	FUN_0078d940	7	unknown
0078d950	FUN_0078d950	7	unknown
0078d960	FUN_0078d960	7	unknown
0078d970	FUN_0078d970	40	unknown
0078d9a0	FUN_0078d9a0	30	unknown
0078d9c0	FUN_0078d9c0	30	unknown
0078da10	AIObjectMobile__v0_slot00	32	unknown
0078da30	FUN_0078da30	111	unknown
0078daa0	AIObjectMobile__v0_slot05	109	unknown
0078db10	FUN_0078db10	62	unknown
0078db50	FUN_0078db50	77	unknown
0078dba0	AIObjectMobile__v0_slot02	119	unknown
0078dc20	FUN_0078dc20	357	unknown
0078dde0	AIObjectMobile__v0_slot03	263	unknown
0078def0	FUN_0078def0	28	unknown
0078df10	FUN_0078df10	25	unknown
0078df30	FUN_0078df30	33	unknown
0078df60	AIObjectControlInfo__v0_slot00	33	unknown
0078df90	FUN_0078df90	113	unknown
0078e010	FUN_0078e010	33	unknown
0078e040	FUN_0078e040	512	unknown
0078e240	FUN_0078e240	398	unknown
0078e3d0	FUN_0078e3d0	288	unknown
0078e4f0	FUN_0078e4f0	193	unknown
0078e5c0	AIObjectControlInfo__v0_slot03	39	unknown
0078e5f0	AIObjectControlInfo__v0_slot02	92	unknown
0078e650	FUN_0078e650	67	unknown
0078e6a0	FUN_0078e6a0	513	unknown
0078e8b0	FUN_0078e8b0	7	unknown
0078e8c0	FUN_0078e8c0	28	unknown
0078e8e0	FUN_0078e8e0	13	unknown
0078e8f0	FUN_0078e8f0	54	unknown
0078e930	FUN_0078e930	75	unknown
0078e980	FUN_0078e980	150	unknown
0078ea20	FUN_0078ea20	74	unknown
0078ea70	FUN_0078ea70	263	unknown
0078eb80	FUN_0078eb80	228	unknown
0078ec70	FUN_0078ec70	658	unknown
0078ef10	FUN_0078ef10	111	unknown
0078ef7f	Catch@0078ef7f	9	unknown
0078efa0	FUN_0078efa0	139	unknown
0078f030	FUN_0078f030	530	unknown
0078f190	Catch@0078f190	9	unknown
0078f260	FUN_0078f260	66	unknown
0078f2c0	FUN_0078f2c0	131	unknown
0078f350	FUN_0078f350	137	unknown
0078f3e0	FUN_0078f3e0	139	unknown
0078f470	FUN_0078f470	35	unknown
0078f4a0	FUN_0078f4a0	301	unknown
0078f5d0	FUN_0078f5d0	35	unknown
0078f600	AIScriptExecuter__v0_slot00	29	unknown
0078f640	FUN_0078f640	1327	unknown
0078fbe0	FUN_0078fbe0	781	unknown
0078ff10	FUN_0078ff10	109	unknown
0078ff7d	Catch@0078ff7d	9	unknown
0078ffa0	FUN_0078ffa0	83	unknown
00790000	FUN_00790000	11	unknown
00790010	FUN_00790010	47	unknown
00790040	FUN_00790040	69	unknown
00790090	FUN_00790090	258	unknown
007901b0	FUN_007901b0	32	unknown
007901d0	FUN_007901d0	32	unknown
007901f0	FUN_007901f0	138	unknown
0079027a	Catch@0079027a	9	unknown
00790290	AIScript__v0_slot02	12	unknown
007902a0	AIScript__v0_slot03	12	unknown
007902b0	AIScript__v0_slot01	42	unknown
007902e0	FUN_007902e0	530	unknown
00790440	Catch@00790440	9	unknown
00790510	FUN_00790510	117	unknown
00790585	Catch@00790585	9	unknown
007905a0	FUN_007905a0	428	unknown
00790750	FUN_00790750	75	unknown
007907b0	FUN_007907b0	366	unknown
00790930	FUN_00790930	259	unknown
00790a40	FUN_00790a40	78	unknown
00790a90	FUN_00790a90	183	unknown
00790b50	FUN_00790b50	181	unknown
00790c40	FUN_00790c40	80	unknown
00790c90	AIScript__v0_slot00	27	unknown
00790cb0	FUN_00790cb0	34	unknown
00790ce0	SVUBotVehicle__v0_slot00	33	unknown
00790d10	SVUBotVehicle__v0_slot06	118	unknown
00790d90	FUN_00790d90	34	unknown
00790dc0	SVUBotPos__v0_slot00	33	unknown
00790df0	SVUBotPos__v0_slot06	221	unknown
00790ed0	FUN_00790ed0	34	unknown
00790f00	SVUBotHealth__v0_slot00	33	unknown
00790f30	SVUBotHealth__v0_slot06	147	unknown
00790fd0	FUN_00790fd0	34	unknown
00791000	SVUBotExists__v0_slot00	33	unknown
00791030	SVUBotExists__v0_slot06	92	unknown
00791090	AIScriptSubroutine__v0_slot00	58	unknown
007910d0	FUN_007910d0	53	unknown
00791110	FUN_00791110	31	unknown
00791130	FUN_00791130	45	unknown
00791160	FUN_00791160	52	unknown
007911a0	FUN_007911a0	62	unknown
007911e0	FUN_007911e0	85	unknown
00791240	FUN_00791240	27	unknown
00791260	FUN_00791260	195	unknown
00791330	FUN_00791330	32	unknown
00791350	FUN_00791350	85	unknown
007913b0	FUN_007913b0	27	unknown
007913d0	FUN_007913d0	157	unknown
00791470	FUN_00791470	32	unknown
00791490	FUN_00791490	82	unknown
007914f0	FUN_007914f0	65	unknown
00791540	FUN_00791540	367	unknown
007916b0	FUN_007916b0	401	unknown
00791860	FUN_00791860	100	unknown
007918d0	FUN_007918d0	18	unknown
007918f0	FUN_007918f0	29	unknown
00791910	BasicPhysicsSystem__v0_slot06	4	unknown
00791920	FUN_00791920	23	unknown
00791940	FUN_00791940	59	unknown
00791960	FUN_00791960	79	unknown
00791980	FUN_00791980	31	unknown
007919a0	FUN_007919a0	33	unknown
007919d0	FUN_007919d0	79	unknown
00791a20	FUN_00791a20	23	unknown
00791a40	FUN_00791a40	18	unknown
00791a60	FUN_00791a60	38	unknown
00791a90	FUN_00791a90	13	unknown
00791aa0	FUN_00791aa0	23	unknown
00791ac0	FUN_00791ac0	35	unknown
00791af0	FUN_00791af0	25	unknown
00791b10	FUN_00791b10	23	unknown
00791b30	FUN_00791b30	23	unknown
00791b50	FUN_00791b50	23	unknown
00791b70	FUN_00791b70	23	unknown
00791b90	FUN_00791b90	38	unknown
00791bb0	FUN_00791bb0	31	unknown
00791bd0	FUN_00791bd0	31	unknown
00791bf0	FUN_00791bf0	33	unknown
00791c20	FUN_00791c20	57	unknown
00791c60	FUN_00791c60	22	unknown
00791c80	TaskAStarStrategicSearch__v0_slot03	16	unknown
00791c90	FUN_00791c90	31	unknown
00791cb0	FUN_00791cb0	57	unknown
00791cf0	FUN_00791cf0	41	unknown
00791d20	FUN_00791d20	29	unknown
00791d40	FUN_00791d40	29	unknown
00791d60	FUN_00791d60	88	unknown
00791dc0	FUN_00791dc0	207	unknown
00791e90	TaskAStarStrategicSearch__v0_slot01	207	unknown
00791f60	FUN_00791f60	137	unknown
00791ff0	TaskStrategicPlayerMapSearch__v0_slot01	124	unknown
00792070	TaskStrategicSearch__v0_slot01	423	unknown
00792220	FUN_00792220	170	unknown
007922d0	FUN_007922d0	157	unknown
00792370	TaskGetStrategicCellInfoNo__v0_slot01	514	unknown
00792580	FUN_00792580	37	unknown
007925b0	AStarStrategicSearch__v0_slot06	26	unknown
007925d0	AStarStrategicSearch__v0_slot07	26	unknown
007925f0	AStarStrategicSearch__v0_slot02	38	unknown
00792620	FUN_00792620	66	unknown
00792670	FUN_00792670	68	unknown
007926c0	FUN_007926c0	129	unknown
00792750	FUN_00792750	130	unknown
007927e0	AStarStrategicSearch__v0_slot04	77	unknown
00792830	FUN_00792830	69	unknown
00792880	FUN_00792880	207	unknown
00792950	FUN_00792950	461	unknown
00792b30	AStarStrategicSearch__v0_slot03	101	unknown
00792ba0	FUN_00792ba0	73	unknown
00792bf0	FUN_00792bf0	59	unknown
00792c30	FUN_00792c30	59	unknown
00792c70	FUN_00792c70	515	unknown
00792e80	FUN_00792e80	59	unknown
00792ec0	FUN_00792ec0	31	unknown
00792ee0	FUN_00792ee0	40	unknown
00792f10	FUN_00792f10	73	unknown
00792f60	FUN_00792f60	72	unknown
00792fb0	FUN_00792fb0	143	unknown
00793040	FUN_00793040	212	unknown
00793120	FUN_00793120	43	unknown
00793150	FUN_00793150	26	unknown
00793170	FUN_00793170	107	unknown
007931db	Catch@007931db	9	unknown
007931f0	FUN_007931f0	77	unknown
00793240	FUN_00793240	117	unknown
007932b5	Catch@007932b5	9	unknown
007932d0	FUN_007932d0	109	unknown
0079333d	Catch@0079333d	9	unknown
00793360	FUN_00793360	138	unknown
007933ea	Catch@007933ea	9	unknown
00793400	FUN_00793400	43	unknown
00793440	FUN_00793440	43	unknown
00793480	FUN_00793480	111	unknown
007934ef	Catch@007934ef	9	unknown
00793510	FUN_00793510	102	unknown
00793576	Catch@00793576	9	unknown
00793580	FUN_00793580	385	unknown
00793710	FUN_00793710	155	unknown
007937b0	FUN_007937b0	768	unknown
00793ab0	FUN_00793ab0	39	unknown
00793b10	FUN_00793b10	1013	unknown
00793f10	FUN_00793f10	27	unknown
00793f30	FUN_00793f30	508	unknown
00794130	FUN_00794130	123	unknown
007941b0	FUN_007941b0	109	unknown
00794220	FUN_00794220	42	unknown
00794250	FUN_00794250	71	unknown
007942a0	FUN_007942a0	159	unknown
00794340	FUN_00794340	128	unknown
007943c0	FUN_007943c0	428	unknown
00794570	FUN_00794570	197	unknown
00794640	FUN_00794640	350	unknown
007947b0	FUN_007947b0	254	unknown
007948c0	FUN_007948c0	311	unknown
00794a00	FUN_00794a00	143	unknown
00794a90	FUN_00794a90	67	unknown
00794ae0	FUN_00794ae0	13	unknown
00794af0	FUN_00794af0	215	unknown
00794bd0	FUN_00794bd0	183	unknown
00794c90	FUN_00794c90	183	unknown
00794d50	FUN_00794d50	620	unknown
00794ef1	Catch@00794ef1	9	unknown
00794fe0	FUN_00794fe0	569	unknown
00795240	FUN_00795240	397	unknown
007953f0	FUN_007953f0	55	unknown
00795430	FUN_00795430	892	unknown
007957b0	FUN_007957b0	637	unknown
00795a30	FUN_00795a30	1010	unknown
00795e40	FUN_00795e40	102	unknown
00795eb0	FUN_00795eb0	121	unknown
00795f30	FUN_00795f30	102	unknown
00795fa0	FUN_00795fa0	239	unknown
00796090	FUN_00796090	130	unknown
00796120	FUN_00796120	990	unknown
00796530	FUN_00796530	75	unknown
00796580	FUN_00796580	257	unknown
00796690	FUN_00796690	4856	unknown
007979d0	FUN_007979d0	1286	unknown
00797f10	FUN_00797f10	125	unknown
00797fb0	FUN_00797fb0	697	unknown
00798280	FUN_00798280	2725	unknown
00798da0	FUN_00798da0	54	unknown
00798de0	FUN_00798de0	43	unknown
00798e10	FUN_00798e10	192	unknown
00798ed0	FUN_00798ed0	107	unknown
00798f3b	Catch@00798f3b	9	unknown
00798f50	FUN_00798f50	111	unknown
00798fbf	Catch@00798fbf	9	unknown
00798fe0	FUN_00798fe0	109	unknown
0079904d	Catch@0079904d	9	unknown
00799070	FUN_00799070	102	unknown
007990d6	Catch@007990d6	9	unknown
007990e0	FUN_007990e0	104	unknown
00799148	Catch@00799148	9	unknown
00799160	FUN_00799160	27	unknown
00799180	FUN_00799180	42	unknown
007991b0	FUN_007991b0	29	unknown
007991d0	FUN_007991d0	139	unknown
00799260	FUN_00799260	265	unknown
00799370	FUN_00799370	258	unknown
00799480	FUN_00799480	185	unknown
00799540	FUN_00799540	96	unknown
007995a0	thunk_FUN_00799480	5	unknown
007995b0	FUN_007995b0	1117	unknown
00799a30	FUN_00799a30	110	unknown
00799aa0	FUN_00799aa0	164	unknown
00799b50	FUN_00799b50	199	unknown
00799c1a	Catch@00799c1a	9	unknown
00799c30	FUN_00799c30	552	unknown
00799da1	Catch@00799da1	9	unknown
00799e70	FUN_00799e70	236	unknown
00799f60	FUN_00799f60	274	unknown
0079a080	FUN_0079a080	227	unknown
0079a180	FUN_0079a180	122	unknown
0079a200	FUN_0079a200	78	unknown
0079a250	FUN_0079a250	39	unknown
0079a280	FUN_0079a280	2182	unknown
0079ab70	FUN_0079ab70	796	unknown
0079ae90	FUN_0079ae90	880	unknown
0079b200	FUN_0079b200	46	unknown
0079b230	FUN_0079b230	363	unknown
0079b3a0	FUN_0079b3a0	206	unknown
0079b46e	Catch@0079b46e	17	unknown
0079b480	FUN_0079b480	104	unknown
0079b4e8	Catch@0079b4e8	9	unknown
0079b500	FUN_0079b500	775	unknown
0079b810	FUN_0079b810	11768	unknown
0079e610	FUN_0079e610	19	unknown
0079e630	FUN_0079e630	31	unknown
0079e650	FUN_0079e650	12	unknown
0079e660	FUN_0079e660	96	unknown
0079e6c0	FUN_0079e6c0	47	unknown
0079e6f0	FUN_0079e6f0	18	unknown
0079e710	FUN_0079e710	97	unknown
0079e780	FUN_0079e780	18	unknown
0079e7c0	FUN_0079e7c0	320	unknown
0079e900	FUN_0079e900	79	unknown
0079e950	FUN_0079e950	10	unknown
0079e960	FUN_0079e960	8	unknown
0079e970	FUN_0079e970	50	unknown
0079e9b0	FUN_0079e9b0	18	unknown
0079e9d0	FUN_0079e9d0	58	unknown
0079ea10	FUN_0079ea10	18	unknown
0079ea50	FUN_0079ea50	377	unknown
0079ebd0	FUN_0079ebd0	57	unknown
0079ec10	AIObjectReal__v0_slot10	56	unknown
0079ec50	FUN_0079ec50	47	unknown
0079ec80	AIObjectReal__v0_slot42	42	unknown
0079ecb0	AIObjectReal__v0_slot22	38	unknown
0079ece0	AIObjectReal__v0_slot19	8	unknown
0079ecf0	AIObjectReal__v0_slot45	32	unknown
0079ed10	AIObjectReal__v0_slot46	32	unknown
0079ed30	AIObjectReal__v0_slot47	124	unknown
0079edb0	PointPhysicsNode__v0_slot49	10	unknown
0079edc0	AIObjectReal__v0_slot20	28	unknown
0079ede0	AIObjectReal__v0_slot48	103	unknown
0079ee50	AIObjectReal__v0_slot49	25	unknown
0079ee70	AIObjectReal__v0_slot27	27	unknown
0079ee90	FUN_0079ee90	123	unknown
0079ef20	AIObjectReal__v0_slot00	27	unknown
0079ef40	AIObjectReal__v0_slot24	169	unknown
0079eff0	AIObjectReal__v0_slot25	217	unknown
0079f0d0	AIObjectReal__v0_slot50	81	unknown
0079f130	AIObjectReal__v0_slot26	100	unknown
0079f1a0	FUN_0079f1a0	38	unknown
0079f1d0	AIObjectReal__v0_slot23	65	unknown
0079f220	AIObjectReal__v0_slot21	479	unknown
0079f400	AIObjectReal__v0_slot08	526	unknown
0079f610	FUN_0079f610	7	unknown
0079f620	AIObject__v0_slot43	69	unknown
0079f670	dice::matchmaking::IHostService::operator=	5	__thiscall
0079f680	IPlayerControlObject__v0_slot45	4	unknown
0079f690	BFSoldier__v348_slot15	1	unknown
0079f6a0	FUN_0079f6a0	74	unknown
0079f6f0	AIObject__v0_slot03	45	unknown
0079f720	FUN_0079f720	59	unknown
0079f760	AIObject__v0_slot00	27	unknown
0079f780	AIObject__v0_slot44	93	unknown
0079f7e0	AIObjectShared__v0_slot10	50	unknown
0079f820	AIObjectReal__v0_slot11	38	unknown
0079f850	FUN_0079f850	47	unknown
0079f880	AIObjectShared__v0_slot03	37	unknown
0079f8b0	AIObjectShared__v0_slot42	49	unknown
0079f8f0	AIObjectShared__v0_slot08	36	unknown
0079f920	AIObjectShared__v0_slot19	8	unknown
0079f930	AIObjectShared__v0_slot45	32	unknown
0079f950	AIObjectShared__v0_slot46	32	unknown
0079f970	AIObjectShared__v0_slot47	108	unknown
0079f9e0	AIObjectShared__v0_slot20	28	unknown
0079fa00	AIObjectShared__v0_slot48	103	unknown
0079fa70	AIObjectShared__v0_slot49	36	unknown
0079faa0	AIObjectShared__v0_slot27	27	unknown
0079fac0	AIObjectReal__v0_slot01	8	unknown
0079fad0	AIObjectReal__v0_slot02	26	unknown
0079faf0	FUN_0079faf0	75	unknown
0079fb40	AIObjectShared__v0_slot00	27	unknown
0079fb60	AIObjectShared__v0_slot23	61	unknown
0079fba0	AIObjectShared__v0_slot24	146	unknown
0079fc40	AIObjectShared__v0_slot25	144	unknown
0079fcd0	AIObjectShared__v0_slot50	81	unknown
0079fd30	AIObjectShared__v0_slot21	272	unknown
0079fe40	FUN_0079fe40	83	unknown
0079fea0	FUN_0079fea0	72	unknown
0079fef0	FUN_0079fef0	8	unknown
0079ff00	FUN_0079ff00	8	unknown
0079ff10	FUN_0079ff10	8	unknown
0079ff20	FUN_0079ff20	106	unknown
0079ff90	FUN_0079ff90	13	unknown
0079ffa0	FUN_0079ffa0	40	unknown
0079ffd0	FUN_0079ffd0	38	unknown
007a0000	FUN_007a0000	116	unknown
007a0080	FUN_007a0080	441	unknown
007a0240	FUN_007a0240	28	unknown
007a0260	FUN_007a0260	29	unknown
007a0280	FUN_007a0280	4	unknown
007a0290	FUN_007a0290	4	unknown
007a02a0	FUN_007a02a0	281	unknown
007a03c0	FUN_007a03c0	154	unknown
007a0460	FUN_007a0460	30	unknown
007a0480	FUN_007a0480	38	unknown
007a04b0	FUN_007a04b0	82	unknown
007a0510	FUN_007a0510	436	unknown
007a06d0	FUN_007a06d0	101	unknown
007a0740	FUN_007a0740	45	unknown
007a0770	FUN_007a0770	37	unknown
007a07a0	FUN_007a07a0	84	unknown
007a0800	FUN_007a0800	58	unknown
007a0840	FUN_007a0840	84	unknown
007a08a0	FUN_007a08a0	77	unknown
007a08f0	AIObjectArmament__v0_slot04	139	unknown
007a0980	FUN_007a0980	92	unknown
007a0a30	FUN_007a0a30	129	unknown
007a0ac0	FUN_007a0ac0	530	unknown
007a0c20	Catch@007a0c20	9	unknown
007a0cf0	AIObjectArmament__v0_slot02	146	unknown
007a0d90	FUN_007a0d90	131	unknown
007a0e20	FUN_007a0e20	43	unknown
007a0e80	FUN_007a0e80	186	unknown
007a0f40	FUN_007a0f40	135	unknown
007a0fd0	AIObjectArmament__v0_slot00	32	unknown
007a0ff0	AIObjectArmament__v0_slot03	246	unknown
007a10f0	FUN_007a10f0	25	unknown
007a1110	FUN_007a1110	8	unknown
007a1120	FUN_007a1120	8	unknown
007a1130	FUN_007a1130	8	unknown
007a1140	FUN_007a1140	8	unknown
007a1150	AIObjectCover__v0_slot00	33	unknown
007a1180	AIObjectCover__v0_slot03	52	unknown
007a11c0	AIObjectCover__v0_slot02	83	unknown
007a1220	FUN_007a1220	43	unknown
007a1250	FUN_007a1250	24	unknown
007a1270	FUN_007a1270	24	unknown
007a1290	FUN_007a1290	104	unknown
007a12f8	Catch@007a12f8	46	unknown
007a1330	FUN_007a1330	1930	unknown
007a1bf0	FUN_007a1bf0	319	unknown
007a1d70	FUN_007a1d70	28	unknown
007a1d90	BotBehaviour__v0_slot01	25	unknown
007a1db0	BotBehaviour__v0_slot02	25	unknown
007a1dd0	BotBehaviour__v0_slot03	57	unknown
007a1e10	BotBehaviour__v0_slot04	25	unknown
007a1e30	BotBehaviour__v0_slot05	189	unknown
007a1ef0	BotBehaviour__v0_slot06	57	unknown
007a1f30	BotBehaviour__v0_slot08	112	unknown
007a1fa0	FUN_007a1fa0	68	unknown
007a2000	BotBehaviour__v0_slot00	27	unknown
007a2020	FUN_007a2020	204	unknown
007a20f0	BotBehaviour__v0_slot10	169	unknown
007a21a0	FUN_007a21a0	15	unknown
007a21c0	BBPPattern__v0_slot04	18	unknown
007a21f0	FUN_007a21f0	78	unknown
007a2240	FUN_007a2240	71	unknown
007a2290	BAPStatement__v0_slot02	7	unknown
007a22c0	BAPAResetControls__v0_slot00	60	unknown
007a2300	BAPAResetControls__v0_slot01	53	unknown
007a2340	FUN_007a2340	75	unknown
007a2390	BAPFlowCWhile__v0_slot02	8	unknown
007a23a0	BAPFlowCWhile__v0_slot03	6	unknown
007a23b0	FUN_007a23b0	75	unknown
007a2400	FUN_007a2400	78	unknown
007a2450	BAPFlowCWhile__v0_slot00	200	unknown
007a2520	BAPFlowCWhile__v0_slot01	87	unknown
007a2580	FUN_007a2580	27	unknown
007a25a0	FUN_007a25a0	11	unknown
007a25b0	BBPIdle__v0_slot04	33	unknown
007a25e0	FUN_007a25e0	111	unknown
007a264f	Catch@007a264f	9	unknown
007a2670	FUN_007a2670	75	unknown
007a26d0	FUN_007a26d0	22	unknown
007a26f0	BAPAMoveTo3d__v0_slot00	60	unknown
007a2730	FUN_007a2730	284	unknown
007a2850	BAPAMoveTo3d__v0_slot01	73	unknown
007a28a0	BAPCombinerSerial__v0_slot02	11	unknown
007a28b0	BAPCombiner__v0_slot01	29	unknown
007a2910	FUN_007a2910	98	unknown
007a2980	FUN_007a2980	88	unknown
007a2a10	BAPCombinerSerial__v0_slot00	188	unknown
007a2ad0	FUN_007a2ad0	104	unknown
007a2b38	Catch@007a2b38	46	unknown
007a2b70	BAPCombinerSerial__v0_slot01	32	unknown
007a2b90	BAPCombinerSerial__v0_slot06	70	unknown
007a2be0	FUN_007a2be0	154	unknown
007a2c80	FUN_007a2c80	61	unknown
007a2cc0	BAPInfoWrapper__v0_slot02	8	unknown
007a2cd0	BAPIWIdle__v0_slot01	54	unknown
007a2d10	FUN_007a2d10	41	unknown
007a2d40	BAPAUpdateVehicle__v0_slot01	53	unknown
007a2d80	BAPAUpdateVehicle__v0_slot00	83	unknown
007a2de0	BAPATrigger__v0_slot00	60	unknown
007a2e20	FUN_007a2e20	90	unknown
007a2e80	SimpleObjectNetworkable__v0_slot10	6	unknown
007a2e90	BAPATrigger__v0_slot01	87	unknown
007a2ef0	BAPATrigger__v0_slot05	18	unknown
007a2f02	FUN_007a2f02	294	unknown
007a3030	FUN_007a3030	78	unknown
007a3080	FUN_007a3080	103	unknown
007a30f0	FUN_007a30f0	417	unknown
007a32a0	FUN_007a32a0	4062	unknown
007a42a0	FUN_007a42a0	612	unknown
007a4510	FUN_007a4510	111	unknown
007a457f	Catch@007a457f	9	unknown
007a45a0	FUN_007a45a0	105	unknown
007a4609	Catch@007a4609	9	unknown
007a4620	FUN_007a4620	114	unknown
007a46a0	FUN_007a46a0	117	unknown
007a4720	FUN_007a4720	137	unknown
007a47b0	FUN_007a47b0	81	unknown
007a4870	BAPCombinerParallel__v0_slot00	262	unknown
007a4980	BAPCombinerParallel__v0_slot01	32	unknown
007a49a0	BAPCombinerParallel__v0_slot06	134	unknown
007a4a30	EntryMoveToObjectMediumSoldier__v0_slot02	6	unknown
007a4a40	BAPAMoveToObject__v0_slot01	40	unknown
007a4a70	BAPAMoveToObjectFinding__v0_slot06	45	unknown
007a4aa0	BAPAMoveToObjectFinding__v0_slot07	89	unknown
007a4b00	BAPAMoveToObjectFinding__v0_slot08	59	unknown
007a4b40	BAPAMoveToObjectFinding__v0_slot09	14	unknown
007a4b50	BAPAMoveToObject__v24_slot00	8	unknown
007a4b60	BAPAMoveToObjectFinding__v24_slot00	8	unknown
007a4b70	BAPAMoveToObjectFinding__v0_slot01	91	unknown
007a4bd0	FUN_007a4bd0	2153	unknown
007a5440	BAPAMoveToObjectFinding__v0_slot12	275	unknown
007a5560	FUN_007a5560	328	unknown
007a56b0	BAPAMoveTo3dObject__v0_slot00	60	unknown
007a5790	FUN_007a5790	203	unknown
007a5860	BAPAMoveTo3dObject__v0_slot01	73	unknown
007a58b0	BAPAMoveToFinding__v0_slot00	60	unknown
007a58f0	BAPAMoveToFinding__v0_slot06	45	unknown
007a5920	BAPAMoveToFinding__v0_slot07	83	unknown
007a5980	BAPAMoveToFinding__v0_slot08	56	unknown
007a59c0	BAPAMoveToFinding__v0_slot09	14	unknown
007a59d0	BAPAMoveToFinding__v0_slot12	420	unknown
007a5b80	FUN_007a5b80	347	unknown
007a5ce0	BAPAMoveToFinding__v24_slot00	8	unknown
007a5cf0	BAPAMoveToFinding__v0_slot01	61	unknown
007a5d30	BAPConOr__v0_slot00	96	unknown
007a5da0	BAPBoleanOp__v0_slot02	29	unknown
007a5df0	FUN_007a5df0	55	unknown
007a5e30	FUN_007a5e30	88	unknown
007a5eb0	FUN_007a5eb0	104	unknown
007a5f18	Catch@007a5f18	46	unknown
007a5f50	BAPConOr__v0_slot02	32	unknown
007a5f70	FUN_007a5f70	117	unknown
007a5ff0	BAPConAnd__v0_slot00	96	unknown
007a6060	FUN_007a6060	55	unknown
007a60a0	FUN_007a60a0	88	unknown
007a6120	BAPConAnd__v0_slot02	32	unknown
007a6140	BAPConOr__v0_slot03	58	unknown
007a6180	FUN_007a6180	45	unknown
007a61b0	BAPIWChange__v0_slot01	54	unknown
007a61f0	FUN_007a61f0	39	unknown
007a6220	BAPConObjectBehind__v0_slot02	33	unknown
007a6250	BAPConObjectBehind__v0_slot00	360	unknown
007a63c0	FUN_007a63c0	57	unknown
007a6400	FUN_007a6400	61	unknown
007a6440	BAPConObjectDistance__v0_slot02	33	unknown
007a6470	BAPConObjectDistance__v0_slot00	490	unknown
007a6660	FUN_007a6660	25	unknown
007a6680	BAPConObjectOccupied__v0_slot02	33	unknown
007a66b0	BAPConObjectOccupied__v0_slot00	126	unknown
007a6730	FUN_007a6730	36	unknown
007a6760	BAPConObjectMoved__v0_slot02	33	unknown
007a6790	BAPConObjectMoved__v0_slot00	143	unknown
007a6820	FUN_007a6820	25	unknown
007a6840	BAPConObjectEnemyOccupied__v0_slot01	6	unknown
007a6850	BAPConObjectEnemyOccupied__v0_slot02	33	unknown
007a6880	BAPConObjectEnemyOccupied__v0_slot00	151	unknown
007a6920	FUN_007a6920	82	unknown
007a6980	FUN_007a6980	72	unknown
007a69d0	BAPConPosition__v0_slot01	6	unknown
007a69e0	BAPConPosition__v0_slot02	31	unknown
007a6a30	BAPConPosition__v0_slot00	240	unknown
007a6b20	FUN_007a6b20	41	unknown
007a6b50	BAPICTurnLock__v0_slot01	53	unknown
007a6b90	BAPICTurnLock__v0_slot00	35	unknown
007a6bc0	FUN_007a6bc0	41	unknown
007a6bf0	BAPICChangeVehicle__v0_slot01	53	unknown
007a6c30	BAPICChangeVehicle__v0_slot00	37	unknown
007a6c60	BAPFlowCWait__v0_slot00	76	unknown
007a6cb0	BAPFlowCWait__v0_slot03	6	unknown
007a6cc0	FUN_007a6cc0	51	unknown
007a6d00	BAPFlowCWait__v0_slot01	73	unknown
007a6d50	FUN_007a6d50	61	unknown
007a6d90	BAPConTime__v0_slot00	144	unknown
007a6e20	BAPConTime__v0_slot01	6	unknown
007a6e30	FUN_007a6e30	32	unknown
007a6e50	BAPConRandTime__v0_slot00	186	unknown
007a6f10	BAPConTime__v0_slot02	33	unknown
007a6f40	BAPConRandTime__v0_slot02	33	unknown
007a6f70	FUN_007a6f70	80	unknown
007a6fc0	BAPIWFire__v0_slot01	54	unknown
007a7000	BAPFlowCIf__v0_slot02	63	unknown
007a7040	BAPFlowCIf__v0_slot03	6	unknown
007a7050	FUN_007a7050	95	unknown
007a70b0	BAPFlowCIf__v0_slot00	177	unknown
007a7170	BAPFlowCIf__v0_slot05	243	unknown
007a7280	BAPFlowCIf__v0_slot01	101	unknown
007a72f0	BAPALookAtObject__v0_slot06	264	unknown
007a7400	FUN_007a7400	67	unknown
007a7450	BAPALookAtObject__v0_slot01	54	unknown
007a7490	BAPConNot__v0_slot00	66	unknown
007a74e0	FUN_007a74e0	55	unknown
007a7520	FUN_007a7520	88	unknown
007a75a0	BAPConNot__v0_slot02	32	unknown
007a75c0	FUN_007a75c0	96	unknown
007a7620	FUN_007a7620	113	unknown
007a76a0	BAPConNot__v0_slot03	67	unknown
007a76f0	FUN_007a76f0	25	unknown
007a7710	BAPConObjectExists__v0_slot02	33	unknown
007a7740	BAPConObjectExists__v0_slot00	99	unknown
007a77b0	FUN_007a77b0	32	unknown
007a77d0	BAPConObjectHealth__v0_slot02	33	unknown
007a7800	BAPConObjectHealth__v0_slot00	131	unknown
007a7890	FUN_007a7890	39	unknown
007a78c0	BAPConWeaponMagAmmo__v0_slot02	33	unknown
007a78f0	BAPConWeaponMagAmmo__v0_slot00	217	unknown
007a79d0	FUN_007a79d0	242	unknown
007a7ad0	FUN_007a7ad0	190	unknown
007a7b90	FUN_007a7b90	113	unknown
007a7c10	BAPAMoveToDirect__v0_slot00	60	unknown
007a7c50	BAPAMoveToDirect__v0_slot06	45	unknown
007a7c80	BAPAMoveToDirect__v0_slot08	56	unknown
007a7cc0	BAPAMoveToDirect__v0_slot09	7	unknown
007a7cd0	BAPAMoveToDirect__v0_slot07	177	unknown
007a7d90	FUN_007a7d90	125	unknown
007a7e10	BAPAMoveToDirect__v24_slot00	8	unknown
007a7e20	BAPAMoveToDirect__v0_slot01	61	unknown
007a7e60	BAPASoldierPose__v0_slot00	60	unknown
007a7ea0	FUN_007a7ea0	119	unknown
007a7f20	BAPASoldierPose__v24_slot00	8	unknown
007a7f30	FUN_007a7f30	129	unknown
007a7fc0	FUN_007a7fc0	152	unknown
007a8060	BAPASoldierPose__v0_slot01	105	unknown
007a80d0	FUN_007a80d0	32	unknown
007a80f0	BAPConObjectSpeed__v0_slot01	6	unknown
007a8100	BAPConObjectSpeed__v0_slot02	33	unknown
007a8130	BAPConObjectSpeed__v0_slot00	153	unknown
007a81d0	FUN_007a81d0	18	unknown
007a8200	BBPAvoidCollision__v0_slot04	18	unknown
007a8250	FUN_007a8250	99	unknown
007a82c0	FUN_007a82c0	470	unknown
007a84a0	FUN_007a84a0	433	unknown
007a8660	FUN_007a8660	105	unknown
007a86d0	FUN_007a86d0	65	unknown
007a8720	FUN_007a8720	657	unknown
007a89c0	FUN_007a89c0	61	unknown
007a8a00	BAPIWMoveTo__v0_slot01	54	unknown
007a8a40	BAPALookAhead__v0_slot06	132	unknown
007a8ad0	FUN_007a8ad0	68	unknown
007a8b20	BAPALookAhead__v0_slot01	54	unknown
007a8b60	BAPATriggerContinously__v0_slot00	60	unknown
007a8ba0	FUN_007a8ba0	107	unknown
007a8c10	BAPATriggerContinously__v0_slot01	101	unknown
007a8c80	FUN_007a8c80	16	unknown
007a8c90	FUN_007a8c90	436	unknown
007a8e50	FUN_007a8e50	154	unknown
007a8ef0	FUN_007a8ef0	6	unknown
007a8f00	FUN_007a8f00	9	unknown
007a8f10	BotManager__v4_slot11	7	unknown
007a8f20	FUN_007a8f20	7	unknown
007a8f30	FUN_007a8f30	30	unknown
007a8f50	FUN_007a8f50	69	unknown
007a8fa0	FUN_007a8fa0	80	unknown
007a9000	BAPStatement__v0_slot05	19	unknown
007a9020	FUN_007a9020	76	unknown
007a9070	BAPALookInDir__v0_slot01	54	unknown
007a90b0	BAPASense__v0_slot00	60	unknown
007a90f0	FUN_007a90f0	64	unknown
007a9130	BAPASense__v0_slot01	87	unknown
007a9190	FUN_007a9190	167	unknown
007a9240	BAPCConLookDeviation__v0_slot02	33	unknown
007a9270	BAPCConLookDeviation__v0_slot00	538	unknown
007a9490	FUN_007a9490	61	unknown
007a94d0	BAPIWScout__v0_slot01	54	unknown
007a9510	BAPICScout__v0_slot00	31	unknown
007a9530	BAPALookInDir__v0_slot06	37	unknown
007a9560	FUN_007a9560	76	unknown
007a95b0	BAPATurnTowardsDirection__v0_slot01	54	unknown
007a95f0	FUN_007a95f0	19	unknown
007a9610	FUN_007a9610	42	unknown
007a9640	FUN_007a9640	37	unknown
007a9670	BAPConObjectValidYawAiming__v0_slot02	32	unknown
007a9690	BAPConObjectValidYawAiming__v0_slot00	139	unknown
007a9730	FUN_007a9730	230	unknown
007a9820	FUN_007a9820	193	unknown
007a98f0	FUN_007a98f0	50	unknown
007a9930	FUN_007a9930	18	unknown
007a9960	BBPFire__v0_slot04	18	unknown
007a99a0	BAPAComponentSoldierPose__v0_slot05	10	unknown
007a99b0	FUN_007a99b0	70	unknown
007a9a00	FUN_007a9a00	40	unknown
007a9a30	FUN_007a9a30	40	unknown
007a9a60	FUN_007a9a60	18	unknown
007a9aa0	FUN_007a9aa0	474	unknown
007a9c80	FUN_007a9c80	254	unknown
007a9d80	FUN_007a9d80	130	unknown
007a9e10	FUN_007a9e10	62	unknown
007a9e50	FUN_007a9e50	282	unknown
007a9f70	BAPAChangeWeapon__v0_slot01	53	unknown
007a9fb0	BAPAChangeWeapon__v0_slot00	583	unknown
007aa200	BAPAAimAt__v0_slot01	65	unknown
007aa250	BAPAAimAtPoint__v0_slot08	49	unknown
007aa290	FUN_007aa290	151	unknown
007aa330	BAPAAimAtPoint__v0_slot07	961	unknown
007aa700	BAPAAimAtPoint__v0_slot01	93	unknown
007aa760	BAPAAimAtPoint__v0_slot10	7	unknown
007aa770	BAPAAimAtPoint__v0_slot11	46	unknown
007aa7a0	BAPAAimAtPoint__v0_slot12	46	unknown
007aa7d0	BAPAAimAtPoint__v0_slot13	32	unknown
007aa7f0	BotMain__v0_slot36	7	unknown
007aa800	BAPAAimAtPoint__v0_slot14	101	unknown
007aa870	BAPAAimAtObject__v0_slot08	92	unknown
007aa8d0	FUN_007aa8d0	371	unknown
007aaa50	BAPAAimAtObject__v0_slot07	1386	unknown
007aafc0	BAPAAimAtObject__v0_slot01	93	unknown
007ab020	BAPATurnTowardsObject__v0_slot06	264	unknown
007ab130	FUN_007ab130	278	unknown
007ab250	BAPATurnTowardsObject__v0_slot01	54	unknown
007ab290	FUN_007ab290	55	unknown
007ab2d0	BAPANotifyBot__v0_slot01	53	unknown
007ab310	BAPANotifyBot__v0_slot00	62	unknown
007ab350	FUN_007ab350	89	unknown
007ab3b0	BAPConObjectDistanceToPoint__v0_slot02	33	unknown
007ab3e0	BAPConObjectDistanceToPoint__v0_slot00	312	unknown
007ab520	FUN_007ab520	36	unknown
007ab550	FUN_007ab550	40	unknown
007ab580	BAPConObjectLineOfFire__v0_slot02	33	unknown
007ab5b0	BAPConObjectLineOfFire__v0_slot00	187	unknown
007ab670	BAPConObjectInsideFrustum__v0_slot00	336	unknown
007ab7c0	FUN_007ab7c0	39	unknown
007ab7f0	BAPConObjectInsideFrustum__v0_slot02	33	unknown
007ab820	FUN_007ab820	64	unknown
007ab860	FUN_007ab860	64	unknown
007ab8a0	BAPConObjectValidAiming__v0_slot02	41	unknown
007ab8d0	FUN_007ab8d0	827	unknown
007abc10	BAPConObjectValidAiming__v0_slot00	139	unknown
007abca0	FUN_007abca0	42	unknown
007abcd0	BAPConObjectValidPitchAiming__v0_slot02	32	unknown
007abcf0	BAPConObjectValidPitchAiming__v0_slot00	139	unknown
007abd80	FUN_007abd80	36	unknown
007abdb0	FUN_007abdb0	40	unknown
007abde0	BAPConWeaponHeat__v0_slot02	33	unknown
007abe10	BAPConWeaponHeat__v0_slot00	64	unknown
007abe50	BAPConSharedCondition__v0_slot00	45	unknown
007abe80	BAPConSharedCondition__v0_slot01	6	unknown
007abe90	FUN_007abe90	80	unknown
007abee0	FUN_007abee0	61	unknown
007abf20	BAPConSharedCondition__v0_slot02	67	unknown
007abf70	FUN_007abf70	78	unknown
007abfc0	BAPCConPrecision__v0_slot02	33	unknown
007abff0	BAPCConPrecision__v0_slot00	680	unknown
007ac2a0	BAPAUpdateVehicle__v0_slot02	5	unknown
007ac2b0	FUN_007ac2b0	62	unknown
007ac2f0	BAPFlowCEnd__v0_slot00	254	unknown
007ac3f0	BAPFlowCEnd__v0_slot01	73	unknown
007ac440	FUN_007ac440	96	unknown
007ac4a0	BAPWrapperAiming__v0_slot01	61	unknown
007ac4e0	BAPWrapperAiming__v0_slot00	927	unknown
007ac880	BAPWrapperFinished__v0_slot00	58	unknown
007ac8c0	FUN_007ac8c0	65	unknown
007ac910	BAPWrapperFinished__v0_slot01	73	unknown
007ac960	FUN_007ac960	62	unknown
007ac9a0	BAPWrapperWeapon__v0_slot01	53	unknown
007ac9e0	FUN_007ac9e0	62	unknown
007aca20	BAPWrapperWeapon__v0_slot00	82	unknown
007aca80	FUN_007aca80	54	unknown
007acac0	FUN_007acac0	60	unknown
007acb00	BAPConLineOfFire__v0_slot02	33	unknown
007acb30	BAPConLineOfFire__v0_slot00	329	unknown
007acc80	BAPASendMessage__v0_slot00	60	unknown
007accc0	FUN_007accc0	61	unknown
007acd00	BAPASendMessage__v0_slot01	73	unknown
007acd50	BAPASendMessage__v0_slot05	18	unknown
007acd62	FUN_007acd62	294	unknown
007ace90	FUN_007ace90	142	unknown
007acf20	BAPAEvaluate__v0_slot00	27	unknown
007acf40	BAPAEvaluate__v0_slot01	67	unknown
007acf90	FUN_007acf90	41	unknown
007acfc0	FUN_007acfc0	78	unknown
007ad010	BAPCConPrecision3d__v0_slot02	33	unknown
007ad040	BAPCConPrecision3d__v0_slot00	482	unknown
007ad230	FUN_007ad230	75	unknown
007ad280	BAPCConBombPrecision3d__v0_slot02	33	unknown
007ad2b0	BAPCConBombPrecision3d__v0_slot00	769	unknown
007ad5c0	FUN_007ad5c0	32	unknown
007ad5e0	BAPConObjectInFront__v0_slot02	33	unknown
007ad610	BAPConObjectInFront__v0_slot00	412	unknown
007ad7b0	FUN_007ad7b0	25	unknown
007ad7d0	BAPConInsideBattleZone__v0_slot02	33	unknown
007ad800	BAPConInsideBattleZone__v0_slot00	184	unknown
007ad8c0	BAPAMoveTo3dDirection__v0_slot00	284	unknown
007ad9e0	FUN_007ad9e0	180	unknown
007adaa0	FUN_007adaa0	143	unknown
007adb30	BAPAMoveTo3dDirection__v0_slot01	73	unknown
007adb80	BAPAAimAt3d__v0_slot09	7	unknown
007adb90	BAPAAimAt3d__v0_slot11	37	unknown
007adbc0	BAPAAimAt3d__v0_slot13	37	unknown
007adbf0	BAPAAimAt3d__v0_slot14	21	unknown
007adc10	BAPAAimAt3d__v0_slot01	65	unknown
007adc60	BAPAAimAtObject3d__v0_slot07	92	unknown
007adcc0	FUN_007adcc0	138	unknown
007add50	BAPAAimAtObject3d__v0_slot08	1195	unknown
007ae200	BAPAAimAtObject3d__v0_slot01	90	unknown
007ae260	FUN_007ae260	25	unknown
007ae280	BAPConObjectVisible__v0_slot00	67	unknown
007ae2d0	BAPConObjectVisible__v0_slot02	33	unknown
007ae300	FUN_007ae300	45	unknown
007ae330	BAPIWRoam__v0_slot01	54	unknown
007ae370	FUN_007ae370	18	unknown
007ae390	BBPRoam__v0_slot04	18	unknown
007ae3d0	FUN_007ae3d0	47	unknown
007ae400	BAPConEndOfPath__v0_slot00	15	unknown
007ae410	FUN_007ae410	65	unknown
007ae460	FUN_007ae460	110	unknown
007ae4d0	BAPIWTakeCover__v0_slot01	54	unknown
007ae510	FUN_007ae510	4	unknown
007ae520	FUN_007ae520	39	unknown
007ae550	FUN_007ae550	214	unknown
007ae630	BAPARoll3d__v0_slot00	60	unknown
007ae670	BAPConObjectLineOfFire__v0_slot01	6	unknown
007ae690	FUN_007ae690	295	unknown
007ae7c0	BAPARoll3d__v0_slot01	76	unknown
007ae810	FUN_007ae810	37	unknown
007ae840	FUN_007ae840	646	unknown
007aeb70	FUN_007aeb70	39	unknown
007aeba0	thunk_FUN_007ae840	5	unknown
007aebb0	FUN_007aebb0	113	unknown
007aec30	FUN_007aec30	9	unknown
007aec40	FUN_007aec40	37	unknown
007aec70	FUN_007aec70	87	unknown
007aecd0	FUN_007aecd0	107	unknown
007aed3b	Catch@007aed3b	9	unknown
007aed50	FUN_007aed50	106	unknown
007aedc0	FUN_007aedc0	102	unknown
007aee26	Catch@007aee26	9	unknown
007aee30	FUN_007aee30	27	unknown
007aee50	FUN_007aee50	38	unknown
007aee80	FUN_007aee80	2034	unknown
007af680	FUN_007af680	534	unknown
007af7e6	Catch@007af7e6	9	unknown
007af8b0	FUN_007af8b0	595	unknown
007afb10	FUN_007afb10	40	unknown
007afb40	FUN_007afb40	12	unknown
007afb50	FUN_007afb50	1012	unknown
007aff50	FUN_007aff50	340	unknown
007b00b0	FUN_007b00b0	323	unknown
007b0ed0	FUN_007b0ed0	307	unknown
007b1010	FUN_007b1010	43	unknown
007b1040	BAPAMoveTo__v24_slot00	8	unknown
007b1050	BAPAMoveTo__v0_slot01	68	unknown
007b10a0	FUN_007b10a0	152	unknown
007b1140	AIScriptManager__v0_slot21	10	unknown
007b1150	FUN_007b1150	1605	unknown
007b17a0	FUN_007b17a0	96	unknown
007b1a80	FUN_007b1a80	3327	unknown
007b43b0	FUN_007b43b0	2452	unknown
007b4d50	FUN_007b4d50	143	unknown
007b4de0	FUN_007b4de0	610	unknown
007b5060	FUN_007b5060	232	unknown
007b5150	FUN_007b5150	5273	unknown
007b6630	FUN_007b6630	30	unknown
007b6650	FUN_007b6650	28	unknown
007b6670	FUN_007b6670	45	unknown
007b66a0	FUN_007b66a0	105	unknown
007b6710	BotScriptDebugger__v0_slot00	28	unknown
007b6730	FUN_007b6730	29	unknown
007b6750	FUN_007b6750	87	unknown
007b67b0	FUN_007b67b0	43	unknown
007b67f0	FUN_007b67f0	138	unknown
007b687a	Catch@007b687a	9	unknown
007b6890	FUN_007b6890	104	unknown
007b6900	FUN_007b6900	89	unknown
007b6960	BAPDebugger__v0_slot02	17	unknown
007b6980	FUN_007b6980	106	unknown
007b6a00	FUN_007b6a00	194	unknown
007b6ba0	BAPDebugger__v0_slot01	44	unknown
007b6bd0	FUN_007b6bd0	51	unknown
007b6c10	FUN_007b6c10	31	unknown
007b6ca0	FUN_007b6ca0	124	unknown
007b6d20	BAPDebugger__v0_slot00	27	unknown
007b6d40	FUN_007b6d40	51	unknown
007b6d80	FUN_007b6d80	36	unknown
007b6db0	FUN_007b6db0	28	unknown
007b6dd0	FUN_007b6dd0	23	unknown
007b6df0	FUN_007b6df0	23	unknown
007b6e10	FUN_007b6e10	66	unknown
007b6e60	FUN_007b6e60	75	unknown
007b6eb0	FUN_007b6eb0	87	unknown
007b6f10	FUN_007b6f10	52	unknown
007b6f50	FUN_007b6f50	39	unknown
007b6f80	FUN_007b6f80	115	unknown
007b7000	FUN_007b7000	4	unknown
007b7010	FUN_007b7010	124	unknown
007b7090	FUN_007b7090	336	unknown
007b71e0	FUN_007b71e0	111	unknown
007b7250	FUN_007b7250	371	unknown
007b73d0	FUN_007b73d0	1332	unknown
007b7910	FUN_007b7910	753	unknown
007b7c40	FUN_007b7c40	28	unknown
007b7c60	FUN_007b7c60	233	unknown
007b7d50	FUN_007b7d50	43	unknown
007b7d90	FUN_007b7d90	111	unknown
007b7dff	Catch@007b7dff	9	unknown
007b7e20	FUN_007b7e20	109	unknown
007b7e8d	Catch@007b7e8d	9	unknown
007b7eb0	FUN_007b7eb0	117	unknown
007b7f25	Catch@007b7f25	9	unknown
007b7f40	FUN_007b7f40	138	unknown
007b7fca	Catch@007b7fca	9	unknown
007b7fe0	FUN_007b7fe0	428	unknown
007b8190	FUN_007b8190	183	unknown
007b8250	FUN_007b8250	258	unknown
007b8360	FUN_007b8360	185	unknown
007b8420	FUN_007b8420	361	unknown
007b8590	FUN_007b8590	530	unknown
007b86f0	Catch@007b86f0	9	unknown
007b87c0	AIInformationGrid__v0_slot01	80	unknown
007b8810	AIInformationGrid__v0_slot02	161	unknown
007b88c0	FUN_007b88c0	121	unknown
007b8940	FUN_007b8940	131	unknown
007b89d0	FUN_007b89d0	81	unknown
007b8a40	FUN_007b8a40	576	unknown
007b8c90	FUN_007b8c90	286	unknown
007b8db0	FUN_007b8db0	207	unknown
007b8e80	AIInformationGrid__v0_slot09	27	unknown
007b8ea0	AIInformationGrid__v0_slot00	349	unknown
007b9000	AIInformationGrid__v0_slot03	168	unknown
007b90b0	AIInformationGrid__v0_slot04	350	unknown
007b9210	AIInformationGrid__v0_slot05	592	unknown
007b9470	AIInformationGrid__v0_slot06	1594	unknown
007b9ab0	AIInformationGrid__v0_slot07	616	unknown
007b9d20	AIInformationGrid__v0_slot08	330	unknown
007b9e90	FUN_007b9e90	38	unknown
007b9ec0	FUN_007b9ec0	14	unknown
007b9ed0	FUN_007b9ed0	8	unknown
007b9ee0	FUN_007b9ee0	51	unknown
007b9f20	FUN_007b9f20	296	unknown
007ba050	FUN_007ba050	37	unknown
007ba080	FUN_007ba080	270	unknown
007ba190	FUN_007ba190	138	unknown
007ba21a	Catch@007ba21a	9	unknown
007ba230	FUN_007ba230	117	unknown
007ba2a5	Catch@007ba2a5	9	unknown
007ba2c0	FUN_007ba2c0	43	unknown
007ba300	FUN_007ba300	51	unknown
007ba340	FUN_007ba340	428	unknown
007ba4f0	FUN_007ba4f0	654	unknown
007ba7a0	FUN_007ba7a0	367	unknown
007ba920	FUN_007ba920	417	unknown
007baad0	FUN_007baad0	98	unknown
007bab40	FUN_007bab40	183	unknown
007bac00	FUN_007bac00	414	unknown
007badb0	FUN_007badb0	310	unknown
007baef0	FUN_007baef0	1261	unknown
007bb430	FUN_007bb430	1204	unknown
007bb930	FUN_007bb930	280	unknown
007bba50	FUN_007bba50	786	unknown
007bbd70	FUN_007bbd70	1699	unknown
007bc450	FUN_007bc450	1280	unknown
007bc970	FUN_007bc970	174	unknown
007bca20	FUN_007bca20	79	unknown
007bca70	FUN_007bca70	104	unknown
007bcad8	Catch@007bcad8	9	unknown
007bcaf0	FUN_007bcaf0	29	unknown
007bcb10	FUN_007bcb10	130	unknown
007bcbb0	FUN_007bcbb0	530	unknown
007bcd10	Catch@007bcd10	9	unknown
007bcde0	FUN_007bcde0	364	unknown
007bcf50	FUN_007bcf50	123	unknown
007bcfd0	FUN_007bcfd0	97	unknown
007bd040	FUN_007bd040	119	unknown
007bd0c0	FUN_007bd0c0	258	unknown
007bd1d0	FUN_007bd1d0	155	unknown
007bd270	FUN_007bd270	199	unknown
007bd33a	Catch@007bd33a	9	unknown
007bd350	FUN_007bd350	131	unknown
007bd3e0	FUN_007bd3e0	336	unknown
007bd540	FUN_007bd540	156	unknown
007bd5e0	FUN_007bd5e0	148	unknown
007bd674	Catch@007bd674	17	unknown
007bd690	FUN_007bd690	77	unknown
007bd6e0	FUN_007bd6e0	245	unknown
007bd7e0	FUN_007bd7e0	181	unknown
007bd8a0	FUN_007bd8a0	106	unknown
007bd910	FUN_007bd910	121	unknown
007bd990	FUN_007bd990	1181	unknown
007bde30	FUN_007bde30	141	unknown
007bdec0	thunk_FUN_007bd7e0	5	unknown
007bded0	FUN_007bded0	40	unknown
007bdf00	FUN_007bdf00	309	unknown
007be040	AIMeshLoader__v0_slot03	78	unknown
007be090	FUN_007be090	87	unknown
007be0f0	AIMeshLoader__v0_slot02	203	unknown
007be1c0	FUN_007be1c0	117	unknown
007be235	Catch@007be235	9	unknown
007be250	FUN_007be250	428	unknown
007be400	FUN_007be400	366	unknown
007be580	FUN_007be580	42	unknown
007be5c0	AIMeshLoader__v0_slot01	362	unknown
007be730	FUN_007be730	31	unknown
007be750	FUN_007be750	31	unknown
007be770	FUN_007be770	58	unknown
007be7b0	FUN_007be7b0	23	unknown
007be7d0	FUN_007be7d0	18	unknown
007be7f0	FUN_007be7f0	23	unknown
007be810	FUN_007be810	56	unknown
007be830	FUN_007be830	23	unknown
007be850	FUN_007be850	33	unknown
007be880	FUN_007be880	12	unknown
007be890	FUN_007be890	119	unknown
007be910	FUN_007be910	155	unknown
007be9b0	FUN_007be9b0	36	unknown
007be9e0	FUN_007be9e0	32	unknown
007bea00	FUN_007bea00	23	unknown
007bea20	FUN_007bea20	33	unknown
007bea50	FUN_007bea50	8	unknown
007bea60	FUN_007bea60	98	unknown
007bead0	FUN_007bead0	41	unknown
007beb00	FUN_007beb00	58	unknown
007beb40	FUN_007beb40	46	unknown
007beb70	FUN_007beb70	11	unknown
007beb80	ISVUBot__v0_slot00	33	unknown
007bebb0	FUN_007bebb0	32	unknown
007bebd0	FUN_007bebd0	182	unknown
007bec90	FUN_007bec90	24	unknown
007becb0	FUN_007becb0	136	unknown
007bed40	FUN_007bed40	18	unknown
007bed60	FUN_007bed60	100	unknown
007bedd0	FUN_007bedd0	266	unknown
007beee0	FUN_007beee0	202	unknown
007befb0	FUN_007befb0	78	unknown
007bf010	FUN_007bf010	57	unknown
007bf050	FUN_007bf050	156	unknown
007bf0f0	FUN_007bf0f0	71	unknown
007bf140	FUN_007bf140	49	unknown
007bf180	FUN_007bf180	27	unknown
007bf1a0	FUN_007bf1a0	522	unknown
007bf3c0	FUN_007bf3c0	371	unknown
007bf570	FUN_007bf570	430	unknown
007bf780	FUN_007bf780	228	unknown
007bf870	FUN_007bf870	178	unknown
007bf930	FUN_007bf930	625	unknown
007bfbb0	FUN_007bfbb0	336	unknown
007bfd00	FUN_007bfd00	32	unknown
007bfd20	FUN_007bfd20	7	unknown
007bfd30	FUN_007bfd30	18	unknown
007bfd50	FUN_007bfd50	8	unknown
007bfd60	FUN_007bfd60	20	unknown
007bfd80	FUN_007bfd80	51	unknown
007bfdc0	FUN_007bfdc0	23	unknown
007bfde0	FUN_007bfde0	36	unknown
007bfe10	FUN_007bfe10	36	unknown
007bfe40	FUN_007bfe40	62	unknown
007bfe80	FUN_007bfe80	33	unknown
007bfeb0	FUN_007bfeb0	31	unknown
007bfed0	FUN_007bfed0	45	unknown
007bff00	FUN_007bff00	23	unknown
007bff20	FUN_007bff20	23	unknown
007bff40	FUN_007bff40	5	unknown
007bff50	FUN_007bff50	85	unknown
007bffb0	FUN_007bffb0	23	unknown
007bffd0	FUN_007bffd0	23	unknown
007bfff0	FUN_007bfff0	32	unknown
007c0010	FUN_007c0010	381	unknown
007c0190	FUN_007c0190	64	unknown
007c01d0	FUN_007c01d0	31	unknown
007c01f0	FUN_007c01f0	20	unknown
007c0210	FUN_007c0210	20	unknown
007c0230	FUN_007c0230	42	unknown
007c0260	FUN_007c0260	61	unknown
007c02a0	FUN_007c02a0	72	unknown
007c02f0	FUN_007c02f0	156	unknown
007c03b0	FUN_007c03b0	48	unknown
007c03e0	FUN_007c03e0	19	unknown
007c0400	BAPInfoWrapper__v0_slot01	53	unknown
007c0440	BAPInfoWrapper__v0_slot00	93	unknown
007c04a0	FUN_007c04a0	7	unknown
007c04b0	AISettings__v4_slot02	10	unknown
007c04c0	AIMain__v0_slot01	4	unknown
007c04d0	FUN_007c04d0	158	unknown
007c0570	BAPAComponentSoldierPose__v0_slot00	28	unknown
007c0590	BAPAComponentSoldierPose__v0_slot14	199	unknown
007c0660	BAPAMoveToObject__v0_slot00	60	unknown
007c06a0	FUN_007c06a0	86	unknown
007c0700	BAPALook__v0_slot00	60	unknown
007c0740	FUN_007c0740	75	unknown
007c0790	BAPATurn__v0_slot00	60	unknown
007c07d0	FUN_007c07d0	75	unknown
007c0820	BAPAAimAt__v0_slot00	60	unknown
007c0860	FUN_007c0860	89	unknown
007c08c0	FUN_007c08c0	654	unknown
007c0b50	BAPAAimAt3d__v0_slot00	60	unknown
007c0b90	BAPAAimAt3d__v0_slot15	101	unknown
007c0c00	BAPAAimAt3d__v0_slot16	101	unknown
007c0c70	BAPAAimAt3d__v0_slot12	78	unknown
007c0cc0	FUN_007c0cc0	117	unknown
007c0d40	FUN_007c0d40	39	unknown
007c0d70	FUN_007c0d70	100	unknown
007c0de0	FUN_007c0de0	654	unknown
007c1070	FUN_007c1070	149	unknown
007c1110	FUN_007c1110	135	unknown
007c11a0	FUN_007c11a0	350	unknown
007c1310	FUN_007c1310	387	unknown
007c14a0	FUN_007c14a0	525	unknown
007c16b0	FUN_007c16b0	874	unknown
007c1e10	FUN_007c1e10	108	unknown
007c1e80	FUN_007c1e80	530	unknown
007c20a0	FUN_007c20a0	26	unknown
007c20c0	FUN_007c20c0	7	unknown
007c20d0	FUN_007c20d0	1539	unknown
007c2720	FUN_007c2720	59	unknown
007c2760	FUN_007c2760	62	unknown
007c27a0	FUN_007c27a0	251	unknown
007c28a0	FUN_007c28a0	954	unknown
007c2dc0	FUN_007c2dc0	197	unknown
007c2e90	FUN_007c2e90	261	unknown
007c2fa0	FUN_007c2fa0	124	unknown
007c3020	FUN_007c3020	89	unknown
007c3080	FUN_007c3080	234	unknown
007c3170	FUN_007c3170	187	unknown
007c3230	FUN_007c3230	299	unknown
007c3360	FUN_007c3360	146	unknown
007c3400	FUN_007c3400	1298	unknown
007c41b0	FUN_007c41b0	477	unknown
007c4ef0	FUN_007c4ef0	234	unknown
007c5280	FUN_007c5280	453	unknown
007c5d60	FUN_007c5d60	848	unknown
007c60b0	FUN_007c60b0	245	unknown
007c61a8	FUN_007c61a8	654	unknown
007c6460	FUN_007c6460	98	unknown
007c6a90	FUN_007c6a90	453	unknown
007c73f0	FUN_007c73f0	849	unknown
007c7850	FUN_007c7850	829	unknown
007c7c90	FUN_007c7c90	829	unknown
007c80c8	FUN_007c80c8	423	unknown
007c8290	FUN_007c8290	849	unknown
007c86f0	FUN_007c86f0	74	unknown
007c8740	FUN_007c8740	244	unknown
007c8840	FUN_007c8840	191	unknown
007c8900	FUN_007c8900	187	unknown
007c89c0	FUN_007c89c0	301	unknown
007c8af0	FUN_007c8af0	134	unknown
007c8b80	FUN_007c8b80	242	unknown
007c8c80	FUN_007c8c80	132	unknown
007c8d10	FUN_007c8d10	886	unknown
007c9270	FUN_007c9270	960	unknown
007c96b0	FUN_007c96b0	163	unknown
007c9760	FUN_007c9760	244	unknown
007c9860	FUN_007c9860	191	unknown
007c9920	FUN_007c9920	301	unknown
007c9a50	FUN_007c9a50	134	unknown
007c9ae0	FUN_007c9ae0	193	unknown
007c9bb0	FUN_007c9bb0	1030	unknown
007c9ff0	FUN_007c9ff0	1138	unknown
007ca4a0	FUN_007ca4a0	1151	unknown
007ca960	FUN_007ca960	1485	unknown
007caf70	FUN_007caf70	1088	unknown
007cb3f0	FUN_007cb3f0	1283	unknown
007cb930	FUN_007cb930	1195	unknown
007cbe10	FUN_007cbe10	1069	unknown
007cc270	FUN_007cc270	940	unknown
007cc650	FUN_007cc650	972	unknown
007ccc40	FUN_007ccc40	818	unknown
007ccfb0	FUN_007ccfb0	123	unknown
007cd030	FUN_007cd030	244	unknown
007cd130	FUN_007cd130	182	unknown
007cd1f0	FUN_007cd1f0	180	unknown
007cd2b0	FUN_007cd2b0	296	unknown
007cd3e0	FUN_007cd3e0	134	unknown
007cd470	FUN_007cd470	186	unknown
007cd530	FUN_007cd530	923	unknown
007cd900	FUN_007cd900	1108	unknown
007cdd90	FUN_007cdd90	1085	unknown
007ce200	FUN_007ce200	1481	unknown
007ce800	FUN_007ce800	1175	unknown
007cecd0	FUN_007cecd0	1231	unknown
007cf1d0	FUN_007cf1d0	1015	unknown
007cf600	FUN_007cf600	1062	unknown
007cfa60	FUN_007cfa60	878	unknown
007cfe00	FUN_007cfe00	888	unknown
007d0380	FUN_007d0380	759	unknown
007d06b0	FUN_007d06b0	1023	unknown
007d0c70	FUN_007d0c70	278	unknown
007d0d90	FUN_007d0d90	683	unknown
007d10a0	FUN_007d10a0	974	unknown
007d15f0	FUN_007d15f0	280	unknown
007d1720	FUN_007d1720	628	unknown
007d1a00	FUN_007d1a00	457	unknown
007d1bd0	FUN_007d1bd0	291	unknown
007d1d00	FUN_007d1d00	157	unknown
007d1da0	FUN_007d1da0	290	unknown
007d1ed0	FUN_007d1ed0	100	unknown
007d1f40	FUN_007d1f40	202	unknown
007d2010	FUN_007d2010	560	unknown
007d2250	FUN_007d2250	218	unknown
007d2330	FUN_007d2330	1280	unknown
007d2840	FUN_007d2840	610	unknown
007d2ab0	FUN_007d2ab0	1056	unknown
007d2ee0	FUN_007d2ee0	129	unknown
007d2f70	FUN_007d2f70	127	unknown
007d2ff0	FUN_007d2ff0	109	unknown
007d3060	FUN_007d3060	132	unknown
007d30f0	FUN_007d30f0	98	unknown
007d3160	FUN_007d3160	138	unknown
007d31f0	FUN_007d31f0	486	unknown
007d33e0	FUN_007d33e0	102	unknown
007d3450	FUN_007d3450	157	unknown
007d34f0	FUN_007d34f0	495	unknown
007d36e0	FUN_007d36e0	476	unknown
007d38c0	FUN_007d38c0	17	unknown
007d38f0	FUN_007d38f0	49	unknown
007d3930	FUN_007d3930	105	unknown
007d39a0	FUN_007d39a0	25	unknown
007d39c0	FUN_007d39c0	184	unknown
007d3a80	FUN_007d3a80	123	unknown
007d3b00	FUN_007d3b00	117	unknown
007d3b75	Catch@007d3b75	9	unknown
007d3b90	FUN_007d3b90	138	unknown
007d3c1a	Catch@007d3c1a	9	unknown
007d3c30	FUN_007d3c30	43	unknown
007d3c70	FUN_007d3c70	104	unknown
007d3cd8	Catch@007d3cd8	9	unknown
007d3cf0	FUN_007d3cf0	217	unknown
007d3dd0	FUN_007d3dd0	98	unknown
007d3e40	FUN_007d3e40	51	unknown
007d3e80	FUN_007d3e80	77	unknown
007d3ed0	FUN_007d3ed0	76	unknown
007d3f20	FUN_007d3f20	362	unknown
007d4090	FUN_007d4090	175	unknown
007d4150	FUN_007d4150	185	unknown
007d4210	FUN_007d4210	251	unknown
007d4310	FUN_007d4310	277	unknown
007d4430	FUN_007d4430	292	unknown
007d4560	FUN_007d4560	224	unknown
007d4640	FUN_007d4640	29	unknown
007d4660	FUN_007d4660	428	unknown
007d4810	FUN_007d4810	199	unknown
007d48da	Catch@007d48da	9	unknown
007d48f0	FUN_007d48f0	185	unknown
007d49b0	FUN_007d49b0	530	unknown
007d4b10	Catch@007d4b10	9	unknown
007d4be0	FUN_007d4be0	183	unknown
007d4ca0	FUN_007d4ca0	131	unknown
007d4d30	FUN_007d4d30	246	unknown
007d4e30	FUN_007d4e30	1022	unknown
007d5270	FUN_007d5270	2402	unknown
007d5bf0	FUN_007d5bf0	256	unknown
007d5cf0	FUN_007d5cf0	787	unknown
007d6060	FUN_007d6060	1442	unknown
007d6610	FUN_007d6610	3173	unknown
007d72a0	FUN_007d72a0	2423	unknown
007d7c50	FUN_007d7c50	342	unknown
007d7dc0	FUN_007d7dc0	110	unknown
007d7e30	FUN_007d7e30	146	unknown
007d7ed0	FUN_007d7ed0	2803	unknown
007d8a10	FUN_007d8a10	110	unknown
007d8a80	FUN_007d8a80	12	unknown
007d8b00	FUN_007d8b00	272	unknown
007d8c20	FUN_007d8c20	24	unknown
007d8c40	FUN_007d8c40	64	unknown
007d8c80	FUN_007d8c80	1728	unknown
007d9370	FUN_007d9370	10	unknown
007d9380	FUN_007d9380	1244	unknown
007d9870	FUN_007d9870	159	unknown
007d9910	FUN_007d9910	346	unknown
007d9a70	FUN_007d9a70	40	unknown
007d9aa0	FUN_007d9aa0	320	unknown
007d9be0	FUN_007d9be0	957	unknown
007d9fb0	FUN_007d9fb0	166	unknown
007da150	FUN_007da150	429	unknown
007da310	ObjTemplNetworkModule__v0_slot05	3	unknown
007da320	FUN_007da320	33	unknown
007da350	FUN_007da350	350	unknown
007da4b0	FUN_007da4b0	7	unknown
007da4c0	FUN_007da4c0	24	unknown
007da4e0	FUN_007da4e0	24	unknown
007da500	FUN_007da500	4	unknown
007da510	FUN_007da510	24	unknown
007da530	FUN_007da530	29	unknown
007da550	FUN_007da550	40	unknown
007da580	FUN_007da580	4	unknown
007da590	FUN_007da590	40	unknown
007da5c0	FUN_007da5c0	37	unknown
007da5f0	FUN_007da5f0	101	unknown
007da660	FUN_007da660	164	unknown
007da710	FUN_007da710	48	unknown
007da740	FUN_007da740	343	unknown
007da8a0	FUN_007da8a0	16	unknown
007da8b0	FUN_007da8b0	16	unknown
007da8c0	FUN_007da8c0	143	unknown
007da950	FUN_007da950	37	unknown
007da980	ObjTemplNetworkModule__v0_slot00	28	unknown
007da9a0	FUN_007da9a0	207	unknown
007daa70	FUN_007daa70	8	unknown
007daa80	FUN_007daa80	45	unknown
007daab0	FUN_007daab0	68	unknown
007dab00	FUN_007dab00	47	unknown
007dab40	FUN_007dab40	36	unknown
007dab70	FUN_007dab70	40	unknown
007daba0	FUN_007daba0	67	unknown
007dabf0	FUN_007dabf0	105	unknown
007dac70	FUN_007dac70	275	unknown
007dad90	FUN_007dad90	18	unknown
007dadb0	FUN_007dadb0	51	unknown
007dadf0	FUN_007dadf0	45	unknown
007dae20	FUN_007dae20	47	unknown
007dae60	FUN_007dae60	36	unknown
007dae90	FUN_007dae90	69	unknown
007daee0	FUN_007daee0	111	unknown
007daf4f	Catch@007daf4f	9	unknown
007daf70	FUN_007daf70	105	unknown
007dafd9	Catch@007dafd9	9	unknown
007daff0	FUN_007daff0	75	unknown
007db050	FUN_007db050	249	unknown
007db150	FUN_007db150	40	unknown
007db180	FUN_007db180	188	unknown
007db260	FUN_007db260	188	unknown
007db330	FUN_007db330	65	unknown
007db380	FUN_007db380	42	unknown
007db3b0	FUN_007db3b0	8	unknown
007db3c0	FUN_007db3c0	8	unknown
007db3d0	FUN_007db3d0	50	unknown
007db410	FUN_007db410	14	unknown
007db420	FUN_007db420	12	unknown
007db430	FUN_007db430	24	unknown
007db460	FUN_007db460	49	unknown
007db4c0	FUN_007db4c0	15	unknown
007db4e0	FUN_007db4e0	238	unknown
007db5f0	FUN_007db5f0	104	unknown
007db660	FUN_007db660	18	unknown
007db690	FUN_007db690	300	unknown
007db7c0	FUN_007db7c0	573	unknown
007dba00	FUN_007dba00	798	unknown
007dbd20	FUN_007dbd20	400	unknown
007dbeb0	FUN_007dbeb0	885	unknown
007dc230	FUN_007dc230	432	unknown
007dc3e0	FUN_007dc3e0	397	unknown
007dc570	FUN_007dc570	252	unknown
007dc670	FUN_007dc670	82	unknown
007dc6d0	FUN_007dc6d0	928	unknown
007dca70	FUN_007dca70	146	unknown
007dcb10	FUN_007dcb10	428	unknown
007dccc0	FUN_007dccc0	428	unknown
007dce70	FUN_007dce70	36	unknown
007dcea0	FUN_007dcea0	90	unknown
007dcf00	FUN_007dcf00	3478	unknown
007ddca0	FUN_007ddca0	100	unknown
007ddd10	FUN_007ddd10	12	unknown
007ddd50	FUN_007ddd50	156	unknown
007dddf0	FUN_007dddf0	54	unknown
007dde30	FUN_007dde30	191	unknown
007ddf00	FUN_007ddf00	141	unknown
007ddfa0	FUN_007ddfa0	254	unknown
007de0c0	FUN_007de0c0	210	unknown
007de1a0	FUN_007de1a0	36	unknown
007de1d0	FUN_007de1d0	290	unknown
007de300	FUN_007de300	542	unknown
007de530	FUN_007de530	44	unknown
007de560	FUN_007de560	12	unknown
007de570	FUN_007de570	24	unknown
007de5d0	FUN_007de5d0	28	unknown
007de5f0	FUN_007de5f0	28	unknown
007de610	FUN_007de610	49	unknown
007de650	FUN_007de650	49	unknown
007de690	FUN_007de690	64	unknown
007de6d0	FUN_007de6d0	10	unknown
007de6e0	FUN_007de6e0	14	unknown
007de6f0	FUN_007de6f0	13	unknown
007de700	FUN_007de700	10	unknown
007de710	FUN_007de710	57	unknown
007de750	FUN_007de750	90	unknown
007de7b0	FUN_007de7b0	21	unknown
007de7d0	FUN_007de7d0	32	unknown
007de7f0	FUN_007de7f0	26	unknown
007de810	FUN_007de810	130	unknown
007de8a0	FUN_007de8a0	61	unknown
007de8f0	FUN_007de8f0	140	unknown
007de980	FUN_007de980	140	unknown
007dea10	FUN_007dea10	50	unknown
007dea50	FUN_007dea50	45	unknown
007dea80	FUN_007dea80	258	unknown
007deb90	FUN_007deb90	122	unknown
007dec10	FUN_007dec10	223	unknown
007decf0	FUN_007decf0	14	unknown
007ded00	FUN_007ded00	51	unknown
007ded40	FUN_007ded40	514	unknown
007def50	FUN_007def50	205	unknown
007df020	FUN_007df020	462	unknown
007df200	FUN_007df200	540	unknown
007df430	FUN_007df430	299	unknown
007df570	FUN_007df570	1549	unknown
007dfcc0	FUN_007dfcc0	599	unknown
007dff50	FUN_007dff50	455	unknown
007e0150	FUN_007e0150	283	unknown
007e0280	FUN_007e0280	547	unknown
007e04ac	__strupr	253	__cdecl
007e05c0	__alldiv	170	unknown
007e066a	_atof	56	__cdecl
007e06a2	__assert	981	unknown
007e0a77	__time64	60	__cdecl
007e0ac0	_strncat	309	__cdecl
007e2d5a	Unwind@007e2d5a	8	unknown
007e2d62	Unwind@007e2d62	11	unknown
007e2d6d	Unwind@007e2d6d	8	unknown
007e2d7f	Unwind@007e2d7f	8	unknown
007e2d91	Unwind@007e2d91	8	unknown
007e2d99	Unwind@007e2d99	11	unknown
007e2da4	Unwind@007e2da4	11	unknown
007e2daf	Unwind@007e2daf	11	unknown
007e2dba	Unwind@007e2dba	11	unknown
007e2dcf	Unwind@007e2dcf	8	unknown
007e2dd7	Unwind@007e2dd7	8	unknown
007e2deb	Unwind@007e2deb	8	unknown
007e2df3	Unwind@007e2df3	8	unknown
007e2dfb	Unwind@007e2dfb	11	unknown
007e2e10	Unwind@007e2e10	8	unknown
007e2e22	Unwind@007e2e22	8	unknown
007e42d0	FUN_007e42d0	24	unknown
007e42f0	FUN_007e42f0	38	unknown
007e4320	FUN_007e4320	24	unknown
007e4340	FUN_007e4340	37	unknown
007e4370	FUN_007e4370	18	unknown
007e4390	FUN_007e4390	22	unknown
007e43b0	FUN_007e43b0	22	unknown
007e43d0	FUN_007e43d0	22	unknown
007e43f0	FUN_007e43f0	22	unknown
007e4410	FUN_007e4410	22	unknown
007e4430	FUN_007e4430	22	unknown
007e4450	FUN_007e4450	18	unknown
007e4470	FUN_007e4470	22	unknown
007e4490	FUN_007e4490	22	unknown
007e44b0	FUN_007e44b0	22	unknown
007e44d0	FUN_007e44d0	22	unknown
007e44f0	FUN_007e44f0	22	unknown
007e4510	FUN_007e4510	22	unknown
007e4530	FUN_007e4530	22	unknown
007e4550	FUN_007e4550	22	unknown
007e4570	FUN_007e4570	22	unknown
007e4590	FUN_007e4590	22	unknown
007e45b0	FUN_007e45b0	22	unknown
007e45d0	FUN_007e45d0	22	unknown
007e45f0	FUN_007e45f0	18	unknown
007e4610	FUN_007e4610	22	unknown
007e4630	FUN_007e4630	22	unknown
007e4650	FUN_007e4650	22	unknown
007e4670	FUN_007e4670	22	unknown
007e4690	FUN_007e4690	22	unknown
007e46b0	FUN_007e46b0	22	unknown
007e46d0	FUN_007e46d0	22	unknown
007e46f0	FUN_007e46f0	22	unknown
007e4710	FUN_007e4710	22	unknown
007e4730	FUN_007e4730	22	unknown
007e4750	FUN_007e4750	22	unknown
007e4770	FUN_007e4770	22	unknown
007e4790	FUN_007e4790	22	unknown
007e47b0	FUN_007e47b0	22	unknown
007e47d0	FUN_007e47d0	22	unknown
007e47f0	FUN_007e47f0	22	unknown
007e4810	FUN_007e4810	22	unknown
007e4830	FUN_007e4830	22	unknown
007e4850	FUN_007e4850	22	unknown
007e4870	FUN_007e4870	22	unknown
007e4890	FUN_007e4890	22	unknown
007e48b0	FUN_007e48b0	22	unknown
007e48d0	FUN_007e48d0	18	unknown
007e48f0	FUN_007e48f0	22	unknown
007e4910	FUN_007e4910	22	unknown
007e4930	FUN_007e4930	22	unknown
007e4950	FUN_007e4950	22	unknown
007e4970	FUN_007e4970	22	unknown
007e4990	FUN_007e4990	22	unknown
007e49b0	FUN_007e49b0	12	unknown
007e49c0	FUN_007e49c0	36	unknown
007e49f0	FUN_007e49f0	22	unknown
007e4a10	FUN_007e4a10	104	unknown
007e4a80	FUN_007e4a80	78	unknown
007e4ad0	FUN_007e4ad0	31	unknown
007e4af0	FUN_007e4af0	12	unknown
007e4b00	FUN_007e4b00	11	unknown
007e4b10	FUN_007e4b10	24	unknown
007e4b30	FUN_007e4b30	12	unknown
007e4b40	FUN_007e4b40	12	unknown
007e4b50	FUN_007e4b50	12	unknown
007e4b60	FUN_007e4b60	1285	unknown
007e5070	FUN_007e5070	120	unknown
007e50f0	FUN_007e50f0	210	unknown
007e51d0	FUN_007e51d0	24	unknown
007e51f0	FUN_007e51f0	12	unknown
007e5200	FUN_007e5200	24	unknown
007e5220	FUN_007e5220	37	unknown
007e5250	FUN_007e5250	18	unknown
007e5270	FUN_007e5270	22	unknown
007e5290	FUN_007e5290	22	unknown
007e52b0	FUN_007e52b0	18	unknown
007e52d0	FUN_007e52d0	18	unknown
007e52f0	FUN_007e52f0	22	unknown
007e5310	FUN_007e5310	22	unknown
007e5330	FUN_007e5330	22	unknown
007e5350	FUN_007e5350	22	unknown
007e5370	FUN_007e5370	18	unknown
007e5390	FUN_007e5390	22	unknown
007e53b0	FUN_007e53b0	22	unknown
007e53d0	FUN_007e53d0	22	unknown
007e53f0	FUN_007e53f0	22	unknown
007e5410	FUN_007e5410	22	unknown
007e5430	FUN_007e5430	22	unknown
007e5450	FUN_007e5450	22	unknown
007e5470	FUN_007e5470	22	unknown
007e5490	FUN_007e5490	22	unknown
007e54b0	FUN_007e54b0	22	unknown
007e54d0	FUN_007e54d0	22	unknown
007e54f0	FUN_007e54f0	22	unknown
007e5510	FUN_007e5510	18	unknown
007e5530	FUN_007e5530	22	unknown
007e5550	FUN_007e5550	22	unknown
007e5570	FUN_007e5570	22	unknown
007e5590	FUN_007e5590	22	unknown
007e55b0	FUN_007e55b0	22	unknown
007e55d0	FUN_007e55d0	22	unknown
007e55f0	FUN_007e55f0	22	unknown
007e5610	FUN_007e5610	22	unknown
007e5630	FUN_007e5630	22	unknown
007e5650	FUN_007e5650	22	unknown
007e5670	FUN_007e5670	22	unknown
007e5690	FUN_007e5690	22	unknown
007e56b0	FUN_007e56b0	22	unknown
007e56d0	FUN_007e56d0	22	unknown
007e56f0	FUN_007e56f0	22	unknown
007e5710	FUN_007e5710	22	unknown
007e5730	FUN_007e5730	22	unknown
007e5750	FUN_007e5750	22	unknown
007e5770	FUN_007e5770	22	unknown
007e5790	FUN_007e5790	22	unknown
007e57b0	FUN_007e57b0	22	unknown
007e57d0	FUN_007e57d0	22	unknown
007e57f0	FUN_007e57f0	22	unknown
007e5810	FUN_007e5810	22	unknown
007e5830	FUN_007e5830	22	unknown
007e5850	FUN_007e5850	22	unknown
007e5870	FUN_007e5870	22	unknown
007e5890	FUN_007e5890	22	unknown
007e58b0	FUN_007e58b0	22	unknown
007e58d0	FUN_007e58d0	22	unknown
007e58f0	FUN_007e58f0	22	unknown
007e5910	FUN_007e5910	22	unknown
007e5930	FUN_007e5930	22	unknown
007e5950	FUN_007e5950	22	unknown
007e5970	FUN_007e5970	22	unknown
007e5990	FUN_007e5990	22	unknown
007e59b0	FUN_007e59b0	22	unknown
007e59d0	FUN_007e59d0	22	unknown
007e59f0	FUN_007e59f0	22	unknown
007e5a10	FUN_007e5a10	22	unknown
007e5a30	FUN_007e5a30	22	unknown
007e5a50	FUN_007e5a50	22	unknown
007e5a70	FUN_007e5a70	22	unknown
007e5a90	FUN_007e5a90	22	unknown
007e5ab0	FUN_007e5ab0	22	unknown
007e5ad0	FUN_007e5ad0	22	unknown
007e5af0	FUN_007e5af0	22	unknown
007e5b10	FUN_007e5b10	22	unknown
007e5b30	FUN_007e5b30	22	unknown
007e5b50	FUN_007e5b50	22	unknown
007e5b70	FUN_007e5b70	22	unknown
007e5b90	FUN_007e5b90	22	unknown
007e5bb0	FUN_007e5bb0	22	unknown
007e5bd0	FUN_007e5bd0	22	unknown
007e5bf0	FUN_007e5bf0	22	unknown
007e5c10	FUN_007e5c10	22	unknown
007e5c30	FUN_007e5c30	22	unknown
007e5c50	FUN_007e5c50	22	unknown
007e5c70	FUN_007e5c70	22	unknown
007e5c90	FUN_007e5c90	22	unknown
007e5cb0	FUN_007e5cb0	22	unknown
007e5cd0	FUN_007e5cd0	22	unknown
007e5cf0	FUN_007e5cf0	22	unknown
007e5d10	FUN_007e5d10	22	unknown
007e5d30	FUN_007e5d30	22	unknown
007e5d50	FUN_007e5d50	22	unknown
007e5d70	FUN_007e5d70	22	unknown
007e5d90	FUN_007e5d90	22	unknown
007e5db0	FUN_007e5db0	22	unknown
007e5dd0	FUN_007e5dd0	22	unknown
007e5df0	FUN_007e5df0	22	unknown
007e5e10	FUN_007e5e10	22	unknown
007e5e30	FUN_007e5e30	22	unknown
007e5e50	FUN_007e5e50	22	unknown
007e5e70	FUN_007e5e70	22	unknown
007e5e90	FUN_007e5e90	22	unknown
007e5eb0	FUN_007e5eb0	22	unknown
007e5ed0	FUN_007e5ed0	22	unknown
007e5ef0	FUN_007e5ef0	22	unknown
007e5f10	FUN_007e5f10	22	unknown
007e5f30	FUN_007e5f30	22	unknown
007e5f50	FUN_007e5f50	22	unknown
007e5f70	FUN_007e5f70	22	unknown
007e5f90	FUN_007e5f90	22	unknown
007e5fb0	FUN_007e5fb0	22	unknown
007e5fd0	FUN_007e5fd0	22	unknown
007e5ff0	FUN_007e5ff0	22	unknown
007e6010	FUN_007e6010	22	unknown
007e6030	FUN_007e6030	22	unknown
007e6050	FUN_007e6050	22	unknown
007e6070	FUN_007e6070	22	unknown
007e6090	FUN_007e6090	22	unknown
007e60b0	FUN_007e60b0	22	unknown
007e60d0	FUN_007e60d0	22	unknown
007e60f0	FUN_007e60f0	22	unknown
007e6110	FUN_007e6110	22	unknown
007e6130	FUN_007e6130	22	unknown
007e6150	FUN_007e6150	22	unknown
007e6170	FUN_007e6170	22	unknown
007e6190	FUN_007e6190	22	unknown
007e61b0	FUN_007e61b0	22	unknown
007e61d0	FUN_007e61d0	22	unknown
007e61f0	FUN_007e61f0	22	unknown
007e6210	FUN_007e6210	22	unknown
007e6230	FUN_007e6230	22	unknown
007e6250	FUN_007e6250	22	unknown
007e6270	FUN_007e6270	22	unknown
007e6290	FUN_007e6290	22	unknown
007e62b0	FUN_007e62b0	22	unknown
007e62d0	FUN_007e62d0	22	unknown
007e62f0	FUN_007e62f0	22	unknown
007e6310	FUN_007e6310	22	unknown
007e6330	FUN_007e6330	22	unknown
007e6350	FUN_007e6350	22	unknown
007e6370	FUN_007e6370	22	unknown
007e6390	FUN_007e6390	22	unknown
007e63b0	FUN_007e63b0	22	unknown
007e63d0	FUN_007e63d0	22	unknown
007e63f0	FUN_007e63f0	22	unknown
007e6410	FUN_007e6410	22	unknown
007e6430	FUN_007e6430	22	unknown
007e6450	FUN_007e6450	22	unknown
007e6470	FUN_007e6470	22	unknown
007e6490	FUN_007e6490	22	unknown
007e64b0	FUN_007e64b0	22	unknown
007e64d0	FUN_007e64d0	22	unknown
007e64f0	FUN_007e64f0	22	unknown
007e6510	FUN_007e6510	22	unknown
007e6530	FUN_007e6530	22	unknown
007e6550	FUN_007e6550	22	unknown
007e6570	FUN_007e6570	22	unknown
007e6590	FUN_007e6590	22	unknown
007e65b0	FUN_007e65b0	22	unknown
007e65d0	FUN_007e65d0	22	unknown
007e65f0	FUN_007e65f0	22	unknown
007e6610	FUN_007e6610	22	unknown
007e6630	FUN_007e6630	22	unknown
007e6650	FUN_007e6650	22	unknown
007e6670	FUN_007e6670	22	unknown
007e6690	FUN_007e6690	22	unknown
007e66b0	FUN_007e66b0	22	unknown
007e66d0	FUN_007e66d0	22	unknown
007e66f0	FUN_007e66f0	22	unknown
007e6710	FUN_007e6710	22	unknown
007e6730	FUN_007e6730	22	unknown
007e6750	FUN_007e6750	22	unknown
007e6770	FUN_007e6770	22	unknown
007e6790	FUN_007e6790	22	unknown
007e67b0	FUN_007e67b0	22	unknown
007e67d0	FUN_007e67d0	22	unknown
007e67f0	FUN_007e67f0	22	unknown
007e6810	FUN_007e6810	22	unknown
007e6830	FUN_007e6830	22	unknown
007e6850	FUN_007e6850	22	unknown
007e6870	FUN_007e6870	22	unknown
007e6890	FUN_007e6890	22	unknown
007e68b0	FUN_007e68b0	22	unknown
007e68d0	FUN_007e68d0	22	unknown
007e68f0	FUN_007e68f0	22	unknown
007e6910	FUN_007e6910	22	unknown
007e6930	FUN_007e6930	22	unknown
007e6950	FUN_007e6950	22	unknown
007e6970	FUN_007e6970	22	unknown
007e6990	FUN_007e6990	22	unknown
007e69b0	FUN_007e69b0	22	unknown
007e69d0	FUN_007e69d0	22	unknown
007e69f0	FUN_007e69f0	22	unknown
007e6a10	FUN_007e6a10	22	unknown
007e6a30	FUN_007e6a30	22	unknown
007e6a50	FUN_007e6a50	22	unknown
007e6a70	FUN_007e6a70	22	unknown
007e6a90	FUN_007e6a90	22	unknown
007e6ab0	FUN_007e6ab0	22	unknown
007e6ad0	FUN_007e6ad0	22	unknown
007e6af0	FUN_007e6af0	22	unknown
007e6b10	FUN_007e6b10	22	unknown
007e6b30	FUN_007e6b30	22	unknown
007e6b50	FUN_007e6b50	22	unknown
007e6b70	FUN_007e6b70	22	unknown
007e6b90	FUN_007e6b90	22	unknown
007e6bb0	FUN_007e6bb0	22	unknown
007e6bd0	FUN_007e6bd0	22	unknown
007e6bf0	FUN_007e6bf0	22	unknown
007e6c10	FUN_007e6c10	22	unknown
007e6c30	FUN_007e6c30	22	unknown
007e6c50	FUN_007e6c50	22	unknown
007e6c70	FUN_007e6c70	22	unknown
007e6c90	FUN_007e6c90	22	unknown
007e6cb0	FUN_007e6cb0	18	unknown
007e6cd0	FUN_007e6cd0	22	unknown
007e6cf0	FUN_007e6cf0	22	unknown
007e6d10	FUN_007e6d10	22	unknown
007e6d30	FUN_007e6d30	22	unknown
007e6d50	FUN_007e6d50	22	unknown
007e6d70	FUN_007e6d70	22	unknown
007e6d90	FUN_007e6d90	22	unknown
007e6db0	FUN_007e6db0	22	unknown
007e6dd0	FUN_007e6dd0	22	unknown
007e6df0	FUN_007e6df0	22	unknown
007e6e10	FUN_007e6e10	22	unknown
007e6e30	FUN_007e6e30	22	unknown
007e6e50	FUN_007e6e50	22	unknown
007e6e70	FUN_007e6e70	22	unknown
007e6e90	FUN_007e6e90	22	unknown
007e6eb0	FUN_007e6eb0	22	unknown
007e6ed0	FUN_007e6ed0	22	unknown
007e6ef0	FUN_007e6ef0	22	unknown
007e6f10	FUN_007e6f10	22	unknown
007e6f30	FUN_007e6f30	22	unknown
007e6f50	FUN_007e6f50	22	unknown
007e6f70	FUN_007e6f70	22	unknown
007e6f90	FUN_007e6f90	22	unknown
007e6fb0	FUN_007e6fb0	22	unknown
007e6fd0	FUN_007e6fd0	22	unknown
007e6ff0	FUN_007e6ff0	22	unknown
007e7010	FUN_007e7010	22	unknown
007e7030	FUN_007e7030	22	unknown
007e7050	FUN_007e7050	22	unknown
007e7070	FUN_007e7070	22	unknown
007e7090	FUN_007e7090	22	unknown
007e70b0	FUN_007e70b0	22	unknown
007e70d0	FUN_007e70d0	22	unknown
007e70f0	FUN_007e70f0	22	unknown
007e7110	FUN_007e7110	22	unknown
007e7130	FUN_007e7130	22	unknown
007e7150	FUN_007e7150	22	unknown
007e7170	FUN_007e7170	22	unknown
007e7190	FUN_007e7190	22	unknown
007e71b0	FUN_007e71b0	22	unknown
007e71d0	FUN_007e71d0	22	unknown
007e71f0	FUN_007e71f0	22	unknown
007e7210	FUN_007e7210	22	unknown
007e7230	FUN_007e7230	22	unknown
007e7250	FUN_007e7250	22	unknown
007e7270	FUN_007e7270	22	unknown
007e7290	FUN_007e7290	22	unknown
007e72b0	FUN_007e72b0	22	unknown
007e72d0	FUN_007e72d0	22	unknown
007e72f0	FUN_007e72f0	22	unknown
007e7310	FUN_007e7310	22	unknown
007e7330	FUN_007e7330	22	unknown
007e7350	FUN_007e7350	22	unknown
007e7370	FUN_007e7370	22	unknown
007e7390	FUN_007e7390	22	unknown
007e73b0	FUN_007e73b0	22	unknown
007e73d0	FUN_007e73d0	22	unknown
007e73f0	FUN_007e73f0	22	unknown
007e7410	FUN_007e7410	22	unknown
007e7430	FUN_007e7430	22	unknown
007e7450	FUN_007e7450	18	unknown
007e7470	FUN_007e7470	18	unknown
007e7490	FUN_007e7490	22	unknown
007e74b0	FUN_007e74b0	22	unknown
007e74d0	FUN_007e74d0	22	unknown
007e74f0	FUN_007e74f0	18	unknown
007e7510	FUN_007e7510	18	unknown
007e7530	FUN_007e7530	22	unknown
007e7550	FUN_007e7550	22	unknown
007e7570	FUN_007e7570	22	unknown
007e7590	FUN_007e7590	22	unknown
007e75b0	FUN_007e75b0	22	unknown
007e75d0	FUN_007e75d0	22	unknown
007e75f0	FUN_007e75f0	22	unknown
007e7610	FUN_007e7610	24	unknown
007e7630	FUN_007e7630	24	unknown
007e7650	FUN_007e7650	29	unknown
007e7670	FUN_007e7670	24	unknown
007e7690	FUN_007e7690	22	unknown
007e76b0	FUN_007e76b0	22	unknown
007e76d0	FUN_007e76d0	24	unknown
007e76f0	FUN_007e76f0	37	unknown
007e7720	FUN_007e7720	18	unknown
007e7740	FUN_007e7740	22	unknown
007e7760	FUN_007e7760	22	unknown
007e7780	FUN_007e7780	22	unknown
007e77a0	FUN_007e77a0	22	unknown
007e77c0	FUN_007e77c0	22	unknown
007e77e0	FUN_007e77e0	22	unknown
007e7800	FUN_007e7800	22	unknown
007e7820	FUN_007e7820	22	unknown
007e7840	FUN_007e7840	22	unknown
007e7860	FUN_007e7860	22	unknown
007e7880	FUN_007e7880	22	unknown
007e78a0	FUN_007e78a0	22	unknown
007e78c0	FUN_007e78c0	22	unknown
007e78e0	FUN_007e78e0	22	unknown
007e7900	FUN_007e7900	22	unknown
007e7920	FUN_007e7920	22	unknown
007e7940	FUN_007e7940	22	unknown
007e7960	FUN_007e7960	22	unknown
007e7980	FUN_007e7980	22	unknown
007e79a0	FUN_007e79a0	22	unknown
007e79c0	FUN_007e79c0	22	unknown
007e79e0	FUN_007e79e0	22	unknown
007e7a00	FUN_007e7a00	22	unknown
007e7a20	FUN_007e7a20	22	unknown
007e7a40	FUN_007e7a40	37	unknown
007e7a70	FUN_007e7a70	18	unknown
007e7a90	FUN_007e7a90	22	unknown
007e7ab0	FUN_007e7ab0	22	unknown
007e7ad0	FUN_007e7ad0	22	unknown
007e7af0	FUN_007e7af0	22	unknown
007e7b10	FUN_007e7b10	22	unknown
007e7b30	FUN_007e7b30	22	unknown
007e7b50	FUN_007e7b50	22	unknown
007e7b70	FUN_007e7b70	22	unknown
007e7b90	FUN_007e7b90	22	unknown
007e7bb0	FUN_007e7bb0	22	unknown
007e7bd0	FUN_007e7bd0	22	unknown
007e7bf0	FUN_007e7bf0	22	unknown
007e7c10	FUN_007e7c10	22	unknown
007e7c30	FUN_007e7c30	22	unknown
007e7c50	FUN_007e7c50	37	unknown
007e7c80	FUN_007e7c80	18	unknown
007e7ca0	FUN_007e7ca0	22	unknown
007e7cc0	FUN_007e7cc0	22	unknown
007e7ce0	FUN_007e7ce0	22	unknown
007e7d00	FUN_007e7d00	22	unknown
007e7d20	FUN_007e7d20	22	unknown
007e7d40	FUN_007e7d40	22	unknown
007e7d60	FUN_007e7d60	22	unknown
007e7d80	FUN_007e7d80	22	unknown
007e7da0	FUN_007e7da0	37	unknown
007e7dd0	FUN_007e7dd0	18	unknown
007e7df0	FUN_007e7df0	22	unknown
007e7e10	FUN_007e7e10	22	unknown
007e7e30	FUN_007e7e30	22	unknown
007e7e50	FUN_007e7e50	22	unknown
007e7e70	FUN_007e7e70	22	unknown
007e7e90	FUN_007e7e90	22	unknown
007e7eb0	FUN_007e7eb0	22	unknown
007e7ed0	FUN_007e7ed0	22	unknown
007e7ef0	FUN_007e7ef0	22	unknown
007e7f10	FUN_007e7f10	22	unknown
007e7f30	FUN_007e7f30	22	unknown
007e7f50	FUN_007e7f50	22	unknown
007e7f70	FUN_007e7f70	22	unknown
007e7f90	FUN_007e7f90	18	unknown
007e7fb0	FUN_007e7fb0	22	unknown
007e7fd0	FUN_007e7fd0	22	unknown
007e7ff0	FUN_007e7ff0	22	unknown
007e8010	FUN_007e8010	22	unknown
007e8030	FUN_007e8030	22	unknown
007e8050	FUN_007e8050	22	unknown
007e8070	FUN_007e8070	22	unknown
007e8090	FUN_007e8090	22	unknown
007e80b0	FUN_007e80b0	22	unknown
007e80d0	FUN_007e80d0	22	unknown
007e80f0	FUN_007e80f0	22	unknown
007e8110	FUN_007e8110	22	unknown
007e8130	FUN_007e8130	22	unknown
007e8150	FUN_007e8150	22	unknown
007e8170	FUN_007e8170	22	unknown
007e8190	FUN_007e8190	12	unknown
007e81a0	FUN_007e81a0	24	unknown
007e81c0	FUN_007e81c0	24	unknown
007e81e0	FUN_007e81e0	24	unknown
007e8200	FUN_007e8200	29	unknown
007e8220	FUN_007e8220	198	unknown
007e82f0	FUN_007e82f0	24	unknown
007e8310	FUN_007e8310	24	unknown
007e8330	FUN_007e8330	24	unknown
007e8350	FUN_007e8350	22	unknown
007e8370	FUN_007e8370	24	unknown
007e8390	FUN_007e8390	64	unknown
007e83d0	FUN_007e83d0	24	unknown
007e83f0	FUN_007e83f0	24	unknown
007e8410	FUN_007e8410	24	unknown
007e8430	FUN_007e8430	64	unknown
007e8470	FUN_007e8470	24	unknown
007e8490	FUN_007e8490	24	unknown
007e84b0	FUN_007e84b0	24	unknown
007e84d0	FUN_007e84d0	24	unknown
007e84f0	FUN_007e84f0	24	unknown
007e8510	FUN_007e8510	24	unknown
007e8530	FUN_007e8530	24	unknown
007e8550	FUN_007e8550	24	unknown
007e8570	FUN_007e8570	24	unknown
007e8590	FUN_007e8590	29	unknown
007e85b0	FUN_007e85b0	11	unknown
007e85c0	FUN_007e85c0	46	unknown
007e85f0	FUN_007e85f0	46	unknown
007e8620	FUN_007e8620	37	unknown
007e8650	FUN_007e8650	18	unknown
007e8670	FUN_007e8670	22	unknown
007e8690	FUN_007e8690	22	unknown
007e86b0	FUN_007e86b0	22	unknown
007e86d0	FUN_007e86d0	22	unknown
007e86f0	FUN_007e86f0	22	unknown
007e8710	FUN_007e8710	22	unknown
007e8730	FUN_007e8730	22	unknown
007e8750	FUN_007e8750	22	unknown
007e8770	FUN_007e8770	22	unknown
007e8790	FUN_007e8790	22	unknown
007e87b0	FUN_007e87b0	22	unknown
007e87d0	FUN_007e87d0	22	unknown
007e87f0	FUN_007e87f0	18	unknown
007e8810	FUN_007e8810	22	unknown
007e8830	FUN_007e8830	22	unknown
007e8850	FUN_007e8850	22	unknown
007e8870	FUN_007e8870	22	unknown
007e8890	FUN_007e8890	22	unknown
007e88b0	FUN_007e88b0	22	unknown
007e88d0	FUN_007e88d0	22	unknown
007e88f0	FUN_007e88f0	22	unknown
007e8910	FUN_007e8910	22	unknown
007e8930	FUN_007e8930	22	unknown
007e8950	FUN_007e8950	22	unknown
007e8970	FUN_007e8970	22	unknown
007e8990	FUN_007e8990	22	unknown
007e89b0	FUN_007e89b0	22	unknown
007e89d0	FUN_007e89d0	18	unknown
007e89f0	FUN_007e89f0	22	unknown
007e8a10	FUN_007e8a10	22	unknown
007e8a30	FUN_007e8a30	22	unknown
007e8a50	FUN_007e8a50	22	unknown
007e8a70	FUN_007e8a70	22	unknown
007e8a90	FUN_007e8a90	22	unknown
007e8ab0	FUN_007e8ab0	22	unknown
007e8ad0	FUN_007e8ad0	22	unknown
007e8af0	FUN_007e8af0	22	unknown
007e8b10	FUN_007e8b10	22	unknown
007e8b30	FUN_007e8b30	18	unknown
007e8b50	FUN_007e8b50	22	unknown
007e8b70	FUN_007e8b70	22	unknown
007e8b90	FUN_007e8b90	22	unknown
007e8bb0	FUN_007e8bb0	22	unknown
007e8bd0	FUN_007e8bd0	18	unknown
007e8bf0	FUN_007e8bf0	22	unknown
007e8c10	FUN_007e8c10	22	unknown
007e8c30	FUN_007e8c30	22	unknown
007e8c50	FUN_007e8c50	22	unknown
007e8c70	FUN_007e8c70	24	unknown
007e8c90	FUN_007e8c90	24	unknown
007e8cb0	FUN_007e8cb0	24	unknown
007e8cd0	FUN_007e8cd0	37	unknown
007e8d00	FUN_007e8d00	18	unknown
007e8d20	FUN_007e8d20	18	unknown
007e8d40	FUN_007e8d40	22	unknown
007e8d60	FUN_007e8d60	24	unknown
007e8d80	FUN_007e8d80	37	unknown
007e8db0	FUN_007e8db0	18	unknown
007e8dd0	FUN_007e8dd0	22	unknown
007e8df0	FUN_007e8df0	22	unknown
007e8e10	FUN_007e8e10	22	unknown
007e8e30	FUN_007e8e30	22	unknown
007e8e50	FUN_007e8e50	18	unknown
007e8e70	FUN_007e8e70	18	unknown
007e8e90	FUN_007e8e90	22	unknown
007e8eb0	FUN_007e8eb0	22	unknown
007e8ed0	FUN_007e8ed0	22	unknown
007e8ef0	FUN_007e8ef0	22	unknown
007e8f10	FUN_007e8f10	22	unknown
007e8f30	FUN_007e8f30	22	unknown
007e8f50	FUN_007e8f50	22	unknown
007e8f70	FUN_007e8f70	22	unknown
007e8f90	FUN_007e8f90	22	unknown
007e8fb0	FUN_007e8fb0	22	unknown
007e8fd0	FUN_007e8fd0	22	unknown
007e8ff0	FUN_007e8ff0	22	unknown
007e9010	FUN_007e9010	22	unknown
007e9030	FUN_007e9030	22	unknown
007e9050	FUN_007e9050	22	unknown
007e9070	FUN_007e9070	22	unknown
007e9090	FUN_007e9090	22	unknown
007e90b0	FUN_007e90b0	22	unknown
007e90d0	FUN_007e90d0	22	unknown
007e90f0	FUN_007e90f0	22	unknown
007e9110	FUN_007e9110	22	unknown
007e9130	FUN_007e9130	22	unknown
007e9150	FUN_007e9150	22	unknown
007e9170	FUN_007e9170	22	unknown
007e9190	FUN_007e9190	22	unknown
007e91b0	FUN_007e91b0	22	unknown
007e91d0	FUN_007e91d0	22	unknown
007e91f0	FUN_007e91f0	22	unknown
007e9210	FUN_007e9210	22	unknown
007e9230	FUN_007e9230	22	unknown
007e9250	FUN_007e9250	22	unknown
007e9270	FUN_007e9270	22	unknown
007e9290	FUN_007e9290	22	unknown
007e92b0	FUN_007e92b0	22	unknown
007e92d0	FUN_007e92d0	22	unknown
007e92f0	FUN_007e92f0	22	unknown
007e9310	FUN_007e9310	22	unknown
007e9330	FUN_007e9330	22	unknown
007e9350	FUN_007e9350	22	unknown
007e9370	FUN_007e9370	22	unknown
007e9390	FUN_007e9390	22	unknown
007e93b0	FUN_007e93b0	22	unknown
007e93d0	FUN_007e93d0	22	unknown
007e93f0	FUN_007e93f0	22	unknown
007e9410	FUN_007e9410	22	unknown
007e9430	FUN_007e9430	22	unknown
007e9450	FUN_007e9450	22	unknown
007e9470	FUN_007e9470	22	unknown
007e9490	FUN_007e9490	22	unknown
007e94b0	FUN_007e94b0	22	unknown
007e94d0	FUN_007e94d0	22	unknown
007e94f0	FUN_007e94f0	22	unknown
007e9510	FUN_007e9510	22	unknown
007e9530	FUN_007e9530	22	unknown
007e9550	FUN_007e9550	22	unknown
007e9570	FUN_007e9570	22	unknown
007e9590	FUN_007e9590	22	unknown
007e95b0	FUN_007e95b0	22	unknown
007e95d0	FUN_007e95d0	22	unknown
007e95f0	FUN_007e95f0	22	unknown
007e9610	FUN_007e9610	22	unknown
007e9630	FUN_007e9630	22	unknown
007e9650	FUN_007e9650	22	unknown
007e9670	FUN_007e9670	22	unknown
007e9690	FUN_007e9690	22	unknown
007e96b0	FUN_007e96b0	24	unknown
007e96d0	FUN_007e96d0	37	unknown
007e9700	FUN_007e9700	18	unknown
007e9720	FUN_007e9720	22	unknown
007e9740	FUN_007e9740	22	unknown
007e9760	FUN_007e9760	22	unknown
007e9780	FUN_007e9780	22	unknown
007e97a0	FUN_007e97a0	22	unknown
007e97c0	FUN_007e97c0	22	unknown
007e97e0	FUN_007e97e0	22	unknown
007e9800	FUN_007e9800	22	unknown
007e9820	FUN_007e9820	22	unknown
007e9840	FUN_007e9840	22	unknown
007e9860	FUN_007e9860	22	unknown
007e9880	FUN_007e9880	22	unknown
007e98a0	FUN_007e98a0	22	unknown
007e98c0	FUN_007e98c0	22	unknown
007e98e0	FUN_007e98e0	22	unknown
007e9900	FUN_007e9900	22	unknown
007e9920	FUN_007e9920	22	unknown
007e9940	FUN_007e9940	22	unknown
007e9960	FUN_007e9960	22	unknown
007e9980	FUN_007e9980	22	unknown
007e99a0	FUN_007e99a0	22	unknown
007e99c0	FUN_007e99c0	22	unknown
007e99e0	FUN_007e99e0	22	unknown
007e9a00	FUN_007e9a00	22	unknown
007e9a20	FUN_007e9a20	22	unknown
007e9a40	FUN_007e9a40	22	unknown
007e9a60	FUN_007e9a60	22	unknown
007e9a80	FUN_007e9a80	22	unknown
007e9aa0	FUN_007e9aa0	22	unknown
007e9ac0	FUN_007e9ac0	22	unknown
007e9ae0	FUN_007e9ae0	22	unknown
007e9b00	FUN_007e9b00	22	unknown
007e9b20	FUN_007e9b20	22	unknown
007e9b40	FUN_007e9b40	22	unknown
007e9b60	FUN_007e9b60	22	unknown
007e9b80	FUN_007e9b80	22	unknown
007e9ba0	FUN_007e9ba0	22	unknown
007e9bc0	FUN_007e9bc0	22	unknown
007e9be0	FUN_007e9be0	22	unknown
007e9c00	FUN_007e9c00	22	unknown
007e9c20	FUN_007e9c20	22	unknown
007e9c40	FUN_007e9c40	22	unknown
007e9c60	FUN_007e9c60	22	unknown
007e9c80	FUN_007e9c80	22	unknown
007e9ca0	FUN_007e9ca0	22	unknown
007e9cc0	FUN_007e9cc0	22	unknown
007e9ce0	FUN_007e9ce0	22	unknown
007e9d00	FUN_007e9d00	22	unknown
007e9d20	FUN_007e9d20	22	unknown
007e9d40	FUN_007e9d40	22	unknown
007e9d60	FUN_007e9d60	22	unknown
007e9d80	FUN_007e9d80	22	unknown
007e9da0	FUN_007e9da0	22	unknown
007e9dc0	FUN_007e9dc0	22	unknown
007e9de0	FUN_007e9de0	22	unknown
007e9e00	FUN_007e9e00	22	unknown
007e9e20	FUN_007e9e20	22	unknown
007e9e40	FUN_007e9e40	22	unknown
007e9e60	FUN_007e9e60	22	unknown
007e9e80	FUN_007e9e80	22	unknown
007e9ea0	FUN_007e9ea0	22	unknown
007e9ec0	FUN_007e9ec0	22	unknown
007e9ee0	FUN_007e9ee0	22	unknown
007e9f00	FUN_007e9f00	22	unknown
007e9f20	FUN_007e9f20	22	unknown
007e9f40	FUN_007e9f40	22	unknown
007e9f60	FUN_007e9f60	22	unknown
007e9f80	FUN_007e9f80	22	unknown
007e9fa0	FUN_007e9fa0	22	unknown
007e9fc0	FUN_007e9fc0	22	unknown
007e9fe0	FUN_007e9fe0	22	unknown
007ea000	FUN_007ea000	22	unknown
007ea020	FUN_007ea020	22	unknown
007ea040	FUN_007ea040	22	unknown
007ea060	FUN_007ea060	22	unknown
007ea080	FUN_007ea080	22	unknown
007ea0a0	FUN_007ea0a0	22	unknown
007ea0c0	FUN_007ea0c0	22	unknown
007ea0e0	FUN_007ea0e0	22	unknown
007ea100	FUN_007ea100	22	unknown
007ea120	FUN_007ea120	22	unknown
007ea140	FUN_007ea140	22	unknown
007ea160	FUN_007ea160	22	unknown
007ea180	FUN_007ea180	22	unknown
007ea1a0	FUN_007ea1a0	22	unknown
007ea1c0	FUN_007ea1c0	22	unknown
007ea1e0	FUN_007ea1e0	22	unknown
007ea200	FUN_007ea200	22	unknown
007ea220	FUN_007ea220	22	unknown
007ea240	FUN_007ea240	22	unknown
007ea260	FUN_007ea260	22	unknown
007ea280	FUN_007ea280	22	unknown
007ea2a0	FUN_007ea2a0	22	unknown
007ea2c0	FUN_007ea2c0	22	unknown
007ea2e0	FUN_007ea2e0	22	unknown
007ea300	FUN_007ea300	22	unknown
007ea320	FUN_007ea320	22	unknown
007ea340	FUN_007ea340	22	unknown
007ea360	FUN_007ea360	22	unknown
007ea380	FUN_007ea380	22	unknown
007ea3a0	FUN_007ea3a0	22	unknown
007ea3c0	FUN_007ea3c0	22	unknown
007ea3e0	FUN_007ea3e0	22	unknown
007ea400	FUN_007ea400	22	unknown
007ea420	FUN_007ea420	22	unknown
007ea440	FUN_007ea440	22	unknown
007ea460	FUN_007ea460	22	unknown
007ea480	FUN_007ea480	22	unknown
007ea4a0	FUN_007ea4a0	22	unknown
007ea4c0	FUN_007ea4c0	22	unknown
007ea4e0	FUN_007ea4e0	18	unknown
007ea500	FUN_007ea500	22	unknown
007ea520	FUN_007ea520	18	unknown
007ea540	FUN_007ea540	22	unknown
007ea560	FUN_007ea560	22	unknown
007ea580	FUN_007ea580	22	unknown
007ea5a0	FUN_007ea5a0	22	unknown
007ea5c0	FUN_007ea5c0	22	unknown
007ea5e0	FUN_007ea5e0	22	unknown
007ea600	FUN_007ea600	22	unknown
007ea620	FUN_007ea620	22	unknown
007ea640	FUN_007ea640	22	unknown
007ea660	FUN_007ea660	18	unknown
007ea680	FUN_007ea680	22	unknown
007ea6a0	FUN_007ea6a0	18	unknown
007ea6c0	FUN_007ea6c0	22	unknown
007ea6e0	FUN_007ea6e0	22	unknown
007ea700	FUN_007ea700	24	unknown
007ea720	FUN_007ea720	37	unknown
007ea750	FUN_007ea750	18	unknown
007ea770	FUN_007ea770	22	unknown
007ea790	FUN_007ea790	18	unknown
007ea7b0	FUN_007ea7b0	22	unknown
007ea7d0	FUN_007ea7d0	24	unknown
007ea7f0	FUN_007ea7f0	37	unknown
007ea820	FUN_007ea820	18	unknown
007ea840	FUN_007ea840	22	unknown
007ea860	FUN_007ea860	18	unknown
007ea880	FUN_007ea880	22	unknown
007ea8a0	FUN_007ea8a0	22	unknown
007ea8c0	FUN_007ea8c0	22	unknown
007ea8e0	FUN_007ea8e0	22	unknown
007ea900	FUN_007ea900	22	unknown
007ea920	FUN_007ea920	22	unknown
007ea940	FUN_007ea940	22	unknown
007ea960	FUN_007ea960	24	unknown
007ea980	FUN_007ea980	37	unknown
007ea9b0	FUN_007ea9b0	18	unknown
007ea9d0	FUN_007ea9d0	22	unknown
007ea9f0	FUN_007ea9f0	22	unknown
007eaa10	FUN_007eaa10	22	unknown
007eaa30	FUN_007eaa30	22	unknown
007eaa50	FUN_007eaa50	22	unknown
007eaa70	FUN_007eaa70	22	unknown
007eaa90	FUN_007eaa90	22	unknown
007eaab0	FUN_007eaab0	22	unknown
007eaad0	FUN_007eaad0	22	unknown
007eaaf0	FUN_007eaaf0	22	unknown
007eab10	FUN_007eab10	22	unknown
007eab30	FUN_007eab30	22	unknown
007eab50	FUN_007eab50	22	unknown
007eab70	FUN_007eab70	22	unknown
007eab90	FUN_007eab90	22	unknown
007eabb0	FUN_007eabb0	18	unknown
007eabd0	FUN_007eabd0	22	unknown
007eabf0	FUN_007eabf0	22	unknown
007eac10	FUN_007eac10	22	unknown
007eac30	FUN_007eac30	22	unknown
007eac50	FUN_007eac50	22	unknown
007eac70	FUN_007eac70	22	unknown
007eac90	FUN_007eac90	22	unknown
007eacb0	FUN_007eacb0	22	unknown
007eacd0	FUN_007eacd0	22	unknown
007eacf0	FUN_007eacf0	22	unknown
007ead10	FUN_007ead10	22	unknown
007ead30	FUN_007ead30	22	unknown
007ead50	FUN_007ead50	22	unknown
007ead70	FUN_007ead70	22	unknown
007ead90	FUN_007ead90	22	unknown
007eadb0	FUN_007eadb0	22	unknown
007eadd0	FUN_007eadd0	22	unknown
007eadf0	FUN_007eadf0	22	unknown
007eae10	FUN_007eae10	22	unknown
007eae30	FUN_007eae30	22	unknown
007eae50	FUN_007eae50	22	unknown
007eae70	FUN_007eae70	22	unknown
007eae90	FUN_007eae90	22	unknown
007eaeb0	FUN_007eaeb0	22	unknown
007eaed0	FUN_007eaed0	22	unknown
007eaef0	FUN_007eaef0	22	unknown
007eaf10	FUN_007eaf10	22	unknown
007eaf30	FUN_007eaf30	22	unknown
007eaf50	FUN_007eaf50	22	unknown
007eaf70	FUN_007eaf70	22	unknown
007eaf90	FUN_007eaf90	22	unknown
007eafb0	FUN_007eafb0	22	unknown
007eafd0	FUN_007eafd0	22	unknown
007eaff0	FUN_007eaff0	22	unknown
007eb010	FUN_007eb010	22	unknown
007eb030	FUN_007eb030	22	unknown
007eb050	FUN_007eb050	22	unknown
007eb070	FUN_007eb070	22	unknown
007eb090	FUN_007eb090	22	unknown
007eb0b0	FUN_007eb0b0	22	unknown
007eb0d0	FUN_007eb0d0	22	unknown
007eb0f0	FUN_007eb0f0	22	unknown
007eb110	FUN_007eb110	22	unknown
007eb130	FUN_007eb130	22	unknown
007eb150	FUN_007eb150	22	unknown
007eb170	FUN_007eb170	22	unknown
007eb190	FUN_007eb190	22	unknown
007eb1b0	FUN_007eb1b0	22	unknown
007eb1d0	FUN_007eb1d0	22	unknown
007eb1f0	FUN_007eb1f0	22	unknown
007eb210	FUN_007eb210	22	unknown
007eb230	FUN_007eb230	22	unknown
007eb250	FUN_007eb250	22	unknown
007eb270	FUN_007eb270	22	unknown
007eb290	FUN_007eb290	22	unknown
007eb2b0	FUN_007eb2b0	22	unknown
007eb2d0	FUN_007eb2d0	22	unknown
007eb2f0	FUN_007eb2f0	22	unknown
007eb310	FUN_007eb310	22	unknown
007eb330	FUN_007eb330	22	unknown
007eb350	FUN_007eb350	22	unknown
007eb370	FUN_007eb370	22	unknown
007eb390	FUN_007eb390	22	unknown
007eb3b0	FUN_007eb3b0	22	unknown
007eb3d0	FUN_007eb3d0	22	unknown
007eb3f0	FUN_007eb3f0	22	unknown
007eb410	FUN_007eb410	22	unknown
007eb430	FUN_007eb430	22	unknown
007eb450	FUN_007eb450	22	unknown
007eb470	FUN_007eb470	22	unknown
007eb490	FUN_007eb490	22	unknown
007eb4b0	FUN_007eb4b0	22	unknown
007eb4d0	FUN_007eb4d0	22	unknown
007eb4f0	FUN_007eb4f0	22	unknown
007eb510	FUN_007eb510	22	unknown
007eb530	FUN_007eb530	22	unknown
007eb550	FUN_007eb550	22	unknown
007eb570	FUN_007eb570	22	unknown
007eb590	FUN_007eb590	22	unknown
007eb5b0	FUN_007eb5b0	22	unknown
007eb5d0	FUN_007eb5d0	22	unknown
007eb5f0	FUN_007eb5f0	22	unknown
007eb610	FUN_007eb610	22	unknown
007eb630	FUN_007eb630	22	unknown
007eb650	FUN_007eb650	22	unknown
007eb670	FUN_007eb670	22	unknown
007eb690	FUN_007eb690	22	unknown
007eb6b0	FUN_007eb6b0	22	unknown
007eb6d0	FUN_007eb6d0	22	unknown
007eb6f0	FUN_007eb6f0	22	unknown
007eb710	FUN_007eb710	22	unknown
007eb730	FUN_007eb730	22	unknown
007eb750	FUN_007eb750	22	unknown
007eb770	FUN_007eb770	22	unknown
007eb790	FUN_007eb790	22	unknown
007eb7b0	FUN_007eb7b0	22	unknown
007eb7d0	FUN_007eb7d0	22	unknown
007eb7f0	FUN_007eb7f0	22	unknown
007eb810	FUN_007eb810	22	unknown
007eb830	FUN_007eb830	22	unknown
007eb850	FUN_007eb850	22	unknown
007eb870	FUN_007eb870	22	unknown
007eb890	FUN_007eb890	22	unknown
007eb8b0	FUN_007eb8b0	22	unknown
007eb8d0	FUN_007eb8d0	22	unknown
007eb8f0	FUN_007eb8f0	22	unknown
007eb910	FUN_007eb910	22	unknown
007eb930	FUN_007eb930	22	unknown
007eb950	FUN_007eb950	22	unknown
007eb970	FUN_007eb970	22	unknown
007eb990	FUN_007eb990	22	unknown
007eb9b0	FUN_007eb9b0	22	unknown
007eb9d0	FUN_007eb9d0	22	unknown
007eb9f0	FUN_007eb9f0	22	unknown
007eba10	FUN_007eba10	22	unknown
007eba30	FUN_007eba30	22	unknown
007eba50	FUN_007eba50	22	unknown
007eba70	FUN_007eba70	22	unknown
007eba90	FUN_007eba90	22	unknown
007ebab0	FUN_007ebab0	22	unknown
007ebad0	FUN_007ebad0	22	unknown
007ebaf0	FUN_007ebaf0	22	unknown
007ebb10	FUN_007ebb10	22	unknown
007ebb30	FUN_007ebb30	22	unknown
007ebb50	FUN_007ebb50	22	unknown
007ebb70	FUN_007ebb70	22	unknown
007ebb90	FUN_007ebb90	22	unknown
007ebbb0	FUN_007ebbb0	22	unknown
007ebbd0	FUN_007ebbd0	22	unknown
007ebbf0	FUN_007ebbf0	22	unknown
007ebc10	FUN_007ebc10	22	unknown
007ebc30	FUN_007ebc30	22	unknown
007ebc50	FUN_007ebc50	22	unknown
007ebc70	FUN_007ebc70	22	unknown
007ebc90	FUN_007ebc90	22	unknown
007ebcb0	FUN_007ebcb0	22	unknown
007ebcd0	FUN_007ebcd0	22	unknown
007ebcf0	FUN_007ebcf0	22	unknown
007ebd10	FUN_007ebd10	22	unknown
007ebd30	FUN_007ebd30	22	unknown
007ebd50	FUN_007ebd50	22	unknown
007ebd70	FUN_007ebd70	22	unknown
007ebd90	FUN_007ebd90	22	unknown
007ebdb0	FUN_007ebdb0	22	unknown
007ebdd0	FUN_007ebdd0	22	unknown
007ebdf0	FUN_007ebdf0	22	unknown
007ebe10	FUN_007ebe10	22	unknown
007ebe30	FUN_007ebe30	22	unknown
007ebe50	FUN_007ebe50	22	unknown
007ebe70	FUN_007ebe70	22	unknown
007ebe90	FUN_007ebe90	22	unknown
007ebeb0	FUN_007ebeb0	22	unknown
007ebed0	FUN_007ebed0	22	unknown
007ebef0	FUN_007ebef0	22	unknown
007ebf10	FUN_007ebf10	22	unknown
007ebf30	FUN_007ebf30	22	unknown
007ebf50	FUN_007ebf50	22	unknown
007ebf70	FUN_007ebf70	22	unknown
007ebf90	FUN_007ebf90	22	unknown
007ebfb0	FUN_007ebfb0	22	unknown
007ebfd0	FUN_007ebfd0	22	unknown
007ebff0	FUN_007ebff0	22	unknown
007ec010	FUN_007ec010	22	unknown
007ec030	FUN_007ec030	22	unknown
007ec050	FUN_007ec050	22	unknown
007ec070	FUN_007ec070	22	unknown
007ec090	FUN_007ec090	22	unknown
007ec0b0	FUN_007ec0b0	22	unknown
007ec0d0	FUN_007ec0d0	22	unknown
007ec0f0	FUN_007ec0f0	22	unknown
007ec110	FUN_007ec110	22	unknown
007ec130	FUN_007ec130	22	unknown
007ec150	FUN_007ec150	22	unknown
007ec170	FUN_007ec170	22	unknown
007ec190	FUN_007ec190	22	unknown
007ec1b0	FUN_007ec1b0	22	unknown
007ec1d0	FUN_007ec1d0	22	unknown
007ec1f0	FUN_007ec1f0	22	unknown
007ec210	FUN_007ec210	22	unknown
007ec230	FUN_007ec230	22	unknown
007ec250	FUN_007ec250	22	unknown
007ec270	FUN_007ec270	22	unknown
007ec290	FUN_007ec290	22	unknown
007ec2b0	FUN_007ec2b0	22	unknown
007ec2d0	FUN_007ec2d0	22	unknown
007ec2f0	FUN_007ec2f0	22	unknown
007ec310	FUN_007ec310	22	unknown
007ec330	FUN_007ec330	22	unknown
007ec350	FUN_007ec350	22	unknown
007ec370	FUN_007ec370	22	unknown
007ec390	FUN_007ec390	22	unknown
007ec3b0	FUN_007ec3b0	22	unknown
007ec3d0	FUN_007ec3d0	22	unknown
007ec3f0	FUN_007ec3f0	22	unknown
007ec410	FUN_007ec410	22	unknown
007ec430	FUN_007ec430	22	unknown
007ec450	FUN_007ec450	22	unknown
007ec470	FUN_007ec470	22	unknown
007ec490	FUN_007ec490	22	unknown
007ec4b0	FUN_007ec4b0	22	unknown
007ec4d0	FUN_007ec4d0	22	unknown
007ec4f0	FUN_007ec4f0	22	unknown
007ec510	FUN_007ec510	22	unknown
007ec530	FUN_007ec530	22	unknown
007ec550	FUN_007ec550	22	unknown
007ec570	FUN_007ec570	22	unknown
007ec590	FUN_007ec590	22	unknown
007ec5b0	FUN_007ec5b0	22	unknown
007ec5d0	FUN_007ec5d0	22	unknown
007ec5f0	FUN_007ec5f0	22	unknown
007ec610	FUN_007ec610	22	unknown
007ec630	FUN_007ec630	22	unknown
007ec650	FUN_007ec650	22	unknown
007ec670	FUN_007ec670	22	unknown
007ec690	FUN_007ec690	22	unknown
007ec6b0	FUN_007ec6b0	22	unknown
007ec6d0	FUN_007ec6d0	22	unknown
007ec6f0	FUN_007ec6f0	22	unknown
007ec710	FUN_007ec710	22	unknown
007ec730	FUN_007ec730	22	unknown
007ec750	FUN_007ec750	22	unknown
007ec770	FUN_007ec770	22	unknown
007ec790	FUN_007ec790	22	unknown
007ec7b0	FUN_007ec7b0	22	unknown
007ec7d0	FUN_007ec7d0	22	unknown
007ec7f0	FUN_007ec7f0	22	unknown
007ec810	FUN_007ec810	22	unknown
007ec830	FUN_007ec830	22	unknown
007ec850	FUN_007ec850	22	unknown
007ec870	FUN_007ec870	22	unknown
007ec890	FUN_007ec890	22	unknown
007ec8b0	FUN_007ec8b0	22	unknown
007ec8d0	FUN_007ec8d0	22	unknown
007ec8f0	FUN_007ec8f0	22	unknown
007ec910	FUN_007ec910	22	unknown
007ec930	FUN_007ec930	22	unknown
007ec950	FUN_007ec950	22	unknown
007ec970	FUN_007ec970	22	unknown
007ec990	FUN_007ec990	22	unknown
007ec9b0	FUN_007ec9b0	22	unknown
007ec9d0	FUN_007ec9d0	22	unknown
007ec9f0	FUN_007ec9f0	22	unknown
007eca10	FUN_007eca10	22	unknown
007eca30	FUN_007eca30	22	unknown
007eca50	FUN_007eca50	22	unknown
007eca70	FUN_007eca70	22	unknown
007eca90	FUN_007eca90	22	unknown
007ecab0	FUN_007ecab0	22	unknown
007ecad0	FUN_007ecad0	22	unknown
007ecaf0	FUN_007ecaf0	22	unknown
007ecb10	FUN_007ecb10	22	unknown
007ecb30	FUN_007ecb30	22	unknown
007ecb50	FUN_007ecb50	22	unknown
007ecb70	FUN_007ecb70	22	unknown
007ecb90	FUN_007ecb90	22	unknown
007ecbb0	FUN_007ecbb0	22	unknown
007ecbd0	FUN_007ecbd0	22	unknown
007ecbf0	FUN_007ecbf0	22	unknown
007ecc10	FUN_007ecc10	22	unknown
007ecc30	FUN_007ecc30	22	unknown
007ecc50	FUN_007ecc50	22	unknown
007ecc70	FUN_007ecc70	22	unknown
007ecc90	FUN_007ecc90	22	unknown
007eccb0	FUN_007eccb0	22	unknown
007eccd0	FUN_007eccd0	22	unknown
007eccf0	FUN_007eccf0	22	unknown
007ecd10	FUN_007ecd10	22	unknown
007ecd30	FUN_007ecd30	22	unknown
007ecd50	FUN_007ecd50	22	unknown
007ecd70	FUN_007ecd70	22	unknown
007ecd90	FUN_007ecd90	22	unknown
007ecdb0	FUN_007ecdb0	22	unknown
007ecdd0	FUN_007ecdd0	22	unknown
007ecdf0	FUN_007ecdf0	22	unknown
007ece10	FUN_007ece10	22	unknown
007ece30	FUN_007ece30	22	unknown
007ece50	FUN_007ece50	22	unknown
007ece70	FUN_007ece70	22	unknown
007ece90	FUN_007ece90	22	unknown
007eceb0	FUN_007eceb0	22	unknown
007eced0	FUN_007eced0	22	unknown
007ecef0	FUN_007ecef0	22	unknown
007ecf10	FUN_007ecf10	22	unknown
007ecf30	FUN_007ecf30	22	unknown
007ecf50	FUN_007ecf50	22	unknown
007ecf70	FUN_007ecf70	22	unknown
007ecf90	FUN_007ecf90	22	unknown
007ecfb0	FUN_007ecfb0	22	unknown
007ecfd0	FUN_007ecfd0	22	unknown
007ecff0	FUN_007ecff0	22	unknown
007ed010	FUN_007ed010	22	unknown
007ed030	FUN_007ed030	22	unknown
007ed050	FUN_007ed050	22	unknown
007ed070	FUN_007ed070	22	unknown
007ed090	FUN_007ed090	22	unknown
007ed0b0	FUN_007ed0b0	22	unknown
007ed0d0	FUN_007ed0d0	22	unknown
007ed0f0	FUN_007ed0f0	22	unknown
007ed110	FUN_007ed110	22	unknown
007ed130	FUN_007ed130	22	unknown
007ed150	FUN_007ed150	22	unknown
007ed170	FUN_007ed170	22	unknown
007ed190	FUN_007ed190	22	unknown
007ed1b0	FUN_007ed1b0	22	unknown
007ed1d0	FUN_007ed1d0	22	unknown
007ed1f0	FUN_007ed1f0	22	unknown
007ed210	FUN_007ed210	22	unknown
007ed230	FUN_007ed230	22	unknown
007ed250	FUN_007ed250	22	unknown
007ed270	FUN_007ed270	22	unknown
007ed290	FUN_007ed290	22	unknown
007ed2b0	FUN_007ed2b0	22	unknown
007ed2d0	FUN_007ed2d0	22	unknown
007ed2f0	FUN_007ed2f0	22	unknown
007ed310	FUN_007ed310	22	unknown
007ed330	FUN_007ed330	22	unknown
007ed350	FUN_007ed350	22	unknown
007ed370	FUN_007ed370	22	unknown
007ed390	FUN_007ed390	22	unknown
007ed3b0	FUN_007ed3b0	22	unknown
007ed3d0	FUN_007ed3d0	22	unknown
007ed3f0	FUN_007ed3f0	22	unknown
007ed410	FUN_007ed410	22	unknown
007ed430	FUN_007ed430	22	unknown
007ed450	FUN_007ed450	22	unknown
007ed470	FUN_007ed470	22	unknown
007ed490	FUN_007ed490	22	unknown
007ed4b0	FUN_007ed4b0	22	unknown
007ed4d0	FUN_007ed4d0	22	unknown
007ed4f0	FUN_007ed4f0	22	unknown
007ed510	FUN_007ed510	22	unknown
007ed530	FUN_007ed530	22	unknown
007ed550	FUN_007ed550	22	unknown
007ed570	FUN_007ed570	22	unknown
007ed590	FUN_007ed590	22	unknown
007ed5b0	FUN_007ed5b0	22	unknown
007ed5d0	FUN_007ed5d0	22	unknown
007ed5f0	FUN_007ed5f0	22	unknown
007ed610	FUN_007ed610	22	unknown
007ed630	FUN_007ed630	22	unknown
007ed650	FUN_007ed650	22	unknown
007ed670	FUN_007ed670	22	unknown
007ed690	FUN_007ed690	22	unknown
007ed6b0	FUN_007ed6b0	22	unknown
007ed6d0	FUN_007ed6d0	22	unknown
007ed6f0	FUN_007ed6f0	22	unknown
007ed710	FUN_007ed710	22	unknown
007ed730	FUN_007ed730	22	unknown
007ed750	FUN_007ed750	22	unknown
007ed770	FUN_007ed770	22	unknown
007ed790	FUN_007ed790	22	unknown
007ed7b0	FUN_007ed7b0	22	unknown
007ed7d0	FUN_007ed7d0	22	unknown
007ed7f0	FUN_007ed7f0	22	unknown
007ed810	FUN_007ed810	22	unknown
007ed830	FUN_007ed830	22	unknown
007ed850	FUN_007ed850	22	unknown
007ed870	FUN_007ed870	22	unknown
007ed890	FUN_007ed890	22	unknown
007ed8b0	FUN_007ed8b0	22	unknown
007ed8d0	FUN_007ed8d0	22	unknown
007ed8f0	FUN_007ed8f0	22	unknown
007ed910	FUN_007ed910	22	unknown
007ed930	FUN_007ed930	22	unknown
007ed950	FUN_007ed950	22	unknown
007ed970	FUN_007ed970	22	unknown
007ed990	FUN_007ed990	22	unknown
007ed9b0	FUN_007ed9b0	18	unknown
007ed9d0	FUN_007ed9d0	22	unknown
007ed9f0	FUN_007ed9f0	24	unknown
007eda10	FUN_007eda10	37	unknown
007eda40	FUN_007eda40	18	unknown
007eda60	FUN_007eda60	24	unknown
007eda80	FUN_007eda80	37	unknown
007edab0	FUN_007edab0	18	unknown
007edad0	FUN_007edad0	18	unknown
007edaf0	FUN_007edaf0	22	unknown
007edb10	FUN_007edb10	22	unknown
007edb30	FUN_007edb30	22	unknown
007edb50	FUN_007edb50	22	unknown
007edb70	FUN_007edb70	22	unknown
007edb90	FUN_007edb90	22	unknown
007edbb0	FUN_007edbb0	22	unknown
007edbd0	FUN_007edbd0	22	unknown
007edbf0	FUN_007edbf0	22	unknown
007edc10	FUN_007edc10	22	unknown
007edc30	FUN_007edc30	22	unknown
007edc50	FUN_007edc50	22	unknown
007edc70	FUN_007edc70	22	unknown
007edc90	FUN_007edc90	22	unknown
007edcb0	FUN_007edcb0	22	unknown
007edcd0	FUN_007edcd0	22	unknown
007edcf0	FUN_007edcf0	22	unknown
007edd10	FUN_007edd10	22	unknown
007edd30	FUN_007edd30	22	unknown
007edd50	FUN_007edd50	22	unknown
007edd70	FUN_007edd70	22	unknown
007edd90	FUN_007edd90	22	unknown
007eddb0	FUN_007eddb0	22	unknown
007eddd0	FUN_007eddd0	22	unknown
007eddf0	FUN_007eddf0	18	unknown
007ede10	FUN_007ede10	22	unknown
007ede30	FUN_007ede30	37	unknown
007ede60	FUN_007ede60	18	unknown
007ede80	FUN_007ede80	22	unknown
007edea0	FUN_007edea0	22	unknown
007edec0	FUN_007edec0	24	unknown
007edee0	FUN_007edee0	164	unknown
007edf90	FUN_007edf90	164	unknown
007ee040	FUN_007ee040	166	unknown
007ee0f0	FUN_007ee0f0	24	unknown
007ee110	FUN_007ee110	81	unknown
007ee170	FUN_007ee170	24	unknown
007ee190	FUN_007ee190	24	unknown
007ee1b0	FUN_007ee1b0	24	unknown
007ee1d0	FUN_007ee1d0	12	unknown
007ee1e0	FUN_007ee1e0	12	unknown
007ee1f0	FUN_007ee1f0	24	unknown
007ee210	FUN_007ee210	24	unknown
007ee230	FUN_007ee230	24	unknown
007ee250	FUN_007ee250	24	unknown
007ee270	FUN_007ee270	24	unknown
007ee290	FUN_007ee290	24	unknown
007ee2b0	FUN_007ee2b0	24	unknown
007ee2d0	FUN_007ee2d0	24	unknown
007ee2f0	FUN_007ee2f0	24	unknown
007ee310	FUN_007ee310	24	unknown
007ee330	FUN_007ee330	24	unknown
007ee350	FUN_007ee350	24	unknown
007ee370	FUN_007ee370	24	unknown
007ee390	FUN_007ee390	29	unknown
007ee3b0	FUN_007ee3b0	29	unknown
007ee3d0	FUN_007ee3d0	24	unknown
007ee3f0	FUN_007ee3f0	24	unknown
007ee410	FUN_007ee410	24	unknown
007ee430	FUN_007ee430	24	unknown
007ee450	FUN_007ee450	24	unknown
007ee470	FUN_007ee470	89	unknown
007ee4e0	FUN_007ee4e0	24	unknown
007ee500	FUN_007ee500	22	unknown
007ee520	FUN_007ee520	24	unknown
007ee540	FUN_007ee540	24	unknown
007ee560	FUN_007ee560	24	unknown
007ee580	FUN_007ee580	24	unknown
007ee5a0	FUN_007ee5a0	24	unknown
007ee5c0	FUN_007ee5c0	24	unknown
007ee5e0	FUN_007ee5e0	24	unknown
007ee600	FUN_007ee600	24	unknown
007ee620	FUN_007ee620	24	unknown
007ee640	FUN_007ee640	24	unknown
007ee660	FUN_007ee660	24	unknown
007ee680	FUN_007ee680	24	unknown
007ee6a0	FUN_007ee6a0	24	unknown
007ee6c0	FUN_007ee6c0	24	unknown
007ee6e0	FUN_007ee6e0	24	unknown
007ee700	FUN_007ee700	24	unknown
007ee720	FUN_007ee720	24	unknown
007ee740	FUN_007ee740	24	unknown
007ee760	FUN_007ee760	24	unknown
007ee780	FUN_007ee780	24	unknown
007ee7a0	FUN_007ee7a0	24	unknown
007ee7c0	FUN_007ee7c0	24	unknown
007ee7e0	FUN_007ee7e0	64	unknown
007ee820	FUN_007ee820	64	unknown
007ee860	FUN_007ee860	64	unknown
007ee8a0	FUN_007ee8a0	24	unknown
007ee8c0	FUN_007ee8c0	164	unknown
007ee970	FUN_007ee970	164	unknown
007eea20	FUN_007eea20	24	unknown
007eea40	FUN_007eea40	24	unknown
007eea60	FUN_007eea60	24	unknown
007eea80	FUN_007eea80	24	unknown
007eeaa0	FUN_007eeaa0	24	unknown
007eeac0	FUN_007eeac0	24	unknown
007eeae0	FUN_007eeae0	24	unknown
007eeb00	FUN_007eeb00	24	unknown
007eeb20	FUN_007eeb20	24	unknown
007eeb40	FUN_007eeb40	24	unknown
007eeb60	FUN_007eeb60	24	unknown
007eeb80	FUN_007eeb80	24	unknown
007eeba0	FUN_007eeba0	24	unknown
007eebc0	FUN_007eebc0	24	unknown
007eebe0	FUN_007eebe0	24	unknown
007eec00	FUN_007eec00	24	unknown
007eec20	FUN_007eec20	24	unknown
007eec40	FUN_007eec40	24	unknown
007eec60	FUN_007eec60	12	unknown
007eec70	FUN_007eec70	24	unknown
007eec90	FUN_007eec90	12	unknown
007eeca0	FUN_007eeca0	12	unknown
007eecb0	FUN_007eecb0	24	unknown
007eecd0	FUN_007eecd0	24	unknown
007eecf0	FUN_007eecf0	24	unknown
007eed10	FUN_007eed10	24	unknown
007eed30	FUN_007eed30	24	unknown
007eed50	FUN_007eed50	24	unknown
007eed70	FUN_007eed70	75	unknown
007eedc0	FUN_007eedc0	38	unknown
007eedf0	FUN_007eedf0	24	unknown
007eee10	FUN_007eee10	24	unknown
007eee30	FUN_007eee30	24	unknown
007eee50	FUN_007eee50	24	unknown
007eee70	FUN_007eee70	24	unknown
007eee90	FUN_007eee90	24	unknown
007eeeb0	FUN_007eeeb0	24	unknown
007eeed0	FUN_007eeed0	24	unknown
007eeef0	FUN_007eeef0	24	unknown
007eef10	FUN_007eef10	24	unknown
007eef30	FUN_007eef30	24	unknown
007eef50	FUN_007eef50	24	unknown
007eef70	FUN_007eef70	24	unknown
007eef90	FUN_007eef90	24	unknown
007eefb0	FUN_007eefb0	22	unknown
007eefd0	FUN_007eefd0	37	unknown
007ef000	FUN_007ef000	18	unknown
007ef020	FUN_007ef020	22	unknown
007ef040	FUN_007ef040	22	unknown
007ef060	FUN_007ef060	22	unknown
007ef080	FUN_007ef080	22	unknown
007ef0a0	FUN_007ef0a0	18	unknown
007ef0c0	FUN_007ef0c0	22	unknown
007ef0e0	FUN_007ef0e0	24	unknown
007ef100	FUN_007ef100	16	unknown
007ef110	FUN_007ef110	37	unknown
007ef140	FUN_007ef140	18	unknown
007ef160	FUN_007ef160	22	unknown
007ef180	FUN_007ef180	22	unknown
007ef1a0	FUN_007ef1a0	22	unknown
007ef1c0	FUN_007ef1c0	22	unknown
007ef1e0	FUN_007ef1e0	22	unknown
007ef200	FUN_007ef200	22	unknown
007ef220	FUN_007ef220	22	unknown
007ef240	FUN_007ef240	22	unknown
007ef260	FUN_007ef260	22	unknown
007ef280	FUN_007ef280	18	unknown
007ef2a0	FUN_007ef2a0	22	unknown
007ef2c0	FUN_007ef2c0	22	unknown
007ef2e0	FUN_007ef2e0	22	unknown
007ef300	FUN_007ef300	22	unknown
007ef320	FUN_007ef320	22	unknown
007ef340	FUN_007ef340	18	unknown
007ef360	FUN_007ef360	22	unknown
007ef380	FUN_007ef380	18	unknown
007ef3a0	FUN_007ef3a0	18	unknown
007ef3c0	FUN_007ef3c0	37	unknown
007ef3f0	FUN_007ef3f0	18	unknown
007ef410	FUN_007ef410	22	unknown
007ef430	FUN_007ef430	22	unknown
007ef450	FUN_007ef450	22	unknown
007ef470	FUN_007ef470	22	unknown
007ef490	FUN_007ef490	22	unknown
007ef4b0	FUN_007ef4b0	22	unknown
007ef4d0	FUN_007ef4d0	22	unknown
007ef4f0	FUN_007ef4f0	22	unknown
007ef510	FUN_007ef510	22	unknown
007ef530	FUN_007ef530	22	unknown
007ef550	FUN_007ef550	22	unknown
007ef570	FUN_007ef570	22	unknown
007ef590	FUN_007ef590	22	unknown
007ef5b0	FUN_007ef5b0	22	unknown
007ef5d0	FUN_007ef5d0	22	unknown
007ef5f0	FUN_007ef5f0	22	unknown
007ef610	FUN_007ef610	22	unknown
007ef630	FUN_007ef630	22	unknown
007ef650	FUN_007ef650	22	unknown
007ef670	FUN_007ef670	22	unknown
007ef690	FUN_007ef690	22	unknown
007ef6b0	FUN_007ef6b0	18	unknown
007ef6d0	FUN_007ef6d0	22	unknown
007ef6f0	FUN_007ef6f0	22	unknown
007ef710	FUN_007ef710	22	unknown
007ef730	FUN_007ef730	22	unknown
007ef750	FUN_007ef750	22	unknown
007ef770	FUN_007ef770	22	unknown
007ef790	FUN_007ef790	18	unknown
007ef7b0	FUN_007ef7b0	22	unknown
007ef7d0	FUN_007ef7d0	22	unknown
007ef7f0	FUN_007ef7f0	22	unknown
007ef810	FUN_007ef810	22	unknown
007ef830	FUN_007ef830	22	unknown
007ef850	FUN_007ef850	22	unknown
007ef870	FUN_007ef870	18	unknown
007ef890	FUN_007ef890	22	unknown
007ef8b0	FUN_007ef8b0	22	unknown
007ef8d0	FUN_007ef8d0	22	unknown
007ef8f0	FUN_007ef8f0	22	unknown
007ef910	FUN_007ef910	22	unknown
007ef930	FUN_007ef930	22	unknown
007ef950	FUN_007ef950	37	unknown
007ef980	FUN_007ef980	18	unknown
007ef9a0	FUN_007ef9a0	22	unknown
007ef9c0	FUN_007ef9c0	22	unknown
007ef9e0	FUN_007ef9e0	22	unknown
007efa00	FUN_007efa00	22	unknown
007efa20	FUN_007efa20	22	unknown
007efa40	FUN_007efa40	22	unknown
007efa60	FUN_007efa60	22	unknown
007efa80	FUN_007efa80	22	unknown
007efaa0	FUN_007efaa0	22	unknown
007efac0	FUN_007efac0	22	unknown
007efae0	FUN_007efae0	22	unknown
007efb00	FUN_007efb00	22	unknown
007efb20	FUN_007efb20	22	unknown
007efb40	FUN_007efb40	22	unknown
007efb60	FUN_007efb60	22	unknown
007efb80	FUN_007efb80	22	unknown
007efba0	FUN_007efba0	22	unknown
007efbc0	FUN_007efbc0	22	unknown
007efbe0	FUN_007efbe0	22	unknown
007efc00	FUN_007efc00	22	unknown
007efc20	FUN_007efc20	22	unknown
007efc40	FUN_007efc40	22	unknown
007efc60	FUN_007efc60	22	unknown
007efc80	FUN_007efc80	22	unknown
007efca0	FUN_007efca0	22	unknown
007efcc0	FUN_007efcc0	22	unknown
007efce0	FUN_007efce0	22	unknown
007efd00	FUN_007efd00	22	unknown
007efd20	FUN_007efd20	22	unknown
007efd40	FUN_007efd40	22	unknown
007efd60	FUN_007efd60	22	unknown
007efd80	FUN_007efd80	22	unknown
007efda0	FUN_007efda0	22	unknown
007efdc0	FUN_007efdc0	22	unknown
007efde0	FUN_007efde0	22	unknown
007efe00	FUN_007efe00	22	unknown
007efe20	FUN_007efe20	22	unknown
007efe40	FUN_007efe40	22	unknown
007efe60	FUN_007efe60	22	unknown
007efe80	FUN_007efe80	22	unknown
007efea0	FUN_007efea0	22	unknown
007efec0	FUN_007efec0	22	unknown
007efee0	FUN_007efee0	24	unknown
007eff00	FUN_007eff00	24	unknown
007eff20	FUN_007eff20	37	unknown
007eff50	FUN_007eff50	37	unknown
007eff80	FUN_007eff80	24	unknown
007effa0	FUN_007effa0	164	unknown
007f0050	FUN_007f0050	166	unknown
007f0100	FUN_007f0100	12	unknown
007f0110	FUN_007f0110	24	unknown
007f0130	FUN_007f0130	24	unknown
007f0150	FUN_007f0150	24	unknown
007f0170	FUN_007f0170	24	unknown
007f0190	FUN_007f0190	12	unknown
007f01a0	FUN_007f01a0	12	unknown
007f01b0	FUN_007f01b0	12	unknown
007f01c0	FUN_007f01c0	12	unknown
007f01d0	FUN_007f01d0	12	unknown
007f01e0	FUN_007f01e0	12	unknown
007f01f0	FUN_007f01f0	12	unknown
007f0200	FUN_007f0200	64	unknown
007f0240	FUN_007f0240	12	unknown
007f0250	FUN_007f0250	11	unknown
007f0260	FUN_007f0260	11	unknown
007f0270	FUN_007f0270	76	unknown
007f02c0	FUN_007f02c0	11	unknown
007f02d0	FUN_007f02d0	11	unknown
007f02e0	FUN_007f02e0	37	unknown
007f0310	FUN_007f0310	18	unknown
007f0330	FUN_007f0330	22	unknown
007f0350	FUN_007f0350	22	unknown
007f0370	FUN_007f0370	22	unknown
007f0390	FUN_007f0390	22	unknown
007f03b0	FUN_007f03b0	22	unknown
007f03d0	FUN_007f03d0	22	unknown
007f03f0	FUN_007f03f0	22	unknown
007f0410	FUN_007f0410	22	unknown
007f0430	FUN_007f0430	22	unknown
007f0450	FUN_007f0450	22	unknown
007f0470	FUN_007f0470	22	unknown
007f0490	FUN_007f0490	22	unknown
007f04b0	FUN_007f04b0	22	unknown
007f04d0	FUN_007f04d0	22	unknown
007f04f0	FUN_007f04f0	18	unknown
007f0510	FUN_007f0510	22	unknown
007f0530	FUN_007f0530	22	unknown
007f0550	FUN_007f0550	22	unknown
007f0570	FUN_007f0570	22	unknown
007f0590	FUN_007f0590	22	unknown
007f05b0	FUN_007f05b0	22	unknown
007f05d0	FUN_007f05d0	22	unknown
007f05f0	FUN_007f05f0	22	unknown
007f0610	FUN_007f0610	18	unknown
007f0630	FUN_007f0630	24	unknown
007f0650	FUN_007f0650	22	unknown
007f0670	FUN_007f0670	29	unknown
007f0690	FUN_007f0690	29	unknown
007f06b0	FUN_007f06b0	29	unknown
007f06d0	FUN_007f06d0	37	unknown
007f0700	FUN_007f0700	18	unknown
007f0720	FUN_007f0720	22	unknown
007f0740	FUN_007f0740	22	unknown
007f0760	FUN_007f0760	22	unknown
007f0780	FUN_007f0780	22	unknown
007f07a0	FUN_007f07a0	22	unknown
007f07c0	FUN_007f07c0	22	unknown
007f07e0	FUN_007f07e0	22	unknown
007f0800	FUN_007f0800	22	unknown
007f0820	FUN_007f0820	22	unknown
007f0836	FUN_007f0836	22	unknown
007f084c	FUN_007f084c	12	unknown
007f0858	FUN_007f0858	22	unknown
007f086e	FUN_007f086e	12	unknown
007f0880	FUN_007f0880	12	unknown
007f0890	FUN_007f0890	12	unknown
007f08a0	FUN_007f08a0	64	unknown
007f08e0	FUN_007f08e0	12	unknown
007f08f0	FUN_007f08f0	11	unknown
007f0900	FUN_007f0900	12	unknown
007f0910	FUN_007f0910	11	unknown
007f0920	FUN_007f0920	12	unknown
007f0930	FUN_007f0930	12	unknown
007f0940	FUN_007f0940	37	unknown
007f0970	FUN_007f0970	18	unknown
007f0990	FUN_007f0990	22	unknown
007f09b0	FUN_007f09b0	22	unknown
007f09d0	FUN_007f09d0	22	unknown
007f09f0	FUN_007f09f0	22	unknown
007f0a10	FUN_007f0a10	22	unknown
007f0a30	FUN_007f0a30	22	unknown
007f0a50	FUN_007f0a50	22	unknown
007f0a70	FUN_007f0a70	22	unknown
007f0a90	FUN_007f0a90	22	unknown
007f0ab0	FUN_007f0ab0	22	unknown
007f0ad0	FUN_007f0ad0	22	unknown
007f0af0	FUN_007f0af0	22	unknown
007f0b10	FUN_007f0b10	22	unknown
007f0b30	FUN_007f0b30	22	unknown
007f0b50	FUN_007f0b50	18	unknown
007f0b70	FUN_007f0b70	22	unknown
007f0b90	FUN_007f0b90	22	unknown
007f0bb0	FUN_007f0bb0	22	unknown
007f0bd0	FUN_007f0bd0	22	unknown
007f0bf0	FUN_007f0bf0	22	unknown
007f0c10	FUN_007f0c10	22	unknown
007f0c30	FUN_007f0c30	22	unknown
007f0c50	FUN_007f0c50	22	unknown
007f0c70	FUN_007f0c70	22	unknown
007f0c90	FUN_007f0c90	22	unknown
007f0cb0	FUN_007f0cb0	22	unknown
007f0cd0	FUN_007f0cd0	22	unknown
007f0cf0	FUN_007f0cf0	22	unknown
007f0d10	FUN_007f0d10	18	unknown
007f0d30	FUN_007f0d30	22	unknown
007f0d50	FUN_007f0d50	22	unknown
007f0d70	FUN_007f0d70	18	unknown
007f0d90	FUN_007f0d90	22	unknown
007f0db0	FUN_007f0db0	22	unknown
007f0dd0	FUN_007f0dd0	22	unknown
007f0df0	FUN_007f0df0	22	unknown
007f0e10	FUN_007f0e10	22	unknown
007f0e30	FUN_007f0e30	22	unknown
007f0e50	FUN_007f0e50	22	unknown
007f0e70	FUN_007f0e70	22	unknown
007f0e90	FUN_007f0e90	22	unknown
007f0eb0	FUN_007f0eb0	22	unknown
007f0ed0	FUN_007f0ed0	22	unknown
007f0ef0	FUN_007f0ef0	22	unknown
007f0f10	FUN_007f0f10	18	unknown
007f0f30	FUN_007f0f30	22	unknown
007f0f50	FUN_007f0f50	22	unknown
007f0f70	FUN_007f0f70	22	unknown
007f0f90	FUN_007f0f90	22	unknown
007f0fb0	FUN_007f0fb0	22	unknown
007f0fd0	FUN_007f0fd0	22	unknown
007f0ff0	FUN_007f0ff0	22	unknown
007f1010	FUN_007f1010	22	unknown
007f1030	FUN_007f1030	18	unknown
007f1050	FUN_007f1050	22	unknown
007f1070	FUN_007f1070	22	unknown
007f1090	FUN_007f1090	18	unknown
007f10b0	FUN_007f10b0	22	unknown
007f10d0	FUN_007f10d0	22	unknown
007f10f0	FUN_007f10f0	18	unknown
007f1110	FUN_007f1110	22	unknown
007f1130	FUN_007f1130	41	unknown
007f1160	FUN_007f1160	41	unknown
007f1190	FUN_007f1190	11	unknown
007f11a0	FUN_007f11a0	12	unknown
007f11b0	FUN_007f11b0	37	unknown
007f11e0	FUN_007f11e0	24	unknown
007f1200	FUN_007f1200	37	unknown
007f1230	FUN_007f1230	24	unknown
007f1250	FUN_007f1250	12	unknown
007f1260	FUN_007f1260	75	unknown
007f12b0	FUN_007f12b0	38	unknown
007f12e0	FUN_007f12e0	38	unknown
007f1310	FUN_007f1310	38	unknown
007f1340	FUN_007f1340	40	unknown
007f1370	FUN_007f1370	38	unknown
007f13a0	FUN_007f13a0	38	unknown
007f13d0	FUN_007f13d0	41	unknown
007f1400	FUN_007f1400	36	unknown
007f1430	FUN_007f1430	37	unknown
007f1460	FUN_007f1460	18	unknown
007f1480	FUN_007f1480	22	unknown
007f14a0	FUN_007f14a0	22	unknown
007f14c0	FUN_007f14c0	22	unknown
007f14e0	FUN_007f14e0	22	unknown
007f1500	FUN_007f1500	22	unknown
007f1520	FUN_007f1520	22	unknown
007f1540	FUN_007f1540	22	unknown
007f1560	FUN_007f1560	22	unknown
007f1580	FUN_007f1580	22	unknown
007f15a0	FUN_007f15a0	22	unknown
007f15c0	FUN_007f15c0	22	unknown
007f15e0	FUN_007f15e0	22	unknown
007f1600	FUN_007f1600	22	unknown
007f1620	FUN_007f1620	22	unknown
007f1640	FUN_007f1640	22	unknown
007f1660	FUN_007f1660	22	unknown
007f1680	FUN_007f1680	22	unknown
007f16a0	FUN_007f16a0	22	unknown
007f16c0	FUN_007f16c0	22	unknown
007f16e0	FUN_007f16e0	22	unknown
007f1700	FUN_007f1700	22	unknown
007f1720	FUN_007f1720	22	unknown
007f1740	FUN_007f1740	22	unknown
007f1760	FUN_007f1760	22	unknown
007f1780	FUN_007f1780	22	unknown
007f17a0	FUN_007f17a0	22	unknown
007f17c0	FUN_007f17c0	22	unknown
007f17e0	FUN_007f17e0	22	unknown
007f1800	FUN_007f1800	22	unknown
007f1820	FUN_007f1820	22	unknown
007f1840	FUN_007f1840	22	unknown
007f1860	FUN_007f1860	22	unknown
007f1880	FUN_007f1880	22	unknown
007f18a0	FUN_007f18a0	22	unknown
007f18c0	FUN_007f18c0	22	unknown
007f18e0	FUN_007f18e0	22	unknown
007f1900	FUN_007f1900	22	unknown
007f1920	FUN_007f1920	22	unknown
007f1940	FUN_007f1940	22	unknown
007f1960	FUN_007f1960	22	unknown
007f1980	FUN_007f1980	22	unknown
007f19a0	FUN_007f19a0	22	unknown
007f19c0	FUN_007f19c0	22	unknown
007f19e0	FUN_007f19e0	22	unknown
007f1a00	FUN_007f1a00	22	unknown
007f1a20	FUN_007f1a20	22	unknown
007f1a40	FUN_007f1a40	22	unknown
007f1a60	FUN_007f1a60	18	unknown
007f1a80	FUN_007f1a80	22	unknown
007f1aa0	FUN_007f1aa0	22	unknown
007f1ac0	FUN_007f1ac0	22	unknown
007f1ae0	FUN_007f1ae0	22	unknown
007f1b00	FUN_007f1b00	22	unknown
007f1b20	FUN_007f1b20	22	unknown
007f1b40	FUN_007f1b40	22	unknown
007f1b60	FUN_007f1b60	22	unknown
007f1b80	FUN_007f1b80	22	unknown
007f1ba0	FUN_007f1ba0	22	unknown
007f1bc0	FUN_007f1bc0	22	unknown
007f1be0	FUN_007f1be0	22	unknown
007f1c00	FUN_007f1c00	22	unknown
007f1c20	FUN_007f1c20	22	unknown
007f1c40	FUN_007f1c40	22	unknown
007f1c60	FUN_007f1c60	22	unknown
007f1c80	FUN_007f1c80	22	unknown
007f1ca0	FUN_007f1ca0	22	unknown
007f1cc0	FUN_007f1cc0	22	unknown
007f1ce0	FUN_007f1ce0	22	unknown
007f1d00	FUN_007f1d00	22	unknown
007f1d20	FUN_007f1d20	22	unknown
007f1d40	FUN_007f1d40	22	unknown
007f1d60	FUN_007f1d60	22	unknown
007f1d80	FUN_007f1d80	22	unknown
007f1da0	FUN_007f1da0	22	unknown
007f1dc0	FUN_007f1dc0	22	unknown
007f1de0	FUN_007f1de0	22	unknown
007f1e00	FUN_007f1e00	22	unknown
007f1e20	FUN_007f1e20	22	unknown
007f1e40	FUN_007f1e40	22	unknown
007f1e60	FUN_007f1e60	22	unknown
007f1e80	FUN_007f1e80	22	unknown
007f1ea0	FUN_007f1ea0	22	unknown
007f1ec0	FUN_007f1ec0	22	unknown
007f1ee0	FUN_007f1ee0	22	unknown
007f1f00	FUN_007f1f00	22	unknown
007f1f20	FUN_007f1f20	22	unknown
007f1f40	FUN_007f1f40	22	unknown
007f1f60	FUN_007f1f60	22	unknown
007f1f80	FUN_007f1f80	22	unknown
007f1fa0	FUN_007f1fa0	22	unknown
007f1fc0	FUN_007f1fc0	22	unknown
007f1fe0	FUN_007f1fe0	18	unknown
007f2000	FUN_007f2000	22	unknown
007f2020	FUN_007f2020	22	unknown
007f2040	FUN_007f2040	22	unknown
007f2060	FUN_007f2060	22	unknown
007f2080	FUN_007f2080	22	unknown
007f20a0	FUN_007f20a0	22	unknown
007f20c0	FUN_007f20c0	22	unknown
007f20e0	FUN_007f20e0	22	unknown
007f2100	FUN_007f2100	22	unknown
007f2120	FUN_007f2120	22	unknown
007f2140	FUN_007f2140	22	unknown
007f2160	FUN_007f2160	22	unknown
007f2180	FUN_007f2180	22	unknown
007f21a0	FUN_007f21a0	22	unknown
007f21c0	FUN_007f21c0	22	unknown
007f21e0	FUN_007f21e0	22	unknown
007f2200	FUN_007f2200	22	unknown
007f2220	FUN_007f2220	22	unknown
007f2240	FUN_007f2240	22	unknown
007f2260	FUN_007f2260	22	unknown
007f2280	FUN_007f2280	22	unknown
007f22a0	FUN_007f22a0	22	unknown
007f22c0	FUN_007f22c0	22	unknown
007f22e0	FUN_007f22e0	22	unknown
007f2300	FUN_007f2300	22	unknown
007f2320	FUN_007f2320	22	unknown
007f2340	FUN_007f2340	22	unknown
007f2360	FUN_007f2360	22	unknown
007f2380	FUN_007f2380	22	unknown
007f23a0	FUN_007f23a0	22	unknown
007f23c0	FUN_007f23c0	22	unknown
007f23e0	FUN_007f23e0	22	unknown
007f2400	FUN_007f2400	22	unknown
007f2420	FUN_007f2420	22	unknown
007f2440	FUN_007f2440	22	unknown
007f2460	FUN_007f2460	22	unknown
007f2480	FUN_007f2480	22	unknown
007f24a0	FUN_007f24a0	22	unknown
007f24c0	FUN_007f24c0	22	unknown
007f24e0	FUN_007f24e0	22	unknown
007f2500	FUN_007f2500	22	unknown
007f2520	FUN_007f2520	22	unknown
007f2540	FUN_007f2540	22	unknown
007f2560	FUN_007f2560	22	unknown
007f2580	FUN_007f2580	22	unknown
007f25a0	FUN_007f25a0	22	unknown
007f25c0	FUN_007f25c0	22	unknown
007f25e0	FUN_007f25e0	22	unknown
007f2600	FUN_007f2600	22	unknown
007f2620	FUN_007f2620	22	unknown
007f2640	FUN_007f2640	22	unknown
007f2660	FUN_007f2660	22	unknown
007f2680	FUN_007f2680	22	unknown
007f26a0	FUN_007f26a0	22	unknown
007f26c0	FUN_007f26c0	22	unknown
007f26e0	FUN_007f26e0	22	unknown
007f2700	FUN_007f2700	22	unknown
007f2720	FUN_007f2720	22	unknown
007f2740	FUN_007f2740	22	unknown
007f2760	FUN_007f2760	22	unknown
007f2780	FUN_007f2780	22	unknown
007f27a0	FUN_007f27a0	22	unknown
007f27c0	FUN_007f27c0	22	unknown
007f27e0	FUN_007f27e0	22	unknown
007f2800	FUN_007f2800	22	unknown
007f2820	FUN_007f2820	22	unknown
007f2840	FUN_007f2840	22	unknown
007f2860	FUN_007f2860	22	unknown
007f2880	FUN_007f2880	22	unknown
007f28a0	FUN_007f28a0	22	unknown
007f28c0	FUN_007f28c0	22	unknown
007f28e0	FUN_007f28e0	22	unknown
007f2900	FUN_007f2900	22	unknown
007f2920	FUN_007f2920	22	unknown
007f2940	FUN_007f2940	22	unknown
007f2960	FUN_007f2960	22	unknown
007f2980	FUN_007f2980	22	unknown
007f29a0	FUN_007f29a0	22	unknown
007f29c0	FUN_007f29c0	22	unknown
007f29e0	FUN_007f29e0	22	unknown
007f2a00	FUN_007f2a00	22	unknown
007f2a20	FUN_007f2a20	22	unknown
007f2a40	FUN_007f2a40	22	unknown
007f2a60	FUN_007f2a60	22	unknown
007f2a80	FUN_007f2a80	22	unknown
007f2aa0	FUN_007f2aa0	22	unknown
007f2ac0	FUN_007f2ac0	22	unknown
007f2ae0	FUN_007f2ae0	22	unknown
007f2b00	FUN_007f2b00	22	unknown
007f2b20	FUN_007f2b20	22	unknown
007f2b40	FUN_007f2b40	22	unknown
007f2b60	FUN_007f2b60	22	unknown
007f2b80	FUN_007f2b80	22	unknown
007f2ba0	FUN_007f2ba0	22	unknown
007f2bc0	FUN_007f2bc0	22	unknown
007f2be0	FUN_007f2be0	22	unknown
007f2c00	FUN_007f2c00	22	unknown
007f2c20	FUN_007f2c20	22	unknown
007f2c40	FUN_007f2c40	22	unknown
007f2c60	FUN_007f2c60	22	unknown
007f2c80	FUN_007f2c80	22	unknown
007f2ca0	FUN_007f2ca0	22	unknown
007f2cc0	FUN_007f2cc0	22	unknown
007f2ce0	FUN_007f2ce0	22	unknown
007f2d00	FUN_007f2d00	22	unknown
007f2d20	FUN_007f2d20	22	unknown
007f2d40	FUN_007f2d40	18	unknown
007f2d60	FUN_007f2d60	22	unknown
007f2d80	FUN_007f2d80	22	unknown
007f2da0	FUN_007f2da0	22	unknown
007f2dc0	FUN_007f2dc0	22	unknown
007f2de0	FUN_007f2de0	22	unknown
007f2e00	FUN_007f2e00	22	unknown
007f2e20	FUN_007f2e20	22	unknown
007f2e40	FUN_007f2e40	22	unknown
007f2e60	FUN_007f2e60	22	unknown
007f2e80	FUN_007f2e80	22	unknown
007f2ea0	FUN_007f2ea0	22	unknown
007f2ec0	FUN_007f2ec0	22	unknown
007f2ee0	FUN_007f2ee0	22	unknown
007f2f00	FUN_007f2f00	22	unknown
007f2f20	FUN_007f2f20	22	unknown
007f2f40	FUN_007f2f40	22	unknown
007f2f60	FUN_007f2f60	22	unknown
007f2f80	FUN_007f2f80	22	unknown
007f2fa0	FUN_007f2fa0	22	unknown
007f2fc0	FUN_007f2fc0	22	unknown
007f2fe0	FUN_007f2fe0	22	unknown
007f3000	FUN_007f3000	22	unknown
007f3020	FUN_007f3020	22	unknown
007f3040	FUN_007f3040	22	unknown
007f3060	FUN_007f3060	22	unknown
007f3080	FUN_007f3080	22	unknown
007f30a0	FUN_007f30a0	22	unknown
007f30c0	FUN_007f30c0	18	unknown
007f30e0	FUN_007f30e0	22	unknown
007f3100	FUN_007f3100	22	unknown
007f3120	FUN_007f3120	22	unknown
007f3140	FUN_007f3140	22	unknown
007f3160	FUN_007f3160	22	unknown
007f3180	FUN_007f3180	22	unknown
007f31a0	FUN_007f31a0	22	unknown
007f31c0	FUN_007f31c0	22	unknown
007f31e0	FUN_007f31e0	22	unknown
007f3200	FUN_007f3200	22	unknown
007f3220	FUN_007f3220	22	unknown
007f3240	FUN_007f3240	22	unknown
007f3260	FUN_007f3260	22	unknown
007f3280	FUN_007f3280	22	unknown
007f32a0	FUN_007f32a0	22	unknown
007f32c0	FUN_007f32c0	22	unknown
007f32e0	FUN_007f32e0	22	unknown
007f3300	FUN_007f3300	22	unknown
007f3320	FUN_007f3320	22	unknown
007f3340	FUN_007f3340	22	unknown
007f3360	FUN_007f3360	22	unknown
007f3380	FUN_007f3380	22	unknown
007f33a0	FUN_007f33a0	22	unknown
007f33c0	FUN_007f33c0	22	unknown
007f33e0	FUN_007f33e0	22	unknown
007f3400	FUN_007f3400	22	unknown
007f3420	FUN_007f3420	22	unknown
007f3440	FUN_007f3440	22	unknown
007f3460	FUN_007f3460	22	unknown
007f3480	FUN_007f3480	22	unknown
007f34a0	FUN_007f34a0	22	unknown
007f34c0	FUN_007f34c0	22	unknown
007f34e0	FUN_007f34e0	22	unknown
007f3500	FUN_007f3500	22	unknown
007f3520	FUN_007f3520	22	unknown
007f3540	FUN_007f3540	22	unknown
007f3560	FUN_007f3560	22	unknown
007f3580	FUN_007f3580	22	unknown
007f35a0	FUN_007f35a0	22	unknown
007f35c0	FUN_007f35c0	22	unknown
007f35e0	FUN_007f35e0	22	unknown
007f3600	FUN_007f3600	22	unknown
007f3620	FUN_007f3620	22	unknown
007f3640	FUN_007f3640	22	unknown
007f3660	FUN_007f3660	22	unknown
007f3680	FUN_007f3680	22	unknown
007f36a0	FUN_007f36a0	22	unknown
007f36c0	FUN_007f36c0	22	unknown
007f36e0	FUN_007f36e0	22	unknown
007f3700	FUN_007f3700	22	unknown
007f3720	FUN_007f3720	18	unknown
007f3740	FUN_007f3740	22	unknown
007f3760	FUN_007f3760	22	unknown
007f3780	FUN_007f3780	22	unknown
007f37a0	FUN_007f37a0	22	unknown
007f37c0	FUN_007f37c0	22	unknown
007f37e0	FUN_007f37e0	22	unknown
007f3800	FUN_007f3800	18	unknown
007f3820	FUN_007f3820	22	unknown
007f3840	FUN_007f3840	22	unknown
007f3860	FUN_007f3860	22	unknown
007f3880	FUN_007f3880	22	unknown
007f38a0	FUN_007f38a0	22	unknown
007f38c0	FUN_007f38c0	22	unknown
007f38e0	FUN_007f38e0	22	unknown
007f3900	FUN_007f3900	22	unknown
007f3920	FUN_007f3920	22	unknown
007f3940	FUN_007f3940	22	unknown
007f3960	FUN_007f3960	22	unknown
007f3980	FUN_007f3980	18	unknown
007f39a0	FUN_007f39a0	22	unknown
007f39c0	FUN_007f39c0	22	unknown
007f39e0	FUN_007f39e0	22	unknown
007f3a00	FUN_007f3a00	22	unknown
007f3a20	FUN_007f3a20	22	unknown
007f3a40	FUN_007f3a40	22	unknown
007f3a60	FUN_007f3a60	22	unknown
007f3a80	FUN_007f3a80	22	unknown
007f3aa0	FUN_007f3aa0	22	unknown
007f3ac0	FUN_007f3ac0	22	unknown
007f3ae0	FUN_007f3ae0	22	unknown
007f3b00	FUN_007f3b00	22	unknown
007f3b20	FUN_007f3b20	22	unknown
007f3b40	FUN_007f3b40	22	unknown
007f3b60	FUN_007f3b60	22	unknown
007f3b80	FUN_007f3b80	22	unknown
007f3ba0	FUN_007f3ba0	22	unknown
007f3bc0	FUN_007f3bc0	22	unknown
007f3be0	FUN_007f3be0	22	unknown
007f3c00	FUN_007f3c00	22	unknown
007f3c20	FUN_007f3c20	22	unknown
007f3c40	FUN_007f3c40	22	unknown
007f3c60	FUN_007f3c60	22	unknown
007f3c80	FUN_007f3c80	22	unknown
007f3ca0	FUN_007f3ca0	22	unknown
007f3cc0	FUN_007f3cc0	22	unknown
007f3ce0	FUN_007f3ce0	22	unknown
007f3d00	FUN_007f3d00	22	unknown
007f3d20	FUN_007f3d20	22	unknown
007f3d40	FUN_007f3d40	22	unknown
007f3d60	FUN_007f3d60	22	unknown
007f3d80	FUN_007f3d80	22	unknown
007f3da0	FUN_007f3da0	22	unknown
007f3dc0	FUN_007f3dc0	22	unknown
007f3de0	FUN_007f3de0	22	unknown
007f3e00	FUN_007f3e00	22	unknown
007f3e20	FUN_007f3e20	22	unknown
007f3e40	FUN_007f3e40	22	unknown
007f3e60	FUN_007f3e60	22	unknown
007f3e80	FUN_007f3e80	22	unknown
007f3ea0	FUN_007f3ea0	22	unknown
007f3ec0	FUN_007f3ec0	22	unknown
007f3ee0	FUN_007f3ee0	22	unknown
007f3f00	FUN_007f3f00	22	unknown
007f3f20	FUN_007f3f20	22	unknown
007f3f40	FUN_007f3f40	22	unknown
007f3f60	FUN_007f3f60	22	unknown
007f3f80	FUN_007f3f80	22	unknown
007f3fa0	FUN_007f3fa0	22	unknown
007f3fc0	FUN_007f3fc0	22	unknown
007f3fe0	FUN_007f3fe0	22	unknown
007f4000	FUN_007f4000	22	unknown
007f4020	FUN_007f4020	22	unknown
007f4040	FUN_007f4040	22	unknown
007f4060	FUN_007f4060	22	unknown
007f4080	FUN_007f4080	22	unknown
007f40a0	FUN_007f40a0	22	unknown
007f40c0	FUN_007f40c0	22	unknown
007f40e0	FUN_007f40e0	22	unknown
007f4100	FUN_007f4100	22	unknown
007f4120	FUN_007f4120	22	unknown
007f4140	FUN_007f4140	22	unknown
007f4160	FUN_007f4160	22	unknown
007f4180	FUN_007f4180	22	unknown
007f41a0	FUN_007f41a0	18	unknown
007f41c0	FUN_007f41c0	22	unknown
007f41e0	FUN_007f41e0	22	unknown
007f4200	FUN_007f4200	22	unknown
007f4220	FUN_007f4220	22	unknown
007f4240	FUN_007f4240	22	unknown
007f4260	FUN_007f4260	18	unknown
007f4280	FUN_007f4280	22	unknown
007f42a0	FUN_007f42a0	22	unknown
007f42c0	FUN_007f42c0	22	unknown
007f42e0	FUN_007f42e0	22	unknown
007f4300	FUN_007f4300	22	unknown
007f4320	FUN_007f4320	22	unknown
007f4340	FUN_007f4340	22	unknown
007f4360	FUN_007f4360	22	unknown
007f4380	FUN_007f4380	22	unknown
007f43a0	FUN_007f43a0	22	unknown
007f43c0	FUN_007f43c0	22	unknown
007f43e0	FUN_007f43e0	22	unknown
007f4400	FUN_007f4400	22	unknown
007f4420	FUN_007f4420	22	unknown
007f4440	FUN_007f4440	22	unknown
007f4460	FUN_007f4460	22	unknown
007f4480	FUN_007f4480	22	unknown
007f44a0	FUN_007f44a0	22	unknown
007f44c0	FUN_007f44c0	22	unknown
007f44e0	FUN_007f44e0	22	unknown
007f4500	FUN_007f4500	22	unknown
007f4520	FUN_007f4520	22	unknown
007f4540	FUN_007f4540	18	unknown
007f4560	FUN_007f4560	22	unknown
007f4580	FUN_007f4580	22	unknown
007f45a0	FUN_007f45a0	22	unknown
007f45c0	FUN_007f45c0	22	unknown
007f45e0	FUN_007f45e0	22	unknown
007f4600	FUN_007f4600	22	unknown
007f4620	FUN_007f4620	22	unknown
007f4640	FUN_007f4640	18	unknown
007f4660	FUN_007f4660	22	unknown
007f4680	FUN_007f4680	18	unknown
007f46a0	FUN_007f46a0	22	unknown
007f46c0	FUN_007f46c0	22	unknown
007f46e0	FUN_007f46e0	22	unknown
007f4700	FUN_007f4700	22	unknown
007f4720	FUN_007f4720	22	unknown
007f4740	FUN_007f4740	22	unknown
007f4760	FUN_007f4760	22	unknown
007f4780	FUN_007f4780	22	unknown
007f47a0	FUN_007f47a0	22	unknown
007f47c0	FUN_007f47c0	22	unknown
007f47e0	FUN_007f47e0	22	unknown
007f4800	FUN_007f4800	22	unknown
007f4820	FUN_007f4820	22	unknown
007f4840	FUN_007f4840	22	unknown
007f4860	FUN_007f4860	22	unknown
007f4880	FUN_007f4880	22	unknown
007f48a0	FUN_007f48a0	22	unknown
007f48c0	FUN_007f48c0	22	unknown
007f48e0	FUN_007f48e0	22	unknown
007f4900	FUN_007f4900	22	unknown
007f4920	FUN_007f4920	22	unknown
007f4940	FUN_007f4940	22	unknown
007f4960	FUN_007f4960	22	unknown
007f4980	FUN_007f4980	22	unknown
007f49a0	FUN_007f49a0	22	unknown
007f49c0	FUN_007f49c0	22	unknown
007f49e0	FUN_007f49e0	22	unknown
007f4a00	FUN_007f4a00	22	unknown
007f4a20	FUN_007f4a20	22	unknown
007f4a40	FUN_007f4a40	22	unknown
007f4a60	FUN_007f4a60	22	unknown
007f4a80	FUN_007f4a80	22	unknown
007f4aa0	FUN_007f4aa0	22	unknown
007f4ac0	FUN_007f4ac0	22	unknown
007f4ae0	FUN_007f4ae0	22	unknown
007f4b00	FUN_007f4b00	22	unknown
007f4b20	FUN_007f4b20	22	unknown
007f4b40	FUN_007f4b40	22	unknown
007f4b60	FUN_007f4b60	22	unknown
007f4b80	FUN_007f4b80	22	unknown
007f4ba0	FUN_007f4ba0	22	unknown
007f4bc0	FUN_007f4bc0	22	unknown
007f4be0	FUN_007f4be0	22	unknown
007f4c00	FUN_007f4c00	22	unknown
007f4c20	FUN_007f4c20	22	unknown
007f4c40	FUN_007f4c40	22	unknown
007f4c60	FUN_007f4c60	22	unknown
007f4c80	FUN_007f4c80	22	unknown
007f4ca0	FUN_007f4ca0	22	unknown
007f4cc0	FUN_007f4cc0	22	unknown
007f4ce0	FUN_007f4ce0	18	unknown
007f4d00	FUN_007f4d00	18	unknown
007f4d20	FUN_007f4d20	22	unknown
007f4d40	FUN_007f4d40	24	unknown
007f4d60	FUN_007f4d60	12	unknown
007f4d70	FUN_007f4d70	12	unknown
007f4d80	FUN_007f4d80	38	unknown
007f4db0	FUN_007f4db0	22	unknown
007f4dd0	FUN_007f4dd0	42	unknown
007f4e00	FUN_007f4e00	42	unknown
007f4e30	FUN_007f4e30	42	unknown
007f4e60	FUN_007f4e60	42	unknown
007f4e90	FUN_007f4e90	24	unknown
007f4eb0	FUN_007f4eb0	24	unknown
007f4ed0	FUN_007f4ed0	38	unknown
007f4f00	FUN_007f4f00	38	unknown
007f4f30	FUN_007f4f30	38	unknown
007f4f60	FUN_007f4f60	24	unknown
007f4f80	FUN_007f4f80	24	unknown
007f4fa0	FUN_007f4fa0	29	unknown
007f4fc0	FUN_007f4fc0	24	unknown
007f4fe0	FUN_007f4fe0	38	unknown
007f5010	FUN_007f5010	24	unknown
007f5030	FUN_007f5030	38	unknown
007f5060	FUN_007f5060	24	unknown
007f5080	FUN_007f5080	38	unknown
007f50b0	FUN_007f50b0	24	unknown
007f50d0	FUN_007f50d0	41	unknown
007f5100	FUN_007f5100	24	unknown
007f5120	FUN_007f5120	41	unknown
007f5150	FUN_007f5150	38	unknown
007f5180	FUN_007f5180	38	unknown
007f51b0	FUN_007f51b0	38	unknown
007f51e0	FUN_007f51e0	38	unknown
007f5210	FUN_007f5210	24	unknown
007f5230	FUN_007f5230	24	unknown
007f5250	FUN_007f5250	38	unknown
007f5280	FUN_007f5280	38	unknown
007f52b0	FUN_007f52b0	38	unknown
007f52e0	FUN_007f52e0	38	unknown
007f5310	FUN_007f5310	38	unknown
007f5340	FUN_007f5340	38	unknown
007f5370	FUN_007f5370	38	unknown
007f53a0	FUN_007f53a0	38	unknown
007f53d0	FUN_007f53d0	38	unknown
007f5400	FUN_007f5400	38	unknown
007f5430	FUN_007f5430	85	unknown
007f5490	FUN_007f5490	38	unknown
007f54c0	FUN_007f54c0	24	unknown
007f54e0	FUN_007f54e0	12	unknown
007f54f0	FUN_007f54f0	24	unknown
007f5510	FUN_007f5510	24	unknown
007f5530	FUN_007f5530	24	unknown
007f5550	FUN_007f5550	38	unknown
007f5580	FUN_007f5580	38	unknown
007f55b0	FUN_007f55b0	38	unknown
007f55e0	FUN_007f55e0	38	unknown
007f5610	FUN_007f5610	38	unknown
007f5640	FUN_007f5640	24	unknown
007f5660	FUN_007f5660	24	unknown
007f5680	FUN_007f5680	24	unknown
007f56a0	FUN_007f56a0	24	unknown
007f56c0	FUN_007f56c0	24	unknown
007f56e0	FUN_007f56e0	38	unknown
007f5710	FUN_007f5710	41	unknown
007f5740	FUN_007f5740	24	unknown
007f5760	FUN_007f5760	38	unknown
007f5790	FUN_007f5790	38	unknown
007f57c0	FUN_007f57c0	38	unknown
007f57f0	FUN_007f57f0	38	unknown
007f5820	FUN_007f5820	38	unknown
007f5850	FUN_007f5850	38	unknown
007f5880	FUN_007f5880	38	unknown
007f58b0	FUN_007f58b0	38	unknown
007f58e0	FUN_007f58e0	38	unknown
007f5910	FUN_007f5910	38	unknown
007f5940	FUN_007f5940	38	unknown
007f5970	FUN_007f5970	38	unknown
007f59a0	FUN_007f59a0	41	unknown
007f59d0	FUN_007f59d0	41	unknown
007f5a00	FUN_007f5a00	41	unknown
007f5a30	FUN_007f5a30	38	unknown
007f5a60	FUN_007f5a60	38	unknown
007f5a90	FUN_007f5a90	38	unknown
007f5ac0	FUN_007f5ac0	35	unknown
007f5af0	FUN_007f5af0	38	unknown
007f5b20	FUN_007f5b20	35	unknown
007f5b50	FUN_007f5b50	38	unknown
007f5b80	FUN_007f5b80	35	unknown
007f5bb0	FUN_007f5bb0	38	unknown
007f5be0	FUN_007f5be0	38	unknown
007f5c10	FUN_007f5c10	38	unknown
007f5c40	FUN_007f5c40	38	unknown
007f5c70	FUN_007f5c70	38	unknown
007f5ca0	FUN_007f5ca0	38	unknown
007f5cd0	FUN_007f5cd0	38	unknown
007f5d00	FUN_007f5d00	38	unknown
007f5d30	FUN_007f5d30	38	unknown
007f5d60	FUN_007f5d60	38	unknown
007f5d90	FUN_007f5d90	35	unknown
007f5dc0	FUN_007f5dc0	38	unknown
007f5df0	FUN_007f5df0	38	unknown
007f5e20	FUN_007f5e20	38	unknown
007f5e50	FUN_007f5e50	38	unknown
007f5e80	FUN_007f5e80	38	unknown
007f5eb0	FUN_007f5eb0	38	unknown
007f5ee0	FUN_007f5ee0	38	unknown
007f5f10	FUN_007f5f10	38	unknown
007f5f40	FUN_007f5f40	38	unknown
007f5f70	FUN_007f5f70	38	unknown
007f5fa0	FUN_007f5fa0	38	unknown
007f5fd0	FUN_007f5fd0	38	unknown
007f6000	FUN_007f6000	38	unknown
007f6030	FUN_007f6030	38	unknown
007f6060	FUN_007f6060	41	unknown
007f6090	FUN_007f6090	38	unknown
007f60c0	FUN_007f60c0	38	unknown
007f60f0	FUN_007f60f0	41	unknown
007f61b0	FUN_007f61b0	38	unknown
007f61e0	FUN_007f61e0	38	unknown
007f6210	FUN_007f6210	41	unknown
007f6240	FUN_007f6240	41	unknown
007f62d0	FUN_007f62d0	38	unknown
007f6300	FUN_007f6300	38	unknown
007f6330	FUN_007f6330	38	unknown
007f6360	FUN_007f6360	41	unknown
007f63f0	FUN_007f63f0	38	unknown
007f6420	FUN_007f6420	38	unknown
007f6450	FUN_007f6450	38	unknown
007f6480	FUN_007f6480	38	unknown
007f64b0	FUN_007f64b0	35	unknown
007f64e0	FUN_007f64e0	35	unknown
007f6510	FUN_007f6510	41	unknown
007f6540	FUN_007f6540	41	unknown
007f6570	FUN_007f6570	35	unknown
007f65a0	FUN_007f65a0	38	unknown
007f65d0	FUN_007f65d0	35	unknown
007f6600	FUN_007f6600	38	unknown
007f6630	FUN_007f6630	38	unknown
007f6660	FUN_007f6660	41	unknown
007f6690	FUN_007f6690	38	unknown
007f66c0	FUN_007f66c0	38	unknown
007f66f0	FUN_007f66f0	38	unknown
007f6720	FUN_007f6720	38	unknown
007f6750	FUN_007f6750	22	unknown
007f6770	FUN_007f6770	22	unknown
007f6790	FUN_007f6790	24	unknown
007f67b0	FUN_007f67b0	35	unknown
007f67e0	FUN_007f67e0	38	unknown
007f6810	FUN_007f6810	35	unknown
007f6840	FUN_007f6840	35	unknown
007f6870	FUN_007f6870	24	unknown
007f6890	FUN_007f6890	38	unknown
007f68c0	FUN_007f68c0	38	unknown
007f68f0	FUN_007f68f0	38	unknown
007f6920	FUN_007f6920	72	unknown
007f6970	FUN_007f6970	322	unknown
007f71d0	ORPHAN_CANDIDATE_007f71d0	34	unknown
007f7360	ORPHAN_CANDIDATE_007f7360	37	unknown
007fa470	ORPHAN_CANDIDATE_007fa470	37	unknown
007fecc0	ORPHAN_CANDIDATE_007fecc0	37	unknown
007feff0	ORPHAN_CANDIDATE_007feff0	37	unknown
007ff1d0	ORPHAN_CANDIDATE_007ff1d0	37	unknown
007ff210	ORPHAN_CANDIDATE_007ff210	37	unknown
007ff250	ORPHAN_CANDIDATE_007ff250	37	unknown
00800020	FUN_00800020	43	unknown
00800080	FUN_00800080	43	unknown
00800520	ORPHAN_CANDIDATE_00800520	37	unknown
00800b50	ORPHAN_CANDIDATE_00800b50	37	unknown
00801920	FUN_00801920	43	unknown
00801950	FUN_00801950	43	unknown
00805ec0	FUN_00805ec0	10	unknown
00805ed0	FUN_00805ed0	10	unknown
00805ee0	FUN_00805ee0	10	unknown
00805ef0	FUN_00805ef0	10	unknown
00805f00	FUN_00805f00	10	unknown
00805f10	FUN_00805f10	10	unknown
00805f20	FUN_00805f20	10	unknown
00805f30	FUN_00805f30	10	unknown
00805f40	FUN_00805f40	10	unknown
00805f50	FUN_00805f50	10	unknown
00805f60	FUN_00805f60	10	unknown
00805f70	FUN_00805f70	10	unknown
00805f80	FUN_00805f80	10	unknown
00805f90	FUN_00805f90	10	unknown
00805fa0	FUN_00805fa0	10	unknown
00805fb0	FUN_00805fb0	10	unknown
00805ff0	FUN_00805ff0	10	unknown
00806000	FUN_00806000	10	unknown
00806010	FUN_00806010	10	unknown
00806020	FUN_00806020	10	unknown
00806050	FUN_00806050	10	unknown
00806060	FUN_00806060	10	unknown
00806070	FUN_00806070	10	unknown
00806080	FUN_00806080	10	unknown
008060b0	FUN_008060b0	10	unknown
008060c0	FUN_008060c0	10	unknown
008060d0	FUN_008060d0	10	unknown
008060e0	FUN_008060e0	10	unknown
008060f0	FUN_008060f0	10	unknown
00806100	FUN_00806100	10	unknown
00806110	FUN_00806110	10	unknown
00806120	FUN_00806120	10	unknown
00806130	FUN_00806130	10	unknown
00806140	FUN_00806140	10	unknown
00806150	FUN_00806150	10	unknown
00806160	FUN_00806160	10	unknown
00806170	FUN_00806170	10	unknown
00806180	FUN_00806180	10	unknown
00806190	FUN_00806190	10	unknown
008061a0	FUN_008061a0	10	unknown
008061b0	FUN_008061b0	10	unknown
008061d0	FUN_008061d0	10	unknown
008061e0	FUN_008061e0	10	unknown
008061f0	FUN_008061f0	10	unknown
00806200	FUN_00806200	10	unknown
00806210	FUN_00806210	10	unknown
00806220	FUN_00806220	10	unknown
00806230	FUN_00806230	10	unknown
00806240	FUN_00806240	10	unknown
00806250	FUN_00806250	10	unknown
00806260	FUN_00806260	10	unknown
00806270	FUN_00806270	55	unknown
008062b0	FUN_008062b0	31	unknown
