start	end	bytes
00401027	0040102f	9
0040106a	0040106f	6
00401077	0040107f	9
004010c8	004010cf	8
00401101	0040110f	15
00401157	0040115f	9
0040119a	0040119f	6
0040121a	0040121f	6
00401292	0040129f	14
004012ae	004012af	2
004012d3	004012df	13
0040132d	0040132f	3
0040134b	0040134f	5
0040138e	0040138f	2
004013e1	004013ef	15
0040142b	0040142e	4
00401443	0040144f	13
004014a4	004014af	12
00401525	0040152f	11
004015c8	004015d0	9
00401612	0040161a	9
00401659	0040165b	3
00401677	0040167f	9
004016b1	004016bf	15
004016f8	004016ff	8
00401775	00401778	4
004017ca	004017cf	6
004018b9	004018bf	7
0040198a	0040198f	6
00401a9d	00401a9f	3
00401b06	00401b08	3
00401bb5	00401bbf	11
00401c93	00401c9f	13
00401da1	00401da6	6
00401e19	00401e1f	7
00401f03	00401f0f	13
0040201f	0040201f	1
0040210a	0040210f	6
00402217	00402219	3
004022f5	004022f7	3
0040230c	0040230f	4
00402364	0040236f	12
004024ba	004024bf	6
004024e1	004024e3	3
004024ea	004024ef	6
004024fc	0040251f	36
0040260a	0040260f	6
0040261d	0040261f	3
0040263d	0040263f	3
0040264c	0040264f	4
00402689	0040268f	7
0040269d	0040269f	3
004026b5	004026bf	11
00402732	0040273f	14
004027c4	004027cf	12
0040297d	0040297f	3
00402a83	00402a85	3
00402a98	00402a9f	8
00402b57	00402b5f	9
00402bd2	00402bdf	14
00402c5a	00402c5f	6
00402cda	00402cdf	6
00402d98	00402d9f	8
004031a9	004031af	7
0040322a	0040322f	6
004033ea	004033ec	3
0040340e	00403410	3
00403423	0040342f	13
004034ff	004034ff	1
00403615	0040361f	11
004036d8	004036df	8
0040382f	0040382f	1
00403869	0040386f	7
004038a9	004038af	7
004038e9	004038ef	7
004039ae	004039b0	3
00403a66	00403a68	3
00403a82	00403a84	3
00403a9e	00403a9f	2
00403aae	00403aaf	2
00403ac8	00403aca	3
00403aee	00403af0	3
00403af7	00403aff	9
00403b25	00403b2f	11
00403b5e	00403b5f	2
00403b93	00403b9f	13
00403bbb	00403bbd	3
00403bc4	00403bcf	12
00403be1	00403bef	15
00403c01	00403c0f	15
00403c3c	00403c3f	4
00403c58	00403c5a	3
00403c72	00403cff	142
00403d72	00403d74	3
00403d7d	00403d7f	3
00403dea	00403def	6
00403e19	00403e1f	7
00403e4a	00403e4f	6
00403e5a	00403e5f	6
00403e68	00403e6f	8
00403eb1	00403ebf	15
00403f01	00403f0f	15
00403f5a	00403f5f	6
00403f7f	00403f7f	1
00403f9d	00403f9f	3
00403fad	00403faf	3
00403fbc	00403fbf	4
00404019	0040401f	7
00404077	0040407f	9
0040408b	0040408f	5
00404095	0040409f	11
004040b1	004040bf	15
004040c7	004040cf	9
004040d7	004040df	9
00404135	0040413f	11
004041b8	004041c3	12
004041c5	004041cf	11
00404242	0040424d	12
0040424f	0040424f	1
0040426c	0040426f	4
00404280	0040428f	16
0040429d	0040429f	3
004042ad	004042af	3
004042f7	004042ff	9
00404311	0040431f	15
0040433b	0040433d	3
00404344	0040434f	12
00404396	0040439f	10
004043db	004043df	5
0040445d	0040445f	3
00404478	0040447f	8
004048a7	004048a9	3
004048e3	004048ef	13
00404928	0040492f	8
004049c0	004049cf	16
004049ef	004049f1	3
00404a0f	00404a0f	1
00404a2b	00404a2f	5
00404b04	00404b06	3
00404b23	00404b25	3
00404b36	00404b3f	10
00404b5c	00404b5f	4
00404bc9	00404bcf	7
00404beb	00404bed	3
00404bf4	00404bff	12
00404c36	00404c3f	10
00404c45	00404c4f	11
00404c64	00404c66	3
00404caf	00404caf	1
00404cce	00404cd0	3
00404cdb	00404cdf	5
00404cfd	00404cff	3
00404dae	00404daf	2
00404e52	00404e5f	14
00404e8a	00404e8f	6
00404eba	00404ebf	6
00404f11	00404f1f	15
00404f81	00404f8f	15
004051e7	004051ef	9
00405208	0040520a	3
00405211	0040521f	15
0040523b	0040523f	5
0040525e	00405260	3
00405276	00405278	3
004052a2	004052a4	3
004052ab	004052af	5
004053bf	004053c5	7
00405497	0040549f	9
004054c9	004054cb	3
004054d3	004054df	13
0040561e	00405620	3
00405691	0040569f	15
004056b8	004056bf	8
004056e4	004056ef	12
0040584c	0040584e	3
004058a7	004058af	9
004058d1	004058df	15
004059fd	004059ff	3
00405a84	00405a8f	12
00405aaf	00405aaf	1
00405ab1	00405abf	15
00405ad5	00405adf	11
00405b0e	00405b0f	2
00405b25	00405b2f	11
00405b5e	00405b5f	2
00405b67	00405b6f	9
00405b95	00405b9f	11
00405ba7	00405baf	9
00405bd5	00405bdf	11
00405c01	00405c03	3
00405c0a	00405c0f	6
00405c46	00405c4f	10
00405c7f	00405c7f	1
00405dcd	00405dcf	3
00405e38	00405e3f	8
00405e9e	00405e9f	2
00405ee4	00405eef	12
00405f48	00405f4f	8
00405fe8	00405fef	8
00406047	0040604f	9
004060cb	004060cf	5
00406198	0040619a	3
004061d6	004061d8	3
00406214	0040621b	8
0040631b	0040631f	5
00406362	0040636f	14
004063bb	004063bf	5
004063e9	004063ef	7
004064a5	004064af	11
00406645	00406647	3
00406658	0040665f	8
004069bd	004069bf	3
00406a1d	00406a1f	3
00406a4b	00406a4d	3
00406a5f	00406a5f	1
00406b81	00406b8f	15
00406cad	00406caf	3
00406db1	00406dbf	15
00406ec1	00406ecf	15
00406fd8	00406fdf	8
004070e8	004070ef	8
004071f4	004071ff	12
004074b3	004074b5	3
0040753d	0040753f	3
00407876	00407878	3
0040788a	0040788f	6
00407994	0040799f	12
00407aa4	00407aaf	12
00407bbf	00407bbf	1
00407c94	00407c96	3
00407cb3	00407cb5	3
00407cc6	00407ccf	10
00407cec	00407cef	4
00407d89	00407d8f	7
00407e70	00407e72	3
00407e85	00407e87	3
00407ed6	00407ed8	3
00407ef4	00407ef6	3
00407f07	00407f0f	9
00408052	0040805f	14
004081de	004081e0	3
0040823f	0040823f	1
004082a5	004082a7	3
004082b8	004082bf	8
004083a0	004083a2	3
004083b5	004083b7	3
00408406	00408408	3
00408424	00408426	3
00408437	0040843f	9
00408582	0040858f	14
004085f5	004085f7	3
00408608	0040860f	8
004086e5	004086e7	3
00408704	00408706	3
00408717	0040871f	9
0040875d	0040875f	3
004087f9	004087ff	7
0040893b	0040893d	3
00408987	0040898f	9
004089c6	004089cf	10
004089e8	004089ea	3
004089f1	004089ff	15
00408a1b	00408a1f	5
00408a49	00408a4b	3
00408a53	00408a5f	13
00408b8b	00408b8d	3
00408bd7	00408bdf	9
00408c43	00408c4f	13
00408cba	00408cbf	6
00408d8a	00408d8c	3
00408dc9	00408dcf	7
00408e4f	00408e4f	1
00408e5e	00408e5f	2
00408e7c	00408e7f	4
00408f14	00408f1f	12
00408f60	00408f62	3
00408f71	00408f7f	15
00409764	0040976f	12
00409930	00409932	3
004099a5	004099af	11
00409a99	00409a9b	3
00409ab8	00409aba	3
00409acb	00409acf	5
00409b69	00409b6f	7
00409c59	00409c5b	3
00409c78	00409c7a	3
00409c8b	00409c8f	5
00409d29	00409d2f	7
00409dae	00409daf	2
00409e45	00409e4f	11
00409e95	00409e97	3
00409ea6	00409eaf	10
00409f9b	00409f9d	3
00409fba	00409fbc	3
00409fcd	00409fcf	3
00409fd3	00409fdf	13
0040a079	0040a07f	7
0040a0c9	0040a0cb	3
0040a0da	0040a0df	6
0040a1c1	0040a1c3	3
0040a1d6	0040a1d8	3
0040a227	0040a229	3
0040a245	0040a247	3
0040a258	0040a25f	8
0040a263	0040a26f	13
0040a291	0040a29f	15
0040a39a	0040a39f	6
0040a475	0040a477	3
0040a494	0040a496	3
0040a4a7	0040a4af	9
0040a4cc	0040a4cf	4
0040a569	0040a56f	7
0040a6ab	0040a6ad	3
0040a6f7	0040a6ff	9
0040a7d5	0040a7d7	3
0040a7f4	0040a7f6	3
0040a807	0040a80f	9
0040a82c	0040a82f	4
0040a8c9	0040a8cf	7
0040a9a5	0040a9a7	3
0040a9c4	0040a9c6	3
0040a9d7	0040a9df	9
0040aa16	0040aa1f	10
0040aab9	0040aabf	7
0040ab95	0040ab97	3
0040abb4	0040abb6	3
0040abc7	0040abcf	9
0040ac06	0040ac0f	10
0040aca9	0040acaf	7
0040ad45	0040ad4f	11
0040ad90	0040ad92	3
0040ada1	0040adaf	15
0040ae85	0040ae87	3
0040aea4	0040aea6	3
0040aeb7	0040aebf	9
0040af0c	0040af0f	4
0040afa9	0040afaf	7
0040b0ad	0040b0af	3
0040b0c2	0040b0c4	3
0040b113	0040b115	3
0040b128	0040b12a	3
0040b179	0040b17b	3
0040b19a	0040b19c	3
0040b30f	0040b30f	1
0040b44b	0040b44d	3
0040b497	0040b49f	9
0040b4f1	0040b4ff	15
0040b557	0040b560	10
0040b5ad	0040b5b6	10
0040b60a	0040b60c	3
0040b67a	0040b67f	6
0040b767	0040b769	3
0040b77c	0040b77e	3
0040b7cd	0040b7cf	3
0040b7e2	0040b7e4	3
0040b833	0040b835	3
0040b854	0040b856	3
0040b86a	0040b86f	6
0040b944	0040b94f	12
0040bb8d	0040bb8f	3
0040bb99	0040bb9f	7
0040bc92	0040bc94	3
0040bca7	0040bca9	3
0040bcf8	0040bcfa	3
0040bd0d	0040bd0f	3
0040bd5e	0040bd60	3
0040bd73	0040bd75	3
0040bdc7	0040bdc9	3
0040bde8	0040bdea	3
0040bdfe	0040bdff	2
0040c10d	0040c10f	3
0040c189	0040c19c	20
0040c23d	0040c23f	3
0040c2ce	0040c2cf	2
0040c3a4	0040c3a6	3
0040c3c3	0040c3c5	3
0040c3d6	0040c3df	10
0040c442	0040c44f	14
0040c52c	0040c52f	4
0040c5af	0040c5af	1
0040c5cc	0040c5cf	4
0040c6a5	0040c6a7	3
0040c6c4	0040c6c6	3
0040c6d7	0040c6df	9
0040c72f	0040c72f	1
0040c80c	0040c80f	4
0040c88f	0040c88f	1
0040c8ac	0040c8af	4
0040c92f	0040c92f	1
0040c94c	0040c94f	4
0040ca25	0040ca27	3
0040ca44	0040ca46	3
0040ca57	0040ca5f	9
0040ca81	0040ca8f	15
0040cb6c	0040cb6f	4
0040cc45	0040cc47	3
0040cc64	0040cc66	3
0040cc77	0040cc7f	9
0040cca1	0040ccaf	15
0040cd8c	0040cd8f	4
0040ce65	0040ce67	3
0040ce84	0040ce86	3
0040ce97	0040ce9f	9
0040cec1	0040cecf	15
0040cfac	0040cfaf	4
0040d085	0040d087	3
0040d0a4	0040d0a6	3
0040d0b7	0040d0bf	9
0040d0e1	0040d0ef	15
0040d1cc	0040d1cf	4
0040d2bb	0040d2bd	3
0040d2d0	0040d2d2	3
0040d321	0040d323	3
0040d336	0040d338	3
0040d387	0040d389	3
0040d3a8	0040d3aa	3
0040d3be	0040d3bf	2
0040d4d2	0040d4df	14
0040d719	0040d71f	7
0040d785	0040d78f	11
0040d82e	0040d833	6
0040d878	0040d87f	8
0040d955	0040d957	3
0040d974	0040d976	3
0040d987	0040d98f	9
0040d9b1	0040d9bf	15
0040da9c	0040da9f	4
0040db75	0040db77	3
0040db94	0040db96	3
0040dba7	0040dbaf	9
0040dccb	0040dccf	5
0040dd33	0040dd35	3
0040dd46	0040dd4f	10
0040de25	0040de27	3
0040de44	0040de46	3
0040de57	0040de5f	9
0040df7b	0040df7f	5
0040dfe3	0040dfe5	3
0040dff6	0040dfff	10
0040e0d5	0040e0d7	3
0040e0f4	0040e0f6	3
0040e107	0040e10f	9
0040e22b	0040e22f	5
0040e293	0040e295	3
0040e2a6	0040e2af	10
0040e385	0040e387	3
0040e3a4	0040e3a6	3
0040e3b7	0040e3bf	9
0040e4db	0040e4df	5
0040e543	0040e545	3
0040e556	0040e55f	10
0040e5f5	0040e5ff	11
0040e647	0040e649	3
0040e658	0040e65f	8
0040e74a	0040e74c	3
0040e769	0040e76b	3
0040e77c	0040e77f	4
0040e85c	0040e85f	4
0040e8a8	0040e8b1	10
0040e8fd	0040e8ff	3
0040e90e	0040e90f	2
0040e9e5	0040e9e7	3
0040ea04	0040ea06	3
0040ea17	0040ea1f	9
0040ea2e	0040ea2f	2
0040ea73	0040ea7f	13
0040eb5c	0040eb5f	4
0040ec35	0040ec37	3
0040ec54	0040ec56	3
0040ec67	0040ec6f	9
0040ecb5	0040ecbf	11
0040ed9c	0040ed9f	4
0040ee96	0040ee98	3
0040eeab	0040eead	3
0040eefc	0040eefe	3
0040ef1a	0040ef1c	3
0040ef2d	0040ef2f	3
0040f0b4	0040f0bf	12
0040f111	0040f11a	10
0040f161	0040f16a	10
0040f1b8	0040f1ba	3
0040f1c9	0040f1cf	7
0040f24f	0040f24f	1
0040f26b	0040f26f	5
0040f2ef	0040f2ef	1
0040f30b	0040f30f	5
0040f3e5	0040f3e7	3
0040f404	0040f406	3
0040f417	0040f41f	9
0040f53b	0040f53f	5
0040f5a0	0040f5a2	3
0040f5c3	0040f5cf	13
0040f60e	0040f60f	2
0040f76b	0040f76d	3
0040f8b5	0040f8b7	3
0040f8d4	0040f8d6	3
0040f8e7	0040f8ef	9
0040f9ec	0040f9ef	4
0040fa19	0040fa1f	7
0040fcb5	0040fcb7	3
0040fcd0	0040fd3f	112
0040fd56	0040fd5f	10
0040fd91	0040fd93	3
0040fda7	0040fdb2	12
0040fdba	0040fdbf	6
0040ff7e	0040ff80	3
0040ffb0	0040ffbb	12
004100bc	004100be	3
004100da	004100df	6
00410125	0041012e	10
0041016b	0041016d	3
0041017c	0041017f	4
0041020d	0041020f	3
004103cb	004103cd	3
004103fb	004103fd	3
00410428	0041042a	3
00410509	0041050b	3
0041056e	00410570	3
004105e9	004105eb	3
00410618	0041061a	3
00410647	00410649	3
00410676	00410678	3
004106a5	004106a7	3
00410734	0041073f	12
0041076e	0041076f	2
004107a7	004107af	9
004107d9	004107db	3
004107e3	004107ef	13
00410889	0041088f	7
004108b9	004108bb	3
004108c3	004108cf	13
004108e6	004108ef	10
004108fe	004108ff	2
00410929	0041092f	7
004109c3	004109ce	12
00410a26	00410a2f	10
00410a9a	00410a9f	6
00410b06	00410b08	3
00410b11	00410b1f	15
00410b92	00410b94	3
00410b9d	00410b9f	3
00410bb4	00410bbf	12
00410c22	00410c2f	14
00410ddc	00410ddf	4
00410e68	00410e73	12
00410e75	00410e7f	11
00410ea0	00410eaf	16
00410f0f	00410f0f	1
00410f3b	00410f3f	5
00410f65	00410f70	12
00410f77	00410f7f	9
0041113a	0041113f	6
0041123b	0041125f	37
004112a6	004112af	10
004112ee	004112f0	3
004112ff	004112ff	1
00411773	00411775	3
004117a4	004117a6	3
004117d3	004117d5	3
004118cd	004118cf	3
00411930	00411932	3
004119ab	004119ad	3
004119da	004119dc	3
00411a09	00411a0b	3
00411a38	00411a3a	3
00411a67	00411a69	3
00411b38	00411b3f	8
00411b63	00411b6f	13
00411bc9	00411bcf	7
00411c0f	00411c0f	1
00411c26	00411c2f	10
00411c7a	00411c7f	6
00411c8e	00411c8f	2
00411cb9	00411cbf	7
00411d53	00411d5e	12
00411d6e	00411d6f	2
00411d99	00411d9f	7
00411e33	00411e3e	12
00411e60	00411e6f	16
00411ecf	00411ecf	1
00411efb	00411eff	5
00411f25	00411f30	12
00411f37	00411f3f	9
004120fa	004120ff	6
004121fb	0041221f	37
00412282	0041228f	14
0041243c	0041243f	4
00412495	0041249f	11
004124f9	004124ff	7
00412587	00412592	12
00412594	0041259f	12
004125ce	004125cf	2
00412653	0041265f	13
00412714	0041271f	12
004127a7	004127b2	12
004127b4	004127bf	12
004127e0	004127ef	16
0041284f	0041284f	1
0041287b	0041287f	5
004128a5	004128b0	12
004128b7	004128bf	9
00412a7a	00412a7f	6
00412b7b	00412b9f	37
00412c27	00412c2f	9
00412dde	00412ddf	2
00412dfb	00412dff	5
00412fac	00412faf	4
00413062	0041306f	14
0041309c	0041309f	4
00413109	0041310f	7
004131c7	004131cf	9
00413252	0041325f	14
004132de	004132e0	3
004132fd	004132ff	3
00413365	00413367	3
00413384	00413386	3
004133ec	004133ee	3
00413411	00413413	3
0041341a	0041341f	6
0041343b	0041343d	3
0041347b	004134df	101
004134f8	00413505	14
00413518	0041351f	8
00413521	0041352f	15
00413569	0041356f	7
0041359a	0041359f	6
004135ec	004135f5	10
004135fe	004135ff	2
0041361a	0041361f	6
00413635	00413637	3
0041363e	0041363f	2
00413677	0041367f	9
004137c7	004137cf	9
00413916	00413918	3
004139d9	004139db	3
004139fc	004139fe	3
00413a11	00413a1f	15
00413b59	00413b5b	3
00413b89	00413b94	12
00413c4a	00413c4f	6
00413c9d	00413c9f	3
00413d02	00413d0f	14
00413dd9	00413ddf	7
00413e05	00413e0f	11
00413e33	00413e35	3
00413e43	00413e45	3
00413e59	00413e5b	3
00413e62	00413e6f	14
00413e91	00413e9f	15
00413f81	0041402f	175
0041404d	0041404f	3
00414086	0041408f	10
004140f4	004140ff	12
00414115	00414117	3
0041411e	0041411f	2
0041416c	0041416f	4
004141e2	004141ef	14
004141fd	004141ff	3
00414207	0041420f	9
0041422c	0041422f	4
0041424c	0041424f	4
0041426c	0041426f	4
0041428c	0041428f	4
00414293	0041429f	13
004142ad	004142af	3
004142ba	004142bf	6
004142cd	004142cf	3
004142da	004142df	6
00414349	0041434f	7
00414375	0041437f	11
004143cf	004143cf	1
0041442d	0041442f	3
00414473	0041447f	13
004144c6	004144cf	10
00414506	0041450f	10
00414565	0041456f	11
004145cd	004145cf	3
004145e9	004145ef	7
00414664	0041466f	12
0041469f	0041469f	1
004146cf	004146cf	1
004146ff	004146ff	1
0041472f	0041472f	1
004147ae	004147b9	12
004147bb	004147bf	5
00414856	00414861	12
00414863	0041486f	13
00414903	0041490e	12
0041498e	00414999	12
0041499b	0041499f	5
00414a33	00414a3e	12
00414ad3	00414ade	12
00414b05	00414b10	12
00414b17	00414b1f	9
00414b45	00414b50	12
00414b57	00414b5f	9
00414b79	00414b7f	7
00414b92	00414b94	3
00414ba6	00414baf	10
00414c18	00414c1f	8
00414c7f	00414c7f	1
00414ce4	00414cef	12
00414d1b	00414d1f	5
00414d52	00414d5f	14
00414e98	00414e9d	6
00415018	0041501d	6
0041512f	00415134	6
004151a7	004151af	9
00415241	00415245	5
00415247	0041524f	9
00415297	00415299	3
004152b1	004152b3	3
0041546c	0041546f	4
0041561c	0041561f	4
004158ae	004158cf	34
0041590d	0041590f	3
00415ad4	00415ad6	3
00415b2b	00415b2d	3
00415b42	00415b4f	14
00415bd3	00415bdf	13
00415c99	00415c9f	7
00415dd9	00415ddb	3
00415e09	00415e14	12
00415eca	00415ecf	6
00415fa4	00415faf	12
00416067	0041606f	9
00416127	0041612f	9
004161b1	004161bc	12
004161be	004161bf	2
0041623e	00416249	12
0041624b	0041624f	5
00416281	00416283	3
00416297	004162a2	12
004162aa	004162af	6
0041645a	0041645f	6
0041660c	0041660f	4
004167bc	004167bf	4
004168c7	004168cf	9
00416903	0041695a	88
00416978	0041697f	8
004169db	004169df	5
00416a99	00416a9f	7
00416b51	00416b5f	15
00416c17	00416c1f	9
00416d97	00416d9f	9
00416e1d	00416e1f	3
00416fb9	00416fbb	3
00416fd4	00416fd6	3
0041707c	0041707f	4
00417114	0041711f	12
00417179	0041717f	7
0041720b	0041720f	5
0041723d	0041723f	3
0041729a	0041729f	6
00417409	0041740f	7
004175af	004175af	1
004175dd	004175df	3
004179f8	004179fa	3
00417a2a	00417a2c	3
00417b90	00417b92	3
00417bc3	00417bc5	3
00417c17	00417c4f	57
00418829	0041882b	3
00418adb	00418add	3
00418e02	00418e04	3
00418f8e	00418f90	3
00418ff8	0041916f	376
00419210	00419212	3
00419239	0041923b	3
0041924b	0041924f	5
004192dd	004192df	3
00419301	00419303	3
00419485	0041948f	11
004195e8	004195ea	3
0041981b	0041981d	3
004198ed	004198ef	3
00419957	004199bf	105
00419a2e	00419a30	3
00419a69	00419a6b	3
00419b28	00419b2f	8
00419b89	00419b8b	3
00419bb1	00419bb3	3
00419bea	00419bec	3
00419c15	00419c17	3
00419c32	00419c3f	14
0041a06e	0041a06f	2
0041a074	0041a07f	12
0041a09d	0041a09f	3
0041a0d3	0041a0df	13
0041a17f	0041a17f	1
0041a1bf	0041a1bf	1
0041a253	0041a25e	12
0041a28c	0041a28f	4
0041a31c	0041a31f	4
0041a375	0041a37f	11
0041a3cd	0041a3cf	3
0041a439	0041a43f	7
0041a56b	0041a56d	3
0041a582	0041a58f	14
0041a5dc	0041a5de	3
0041a668	0041a66a	3
0041a7b5	0041a7b7	3
0041a7e4	0041a7ef	12
0041a7f5	0041a7ff	11
0041a87e	0041a889	12
0041a88b	0041a88f	5
0041aa3c	0041aa3f	4
0041aa71	0041aa73	3
0041aa87	0041aa92	12
0041aa9a	0041aa9f	6
0041ab37	0041abff	201
0041ad07	0041ad09	3
0041ad75	0041ad77	3
0041ad9d	0041ad9f	3
0041adbf	0041adc1	3
0041ade4	0041ade6	3
0041ae47	0041ae4f	9
0041ae68	0041aebf	88
0041af1c	0041af1f	4
0041af28	0041af2f	8
0041af76	0041af7f	10
0041b0d0	0041b0d5	6
0041b18c	0041b18f	4
0041b264	0041b266	3
0041b287	0041b289	3
0041b29a	0041b2af	22
0041b2ed	0041b2ef	3
0041b366	0041b36f	10
0041b386	0041b38f	10
0041b3f4	0041b3ff	12
0041b421	0041b42f	15
0041b451	0041b45f	15
0041b540	0041b542	3
0041b5f2	0041b5f4	3
0041b605	0041b607	3
0041b628	0041b62a	3
0041b687	0041b689	3
0041b6a6	0041b6a8	3
0041b6c3	0041b6cf	13
0041b85b	0041b85d	3
0041b8ce	0041b8d0	3
0041b8e6	0041b8ff	26
0041b919	0041b91f	7
0041b99e	0041b99f	2
0041b9de	0041b9df	2
0041b9f9	0041b9ff	7
0041ba76	0041ba7f	10
0041ba87	0041ba8f	9
0041bada	0041badf	6
0041bb2a	0041bb2f	6
0041bb3d	0041bb3f	3
0041bb4c	0041bb4f	4
0041bba7	0041bbaf	9
0041bc0d	0041bc0f	3
0041bca3	0041bcae	12
0041bd43	0041bd4e	12
0041bd82	0041bd8f	14
0041bdc9	0041bdcf	7
0041be44	0041be4f	12
0041be89	0041be8f	7
0041bf04	0041bf0f	12
0041bf77	0041bf7f	9
0041c038	0041c03f	8
0041c0f8	0041c0fa	3
0041c23d	0041c23f	3
0041c280	0041c282	3
0041c2af	0041c2b1	3
0041c309	0041c30f	7
0041c3f5	0041c3f7	3
0041c482	0041c484	3
0041c56c	0041c56e	3
0041c5cf	0041c5d1	3
0041c632	0041c634	3
0041c695	0041c697	3
0041c6da	0041c6de	5
0041c71d	0041c71f	3
0041c735	0041c73f	11
0041c9d5	0041c9d7	3
0041c9f0	0041ca1f	48
0041ca51	0041ca53	3
0041ca67	0041ca72	12
0041ca7a	0041ca7f	6
0041cafe	0041cb09	12
0041cb0b	0041cb0f	5
0041cbc4	0041cbcf	12
0041cd7c	0041cd7f	4
0041ce37	0041ce3f	9
0041cec3	0041cecf	13
0041cef0	0041ceff	16
0041cf89	0041cf8f	7
0041cfcd	0041cfcf	3
0041d101	0041d10f	15
0041d2b7	0041d2bf	9
0041d34d	0041d34f	3
0041d35d	0041d35f	3
0041d385	0041d3bf	59
0041d41d	0041d41f	3
0041d49e	0041d4a9	12
0041d4ab	0041d4af	5
0041d65c	0041d65f	4
0041d69d	0041d69f	3
0041d7d1	0041d7df	15
0041da84	0041daa2	31
0041dab7	0041dadf	41
0041db27	0041db43	29
0041db57	0041db63	13
0041db6b	0041db6f	5
0041dd17	0041dd1f	9
0041ddd4	0041dddf	12
0041debc	0041debe	3
0041decb	0041decf	5
0041df87	0041df8f	9
0041e013	0041e01f	13
0041e040	0041e04f	16
0041e0d9	0041e0df	7
0041e105	0041e13f	59
0041e19d	0041e19f	3
0041e21e	0041e229	12
0041e22b	0041e22f	5
0041e3dc	0041e3df	4
0041e41d	0041e41f	3
0041e551	0041e55f	15
0041e804	0041e8ef	236
0041ea97	0041ea9f	9
0041eb7c	0041eb7e	3
0041eb8b	0041ec4f	197
0041ee5b	0041ee5d	3
0041ef77	0041ef81	11
0041efc9	0041efcb	3
0041f0a9	0041f0b3	11
0041f0cc	0041f0ce	3
0041f11c	0041f11e	3
0041f134	0041f13f	12
0041f168	0041f16f	8
0041f19a	0041f19f	6
0041f1d7	0041f1df	9
0041f223	0041f22f	13
0041f277	0041f27f	9
0041f2ca	0041f2cf	6
0041f31a	0041f31f	6
0041f36d	0041f36f	3
0041f3d5	0041f3d7	3
0041f445	0041f447	3
0041f459	0041f45f	7
0041f4c5	0041f4c7	3
0041f4d9	0041f4df	7
0041f512	0041f51f	14
0041f5b8	0041f5ba	3
0041f5ce	0041f5cf	2
0041f637	0041f639	3
0041f64d	0041f64f	3
0041f6cc	0041f6cf	4
0041f725	0041f72f	11
0041f79f	0041f79f	1
0041f825	0041f832	14
0041f858	0041f85f	8
0041f8de	0041f8e0	3
0041f8f1	0041f8ff	15
0041f937	0041f93f	9
0041f95d	0041f95f	3
0041f9b7	0041f9bf	9
0041fa53	0041fa5e	12
0041fade	0041fae9	12
0041faeb	0041faef	5
0041fb83	0041fb8e	12
0041fbb5	0041fbc0	12
0041fbc7	0041fbcf	9
0041fbfa	0041fbff	6
0041fc68	0041fc6f	8
0041fcbe	0041fcbf	2
0041fcf7	0041fcff	9
0041feac	0041feaf	4
0041ff18	0041ff1f	8
0041ff61	0041ff6f	15
0041ff84	0041ff86	3
0041ff9a	0041ff9f	6
0042001d	0042001f	3
00420038	0042003f	8
004200da	004200dc	3
004200ef	004200f1	3
00420101	0042010f	15
0042016d	0042016f	3
004202a9	004202ab	3
004202d9	004202e4	12
0042039a	0042039f	6
00420459	0042051f	199
004207b5	004207b7	3
004207d0	004207ff	48
0042087e	00420889	12
0042088b	0042088f	5
004208c1	004208c3	3
004208d7	004208e2	12
004208ea	004208ef	6
0042092e	0042092f	2
004209c0	004209cf	16
004209ef	004209f1	3
00420a0f	00420a0f	1
00420a5c	00420a5f	4
00420a7f	00420a81	3
00420a9c	00420a9f	4
00420aeb	00420aed	3
00420b10	00420b12	3
00420b24	00420b2f	12
00420b84	00420b86	3
00420ba8	00420baa	3
00420bbe	00420bbf	2
00420c05	00420c0f	11
00420c49	00420c4f	7
00420c9e	00420c9f	2
00420e09	00420e0f	7
00420fbc	00420fbf	4
00420fdb	00420fdf	5
00421036	00421038	3
0042105b	0042105d	3
0042106f	0042106f	1
004210c3	004210c5	3
004210d8	004210df	8
0042112d	0042112f	3
004211a9	004211af	7
004211d9	004211df	7
004211f6	004211ff	10
004213c4	004213c6	3
004213f6	00421401	12
00421502	00421504	3
0042155d	0042155f	3
00421691	0042169f	15
00421757	0042175f	9
00421776	0042177f	10
00421796	0042179f	10
00421809	0042180f	7
004219b7	004219bf	9
00421a42	00421a4f	14
00421ae6	00421ae8	3
00421b01	00421b0f	15
00421bdd	00421bdf	3
00421c1f	00421cdf	193
00421d05	00421d0f	11
00421e10	00421e12	3
00421ee2	00421ee4	3
00421f2e	00421f30	3
00421f51	00421f53	3
00421f81	00421f83	3
00421fa4	00421fa6	3
00421fb9	00421fbf	7
00422039	0042203f	7
00422055	00422057	3
0042205e	0042205f	2
00422076	00422078	3
0042207f	0042207f	1
004220b9	004220bf	7
00422131	0042213f	15
00422164	0042216f	12
00422179	0042217f	7
0042218b	0042218f	5
00422199	0042219f	7
004221b5	004221bf	11
004221cf	004221cf	1
00422207	00422209	3
00422222	00422224	3
0042222b	0042222f	5
00422239	0042223f	7
00422247	0042224f	9
0042225b	0042225f	5
00422297	00422299	3
004222b2	004222b4	3
004222bb	004222bf	5
004222cb	004222cf	5
0042231a	0042231f	6
00422399	0042239f	7
004223c6	004223cf	10
0042240a	0042240f	6
00422436	0042243f	10
0042247a	0042247f	6
004224db	004224df	5
004224e7	004224ef	9
004224fb	004224ff	5
0042250d	0042250f	3
00422517	0042251f	9
00422527	0042252f	9
00422537	0042253f	9
00422547	0042254f	9
00422557	0042255f	9
00422567	0042256f	9
0042257d	0042257f	3
00422592	0042259f	14
004225a7	004225af	9
004225f6	004225ff	10
00422607	0042260f	9
00422617	0042261f	9
00422627	0042262f	9
00422637	0042263f	9
00422647	0042264f	9
0042265d	0042265f	3
0042266c	0042266f	4
004226a1	004226af	15
0042271e	0042271f	2
0042275d	0042275f	3
00422783	0042278f	13
004227b9	004227c5	13
004227c9	004227cf	7
004227e7	004227ef	9
004228b2	004228bf	14
00422945	0042294f	11
004229a9	004229af	7
00422a2c	00422a2f	4
00422a43	00422a4f	13
00422a8e	00422a8f	2
00422ac3	00422acf	13
00422aec	00422aef	4
00422af8	00422aff	8
00422b17	00422b1f	9
00422b36	00422b38	3
00422b3f	00422b3f	1
00422b6d	00422b6f	3
00422be5	00422bef	11
00422c68	00422c73	12
00422c75	00422c7f	11
00422cf8	00422d03	12
00422d05	00422d0f	11
00422d8b	00422d96	12
00422d98	00422d9f	8
00422ddd	00422de0	4
00422df7	00422dff	9
00422e78	00422e83	12
00422e85	00422e8f	11
00422f08	00422f13	12
00422f15	00422f1f	11
00422f61	00422f6f	15
00422f9f	00422f9f	1
00423034	0042303f	12
00423091	0042309f	15
00423102	0042310f	14
004231a3	004231ae	12
00423243	0042324e	12
004232e3	004232ee	12
00423393	0042339b	9
004233e0	004233e8	9
0042342b	0042342d	3
00423445	0042344f	11
0042347d	0042347f	3
004234b9	004234bf	7
004234d8	004234da	3
004234ec	004234ef	4
00423508	0042350a	3
00423527	00423529	3
0042354b	0042354d	3
00423585	00423587	3
004235ac	004235ae	3
004235d4	004235d6	3
004235f3	004235f5	3
00423608	0042360f	8
00423623	00423625	3
00423644	00423646	3
00423657	0042365f	9
004236c3	004236cf	13
004236e3	004236e5	3
00423704	00423706	3
00423723	00423725	3
00423736	0042373f	10
0042375a	0042375f	6
004237bf	004237bf	1
004237d1	004237d3	3
004237d9	004237df	7
0042386d	0042386f	3
00423881	00423883	3
00423895	00423897	3
0042389d	0042389f	3
004238b1	004238b3	3
004238c5	004238c7	3
004238d9	004238db	3
004238e1	004238ef	15
00423909	0042390f	7
0042395c	0042395e	3
00423978	0042397a	3
00423984	0042398f	12
004239c0	004239c0	1
004239c4	004239cf	12
00423a1a	00423a1f	6
00423b75	00423b7f	11
00423bf2	00423bf4	3
00423c07	00423c0f	9
00423c42	00423c4f	14
00423f9d	00423f9f	3
00423fd9	00423fdf	7
00424054	0042405f	12
004241b6	004241bf	10
00424293	0042429f	13
00424309	0042431f	23
004243ed	004243ef	3
00424401	0042440f	15
0042442b	0042442f	5
004245e8	004245ef	8
0042460c	0042460f	4
004247e5	004247ef	11
004248b7	004248bf	9
004249f6	004249ff	10
00424b05	00424b0f	11
00424b47	00424b4f	9
00424b95	00424b9f	11
00424bbf	00424bc1	3
00424bdc	00424bdf	4
00424c0b	00424c0f	5
00424f0f	00424f0f	1
00424fd9	00424fdb	3
0042508c	0042508f	4
00425139	0042513f	7
0042516b	0042516f	5
004251f7	004251f9	3
00425216	00425218	3
00425235	00425237	3
00425257	00425259	3
00425266	0042526f	10
0042542e	00425430	3
00425453	00425455	3
0042547b	0042547d	3
004254a0	004254a2	3
004254c8	004254ca	3
004254e7	004254e9	3
0042550c	0042550e	3
0042553a	0042553c	3
00425568	0042556a	3
00425584	00425586	3
00425592	0042559f	14
004255ca	004255cc	3
004255ee	004255fa	13
00425621	00425623	3
00425633	0042563f	13
00425671	00425673	3
004256ce	004256d0	3
0042570d	0042570f	3
0042574c	0042574e	3
0042576a	0042576c	3
004257bd	004257bf	3
0042590d	0042590f	3
00425af2	00425af4	3
00425b09	00425b0f	7
00425b43	00425b4f	13
00425ba7	00425baf	9
00425be1	00425bef	15
00425c6e	00425c70	3
00425cb3	00425cb5	3
00425cd0	00425cd2	3
00425cd9	00425cdf	7
00425d27	00425d2f	9
00425d97	00425d9f	9
00425fdf	00425fdf	1
0042611e	0042611f	2
00426224	0042622f	12
00426285	0042628f	11
0042630f	0042630f	1
0042631c	0042631f	4
0042639e	004263a9	12
004263ab	004263af	5
0042642f	0042642f	1
0042643c	0042643f	4
0042649f	0042649f	1
0042650a	0042650f	6
00426577	0042657f	9
004265d2	004265d4	3
004265e6	004265e8	3
004265ee	004265ef	2
00426619	0042661f	7
00426657	0042665f	9
00426697	0042669f	9
004266c7	004266cf	9
00426768	0042676f	8
004267ed	004267ef	3
00426808	0042680f	8
0042688b	0042688d	3
00426903	0042690f	13
004269a2	004269a4	3
004269c1	004269c3	3
00426a85	00426a87	3
00426aab	00426aad	3
00426ad8	00426ada	3
00426b06	00426b08	3
00426b37	00426b39	3
00426b52	00426b5f	14
00426efb	00426eff	5
00426f2f	00426f2f	1
004270c9	004270cb	3
004270fb	004270fd	3
00427116	0042711f	10
004272a7	004272a9	3
00427344	0042734f	12
004275c8	004275cf	8
0042765f	00427661	3
00427668	0042766f	8
00427689	0042768f	7
004276ad	004276af	3
00427731	00427731	1
00427735	0042773f	11
004279e5	004279e7	3
00427a2f	00427a31	3
00427a8e	00427a92	5
00427d90	00427d92	3
00427e2d	00427e2f	3
00427e47	00427e6f	41
00427e9f	00427e9f	1
00427ea3	00427eaf	13
004280b7	004280b9	3
004280e5	004280e7	3
00428113	00428115	3
00428141	00428143	3
00428169	0042816b	3
00428188	0042818a	3
004281ad	004281af	3
004281d5	004281d7	3
004281ee	004281f0	3
004282da	004282dc	3
00428336	00428338	3
00428389	0042838b	3
004283f1	004283f3	3
00428461	00428463	3
004284d2	004284d4	3
00428543	00428545	3
004285b4	004285b6	3
00428625	00428627	3
00428696	00428698	3
00428706	00428708	3
0042876b	0042876d	3
004287d9	004287db	3
00428835	00428837	3
0042885a	0042885c	3
00428966	00428968	3
004289f4	004289f6	3
00428a1f	00428a21	3
00428a4a	00428a4c	3
00428a95	00428a97	3
00428ab1	00428abf	15
00428ae5	00428ae5	1
00428ae9	00428aef	7
00428b15	00428b15	1
00428b19	00428b1f	7
00428b45	00428b45	1
00428b49	00428b4f	7
00428b75	00428b75	1
00428b79	00428b7f	7
00428c28	00428c2a	3
00428c3b	00428c3f	5
00428cca	00428ccc	3
00428d01	00428d03	3
00428d1d	00428d1f	3
00428e69	00428e6b	3
00428e8d	00428e8f	3
00428f16	00428f18	3
00428f76	00428f78	3
00428f95	00428f97	3
00428ff5	00428ff7	3
00429014	00429016	3
00429073	00429075	3
00429092	00429094	3
004290e1	004290e3	3
00429141	00429143	3
00429160	00429162	3
004291bf	004291c1	3
004291de	004291e0	3
0042923f	00429241	3
0042925e	00429260	3
004292ab	004292ad	3
004292b8	004292bf	8
004292ec	004292ee	3
00429307	00429309	3
00429313	0042931f	13
00429335	00429337	3
0042933e	0042933f	2
0042938b	0042938f	5
004293a6	004293af	10
004293d2	004293d4	3
004293ed	004293ef	3
0042959c	0042959f	4
004296d2	004296d4	3
00429703	0042970e	12
004297b8	004297bf	8
004298fb	004298fd	3
0042992b	00429936	12
004299ee	004299ef	2
00429a66	00429a71	12
00429a73	00429a7f	13
00429afe	00429b09	12
00429b0b	00429b0f	5
00429b8e	00429b99	12
00429b9b	00429b9f	5
00429bd1	00429bd3	3
00429be7	00429bf2	12
00429bfa	00429bff	6
00429c59	00429c5f	7
00429cf0	00429cff	16
00429d5a	00429d5f	6
00429dfc	00429dfe	3
00429e66	00429e68	3
00429e79	00429e7b	3
00429e8f	00429e8f	1
00429f98	00429f9a	3
00429fb7	00429fb9	3
00429fd6	00429fd8	3
0042a03f	0042a041	3
0042a0c0	0042a0c2	3
0042a0ee	0042a0f0	3
0042a11c	0042a11e	3
0042a14a	0042a14c	3
0042a168	0042a16f	8
0042a2f0	0042a2f2	3
0042a312	0042a314	3
0042a331	0042a333	3
0042a39a	0042a39c	3
0042a3d5	0042a3d7	3
0042a403	0042a405	3
0042a431	0042a433	3
0042a496	0042a498	3
0042a4cd	0042a4cf	3
0042a4eb	0042a4ef	5
0042a52d	0042a52f	3
0042a661	0042a66f	15
0042a791	0042a79f	15
0042a845	0042a84f	11
0042a9fc	0042a9ff	4
0042abac	0042abaf	4
0042abe1	0042abe3	3
0042ac00	0042ac02	3
0042ac16	0042ac22	13
0042ac27	0042ac2f	9
0042aeca	0042aecc	3
0042aeec	0042aeee	3
0042aeff	0042af2f	49
0042afae	0042afb9	12
0042afbb	0042afbf	5
0042affe	0042b000	3
0042b019	0042b01b	3
0042b02b	0042b037	13
0042b03f	0042b03f	1
0042b071	0042b073	3
0042b087	0042b092	12
0042b09a	0042b09f	6
0042b0d1	0042b0d3	3
0042b0e7	0042b0f2	12
0042b0fa	0042b0ff	6
0042b11d	0042b11f	3
0042b13b	0042b13f	5
0042b16c	0042b16e	3
0042b1da	0042b1df	6
0042b210	0042b212	3
0042b237	0042b239	3
0042b262	0042b264	3
0042b282	0042b284	3
0042b29c	0042b29e	3
0042b2b6	0042b2b8	3
0042b2d0	0042b2d2	3
0042b2e2	0042b2ef	14
0042b351	0042b35f	15
0042b3de	0042b3e0	3
0042b406	0042b408	3
0042b40f	0042b40f	1
0042b480	0042b482	3
0042b4ff	0042b501	3
0042b58d	0042b58f	3
0042b5ac	0042b5af	4
0042b7f3	0042b7f5	3
0042b821	0042b823	3
0042b84f	0042b851	3
0042b87a	0042b87c	3
0042b8a5	0042b8a7	3
0042b8cd	0042b8cf	3
0042b8f2	0042b8f4	3
0042b91a	0042b91c	3
0042b93f	0042b941	3
0042b967	0042b969	3
0042ba3b	0042ba3d	3
0042ba89	0042ba8b	3
0042babc	0042babf	4
0042bb5d	0042bb5f	3
0042bb7d	0042bb7f	3
0042bbc2	0042bbc4	3
0042bc04	0042bc06	3
0042bc42	0042bc44	3
0042bc80	0042bc82	3
0042bcc9	0042bccb	3
0042bd07	0042bd09	3
0042bd3e	0042bd40	3
0042bd7c	0042bd7e	3
0042bdb3	0042bdb5	3
0042bdf1	0042bdf3	3
0042be28	0042be2a	3
0042be66	0042be68	3
0042be9e	0042bea0	3
0042bedc	0042bede	3
0042bf13	0042bf15	3
0042bf51	0042bf53	3
0042bf88	0042bf8a	3
0042bfc6	0042bfc8	3
0042bffd	0042bfff	3
0042c03b	0042c03d	3
0042c072	0042c074	3
0042c0b0	0042c0b2	3
0042c0e7	0042c0e9	3
0042c125	0042c127	3
0042c15c	0042c15e	3
0042c19a	0042c19c	3
0042c1d1	0042c1d3	3
0042c20f	0042c211	3
0042c246	0042c248	3
0042c284	0042c286	3
0042c2bb	0042c2bd	3
0042c2f9	0042c2fb	3
0042c330	0042c332	3
0042c36e	0042c370	3
0042c3a5	0042c3a7	3
0042c3d0	0042c3d2	3
0042c407	0042c409	3
0042c432	0042c434	3
0042c55d	0042c55f	3
0042c599	0042c59b	3
0042c5fc	0042c5fe	3
0042c633	0042c635	3
0042c6be	0042c6c0	3
0042c6de	0042c6e0	3
0042c71c	0042c71e	3
0042c754	0042c756	3
0042c77f	0042c781	3
0042c7b6	0042c7b8	3
0042c7e1	0042c7e3	3
0042c819	0042c81b	3
0042c844	0042c846	3
0042c87c	0042c87e	3
0042c8a7	0042c8a9	3
0042c8df	0042c8e1	3
0042c90a	0042c90c	3
0042c942	0042c944	3
0042c96d	0042c96f	3
0042c9a5	0042c9a7	3
0042c9d0	0042c9d2	3
0042ca08	0042ca0a	3
0042ca33	0042ca35	3
0042ca6b	0042ca6d	3
0042ca96	0042ca98	3
0042cace	0042cad0	3
0042caf9	0042cafb	3
0042cb32	0042cb34	3
0042cb5d	0042cb5f	3
0042cb96	0042cb98	3
0042cbc1	0042cbc3	3
0042cbf8	0042cbfa	3
0042cc23	0042cc25	3
0042cc5a	0042cc5c	3
0042cc85	0042cc87	3
0042ccc1	0042ccc3	3
0042ccec	0042ccee	3
0042cd28	0042cd2a	3
0042cd53	0042cd55	3
0042cd8a	0042cd8c	3
0042cdb5	0042cdb7	3
0042cdec	0042cdee	3
0042ce17	0042ce19	3
0042ce5e	0042ce60	3
0042ce89	0042ce8b	3
0042cec0	0042cec2	3
0042ceeb	0042ceed	3
0042cf22	0042cf24	3
0042cf4d	0042cf4f	3
0042cf84	0042cf86	3
0042cfaf	0042cfb1	3
0042cfe6	0042cfe8	3
0042d011	0042d013	3
0042d049	0042d04b	3
0042d074	0042d076	3
0042d0ac	0042d0ae	3
0042d0d7	0042d0d9	3
0042d10f	0042d111	3
0042d13a	0042d13c	3
0042d17b	0042d17d	3
0042d1a6	0042d1a8	3
0042d1de	0042d1e0	3
0042d209	0042d20b	3
0042d241	0042d243	3
0042d26c	0042d26e	3
0042d2a4	0042d2a6	3
0042d31a	0042d31f	6
0042d4d6	0042d4d8	3
0042d4fe	0042d500	3
0042d523	0042d525	3
0042d54b	0042d54d	3
0042d570	0042d572	3
0042d598	0042d59a	3
0042d5b7	0042d5b9	3
0042d5dc	0042d5de	3
0042d60a	0042d60c	3
0042d617	0042d61f	9
0042d6b4	0042d6b6	3
0042d83a	0042d83c	3
0042d87a	0042d87c	3
0042d8b8	0042d8ba	3
0042d8f8	0042d8fa	3
0042d936	0042d938	3
0042d976	0042d978	3
0042d9b4	0042d9b6	3
0042d9f3	0042d9f5	3
0042da31	0042da33	3
0042da70	0042da72	3
0042daae	0042dab0	3
0042daed	0042daef	3
0042db2b	0042db2d	3
0042db6a	0042db6c	3
0042db87	0042db8f	9
0042dd24	0042dd26	3
0042dd63	0042dd65	3
0042ded5	0042dedb	7
0042e431	0042e437	7
0042e45e	0042e464	7
0042e54e	0042e550	3
0042e56e	0042e570	3
0042e5ac	0042e5ae	3
0042e5ea	0042e5ec	3
0042e68a	0042e68c	3
0042e6aa	0042e6ac	3
0042e6e8	0042e6ea	3
0042e726	0042e728	3
0042e764	0042e766	3
0042e96a	0042e96c	3
0042e993	0042e995	3
0042ea2d	0042ea2f	3
0042ea56	0042ea58	3
0042ecc7	0042ecc9	3
0042eced	0042ecef	3
0042ed12	0042ed14	3
0042ed40	0042ed42	3
0042ed6e	0042ed70	3
0042ed9c	0042ed9e	3
0042edc4	0042edc6	3
0042ede6	0042ede8	3
0042ee11	0042ee13	3
0042ee2a	0042ee2c	3
0042ee4f	0042ee51	3
0042ee6b	0042ee8f	37
0042ef22	0042ef24	3
0042ef5e	0042ef60	3
0042ef9a	0042ef9c	3
0042efc8	0042efd0	9
0042f153	0042f155	3
0042f219	0042f21b	3
0042f23b	0042f23d	3
0042f246	0042f24f	10
0042f261	0042f26f	15
0042f2bd	0042f2bf	3
0042f398	0042f39f	8
0042f4ed	0042f4ef	3
0042f522	0042f52f	14
0042f56d	0042f56f	3
0042f6a1	0042f6af	15
0042f7a4	0042f7af	12
0042f7f8	0042f7fa	3
0042f803	0042f80f	13
0042f83a	0042f83f	6
0042f9e7	0042f9ef	9
0042fbad	0042fbaf	3
0042fbe1	0042fbec	12
0042fcef	0042fcf1	3
0042fd0d	0042fd0f	3
0042fdc7	0042fdcf	9
0042ff7c	0042ff7f	4
0043003c	0043003f	4
00430057	0043008f	57
004300a7	004300ca	36
00430257	00430259	3
00430279	0043027b	3
0043029b	0043029d	3
004302ed	004302ef	3
0043030c	0043030e	3
004303c3	004303c5	3
004303e2	004303e4	3
00430401	00430403	3
004304cd	004304cf	3
004304ec	004304ee	3
0043050b	0043050d	3
0043058f	00430591	3
004305ae	004305b0	3
004307c6	004307c8	3
004307eb	004307ed	3
00430819	0043081b	3
00430847	00430849	3
00430875	00430877	3
004308a0	004308a2	3
004308c2	004308c4	3
004308e1	004308e3	3
00430923	00430925	3
00430951	00430953	3
004309a2	004309af	14
00430a25	00430a2f	11
00430b93	00430b95	3
00430c31	00430c33	3
00430c4a	00430c4c	3
00430c78	00430c7a	3
004310ef	004310f1	3
0043110f	00431111	3
00431142	00431144	3
00431170	00431172	3
0043118e	004311af	34
00431232	00431234	3
0043125a	0043125c	3
00431267	0043126f	9
0043131d	00431323	7
00431344	00431351	14
004313bb	004313bd	3
0043140b	0043140d	3
00431442	00431444	3
0043149f	004314a1	3
004314c7	004314c9	3
0043150f	00431511	3
0043151d	0043151f	3
004316d2	004316d4	3
004316f8	004316fa	3
00431745	00431747	3
004317c8	004317ca	3
0043181f	00431821	3
00431844	00431846	3
00431869	0043186b	3
00431883	0043188f	13
00431911	0043191f	15
0043198d	0043198f	3
004319c5	004319c7	3
004319e1	004319ef	15
00431aaf	00431ab1	3
00431ace	00431ad0	3
00431af0	00431af2	3
00431b15	00431b17	3
00431b2e	00431b30	3
00431b47	00431b49	3
00431b54	00431b5f	12
00431b94	00431b9f	12
00431c7e	00431c80	3
00431ca6	00431ca8	3
00431cba	00431cbf	6
00431d7c	00431d7e	3
00431d9b	00431d9d	3
00431dba	00431dbc	3
00431dca	00431dcf	6
00431e3a	00431e3f	6
00431ef7	00431eff	9
00432127	0043212f	9
004321e7	004321ef	9
00432213	0043221f	13
00432235	00432237	3
0043223e	0043223f	2
004322e0	004322e2	3
0043233d	0043233f	3
0043235e	00432360	3
0043236e	0043236f	2
004323a7	004323af	9
00432418	0043241a	3
004324c1	004324c3	3
004324d8	004324df	8
004325c9	004325cb	3
00432613	00432615	3
004326c6	004326c8	3
004326e8	004326ea	3
00432790	00432792	3
004327b8	004327ba	3
004327d7	004327d9	3
004327f9	004327fb	3
0043285c	0043285e	3
0043287b	0043287d	3
00432894	00432896	3
004328c2	004328c4	3
0043290b	0043290d	3
00432955	00432957	3
00432a08	00432a0a	3
00432a30	00432a32	3
00432a4f	00432a51	3
00432a71	00432a73	3
00432b19	00432b1b	3
00432b41	00432b43	3
00432b60	00432b62	3
00432b82	00432b84	3
00432bea	00432bec	3
00432c81	00432c83	3
00432ca9	00432cab	3
00432cc8	00432cca	3
00432cea	00432cec	3
00432dcf	00432dd1	3
00432df7	00432df9	3
00432e16	00432e18	3
00432e3b	00432e3d	3
00432e63	00432e65	3
00432e88	00432e8a	3
00432eb3	00432eb5	3
00432f3e	00432f40	3
00432f63	00432f65	3
00432f8b	00432f8d	3
00432fad	00432faf	3
0043308c	0043308e	3
004330b1	004330b3	3
004330d9	004330db	3
004330f8	004330fa	3
0043311d	0043311f	3
0043314b	0043314d	3
00433176	00433178	3
004331c2	004331c4	3
00433216	00433218	3
0043326a	0043326c	3
004332bd	004332bf	3
00433311	00433313	3
004333b2	004333b4	3
004333d7	004333d9	3
004333ff	00433401	3
0043341e	00433420	3
00433443	00433445	3
004334d4	004334d6	3
004334f9	004334fb	3
00433521	00433523	3
00433540	00433542	3
00433565	00433567	3
004335f6	004335f8	3
0043361b	0043361d	3
00433643	00433645	3
00433662	00433664	3
00433687	00433689	3
00433718	0043371a	3
0043373d	0043373f	3
00433765	00433767	3
00433784	00433786	3
004337a9	004337ab	3
0043383a	0043383c	3
0043385f	00433861	3
00433887	00433889	3
004338a6	004338a8	3
004338cb	004338cd	3
00433987	004339ab	37
004339d7	004339d9	3
004339f1	004339ff	15
00433af7	00433af9	3
00433b1d	00433b1f	3
00433b4d	00433b6e	34
00433b7e	00433b7f	2
00433c09	00433c0f	7
00433db7	00433dbf	9
00433de0	00433def	16
00433e69	00433e74	12
00433e76	00433e7f	10
0043408e	00434090	3
004340b6	004340b8	3
004340db	004340dd	3
00434103	00434105	3
00434128	0043412a	3
00434150	00434152	3
0043416f	00434171	3
00434194	00434196	3
004341c2	004341c4	3
00434358	0043435a	3
00434386	00434388	3
004343ae	004343b0	3
004343cd	004343cf	3
004343f2	004343f4	3
0043441a	0043441c	3
0043443f	00434441	3
00434467	00434469	3
0043448c	0043448e	3
0043449c	0043449f	4
00434566	00434568	3
00434579	0043457b	3
0043458d	0043458f	3
0043461f	00434621	3
0043462e	0043462f	2
00434753	00434755	3
00434798	0043479a	3
004347cd	004347cf	3
00434bf4	00434bf6	3
00434d2c	00434d2e	3
00434d53	00434d55	3
00434d5c	00434d5f	4
00434d90	00434d9c	13
00434eb8	00434ebf	8
00434fa1	00434fa3	3
00434fc0	00434fc2	3
00434fe2	00434fe4	3
00435011	00435018	8
004351ae	004351af	2
0043550d	0043550f	3
00435553	00435555	3
00435599	0043559b	3
00435b01	00435b0f	15
00435b55	00435b57	3
00435b83	00435b85	3
00435bac	00435bae	3
00435bd5	00435bd7	3
00435bfe	00435c00	3
00435c27	00435c29	3
00435c50	00435c52	3
00435c79	00435c7b	3
00435ca2	00435ca4	3
00435ccb	00435ccd	3
00435cf4	00435cf6	3
00435d1d	00435d1f	3
00435d57	00435da0	74
00435dd7	00435dd9	3
00435df3	00435df5	3
00435e23	00435e25	3
00435e62	00435e64	3
00435e8b	00435e8d	3
00435eb4	00435eb6	3
00435edd	00435edf	3
00435f06	00435f08	3
00435f2f	00435f31	3
00435f58	00435f5a	3
00435f96	00435f98	3
00435fc9	00435fcb	3
00435ff2	00435ff4	3
0043601b	0043601d	3
00436044	00436046	3
0043606d	0043606f	3
004360a7	004360cd	39
00436106	00436108	3
0043612b	0043612d	3
00436150	00436152	3
00436175	00436177	3
0043619e	004361a0	3
004361c9	004361e9	33
00436207	00436209	3
00436222	00436224	3
00436233	0043623f	13
004362f5	004362f7	3
00436320	0043634b	44
00436366	0043636f	10
004365ef	004365f1	3
0043661d	0043661f	3
0043664b	0043664d	3
00436673	00436675	3
00436698	0043669a	3
004366c0	004366c2	3
004366df	004366e1	3
00436704	00436706	3
00436785	00436787	3
00436816	00436818	3
00436844	00436846	3
00436872	00436874	3
004368ca	004368ff	54
00436a37	00436a3f	9
00436b69	00436b6b	3
00436bc0	00436bc2	3
00436bef	00436bf1	3
00436c1e	00436c20	3
00436c4d	00436c4f	3
00436c7c	00436c7e	3
0043725a	0043725f	6
00437ba8	00437bac	5
00437c32	00437c34	3
00437c48	00437c4a	3
00437c74	00437c76	3
00437c99	00437c9b	3
00437caf	00437cd8	42
00437d55	00437ddf	139
00437e38	00437e3f	8
00437e58	00437e5f	8
00437e75	00437e7f	11
00437e89	00437e8f	7
00437eb6	00437ebf	10
00437ece	00437ecf	2
00437edb	00437edf	5
00437ef5	00437eff	11
00437f2b	00437f2f	5
00437f5f	00437f5f	1
00437f8f	00437f8f	1
00437fe8	00437fef	8
0043801a	0043801f	6
00438032	0043803f	14
00438053	0043805f	13
00438076	0043807f	10
0043808d	0043808f	3
00438097	0043809f	9
004380ad	004380af	3
004381fe	004381ff	2
00438215	0043821f	11
0043823d	0043823f	3
0043827d	0043827f	3
0043828d	0043828f	3
004382b4	004382bf	12
004382df	004382df	1
0043831c	0043831f	4
0043836e	0043836f	2
004383fd	004383ff	3
0043849f	0043849f	1
00438589	0043858f	7
004386de	004386df	2
0043875d	0043875f	3
00438794	0043879f	12
00438802	0043880f	14
00438888	00438893	12
00438895	0043889f	11
00438912	0043891d	12
0043891f	0043891f	1
00438999	004389a4	12
004389a6	004389af	10
00438a43	00438a4e	12
00438ae3	00438aee	12
00438b15	00438b20	12
00438b27	00438b2f	9
00438b55	00438b60	12
00438b67	00438b6f	9
00438b91	00438b9f	15
00438bdd	00438bdf	3
00438c0d	00438c0f	3
00438c49	00438c4f	7
00438c91	00438ca0	16
00438cb1	00438cbf	15
00438d28	00438d2f	8
00438e89	00438e8f	7
00438f07	00438f0f	9
00438feb	00438fef	5
00439113	0043911f	13
0043919f	0043919f	1
004391ac	004391af	4
004391eb	004391ed	3
004391f2	004391ff	14
00439373	0043937f	13
0043939d	0043939f	3
0043943d	0043943f	3
0043949d	0043949f	3
004394da	004394df	6
0043954c	0043954f	4
00439556	0043955f	10
00439566	0043956f	10
004395d9	004395db	3
004395e5	004395ef	11
0043967e	0043967f	2
004396b9	004396bf	7
004396fc	004396ff	4
00439786	00439788	3
00439822	00439824	3
00439894	00439896	3
004398ff	00439901	3
00439919	0043991f	7
004399c9	004399cb	3
00439a22	00439a24	3
00439a86	00439a88	3
00439a9e	00439a9f	2
00439aa6	00439aaf	10
00439b30	00439b32	3
00439b4a	00439b4f	6
00439dae	00439db0	3
00439dd2	00439dd4	3
00439df7	00439df9	3
00439ee5	00439ee7	3
00439f08	00439f0a	3
00439f31	00439f33	3
00439fb2	00439fb4	3
0043a00c	0043a00e	3
0043a032	0043a03b	10
0043a048	0043a04f	8
0043a092	0043a094	3
0043a0ee	0043a0f0	3
0043a110	0043a112	3
0043a11a	0043a11f	6
0043a155	0043a157	3
0043a19b	0043a19d	3
0043a1fe	0043a200	3
0043a21c	0043a21f	4
0043a279	0043a27b	3
0043a2af	0043a2b1	3
0043a2c2	0043a2cf	14
0043a303	0043a3cf	205
0043a44e	0043a459	12
0043a45b	0043a51f	197
0043a57e	0043a57f	2
0043a5df	0043a5e1	3
0043a8b1	0043a8b3	3
0043a8da	0043a8dc	3
0043a900	0043a902	3
0043a946	0043a948	3
0043a9da	0043a9df	6
0043aa11	0043aa13	3
0043aa1b	0043aa1f	5
0043abcc	0043abcf	4
0043ac28	0043ac2f	8
0043ac99	0043ac9f	7
0043adc8	0043adcf	8
0043ae1c	0043ae1f	4
0043aed9	0043aedf	7
0043af94	0043af9f	12
0043b155	0043b157	3
0043b1c5	0043b1c7	3
0043b1e5	0043b1e7	3
0043b20b	0043b20d	3
0043b2f5	0043b2f7	3
0043b36b	0043b36d	3
0043b38a	0043b38c	3
0043b3a2	0043b3af	14
0043b433	0043b43f	13
0043b4c9	0043b4cf	7
0043b4ef	0043b4f4	6
0043b51a	0043b51a	1
0043b51e	0043b51f	2
0043b53f	0043b544	6
0043b56a	0043b56a	1
0043b56e	0043b56f	2
0043b5f9	0043b5ff	7
0043b6e7	0043b6e9	3
0043b74a	0043b74c	3
0043b769	0043b76b	3
0043b78e	0043b790	3
0043b7ca	0043b7cf	6
0043b953	0043b955	3
0043b981	0043b983	3
0043b9af	0043b9b1	3
0043b9dd	0043b9df	3
0043ba0b	0043ba0d	3
0043ba33	0043ba35	3
0043ba52	0043ba54	3
0043ba74	0043ba76	3
0043bb02	0043bb3f	62
0043bcac	0043bcae	3
0043bebb	0043bebd	3
0043bee9	0043beeb	3
0043bf17	0043bf19	3
0043bf3f	0043bf41	3
0043bf61	0043bf63	3
0043bf86	0043bf88	3
0043bfa5	0043bfa7	3
0043c13e	0043c140	3
0043c160	0043c162	3
0043c185	0043c187	3
0043c1aa	0043c1ac	3
0043c1d8	0043c1da	3
0043c206	0043c208	3
0043c234	0043c236	3
0043c25c	0043c25e	3
0043c281	0043c283	3
0043c412	0043c414	3
0043c452	0043c454	3
0043c48b	0043c48d	3
0043c4c7	0043c4c9	3
0043c686	0043c688	3
0043c6ae	0043c6b0	3
0043c6d3	0043c6d5	3
0043c6fb	0043c6fd	3
0043c71d	0043c71f	3
0043c742	0043c744	3
0043c767	0043c769	3
0043c795	0043c797	3
0043c7c3	0043c7c5	3
0043c8c6	0043c8c8	3
0043c8f4	0043c8f6	3
0043c91c	0043c91e	3
0043c941	0043c943	3
0043c969	0043c96b	3
0043c98b	0043c98d	3
0043c9b0	0043c9b2	3
0043c9d5	0043c9d7	3
0043cacb	0043cacd	3
0043caf3	0043caf5	3
0043cb18	0043cb1a	3
0043cb40	0043cb42	3
0043cb62	0043cb64	3
0043cb87	0043cb89	3
0043cbac	0043cbae	3
0043cbda	0043cbdc	3
0043cc08	0043cc0a	3
0043ccfe	0043cd00	3
0043cd26	0043cd28	3
0043cd4b	0043cd4d	3
0043cd73	0043cd75	3
0043cd95	0043cd97	3
0043cdba	0043cdbc	3
0043cddf	0043cde1	3
0043ce0d	0043ce0f	3
0043ce3b	0043ce3d	3
0043d20c	0043d20e	3
0043d27c	0043d27e	3
0043d2aa	0043d2ac	3
0043d334	0043d336	3
0043d39a	0043d39c	3
0043d430	0043d432	3
0043d486	0043d48f	10
0043d4cd	0043d4cf	3
0043d54e	0043d559	12
0043d55b	0043d55f	5
0043d70c	0043d70f	4
0043d7c9	0043d7cf	7
0043da75	0043db0f	155
0043dc79	0043dc7f	7
0043dd3c	0043dd71	54
0043dd7e	0043de3f	194
0043de79	0043de7f	7
0043df29	0043df2b	3
0043df96	0043df98	3
0043dfb6	0043dfb8	3
0043e057	0043e059	3
0043e0bf	0043e0c1	3
0043e0de	0043e0e0	3
0043e0eb	0043e0ef	5
0043e10f	0043e111	3
0043e122	0043e124	3
0043e135	0043e137	3
0043e14d	0043e14f	3
0043e176	0043e178	3
0043e1b7	0043e1b9	3
0043e1f2	0043e1f4	3
0043e216	0043e218	3
0043e246	0043e3ef	426
0043e3f7	0043e3ff	9
0043e40d	0043e40f	3
0043e427	0043e42f	9
0043e43d	0043e43f	3
0043e447	0043e44f	9
0043e45d	0043e45f	3
0043e467	0043e46f	9
0043e4a2	0043e4af	14
0043e4e3	0043e4ef	13
0043e4f7	0043e4ff	9
0043e507	0043e50f	9
0043e517	0043e51f	9
0043e527	0043e52f	9
0043e53a	0043e53f	6
0043e547	0043e54f	9
0043e557	0043e55f	9
0043e567	0043e56f	9
0043e57d	0043e57f	3
0043e5ab	0043e5af	5
0043e5c7	0043e5cf	9
0043e5e8	0043e5ef	8
0043e659	0043e65f	7
0043e69c	0043e69f	4
0043e818	0043e81a	3
0043e849	0043e854	12
0043e96f	0043e96f	1
0043e985	0043e98f	11
0043e9c3	0043e9cf	13
0043ea66	0043ea6f	10
0043ed39	0043ed3f	7
0043ed55	0043ed57	3
0043ed5e	0043ed5f	2
0043eda4	0043edaf	12
0043edf4	0043edff	12
0043ee12	0043ee1f	14
0043ee56	0043ee5f	10
0043eeed	0043ef0f	35
0043f01c	0043f01e	3
0043f0df	0043f0e7	9
0043f139	0043f13f	7
0043f2bd	0043f2df	35
0043f688	0043f68a	3
0043f69e	0043f69f	2
0043f6ee	0043f6f0	3
0043f702	0043f70f	14
0043f76b	0043f76d	3
0043f77e	0043f77f	2
0043f7f7	0043f7ff	9
0043f8d9	0043f8db	3
0043f8ef	0043f8f1	3
0043f93d	0043f93f	3
0043f953	0043f955	3
0043f99d	0043f99f	3
0043f9bf	0043f9c1	3
0043f9d5	0043f9df	11
0043f9ec	0043f9ef	4
0043fa86	0043fa88	3
0043faab	0043faad	3
0043fabe	0043fabf	2
0043fc09	0043fc0f	7
0043fce5	0043fce7	3
0043fd04	0043fd06	3
0043fd17	0043fd1f	9
0043fd84	0043fd86	3
0043fd97	0043fd9f	9
0043fe7e	0043fe7f	2
0043ff55	0043ff57	3
0043ff74	0043ff76	3
0043ff87	0043ff8f	9
0043ffaa	0043ffaf	6
00440049	0044004f	7
00440125	00440127	3
00440144	00440146	3
00440157	0044015f	9
00440188	0044018f	8
00440229	0044022f	7
00440305	00440307	3
00440324	00440326	3
00440337	0044033f	9
00440372	0044037f	14
00440419	0044041f	7
004404f5	004404f7	3
00440514	00440516	3
00440527	0044052f	9
0044053e	0044053f	2
00440583	0044058f	13
00440629	0044062f	7
00440705	00440707	3
00440724	00440726	3
00440737	0044073f	9
004407b9	004407bb	3
004407cd	004407cf	3
004408ae	004408af	2
00440945	0044094f	11
004409ae	004409b0	3
004409bf	004409bf	1
00440a55	00440a5f	11
00440abe	00440ac0	3
00440acf	00440acf	1
00440ba5	00440ba7	3
00440bc4	00440bc6	3
00440bd7	00440bdf	9
00440c2c	00440c2f	4
00440cc9	00440ccf	7
00440da5	00440da7	3
00440dc4	00440dc6	3
00440dd7	00440ddf	9
00440e2c	00440e2f	4
00440ec9	00440ecf	7
00440fa5	00440fa7	3
00440fc4	00440fc6	3
00440fd7	00440fdf	9
0044102c	0044102f	4
004410c9	004410cf	7
0044114f	0044114f	1
0044117d	0044117f	3
004411ff	004411ff	1
00441228	0044122f	8
0044125d	0044125f	3
00441335	00441337	3
00441354	00441356	3
00441367	0044136f	9
00441398	0044139f	8
00441426	00441428	3
00441449	0044144f	7
0044152e	0044152f	2
00441605	00441607	3
00441624	00441626	3
00441637	0044163f	9
0044164e	0044164f	2
0044168d	0044168f	3
00441729	0044172f	7
00441805	00441807	3
00441824	00441826	3
00441837	0044183f	9
004418d9	004418df	7
0044192c	0044192f	4
0044193d	0044193f	3
00441a14	00441a16	3
00441a33	00441a35	3
00441a46	00441a4f	10
00441b2e	00441b2f	2
00441c30	00441c32	3
00441c44	00441c4f	12
00441d25	00441d27	3
00441d44	00441d46	3
00441d57	00441d5f	9
00441daf	00441daf	1
00441e49	00441e4f	7
00441f25	00441f27	3
00441f44	00441f46	3
00441f57	00441f5f	9
00441fa3	00441faf	13
00442049	0044204f	7
00442125	00442127	3
00442144	00442146	3
00442157	0044215f	9
004421a3	004421af	13
00442249	0044224f	7
00442325	00442327	3
00442344	00442346	3
00442357	0044235f	9
004423a3	004423af	13
00442449	0044244f	7
00442525	00442527	3
00442544	00442546	3
00442557	0044255f	9
004425a3	004425af	13
00442649	0044264f	7
00442725	00442727	3
00442744	00442746	3
00442757	0044275f	9
004427a3	004427af	13
00442849	0044284f	7
00442925	00442927	3
00442944	00442946	3
00442957	0044295f	9
004429a3	004429af	13
00442a49	00442a4f	7
00442b25	00442b27	3
00442b44	00442b46	3
00442b57	00442b5f	9
00442ba3	00442baf	13
00442c49	00442c4f	7
00442d25	00442d27	3
00442d44	00442d46	3
00442d57	00442d5f	9
00442dbb	00442dbf	5
00442e59	00442e5f	7
00442edf	00442edf	1
00442ef6	00442eff	10
00442f37	00442f39	3
00442f47	00442f4f	9
00442fcf	00442fcf	1
00442fec	00442fef	4
004430d1	004430d3	3
004430e6	004430e8	3
00443137	00443139	3
00443155	00443157	3
00443168	0044316f	8
004431b7	004431bf	9
004432cc	004432cf	4
004433b1	004433b3	3
004433c6	004433c8	3
00443417	00443419	3
00443435	00443437	3
00443448	0044344f	8
00443497	0044349f	9
00443634	0044363f	12
00443721	00443723	3
00443736	00443738	3
00443787	00443789	3
004437a5	004437a7	3
004437b8	004437bf	8
00443983	0044398f	13
00443a37	00443a39	3
00443a4b	00443a4f	5
00443b25	00443b27	3
00443b44	00443b46	3
00443b57	00443b5f	9
00443b89	00443b8f	7
00443c6c	00443c6f	4
00443d54	00443d56	3
00443d6a	00443d6c	3
00443dbc	00443dbe	3
00443dd2	00443dd4	3
00443e24	00443e26	3
00443e3a	00443e3c	3
00443e8b	00443e8d	3
00443ead	00443eaf	3
00443ec3	00443ecf	13
00444208	0044420f	8
004442cc	004442ce	3
004442e1	004442ef	15
004443c5	004443c7	3
004443e4	004443e6	3
004443f7	004443ff	9
0044441e	00444440	35
004444fc	004444ff	4
004445d5	004445d7	3
004445f4	004445f6	3
00444607	0044460f	9
00444631	0044463f	15
0044471c	0044471f	4
004447f8	004447fa	3
0044480e	00444810	3
00444858	0044485a	3
0044486e	00444870	3
004448b8	004448ba	3
004448da	004448dc	3
00444bd2	00444bdf	14
00444c5c	00444c6f	20
00444cf2	00444cf4	3
00444daf	00444db1	3
00444dce	00444dd0	3
00444ded	00444def	3
00444e02	00444e0f	14
00444ee5	00444ee7	3
00444f04	00444f06	3
00444f17	00444f1f	9
00444f83	00444f85	3
00444f96	00444f9f	10
004450bb	004450bf	5
00445195	00445197	3
004451b4	004451b6	3
004451c7	004451cf	9
00445249	0044524b	3
0044525d	0044525f	3
0044537b	0044537f	5
0044546b	0044546d	3
0044548a	0044548c	3
0044549d	0044549f	3
004455bb	004455bf	5
00445673	00445675	3
00445687	0044568f	9
0044577b	0044577d	3
0044579a	0044579c	3
004457ad	004457af	3
004458cb	004458cf	5
00445983	00445985	3
00445997	0044599f	9
00445a8b	00445a8d	3
00445aaa	00445aac	3
00445abd	00445abf	3
00445bdb	00445bdf	5
00445c93	00445c95	3
00445ca7	00445caf	9
00445d9b	00445d9d	3
00445dba	00445dbc	3
00445dcd	00445dcf	3
00445eeb	00445eef	5
00445fa3	00445fa5	3
00445fb7	00445fbf	9
004460ab	004460ad	3
004460ca	004460cc	3
004460dd	004460df	3
004461fb	004461ff	5
004462b3	004462b5	3
004462c7	004462cf	9
004463a2	004463a4	3
004463b8	004463ba	3
00446402	00446404	3
00446421	00446423	3
00446434	0044643f	12
004464f8	004464fa	3
00446517	00446519	3
0044652c	0044652f	4
00446731	0044673f	15
004467c3	004467cf	13
004467f6	004467ff	10
004468d5	004468d7	3
004468f4	004468f6	3
00446907	0044690f	9
00446953	0044695f	13
00446a3c	00446a3f	4
00446af6	00446aff	10
00446beb	00446bed	3
00446c0a	00446c0c	3
00446c1d	00446c1f	3
00446d3b	00446d3f	5
00446ddb	00446ddd	3
00446dee	00446def	2
00446ec5	00446ec7	3
00446ee4	00446ee6	3
00446ef7	00446eff	9
00446f43	00446f4f	13
0044702c	0044702f	4
00447105	00447107	3
00447124	00447126	3
00447137	0044713f	9
00447183	0044718f	13
0044726c	0044726f	4
00447345	00447347	3
00447364	00447366	3
00447377	0044737f	9
004473c3	004473cf	13
004474ac	004474af	4
0044759b	0044759d	3
004475ba	004475bc	3
004475cd	004475cf	3
004476eb	004476ef	5
0044774a	0044774c	3
004477dd	004477df	3
004477f1	004477ff	15
00447883	0044788f	13
004478ab	004478af	5
00447985	00447987	3
004479a4	004479a6	3
004479b7	004479bf	9
00447a09	00447a0f	7
00447aec	00447aef	4
00447bb4	00447bbf	12
00447c95	00447c97	3
00447cb4	00447cb6	3
00447cc7	00447ccf	9
00447d13	00447d1f	13
00447dfc	00447dff	4
00447ed5	00447ed7	3
00447ef4	00447ef6	3
00447f07	00447f0f	9
00447f5d	00447f5f	3
0044803c	0044803f	4
00448115	00448117	3
00448134	00448136	3
00448147	0044814f	9
00448193	0044819f	13
0044827c	0044827f	4
00448355	00448357	3
00448374	00448376	3
00448387	0044838f	9
004483d3	004483df	13
004484bc	004484bf	4
00448595	00448597	3
004485b4	004485b6	3
004485c7	004485cf	9
00448613	0044861f	13
004486fc	004486ff	4
004487d5	004487d7	3
004487f4	004487f6	3
00448807	0044880f	9
00448853	0044885f	13
0044893c	0044893f	4
00448a15	00448a17	3
00448a34	00448a36	3
00448a47	00448a4f	9
00448a93	00448a9f	13
00448b7c	00448b7f	4
00448c55	00448c57	3
00448c74	00448c76	3
00448c87	00448c8f	9
00448cd3	00448cdf	13
00448dbc	00448dbf	4
00448e95	00448e97	3
00448eb4	00448eb6	3
00448ec7	00448ecf	9
00448f13	00448f1f	13
00448ffc	00448fff	4
004490d5	004490d7	3
004490f4	004490f6	3
00449107	0044910f	9
00449153	0044915f	13
0044923c	0044923f	4
00449315	00449317	3
00449334	00449336	3
00449347	0044934f	9
00449393	0044939f	13
0044947c	0044947f	4
00449555	00449557	3
00449574	00449576	3
00449587	0044958f	9
004495d3	004495df	13
004496bc	004496bf	4
00449795	00449797	3
004497b4	004497b6	3
004497c7	004497cf	9
00449813	0044981f	13
004498fc	004498ff	4
004499d5	004499d7	3
004499f4	004499f6	3
00449a07	00449a0f	9
00449a53	00449a5f	13
00449b3c	00449b3f	4
00449c15	00449c17	3
00449c34	00449c36	3
00449c47	00449c4f	9
00449c93	00449c9f	13
00449d7c	00449d7f	4
00449e55	00449e57	3
00449e74	00449e76	3
00449e87	00449e8f	9
00449ed3	00449edf	13
00449fbc	00449fbf	4
0044a0ab	0044a0ad	3
0044a0ca	0044a0cc	3
0044a0dd	0044a0df	3
0044a1fb	0044a1ff	5
0044a25a	0044a25c	3
0044a2ed	0044a2ef	3
0044a301	0044a30f	15
0044a3fb	0044a3fd	3
0044a41a	0044a41c	3
0044a42d	0044a42f	3
0044a54b	0044a54f	5
0044a5aa	0044a5ac	3
0044a63d	0044a63f	3
0044a651	0044a65f	15
0044a735	0044a737	3
0044a754	0044a756	3
0044a767	0044a76f	9
0044a7b9	0044a7bf	7
0044a89c	0044a89f	4
0044a975	0044a977	3
0044a994	0044a996	3
0044a9a7	0044a9af	9
0044a9f3	0044a9ff	13
0044aadc	0044aadf	4
0044abb5	0044abb7	3
0044abd4	0044abd6	3
0044abe7	0044abef	9
0044ac33	0044ac3f	13
0044ad1c	0044ad1f	4
0044ae01	0044ae03	3
0044ae16	0044ae18	3
0044ae67	0044ae69	3
0044ae85	0044ae87	3
0044ae98	0044ae9f	8
0044af20	0044af22	3
0044af35	0044af3f	11
0044b103	0044b10f	13
0044b1e5	0044b1e7	3
0044b204	0044b206	3
0044b217	0044b21f	9
0044b259	0044b25b	3
0044b262	0044b26f	14
0044b34c	0044b34f	4
0044b425	0044b427	3
0044b444	0044b446	3
0044b457	0044b45f	9
0044b4a3	0044b4af	13
0044b58c	0044b58f	4
0044b665	0044b667	3
0044b684	0044b686	3
0044b697	0044b69f	9
0044b6e3	0044b6ef	13
0044b7cc	0044b7cf	4
0044b8a5	0044b8a7	3
0044b8c4	0044b8c6	3
0044b8d7	0044b8df	9
0044b923	0044b92f	13
0044ba0c	0044ba0f	4
0044bae5	0044bae7	3
0044bb04	0044bb06	3
0044bb17	0044bb1f	9
0044bb63	0044bb6f	13
0044bc4c	0044bc4f	4
0044bd25	0044bd27	3
0044bd44	0044bd46	3
0044bd57	0044bd5f	9
0044bda3	0044bdaf	13
0044be8c	0044be8f	4
0044bf65	0044bf67	3
0044bf84	0044bf86	3
0044bf97	0044bf9f	9
0044bfe3	0044bfef	13
0044c0cc	0044c0cf	4
0044c1bb	0044c1bd	3
0044c1da	0044c1dc	3
0044c1ed	0044c1ef	3
0044c30b	0044c30f	5
0044c3a8	0044c3aa	3
0044c3bb	0044c3bf	5
0044c4ab	0044c4ad	3
0044c4ca	0044c4cc	3
0044c4dd	0044c4df	3
0044c5fb	0044c5ff	5
0044c698	0044c69a	3
0044c6ab	0044c6af	5
0044c785	0044c787	3
0044c7a4	0044c7a6	3
0044c7b7	0044c7bf	9
0044c803	0044c80f	13
0044c8ec	0044c8ef	4
0044c9c5	0044c9c7	3
0044c9e4	0044c9e6	3
0044c9f7	0044c9ff	9
0044ca43	0044ca4f	13
0044cb2c	0044cb2f	4
0044cc05	0044cc07	3
0044cc24	0044cc26	3
0044cc37	0044cc3f	9
0044cc83	0044cc8f	13
0044cd6c	0044cd6f	4
0044ce45	0044ce47	3
0044ce64	0044ce66	3
0044ce77	0044ce7f	9
0044cec6	0044cecf	10
0044cfac	0044cfaf	4
0044d066	0044d06f	10
0044d145	0044d147	3
0044d164	0044d166	3
0044d177	0044d17f	9
0044d1c3	0044d1cf	13
0044d2ac	0044d2af	4
0044d385	0044d387	3
0044d3a4	0044d3a6	3
0044d3b7	0044d3bf	9
0044d403	0044d40f	13
0044d4ec	0044d4ef	4
0044d5c5	0044d5c7	3
0044d5e4	0044d5e6	3
0044d5f7	0044d5ff	9
0044d643	0044d64f	13
0044d72c	0044d72f	4
0044d805	0044d807	3
0044d824	0044d826	3
0044d837	0044d83f	9
0044d883	0044d88f	13
0044d96c	0044d96f	4
0044da45	0044da47	3
0044da64	0044da66	3
0044da77	0044da7f	9
0044dac3	0044dacf	13
0044dbac	0044dbaf	4
0044dc85	0044dc87	3
0044dca4	0044dca6	3
0044dcb7	0044dcbf	9
0044dd03	0044dd0f	13
0044ddec	0044ddef	4
0044dec5	0044dec7	3
0044dee4	0044dee6	3
0044def7	0044deff	9
0044df43	0044df4f	13
0044e02c	0044e02f	4
0044e11b	0044e11d	3
0044e13a	0044e13c	3
0044e14d	0044e14f	3
0044e26b	0044e26f	5
0044e2ca	0044e2cc	3
0044e35d	0044e35f	3
0044e371	0044e37f	15
0044e455	0044e457	3
0044e474	0044e476	3
0044e487	0044e48f	9
0044e4d3	0044e4df	13
0044e5bc	0044e5bf	4
0044e695	0044e697	3
0044e6b4	0044e6b6	3
0044e6c7	0044e6cf	9
0044e713	0044e71f	13
0044e7fc	0044e7ff	4
0044e8d5	0044e8d7	3
0044e8f4	0044e8f6	3
0044e907	0044e90f	9
0044e953	0044e95f	13
0044ea3c	0044ea3f	4
0044eb15	0044eb17	3
0044eb34	0044eb36	3
0044eb47	0044eb4f	9
0044eb93	0044eb9f	13
0044ec7c	0044ec7f	4
0044ed55	0044ed57	3
0044ed74	0044ed76	3
0044ed87	0044ed8f	9
0044edd3	0044eddf	13
0044eebc	0044eebf	4
0044ef95	0044ef97	3
0044efb4	0044efb6	3
0044efc7	0044efcf	9
0044f01f	0044f01f	1
0044f0fc	0044f0ff	4
0044f1d5	0044f1d7	3
0044f1f4	0044f1f6	3
0044f207	0044f20f	9
0044f25d	0044f25f	3
0044f33c	0044f33f	4
0044f415	0044f417	3
0044f434	0044f436	3
0044f447	0044f44f	9
0044f49c	0044f49f	4
0044f57c	0044f57f	4
0044f655	0044f657	3
0044f674	0044f676	3
0044f687	0044f68f	9
0044f6d3	0044f6df	13
0044f7bc	0044f7bf	4
0044f895	0044f897	3
0044f8b4	0044f8b6	3
0044f8c7	0044f8cf	9
0044f913	0044f91f	13
0044f9fc	0044f9ff	4
0044fad5	0044fad7	3
0044faf4	0044faf6	3
0044fb07	0044fb0f	9
0044fb53	0044fb5f	13
0044fc3c	0044fc3f	4
0044fd15	0044fd17	3
0044fd34	0044fd36	3
0044fd47	0044fd4f	9
0044fd93	0044fd9f	13
0044fe7c	0044fe7f	4
0044ff55	0044ff57	3
0044ff74	0044ff76	3
0044ff87	0044ff8f	9
0044ffd3	0044ffdf	13
004500bc	004500bf	4
00450195	00450197	3
004501b4	004501b6	3
004501c7	004501cf	9
00450213	0045021f	13
004502fc	004502ff	4
004503d5	004503d7	3
004503f4	004503f6	3
00450407	0045040f	9
00450453	0045045f	13
0045053c	0045053f	4
00450615	00450617	3
00450634	00450636	3
00450647	0045064f	9
004506d3	004506df	13
004507bc	004507bf	4
00450895	00450897	3
004508b4	004508b6	3
004508c7	004508cf	9
00450907	0045090f	9
004509ec	004509ef	4
00450ac5	00450ac7	3
00450ae4	00450ae6	3
00450af7	00450aff	9
00450b34	00450b3f	12
00450c1c	00450c1f	4
00450d01	00450d03	3
00450d16	00450d18	3
00450d67	00450d69	3
00450d85	00450d87	3
00450d98	00450d9f	8
00450e22	00450e24	3
00450e35	00450e3f	11
00451003	0045100f	13
004510ed	004510ef	3
00451103	00451105	3
00451155	00451157	3
0045116b	0045116d	3
004511c1	004511c3	3
004511e2	004511e4	3
004511f8	004511ff	8
00451287	00451289	3
0045129a	0045129f	6
00451508	0045150f	8
004515f8	004515fa	3
0045160d	0045160f	3
0045165e	00451660	3
00451673	00451675	3
004516c4	004516c6	3
004516e5	004516e7	3
004516fb	004516ff	5
0045178a	0045178c	3
0045179d	0045179f	3
00451a08	00451a0f	8
00451af1	00451af3	3
00451b06	00451b08	3
00451b57	00451b59	3
00451b75	00451b77	3
00451b88	00451b8f	8
00451c0f	00451c11	3
00451c22	00451c2f	14
00451df3	00451dff	13
00451ee1	00451ee3	3
00451ef6	00451ef8	3
00451f47	00451f49	3
00451f65	00451f67	3
00451f78	00451f7f	8
00451fff	00452001	3
00452012	0045201f	14
004521e3	004521ef	13
0045226f	0045226f	1
00452345	0045234f	11
0045239d	0045239f	3
00452475	00452477	3
00452494	00452496	3
004524a7	004524af	9
004524ed	004524ef	3
004525cc	004525cf	4
004526ac	004526ae	3
004526c2	004526c4	3
00452710	00452712	3
00452726	00452728	3
00452774	00452776	3
0045278a	0045278c	3
004527db	004527dd	3
004527fd	004527ff	3
00452813	0045281f	13
0045288d	0045288f	3
00452b5e	00452b5f	2
00452c41	00452c43	3
00452c56	00452c58	3
00452ca7	00452ca9	3
00452cc5	00452cc7	3
00452cd8	00452cdf	8
00452ea3	00452eaf	13
00452f5d	00452f5f	3
00452f84	00452f8f	12
00453082	00453084	3
00453097	00453099	3
004530e8	004530ea	3
004530fd	004530ff	3
0045314e	00453150	3
00453163	00453165	3
004531b6	004531b8	3
004531d7	004531d9	3
004531ed	004531ef	3
004532ff	00453301	3
00453315	0045331f	11
0045363f	0045363f	1
00453721	00453723	3
00453736	00453738	3
00453787	00453789	3
004537a5	004537a7	3
004537b8	004537bf	8
00453842	00453844	3
00453855	0045385f	11
00453a23	00453a2f	13
00453aaf	00453aaf	1
00453b0a	00453b0f	6
00453be5	00453be7	3
00453c04	00453c06	3
00453c17	00453c1f	9
00453c41	00453c4f	15
00453d2c	00453d2f	4
00453e05	00453e07	3
00453e24	00453e26	3
00453e37	00453e3f	9
00453e61	00453e6f	15
00453f4c	00453f4f	4
00454022	00454024	3
00454038	0045403a	3
00454082	00454084	3
004540a1	004540a3	3
004540b4	004540bf	12
004542c1	004542cf	15
004543af	004543b1	3
004543cf	004543d1	3
004543f6	004543ff	10
0045447f	0045447f	1
004544ba	004544bf	6
004545a0	004545a2	3
004545b5	004545b7	3
00454606	00454608	3
00454624	00454626	3
00454637	0045463f	9
00454803	0045480f	13
004548c2	004548c4	3
00454973	00454975	3
0045498a	0045499f	22
00454a30	00454a32	3
00454a43	00454a45	3
00454a6c	00454a6f	4
00454b51	00454b53	3
00454b67	00454b69	3
00454bb5	00454bb7	3
00454bcb	00454bcd	3
00454c19	00454c1b	3
00454c3b	00454c3d	3
00454c51	00454c5f	15
00454d2e	00454d30	3
00454d57	00454d5f	9
00454fea	00454fef	6
004550c5	004550c7	3
004550e4	004550e6	3
004550f7	004550ff	9
00455186	00455188	3
004551a9	004551af	7
004552cb	004552cf	5
004553a5	004553a7	3
004553c4	004553c6	3
004553d7	004553df	9
0045542c	0045542f	4
0045550c	0045550f	4
004555f1	004555f3	3
00455606	00455608	3
00455657	00455659	3
00455675	00455677	3
00455688	0045568f	8
004556d4	004556df	12
00455864	0045586f	12
00455951	00455953	3
00455966	00455968	3
004559b7	004559b9	3
004559d5	004559d7	3
004559e8	004559ef	8
00455a37	00455a3f	9
00455bc4	00455bcf	12
00455ca6	00455ca8	3
00455cbc	00455cbe	3
00455d0a	00455d0c	3
00455d29	00455d2b	3
00455d3c	00455d3f	4
00455d7f	00455d7f	1
00455f04	00455f0f	12
00455fe5	00455fe7	3
00456004	00456006	3
00456017	0045601f	9
0045618c	0045618f	4
00456265	00456267	3
00456284	00456286	3
00456297	0045629f	9
0045640c	0045640f	4
004564e5	004564e7	3
00456504	00456506	3
00456517	0045651f	9
0045668c	0045668f	4
00456765	00456767	3
00456784	00456786	3
00456797	0045679f	9
0045690c	0045690f	4
004569e5	004569e7	3
00456a04	00456a06	3
00456a17	00456a1f	9
00456ac9	00456acf	7
00456bac	00456baf	4
00456c85	00456c87	3
00456ca4	00456ca6	3
00456cb7	00456cbf	9
00456e2c	00456e2f	4
00456f06	00456f08	3
00456f1c	00456f1e	3
00456f6a	00456f6c	3
00456f89	00456f8b	3
00456f9c	00456f9f	4
00456ff1	00456fff	15
00457184	0045718f	12
00457266	00457268	3
0045727c	0045727e	3
004572ca	004572cc	3
004572e9	004572eb	3
004572fc	004572ff	4
0045733f	0045733f	1
004574c4	004574cf	12
004575a6	004575a8	3
004575bc	004575be	3
0045760a	0045760c	3
00457629	0045762b	3
0045763c	0045763f	4
0045767f	0045767f	1
00457804	0045780f	12
0045788f	0045788f	1
00457995	00457997	3
004579b4	004579b6	3
004579c7	004579cf	9
00457b3c	00457b3f	4
00457c15	00457c17	3
00457c34	00457c36	3
00457c47	00457c4f	9
00457e81	00457e8f	15
00457f66	00457f68	3
00457f7c	00457f7e	3
00457fca	00457fcc	3
00457fe9	00457feb	3
00457ffc	00457fff	4
00458051	0045805f	15
004581e4	004581ef	12
004582c5	004582c7	3
004582e4	004582e6	3
004582f7	004582ff	9
0045833d	0045833f	3
0045841c	0045841f	4
004584f5	004584f7	3
00458514	00458516	3
00458527	0045852f	9
0045856d	0045856f	3
0045864c	0045864f	4
00458725	00458727	3
00458744	00458746	3
00458757	0045875f	9
0045879d	0045879f	3
0045887c	0045887f	4
00458955	00458957	3
00458974	00458976	3
00458987	0045898f	9
00458afc	00458aff	4
00458bd5	00458bd7	3
00458bf4	00458bf6	3
00458c07	00458c0f	9
00458d7c	00458d7f	4
00458e55	00458e57	3
00458e74	00458e76	3
00458e87	00458e8f	9
00458ec6	00458ecf	10
00458fac	00458faf	4
00459088	0045908a	3
0045909e	004590a0	3
004590e8	004590ea	3
004590fe	00459100	3
00459148	0045914a	3
0045916a	0045916c	3
00459462	0045946f	14
004594ec	004594ff	20
00459582	00459584	3
0045963f	00459641	3
0045965e	00459660	3
0045967d	0045967f	3
00459692	0045969f	14
00459778	0045977a	3
0045978e	00459790	3
004597d8	004597da	3
004597ee	004597f0	3
00459838	0045983a	3
0045985a	0045985c	3
00459b52	00459b5f	14
00459bdc	00459bef	20
00459c72	00459c74	3
00459d2f	00459d31	3
00459d4e	00459d50	3
00459d6d	00459d6f	3
00459d82	00459d8f	14
00459e65	00459e67	3
00459e84	00459e86	3
00459e97	00459e9f	9
00459ee3	00459eef	13
00459fcc	00459fcf	4
0045a04f	0045a04f	1
0045a06c	0045a06f	4
0045a145	0045a147	3
0045a164	0045a166	3
0045a177	0045a17f	9
0045a1a1	0045a1af	15
0045a28c	0045a28f	4
0045a371	0045a373	3
0045a386	0045a388	3
0045a3d7	0045a3d9	3
0045a3f5	0045a3f7	3
0045a408	0045a40f	8
0045a4ad	0045a4af	3
0045a4c2	0045a4cf	14
0045a693	0045a69f	13
0045a781	0045a783	3
0045a796	0045a798	3
0045a7e7	0045a7e9	3
0045a805	0045a807	3
0045a818	0045a81f	8
0045a8bd	0045a8bf	3
0045a8d2	0045a8df	14
0045aaa3	0045aaaf	13
0045ab9b	0045ab9d	3
0045abba	0045abbc	3
0045abcd	0045abcf	3
0045acac	0045acaf	4
0045ad1a	0045ad1c	3
0045ad2b	0045ad2f	5
0045ae05	0045ae07	3
0045ae24	0045ae26	3
0045ae37	0045ae3f	9
0045afac	0045afaf	4
0045b085	0045b087	3
0045b0a4	0045b0a6	3
0045b0b7	0045b0bf	9
0045b22c	0045b22f	4
0045b305	0045b307	3
0045b324	0045b326	3
0045b337	0045b33f	9
0045b3c3	0045b3cf	13
0045b4ac	0045b4af	4
0045b585	0045b587	3
0045b5a4	0045b5a6	3
0045b5b7	0045b5bf	9
0045b5fd	0045b5ff	3
0045b6dc	0045b6df	4
0045b7b5	0045b7b7	3
0045b7d4	0045b7d6	3
0045b7e7	0045b7ef	9
0045b82d	0045b82f	3
0045b90c	0045b90f	4
0045b9e5	0045b9e7	3
0045ba04	0045ba06	3
0045ba17	0045ba1f	9
0045ba63	0045ba6f	13
0045bb4c	0045bb4f	4
0045bc25	0045bc27	3
0045bc44	0045bc46	3
0045bc57	0045bc5f	9
0045bca3	0045bcaf	13
0045bd8c	0045bd8f	4
0045be65	0045be67	3
0045be84	0045be86	3
0045be97	0045be9f	9
0045c00c	0045c00f	4
0045c0e5	0045c0e7	3
0045c104	0045c106	3
0045c117	0045c11f	9
0045c1b1	0045c1bf	15
0045c29c	0045c29f	4
0045c375	0045c377	3
0045c394	0045c396	3
0045c3a7	0045c3af	9
0045c51c	0045c51f	4
0045c5f5	0045c5f7	3
0045c614	0045c616	3
0045c627	0045c62f	9
0045c746	0045c74f	10
0045c7cf	0045c7cf	1
0045c80b	0045c80f	5
0045c8e5	0045c8e7	3
0045c904	0045c906	3
0045c917	0045c91f	9
0045c99a	0045c99f	6
0045ca7c	0045ca7f	4
0045cb55	0045cb57	3
0045cb74	0045cb76	3
0045cb87	0045cb8f	9
0045cc17	0045cc1f	9
0045ccfc	0045ccff	4
0045cdd5	0045cdd7	3
0045cdf4	0045cdf6	3
0045ce07	0045ce0f	9
0045ce53	0045ce5f	13
0045cf3c	0045cf3f	4
0045d015	0045d017	3
0045d034	0045d036	3
0045d047	0045d04f	9
0045d086	0045d08f	10
0045d16c	0045d16f	4
0045d245	0045d247	3
0045d264	0045d266	3
0045d277	0045d27f	9
0045d307	0045d30f	9
0045d3ec	0045d3ef	4
0045d4c5	0045d4c7	3
0045d4e4	0045d4e6	3
0045d4f7	0045d4ff	9
0045d536	0045d53f	10
0045d61c	0045d61f	4
0045d69f	0045d69f	1
0045d6be	0045d6bf	2
0045d795	0045d797	3
0045d7b4	0045d7b6	3
0045d7c7	0045d7cf	9
0045d8ac	0045d8af	4
0045d985	0045d987	3
0045d9a4	0045d9a6	3
0045d9b7	0045d9bf	9
0045da9c	0045da9f	4
0045db75	0045db77	3
0045db94	0045db96	3
0045dba7	0045dbaf	9
0045dc8c	0045dc8f	4
0045dd65	0045dd67	3
0045dd84	0045dd86	3
0045dd97	0045dd9f	9
0045de7c	0045de7f	4
0045df55	0045df57	3
0045df74	0045df76	3
0045df87	0045df8f	9
0045e06c	0045e06f	4
0045e145	0045e147	3
0045e164	0045e166	3
0045e177	0045e17f	9
0045e25c	0045e25f	4
0045e335	0045e337	3
0045e354	0045e356	3
0045e367	0045e36f	9
0045e44c	0045e44f	4
0045e525	0045e527	3
0045e544	0045e546	3
0045e557	0045e55f	9
0045e63c	0045e63f	4
0045e715	0045e717	3
0045e734	0045e736	3
0045e747	0045e74f	9
0045e82c	0045e82f	4
0045e905	0045e907	3
0045e924	0045e926	3
0045e937	0045e93f	9
0045ea1c	0045ea1f	4
0045eaf5	0045eaf7	3
0045eb14	0045eb16	3
0045eb27	0045eb2f	9
0045ec0c	0045ec0f	4
0045ece5	0045ece7	3
0045ed04	0045ed06	3
0045ed17	0045ed1f	9
0045eda3	0045edaf	13
0045ee8c	0045ee8f	4
0045ef65	0045ef67	3
0045ef84	0045ef86	3
0045ef97	0045ef9f	9
0045f023	0045f02f	13
0045f10c	0045f10f	4
0045f18f	0045f18f	1
0045f20f	0045f20f	1
0045f22c	0045f22f	4
0045f305	0045f307	3
0045f31b	0045f31d	3
0045f365	0045f367	3
0045f37b	0045f37d	3
0045f3c5	0045f3c7	3
0045f3e7	0045f3e9	3
0045f3fd	0045f3ff	3
0045f4ad	0045f4af	3
0045f4cc	0045f4ce	3
0045f4ed	0045f4ef	3
0045f7e2	0045f7ef	14
0045f8c5	0045f8c7	3
0045f8e4	0045f8e6	3
0045f8f7	0045f8ff	9
0045fa6c	0045fa6f	4
0045fb45	0045fb47	3
0045fb64	0045fb66	3
0045fb77	0045fb7f	9
0045fc5c	0045fc5f	4
0045fd35	0045fd37	3
0045fd54	0045fd56	3
0045fd67	0045fd6f	9
0045fd98	0045fd9f	8
0045fdd7	0045fddf	9
0045febc	0045febf	4
0045ff95	0045ff97	3
0045ffb4	0045ffb6	3
0045ffc7	0045ffcf	9
004600ac	004600af	4
00460185	00460187	3
004601a4	004601a6	3
004601b7	004601bf	9
0046029c	0046029f	4
00460375	00460377	3
00460394	00460396	3
004603a7	004603af	9
0046051c	0046051f	4
004605f5	004605f7	3
00460614	00460616	3
00460627	0046062f	9
0046079c	0046079f	4
00460875	00460877	3
00460894	00460896	3
004608a7	004608af	9
00460a1c	00460a1f	4
00460af5	00460af7	3
00460b14	00460b16	3
00460b27	00460b2f	9
00460c9c	00460c9f	4
00460d75	00460d77	3
00460d94	00460d96	3
00460da7	00460daf	9
00460de4	00460def	12
00460ecc	00460ecf	4
00460f4f	00460f4f	1
00460f76	00460f7f	10
0046105c	0046105e	3
00461072	00461074	3
004610bc	004610be	3
004610d2	004610d4	3
00461120	00461122	3
00461142	00461144	3
00461158	0046115f	8
004611f3	004611f5	3
00461296	00461298	3
004612b5	004612b7	3
004612ca	004612cf	6
00461579	0046157f	7
004615ff	004615ff	1
0046161c	0046161f	4
0046169f	0046169f	1
004616bd	004616bf	3
0046173f	0046173f	1
0046175e	0046175f	2
00461835	00461837	3
00461854	00461856	3
00461867	0046186f	9
004618f3	004618ff	13
004619dc	004619df	4
00461ab5	00461ab7	3
00461ad4	00461ad6	3
00461ae7	00461aef	9
00461b6a	00461b6c	3
00461b7d	00461b7f	3
00461c9b	00461c9f	5
00461d1f	00461d1f	1
00461e25	00461e27	3
00461e44	00461e46	3
00461e57	00461e5f	9
00461fcc	00461fcf	4
004620a5	004620a7	3
004620c4	004620c6	3
004620d7	004620df	9
0046224c	0046224f	4
00462325	00462327	3
00462344	00462346	3
00462357	0046235f	9
004624cc	004624cf	4
004625a5	004625a7	3
004625c4	004625c6	3
004625d7	004625df	9
0046274c	0046274f	4
00462825	00462827	3
00462844	00462846	3
00462857	0046285f	9
004629cc	004629cf	4
00462aa5	00462aa7	3
00462ac4	00462ac6	3
00462ad7	00462adf	9
00462c4c	00462c4f	4
00462d25	00462d27	3
00462d44	00462d46	3
00462d57	00462d5f	9
00462ecc	00462ecf	4
00462fa5	00462fa7	3
00462fc4	00462fc6	3
00462fd7	00462fdf	9
0046302a	0046302f	6
0046310c	0046310f	4
004631e5	004631e7	3
00463204	00463206	3
00463217	0046321f	9
0046329a	0046329c	3
004632ad	004632af	3
004633cb	004633cf	5
004634b4	004634b6	3
004634c9	004634cb	3
0046351a	0046351c	3
00463538	0046353a	3
0046354b	0046354f	5
00463632	00463634	3
00463646	0046364f	10
00463813	0046381f	13
004638f5	004638f7	3
0046390b	0046390d	3
00463955	00463957	3
00463974	00463976	3
00463987	0046398f	9
00463aa0	00463aa2	3
00463ac3	00463ac5	3
00463ad7	00463adf	9
00463ce1	00463cef	15
00463dc5	00463dc7	3
00463de4	00463de6	3
00463df7	00463dff	9
00463e7a	00463e7c	3
00463e8d	00463e8f	3
00463fab	00463faf	5
00464045	0046404f	11
004640ae	004640b0	3
004640bf	004640bf	1
0046413f	0046413f	1
00464254	00464256	3
00464269	0046426b	3
004642ba	004642bc	3
004642d8	004642da	3
004642eb	004642ef	5
004643d2	004643d4	3
004643e6	004643ef	10
004645b3	004645bf	13
00464695	00464697	3
004646ab	004646ad	3
004646f5	004646f7	3
00464714	00464716	3
00464727	0046472f	9
00464840	00464842	3
00464863	00464865	3
00464877	0046487f	9
00464a81	00464a8f	15
00464b65	00464b67	3
00464b84	00464b86	3
00464b97	00464b9f	9
00464c1a	00464c1c	3
00464c2d	00464c2f	3
00464d4b	00464d4f	5
00464de5	00464def	11
00464e4e	00464e50	3
00464e5f	00464e5f	1
00464f38	00464f3a	3
00464f4e	00464f50	3
00464f98	00464f9a	3
00464fae	00464fb0	3
00464ff8	00464ffa	3
0046501a	0046501c	3
00465312	0046531f	14
004653b5	004653c8	20
00465468	0046546a	3
0046553d	0046553f	3
0046555c	0046555e	3
0046557b	0046557d	3
00465665	00465667	3
00465684	00465686	3
00465697	0046569f	9
004656d7	004656df	9
004657bc	004657bf	4
00465895	00465897	3
004658b4	004658b6	3
004658c7	004658cf	9
00465953	0046595f	13
00465a3c	00465a3f	4
00465b15	00465b17	3
00465b34	00465b36	3
00465b47	00465b4f	9
00465bd3	00465bdf	13
00465cbc	00465cbf	4
00465d95	00465d97	3
00465db4	00465db6	3
00465dc7	00465dcf	9
00465f3c	00465f3f	4
00466015	00466017	3
00466034	00466036	3
00466047	0046604f	9
004661bc	004661bf	4
00466295	00466297	3
004662b4	004662b6	3
004662c7	004662cf	9
0046643c	0046643f	4
004664bf	004664bf	1
00466595	00466597	3
004665b4	004665b6	3
004665c7	004665cf	9
0046660d	0046660f	3
004666ec	004666ef	4
004667c5	004667c7	3
004667e4	004667e6	3
004667f7	004667ff	9
0046696c	0046696f	4
00466a45	00466a47	3
00466a64	00466a66	3
00466a77	00466a7f	9
00466bec	00466bef	4
00466cc5	00466cc7	3
00466ce4	00466ce6	3
00466cf7	00466cff	9
00466e6c	00466e6f	4
00466f45	00466f47	3
00466f64	00466f66	3
00466f77	00466f7f	9
00466ffa	00466ffc	3
0046700d	0046700f	3
0046712b	0046712f	5
00467205	00467207	3
00467224	00467226	3
00467237	0046723f	9
004673ac	004673af	4
00467485	00467487	3
004674a4	004674a6	3
004674b7	004674bf	9
0046762c	0046762f	4
00467705	00467707	3
00467724	00467726	3
00467737	0046773f	9
004678ac	004678af	4
00467985	00467987	3
004679a4	004679a6	3
004679b7	004679bf	9
00467b2c	00467b2f	4
00467c05	00467c07	3
00467c24	00467c26	3
00467c37	00467c3f	9
00467dac	00467daf	4
00467e85	00467e87	3
00467ea4	00467ea6	3
00467eb7	00467ebf	9
0046802c	0046802f	4
00468105	00468107	3
00468124	00468126	3
00468137	0046813f	9
0046821c	0046821f	4
004682f5	004682f7	3
00468314	00468316	3
00468327	0046832f	9
0046840c	0046840f	4
004684e5	004684e7	3
00468504	00468506	3
00468517	0046851f	9
004685fc	004685ff	4
0046867f	0046867f	1
0046872f	0046872f	1
00468805	00468807	3
0046881b	0046881d	3
00468865	00468867	3
0046887b	0046887d	3
004688c5	004688c7	3
004688e7	004688e9	3
004688fd	004688ff	3
00468be2	00468bef	14
00468cc5	00468cc7	3
00468ce4	00468ce6	3
00468cf7	00468cff	9
00468ddc	00468ddf	4
00468eb5	00468eb7	3
00468ed4	00468ed6	3
00468ee7	00468eef	9
00468f27	00468f2f	9
0046900c	0046900f	4
004690e5	004690e7	3
00469104	00469106	3
00469117	0046911f	9
0046928c	0046928f	4
00469365	00469367	3
00469384	00469386	3
00469397	0046939f	9
0046950c	0046950f	4
004695e5	004695e7	3
00469604	00469606	3
00469617	0046961f	9
0046966f	0046966f	1
0046974c	0046974f	4
00469825	00469827	3
00469844	00469846	3
00469857	0046985f	9
004698a6	004698af	10
0046998c	0046998f	4
00469a65	00469a67	3
00469a84	00469a86	3
00469a97	00469a9f	9
00469ae3	00469aef	13
00469bcc	00469bcf	4
00469ca5	00469ca7	3
00469cc4	00469cc6	3
00469cd7	00469cdf	9
00469d5d	00469d5f	3
00469e3c	00469e3f	4
00469f15	00469f17	3
00469f34	00469f36	3
00469f47	00469f4f	9
00469fd1	00469fdf	15
0046a0bc	0046a0bf	4
0046a195	0046a197	3
0046a1b4	0046a1b6	3
0046a1c7	0046a1cf	9
0046a24d	0046a24f	3
0046a32c	0046a32f	4
0046a405	0046a407	3
0046a424	0046a426	3
0046a437	0046a43f	9
0046a4bd	0046a4bf	3
0046a59c	0046a59f	4
0046a675	0046a677	3
0046a694	0046a696	3
0046a6a7	0046a6af	9
0046a72d	0046a72f	3
0046a80c	0046a80f	4
0046a8e5	0046a8e7	3
0046a904	0046a906	3
0046a917	0046a91f	9
0046a9a1	0046a9af	15
0046aa8c	0046aa8f	4
0046ab0f	0046ab0f	1
0046ab35	0046ab3f	11
0046ab68	0046ab6f	8
0046abd6	0046abdf	10
0046ac87	0046ac8f	9
0046ad0e	0046ad10	3
0046ad2d	0046ad2f	3
0046ad96	0046ad98	3
0046adbb	0046adbd	3
0046adc4	0046adcf	12
0046adf1	0046adff	15
0046ae25	0046ae2f	11
0046aea4	0046aeaf	12
0046af1f	0046af1f	1
0046af91	0046af9f	15
0046afe6	0046afef	10
0046b00b	0046b00f	5
0046b10a	0046b10f	6
0046b136	0046b13f	10
0046b15d	0046b15f	3
0046b17a	0046b17f	6
0046b19f	0046b19f	1
0046b1f7	0046b1f9	3
0046b201	0046b20f	15
0046b258	0046b25a	3
0046b262	0046b26f	14
0046b28a	0046b28f	6
0046b2ab	0046b2af	5
0046b2cb	0046b2cf	5
0046b2ea	0046b2ef	6
0046b313	0046b31f	13
0046b343	0046b34f	13
0046b381	0046b38f	15
0046b4c4	0046b4c6	3
0046b4f4	0046b4ff	12
0046b5ad	0046b5af	3
0046b6e9	0046b6eb	3
0046b719	0046b724	12
0046b7da	0046b7df	6
0046b7f6	0046b7ff	10
0046b8ca	0046b8cf	6
0046b936	0046b93f	10
0046b9c3	0046b9cf	13
0046ba3b	0046ba3d	3
0046ba5f	0046ba61	3
0046ba79	0046ba7f	7
0046ba95	0046ba97	3
0046ba9e	0046ba9f	2
0046baf6	0046baff	10
0046bb4d	0046bb4f	3
0046bb92	0046bb9f	14
0046bc0b	0046bc0d	3
0046bc2f	0046bc31	3
0046bc55	0046bc5f	11
0046bc65	0046bc6f	11
0046bc75	0046bc7f	11
0046bc85	0046bc8f	11
0046bca5	0046bca7	3
0046bcae	0046bcaf	2
0046bd19	0046bd1b	3
0046bd39	0046bd3b	3
0046bd82	0046bd8f	14
0046bda5	0046bda7	3
0046bdae	0046bdaf	2
0046bdd4	0046bdd6	3
0046be77	0046be79	3
0046be9b	0046be9d	3
0046beb8	0046beba	3
0046bec6	0046becf	10
0046bfb0	0046bfb2	3
0046bfea	0046bfec	3
0046bffd	0046bfff	3
0046c070	0046c072	3
0046c08f	0046c091	3
0046c12d	0046c12f	3
0046c145	0046c147	3
0046c14e	0046c14f	2
0046c26f	0046c26f	1
0046c2aa	0046c2af	6
0046c36a	0046c36f	6
0046c3cb	0046c3cf	5
0046c47a	0046c47f	6
0046c5cc	0046c5ce	3
0046c606	0046c608	3
0046c653	0046c65f	13
0046c763	0046c765	3
0046c7ae	0046c7af	2
0046c8b0	0046c8b2	3
0046c8fb	0046c8ff	5
0046ca41	0046ca43	3
0046ca8e	0046ca8f	2
0046cbcc	0046cbce	3
0046cc19	0046cc1f	7
0046cd96	0046cd98	3
0046cde3	0046cdef	13
0046d6f6	0046d6f8	3
0046d73d	0046d73f	3
0046d7cd	0046d7cf	3
0046d83a	0046d83f	6
0046d94d	0046d94f	3
0046d998	0046d99f	8
0046dc0e	0046dc10	3
0046dc77	0046dc79	3
0046e568	0046e56a	3
0046e5bf	0046e5bf	1
0046e754	0046e756	3
0046e7d0	0046e7d2	3
0046e7f3	0046e7f5	3
0046e810	0046e812	3
0046e866	0046e86f	10
0046e8f8	0046e8ff	8
0046e911	0046e91f	15
0046e937	0046e93f	9
0046e957	0046e95f	9
0046e96e	0046e96f	2
0046e97d	0046e97f	3
0046e987	0046e98f	9
0046e9bc	0046e9bf	4
0046e9f6	0046e9ff	10
0046eab7	0046eab9	3
0046eb2f	0046eb31	3
0046ec34	0046ec36	3
0046ec71	0046ec73	3
0046ed7a	0046ed7c	3
0046edcf	0046edd1	3
0046ede9	0046edeb	3
0046eea9	0046eeab	3
0046efc9	0046efcb	3
0046f002	0046f004	3
0046f0bc	0046f0be	3
0046f0ee	0046f0f0	3
0046f1e5	0046f1e7	3
0046f2e2	0046f2e4	3
0046f403	0046f405	3
0046f57a	0046f57c	3
0046f7d5	0046f7d7	3
0046f960	0046f962	3
0046fa29	0046fa2b	3
0046faea	0046faec	3
0046fc42	0046fc44	3
0046fcf0	0046fcf2	3
0046fe50	0046fe52	3
0046fe71	0046fe73	3
0046fe89	0046febf	55
0046fecd	0046fecf	3
0046ff16	0046ff1f	10
0046ff45	0046ff50	12
0046ff57	0046ff5f	9
0046ffde	0046ffe9	12
0046ffeb	0046ffef	5
00470047	00470049	3
0047005b	0047005d	3
00470064	0047006f	12
004700d5	004700d7	3
004700e8	004700ea	3
0047010e	00470110	3
00470117	0047011f	9
00470196	00470198	3
004701a9	004701ab	3
004701b1	004701bf	15
00470236	00470238	3
00470249	0047024b	3
00470251	0047025f	15
00470317	0047031f	9
004704cc	004704cf	4
0047066f	0047066f	1
004706cf	004706cf	1
0047072f	0047072f	1
004707d1	004707df	15
0047083c	0047083f	4
0047091d	0047091f	3
00470981	0047098f	15
004709f1	004709ff	15
00470a92	00470a9f	14
00470b35	00470b3f	11
00470bdd	00470bdf	3
00470c7b	00470c7f	5
00470d39	00470d3f	7
00470d79	00470d7b	3
00470d8a	00470d8f	6
00470da3	00470daf	13
00470e8e	00470e8f	2
00470f6c	00470f6f	4
00470f83	00470f8f	13
004710f9	004710ff	7
00471131	00471133	3
00471147	00471152	12
0047115a	0047115f	6
004711db	004711df	5
004712fd	004712ff	3
00471379	0047137f	7
004713fb	004713ff	5
004714fc	004714fe	3
0047151b	0047151d	3
00471546	0047154f	10
00471607	0047160f	9
00471640	00471657	24
0047165b	0047165f	5
00471667	0047166f	9
00471799	004717af	23
004717d5	0047183f	107
0047184f	0047184f	1
00471871	0047187f	15
004718f8	00471903	12
00471905	0047190f	11
004719a3	004719ae	12
004719d8	004719e4	13
004719e7	004719ef	9
00471a62	00471a6d	12
00471a6f	00471a6f	1
00471ad7	00471adf	9
00471b15	00471b1f	11
00471b34	00471b36	3
00471b4b	00471b4f	5
00471bd7	00471bdf	9
00471c97	00471c99	3
00471cca	00471ccc	3
00471d12	00471d1f	14
00471d96	00471da1	12
00471da3	00471daf	13
00471e2f	00471e2f	1
00471e3c	00471e3f	4
00471e69	00471e6f	7
00471e8f	00471e91	3
00471ead	00471eaf	3
00471ee7	00471eef	9
00471f18	00471f1f	8
00471f9d	00471f9f	3
00471fb8	00471fbf	8
0047204d	0047204f	3
00472199	0047219b	3
004721d2	004721df	14
00472207	00472207	1
0047220b	0047220f	5
00472237	00472237	1
0047223b	0047223f	5
00472267	00472267	1
0047226b	0047226f	5
00472297	00472297	1
0047229b	0047229f	5
004722c7	004722c7	1
004722cb	004722cf	5
004722f7	004722f7	1
004722fb	004722ff	5
00472327	00472327	1
0047232b	0047232f	5
00472357	00472357	1
0047235b	0047235f	5
00472387	00472387	1
0047238b	0047238f	5
004723b7	004723b7	1
004723bb	004723bf	5
004723e7	004723e7	1
004723eb	004723ef	5
00472417	00472417	1
0047241b	0047241f	5
00472447	00472447	1
0047244b	0047244f	5
00472477	00472477	1
0047247b	0047247f	5
004724a7	004724a7	1
004724ab	004724af	5
004724d7	004724d7	1
004724db	004724df	5
00472507	00472507	1
0047250b	0047250f	5
00472537	00472537	1
0047253b	0047253f	5
00472567	00472567	1
0047256b	0047256f	5
00472597	00472597	1
0047259b	0047259f	5
004725c7	004725c7	1
004725cb	004725cf	5
004725f7	004725f7	1
004725fb	004725ff	5
00472624	00472624	1
00472628	0047262f	8
0047270f	0047270f	1
00472743	0047274f	13
004729e5	004729e7	3
004729fe	00472a2f	50
00472a61	00472a63	3
00472a78	00472a83	12
00472a8b	00472a8f	5
00472b20	00472b2f	16
00472c10	00472c12	3
00472c3a	00472c3c	3
00472c65	00472c67	3
00472c84	00472c86	3
00472c9c	00472c9f	4
00472cd2	00472cdf	14
00472d94	00472d9f	12
00472db6	00472dbf	10
00472ddb	00472ddf	5
00472ec4	00472ec6	3
00472f2e	00472f30	3
00472f4f	00472f5f	17
00472fe3	00472fef	13
0047301a	0047301f	6
004730d7	004730df	9
0047329a	0047329c	3
004732ce	004732d9	12
004733dc	004733de	3
004733fa	004733ff	6
00473667	00473669	3
0047367a	0047367c	3
0047368d	0047368f	3
004736a3	004736a5	3
004736af	004736af	1
004736d0	004736df	16
0047374a	0047374f	6
00473872	00473874	3
004738a0	004738a2	3
004738ce	004738d0	3
00473984	00473986	3
004739ac	004739ae	3
004739cb	004739cd	3
004739f0	004739f2	3
00473a0d	00473a14	8
00473a90	00473a92	3
00473abe	00473ac0	3
00473aec	00473aee	3
00473ba9	00473bab	3
00473bd1	00473bd3	3
00473bf0	00473bf2	3
00473c15	00473c17	3
00473c2e	00473c32	5
00473df6	00473df8	3
00473e5b	00473e5d	3
00473e89	00473e8b	3
00473eff	00473f01	3
00473f2d	00473f2f	3
00473f9c	00473f9e	3
004740bb	004740bd	3
00474115	00474117	3
00474143	00474145	3
0047426c	0047426e	3
004742b1	004742b3	3
004742df	004742e1	3
0047430d	0047430f	3
004743c6	004743c8	3
004743ee	004743f0	3
0047440d	0047440f	3
00474432	00474434	3
0047444f	00474456	8
004744d3	004744d5	3
00474501	00474503	3
0047452f	00474531	3
004745ef	004745f1	3
00474617	00474619	3
00474636	00474638	3
0047465b	0047465d	3
00474674	00474678	5
004746d7	004746d9	3
00474705	00474707	3
00474904	00474906	3
00474932	00474934	3
00474960	00474962	3
0047498e	00474990	3
004749bc	004749be	3
004749e7	004749e9	3
00474a0f	00474a11	3
00474a37	00474a39	3
00474a56	00474a58	3
00474a7b	00474a7d	3
00474aa9	00474aab	3
00474b07	00474b09	3
00474b35	00474b37	3
00474b60	00474b81	34
00474bad	00474baf	3
00474be4	00474be6	3
00474c12	00474c14	3
00474c40	00474c42	3
00474c5c	00474c5f	4
00474ce9	00474cef	7
00474d79	00474d7f	7
00474da5	00474dff	91
00474ea1	00474eaf	15
00474f25	00474f2f	11
00474fb5	00474fb7	3
00474fe9	00474fff	23
0047518e	0047519f	18
00475272	00475274	3
00475295	0047529f	11
00475327	00475329	3
0047534a	0047535f	22
0047553b	0047554f	21
004755f1	004755ff	15
00475670	0047567f	16
004756ed	004756ff	19
0047576b	0047577f	21
00475805	0047580f	11
00475960	0047596c	13
004759b2	004759bf	14
00475b8a	00475b8c	3
00475bb8	00475bba	3
00475be0	00475be2	3
00475bff	00475c01	3
00475c24	00475c26	3
00475c52	00475c54	3
00475c80	00475c82	3
00475ca8	00475caa	3
00475ccd	00475ccf	3
00475dea	00475dec	3
00475e18	00475e1a	3
00475e46	00475e48	3
00475ef5	00475f05	17
00476084	00476086	3
004760b2	004760b4	3
0047616a	0047616c	3
004761d2	004761d4	3
00476221	00476223	3
00476272	00476274	3
00476296	00476298	3
004762be	004762c0	3
004762e2	004762e4	3
004762f8	0047631a	35
00476346	00476348	3
00476364	0047636f	12
00476387	0047638f	9
0047639e	0047639f	2
004763ad	004763af	3
00476422	0047642d	12
0047642f	0047642f	1
004764a8	004764b3	12
004764b5	004764bf	11
0047669a	0047669c	3
004766c1	004766c3	3
004766e6	004766e8	3
00476705	00476707	3
0047672a	0047672c	3
00476849	0047684b	3
0047686d	0047686f	3
0047688e	00476890	3
0047689f	0047689f	1
0047691b	0047691d	3
00476999	0047699b	3
004769e5	004769e7	3
004769f5	004769ff	11
00476a33	00476a3f	13
00476ad6	00476adf	10
00476afc	00476aff	4
00476b9a	00476b9f	6
00476d39	00476d3b	3
00476e80	00476e82	3
00476ecc	00476ece	3
004772d4	004772d6	3
00477307	00477309	3
00477335	00477337	3
00477363	00477365	3
00477391	00477393	3
004773bc	004773be	3
004773e7	004773e9	3
00477415	00477417	3
0047743d	0047743f	3
0047745c	0047745e	3
00477481	00477483	3
004774af	004774b1	3
004774dd	004774df	3
0047750e	0047751b	14
00477522	0047756f	78
00477585	004775af	43
004775c9	004775cf	7
00477700	00477702	3
0047773d	0047773f	3
004777c9	004777cb	3
00477801	00477803	3
0047784e	00477850	3
00478232	00478234	3
00478269	0047826b	3
00478388	0047838a	3
00478416	00478418	3
00478445	00478447	3
00478474	00478476	3
004784a3	004784a5	3
004784d2	004784d4	3
00478501	00478503	3
00478530	00478532	3
0047855f	00478561	3
0047858e	00478590	3
004785bd	004785bf	3
004785ec	004785ee	3
0047861b	0047861d	3
0047864a	0047864c	3
00478679	0047867b	3
004786a8	004786aa	3
004786d7	004786d9	3
00478706	00478708	3
00478735	00478737	3
00478764	00478766	3
00478793	00478795	3
004787c2	004787c4	3
004787f1	004787f3	3
00478820	00478822	3
0047884f	00478851	3
0047887e	00478880	3
004788ad	004788af	3
004788dc	004788de	3
0047890b	0047890d	3
0047893a	0047893c	3
00478969	0047896b	3
0047899a	0047899c	3
004789b2	004789bf	14
00478b18	00478b1a	3
00478b43	00478b45	3
00478bd5	00478bd7	3
00478c24	00478c26	3
00478c6f	00478c73	5
00478c89	00478c8b	3
00478cb6	00478cb8	3
00478cce	00478ccf	2
00478ce2	00478cef	14
00478d02	00478d0f	14
00478de5	00478de7	3
00478e04	00478e06	3
00478e17	00478e1f	9
00478e49	00478e4f	7
00478eb9	00478ebf	7
00478f95	00478f97	3
00478fb4	00478fb6	3
00478fc7	00478fcf	9
004790ae	004790af	2
00479129	0047912b	3
0047913d	0047913f	3
00479215	00479217	3
00479234	00479236	3
00479247	0047924f	9
004792a1	004792a3	3
004792b5	004792b7	3
004792c1	004792cf	15
004793ae	004793af	2
00479429	0047942b	3
0047943d	0047943f	3
00479515	00479517	3
00479534	00479536	3
00479547	0047954f	9
0047962e	0047962f	2
004796a9	004796ab	3
004796bd	004796bf	3
00479795	00479797	3
004797b4	004797b6	3
004797c7	004797cf	9
004798ae	004798af	2
00479929	0047992b	3
0047993d	0047993f	3
00479a15	00479a17	3
00479a34	00479a36	3
00479a47	00479a4f	9
00479b2e	00479b2f	2
00479ba9	00479bab	3
00479bbd	00479bbf	3
00479c95	00479c97	3
00479cb4	00479cb6	3
00479cc7	00479ccf	9
00479dae	00479daf	2
00479e29	00479e2b	3
00479e3d	00479e3f	3
00479f15	00479f17	3
00479f34	00479f36	3
00479f47	00479f4f	9
0047a02e	0047a02f	2
0047a0a9	0047a0ab	3
0047a0bd	0047a0bf	3
0047a195	0047a197	3
0047a1b4	0047a1b6	3
0047a1c7	0047a1cf	9
0047a2ae	0047a2af	2
0047a329	0047a32b	3
0047a33d	0047a33f	3
0047a415	0047a417	3
0047a434	0047a436	3
0047a447	0047a44f	9
0047a52e	0047a52f	2
0047a5a9	0047a5ab	3
0047a5bd	0047a5bf	3
0047a695	0047a697	3
0047a6b4	0047a6b6	3
0047a6c7	0047a6cf	9
0047a7ae	0047a7af	2
0047a829	0047a82b	3
0047a83d	0047a83f	3
0047a915	0047a917	3
0047a934	0047a936	3
0047a947	0047a94f	9
0047aa2e	0047aa2f	2
0047aaa9	0047aaab	3
0047aabd	0047aabf	3
0047ab95	0047ab97	3
0047abb4	0047abb6	3
0047abc7	0047abcf	9
0047abde	0047abdf	2
0047acbe	0047acbf	2
0047ad39	0047ad3b	3
0047ad4d	0047ad4f	3
0047ae25	0047ae27	3
0047ae44	0047ae46	3
0047ae57	0047ae5f	9
0047af3e	0047af3f	2
0047afb9	0047afbb	3
0047afcd	0047afcf	3
0047b0a5	0047b0a7	3
0047b0c4	0047b0c6	3
0047b0d7	0047b0df	9
0047b1be	0047b1bf	2
0047b239	0047b23b	3
0047b24d	0047b24f	3
0047b325	0047b327	3
0047b344	0047b346	3
0047b357	0047b35f	9
0047b43e	0047b43f	2
0047b4b9	0047b4bb	3
0047b4cd	0047b4cf	3
0047b5a5	0047b5a7	3
0047b5c4	0047b5c6	3
0047b5d7	0047b5df	9
0047b6be	0047b6bf	2
0047b739	0047b73b	3
0047b74d	0047b74f	3
0047b825	0047b827	3
0047b844	0047b846	3
0047b857	0047b85f	9
0047b93e	0047b93f	2
0047b9b9	0047b9bb	3
0047b9cd	0047b9cf	3
0047baa5	0047baa7	3
0047bac4	0047bac6	3
0047bad7	0047badf	9
0047bbbe	0047bbbf	2
0047bc39	0047bc3b	3
0047bc4d	0047bc4f	3
0047bd25	0047bd27	3
0047bd44	0047bd46	3
0047bd57	0047bd5f	9
0047be3e	0047be3f	2
0047beb9	0047bebb	3
0047becd	0047becf	3
0047bfa5	0047bfa7	3
0047bfc4	0047bfc6	3
0047bfd7	0047bfdf	9
0047c0be	0047c0bf	2
0047c139	0047c13b	3
0047c14d	0047c14f	3
0047c225	0047c227	3
0047c244	0047c246	3
0047c257	0047c25f	9
0047c33e	0047c33f	2
0047c3b9	0047c3bb	3
0047c3cd	0047c3cf	3
0047c4a5	0047c4a7	3
0047c4c4	0047c4c6	3
0047c4d7	0047c4df	9
0047c5be	0047c5bf	2
0047c639	0047c63b	3
0047c64d	0047c64f	3
0047c725	0047c727	3
0047c744	0047c746	3
0047c757	0047c75f	9
0047c83e	0047c83f	2
0047c8b9	0047c8bb	3
0047c8cd	0047c8cf	3
0047c911	0047c91f	15
0047c937	0047c93f	9
0047c948	0047c94f	8
0047c986	0047c98f	10
0047c9de	0047c9df	2
0047cab5	0047cab7	3
0047cad4	0047cad6	3
0047cae7	0047caef	9
0047cafe	0047caff	2
0047cb46	0047cb4f	10
0047cbb9	0047cbbf	7
0047cc4b	0047cc4f	5
0047cd25	0047cd27	3
0047cd44	0047cd46	3
0047cd57	0047cd5f	9
0047cdae	0047cdaf	2
0047ce49	0047ce4f	7
0047cf25	0047cf27	3
0047cf44	0047cf46	3
0047cf57	0047cf5f	9
0047d049	0047d04f	7
0047d125	0047d127	3
0047d144	0047d146	3
0047d157	0047d15f	9
0047d1c9	0047d1cf	7
0047d269	0047d26f	7
0047d345	0047d347	3
0047d364	0047d366	3
0047d377	0047d37f	9
0047d3d9	0047d3df	7
0047d479	0047d47f	7
0047d555	0047d557	3
0047d574	0047d576	3
0047d587	0047d58f	9
0047d5e9	0047d5ef	7
0047d689	0047d68f	7
0047d765	0047d767	3
0047d784	0047d786	3
0047d797	0047d79f	9
0047d7b2	0047d7bf	14
0047d819	0047d81f	7
0047d8b9	0047d8bf	7
0047d995	0047d997	3
0047d9b4	0047d9b6	3
0047d9c7	0047d9cf	9
0047da16	0047da1f	10
0047dab9	0047dabf	7
0047db95	0047db97	3
0047dbb4	0047dbb6	3
0047dbc7	0047dbcf	9
0047dc16	0047dc1f	10
0047dcb9	0047dcbf	7
0047dd95	0047dd97	3
0047ddb4	0047ddb6	3
0047ddc7	0047ddcf	9
0047de27	0047de2f	9
0047dec9	0047decf	7
0047dfa6	0047dfa8	3
0047dfbc	0047dfbe	3
0047e00a	0047e00c	3
0047e029	0047e02b	3
0047e03c	0047e03f	4
0047e076	0047e07f	10
0047e17a	0047e17f	6
0047e264	0047e266	3
0047e279	0047e27b	3
0047e2ca	0047e2cc	3
0047e2e8	0047e2ea	3
0047e2fb	0047e2ff	5
0047e312	0047e31f	14
0047e45f	0047e45f	1
0047e563	0047e565	3
0047e577	0047e57f	9
0047e66b	0047e66d	3
0047e680	0047e682	3
0047e6d1	0047e6d3	3
0047e6e6	0047e6e8	3
0047e737	0047e739	3
0047e758	0047e75a	3
0047e76e	0047e76f	2
0047e91f	0047e91f	1
0047e9ed	0047e9ef	3
0047ea02	0047ea0f	14
0047ea8f	0047ea8f	1
0047eaac	0047eaaf	4
0047eb2e	0047eb30	3
0047eb4d	0047eb4f	3
0047ebb5	0047ebb7	3
0047ebda	0047ebdc	3
0047ebe3	0047ebef	13
0047ec34	0047ec3f	12
0047ec52	0047ec5f	14
0047ec96	0047ec9f	10
0047ed75	0047ed77	3
0047ed94	0047ed96	3
0047eda7	0047edaf	9
0047edbe	0047edbf	2
0047ee06	0047ee0f	10
0047ee79	0047ee7f	7
0047ef55	0047ef57	3
0047ef74	0047ef76	3
0047ef87	0047ef8f	9
0047efd6	0047efdf	10
0047f079	0047f07f	7
0047f155	0047f157	3
0047f174	0047f176	3
0047f187	0047f18f	9
0047f1d6	0047f1df	10
0047f279	0047f27f	7
0047f355	0047f357	3
0047f374	0047f376	3
0047f387	0047f38f	9
0047f3d6	0047f3df	10
0047f479	0047f47f	7
0047f555	0047f557	3
0047f574	0047f576	3
0047f587	0047f58f	9
0047f5d6	0047f5df	10
0047f679	0047f67f	7
0047f755	0047f757	3
0047f774	0047f776	3
0047f787	0047f78f	9
0047f7d6	0047f7df	10
0047f879	0047f87f	7
0047f955	0047f957	3
0047f974	0047f976	3
0047f987	0047f98f	9
0047f9b1	0047f9bf	15
0047fa59	0047fa5f	7
0047fb35	0047fb37	3
0047fb54	0047fb56	3
0047fb67	0047fb6f	9
0047fb97	0047fb9f	9
0047fc39	0047fc3f	7
0047fcb6	0047fcb8	3
0047fcdb	0047fcdd	3
0047fce4	0047fcef	12
0047fd34	0047fd3f	12
0047fd84	0047fd8f	12
0047fdeb	0047fded	3
0047fdf4	0047fdff	12
0047fed5	0047fed7	3
0047fef4	0047fef6	3
0047ff07	0047ff0f	9
0047ff1c	0047ff1f	4
0047ff68	0047ff6f	8
0047ffd9	0047ffdf	7
004800b5	004800b7	3
004800d4	004800d6	3
004800e7	004800ef	9
00480146	0048014f	10
004801e9	004801ef	7
004802c5	004802c7	3
004802e4	004802e6	3
004802f7	004802ff	9
00480378	0048037f	8
0048042d	0048042f	3
0048046d	0048046f	3
0048055b	0048055d	3
0048057a	0048057c	3
0048058d	0048058f	3
0048066e	0048066f	2
00480747	00480749	3
0048075b	0048075f	5
00480835	00480837	3
00480854	00480856	3
00480867	0048086f	9
00480883	0048088f	13
004808e5	004808ef	11
00480989	0048098f	7
00480a65	00480a67	3
00480a84	00480a86	3
00480a97	00480a9f	9
00480af2	00480aff	14
00480b99	00480b9f	7
00480c75	00480c77	3
00480c94	00480c96	3
00480ca7	00480caf	9
00480d02	00480d0f	14
00480da9	00480daf	7
00480e85	00480e87	3
00480ea4	00480ea6	3
00480eb7	00480ebf	9
00480f12	00480f1f	14
00480fb9	00480fbf	7
00481095	00481097	3
004810b4	004810b6	3
004810c7	004810cf	9
004810fa	004810ff	6
00481199	0048119f	7
0048121f	0048121f	1
0048123d	0048123f	3
004812d5	004812df	11
00481328	0048132a	3
00481339	0048133f	7
004813d5	004813df	11
00481428	0048142a	3
00481439	0048143f	7
004814d5	004814df	11
00481528	0048152a	3
00481539	0048153f	7
00481615	00481617	3
00481634	00481636	3
00481647	0048164f	9
00481689	0048168f	7
0048173d	0048173f	3
00481815	00481817	3
00481834	00481836	3
00481847	0048184f	9
00481889	0048188f	7
0048193d	0048193f	3
00481a15	00481a17	3
00481a34	00481a36	3
00481a47	00481a4f	9
00481a7e	00481a7f	2
00481b19	00481b1f	7
00481bf5	00481bf7	3
00481c14	00481c16	3
00481c27	00481c2f	9
00481c58	00481c5f	8
00481cf9	00481cff	7
00481dd5	00481dd7	3
00481df4	00481df6	3
00481e07	00481e0f	9
00481e38	00481e3f	8
00481ed9	00481edf	7
00481f5f	00481f5f	1
00481f92	00481f9f	14
0048201f	0048201f	1
00482052	0048205f	14
00482135	00482137	3
00482154	00482156	3
00482167	0048216f	9
00482198	0048219f	8
00482239	0048223f	7
00482315	00482317	3
00482334	00482336	3
00482347	0048234f	9
00482378	0048237f	8
00482419	0048241f	7
004824f5	004824f7	3
00482514	00482516	3
00482527	0048252f	9
00482558	0048255f	8
004825f9	004825ff	7
004826d5	004826d7	3
004826f4	004826f6	3
00482707	0048270f	9
00482738	0048273f	8
004827d9	004827df	7
004828b5	004828b7	3
004828d4	004828d6	3
004828e7	004828ef	9
00482946	0048294f	10
004829e9	004829ef	7
00482ac5	00482ac7	3
00482ae4	00482ae6	3
00482af7	00482aff	9
00482b56	00482b5f	10
00482bf9	00482bff	7
00482cd5	00482cd7	3
00482cf4	00482cf6	3
00482d07	00482d0f	9
00482d66	00482d6f	10
00482e09	00482e0f	7
00482ee5	00482ee7	3
00482f04	00482f06	3
00482f17	00482f1f	9
00482f32	00482f3f	14
00482f96	00482f9f	10
00483039	0048303f	7
004830bf	004830c1	3
004830de	004830e0	3
00483148	0048314a	3
0048316d	0048316f	3
00483176	0048317f	10
004833ac	004833af	4
004833c9	004833cf	7
004833e9	004833ef	7
00483409	0048340f	7
00483429	0048342f	7
00483449	0048344f	7
004834c2	004834cd	12
004834cf	004834cf	1
004834dd	004834df	3
004834f1	004834ff	15
00483579	004835bf	71
00483615	0048361f	11
00483675	0048367f	11
004836f5	004836ff	11
00483720	00483722	3
00483746	00483748	3
0048374f	0048374f	1
00483868	0048387a	19
0048389d	0048389f	3
004839a6	004839af	10
00483a4a	00483a4f	6
00483b6d	00483b6f	3
00483bae	00483baf	2
00483bd6	00483bdf	10
00483df4	00483dff	12
00483e67	00483e6f	9
00483f5c	00483f5f	4
00484028	0048402f	8
00484045	0048404f	11
0048406a	0048406f	6
00484129	0048412f	7
0048418c	0048418f	4
004841b1	004841bf	15
004841db	004841df	5
004841ed	004841ef	3
00484303	0048430f	13
004843d7	004843df	9
00484445	0048444f	11
004844fb	004844ff	5
00484554	00484556	3
00484571	00484573	3
004845c8	004845ca	3
004845de	004845e0	3
0048460b	0048460f	5
00484663	0048466f	13
004846b8	004846ba	3
004846c2	004846cf	14
004846fa	004846ff	6
00484767	0048476f	9
0048484e	00484859	12
004848ab	004848ad	3
004848c4	004848cf	12
004849b6	004849b8	3
004849e4	004849e6	3
004849ff	00484a01	3
00484a44	00484a46	3
00484a5c	00484a5f	4
00484af3	00484af5	3
00484b07	00484b0f	9
00484b32	00484b3f	14
00484c79	00484c7b	3
00484ca9	00484cb4	12
00484d6a	00484d6f	6
00484d91	00484d93	3
00484dd8	00484dda	3
00484dea	00484dec	3
00484e40	00484e42	3
00484e7b	00484e7d	3
00484ea4	00484ea6	3
00484eca	00484ecc	3
00484eef	00484ef1	3
00484f11	00484f13	3
00484f27	00484f2f	9
00485006	00485008	3
004850c8	004850ca	3
0048517c	0048517f	4
004851b6	004851bf	10
0048520d	0048520f	3
004852f9	004852fb	3
0048530e	0048530f	2
0048532d	0048532f	3
00485346	0048534f	10
0048536d	0048536f	3
004853b9	004853bf	7
004853eb	004853ef	5
00485409	0048540b	3
0048542a	0048542c	3
00485449	0048544b	3
0048545c	0048545f	4
00485475	00485477	3
0048547e	0048547f	2
004854dd	004854df	3
00485532	00485534	3
004855cb	004855cd	3
004855ee	004855fc	15
00485681	00485683	3
004856a0	004856a2	3
004856af	004856af	1
00485702	00485704	3
00485763	00485765	3
004857b8	004857ba	3
004857c2	004857cf	14
004857e8	004857ef	8
00485806	0048580f	10
00485857	0048585f	9
004858c4	004858cf	12
0048594f	0048594f	1
0048595c	0048595f	4
0048599d	0048599f	3
00485a16	00485a21	12
00485a23	00485a2f	13
00485a6a	00485a6f	6
00485b11	00485b13	3
00485cb7	00485cbf	9
00485d2c	00485d2e	3
00485d81	00485d83	3
00485da0	00485da2	3
00485dbc	00485dbe	3
00485dc5	00485dcf	11
00485e8f	00485e91	3
00485f0b	00485f0d	3
00485f5c	00485f5e	3
00485fbd	00485fbf	3
00485fee	00485ff0	3
0048600b	0048600f	5
0048606a	0048606f	6
00486085	0048608f	11
004860ba	004860bf	6
004862e6	004862ef	10
004866d7	004866df	9
00486708	0048670f	8
0048673c	0048673f	4
00486744	0048674f	12
0048678e	0048678f	2
0048679f	0048679f	1
004867d8	004867df	8
00486808	0048680f	8
0048683d	0048683f	3
0048684c	0048684f	4
0048687b	0048687f	5
004868d3	004868df	13
004868f6	004868ff	10
00486925	00486930	12
00486937	0048693f	9
004869d3	004869de	12
00486a5e	00486a69	12
00486a6b	00486a6f	5
00486b03	00486b0e	12
00486b6d	00486b6f	3
00486b78	00486b86	15
00486b8a	00486b8f	6
00486c44	00486c4f	12
00486cf6	00486cff	10
00486e02	00486e07	6
00486e7a	00486e7f	6
00486f03	00486f0f	13
004870bc	004870bf	4
00487197	0048719f	9
004872ba	004872bf	6
004873f1	004873ff	15
004874a6	004874af	10
004874cf	004874cf	1
00487506	0048750f	10
004875c9	004875cf	7
00487687	0048768f	9
004876d1	004876df	15
00487736	0048773f	10
0048777b	0048777f	5
004877cc	004877cf	4
0048782f	0048782f	1
00487cbd	00487cbf	3
0048835b	0048835f	5
00488406	0048840f	10
0048852d	0048852f	3
00488602	0048860f	14
00488630	0048863f	16
004886f7	004886ff	9
00488789	0048878f	7
004887fa	004887ff	6
0048883d	0048883f	3
004888be	004888c9	12
004888cb	004888cf	5
00488a7c	00488a7f	4
00488d25	00488e1f	251
00488e5f	00488e79	27
00488f42	00488fed	172
00489041	0048910f	207
0048923e	0048923f	2
0048926c	0048926e	3
0048927b	0048949f	549
004894cf	004894cf	1
004894d6	004894df	10
004894e4	004894ef	12
004894f4	004894ff	12
0048951d	0048951f	3
00489527	0048952f	9
0048953d	0048953f	3
00489547	0048954f	9
00489558	0048955f	8
00489568	0048956f	8
0048993a	0048993f	6
00489955	00489957	3
0048995e	0048995f	2
0048996d	0048996f	3
0048997c	0048997f	4
004899c9	004899cf	7
00489a25	00489a2f	11
00489a89	00489a8f	7
00489aed	00489aef	3
00489b6e	00489b79	12
00489b7b	00489b7f	5
00489c13	00489c1e	12
00489cb3	00489cbe	12
00489ce5	00489cf0	12
00489cf7	00489cff	9
00489db4	00489dbf	12
00489e28	00489e2f	8
00489eb3	00489ebf	13
00489f27	00489f2f	9
00489f61	00489f63	3
00489f9d	00489f9f	3
0048a14c	0048a14f	4
0048a1fd	0048a1ff	3
0048a4ca	0048a4cf	6
0048a589	0048a58f	7
0048a647	0048a64f	9
0048a75a	0048a75c	3
0048a82c	0048a82e	3
0048a862	0048a864	3
0048a8d6	0048a8df	10
0048a900	0048a90f	16
0048a999	0048a99f	7
0048a9c5	0048a9ff	59
0048aa5d	0048aa5f	3
0048aaa1	0048aaa3	3
0048aac4	0048aacf	12
0048ab4e	0048ab59	12
0048ab5b	0048ab5f	5
0048ad0c	0048ad0f	4
0048ad4d	0048ad4f	3
0048ae81	0048ae8f	15
0048b134	0048b21f	236
0048b387	0048b389	3
0048b39f	0048b39f	1
0048b3fe	0048b4bf	194
0048b51f	0048b51f	1
0048b56a	0048b56f	6
0048b5ba	0048b5bf	6
0048b5dd	0048b5df	3
0048b5e6	0048b5ef	10
0048b645	0048b64f	11
0048b656	0048b65f	10
0048b693	0048b69f	13
0048b6bc	0048b6bf	4
0048b6c6	0048b6cf	10
0048b6d8	0048b6df	8
0048b6e7	0048b6ef	9
0048b6f7	0048b6ff	9
0048b771	0048b77f	15
0048b793	0048b79f	13
0048b7cd	0048b7cf	3
0048b7d7	0048b7df	9
0048b7f8	0048b7ff	8
0048b817	0048b81f	9
0048b827	0048b82f	9
0048b837	0048b83f	9
0048b858	0048b85f	8
0048b879	0048b87f	7
0048b899	0048b89f	7
0048b8b7	0048b8bf	9
0048b8e1	0048b8ef	15
0048b8f6	0048b8ff	10
0048b906	0048b90f	10
0048b926	0048b92f	10
0048b936	0048b93f	10
0048b9cf	0048b9cf	1
0048baa1	0048baaf	15
0048bb7f	0048bb7f	1
0048bc4f	0048bc4f	1
0048bd1f	0048bd1f	1
0048bdef	0048bdef	1
0048bebf	0048bebf	1
0048bf8f	0048bf8f	1
0048c05f	0048c05f	1
0048c12f	0048c12f	1
0048c13d	0048c13f	3
0048c147	0048c14f	9
0048c17d	0048c17f	3
0048c187	0048c18f	9
0048c1a2	0048c1af	14
0048c20b	0048c20f	5
0048c223	0048c22f	13
0048c28b	0048c28f	5
0048c2ab	0048c2af	5
0048c2d1	0048c2df	15
0048c357	0048c35f	9
0048c3d9	0048c3df	7
0048c437	0048c43f	9
0048c49b	0048c49f	5
0048c506	0048c50f	10
0048c595	0048c59f	11
0048c614	0048c61f	12
0048c694	0048c69f	12
0048c7d8	0048c7e3	12
0048c7e5	0048c7ef	11
0048c815	0048c820	12
0048c827	0048c82f	9
0048c855	0048c860	12
0048c867	0048c86f	9
0048c8e8	0048c8f3	12
0048c8f5	0048c8ff	11
0048c97b	0048c986	12
0048c988	0048c98f	8
0048ca0e	0048ca19	12
0048ca1b	0048ca1f	5
0048cab3	0048cabe	12
0048cae1	0048caef	15
0048cb13	0048cb1f	13
0048cb8f	0048cb8f	1
0048cbff	0048cbff	1
0048cc47	0048cc4f	9
0048cd42	0048cd4f	14
0048cdc8	0048cdcf	8
0048ce18	0048ce1f	8
0048ce5a	0048ce5f	6
0048cf7c	0048cf7f	4
0048d011	0048d01f	15
0048d045	0048d04f	11
0048d07b	0048d07f	5
0048d0f1	0048d0ff	15
0048d15a	0048d15f	6
0048d185	0048d18f	11
0048d396	0048d39f	10
0048d3c9	0048d3cf	7
0048d3eb	0048d3ef	5
0048d40b	0048d40f	5
0048d455	0048d45f	11
0048d49b	0048d49f	5
0048d62c	0048d62f	4
0048d6e3	0048d6ef	13
0048d916	0048d91f	10
0048daa2	0048daaf	14
0048db0c	0048db0f	4
0048db87	0048db8f	9
0048dc81	0048dc8f	15
0048dd4d	0048dd4f	3
0048de8d	0048de8f	3
0048e03b	0048e03f	5
0048e085	0048e08f	11
0048e0cc	0048e0cf	4
0048e0fa	0048e0ff	6
0048e126	0048e12f	10
0048e223	0048e22f	13
0048e34d	0048e34f	3
0048e392	0048e39f	14
0048e4d7	0048e4df	9
0048e68c	0048e68f	4
0048e6ff	0048e6ff	1
0048ed81	0048ed8f	15
0048edab	0048edaf	5
0048edbf	0048edbf	1
0048eeba	0048eebc	3
0048eeda	0048eedc	3
0048efb8	0048efba	3
0048efdd	0048efdf	3
0048f02e	0048f030	3
0048f06a	0048f06c	3
0048f08b	0048f08d	3
0048f0ad	0048f0af	3
0048f0d6	0048f0d8	3
0048f0f3	0048f0ff	13
0048f1a1	0048f1a3	3
0048f1ca	0048f1cf	6
0048f2e8	0048f2ea	3
0048f31a	0048f31c	3
0048f397	0048f39f	9
0048f3c2	0048f3cf	14
0048f54d	0048f54f	3
0048f5df	0048f5e1	3
0048f655	0048f65f	11
0048f71e	0048f71f	2
0048f737	0048f73f	9
0048f79d	0048f79f	3
0048f7c9	0048f7cf	7
0048f85d	0048f85f	3
0048f8f6	0048f8ff	10
0048f91a	0048f91f	6
0048f99a	0048f99f	6
0048f9e6	0048f9ef	10
0048fa1d	0048fa1f	3
0048fa39	0048fa3f	7
0048fa57	0048fa5f	9
0048fb41	0048fb43	3
0048fd9d	0048fd9f	3
0049016d	0049016f	3
004901d2	004901df	14
00490217	0049021f	9
00490279	0049027f	7
004903bc	004903bf	4
0049045e	00490460	3
00490521	00490523	3
00490688	0049068f	8
0049070d	0049070f	3
00490714	0049071f	12
0049084b	0049084f	5
00490892	0049089f	14
00490a2d	00490a2f	3
00490a88	00490a8a	3
00490a91	00490a9f	15
00490af1	00490aff	15
00490bb9	00490bbf	7
00490c79	00490c7f	7
00490c9f	00490c9f	1
00490d57	00490d5f	9
00490dac	00490daf	4
00490e67	00490e6f	9
00491041	00491043	3
00491076	00491081	12
00491161	0049116f	15
004912a9	004912ab	3
004912d9	004912e4	12
0049139a	0049139f	6
004914df	004914e1	3
0049150f	0049151a	12
004915ce	004915cf	2
0049163f	00491641	3
0049164a	0049164f	6
004916b8	004916ba	3
004916c3	004916cf	13
00491794	004917df	76
00491927	00491929	3
0049195a	0049195c	3
00491982	00491984	3
004919a1	004919a3	3
004919c0	004919c2	3
004919df	004919e1	3
00491a04	00491a06	3
00491a32	00491a34	3
00491a64	00491a74	17
00491c97	00491c9f	9
00491cb8	00491cbf	8
00491d1c	00491d1f	4
00492021	0049202f	15
004920db	004920df	5
0049213a	0049213f	6
004921ec	004921ef	4
0049225a	0049225f	6
004922e3	004922ef	13
00492359	0049235f	7
00492393	0049239f	13
004926c4	004926cf	12
00492ce1	00492ce3	3
00492d36	00492d38	3
00492d4e	00492d4f	2
00492da4	00492dd0	45
00492dd9	00492ddf	7
00492eba	00492ebc	3
00492eda	00492edc	3
00492f27	00492f29	3
00492f75	00492f77	3
0049306f	0049306f	1
004930bd	004930bf	3
00493149	0049314f	7
004931b2	004931bf	14
0049329a	0049329c	3
004932bf	004932c1	3
00493342	00493344	3
0049335f	00493361	3
00493596	00493598	3
004935cd	004935cf	3
00493600	00493602	3
0049361e	0049361f	2
00493663	0049366f	13
004937b9	004937bf	7
00493c2a	00493c2f	6
00493c6d	00493c6f	3
00493c94	00493c9f	12
00493e67	00493e6f	9
00493ea2	00493ea4	3
00494097	0049409f	9
004940f9	004940ff	7
00494269	0049426f	7
004943bd	004943bf	3
00494419	0049441f	7
00494670	00494672	3
00494686	0049468f	10
00494735	00494737	3
00494758	0049475a	3
00494767	0049476f	9
00494798	004947a0	9
004947eb	00494859	111
00494870	00494c5f	1008
00494c99	00494c9f	7
00494ca7	00494caf	9
00494cbd	00494cbf	3
00494cc7	00494ccf	9
00494cd7	00494cdf	9
00494ced	00494cef	3
00494cf7	00494cff	9
00494d0d	00494d0f	3
00494d1d	00494d1f	3
00494d35	00494d3f	11
00494d4d	00494d4f	3
00494d57	00494d5f	9
00494d6d	00494d6f	3
00494d77	00494d7f	9
00494d8d	00494d8f	3
00494d9d	00494d9f	3
00494da7	00494daf	9
00494dc7	00494dcf	9
00494df6	00494dff	10
00494e15	00494e1f	11
00494e2d	00494e2f	3
00494e37	00494e3f	9
00494e47	00494e4f	9
00494e57	00494e5f	9
00494e67	00494e6f	9
00494e77	00494e7f	9
00494e87	00494e8f	9
00494e97	00494e9f	9
00494ead	00494eaf	3
00494eb7	00494ebf	9
00494ecd	00494ecf	3
00494ed7	00494edf	9
00494ee7	00494eef	9
00494efd	00494eff	3
00494f0d	00494f0f	3
00494f17	00494f1f	9
00494f2d	00494f2f	3
00494f37	00494f3f	9
00494f4d	00494f4f	3
00494f57	00494f5f	9
00494f6d	00494f6f	3
00494f77	00494f7f	9
00494f8d	00494f8f	3
00494f97	00494f9f	9
00494fa7	00494faf	9
00494fb7	00494fbf	9
00494fc7	00494fcf	9
00494fd7	00494fdf	9
00494fe7	00494fef	9
00494ff7	00494fff	9
00495007	0049500f	9
00495017	0049501f	9
00495027	0049502f	9
00495037	0049503f	9
0049504a	0049504f	6
0049505a	0049505f	6
0049506d	0049506f	3
00495077	0049507f	9
0049508d	0049508f	3
00495097	0049509f	9
004950ad	004950af	3
004950b7	004950bf	9
004950c7	004950cf	9
004950dd	004950df	3
004950e7	004950ef	9
004950fd	004950ff	3
0049510d	0049510f	3
00495117	0049511f	9
0049512d	0049512f	3
00495137	0049513f	9
0049514d	0049514f	3
00495157	0049515f	9
0049516d	0049516f	3
00495177	0049517f	9
0049519b	0049519f	5
004951ad	004951af	3
004951bb	004951bf	5
004951cb	004951cf	5
004951db	004951df	5
004951eb	004951ef	5
004951fb	004951ff	5
0049520b	0049520f	5
0049521b	0049521f	5
0049522e	0049522f	2
004952a2	004952af	14
004952bb	004952bf	5
004952cb	004952cf	5
004952e3	004952ef	13
0049534e	00495350	3
0049536b	0049536f	5
00496056	004960ff	170
0049612d	0049612f	3
004964d4	004964d6	3
00496549	0049654f	7
004965f8	004965fa	3
004966a1	004966a3	3
004968f2	004968f4	3
00496925	00496927	3
00496958	0049695a	3
00496a08	00496a0f	8
00496b5e	00496b60	3
00496b97	00496b99	3
00496bfa	00496c1f	38
00496e9d	00496e9f	3
0049711e	0049711f	2
00497135	00497137	3
0049713e	0049713f	2
00497288	00497293	12
0049732d	0049733c	16
00497354	0049735f	12
0049736c	0049736f	4
0049738a	0049738f	6
004973a7	004973af	9
004973b7	004973bf	9
004973c4	004973cf	12
004973d4	004973df	12
00497405	0049740f	11
00497435	0049743f	11
00497465	0049746f	11
00497478	0049747f	8
00497488	0049748f	8
00497498	0049749f	8
004974bd	004974bf	3
00497531	0049753f	15
00497548	0049754f	8
00497558	0049755f	8
00497581	0049758f	15
004975d5	004975df	11
00497605	0049760f	11
00497635	0049763f	11
00497665	0049766f	11
00497695	0049769f	11
004976c5	004976cf	11
004976f5	004976ff	11
00497725	0049772f	11
00497755	0049775f	11
00497785	0049778f	11
004977b5	004977bf	11
004977e5	004977ef	11
00497815	0049781f	11
00497845	0049784f	11
00497875	0049787f	11
004978a5	004978af	11
004978d5	004978df	11
00497905	0049790f	11
00497935	0049793f	11
00497965	0049796f	11
00497995	0049799f	11
004979c5	004979cf	11
004979f6	004979ff	10
00497a30	00497a32	3
00497a39	00497a3f	7
00497a70	00497a72	3
00497a79	00497a7f	7
00497ab0	00497ab2	3
00497ab9	00497abf	7
00497af1	00497af3	3
00497afa	00497aff	6
00497b31	00497b33	3
00497b3a	00497b3f	6
00497b70	00497b72	3
00497b79	00497b7f	7
00497bb1	00497bb3	3
00497bba	00497bbf	6
00497bf0	00497bf2	3
00497bf9	00497bff	7
00497c31	00497c33	3
00497c3a	00497c3f	6
00497c71	00497c73	3
00497c7a	00497c7f	6
00497cb1	00497cb3	3
00497cba	00497cbf	6
00497cf1	00497cf3	3
00497cfa	00497cff	6
00497d31	00497d33	3
00497d3a	00497d3f	6
00497d71	00497d73	3
00497d7a	00497d7f	6
00497db1	00497db3	3
00497dba	00497dbf	6
00497df0	00497df2	3
00497df9	00497dff	7
00497e31	00497e33	3
00497e3a	00497e3f	6
00497e71	00497e73	3
00497e7a	00497e7f	6
00497eb1	00497eb3	3
00497eba	00497ebf	6
00497ef1	00497ef3	3
00497efa	00497eff	6
00497f31	00497f33	3
00497f3a	00497f3f	6
00497f70	00497f72	3
00497f79	00497f7f	7
00497fb1	00497fb3	3
00497fba	00497fbf	6
00497ff1	00497ff3	3
00497ffa	00497fff	6
00498031	00498033	3
0049803a	0049803f	6
0049806b	0049806f	5
00498095	0049809f	11
004980c5	004980cf	11
004980f5	004980ff	11
00498125	0049812f	11
00498155	0049815f	11
00498185	0049818f	11
004981b5	004981bf	11
004981e5	004981ef	11
00498215	0049821f	11
00498245	0049824f	11
00498275	0049827f	11
004982a5	004982af	11
004982d5	004982df	11
004982fe	004982ff	2
00498325	0049832f	11
00498355	0049835f	11
00498385	0049838f	11
004983b5	004983bf	11
004983f0	004983f2	3
004983f9	004983ff	7
00498430	00498432	3
00498439	0049843f	7
00498470	00498472	3
00498479	0049847f	7
004984b0	004984b2	3
004984b9	004984bf	7
004984f0	004984f2	3
004984f9	004984ff	7
00498530	00498532	3
00498539	0049853f	7
00498570	00498572	3
00498579	0049857f	7
004985b0	004985b2	3
004985b9	004985bf	7
004985f0	004985f2	3
004985f9	004985ff	7
00498630	00498632	3
00498639	0049863f	7
00498670	00498672	3
00498679	0049867f	7
004986b0	004986b2	3
004986b9	004986bf	7
004986f0	004986f2	3
004986f9	004986ff	7
00498730	00498732	3
00498739	0049873f	7
00498770	00498772	3
00498779	0049877f	7
004987b0	004987b2	3
004987b9	004987bf	7
004987f0	004987f2	3
004987f9	004987ff	7
00498859	0049885f	7
004988bd	004988ff	67
00498906	0049890f	10
00498962	0049896f	14
00498976	0049897f	10
004989d2	004989df	14
004989e6	004989ef	10
00498a42	00498a4f	14
00498aa2	00498aaf	14
00498abc	00498abf	4
00498b12	00498b1f	14
00498b2c	00498b2f	4
00498b41	00498b4f	15
00498b61	00498b6f	15
00498bc2	00498bcf	14
00498c22	00498c2f	14
00498c36	00498c3f	10
00498c92	00498c9f	14
00498ca6	00498caf	10
00498d02	00498d0f	14
00498d16	00498d1f	10
00498d72	00498d7f	14
00498d86	00498d8f	10
00498de2	00498def	14
00498df6	00498dff	10
00498e52	00498e5f	14
00498e66	00498e6f	10
00498ec2	00498ecf	14
00498ed6	00498edf	10
00498f32	00498f3f	14
00498f46	00498f4f	10
00498fa2	00498faf	14
00498fb6	00498fbf	10
00499012	0049901f	14
00499026	0049902f	10
00499082	0049908f	14
00499096	0049909f	10
004990f2	004990ff	14
00499106	0049910f	10
00499162	0049916f	14
00499176	0049917f	10
004991d2	004991df	14
004991e6	004991ef	10
00499242	0049924f	14
00499256	0049925f	10
004992b2	004992bf	14
004992c6	004992cf	10
00499322	0049932f	14
00499336	0049933f	10
00499392	0049939f	14
004993a6	004993af	10
00499402	0049940f	14
00499416	0049941f	10
00499472	0049947f	14
00499486	0049948f	10
004994e2	004994ef	14
004994f6	004994ff	10
00499552	0049955f	14
00499566	0049956f	10
004995c2	004995cf	14
004995d6	004995df	10
00499632	0049963f	14
00499646	0049964f	10
004996a2	004996af	14
004996b6	004996bf	10
00499712	0049971f	14
00499726	0049972f	10
00499782	0049978f	14
00499796	0049979f	10
004997f2	004997ff	14
00499806	0049980f	10
00499862	0049986f	14
00499876	0049987f	10
004998d2	004998df	14
004998e6	004998ef	10
00499942	0049994f	14
00499956	0049995f	10
004999b2	004999bf	14
004999c6	004999cf	10
00499a22	00499a2f	14
00499a36	00499a3f	10
00499a92	00499a9f	14
00499aa6	00499aaf	10
00499b02	00499b0f	14
00499b15	00499b1f	11
00499b25	00499b2f	11
00499b35	00499b3f	11
00499b45	00499b4f	11
00499b56	00499b5f	10
00499b66	00499b6f	10
00499b76	00499b7f	10
00499b86	00499b8f	10
00499b9c	00499b9f	4
00499bc6	00499bcf	10
00499bfe	00499bff	2
00499c0c	00499c0f	4
00499c36	00499c3f	10
00499c4c	00499c4f	4
00499c76	00499c7f	10
00499cae	00499caf	2
00499cbc	00499cbf	4
00499ce6	00499cef	10
00499d1e	00499d1f	2
00499d2c	00499d2f	4
00499d56	00499d5f	10
00499d6c	00499d6f	4
00499d96	00499d9f	10
00499dac	00499daf	4
00499dd6	00499ddf	10
00499e0e	00499e0f	2
00499e1c	00499e1f	4
00499e46	00499e4f	10
00499e5c	00499e5f	4
00499e86	00499e8f	10
00499e9c	00499e9f	4
00499ec6	00499ecf	10
00499edc	00499edf	4
00499f06	00499f0f	10
00499f1c	00499f1f	4
00499f46	00499f4f	10
00499f5c	00499f5f	4
00499f86	00499f8f	10
0049a5f6	0049a5ff	10
0049a63c	0049a63f	4
0049a646	0049a64f	10
0049a656	0049a65f	10
0049a666	0049a66f	10
0049a676	0049a67f	10
0049a686	0049a68f	10
0049a696	0049a69f	10
0049a6a6	0049a6af	10
0049a6b6	0049a6bf	10
0049a6c6	0049a6cf	10
0049a6d6	0049a6df	10
0049a6e6	0049a6ef	10
0049a6f6	0049a6ff	10
0049a706	0049a70f	10
0049a716	0049a71f	10
0049a726	0049a72f	10
0049a736	0049a73f	10
0049a746	0049a74f	10
0049a756	0049a75f	10
0049a766	0049a76f	10
0049a776	0049a77f	10
0049a786	0049a78f	10
0049a796	0049a79f	10
0049a7a6	0049a7af	10
0049a7b6	0049a7bf	10
0049a7c6	0049a7cf	10
0049a7d6	0049a7df	10
0049a7e6	0049a7ef	10
0049a7f6	0049a7ff	10
0049a806	0049a80f	10
0049a816	0049a81f	10
0049a826	0049a82f	10
0049a836	0049a83f	10
0049a846	0049a84f	10
0049a856	0049a85f	10
0049a866	0049a86f	10
0049a876	0049a87f	10
0049a886	0049a88f	10
0049a896	0049a89f	10
0049a8a6	0049a8af	10
0049a8b6	0049a8bf	10
0049a8c6	0049a8cf	10
0049a8d6	0049a8df	10
0049a8e6	0049a8ef	10
0049a8f6	0049a8ff	10
0049a906	0049a90f	10
0049a916	0049a91f	10
0049a926	0049a92f	10
0049a936	0049a93f	10
0049a946	0049a94f	10
0049a958	0049a95f	8
0049a9de	0049a9e9	12
0049a9eb	0049a9ef	5
0049aa2d	0049aa2f	3
0049aa85	0049aa8f	11
0049aaed	0049aaef	3
0049ab47	0049ab4f	9
0049abce	0049abd9	12
0049abdb	0049abdf	5
0049abe6	0049abef	10
0049ac13	0049ac1f	13
0049ac26	0049ac2f	10
0049ac53	0049ac5f	13
0049ac83	0049ac8f	13
0049ac95	0049ac9f	11
0049acaa	0049acaf	6
0049acb6	0049acbf	10
0049ace3	0049acef	13
0049acf6	0049acff	10
0049ad23	0049ad2f	13
0049ad36	0049ad3f	10
0049ad63	0049ad6f	13
0049ad93	0049ad9f	13
0049adc3	0049adcf	13
0049adf3	0049adff	13
0049ae23	0049ae2f	13
0049ae53	0049ae5f	13
0049ae83	0049ae8f	13
0049ae96	0049ae9f	10
0049aec3	0049aecf	13
0049aed6	0049aedf	10
0049af03	0049af0f	13
0049af16	0049af1f	10
0049af43	0049af4f	13
0049af56	0049af5f	10
0049af83	0049af8f	13
0049af96	0049af9f	10
0049afc3	0049afcf	13
0049afd6	0049afdf	10
0049b003	0049b00f	13
0049b016	0049b01f	10
0049b043	0049b04f	13
0049b056	0049b05f	10
0049b083	0049b08f	13
0049b096	0049b09f	10
0049b0c3	0049b0cf	13
0049b0d6	0049b0df	10
0049b103	0049b10f	13
0049b116	0049b11f	10
0049b143	0049b14f	13
0049b156	0049b15f	10
0049b183	0049b18f	13
0049b196	0049b19f	10
0049b1c3	0049b1cf	13
0049b1d6	0049b1df	10
0049b203	0049b20f	13
0049b216	0049b21f	10
0049b243	0049b24f	13
0049b256	0049b25f	10
0049b283	0049b28f	13
0049b296	0049b29f	10
0049b2c3	0049b2cf	13
0049b2d6	0049b2df	10
0049b303	0049b30f	13
0049b316	0049b31f	10
0049b343	0049b34f	13
0049b356	0049b35f	10
0049b383	0049b38f	13
0049b396	0049b39f	10
0049b3c3	0049b3cf	13
0049b3d6	0049b3df	10
0049b403	0049b40f	13
0049b416	0049b41f	10
0049b443	0049b44f	13
0049b456	0049b45f	10
0049b483	0049b48f	13
0049b4a6	0049b4a8	3
0049b4af	0049b4af	1
0049b4b6	0049b4bf	10
0049b4e3	0049b4ef	13
0049b508	0049b50f	8
0049b5a3	0049b5ae	12
0049b643	0049b64e	12
0049b675	0049b680	12
0049b687	0049b68f	9
0049b6b5	0049b6c0	12
0049b6c7	0049b6cf	9
0049b784	0049b78f	12
0049b844	0049b84f	12
0049b873	0049b87f	13
0049b886	0049b88f	10
0049b896	0049b89f	10
0049b8f2	0049b8ff	14
0049b923	0049b92f	13
0049b936	0049b93f	10
0049b946	0049b94f	10
0049b9a2	0049b9af	14
0049b9d3	0049b9df	13
0049b9e6	0049b9ef	10
0049b9f6	0049b9ff	10
0049ba52	0049ba5f	14
0049ba83	0049ba8f	13
0049bab3	0049babf	13
0049bac6	0049bacf	10
0049bad6	0049badf	10
0049bb32	0049bb3f	14
0049bb46	0049bb4f	10
0049bba2	0049bbaf	14
0049bc35	0049bc3f	11
0049bc46	0049bc4f	10
0049bca2	0049bcaf	14
0049bd05	0049bd0f	11
0049bd65	0049bd6f	11
0049bdc5	0049bdcf	11
0049be25	0049be2f	11
0049be85	0049be8f	11
0049bee5	0049beef	11
0049bf45	0049bf4f	11
0049bfa5	0049bfaf	11
0049c005	0049c00f	11
0049c065	0049c06f	11
0049c0c5	0049c0cf	11
0049c125	0049c12f	11
0049c185	0049c18f	11
0049c1e5	0049c1ef	11
0049c245	0049c24f	11
0049c2a5	0049c2af	11
0049c305	0049c30f	11
0049c365	0049c36f	11
0049c3c5	0049c3cf	11
0049c425	0049c42f	11
0049c485	0049c48f	11
0049c4e5	0049c4ef	11
0049c545	0049c54f	11
0049c5a5	0049c5af	11
0049c605	0049c60f	11
0049c665	0049c66f	11
0049c6c5	0049c6cf	11
0049c725	0049c72f	11
0049c785	0049c78f	11
0049c7e5	0049c7ef	11
0049c845	0049c84f	11
0049c8a5	0049c8af	11
0049c905	0049c90f	11
0049c965	0049c96f	11
0049c9c5	0049c9cf	11
0049ca25	0049ca2f	11
0049ca85	0049ca8f	11
0049cae5	0049caef	11
0049cb45	0049cb4f	11
0049cba5	0049cbaf	11
0049cc05	0049cc0f	11
0049cc65	0049cc6f	11
0049cc82	0049cc84	3
0049cc9c	0049cc9f	4
0049cd23	0049cd2f	13
0049cdb3	0049cdbf	13
0049cde3	0049cdef	13
0049cdf6	0049cdff	10
0049ce52	0049ce5f	14
0049ce83	0049ce8f	13
0049ceb3	0049cebf	13
0049cec6	0049cecf	10
0049cf22	0049cf2f	14
0049cf53	0049cf5f	13
0049cfa4	0049cfaf	12
0049d04e	0049d050	3
0049d07c	0049d07e	3
0049d089	0049d08f	7
0049d10c	0049d10f	4
0049d1b1	0049d1b3	3
0049d1de	0049d1e0	3
0049d1fb	0049d1ff	5
0049d234	0049d23f	12
0049d274	0049d27f	12
0049d2a7	0049d2af	9
0049d2e7	0049d2ef	9
0049d353	0049d35f	13
0049d386	0049d388	3
0049d38f	0049d38f	1
0049d48e	0049d48f	2
0049d4b6	0049d4bf	10
0049d4df	0049d4e1	3
0049d4e8	0049d4ef	8
0049d52e	0049d52f	2
0049d56e	0049d56f	2
0049d596	0049d59f	10
0049d5bf	0049d5c1	3
0049d5c8	0049d5cf	8
0049d68e	0049d68f	2
0049d70e	0049d70f	2
0049d74e	0049d74f	2
0049d78e	0049d78f	2
0049d7ce	0049d7cf	2
0049d811	0049d81f	15
0049d844	0049d84f	12
0049d891	0049d89f	15
0049d8c7	0049d8c9	3
0049d965	0049d967	3
0049d96e	0049d96f	2
0049d9ae	0049d9af	2
0049d9ee	0049d9ef	2
0049da2e	0049da2f	2
0049dcbe	0049dcdf	34
0049de8c	0049de8f	4
0049df24	0049df2f	12
0049dfc4	0049dfcf	12
0049e075	0049e077	3
0049e0be	0049e0bf	2
0049e10c	0049e10f	4
0049e23b	0049e23d	3
0049e2b3	0049e2bf	13
0049e2f6	0049e2f8	3
0049e2fd	0049e2ff	3
0049e327	0049e32f	9
0049e33d	0049e33f	3
0049e3e2	0049e40f	46
0049e45e	0049e460	3
0049e469	0049e46f	7
0049e4d5	0049e4df	11
0049e52e	0049e52f	2
0049e53a	0049e53f	6
0049e55e	0049e560	3
0049e567	0049e56f	9
0049e5be	0049e5bf	2
0049e60e	0049e60f	2
0049e646	0049e64f	10
0049e692	0049e69f	14
0049e6b5	0049e6b7	3
0049e6be	0049e6bf	2
0049e6d3	0049e6d5	3
0049e6f4	0049e6f6	3
0049e714	0049e71f	12
0049e77d	0049e77f	3
0049e7c7	0049e7c9	3
0049e81a	0049e81c	3
0049e823	0049e82f	13
0049e893	0049e895	3
0049e89f	0049e89f	1
0049e957	0049e95f	9
0049ea17	0049ea1f	9
0049ea81	0049ea8f	15
0049eaf1	0049eaff	15
0049ebb9	0049ebbf	7
0049ec68	0049ec6f	8
0049ec7e	0049ec7f	2
0049ed28	0049ed2f	8
0049edfc	0049edff	4
0049ee53	0049ee55	3
0049ee5e	0049ee5f	2
0049ee86	0049ee8f	10
0049ef5c	0049ef5f	4
0049efb3	0049efb5	3
0049efbe	0049efbf	2
0049efe6	0049efef	10
0049f0bc	0049f0bf	4
0049f113	0049f115	3
0049f11e	0049f11f	2
0049f146	0049f14f	10
0049f21c	0049f21f	4
0049f246	0049f24f	10
0049f31c	0049f31f	4
0049f3ec	0049f3ef	4
0049f416	0049f41f	10
0049f4ec	0049f4ef	4
0049f5bc	0049f5bf	4
0049f5e6	0049f5ef	10
0049f6bc	0049f6bf	4
0049f78c	0049f78f	4
0049f7e3	0049f7e5	3
0049f7ee	0049f7ef	2
0049f816	0049f81f	10
0049f8ec	0049f8ef	4
0049f9bc	0049f9bf	4
0049fa13	0049fa15	3
0049fa1e	0049fa1f	2
0049faec	0049faef	4
0049fb43	0049fb45	3
0049fb4e	0049fb4f	2
0049fb76	0049fb7f	10
0049fc4c	0049fc4f	4
0049fca3	0049fca5	3
0049fcae	0049fcaf	2
0049fcd6	0049fcdf	10
0049fdac	0049fdaf	4
0049fe03	0049fe05	3
0049fe0e	0049fe0f	2
0049fe36	0049fe3f	10
0049ff0c	0049ff0f	4
0049ff63	0049ff65	3
0049ff6e	0049ff6f	2
0049ff96	0049ff9f	10
004a006c	004a006f	4
004a00c3	004a00c5	3
004a00ce	004a00cf	2
004a00f6	004a00ff	10
004a01a8	004a01af	8
004a0258	004a025f	8
004a0308	004a030f	8
004a03b8	004a03bf	8
004a0468	004a046f	8
004a0518	004a051f	8
004a05c8	004a05cf	8
004a0678	004a067f	8
004a0728	004a072f	8
004a07d8	004a07df	8
004a0888	004a088f	8
004a0938	004a093f	8
004a09e8	004a09ef	8
004a0a98	004a0a9f	8
004a0b48	004a0b4f	8
004a0bf8	004a0bff	8
004a0cb9	004a0cbf	7
004a0cc8	004a0ccf	8
004a0cf7	004a0cf9	3
004a0db9	004a0dbf	7
004a0dc8	004a0dcf	8
004a0df7	004a0df9	3
004a0eb9	004a0ebf	7
004a0ec8	004a0ecf	8
004a0ef7	004a0ef9	3
004a0f4d	004a0f4f	3
004a0f77	004a0f7f	9
004a1039	004a103f	7
004a1048	004a104f	8
004a1077	004a1079	3
004a1139	004a113f	7
004a1148	004a114f	8
004a1177	004a1179	3
004a1239	004a123f	7
004a1248	004a124f	8
004a1277	004a1279	3
004a1339	004a133f	7
004a1348	004a134f	8
004a1377	004a1379	3
004a1439	004a143f	7
004a1448	004a144f	8
004a1477	004a1479	3
004a1539	004a153f	7
004a1548	004a154f	8
004a1577	004a1579	3
004a1639	004a163f	7
004a1648	004a164f	8
004a1677	004a1679	3
004a1739	004a173f	7
004a1748	004a174f	8
004a1777	004a1779	3
004a1839	004a183f	7
004a1848	004a184f	8
004a1877	004a1879	3
004a1939	004a193f	7
004a1948	004a194f	8
004a1977	004a1979	3
004a1a39	004a1a3f	7
004a1a48	004a1a4f	8
004a1a77	004a1a79	3
004a1b39	004a1b3f	7
004a1b48	004a1b4f	8
004a1b77	004a1b79	3
004a1c39	004a1c3f	7
004a1c48	004a1c4f	8
004a1c77	004a1c79	3
004a1d39	004a1d3f	7
004a1d48	004a1d4f	8
004a1d77	004a1d79	3
004a1e14	004a1e1f	12
004a1e9f	004a1e9f	1
004a1f40	004a1f42	3
004a1f4c	004a1f4f	4
004a1fcf	004a1fcf	1
004a2078	004a207a	3
004a2084	004a208f	12
004a2128	004a212f	8
004a213c	004a213f	4
004a2166	004a216f	10
004a2208	004a220f	8
004a221c	004a221f	4
004a2246	004a224f	10
004a2284	004a228f	12
004a22ce	004a22cf	2
004a232c	004a232f	4
004a239f	004a239f	1
004a23c0	004a23cf	16
004a23f0	004a23ff	16
004a24b9	004a24bf	7
004a24e7	004a24e9	3
004a254a	004a2554	11
004a2576	004a257f	10
004a2639	004a263f	7
004a2667	004a2669	3
004a26ca	004a26d4	11
004a26f6	004a26ff	10
004a27b9	004a27bf	7
004a281a	004a2824	11
004a2846	004a284f	10
004a2909	004a290f	7
004a296a	004a2974	11
004a2996	004a299f	10
004a2a59	004a2a5f	7
004a2aba	004a2ac4	11
004a2ae6	004a2aef	10
004a2ba9	004a2baf	7
004a2c0a	004a2c14	11
004a2c36	004a2c3f	10
004a2cf9	004a2cff	7
004a2d5a	004a2d64	11
004a2d86	004a2d8f	10
004a2e49	004a2e4f	7
004a2eaa	004a2eb4	11
004a2ed6	004a2edf	10
004a2f99	004a2f9f	7
004a2fc7	004a2fc9	3
004a302a	004a3034	11
004a3056	004a305f	10
004a3119	004a311f	7
004a3128	004a312f	8
004a3157	004a3159	3
004a31ba	004a31c4	11
004a31e6	004a31ef	10
004a32a9	004a32af	7
004a32cf	004a32cf	1
004a332a	004a3334	11
004a3356	004a335f	10
004a3419	004a341f	7
004a34d9	004a34df	7
004a353a	004a3544	11
004a3566	004a356f	10
004a3629	004a362f	7
004a368a	004a3694	11
004a36b6	004a36bf	10
004a3779	004a377f	7
004a37da	004a37e4	11
004a3806	004a380f	10
004a38c9	004a38cf	7
004a392a	004a3934	11
004a3956	004a395f	10
004a3a19	004a3a1f	7
004a3a7a	004a3a84	11
004a3aa6	004a3aaf	10
004a3bd9	004a3bdf	7
004a3d09	004a3d0f	7
004a3e39	004a3e3f	7
004a3f69	004a3f6f	7
004a4099	004a409f	7
004a41c9	004a41cf	7
004a42f9	004a42ff	7
004a4429	004a442f	7
004a4559	004a455f	7
004a4689	004a468f	7
004a47b9	004a47bf	7
004a48e9	004a48ef	7
004a4a19	004a4a1f	7
004a4b49	004a4b4f	7
004a4c79	004a4c7f	7
004a4da9	004a4daf	7
004a4ed9	004a4edf	7
004a5009	004a500f	7
004a5099	004a509f	7
004a5129	004a512f	7
004a51c8	004a51cf	8
004a51dc	004a51df	4
004a5206	004a520f	10
004a52a8	004a52af	8
004a5348	004a534f	8
004a537e	004a537f	2
004a542e	004a542f	2
004a5473	004a5475	3
004a547d	004a547f	3
004a552e	004a552f	2
004a5535	004a553f	11
004a5577	004a557f	9
004a55b4	004a55bf	12
004a55ea	004a55ef	6
004a5605	004a5607	3
004a560e	004a560f	2
004a5644	004a564f	12
004a567a	004a567f	6
004a5695	004a5697	3
004a569e	004a569f	2
004a56e7	004a56ef	9
004a5743	004a574f	13
004a5784	004a578f	12
004a57ca	004a57cf	6
004a582d	004a582f	3
004a589c	004a589e	3
004a58a6	004a58af	10
004a58c5	004a58c7	3
004a58ce	004a58cf	2
004a58e2	004a58e4	3
004a590b	004a590f	5
004a595a	004a595c	3
004a5963	004a596f	13
004a59a7	004a59af	9
004a59cf	004a59d1	3
004a59d8	004a59df	8
004a59ff	004a5a01	3
004a5a08	004a5a0f	8
004a5a9e	004a5aa0	3
004a5aaa	004a5aaf	6
004a5acf	004a5ad1	3
004a5ad8	004a5adf	8
004a5aff	004a5b01	3
004a5b08	004a5b0f	8
004a5b33	004a5b3f	13
004a5b5f	004a5b61	3
004a5b68	004a5b6f	8
004a5b8f	004a5b91	3
004a5b98	004a5b9f	8
004a5c0f	004a5c11	3
004a5c18	004a5c1f	8
004a5c3f	004a5c41	3
004a5c48	004a5c4f	8
004a5dc8	004a5dca	3
004a5df9	004a5e04	12
004a5f1f	004a5f1f	1
004a5f3f	004a5f41	3
004a5f48	004a5f4f	8
004a5f96	004a5f9f	10
004a60a5	004a60af	11
004a60cf	004a60d1	3
004a60d8	004a60df	8
004a6124	004a612f	12
004a614f	004a6151	3
004a6158	004a615f	8
004a617f	004a6181	3
004a6188	004a618f	8
004a61d6	004a61df	10
004a61ff	004a6201	3
004a6208	004a620f	8
004a622f	004a6231	3
004a6238	004a623f	8
004a625f	004a6261	3
004a6268	004a626f	8
004a62b7	004a62bf	9
004a62df	004a62e1	3
004a62e8	004a62ef	8
004a6334	004a633f	12
004a635f	004a6361	3
004a6368	004a636f	8
004a6391	004a639f	15
004a63bf	004a63c1	3
004a63c8	004a63cf	8
004a649c	004a649f	4
004a64f3	004a64f5	3
004a64fe	004a64ff	2
004a655e	004a655f	2
004a65a4	004a65af	12
004a6646	004a664f	10
004a67db	004a67dd	3
004a680c	004a6817	12
004a692f	004a692f	1
004a6967	004a696f	9
004a69a4	004a69af	12
004a69da	004a69df	6
004a69f5	004a69f7	3
004a69fe	004a69ff	2
004a6a58	004a6a5f	8
004a6a7e	004a6a7f	2
004a6ac4	004a6acf	12
004a6bd9	004a6bdf	7
004a6be8	004a6bef	8
004a6c17	004a6c19	3
004a6c7a	004a6c84	11
004a6cad	004a6caf	3
004a6d3e	004a6d3f	2
004a6dd8	004a6ddf	8
004a6e33	004a6e35	3
004a6e3e	004a6e3f	2
004a6ece	004a6ecf	2
004a6f68	004a6f6f	8
004a6fc3	004a6fc5	3
004a6fce	004a6fcf	2
004a7068	004a706f	8
004a70c3	004a70c5	3
004a70ce	004a70cf	2
004a7168	004a716f	8
004a71c3	004a71c5	3
004a71ce	004a71cf	2
004a7268	004a726f	8
004a72c3	004a72c5	3
004a72ce	004a72cf	2
004a7368	004a736f	8
004a7408	004a740f	8
004a7463	004a7465	3
004a746e	004a746f	2
004a7496	004a749f	10
004a7538	004a753f	8
004a7593	004a7595	3
004a759e	004a759f	2
004a75c6	004a75cf	10
004a7668	004a766f	8
004a76c3	004a76c5	3
004a76ce	004a76cf	2
004a76f6	004a76ff	10
004a7798	004a779f	8
004a77ac	004a77af	4
004a77d6	004a77df	10
004a785d	004a785f	3
004a786f	004a78ef	129
004a7969	004a796f	7
004a79ca	004a79d4	11
004a79fd	004a79ff	3
004a7a79	004a7a7f	7
004a7ada	004a7ae4	11
004a7b0d	004a7b0f	3
004a7b89	004a7b8f	7
004a7bea	004a7bf4	11
004a7c1d	004a7c1f	3
004a7c99	004a7c9f	7
004a7cfa	004a7d04	11
004a7d2d	004a7d2f	3
004a7da9	004a7daf	7
004a7e0a	004a7e14	11
004a7e3d	004a7e3f	3
004a7eb9	004a7ebf	7
004a7f1a	004a7f24	11
004a7f4d	004a7f4f	3
004a7fc9	004a7fcf	7
004a802a	004a8034	11
004a805d	004a805f	3
004a80d9	004a80df	7
004a813a	004a8144	11
004a816d	004a816f	3
004a81e9	004a81ef	7
004a824a	004a8254	11
004a827d	004a827f	3
004a82ee	004a82ef	2
004a8357	004a835f	9
004a83de	004a83e9	12
004a83eb	004a83ef	5
004a859c	004a859f	4
004a8656	004a865f	10
004a880b	004a880f	5
004a88bd	004a88bf	3
004a897f	004a897f	1
004a8a3f	004a8a3f	1
004a8aff	004a8aff	1
004a8bbf	004a8bbf	1
004a8c7f	004a8c7f	1
004a8d3f	004a8d3f	1
004a8dff	004a8dff	1
004a8ebf	004a8ebf	1
004a8f7f	004a8f7f	1
004a903f	004a903f	1
004a90ff	004a90ff	1
004a91bf	004a91bf	1
004a927f	004a927f	1
004a933f	004a933f	1
004a93ff	004a93ff	1
004a94bf	004a94bf	1
004a957f	004a957f	1
004a963f	004a963f	1
004a96ff	004a96ff	1
004a97bf	004a97bf	1
004a987f	004a987f	1
004a993f	004a993f	1
004a99ff	004a99ff	1
004a9abf	004a9abf	1
004a9b7f	004a9b7f	1
004a9c3f	004a9c3f	1
004a9cff	004a9cff	1
004a9dbf	004a9dbf	1
004a9e7f	004a9e7f	1
004a9f3f	004a9f3f	1
004a9fff	004a9fff	1
004aa0bf	004aa0bf	1
004aa17f	004aa17f	1
004aa23f	004aa23f	1
004aa2ff	004aa2ff	1
004aa3bf	004aa3bf	1
004aa47f	004aa47f	1
004aa53f	004aa53f	1
004aa5ff	004aa5ff	1
004aa6bf	004aa6bf	1
004aa77f	004aa77f	1
004aa83f	004aa83f	1
004aa8ff	004aa8ff	1
004aa9bf	004aa9bf	1
004aaa7f	004aaa7f	1
004aab3f	004aab3f	1
004aabff	004aabff	1
004aacbf	004aacbf	1
004ac2b5	004ac2bf	11
004ac2ec	004ac2ef	4
004ac32f	004ac32f	1
004ac3f8	004ac3ff	8
004ac41d	004ac41f	3
004ac42d	004ac42f	3
004ac43c	004ac43f	4
004ac49d	004ac49f	3
004ac4cf	004ac4cf	1
004ac527	004ac52f	9
004ac54d	004ac54f	3
004ac5ff	004ac5ff	1
004ac615	004ac61f	11
004ac675	004ac67f	11
004ac6d9	004ac6df	7
004ac6fd	004ac6ff	3
004ac72f	004ac72f	1
004ac7a4	004ac7af	12
004ac80c	004ac80f	4
004ac888	004ac893	12
004ac895	004ac89f	11
004ac912	004ac91d	12
004ac91f	004ac91f	1
004ac99e	004ac9a9	12
004ac9ab	004ac9af	5
004aca28	004aca33	12
004aca35	004aca3f	11
004acab6	004acac1	12
004acac3	004acacf	13
004acaf5	004acb00	12
004acb07	004acb0f	9
004acba3	004acbae	12
004acc1f	004acc1f	1
004acc91	004acc9f	15
004acd0b	004acd0f	5
004acd75	004acd7f	11
004acda3	004acdaf	13
004acdcb	004acdcf	5
004ace08	004ace0f	8
004ace7c	004ace85	10
004ace91	004ace9f	15
004acf34	004acf3f	12
004acfbe	004acfbf	2
004acfe6	004acfef	10
004ad00d	004ad00f	3
004ad1ed	004ad1ef	3
004ad23d	004ad23f	3
004ad339	004ad33f	7
004ad4ec	004ad4ef	4
004ad629	004ad62b	3
004ad659	004ad664	12
004ad71a	004ad71f	6
004ad9ae	004ad9cf	34
004ad9ef	004ad9f1	3
004ada0c	004ada0f	4
004ada45	004ada4f	11
004ada7c	004ada7f	4
004adabf	004adabf	1
004adb04	004adb0f	12
004adb4f	004adb4f	1
004adbf3	004adbf5	3
004adc23	004adc2e	12
004adced	004adcef	3
004add73	004add7f	13
004ade37	004ade3f	9
004adf79	004adf7b	3
004adf93	004adf9f	13
004ae0d8	004ae0da	3
004ae0f2	004ae0ff	14
004ae239	004ae23b	3
004ae269	004ae274	12
004ae328	004ae32f	8
004ae3d5	004ae3df	11
004ae42f	004ae42f	1
004ae5ca	004ae5cf	6
004ae698	004ae69f	8
004ae80d	004ae80f	3
004aea35	004aea3f	11
004aea86	004aea8f	10
004aeaea	004aeaef	6
004aeb59	004aeb5f	7
004aebda	004aebdf	6
004aec29	004aec2f	7
004aec97	004aec9f	9
004aed9c	004aed9f	4
004af0bd	004af0bf	3
004af2c9	004af2cf	7
004af3f3	004af3ff	13
004af413	004af41f	13
004af49e	004af49f	2
004af558	004af55f	8
004af609	004af60f	7
004af851	004af85f	15
004af8d7	004af8df	9
004afab8	004afabf	8
004afb1d	004afb1f	3
004afd82	004afd91	16
004afd9c	004afd9f	4
004afdb8	004afdbf	8
004afe6b	004afe6f	5
004b0368	004b036f	8
004b05ec	004b05ef	4
004b05f7	004b05ff	9
004b0616	004b061f	10
004b0642	004b064f	14
004b0690	004b0692	3
004b06ed	004b06ef	3
004b0709	004b070b	3
004b0743	004b087f	317
004b0895	004b0897	3
004b089e	004b089f	2
004b08c5	004b08cf	11
004b08fa	004b08ff	6
004b093f	004b093f	1
004b0a54	004b0a5f	12
004b0acf	004b0acf	1
004b0b4a	004b0b4f	6
004b0b6b	004b0b6f	5
004b0bb8	004b0bbf	8
004b0bea	004b0bef	6
004b1068	004b106f	8
004b11a0	004b11a2	3
004b11ba	004b11bf	6
004b12f9	004b12fb	3
004b1329	004b1334	12
004b13ea	004b13ef	6
004b1538	004b153a	3
004b156a	004b1575	12
004b168b	004b1693	9
004b16ab	004b16b3	9
004b16f8	004b16fd	6
004b1712	004b1717	6
004b1736	004b1738	3
004b174f	004b1751	3
004b1765	004b176f	11
004b180e	004b180f	2
004b1876	004b187f	10
004b18cd	004b18cf	3
004b1932	004b193f	14
004b1ce8	004b1cef	8
004b1d64	004b1d6f	12
004b1fc4	004b1fcf	12
004b205f	004b205f	1
004b207d	004b207f	3
004b20ad	004b20af	3
004b20bd	004b20bf	3
004b20ea	004b20ef	6
004b2195	004b2197	3
004b21b1	004b21b3	3
004b21c6	004b21cf	10
004b2231	004b2233	3
004b2252	004b2254	3
004b2265	004b226f	11
004b2359	004b235b	3
004b2372	004b2374	3
004b238b	004b238d	3
004b23ac	004b23ae	3
004b23bf	004b23bf	1
004b2421	004b2423	3
004b2442	004b2444	3
004b2455	004b245f	11
004b2475	004b2477	3
004b247e	004b247f	2
004b24c4	004b24cf	12
004b2542	004b254f	14
004b258f	004b258f	1
004b25cf	004b25cf	1
004b2677	004b267f	9
004b272d	004b272f	3
004b2868	004b286a	3
004b28a6	004b28a8	3
004b28e9	004b28eb	3
004b292c	004b292e	3
004b2939	004b293f	7
004b2978	004b297f	8
004b2a05	004b2a07	3
004b2aab	004b2aad	3
004b2b05	004b2b07	3
004b2b1c	004b2b1e	3
004b2b58	004b2b5a	3
004b2b86	004b2b88	3
004b2ba6	004b2baf	10
004b2c09	004b2c0f	7
004b2c42	004b2c4f	14
004b2ccd	004b2ccf	3
004b2d65	004b2d6f	11
004b2dcd	004b2dcf	3
004b2e27	004b2e2f	9
004b2e63	004b2e6f	13
004b2ee3	004b2ee5	3
004b2f07	004b2f09	3
004b2f1c	004b2f1f	4
004b2f86	004b2f88	3
004b2fab	004b2fad	3
004b2fcb	004b2fcd	3
004b2fe8	004b2fea	3
004b3009	004b300b	3
004b301c	004b301f	4
004b3035	004b3037	3
004b303e	004b303f	2
004b3075	004b307f	11
004b311d	004b311f	3
004b31f5	004b31ff	11
004b32aa	004b32af	6
004b32b9	004b32cf	23
004b32e8	004b32ef	8
004b32fe	004b32ff	2
004b3393	004b339e	12
004b342d	004b3443	23
004b34ac	004b34ae	3
004b34da	004b34dc	3
004b3509	004b350b	3
004b3528	004b352a	3
004b35be	004b35c9	12
004b35cb	004b35cf	5
004b377c	004b377f	4
004b37bd	004b37bf	3
004b38f1	004b38ff	15
004b3aa7	004b3aaf	9
004b3b3d	004b3b3f	3
004b3b4c	004b3b4f	4
004b3c28	004b3c2a	3
004b3cb8	004b3cba	3
004b3cdf	004b3cdf	1
004b3d21	004b3d2f	15
004b3d7d	004b3d7f	3
004b3e32	004b3e3f	14
004b3e88	004b3e8f	8
004b3ed9	004b3edf	7
004b3f23	004b3f2f	13
004b4402	004b440f	14
004b4599	004b459b	3
004b45c9	004b45d4	12
004b468a	004b468f	6
004b477b	004b477f	5
004b47d9	004b47df	7
004b47fd	004b47ff	3
004b4893	004b489e	12
004b48e7	004b48ef	9
004b494e	004b494f	2
004b499f	004b499f	1
004b4a13	004b4a1f	13
004b4a55	004b4a5f	11
004b4aea	004b4aec	3
004b4b40	004b4b42	3
004b4b60	004b4b62	3
004b4baa	004b4bbf	22
004b4bdd	004b4bdf	3
004b4c33	004b4c35	3
004b4c48	004b4c4f	8
004b4c64	004b4c6f	12
004b4cee	004b4cf9	12
004b4cfb	004b4cff	5
004b4eac	004b4eaf	4
004b514a	004b514c	3
004b516c	004b516e	3
004b517f	004b51af	49
004b51ee	004b51f0	3
004b5209	004b520b	3
004b521b	004b5227	13
004b522f	004b522f	1
004b5327	004b532f	9
004b54d7	004b54df	9
004b5597	004b559f	9
004b5676	004b5678	3
004b5695	004b5697	3
004b56b4	004b56b6	3
004b56c4	004b56cf	12
004b5773	004b5775	3
004b577c	004b578f	20
004b5833	004b5835	3
004b583c	004b584f	20
004b587b	004b596f	245
004b5aa7	004b5aaf	9
004b5ac5	004b5acf	11
004b5aed	004b5aef	3
004b5b0d	004b5b0f	3
004b5b71	004b5b7f	15
004b5c62	004b5c6f	14
004b5c91	004b5c9f	15
004b5cc3	004b5ccf	13
004b5d44	004b5d4f	12
004b5dce	004b5dd9	12
004b5ddb	004b5ddf	5
004b5e73	004b5e7e	12
004b5ef8	004b5f03	12
004b5f05	004b5f0f	11
004b5f86	004b5f91	12
004b5f93	004b5f9f	13
004b600f	004b600f	1
004b602b	004b602f	5
004b608c	004b608e	3
004b60d8	004b60da	3
004b6137	004b6139	3
004b618d	004b618f	3
004b61e8	004b61ea	3
004b623a	004b623c	3
004b6283	004b6285	3
004b62d2	004b62d4	3
004b6348	004b634a	3
004b63af	004b63b1	3
004b6426	004b6428	3
004b64d7	004b64df	9
004b651d	004b651f	3
004b6572	004b657f	14
004b65a6	004b65af	10
004b66b1	004b66bf	15
004b672a	004b672f	6
004b6765	004b676f	11
004b67cc	004b67cf	4
004b67ff	004b67ff	1
004b69ac	004b69af	4
004b6a61	004b6a6f	15
004b6ba9	004b6bab	3
004b6bd9	004b6be4	12
004b6c98	004b6c9f	8
004b6d45	004b6d4f	11
004b6dad	004b6daf	3
004b6db6	004b6dbf	10
004b6dda	004b6ddc	3
004b6df9	004b6e3f	71
004b6e61	004b6e6f	15
004b6e7a	004b6e7f	6
004b6ede	004b6ee0	3
004b6ee5	004b6eef	11
004b6f59	004b6f5f	7
004b6f75	004b6f77	3
004b6f7e	004b6f7f	2
004b71c1	004b71cf	15
004b721a	004b721f	6
004b7258	004b725f	8
004b7307	004b730f	9
004b738f	004b738f	1
004b747d	004b747f	3
004b749e	004b749f	2
004b7511	004b751f	15
004b778c	004b778f	4
004b77b5	004b77bf	11
004b78b1	004b78bf	15
004b78cf	004b78cf	1
004b7929	004b792f	7
004b7989	004b798f	7
004b79ef	004b79ef	1
004b7ad3	004b7ade	12
004b7b05	004b7b10	12
004b7b17	004b7b1f	9
004b7c21	004b7c2f	15
004b7c51	004b7c5f	15
004b7c64	004b7c6f	12
004b7c74	004b7c7f	12
004b7c84	004b7c8f	12
004b7c94	004b7c9f	12
004b7cad	004b7caf	3
004b7cb7	004b7cbf	9
004b7ccd	004b7ccf	3
004b7cd7	004b7cdf	9
004b7cf5	004b7cff	11
004b7d07	004b7d0f	9
004b7d25	004b7d2f	11
004b7d37	004b7d3f	9
004b7d4a	004b7d4f	6
004b7d54	004b7d5f	12
004b7d64	004b7d6f	12
004b7d8a	004b7d8f	6
004b7d9d	004b7d9f	3
004b7da7	004b7daf	9
004b7db4	004b7dbf	12
004b7dcd	004b7dcf	3
004b7dd7	004b7ddf	9
004b7ded	004b7def	3
004b7dfd	004b7dff	3
004b7e0d	004b7e0f	3
004b7e17	004b7e1f	9
004b7e2d	004b7e2f	3
004b7e37	004b7e3f	9
004b7e4d	004b7e4f	3
004b7e57	004b7e5f	9
004b7e6d	004b7e6f	3
004b7e77	004b7e7f	9
004b7e87	004b7e8f	9
004b7e97	004b7e9f	9
004b7ead	004b7eaf	3
004b7eb7	004b7ebf	9
004b7ed7	004b7edf	9
004b7ee7	004b7eef	9
004b7efd	004b7eff	3
004b7f07	004b7f0f	9
004b7f1d	004b7f1f	3
004b7f27	004b7f2f	9
004b7f37	004b7f3f	9
004b7f4d	004b7f4f	3
004b7f57	004b7f5f	9
004b7f68	004b7f6f	8
004b7f7d	004b7f7f	3
004b7faf	004b7faf	1
004b8085	004b808f	11
004b80ab	004b80af	5
004b80bf	004b80bf	1
004b80da	004b80df	6
004b8296	004b829f	10
004b876b	004b876f	5
004b8827	004b882f	9
004b8865	004b886f	11
004b8888	004b888f	8
004b8b48	004b8b6f	40
004b8bc6	004b8bcf	10
004b8bda	004b8bdf	6
004b8c3b	004b8c3f	5
004b8c5f	004b8c5f	1
004b8f5d	004b8f5f	3
004b8fb9	004b8fbf	7
004b9053	004b905e	12
004b906e	004b906f	2
004b9485	004b948f	11
004b9a82	004b9a8f	14
004b9d25	004b9d27	3
004b9d37	004b9d5f	41
004b9d8f	004b9d91	3
004b9da1	004b9dac	12
004b9db4	004b9dbf	12
004b9e77	004b9e7f	9
004b9eb1	004b9ecf	31
004b9eff	004b9eff	1
004b9f04	004b9f0f	12
004b9f1a	004b9f1f	6
004b9f24	004b9f2f	12
004b9f3a	004b9f3f	6
004b9f44	004b9f4f	12
004b9f5a	004b9f5f	6
004b9f64	004b9f6f	12
004b9f74	004b9f7f	12
004b9f84	004b9f8f	12
004b9f94	004b9f9f	12
004b9fa4	004b9faf	12
004b9fb8	004b9fbf	8
004b9fc8	004b9fcf	8
004b9fd8	004b9fdf	8
004b9fe8	004b9fef	8
004ba00b	004ba00f	5
004ba071	004ba073	3
004ba09a	004ba09c	3
004ba0a9	004ba0af	7
004ba0dd	004ba0df	3
004ba1c1	004ba1cf	15
004ba243	004ba24f	13
004ba3c3	004ba3cf	13
004ba55c	004ba55f	4
004ba5f7	004ba602	12
004ba604	004ba60f	12
004ba6c9	004ba6cf	7
004ba6df	004ba6df	1
004ba7c5	004ba7cf	11
004ba7e5	004ba7e7	3
004ba7ee	004ba7ef	2
004ba812	004ba81f	14
004ba824	004ba82f	12
004ba837	004ba83f	9
004ba846	004ba84f	10
004ba85d	004ba85f	3
004ba884	004ba88f	12
004ba8e5	004ba8ef	11
004ba915	004ba920	12
004ba927	004ba92f	9
004ba9a4	004ba9af	12
004baa24	004baa2f	12
004bab09	004bab0f	7
004bab88	004bab93	12
004bab95	004bab9f	11
004bac1e	004bac29	12
004bac2b	004bac2f	5
004baca2	004bacad	12
004bacaf	004bacaf	1
004bad43	004bad4e	12
004bade3	004badee	12
004bae11	004bae1f	15
004bae8f	004bae8f	1
004baeff	004baeff	1
004baf71	004baf7f	15
004bb0a3	004bb0af	13
004bb106	004bb10f	10
004bb17c	004bb17f	4
004bb19b	004bb19f	5
004bb1bb	004bb1bf	5
004bb20c	004bb20f	4
004bb245	004bb24f	11
004bb287	004bb28f	9
004bb2bf	004bb2bf	1
004bb2fd	004bb2ff	3
004bb32f	004bb338	10
004bb35d	004bb35f	3
004bb3d6	004bb3df	10
004bb409	004bb40f	7
004bb43a	004bb43f	6
004bb45d	004bb45f	3
004bb496	004bb49f	10
004bb64c	004bb70f	196
004bb750	004bb752	3
004bb76b	004bb76d	3
004bb781	004bb783	3
004bb799	004bb79f	7
004bb7d1	004bb7df	15
004bb8e6	004bb8ef	10
004bb9a9	004bb9af	7
004bbb19	004bbb1f	7
004bbb53	004bbb5f	13
004bbc99	004bbc9b	3
004bbcc9	004bbcd4	12
004bbd8a	004bbd8f	6
004bbf0a	004bbf0c	3
004bbf40	004bbf4b	12
004bc024	004bc02f	12
004bc178	004bc17a	3
004bc1aa	004bc1b5	12
004bc306	004bc30f	10
004bc38d	004bc38f	3
004bc3cd	004bc3cf	3
004bc45a	004bc45f	6
004bc691	004bc69f	15
004bc818	004bc81a	3
004bc8ae	004bc8af	2
004bc9e2	004bc9e4	3
004bca79	004bca7f	7
004bcbb2	004bcbb4	3
004bcc49	004bcc4f	7
004bccc9	004bcccf	7
004bcd9a	004bcd9f	6
004bce07	004bce0f	9
004bce2c	004bce2f	4
004bce7a	004bce7f	6
004bcef4	004bceff	12
004bcfa4	004bcfaf	12
004bcffd	004bcfff	3
004bd0e2	004bd0ef	14
004bd18a	004bd18f	6
004bd438	004bd443	12
004bd44d	004bd4ff	179
004bd55b	004bd55f	5
004bd606	004bd608	3
004bd615	004bd61f	11
004bd6e3	004bd6ef	13
004bd98a	004bd98f	6
004bd9c4	004bd9c6	3
004bdd53	004bdd5f	13
004bde20	004bde22	3
004be0e3	004be0ef	13
004be1d7	004be1d9	3
004be1de	004be1df	2
004be21d	004be21f	3
004be258	004be261	10
004be268	004be32f	200
004be3ae	004be3b9	12
004be3bb	004be3bf	5
004be56c	004be56f	4
004be629	004be62f	7
004be659	004be65b	3
004be683	004be685	3
004be6b3	004be6b5	3
004be6db	004be75f	133
004be78f	004be78f	1
004be798	004be79f	8
004be7a8	004be7af	8
004be89f	004be8ef	81
004bea08	004bea0f	8
004bea25	004bea27	3
004bea2e	004bea2f	2
004beac6	004beacf	10
004beada	004beadf	6
004beae4	004beaef	12
004beaf4	004beaff	12
004beb0a	004beb0f	6
004beb14	004beb1f	12
004beb2a	004beb2f	6
004beb34	004beb3f	12
004beb65	004beb6f	11
004beb76	004beb7f	10
004bebad	004bebaf	3
004bebc4	004bebcf	12
004bebe7	004bebef	9
004bec12	004bec1f	14
004bec28	004bec2f	8
004bec4f	004bec51	3
004bec66	004bec6f	10
004bedd5	004beddf	11
004bee58	004bee63	12
004bee65	004bee6f	11
004bee99	004bee9b	3
004beebd	004beebf	3
004beec8	004beed3	12
004beedd	004bef2f	83
004bef93	004bef9f	13
004befb5	004befb7	3
004befbe	004befbf	2
004befe1	004befef	15
004bf002	004bf00f	14
004bf01c	004bf01f	4
004bf046	004bf04f	10
004bf07f	004bf07f	1
004bf0e6	004bf0ef	10
004bf135	004bf137	3
004bf148	004bf14f	8
004bf2bc	004bf2bf	4
004bf33d	004bf33f	3
004bf34d	004bf34f	3
004bf37b	004bf37f	5
004bf3b6	004bf3bf	10
004bf4ab	004bf4ad	3
004bf4c2	004bf4c4	3
004bf4d2	004bf4df	14
004bf82e	004bf82f	2
004bf853	004bf85f	13
004bf8d8	004bf8e3	12
004bf8e5	004bf8ef	11
004bf966	004bf971	12
004bf973	004bf97f	13
004bf9ff	004bf9ff	1
004bfa0c	004bfa0f	4
004bfae1	004bfaef	15
004bfb0a	004bfb1f	22
004bfba3	004bfbaf	13
004bfbe7	004bfbef	9
004bfbf6	004bfbff	10
004bfc31	004bfc3f	15
004bfc8e	004bfc8f	2
004bfcb6	004bfcbf	10
004bfcc6	004bfccf	10
004bfd36	004bfd3f	10
004bfd68	004bfd6f	8
004bfd89	004bfd8f	7
004bfd96	004bfd9f	10
004bfdc6	004bfdcf	10
004bfe2c	004bfe2f	4
004bfe36	004bfe3f	10
004bfebe	004bfec9	12
004bfecb	004bfecf	5
004bff63	004bff6e	12
004bff95	004bffa0	12
004bffa7	004bffaf	9
004c0017	004c0019	3
004c0026	004c002f	10
004c020c	004c020f	4
004c0224	004c022f	12
004c0272	004c027f	14
004c0344	004c034f	12
004c0356	004c035f	10
004c0439	004c043f	7
004c0446	004c044f	10
004c04ad	004c04af	3
004c05f3	004c05ff	13
004c0606	004c060f	10
004c063d	004c063f	3
004c06a2	004c06af	14
004c06b6	004c06bf	10
004c0728	004c072f	8
004c0736	004c073f	10
004c07e6	004c07ef	10
004c07f6	004c07ff	10
004c085b	004c085f	5
004c0866	004c086f	10
004c0929	004c092f	7
004c0956	004c095f	10
004c097b	004c097f	5
004c09cf	004c09cf	1
004c09f9	004c09ff	7
004c0a4a	004c0a4f	6
004c0a79	004c0a7f	7
004c0af9	004c0aff	7
004c0b06	004c0b0f	10
004c0b5c	004c0b5f	4
004c0b82	004c0b8f	14
004c0ba6	004c0baf	10
004c0c19	004c0c1f	7
004c0c26	004c0c2f	10
004c0c88	004c0c8f	8
004c0ce2	004c0cef	14
004c0d58	004c0d5f	8
004c0d89	004c0d8f	7
004c0de2	004c0def	14
004c0e19	004c0e1f	7
004c0e26	004c0e2f	10
004c0e7c	004c0e7f	4
004c0ea9	004c0eaf	7
004c0f02	004c0f0f	14
004c0f39	004c0f3f	7
004c0f46	004c0f4f	10
004c0f9c	004c0f9f	4
004c0fc9	004c0fcf	7
004c0fd6	004c0fdf	10
004c102a	004c102f	6
004c1059	004c105f	7
004c10aa	004c10af	6
004c10d9	004c10df	7
004c10e6	004c10ef	10
004c113a	004c113f	6
004c1169	004c116f	7
004c1176	004c117f	10
004c11ca	004c11cf	6
004c11f9	004c11ff	7
004c1206	004c120f	10
004c125c	004c125f	4
004c1289	004c128f	7
004c1296	004c129f	10
004c12f2	004c12ff	14
004c1329	004c132f	7
004c1382	004c138f	14
004c13b9	004c13bf	7
004c13c6	004c13cf	10
004c141c	004c141f	4
004c1449	004c144f	7
004c148f	004c148f	1
004c14b9	004c14bf	7
004c14c6	004c14cf	10
004c151c	004c151f	4
004c1549	004c154f	7
004c1556	004c155f	10
004c159f	004c159f	1
004c15c9	004c15cf	7
004c15d6	004c15df	10
004c161f	004c161f	1
004c1649	004c164f	7
004c1656	004c165f	10
004c169f	004c169f	1
004c16c9	004c16cf	7
004c16d5	004c16df	11
004c16e6	004c16ef	10
004c1734	004c173f	12
004c1769	004c176f	7
004c17ba	004c17bf	6
004c17e9	004c17ef	7
004c17f6	004c17ff	10
004c1848	004c184f	8
004c188c	004c188f	4
004c1896	004c189f	10
004c18e2	004c18ef	14
004c1919	004c191f	7
004c196c	004c196f	4
004c1999	004c199f	7
004c19ec	004c19ef	4
004c1a19	004c1a1f	7
004c1a26	004c1a2f	10
004c1a7f	004c1a7f	1
004c1aa9	004c1aaf	7
004c1ab6	004c1abf	10
004c1b0a	004c1b0f	6
004c1b39	004c1b3f	7
004c1b8c	004c1b8f	4
004c1bb9	004c1bbf	7
004c1bc6	004c1bcf	10
004c1c1f	004c1c1f	1
004c1c49	004c1c4f	7
004c1c9a	004c1c9f	6
004c1cc9	004c1ccf	7
004c1cd6	004c1cdf	10
004c1d31	004c1d3f	15
004c1d6c	004c1d6f	4
004c1dc4	004c1dcf	12
004c1df9	004c1dff	7
004c1e06	004c1e0f	10
004c1e5a	004c1e5f	6
004c1e89	004c1e8f	7
004c1edf	004c1edf	1
004c1f09	004c1f0f	7
004c1f4f	004c1f4f	1
004c1f79	004c1f7f	7
004c1fcf	004c1fcf	1
004c1ff9	004c1fff	7
004c2069	004c206f	7
004c20af	004c20af	1
004c20d9	004c20df	7
004c20e6	004c20ef	10
004c213a	004c213f	6
004c2169	004c216f	7
004c21e9	004c21ef	7
004c21f6	004c21ff	10
004c2252	004c225f	14
004c2289	004c228f	7
004c22da	004c22df	6
004c2309	004c230f	7
004c2379	004c237f	7
004c23e9	004c23ef	7
004c2441	004c244f	15
004c2479	004c247f	7
004c24e9	004c24ef	7
004c24f6	004c24ff	10
004c2579	004c257f	7
004c25cf	004c25cf	1
004c25fc	004c25ff	4
004c2654	004c265f	12
004c2689	004c268f	7
004c26dc	004c279f	196
004c2832	004c283f	14
004c2914	004c291f	12
004c299a	004c299f	6
004c2a4c	004c2a4f	4
004c2aaf	004c2aaf	1
004c2beb	004c2bef	5
004c2cef	004c2cef	1
004c2fda	004c2fdf	6
004c304a	004c304f	6
004c3098	004c309f	8
004c317d	004c317f	3
004c31df	004c31df	1
004c3276	004c327f	10
004c33d6	004c33df	10
004c34e2	004c34ef	14
004c3566	004c356f	10
004c3609	004c360f	7
004c365a	004c365f	6
004c36ca	004c36cf	6
004c3818	004c381f	8
004c3973	004c397f	13
004c39f1	004c39ff	15
004c3a64	004c3a6f	12
004c3ac6	004c3acf	10
004c3b4d	004c3b4f	3
004c3bab	004c3baf	5
004c3c63	004c3c6f	13
004c3cdd	004c3cdf	3
004c3d37	004c3d3f	9
004c3d71	004c3d7f	15
004c3e22	004c3e2f	14
004c3e89	004c3e8f	7
004c3f1d	004c3f1f	3
004c3f7f	004c3f7f	1
004c4016	004c401f	10
004c407b	004c407f	5
004c4151	004c415f	15
004c41b7	004c41bf	9
004c4224	004c422f	12
004c4278	004c427f	8
004c42e9	004c42ef	7
004c434b	004c434f	5
004c44d3	004c44df	13
004c45cd	004c45cf	3
004c4695	004c469f	11
004c4783	004c478f	13
004c481b	004c481f	5
004c49b6	004c49bf	10
004c4ac9	004c4acf	7
004c4b2b	004c4b2f	5
004c4bae	004c4baf	2
004c4cf4	004c4cff	12
004c4ea3	004c4eaf	13
004c4f17	004c4f1f	9
004c4fe9	004c4fef	7
004c505e	004c505f	2
004c50f1	004c50ff	15
004c5148	004c514f	8
004c51b9	004c51bf	7
004c5208	004c520f	8
004c527a	004c527f	6
004c52e4	004c52ef	12
004c53b2	004c53bf	14
004c548f	004c548f	1
004c550d	004c550f	3
004c556c	004c556f	4
004c56c3	004c56cf	13
004c57ef	004c57ef	1
004c584b	004c584f	5
004c58cf	004c58cf	1
004c59f5	004c59ff	11
004c5b2a	004c5b2f	6
004c5c0b	004c5c0f	5
004c646a	004c646f	6
004c64df	004c64df	1
004c650c	004c650f	4
004c6574	004c657f	12
004c65a5	004c65b0	12
004c65b7	004c65bf	9
004c663e	004c6649	12
004c664b	004c664f	5
004c66e3	004c66ee	12
004c689c	004c689f	4
004c6957	004c695f	9
004c69c6	004c69cf	10
004c6b99	004c6b9b	3
004c6ba3	004c6baf	13
004c6d63	004c6d6f	13
004c6dd6	004c6ddf	10
004c6e84	004c6e8f	12
004c6f04	004c6f0f	12
004c6f6e	004c6f6f	2
004c7006	004c7008	3
004c7016	004c701f	10
004c7099	004c709f	7
004c7159	004c715f	7
004c71c5	004c71cf	11
004c724e	004c724f	2
004c727f	004c72af	49
004c72b4	004c72bf	12
004c7448	004c744a	3
004c74b2	004c74bf	14
004c7636	004c763f	10
004c7655	004c7657	3
004c765e	004c765f	2
004c7b39	004c7b3f	7
004c7bf9	004c7bff	7
004c7c78	004c7c83	12
004c7c85	004c7c8f	11
004c7d06	004c7d11	12
004c7d13	004c7d1f	13
004c7d60	004c7d62	3
004c7d73	004c7d7f	13
004c7e25	004c7e2e	10
004c7e37	004c7e3f	9
004c7f1c	004c7f1f	4
004c7fb7	004c7fbf	9
004c7ff8	004c7fff	8
004c8021	004c802f	15
004c8043	004c804f	13
004c8068	004c806f	8
004c80c8	004c80cf	8
004c80d7	004c80df	9
004c80e9	004c80ef	7
004c8141	004c814f	15
004c8184	004c818f	12
004c81b3	004c81bf	13
004c8234	004c823f	12
004c8259	004c825f	7
004c8289	004c828f	7
004c8306	004c830f	10
004c831d	004c831f	3
004c840c	004c840f	4
004c8459	004c845f	7
004c84a9	004c84af	7
004c84f9	004c84ff	7
004c8549	004c854f	7
004c855d	004c855f	3
004c856d	004c856f	3
004c86bd	004c86bf	3
004c86d7	004c86df	9
004c86ff	004c86ff	1
004c87d4	004c87df	12
004c8861	004c886f	15
004c8941	004c894f	15
004c897e	004c897f	2
004c89ae	004c89af	2
004c8a24	004c8a2f	12
004c8aa4	004c8aaf	12
004c8b1f	004c8b1f	1
004c8bb4	004c8bbf	12
004c8cc3	004c8ccf	13
004c8d48	004c8d53	12
004c8d55	004c8d5f	11
004c8dd6	004c8de1	12
004c8de3	004c8def	13
004c8e62	004c8e6d	12
004c8e6f	004c8e6f	1
004c8ee6	004c8ef1	12
004c8ef3	004c8eff	13
004c8f6f	004c8f6f	1
004c8fdf	004c8fdf	1
004c92b3	004c92bf	13
004c92d1	004c92d1	1
004c92d5	004c92df	11
004c9303	004c930f	13
004c9333	004c933f	13
004c936d	004c936f	3
004c9402	004c940f	14
004c94cb	004c94cf	5
004c9587	004c958f	9
004c9729	004c972f	7
004c974b	004c974f	5
004c976b	004c976f	5
004c9aba	004c9abf	6
004c9b1e	004c9b1f	2
004c9d43	004c9d4f	13
004c9d79	004c9d7f	7
004c9da6	004c9daf	10
004c9e2b	004c9e2d	3
004c9f38	004c9f3a	3
004c9f84	004c9f86	3
004c9fcd	004c9fcf	3
004ca02f	004ca02f	1
004ca0ee	004ca0ef	2
004ca177	004ca179	3
004ca277	004ca279	3
004ca2b8	004ca2ba	3
004ca341	004ca343	3
004ca369	004ca36b	3
004ca383	004ca385	3
004ca8e7	004ca90f	41
004cb031	004cb03f	15
004cb26d	004cb26f	3
004cb2c1	004cb2c3	3
004cb4f9	004cb4ff	7
004cb5fd	004cb5ff	3
004cb63a	004cb63c	3
004cb66f	004cb671	3
004cb6a8	004cb6aa	3
004cbc9d	004cbc9f	3
004cc4d4	004cc4df	12
004cc6a9	004cc6af	7
004cc7f4	004cc7f6	3
004cc84e	004cc84f	2
004ccdce	004ccdcf	2
004cd50a	004cd50f	6
004cd52a	004cd52f	6
004cd883	004cd88f	13
004cd8fb	004cd8ff	5
004cd9ad	004cd9af	3
004cda84	004cda86	3
004cdaee	004cdaf0	3
004cdb6c	004cdb6e	3
004cdbde	004cdbe0	3
004cdc0c	004cdc0e	3
004cdc2a	004cdc2f	6
004cddc4	004cddcf	12
004cdf22	004cdf2f	14
004ce099	004ce09f	7
004ce0d3	004ce0df	13
004ce113	004ce11f	13
004ce1bb	004ce1bf	5
004ce2f9	004ce2fb	3
004ce329	004ce334	12
004ce3ea	004ce3ef	6
004ce56a	004ce56c	3
004ce5a0	004ce5ab	12
004ce684	004ce68f	12
004ce72b	004ce72f	5
004ce869	004ce86b	3
004ce899	004ce8a4	12
004ce958	004ce95f	8
004ce9f6	004ce9ff	10
004cecc6	004ceccf	10
004cedac	004cedae	3
004cedd5	004ceddf	11
004cee12	004cee1f	14
004cee52	004cee5f	14
004ceee3	004ceeef	13
004cef3f	004cef48	10
004cef53	004cef5f	13
004cefe3	004cefef	13
004cf092	004cf09f	14
004cf107	004cf10f	9
004cf15f	004cf168	10
004cf173	004cf17f	13
004cf1e9	004cf1ef	7
004cf20c	004cf20f	4
004d01ac	004d01af	4
004d01dd	004d01df	3
004d0358	004d035f	8
004d0604	004d0606	3
004d0649	004d064b	3
004d068e	004d0690	3
004d06d9	004d06df	7
004d076d	004d076f	3
004d07bd	004d07bf	3
004d085a	004d085f	6
004d08ad	004d08af	3
004d09a9	004d09af	7
004d09dd	004d09df	3
004d0b0e	004d0b10	3
004d0c19	004d0c1b	3
004d0c40	004d0c42	3
004d0d42	004d0d4f	14
004d0f8d	004d0f8f	3
004d1051	004d1053	3
004d10fa	004d10fc	3
004d1119	004d111b	3
004d1138	004d113a	3
004d115a	004d115c	3
004d1173	004d1177	5
004d11a4	004d11af	12
004d122d	004d122f	3
004d1262	004d126f	14
004d13d8	004d13e0	9
004d13e7	004d13ea	4
004d13f4	004d13ff	12
004d1641	004d164f	15
004d168d	004d168f	3
004d16e8	004d16f0	9
004d16f7	004d16f9	3
004d172a	004d1732	9
004d1739	004d174a	18
004d185d	004d185f	3
004d218f	004d218f	1
004d2215	004d2217	3
004d226f	004d2271	3
004d22c9	004d22cb	3
004d23b6	004d23bf	10
004d2450	004d2452	3
004d2639	004d263f	7
004d286d	004d286f	3
004d2f03	004d2f05	3
004d2f73	004d2f75	3
004d2f9b	004d2f9d	3
004d2fdd	004d2fdf	3
004d302e	004d3030	3
004d3088	004d308a	3
004d3250	004d3252	3
004d32c0	004d32c2	3
004d32e8	004d32ea	3
004d332a	004d332c	3
004d337b	004d337d	3
004d33d5	004d33d7	3
004d3469	004d346b	3
004d35c0	004d35c2	3
004d35eb	004d35ed	3
004d39d1	004d39d3	3
004d39fc	004d39fe	3
004d3a26	004d3a2f	10
004d4177	004d417f	9
004d4278	004d4286	15
004d44e1	004d44e3	3
004d44ee	004d44ef	2
004d4617	004d461f	9
004d465d	004d465f	3
004d475a	004d475f	6
004d4826	004d482f	10
004d48af	004d48af	1
004d495f	004d495f	1
004d4a96	004d4a9f	10
004d4afd	004d4aff	3
004d4bfd	004d4bff	3
004d4d33	004d4d3f	13
004d4ead	004d4eaf	3
004d5164	004d516f	12
004d53a9	004d53af	7
004d5439	004d543f	7
004d56fe	004d56ff	2
004d57d8	004d57df	8
004d5996	004d599f	10
004d5b37	004d5b3f	9
004d5b4a	004d5b4f	6
004d5bce	004d5bd9	12
004d5bdb	004d5bdf	5
004d5c73	004d5c7e	12
004d5c98	004d5c9a	3
004d5caa	004d5caf	6
004d5e5c	004d5e5f	4
004d5eb1	004d5eb3	3
004d5ed9	004d5edf	7
004d5f99	004d5f9f	7
004d6109	004d610f	7
004d615d	004d615f	3
004d61d9	004d61df	7
004d622c	004d622f	4
004d628b	004d628f	5
004d62ef	004d62ef	1
004d6304	004d630f	12
004d6334	004d633f	12
004d63b8	004d63c3	12
004d63c5	004d63cf	11
004d6446	004d6451	12
004d6453	004d645f	13
004d6481	004d648a	10
004d648d	004d648f	3
004d64bc	004d64bf	4
004d653f	004d653f	1
004d654c	004d654f	4
004d65f7	004d65ff	9
004d6704	004d670f	12
004d67dd	004d67df	3
004d6872	004d687f	14
004d688b	004d688f	5
004d689b	004d689f	5
004d68ab	004d68af	5
004d68bb	004d68bf	5
004d68f1	004d68ff	15
004d690b	004d690f	5
004d691d	004d691f	3
004d6927	004d692f	9
004d693d	004d693f	3
004d6947	004d694f	9
004d6969	004d696f	7
004d6977	004d697f	9
004d698d	004d698f	3
004d6997	004d699f	9
004d69d1	004d69df	15
004d6a14	004d6a1f	12
004d6a32	004d6a3f	14
004d6a64	004d6a6f	12
004d6a92	004d6a9f	14
004d6abd	004d6abf	3
004d6ad4	004d6adf	12
004d6b12	004d6b1f	14
004d6b52	004d6b5f	14
004d6b96	004d6b9f	10
004d6bb6	004d6bbf	10
004d6c27	004d6c2f	9
004d6c37	004d6c3f	9
004d6cc8	004d6cca	3
004d6cdc	004d6cdf	4
004d6df5	004d6df7	3
004d6e99	004d6e9b	3
004d6ebd	004d6ebf	3
004d6f0c	004d6f1a	15
004d6f2b	004d6f2f	5
004d6f8a	004d6f8f	6
004d6fdd	004d6fdf	3
004d6fe6	004d6fef	10
004d703d	004d703f	3
004d7046	004d704f	10
004d70f7	004d70f9	3
004d710b	004d710f	5
004d715d	004d715f	3
004d7166	004d716f	10
004d71bd	004d71bf	3
004d71c6	004d71cf	10
004d71f9	004d71ff	7
004d724d	004d724f	3
004d7256	004d725f	10
004d7287	004d728f	9
004d72f4	004d72ff	12
004d73a3	004d73af	13
004d74c9	004d74cf	7
004d7554	004d7556	3
004d7561	004d756f	15
004d7599	004d759f	7
004d764a	004d764c	3
004d76ca	004d76cf	6
004d77e4	004d77fb	24
004d7ad3	004d7adf	13
004d7b36	004d7b3f	10
004d7b7a	004d7b7f	6
004d7c42	004d7c44	3
004d7e7a	004d7e7f	6
004d7ebf	004d7ebf	1
004d7f1a	004d7f1f	6
004d7fcf	004d7fd1	3
004d8003	004d8005	3
004d8019	004d801f	7
004d80cf	004d80d1	3
004d8103	004d8105	3
004d8119	004d811f	7
004d820a	004d820a	1
004d820e	004d820f	2
004d8251	004d825f	15
004d8273	004d827f	13
004d82e4	004d82ef	12
004d8341	004d834f	15
004d83a4	004d83af	12
004d840d	004d8416	10
004d8419	004d841f	7
004d84e0	004d84e9	10
004d8522	004d856f	78
004d8d57	004d8d5f	9
004d8f4e	004d8f4f	2
004d8fd1	004d8fdf	15
004d9124	004d912f	12
004d9143	004d914f	13
004d9165	004d916f	11
004d91d1	004d91d3	3
004d9219	004d921b	3
004d9226	004d922f	10
004d929b	004d929f	5
004d92c4	004d92cf	12
004d935f	004d935f	1
004d93e5	004d93ef	11
004d94b6	004d94bf	10
004d94f7	004d94ff	9
004d9547	004d954f	9
004d95d2	004d95df	14
004d9662	004d966f	14
004d972a	004d972f	6
004d98d2	004d98d4	3
004d9907	004d9909	3
004d9936	004d9938	3
004d9965	004d9967	3
004d9994	004d9996	3
004d99c3	004d99c5	3
004d99f2	004d99f4	3
004d9a21	004d9a23	3
004d9a50	004d9a52	3
004d9a7a	004d9a7c	3
004d9aa3	004d9aa5	3
004d9ad2	004d9ad4	3
004d9afb	004d9afd	3
004d9b22	004d9b24	3
004d9b4f	004d9b51	3
004d9b73	004d9b75	3
004d9c22	004d9c24	3
004d9c48	004d9c4a	3
004d9c77	004d9c79	3
004d9ca0	004d9ca2	3
004d9cc8	004d9cca	3
004d9ceb	004d9ced	3
004d9cfc	004d9cff	4
004d9e39	004d9e3b	3
004d9e6e	004d9e70	3
004d9e9d	004d9e9f	3
004d9ecc	004d9ece	3
004d9efb	004d9efd	3
004d9f2a	004d9f2c	3
004d9f53	004d9f55	3
004d9f74	004d9f76	3
004d9f9d	004d9f9f	3
004d9fcc	004d9fce	3
004d9ff6	004d9ff8	3
004da01a	004da01c	3
004da0cf	004da0d1	3
004da0fe	004da100	3
004da127	004da129	3
004da147	004da149	3
004da16f	004da171	3
004da192	004da194	3
004da1a3	004da1af	13
004da392	004da394	3
004da3c7	004da3c9	3
004da3f6	004da3f8	3
004da425	004da427	3
004da454	004da456	3
004da483	004da485	3
004da4b2	004da4b4	3
004da4e1	004da4e3	3
004da510	004da512	3
004da53f	004da541	3
004da56e	004da570	3
004da59e	004da5a0	3
004da5ca	004da5cc	3
004da5f0	004da5f2	3
004da61f	004da621	3
004da648	004da64a	3
004da66f	004da671	3
004da69c	004da69e	3
004da6c0	004da6c2	3
004da76f	004da771	3
004da795	004da797	3
004da7c4	004da7c6	3
004da7ed	004da7ef	3
004da815	004da817	3
004da838	004da83a	3
004da849	004da84f	7
004da93f	004da941	3
004da972	004da974	3
004da99f	004da9a1	3
004da9c3	004da9c5	3
004da9ed	004da9ef	3
004daa20	004daa22	3
004daa4e	004daa50	3
004daa72	004daa74	3
004dab24	004dab26	3
004dab58	004dab5a	3
004dab81	004dab83	3
004daba1	004daba3	3
004dabc8	004dabca	3
004dabeb	004dabed	3
004dabfd	004dabff	3
004dae0c	004dae0e	3
004dae41	004dae43	3
004dae70	004dae72	3
004dae9f	004daea1	3
004daece	004daed0	3
004daefd	004daeff	3
004daf2c	004daf2e	3
004daf5b	004daf5d	3
004daf8a	004daf8c	3
004dafb9	004dafbb	3
004dafe8	004dafea	3
004db017	004db019	3
004db040	004db042	3
004db067	004db069	3
004db099	004db09b	3
004db0c2	004db0c4	3
004db0e9	004db0eb	3
004db11c	004db11e	3
004db149	004db14b	3
004db16d	004db16f	3
004db21c	004db21e	3
004db242	004db244	3
004db271	004db273	3
004db29a	004db29c	3
004db2c2	004db2c4	3
004db2e5	004db2e7	3
004db2f6	004db2ff	10
004db464	004db466	3
004db499	004db49b	3
004db4c8	004db4ca	3
004db4f7	004db4f9	3
004db526	004db528	3
004db555	004db557	3
004db57e	004db580	3
004db5a5	004db5a7	3
004db5d7	004db5d9	3
004db600	004db602	3
004db627	004db629	3
004db654	004db656	3
004db678	004db67a	3
004db727	004db729	3
004db74d	004db74f	3
004db77c	004db77e	3
004db7a5	004db7a7	3
004db7cd	004db7cf	3
004db7f5	004db7f7	3
004db7ff	004db7ff	1
004db964	004db966	3
004db999	004db99b	3
004db9c8	004db9ca	3
004db9f7	004db9f9	3
004dba26	004dba28	3
004dba55	004dba57	3
004dba7e	004dba80	3
004dbaa5	004dbaa7	3
004dbad7	004dbad9	3
004dbb00	004dbb02	3
004dbb27	004dbb29	3
004dbb54	004dbb56	3
004dbb78	004dbb7a	3
004dbc27	004dbc29	3
004dbc4d	004dbc4f	3
004dbc7c	004dbc7e	3
004dbca5	004dbca7	3
004dbccd	004dbccf	3
004dbcf5	004dbcf7	3
004dbcff	004dbcff	1
004dbdef	004dbdf1	3
004dbe22	004dbe24	3
004dbe4f	004dbe51	3
004dbe73	004dbe75	3
004dbe9d	004dbe9f	3
004dbed0	004dbed2	3
004dbefe	004dbf00	3
004dbf22	004dbf24	3
004dbfd4	004dbfd6	3
004dc008	004dc00a	3
004dc031	004dc033	3
004dc051	004dc053	3
004dc078	004dc07a	3
004dc0a1	004dc0a3	3
004dc0ab	004dc0af	5
004dc1e8	004dc1ea	3
004dc21d	004dc21f	3
004dc24c	004dc24e	3
004dc27b	004dc27d	3
004dc2aa	004dc2ac	3
004dc2d9	004dc2db	3
004dc302	004dc304	3
004dc323	004dc325	3
004dc34c	004dc34e	3
004dc37b	004dc37d	3
004dc3a5	004dc3a7	3
004dc3c9	004dc3cb	3
004dc47e	004dc480	3
004dc4ad	004dc4af	3
004dc4d6	004dc4d8	3
004dc4f6	004dc4f8	3
004dc51e	004dc520	3
004dc546	004dc548	3
004dc6f3	004dc6f5	3
004dc728	004dc72a	3
004dc757	004dc759	3
004dc786	004dc788	3
004dc7b5	004dc7b7	3
004dc7e4	004dc7e6	3
004dc813	004dc815	3
004dc842	004dc844	3
004dc871	004dc873	3
004dc89b	004dc89d	3
004dc8c4	004dc8c6	3
004dc8f3	004dc8f5	3
004dc91c	004dc91e	3
004dc943	004dc945	3
004dc970	004dc972	3
004dc994	004dc996	3
004dca43	004dca45	3
004dca69	004dca6b	3
004dca98	004dca9a	3
004dcac1	004dcac3	3
004dcae9	004dcaeb	3
004dcb11	004dcb13	3
004dcb1b	004dcb1f	5
004dccc3	004dccc5	3
004dccf8	004dccfa	3
004dcd27	004dcd29	3
004dcd56	004dcd58	3
004dcd85	004dcd87	3
004dcdb4	004dcdb6	3
004dcde3	004dcde5	3
004dce12	004dce14	3
004dce41	004dce43	3
004dce6b	004dce6d	3
004dce94	004dce96	3
004dcec3	004dcec5	3
004dceec	004dceee	3
004dcf13	004dcf15	3
004dcf40	004dcf42	3
004dcf64	004dcf66	3
004dd013	004dd015	3
004dd039	004dd03b	3
004dd068	004dd06a	3
004dd091	004dd093	3
004dd0b9	004dd0bb	3
004dd0e1	004dd0e3	3
004dd0eb	004dd0ef	5
004dd199	004dd1a7	15
004dd1b2	004dd1b4	3
004dd1c1	004dd1cf	15
004dd296	004dd298	3
004dd2ac	004dd2af	4
004dd386	004dd388	3
004dd39c	004dd39f	4
004dd45c	004dd45e	3
004dd469	004dd46f	7
004dd52d	004dd535	9
004dd53c	004dd54f	20
004dd56d	004dd56f	3
004dd58d	004dd58f	3
004dd5b4	004dd5bf	12
004dd5e4	004dd5ef	12
004dd6ab	004dd6af	5
004dd6be	004dd6bf	2
004dd6e9	004dd6ef	7
004dd719	004dd71f	7
004dd79c	004dd79f	4
004dd7f8	004dd7ff	8
004dd858	004dd85f	8
004dd89d	004dd89f	3
004dd8c8	004dd8cf	8
004dd9cf	004dd9cf	1
004dda23	004dda2f	13
004dda3a	004dda3f	6
004dda95	004dda9f	11
004ddbb8	004ddbbf	8
004ddbe5	004ddbef	11
004ddc68	004ddc6f	8
004ddc7d	004ddc7f	3
004ddcd4	004ddcdf	12
004ddfab	004ddfaf	5
004de083	004de08f	13
004de0b5	004de0c0	12
004de0c7	004de0cf	9
004de148	004de153	12
004de155	004de15f	11
004de1d2	004de1dd	12
004de1df	004de1df	1
004de25e	004de269	12
004de26b	004de26f	5
004de303	004de30e	12
004de358	004de363	12
004de36e	004de36f	2
004de39f	004de39f	1
004de3b6	004de3bf	10
004de56c	004de56f	4
004de627	004de62f	9
004de6be	004de6c7	10
004de6f2	004de701	16
004de713	004de71f	13
004de92d	004de92f	3
004de9ca	004de9d2	9
004dea02	004dea16	21
004dea31	004dea3f	15
004deaf9	004deaff	7
004deba2	004debaf	14
004dec5a	004dec5f	6
004def3a	004def48	15
004def63	004def6f	13
004df062	004df0cf	110
004df0d7	004df0df	9
004df0f6	004df0ff	10
004df2df	004df2df	1
004df39e	004df39f	2
004df3b5	004df3b7	3
004df3be	004df3bf	2
004df614	004df61d	10
004df8c4	004df8cf	12
004df98b	004df98f	5
004df9ae	004df9af	2
004df9c7	004df9cf	9
004dfa24	004dfa2f	12
004dfa42	004dfa4f	14
004dfa65	004dfa67	3
004dfa6e	004dfa6f	2
004dfad9	004dfadf	7
004dfbdf	004dfc1f	65
004dfc80	004dfc82	3
004dfcc6	004dfccf	10
004dfce5	004dfce7	3
004dfcee	004dfcef	2
004dfda2	004dfda4	3
004dfdcf	004dfdd1	3
004dfddf	004dfddf	1
004dff2b	004dff2f	5
004e001c	004e005f	68
004e0075	004e007f	11
004e00e5	004e00ef	11
004e0173	004e017f	13
004e0252	004e025f	14
004e02f3	004e02ff	13
004e0393	004e039f	13
004e03ed	004e03ef	3
004e048d	004e048f	3
004e0549	004e054f	7
004e05e9	004e05ef	7
004e0614	004e061f	12
004e0f2e	004e0f2f	2
004e0fe7	004e0fef	9
004e1009	004e100f	7
004e10ac	004e10af	4
004e10b3	004e10bf	13
004e10ca	004e10cf	6
004e1112	004e111f	14
004e117e	004e117f	2
004e1247	004e124f	9
004e1292	004e129f	14
004e1322	004e132f	14
004e133d	004e133f	3
004e1346	004e134f	10
004e1383	004e138f	13
004e1395	004e139f	11
004e13dd	004e13df	3
004e1434	004e143f	12
004e1498	004e149f	8
004e14ef	004e14ef	1
004e15a7	004e15af	9
004e16d8	004e16df	8
004e172f	004e172f	1
004e17bb	004e17bf	5
004e17ee	004e17ef	2
004e18d4	004e18df	12
004e18e7	004e18ef	9
004e18fe	004e18ff	2
004e1979	004e197f	7
004e19e7	004e19ef	9
004e1a5f	004e1a5f	1
004e1c16	004e1c18	3
004e1c23	004e1c2f	13
004e1c37	004e1c3f	9
004e1c46	004e1c4f	10
004e1c84	004e1c8f	12
004e1cc6	004e1ccf	10
004e1cdf	004e1cdf	1
004e1d0b	004e1d0f	5
004e1d22	004e1d2f	14
004e1d47	004e1d4f	9
004e1d67	004e1d6f	9
004e1ffe	004e1fff	2
004e2072	004e207f	14
004e20a5	004e20a7	3
004e20c4	004e20c6	3
004e20dd	004e20df	3
004e20f5	004e20f7	3
004e20fe	004e20ff	2
004e2128	004e212f	8
004e21e5	004e21ec	8
004e2209	004e220b	3
004e2279	004e227b	3
004e2298	004e229a	3
004e22c6	004e22cf	10
004e2420	004e2422	3
004e243f	004e2441	3
004e2464	004e2466	3
004e247d	004e247f	3
004e24ae	004e24b0	3
004e24c9	004e24cf	7
004e25f7	004e25ff	9
004e26a7	004e26a9	3
004e26e4	004e26eb	8
004e2724	004e2726	3
004e274c	004e274e	3
004e2764	004e276f	12
004e281b	004e281d	3
004e2852	004e2854	3
004e2892	004e2894	3
004e28a4	004e28af	12
004e2928	004e292f	8
004e2963	004e296f	13
004e29a7	004e29af	9
004e29e7	004e29ef	9
004e2a23	004e2a2f	13
004e2a55	004e2a5f	11
004e2a75	004e2a7f	11
004e2a94	004e2a9f	12
004e2ab4	004e2abf	12
004e2ae2	004e2aef	14
004e2b04	004e2b0f	12
004e2b5e	004e2b5f	2
004e2b85	004e2b87	3
004e2ba4	004e2ba6	3
004e2bbd	004e2bbf	3
004e2bc3	004e2bcf	13
004e2be5	004e2be7	3
004e2bee	004e2bef	2
004e2c94	004e2c96	3
004e2cb9	004e2cbb	3
004e2cc3	004e2ccf	13
004e2d75	004e2d77	3
004e2dca	004e2dcc	3
004e2e1f	004e2e21	3
004e2e76	004e2e78	3
004e2ece	004e2ed0	3
004e2f47	004e2f49	3
004e2fa0	004e2fa2	3
004e3031	004e3033	3
004e305e	004e3060	3
004e307d	004e307f	3
004e309f	004e30a1	3
004e30c8	004e30ca	3
004e31a3	004e31a5	3
004e31c2	004e31c4	3
004e32a7	004e32a9	3
004e32e7	004e32e9	3
004e3313	004e331f	13
004e33cc	004e33ce	3
004e345d	004e345f	3
004e34e8	004e34ea	3
004e356d	004e356f	3
004e373d	004e373f	3
004e3812	004e3814	3
004e3845	004e3847	3
004e3873	004e3875	3
004e38a1	004e38a3	3
004e38cf	004e38d1	3
004e38fd	004e38ff	3
004e39a8	004e39aa	3
004e39ef	004e39f1	3
004e3a7c	004e3a7e	3
004e3aaa	004e3aac	3
004e3ad8	004e3ada	3
004e3b14	004e3b1f	12
004e3b69	004e3b6f	7
004e3b9b	004e3b9f	5
004e3cd1	004e3cdf	15
004e3e56	004e3e5f	10
004e3e84	004e3e8f	12
004e3ef5	004e3eff	11
004e3fbf	004e3fbf	1
004e3ff9	004e3fff	7
004e4109	004e410f	7
004e41ab	004e41af	5
004e421b	004e421f	5
004e44f5	004e44ff	11
004e4592	004e459f	14
004e482f	004e482f	1
004e48db	004e48df	5
004e491a	004e491f	6
004e4b46	004e4b4f	10
004e4bd4	004e4bef	28
004e4c54	004e4c5f	12
004e4ee4	004e4eef	12
004e5042	004e504f	14
004e50d8	004e50df	8
004e515b	004e515f	5
004e587f	004e587f	1
004e58c9	004e58cf	7
004e593c	004e593f	4
004e5965	004e596f	11
004e59a7	004e59af	9
004e59fc	004e59ff	4
004e5a48	004e5a4f	8
004e5a62	004e5a6f	14
004e5a8f	004e5a8f	1
004e5ac6	004e5acf	10
004e5b48	004e5b53	12
004e5b55	004e5b5f	11
004e5ba9	004e5baf	7
004e5bef	004e5bef	1
004e5c6d	004e5c6f	3
004e5c88	004e5c8f	8
004e5d29	004e5d2b	3
004e5d3f	004e5d3f	1
004e5dc4	004e5dc6	3
004e5de3	004e5de5	3
004e5e41	004e5e43	3
004e5e60	004e5e62	3
004e5ebe	004e5ec0	3
004e5edd	004e5edf	3
004e5f3c	004e5f3e	3
004e5f5b	004e5f5d	3
004e5fba	004e5fbc	3
004e5fd9	004e5fdb	3
004e6038	004e603a	3
004e605a	004e605c	3
004e6063	004e606f	13
004e60ab	004e60af	5
004e6140	004e614f	16
004e616b	004e616f	5
004e61f3	004e61ff	13
004e6212	004e621f	14
004e624f	004e624f	1
004e6334	004e6336	3
004e634a	004e634c	3
004e639c	004e639e	3
004e63b2	004e63b4	3
004e6408	004e640a	3
004e641d	004e641f	3
004e6471	004e6473	3
004e6492	004e6494	3
004e64a8	004e64af	8
004e664f	004e664f	1
004e6694	004e669f	12
004e6775	004e6777	3
004e6794	004e6796	3
004e67a7	004e67af	9
004e683f	004e683f	1
004e687e	004e687f	2
004e6919	004e691f	7
004e69f5	004e69f7	3
004e6a14	004e6a16	3
004e6a27	004e6a2f	9
004e6a58	004e6a5f	8
004e6aef	004e6aef	1
004e6b89	004e6b8f	7
004e6c65	004e6c67	3
004e6c84	004e6c86	3
004e6c97	004e6c9f	9
004e6cc8	004e6ccf	8
004e6d5f	004e6d5f	1
004e6df9	004e6dff	7
004e6ed5	004e6ed7	3
004e6ef4	004e6ef6	3
004e6f07	004e6f0f	9
004e6f38	004e6f3f	8
004e6fcf	004e6fcf	1
004e7069	004e706f	7
004e7145	004e7147	3
004e7164	004e7166	3
004e7177	004e717f	9
004e71a8	004e71af	8
004e723f	004e723f	1
004e72d9	004e72df	7
004e73b5	004e73b7	3
004e73d4	004e73d6	3
004e73e7	004e73ef	9
004e747f	004e747f	1
004e7519	004e751f	7
004e75f5	004e75f7	3
004e7614	004e7616	3
004e7627	004e762f	9
004e7658	004e765f	8
004e76ef	004e76ef	1
004e7789	004e778f	7
004e7965	004e7967	3
004e7984	004e7986	3
004e7997	004e799f	9
004e79c8	004e79cf	8
004e7a13	004e7a1f	13
004e7a63	004e7a6f	13
004e7b09	004e7b0f	7
004e7be5	004e7be7	3
004e7c04	004e7c06	3
004e7c17	004e7c1f	9
004e7c48	004e7c4f	8
004e7cb8	004e7cbf	8
004e7d59	004e7d5f	7
004e7e35	004e7e37	3
004e7e54	004e7e56	3
004e7e67	004e7e6f	9
004e7e98	004e7e9f	8
004e7f99	004e7f9f	7
004e8039	004e803f	7
004e8052	004e805f	14
004e809d	004e809f	3
004e8172	004e8174	3
004e8188	004e818a	3
004e81d2	004e81d4	3
004e81f1	004e81f3	3
004e8204	004e820f	12
004e821e	004e821f	2
004e8431	004e8433	3
004e8456	004e8458	3
004e8479	004e847f	7
004e8514	004e851f	12
004e85f5	004e85f7	3
004e8614	004e8616	3
004e8627	004e862f	9
004e8658	004e865f	8
004e86ec	004e86ef	4
004e872e	004e872f	2
004e8806	004e880f	10
004e88e5	004e88e7	3
004e8904	004e8906	3
004e8917	004e891f	9
004e8948	004e894f	8
004e89e3	004e89ef	13
004e8acc	004e8acf	4
004e8ba5	004e8ba7	3
004e8bc4	004e8bc6	3
004e8bd7	004e8bdf	9
004e8c08	004e8c0f	8
004e8ca3	004e8caf	13
004e8d8c	004e8d8f	4
004e8e65	004e8e67	3
004e8e84	004e8e86	3
004e8e97	004e8e9f	9
004e8ec8	004e8ecf	8
004e8f63	004e8f6f	13
004e904c	004e904f	4
004e9125	004e9127	3
004e9144	004e9146	3
004e9157	004e915f	9
004e9188	004e918f	8
004e9223	004e922f	13
004e930c	004e930f	4
004e93e5	004e93e7	3
004e9404	004e9406	3
004e9417	004e941f	9
004e9448	004e944f	8
004e94e3	004e94ef	13
004e95cc	004e95cf	4
004e96a5	004e96a7	3
004e96c4	004e96c6	3
004e96d7	004e96df	9
004e9708	004e970f	8
004e97a3	004e97af	13
004e988c	004e988f	4
004e9965	004e9967	3
004e9984	004e9986	3
004e9997	004e999f	9
004e99c8	004e99cf	8
004e9a63	004e9a6f	13
004e9b4c	004e9b4f	4
004e9c25	004e9c27	3
004e9c44	004e9c46	3
004e9c57	004e9c5f	9
004e9c88	004e9c8f	8
004e9d23	004e9d2f	13
004e9e0c	004e9e0f	4
004e9ee5	004e9ee7	3
004e9f04	004e9f06	3
004e9f17	004e9f1f	9
004e9f48	004e9f4f	8
004e9fe3	004e9fef	13
004ea0cc	004ea0cf	4
004ea1a5	004ea1a7	3
004ea1c4	004ea1c6	3
004ea1d7	004ea1df	9
004ea208	004ea20f	8
004ea2a3	004ea2af	13
004ea38c	004ea38f	4
004ea462	004ea464	3
004ea478	004ea47a	3
004ea4c2	004ea4c4	3
004ea4e1	004ea4e3	3
004ea4f4	004ea4ff	12
004ea729	004ea72f	7
004ea7c3	004ea7c5	3
004ea7e8	004ea7ea	3
004ea80b	004ea80f	5
004ea90d	004ea90f	3
004ea9e5	004ea9e7	3
004eaa04	004eaa06	3
004eaa17	004eaa1f	9
004eaa66	004eaa6f	10
004eab4c	004eab4f	4
004eabe4	004eabef	12
004eac84	004eac8f	12
004eacd0	004eacd2	3
004eace1	004eacef	15
004eadc4	004eadc6	3
004eade3	004eade5	3
004eadf6	004eadff	10
004eae0e	004eae0f	2
004eaf2b	004eaf2f	5
004eaf98	004eafaa	19
004eb000	004eb002	3
004eb023	004eb02f	13
004eb105	004eb107	3
004eb124	004eb126	3
004eb137	004eb13f	9
004eb174	004eb17f	12
004eb227	004eb22f	9
004eb27f	004eb27f	1
004eb35c	004eb35f	4
004eb435	004eb437	3
004eb454	004eb456	3
004eb467	004eb46f	9
004eb4a4	004eb4af	12
004eb557	004eb55f	9
004eb63c	004eb63f	4
004eb6d9	004eb6df	7
004eb6f2	004eb6ff	14
004eb73d	004eb73f	3
004eb815	004eb817	3
004eb834	004eb836	3
004eb847	004eb84f	9
004eb8ab	004eb8af	5
004eb98c	004eb98f	4
004eba8e	004eba8f	2
004ebb71	004ebb73	3
004ebb86	004ebb88	3
004ebbd7	004ebbd9	3
004ebbf5	004ebbf7	3
004ebc08	004ebc0f	8
004ebc52	004ebc5f	14
004ebde4	004ebdef	12
004ebec5	004ebec7	3
004ebee4	004ebee6	3
004ebef7	004ebeff	9
004ebf4d	004ebf4f	3
004ec02c	004ec02f	4
004ec105	004ec107	3
004ec124	004ec126	3
004ec137	004ec13f	9
004ec1bf	004ec1bf	1
004ec2ac	004ec2af	4
004ec3ad	004ec3af	3
004ec485	004ec487	3
004ec4a4	004ec4a6	3
004ec4b7	004ec4bf	9
004ec50d	004ec50f	3
004ec5ec	004ec5ef	4
004ec685	004ec68f	11
004ec69e	004ec69f	2
004ec6e7	004ec6e9	3
004ec6f8	004ec6ff	8
004ec794	004ec79f	12
004ec8a2	004ec8af	14
004ec8f0	004ec8f2	3
004ec901	004ec90f	15
004ecafa	004ecaff	6
004ecb94	004ecb9f	12
004ecbe8	004ecbea	3
004ecbf9	004ecbff	7
004ecc56	004ecc58	3
004ece4b	004ece4f	5
004ecf3b	004ecf3d	3
004ecf51	004ecf53	3
004ecf9f	004ecfa1	3
004ecfbe	004ecfc0	3
004ecfd1	004ecfdf	15
004ed186	004ed18f	10
004ed2cf	004ed2cf	1
004ed34e	004ed350	3
004ed35f	004ed35f	1
004ed53c	004ed53f	4
004ed613	004ed615	3
004ed632	004ed634	3
004ed645	004ed64f	11
004ed72c	004ed72f	4
004ed766	004ed76f	10
004ed7ca	004ed7cf	6
004ed8cc	004ed8ce	3
004eda54	004eda5f	12
004eda89	004eda8f	7
004edc52	004edc54	3
004edc84	004edc8f	12
004edd90	004edd92	3
004eddae	004eddaf	2
004ede55	004ede57	3
004ede7b	004ede8f	21
004eded0	004eded2	3
004edee1	004edeef	15
004edf95	004edf97	3
004edfbb	004edfcf	21
004ee010	004ee012	3
004ee021	004ee02f	15
004ee099	004ee09f	7
004ee122	004ee12f	14
004ee1b6	004ee1b8	3
004ee1d5	004ee1d7	3
004ee245	004ee247	3
004ee264	004ee266	3
004ee2d4	004ee2d6	3
004ee2f3	004ee2f5	3
004ee363	004ee365	3
004ee382	004ee384	3
004ee3f2	004ee3f4	3
004ee411	004ee413	3
004ee481	004ee483	3
004ee4a0	004ee4a2	3
004ee510	004ee512	3
004ee535	004ee537	3
004ee53e	004ee53f	2
004ee56b	004ee56f	5
004ee59d	004ee59f	3
004ee5e6	004ee5ef	10
004ee5fd	004ee5ff	3
004ee60a	004ee60f	6
004ee7aa	004ee7af	6
004ee7f2	004ee7ff	14
004ee82c	004ee82f	4
004ee851	004ee85f	15
004ee87a	004ee87f	6
004ee8af	004ee8af	1
004ee8c7	004ee8cf	9
004ee8e7	004ee8ef	9
004ee912	004ee91f	14
004ee953	004ee95f	13
004ee96e	004ee96f	2
004eeaef	004eeaff	17
004eeb7d	004eeb7f	3
004eebda	004eebdf	6
004eec1b	004eec1f	5
004eec6a	004eec6f	6
004eeec5	004eeecf	11
004eef41	004eef4f	15
004ef166	004ef16f	10
004ef176	004ef17f	10
004ef1ad	004ef1af	3
004ef1b8	004ef1bf	8
004ef1c8	004ef1cf	8
004ef1ea	004ef1ef	6
004ef21c	004ef21f	4
004ef242	004ef244	3
004ef24b	004ef24f	5
004ef2a5	004ef2af	11
004ef3b8	004ef3bf	8
004ef3f9	004ef3ff	7
004f0107	004f010f	9
004f012d	004f012f	3
004f0168	004f016f	8
004f01b1	004f01bf	15
004f0201	004f020f	15
004f022e	004f022f	2
004f0266	004f026f	10
004f028c	004f028f	4
004f02d4	004f02df	12
004f02f9	004f02ff	7
004f0335	004f033f	11
004f0369	004f036f	7
004f0392	004f039f	14
004f03ec	004f03ef	4
004f0415	004f041f	11
004f0433	004f043f	13
004f0487	004f048f	9
004f0503	004f050f	13
004f0583	004f058f	13
004f0603	004f060f	13
004f062d	004f062f	3
004f06b9	004f06bf	7
004f0711	004f071f	15
004f07d2	004f07df	14
004f0805	004f0810	12
004f0817	004f081f	9
004f089e	004f08a9	12
004f08ab	004f08af	5
004f0943	004f094e	12
004f0971	004f097f	15
004f09cf	004f09cf	1
004f0acf	004f0acf	1
004f0b37	004f0b3f	9
004f0cec	004f0cef	4
004f0d27	004f0d2f	9
004f0fba	004f0fbf	6
004f1029	004f102f	7
004f1139	004f113f	7
004f11f7	004f11ff	9
004f1266	004f126f	10
004f12d4	004f12df	12
004f1966	004f196f	10
004f1b66	004f1b6f	10
004f1be9	004f1bef	7
004f253b	004f253f	5
004f25c6	004f25cf	10
004f2733	004f273f	13
004f2799	004f279f	7
004f27a4	004f27af	12
004f27ba	004f27bf	6
004f27cd	004f27cf	3
004f27d7	004f27df	9
004f27f1	004f27ff	15
004f2804	004f280f	12
004f281d	004f281f	3
004f2823	004f282f	13
004f283b	004f283f	5
004f284b	004f284f	5
004f285b	004f285f	5
004f286b	004f286f	5
004f287b	004f287f	5
004f288b	004f288f	5
004f289e	004f289f	2
004f28cb	004f28cf	5
004f28db	004f28df	5
004f28eb	004f28ef	5
004f28fb	004f28ff	5
004f290b	004f290f	5
004f291b	004f291f	5
004f2924	004f292f	12
004f2938	004f293f	8
004f2955	004f2957	3
004f295e	004f295f	2
004f2977	004f2979	3
004f29b2	004f2a3f	142
004f2a84	004f2a8f	12
004f2ad1	004f2adf	15
004f2b21	004f2b2f	15
004f2b74	004f2b7f	12
004f2bc6	004f2bcf	10
004f2bff	004f2bff	1
004f2c27	004f2c2f	9
004f2c55	004f2c5f	11
004f2ca7	004f2caf	9
004f2d2f	004f2d2f	1
004f2d3e	004f2d3f	2
004f2d5c	004f2d5f	4
004f2ddf	004f2de1	3
004f2dfe	004f2e00	3
004f2e68	004f2e6a	3
004f2e87	004f2e89	3
004f2ef1	004f2ef3	3
004f2f10	004f2f12	3
004f2f79	004f2f7b	3
004f2f98	004f2f9a	3
004f3002	004f3004	3
004f3021	004f3023	3
004f308b	004f308d	3
004f30ae	004f30b0	3
004f30b7	004f30bf	9
004f30d2	004f30df	14
004f3121	004f312f	15
004f3174	004f317f	12
004f31c4	004f31cf	12
004f3214	004f321f	12
004f3264	004f326f	12
004f32b4	004f32bf	12
004f3304	004f330f	12
004f3316	004f331f	10
004f3342	004f334f	14
004f336a	004f336f	6
004f33d5	004f33df	11
004f3446	004f3448	3
004f348b	004f348d	3
004f34d0	004f34d2	3
004f3514	004f3516	3
004f3559	004f355b	3
004f359e	004f35a0	3
004f35e8	004f35ea	3
004f36d5	004f36d7	3
004f36f4	004f36f6	3
004f3707	004f370f	9
004f3746	004f374f	10
004f37b9	004f37bf	7
004f3895	004f3897	3
004f38b4	004f38b6	3
004f38c7	004f38cf	9
004f3907	004f390f	9
004f39a9	004f39af	7
004f3a85	004f3a87	3
004f3aa4	004f3aa6	3
004f3ab7	004f3abf	9
004f3af7	004f3aff	9
004f3b99	004f3b9f	7
004f3c75	004f3c77	3
004f3c94	004f3c96	3
004f3ca7	004f3caf	9
004f3ce7	004f3cef	9
004f3d89	004f3d8f	7
004f3e65	004f3e67	3
004f3e84	004f3e86	3
004f3e97	004f3e9f	9
004f3eb2	004f3ebf	14
004f3f2c	004f3f2f	4
004f3fc9	004f3fcf	7
004f40a5	004f40a7	3
004f40c4	004f40c6	3
004f40d7	004f40df	9
004f414a	004f414f	6
004f41e9	004f41ef	7
004f42c5	004f42c7	3
004f42e4	004f42e6	3
004f42f7	004f42ff	9
004f436c	004f436f	4
004f4409	004f440f	7
004f44e5	004f44e7	3
004f4504	004f4506	3
004f4517	004f451f	9
004f4576	004f457f	10
004f4619	004f461f	7
004f46f5	004f46f7	3
004f4714	004f4716	3
004f4727	004f472f	9
004f47a7	004f47af	9
004f485d	004f485f	3
004f4935	004f4937	3
004f4954	004f4956	3
004f4967	004f496f	9
004f49cf	004f49cf	1
004f4a69	004f4a6f	7
004f4b45	004f4b47	3
004f4b64	004f4b66	3
004f4b77	004f4b7f	9
004f4bdf	004f4bdf	1
004f4c79	004f4c7f	7
004f4d55	004f4d57	3
004f4d74	004f4d76	3
004f4d87	004f4d8f	9
004f4e3d	004f4e3f	3
004f4ec5	004f4ecf	11
004f4eed	004f4eef	3
004f4fc5	004f4fc7	3
004f4fe4	004f4fe6	3
004f4ff7	004f4fff	9
004f5054	004f505f	12
004f50f9	004f50ff	7
004f51d5	004f51d7	3
004f51f4	004f51f6	3
004f5207	004f520f	9
004f5296	004f529f	10
004f5339	004f533f	7
004f5415	004f5417	3
004f5434	004f5436	3
004f5447	004f544f	9
004f54d6	004f54df	10
004f5579	004f557f	7
004f5655	004f5657	3
004f5674	004f5676	3
004f5687	004f568f	9
004f56ef	004f56ef	1
004f5789	004f578f	7
004f5865	004f5867	3
004f5884	004f5886	3
004f5897	004f589f	9
004f58f6	004f58ff	10
004f5999	004f599f	7
004f5a75	004f5a77	3
004f5a94	004f5a96	3
004f5aa7	004f5aaf	9
004f5b0f	004f5b0f	1
004f5ba9	004f5baf	7
004f5c85	004f5c87	3
004f5ca4	004f5ca6	3
004f5cb7	004f5cbf	9
004f5d1f	004f5d1f	1
004f5db9	004f5dbf	7
004f5e95	004f5e97	3
004f5eb4	004f5eb6	3
004f5ec7	004f5ecf	9
004f5f2f	004f5f2f	1
004f5fc9	004f5fcf	7
004f60a5	004f60a7	3
004f60c4	004f60c6	3
004f60d7	004f60df	9
004f613f	004f613f	1
004f61d9	004f61df	7
004f62b5	004f62b7	3
004f62d4	004f62d6	3
004f62e7	004f62ef	9
004f6346	004f634f	10
004f63e9	004f63ef	7
004f64c5	004f64c7	3
004f64e4	004f64e6	3
004f64f7	004f64ff	9
004f655f	004f655f	1
004f65f9	004f65ff	7
004f66d5	004f66d7	3
004f66f4	004f66f6	3
004f6707	004f670f	9
004f676f	004f676f	1
004f6809	004f680f	7
004f68cb	004f68cf	5
004f69a5	004f69a7	3
004f69c4	004f69c6	3
004f69d7	004f69df	9
004f6a3f	004f6a3f	1
004f6ad9	004f6adf	7
004f6bb5	004f6bb7	3
004f6bd4	004f6bd6	3
004f6be7	004f6bef	9
004f6c4f	004f6c4f	1
004f6ce9	004f6cef	7
004f6dc5	004f6dc7	3
004f6de4	004f6de6	3
004f6df7	004f6dff	9
004f6e5f	004f6e5f	1
004f6ef9	004f6eff	7
004f6fd5	004f6fd7	3
004f6ff4	004f6ff6	3
004f7007	004f700f	9
004f706f	004f706f	1
004f7109	004f710f	7
004f71e5	004f71e7	3
004f7204	004f7206	3
004f7217	004f721f	9
004f727f	004f727f	1
004f7319	004f731f	7
004f73f5	004f73f7	3
004f7414	004f7416	3
004f7427	004f742f	9
004f7486	004f748f	10
004f7529	004f752f	7
004f7605	004f7607	3
004f7624	004f7626	3
004f7637	004f763f	9
004f769f	004f769f	1
004f7739	004f773f	7
004f7815	004f7817	3
004f7834	004f7836	3
004f7847	004f784f	9
004f78a6	004f78af	10
004f7949	004f794f	7
004f7a25	004f7a27	3
004f7a44	004f7a46	3
004f7a57	004f7a5f	9
004f7abf	004f7abf	1
004f7b59	004f7b5f	7
004f7c35	004f7c37	3
004f7c54	004f7c56	3
004f7c67	004f7c6f	9
004f7ccf	004f7ccf	1
004f7d69	004f7d6f	7
004f7e45	004f7e47	3
004f7e64	004f7e66	3
004f7e77	004f7e7f	9
004f7eec	004f7eef	4
004f7f89	004f7f8f	7
004f8065	004f8067	3
004f8084	004f8086	3
004f8097	004f809f	9
004f810c	004f810f	4
004f81a9	004f81af	7
004f829b	004f829d	3
004f82ba	004f82bc	3
004f82cd	004f82cf	3
004f83ae	004f83af	2
004f8459	004f845b	3
004f846c	004f846f	4
004f855b	004f855d	3
004f857a	004f857c	3
004f858d	004f858f	3
004f866e	004f866f	2
004f86ce	004f86d0	3
004f8743	004f8745	3
004f8756	004f875f	10
004f8835	004f8837	3
004f8854	004f8856	3
004f8867	004f886f	9
004f88c6	004f88cf	10
004f8969	004f896f	7
004f8a45	004f8a47	3
004f8a64	004f8a66	3
004f8a77	004f8a7f	9
004f8adf	004f8adf	1
004f8b79	004f8b7f	7
004f8c55	004f8c57	3
004f8c74	004f8c76	3
004f8c87	004f8c8f	9
004f8ce6	004f8cef	10
004f8d89	004f8d8f	7
004f8e65	004f8e67	3
004f8e84	004f8e86	3
004f8e97	004f8e9f	9
004f8f06	004f8f0f	10
004f8fa9	004f8faf	7
004f9085	004f9087	3
004f90a4	004f90a6	3
004f90b7	004f90bf	9
004f9122	004f912f	14
004f91c9	004f91cf	7
004f92a5	004f92a7	3
004f92c4	004f92c6	3
004f92d7	004f92df	9
004f933f	004f933f	1
004f93d9	004f93df	7
004f94b5	004f94b7	3
004f94d4	004f94d6	3
004f94e7	004f94ef	9
004f9555	004f955f	11
004f95f9	004f95ff	7
004f96d5	004f96d7	3
004f96f4	004f96f6	3
004f9707	004f970f	9
004f9766	004f976f	10
004f9809	004f980f	7
004f98e5	004f98e7	3
004f9904	004f9906	3
004f9917	004f991f	9
004f9976	004f997f	10
004f9a19	004f9a1f	7
004f9af5	004f9af7	3
004f9b14	004f9b16	3
004f9b27	004f9b2f	9
004f9b86	004f9b8f	10
004f9c29	004f9c2f	7
004f9d05	004f9d07	3
004f9d24	004f9d26	3
004f9d37	004f9d3f	9
004f9d96	004f9d9f	10
004f9e39	004f9e3f	7
004f9f15	004f9f17	3
004f9f34	004f9f36	3
004f9f47	004f9f4f	9
004f9fc7	004f9fcf	9
004fa07d	004fa07f	3
004fa171	004fa17f	15
004fa255	004fa257	3
004fa274	004fa276	3
004fa287	004fa28f	9
004fa2b8	004fa2bf	8
004fa359	004fa35f	7
004fa448	004fa44a	3
004fa45d	004fa45f	3
004fa4ae	004fa4b0	3
004fa4c3	004fa4c5	3
004fa514	004fa516	3
004fa535	004fa537	3
004fa54b	004fa54f	5
004fa712	004fa71f	14
004fa7c3	004fa7c5	3
004fa7d8	004fa7df	8
004fa875	004fa87f	11
004fa8ce	004fa8d0	3
004fa8df	004fa8df	1
004fa95f	004fa95f	1
004fa983	004fa98f	13
004faa7a	004faa7c	3
004faa99	004faa9b	3
004faaac	004faaaf	4
004fab86	004fab8f	10
004fabe9	004fabf2	10
004fac48	004fac4a	3
004fac59	004fac5f	7
004fad35	004fad37	3
004fad54	004fad56	3
004fad67	004fad6f	9
004fae8b	004fae8f	5
004faefe	004faf00	3
004faf11	004faf1f	15
004faff5	004faff7	3
004fb014	004fb016	3
004fb027	004fb02f	9
004fb062	004fb06f	14
004fb14c	004fb14f	4
004fb225	004fb227	3
004fb244	004fb246	3
004fb257	004fb25f	9
004fb288	004fb28f	8
004fb36c	004fb36f	4
004fb449	004fb44b	3
004fb45f	004fb461	3
004fb4ad	004fb4af	3
004fb4cc	004fb4ce	3
004fb4df	004fb4df	1
004fb52a	004fb52f	6
004fb6b4	004fb6bf	12
004fb7a4	004fb7a6	3
004fb7b9	004fb7bb	3
004fb80a	004fb80c	3
004fb828	004fb82a	3
004fb83b	004fb83f	5
004fb8bb	004fb8bf	5
004fba54	004fba5f	12
004fbb44	004fbb46	3
004fbb59	004fbb5b	3
004fbbaa	004fbbac	3
004fbbc8	004fbbca	3
004fbbdb	004fbbdf	5
004fbc5b	004fbc5f	5
004fbdf4	004fbdff	12
004fbed4	004fbed6	3
004fbef3	004fbef5	3
004fbf06	004fbf0f	10
004fc05c	004fc05f	4
004fc134	004fc136	3
004fc153	004fc155	3
004fc166	004fc16f	10
004fc2bc	004fc2bf	4
004fc395	004fc397	3
004fc3b4	004fc3b6	3
004fc3c7	004fc3cf	9
004fc3e2	004fc3ef	14
004fc418	004fc41f	8
004fc4fc	004fc4ff	4
004fc5d5	004fc5d7	3
004fc5f4	004fc5f6	3
004fc607	004fc60f	9
004fc622	004fc62f	14
004fc65e	004fc65f	2
004fc73c	004fc73f	4
004fc815	004fc817	3
004fc834	004fc836	3
004fc847	004fc84f	9
004fc889	004fc88f	7
004fc97c	004fc97f	4
004fca55	004fca57	3
004fca74	004fca76	3
004fca87	004fca8f	9
004fcac9	004fcacf	7
004fcbbc	004fcbbf	4
004fcc95	004fcc97	3
004fccb4	004fccb6	3
004fccc7	004fcccf	9
004fcce2	004fccef	14
004fcd1e	004fcd1f	2
004fcdfc	004fcdff	4
004fced5	004fced7	3
004fcef4	004fcef6	3
004fcf07	004fcf0f	9
004fcf38	004fcf3f	8
004fd01c	004fd01f	4
004fd09f	004fd0a1	3
004fd0be	004fd0c0	3
004fd128	004fd12a	3
004fd147	004fd149	3
004fd1b1	004fd1b3	3
004fd1d0	004fd1d2	3
004fd239	004fd23b	3
004fd258	004fd25a	3
004fd2c2	004fd2c4	3
004fd2e1	004fd2e3	3
004fd34b	004fd34d	3
004fd36a	004fd36c	3
004fd3d3	004fd3d5	3
004fd3f2	004fd3f4	3
004fd45c	004fd45e	3
004fd481	004fd483	3
004fd48a	004fd48f	6
004fd4d1	004fd4df	15
004fd4f2	004fd4ff	14
004fd544	004fd54f	12
004fd594	004fd59f	12
004fd5e4	004fd5ef	12
004fd634	004fd63f	12
004fd684	004fd68f	12
004fd6d4	004fd6df	12
004fd723	004fd72f	13
004fd776	004fd77f	10
004fd7de	004fd7df	2
004fd8ad	004fd8af	3
004fd8c1	004fd8cf	15
004fd9d6	004fd9db	6
004fda44	004fda4f	12
004fdb46	004fdb48	3
004fdbef	004fdbef	1
004fdc6f	004fdc71	3
004fdcb4	004fdcb6	3
004fdcf9	004fdcfb	3
004fdd3e	004fdd40	3
004fdd83	004fdd85	3
004fddcd	004fddcf	3
004fddd6	004fdddf	10
004fdecb	004fdecd	3
004fdeea	004fdeec	3
004fdefd	004fdeff	3
004fdfd2	004fdfdf	14
004fe091	004fe093	3
004fe0a4	004fe0af	12
004fe185	004fe187	3
004fe1a4	004fe1a6	3
004fe1b7	004fe1bf	9
004fe216	004fe21f	10
004fe2af	004fe2af	1
004fe385	004fe387	3
004fe3a4	004fe3a6	3
004fe3b7	004fe3bf	9
004fe416	004fe41f	10
004fe4af	004fe4af	1
004fe585	004fe587	3
004fe5a4	004fe5a6	3
004fe5b7	004fe5bf	9
004fe616	004fe61f	10
004fe6af	004fe6af	1
004fe785	004fe787	3
004fe7a4	004fe7a6	3
004fe7b7	004fe7bf	9
004fe81f	004fe81f	1
004fe8af	004fe8af	1
004fe985	004fe987	3
004fe9a4	004fe9a6	3
004fe9b7	004fe9bf	9
004fea16	004fea1f	10
004feaaf	004feaaf	1
004feb85	004feb87	3
004feba4	004feba6	3
004febb7	004febbf	9
004fec1f	004fec1f	1
004fecaf	004fecaf	1
004fed85	004fed87	3
004feda4	004feda6	3
004fedb7	004fedbf	9
004fee1f	004fee1f	1
004feeaf	004feeaf	1
004fef85	004fef87	3
004fefa4	004fefa6	3
004fefb7	004fefbf	9
004ff01f	004ff01f	1
004ff0af	004ff0af	1
004ff195	004ff197	3
004ff1b4	004ff1b6	3
004ff1c7	004ff1cf	9
004ff259	004ff25f	7
004ff312	004ff31f	14
004ff37b	004ff37f	5
004ff3dd	004ff3df	3
004ff3ec	004ff3ef	4
004ff4a4	004ff4ac	9
004ff4fe	004ff4ff	2
004ff5a3	004ff5af	13
004ff6a1	004ff6a3	3
004ff6c0	004ff6c2	3
004ff6d3	004ff6df	13
004ff774	004ff77f	12
004ff83e	004ff83f	2
004ff931	004ff933	3
004ff950	004ff952	3
004ff963	004ff96f	13
004ffa04	004ffa0f	12
004fface	004ffacf	2
004ffbc1	004ffbc3	3
004ffbe0	004ffbe2	3
004ffbf3	004ffbff	13
004ffc94	004ffc9f	12
004ffd5e	004ffd5f	2
004ffe16	004ffe1f	10
004fff11	004fff13	3
004fff30	004fff32	3
004fff43	004fff4f	13
004fffe4	004fffef	12
005000ae	005000af	2
005001a1	005001a3	3
005001c0	005001c2	3
005001d3	005001df	13
00500274	0050027f	12
0050033e	0050033f	2
00500431	00500433	3
00500450	00500452	3
00500463	0050046f	13
00500504	0050050f	12
005005ce	005005cf	2
005006c1	005006c3	3
005006e0	005006e2	3
005006f3	005006ff	13
00500794	0050079f	12
0050085e	0050085f	2
00500951	00500953	3
00500970	00500972	3
00500983	0050098f	13
00500a24	00500a2f	12
00500aee	00500aef	2
00500be1	00500be3	3
00500c00	00500c02	3
00500c13	00500c1f	13
00500cb4	00500cbf	12
00500d7e	00500d7f	2
00500e71	00500e73	3
00500e90	00500e92	3
00500ea3	00500eaf	13
00500f44	00500f4f	12
0050100e	0050100f	2
00501101	00501103	3
00501120	00501122	3
00501133	0050113f	13
005011d4	005011df	12
0050129e	0050129f	2
00501391	00501393	3
005013b0	005013b2	3
005013c3	005013cf	13
00501464	0050146f	12
0050152e	0050152f	2
00501621	00501623	3
00501640	00501642	3
00501653	0050165f	13
005016f4	005016ff	12
005017be	005017bf	2
00501895	00501897	3
005018b4	005018b6	3
005018c7	005018cf	9
00501926	0050192f	10
005019bf	005019bf	1
00501a95	00501a97	3
00501ab4	00501ab6	3
00501ac7	00501acf	9
00501b26	00501b2f	10
00501bbf	00501bbf	1
00501c95	00501c97	3
00501cb4	00501cb6	3
00501cc7	00501ccf	9
00501d26	00501d2f	10
00501dbf	00501dbf	1
00501e95	00501e97	3
00501eb4	00501eb6	3
00501ec7	00501ecf	9
00501ee2	00501eef	14
00501f46	00501f4f	10
00501fdf	00501fdf	1
005020b5	005020b7	3
005020d4	005020d6	3
005020e7	005020ef	9
00502146	0050214f	10
005021df	005021df	1
005022b5	005022b7	3
005022d4	005022d6	3
005022e7	005022ef	9
00502346	0050234f	10
005023df	005023df	1
005024b5	005024b7	3
005024d4	005024d6	3
005024e7	005024ef	9
00502546	0050254f	10
005025df	005025df	1
005026b5	005026b7	3
005026d4	005026d6	3
005026e7	005026ef	9
00502746	0050274f	10
005027df	005027df	1
005028b5	005028b7	3
005028d4	005028d6	3
005028e7	005028ef	9
00502946	0050294f	10
005029df	005029df	1
00502ab5	00502ab7	3
00502ad4	00502ad6	3
00502ae7	00502aef	9
00502b46	00502b4f	10
00502bdf	00502bdf	1
00502cb5	00502cb7	3
00502cd4	00502cd6	3
00502ce7	00502cef	9
00502d51	00502d5f	15
00502def	00502def	1
00502ec5	00502ec7	3
00502ee4	00502ee6	3
00502ef7	00502eff	9
00502f61	00502f6f	15
00502fff	00502fff	1
005030eb	005030ed	3
0050310a	0050310c	3
0050311d	0050311f	3
00503132	0050313f	14
00503212	0050321f	14
005032cc	005032ce	3
005032df	005032df	1
005033b5	005033b7	3
005033d4	005033d6	3
005033e7	005033ef	9
00503446	0050344f	10
005034df	005034df	1
005035d1	005035d3	3
005035f0	005035f2	3
00503603	0050360f	13
005036a4	005036af	12
0050376e	0050376f	2
00503861	00503863	3
00503880	00503882	3
00503893	0050389f	13
00503934	0050393f	12
005039fe	005039ff	2
00503af1	00503af3	3
00503b10	00503b12	3
00503b23	00503b2f	13
00503bc4	00503bcf	12
00503c8e	00503c8f	2
00503d81	00503d83	3
00503da0	00503da2	3
00503db3	00503dbf	13
00503e54	00503e5f	12
00503f1e	00503f1f	2
00503ff5	00503ff7	3
00504014	00504016	3
00504027	0050402f	9
0050408f	0050408f	1
0050411f	0050411f	1
005041f5	005041f7	3
00504214	00504216	3
00504227	0050422f	9
0050428f	0050428f	1
0050431f	0050431f	1
0050434c	0050434e	3
005043f5	005043f7	3
00504414	00504416	3
00504427	0050442f	9
0050448f	0050448f	1
0050451f	0050451f	1
005045f5	005045f7	3
00504614	00504616	3
00504627	0050462f	9
005046a7	005046af	9
00504752	0050475f	14
00504845	00504847	3
00504864	00504866	3
00504877	0050487f	9
00504909	0050490f	7
005049c2	005049cf	14
00504ab5	00504ab7	3
00504ad4	00504ad6	3
00504ae7	00504aef	9
00504b79	00504b7f	7
00504c32	00504c3f	14
00504d25	00504d27	3
00504d44	00504d46	3
00504d57	00504d5f	9
00504de9	00504def	7
00504ea2	00504eaf	14
00504f95	00504f97	3
00504fb4	00504fb6	3
00504fc7	00504fcf	9
00505059	0050505f	7
00505112	0050511f	14
005051f5	005051f7	3
00505214	00505216	3
00505227	0050522f	9
00505286	0050528f	10
0050531f	0050531f	1
00505342	00505344	3
005053f5	005053f7	3
00505414	00505416	3
00505427	0050542f	9
00505486	0050548f	10
0050551f	0050551f	1
00505611	00505613	3
00505630	00505632	3
00505643	0050564f	13
005056e5	005056ef	11
005057ae	005057af	2
005058a1	005058a3	3
005058c0	005058c2	3
005058d3	005058df	13
00505975	0050597f	11
00505a3e	00505a3f	2
00505b31	00505b33	3
00505b50	00505b52	3
00505b63	00505b6f	13
00505c05	00505c0f	11
00505cce	00505ccf	2
00505dc1	00505dc3	3
00505de0	00505de2	3
00505df3	00505dff	13
00505e95	00505e9f	11
00505f5e	00505f5f	2
00506045	00506047	3
00506064	00506066	3
00506077	0050607f	9
0050610d	0050610f	3
005061c2	005061cf	14
005062b5	005062b7	3
005062d4	005062d6	3
005062e7	005062ef	9
0050637d	0050637f	3
00506432	0050643f	14
00506525	00506527	3
00506544	00506546	3
00506557	0050655f	9
005065ed	005065ef	3
005066a2	005066af	14
0050679b	0050679d	3
005067ba	005067bc	3
005067cd	005067cf	3
005068a2	005068af	14
00506950	00506952	3
00506963	0050696f	13
00506a45	00506a47	3
00506a64	00506a66	3
00506a77	00506a7f	9
00506b5f	00506b5f	1
00506c35	00506c37	3
00506c54	00506c56	3
00506c67	00506c6f	9
00506ccc	00506ccf	4
00506d5f	00506d5f	1
00506e35	00506e37	3
00506e54	00506e56	3
00506e67	00506e6f	9
00506ed4	00506edf	12
00506f6f	00506f6f	1
00507061	00507063	3
00507080	00507082	3
00507093	0050709f	13
0050713b	0050713f	5
005071fe	005071ff	2
005072d5	005072d7	3
005072f4	005072f6	3
00507307	0050730f	9
0050736c	0050736f	4
00507386	00507388	3
0050738f	0050738f	1
0050741f	0050741f	1
0050749b	0050749d	3
005074ec	005074ee	3
0050753d	0050753f	3
00507580	00507582	3
0050772a	0050772c	3
0050773e	0050773f	2
005077f6	005077ff	10
00507912	0050793f	46
00507a15	00507a17	3
00507a34	00507a36	3
00507a47	00507a4f	9
00507aac	00507aaf	4
00507b3f	00507b3f	1
00507c31	00507c33	3
00507c50	00507c52	3
00507c63	00507c6f	13
00507d0b	00507d0f	5
00507dce	00507dcf	2
00507ea5	00507ea7	3
00507ec4	00507ec6	3
00507ed7	00507edf	9
00507f3b	00507f3f	5
00507fcf	00507fcf	1
005080c1	005080c3	3
005080e0	005080e2	3
005080f3	005080ff	13
0050819b	0050819f	5
0050825e	0050825f	2
00508345	00508347	3
00508364	00508366	3
00508377	0050837f	9
0050840d	0050840f	3
005084c2	005084cf	14
005085b5	005085b7	3
005085d4	005085d6	3
005085e7	005085ef	9
0050867d	0050867f	3
00508732	0050873f	14
00508825	00508827	3
00508844	00508846	3
00508857	0050885f	9
005088ed	005088ef	3
005089a2	005089af	14
00508a66	00508a6f	10
00508b61	00508b63	3
00508b80	00508b82	3
00508b93	00508b9f	13
00508c3b	00508c3f	5
00508cfe	00508cff	2
00508df1	00508df3	3
00508e10	00508e12	3
00508e23	00508e2f	13
00508ecb	00508ecf	5
00508f8e	00508f8f	2
005090c7	005090c9	3
005090e6	005090e8	3
005090f9	005090ff	7
0050918d	0050918f	3
0050927d	0050927f	3
005092f5	005092ff	11
0050932a	0050932f	6
005093bc	005093bf	4
00509446	0050944f	10
00509506	0050950f	10
005095a9	005095af	7
005095fe	005095ff	2
0050962f	0050962f	1
00509721	00509723	3
00509740	00509742	3
00509753	0050975f	13
005097fb	005097ff	5
005098be	005098bf	2
005099a5	005099a7	3
005099c4	005099c6	3
005099d7	005099df	9
00509a6d	00509a6f	3
00509b22	00509b2f	14
00509c05	00509c07	3
00509c24	00509c26	3
00509c37	00509c3f	9
00509c52	00509c5f	14
00509cbc	00509cbf	4
00509d4f	00509d4f	1
00509e25	00509e27	3
00509e44	00509e46	3
00509e57	00509e5f	9
00509ebc	00509ebf	4
00509f4f	00509f4f	1
0050a029	0050a02b	3
0050a03f	0050a041	3
0050a08d	0050a08f	3
0050a0ac	0050a0ae	3
0050a0bf	0050a0bf	1
0050a0d2	0050a0df	14
0050a12a	0050a12f	6
0050a226	0050a22f	10
0050a309	0050a30b	3
0050a31f	0050a321	3
0050a36d	0050a36f	3
0050a38c	0050a38e	3
0050a39f	0050a39f	1
0050a3ea	0050a3ef	6
0050a4e6	0050a4ef	10
0050a5c4	0050a5c6	3
0050a5e3	0050a5e5	3
0050a5f6	0050a5ff	10
0050a64a	0050a64f	6
0050a6df	0050a6df	1
0050a7b4	0050a7b6	3
0050a7d3	0050a7d5	3
0050a7e6	0050a7ef	10
0050a83a	0050a83f	6
0050a8cf	0050a8cf	1
0050a9a5	0050a9a7	3
0050a9c4	0050a9c6	3
0050a9d7	0050a9df	9
0050aa6f	0050aa6f	1
0050ab61	0050ab63	3
0050ab80	0050ab82	3
0050ab93	0050ab9f	13
0050ac34	0050ac3f	12
0050acfe	0050acff	2
0050add5	0050add7	3
0050adf4	0050adf6	3
0050ae07	0050ae0f	9
0050ae6f	0050ae6f	1
0050aeff	0050aeff	1
0050afd5	0050afd7	3
0050aff4	0050aff6	3
0050b007	0050b00f	9
0050b06f	0050b06f	1
0050b0ff	0050b0ff	1
0050b1d5	0050b1d7	3
0050b1f4	0050b1f6	3
0050b207	0050b20f	9
0050b222	0050b22f	14
0050b274	0050b27f	12
0050b322	0050b32f	14
0050b411	0050b413	3
0050b426	0050b428	3
0050b477	0050b479	3
0050b495	0050b497	3
0050b4a8	0050b4af	8
0050b5eb	0050b5ef	5
0050b676	0050b678	3
0050b68a	0050b68f	6
0050b771	0050b773	3
0050b786	0050b788	3
0050b7d7	0050b7d9	3
0050b7f5	0050b7f7	3
0050b808	0050b80f	8
0050b854	0050b85f	12
0050b966	0050b96f	10
0050ba51	0050ba53	3
0050ba66	0050ba68	3
0050bab7	0050bab9	3
0050bad5	0050bad7	3
0050bae8	0050baef	8
0050bb34	0050bb3f	12
0050bc79	0050bc7f	7
0050bd61	0050bd63	3
0050bd76	0050bd78	3
0050bdc7	0050bdc9	3
0050bde5	0050bde7	3
0050bdf8	0050bdff	8
0050be36	0050be3f	10
0050bf36	0050bf3f	10
0050c021	0050c023	3
0050c036	0050c038	3
0050c087	0050c089	3
0050c0a5	0050c0a7	3
0050c0b8	0050c0bf	8
0050c10c	0050c10f	4
0050c216	0050c21f	10
0050c301	0050c303	3
0050c316	0050c318	3
0050c367	0050c369	3
0050c385	0050c387	3
0050c398	0050c39f	8
0050c3ec	0050c3ef	4
0050c4f6	0050c4ff	10
0050c5e1	0050c5e3	3
0050c5f6	0050c5f8	3
0050c647	0050c649	3
0050c665	0050c667	3
0050c678	0050c67f	8
0050c6b6	0050c6bf	10
0050c7b6	0050c7bf	10
0050c8a1	0050c8a3	3
0050c8b6	0050c8b8	3
0050c907	0050c909	3
0050c925	0050c927	3
0050c938	0050c93f	8
0050ca7b	0050ca7f	5
0050cb61	0050cb63	3
0050cb76	0050cb78	3
0050cbc7	0050cbc9	3
0050cbe5	0050cbe7	3
0050cbf8	0050cbff	8
0050cc44	0050cc4f	12
0050cd89	0050cd8f	7
0050ce71	0050ce73	3
0050ce86	0050ce88	3
0050ced7	0050ced9	3
0050cef5	0050cef7	3
0050cf08	0050cf0f	8
0050cf22	0050cf2f	14
0050cf74	0050cf7f	12
0050d0b9	0050d0bf	7
0050d1a1	0050d1a3	3
0050d1b6	0050d1b8	3
0050d207	0050d209	3
0050d225	0050d227	3
0050d238	0050d23f	8
0050d276	0050d27f	10
0050d376	0050d37f	10
0050d461	0050d463	3
0050d476	0050d478	3
0050d4c7	0050d4c9	3
0050d4e5	0050d4e7	3
0050d4f8	0050d4ff	8
0050d54c	0050d54f	4
0050d656	0050d65f	10
0050d741	0050d743	3
0050d756	0050d758	3
0050d7a7	0050d7a9	3
0050d7c5	0050d7c7	3
0050d7d8	0050d7df	8
0050d82c	0050d82f	4
0050d936	0050d93f	10
0050da21	0050da23	3
0050da36	0050da38	3
0050da87	0050da89	3
0050daa5	0050daa7	3
0050dab8	0050dabf	8
0050daf6	0050daff	10
0050dbf6	0050dbff	10
0050dcd5	0050dcd7	3
0050dcf4	0050dcf6	3
0050dd07	0050dd0f	9
0050dd38	0050dd3f	8
0050ddcf	0050ddcf	1
0050dea5	0050dea7	3
0050dec4	0050dec6	3
0050ded7	0050dedf	9
0050df08	0050df0f	8
0050df9f	0050df9f	1
0050e075	0050e077	3
0050e094	0050e096	3
0050e0a7	0050e0af	9
0050e0d8	0050e0df	8
0050e16f	0050e16f	1
0050e1ef	0050e1ef	1
0050e222	0050e22f	14
0050e2af	0050e2af	1
0050e2e2	0050e2ef	14
0050e36f	0050e36f	1
0050e3a2	0050e3af	14
0050e42f	0050e42f	1
0050e453	0050e45f	13
0050e535	0050e537	3
0050e554	0050e556	3
0050e567	0050e56f	9
0050e5cd	0050e5cf	3
0050e65f	0050e65f	1
0050e735	0050e737	3
0050e754	0050e756	3
0050e767	0050e76f	9
0050e7c6	0050e7cf	10
0050e85f	0050e85f	1
0050e935	0050e937	3
0050e954	0050e956	3
0050e967	0050e96f	9
0050e9a6	0050e9af	10
0050ea3f	0050ea3f	1
0050eb15	0050eb17	3
0050eb34	0050eb36	3
0050eb47	0050eb4f	9
0050eb8b	0050eb8f	5
0050ec1f	0050ec1f	1
0050ecf5	0050ecf7	3
0050ed14	0050ed16	3
0050ed27	0050ed2f	9
0050ed7d	0050ed7f	3
0050ee0f	0050ee0f	1
0050eee5	0050eee7	3
0050ef04	0050ef06	3
0050ef17	0050ef1f	9
0050ef64	0050ef6f	12
0050efff	0050efff	1
0050f0d5	0050f0d7	3
0050f0f4	0050f0f6	3
0050f107	0050f10f	9
0050f15d	0050f15f	3
0050f1ef	0050f1ef	1
0050f2c5	0050f2c7	3
0050f2e4	0050f2e6	3
0050f2f7	0050f2ff	9
0050f3d2	0050f3df	14
0050f458	0050f45a	3
0050f46c	0050f46f	4
0050f545	0050f547	3
0050f564	0050f566	3
0050f577	0050f57f	9
0050f652	0050f65f	14
0050f6d8	0050f6da	3
0050f6ec	0050f6ef	4
0050f7d1	0050f7d3	3
0050f7e6	0050f7e8	3
0050f837	0050f839	3
0050f855	0050f857	3
0050f868	0050f86f	8
0050f89e	0050f89f	2
0050f996	0050f99f	10
0050fa87	0050fa89	3
0050fa9d	0050fa9f	3
0050faeb	0050faed	3
0050fb01	0050fb03	3
0050fb4f	0050fb51	3
0050fb65	0050fb67	3
0050fbb6	0050fbb8	3
0050fbcc	0050fbce	3
0050fc1d	0050fc1f	3
0050fc3f	0050fc41	3
0050fc55	0050fc5f	11
0050fcbe	0050fcbf	2
0050fefa	0050feff	6
0050ffd5	0050ffd7	3
0050fff4	0050fff6	3
00510007	0051000f	9
00510057	0051005f	9
005100ef	005100ef	1
005101c5	005101c7	3
005101e4	005101e6	3
005101f7	005101ff	9
005102cf	005102cf	1
005103a5	005103a7	3
005103c4	005103c6	3
005103d7	005103df	9
00510421	0051042f	15
005104e5	005104ef	11
0051057f	0051057f	1
00510656	00510658	3
0051066c	0051066e	3
005106ba	005106bc	3
005106d9	005106db	3
005106ec	005106ef	4
00510759	0051075f	7
00510856	0051085f	10
00510894	0051089f	12
0051091f	00510921	3
0051093e	00510940	3
005109a8	005109aa	3
005109c7	005109c9	3
00510a31	00510a33	3
00510a50	00510a52	3
00510ab9	00510abb	3
00510ad8	00510ada	3
00510b42	00510b44	3
00510b61	00510b63	3
00510bcb	00510bcd	3
00510bea	00510bec	3
00510c53	00510c55	3
00510c76	00510c78	3
00510c7f	00510c7f	1
00510c92	00510c9f	14
00510ce4	00510cef	12
00510d34	00510d3f	12
00510d84	00510d8f	12
00510dd4	00510ddf	12
00510e24	00510e2f	12
00510e92	00510e94	3
00510ecf	00510ed1	3
00510f0c	00510f0e	3
00510f49	00510f4b	3
00510f86	00510f88	3
00510fc3	00510fc5	3
00511000	00511002	3
00511045	00511047	3
0051108a	0051108c	3
005110cf	005110d1	3
00511114	00511116	3
00511159	0051115b	3
005111a3	005111a5	3
005111ac	005111af	4
00511245	0051124f	11
00511262	0051126f	14
005112be	005112c0	3
005112cf	005112cf	1
005113a5	005113a7	3
005113c4	005113c6	3
005113d7	005113df	9
00511416	0051141f	10
00511489	0051148f	7
00511597	0051159f	9
0051161f	00511621	3
0051163e	00511640	3
005116a8	005116aa	3
005116c7	005116c9	3
00511731	00511733	3
00511750	00511752	3
005117b9	005117bb	3
005117d8	005117da	3
00511842	00511844	3
00511867	00511869	3
005118b1	005118bf	15
005118d2	005118df	14
0051193e	0051193f	2
00511955	00511957	3
0051195e	0051195f	2
00511968	0051196f	8
0051198a	0051198f	6
005119ee	005119ef	2
00511a05	00511a07	3
00511a0e	00511a0f	2
00511a18	00511a1f	8
00511a7e	00511a7f	2
00511a95	00511a97	3
00511a9e	00511a9f	2
00511aa8	00511aaf	8
00511b0e	00511b0f	2
00511b4c	00511b4f	4
00511b65	00511b67	3
00511b6e	00511b6f	2
00511b78	00511b7f	8
00511b88	00511b8f	8
00511bee	00511bef	2
00511c05	00511c07	3
00511c0e	00511c0f	2
00511c18	00511c1f	8
00511c7e	00511c7f	2
00511c95	00511c97	3
00511c9e	00511c9f	2
00511ca8	00511caf	8
00511d0b	00511d0f	5
00511d15	00511d1f	11
00511d35	00511d37	3
00511d3e	00511d3f	2
00511d48	00511d4f	8
00511dae	00511daf	2
00511dc5	00511dc7	3
00511dce	00511dcf	2
00511dd8	00511ddf	8
00511e3e	00511e3f	2
00511e55	00511e57	3
00511e5e	00511e5f	2
00511e68	00511e6f	8
00511ece	00511ecf	2
00511ee5	00511ee7	3
00511eee	00511eef	2
00511ef8	00511eff	8
00511f5e	00511f5f	2
00511f75	00511f77	3
00511f7e	00511f7f	2
00511f88	00511f8f	8
00511fee	00511fef	2
00512005	00512007	3
0051200e	0051200f	2
00512018	0051201f	8
0051207e	0051207f	2
00512095	00512097	3
0051209e	0051209f	2
005120a8	005120af	8
0051210e	0051210f	2
00512125	00512127	3
0051212e	0051212f	2
00512138	0051213f	8
0051219e	0051219f	2
005121b5	005121b7	3
005121be	005121bf	2
005121c8	005121cf	8
0051222e	0051222f	2
0051225f	0051225f	1
00512275	00512277	3
0051227e	0051227f	2
00512288	0051228f	8
00512298	0051229f	8
005122a8	005122af	8
005122df	005122df	1
005122e8	005122ef	8
005122f8	005122ff	8
00512341	0051234f	15
00512391	0051239f	15
005123e1	005123ef	15
00512431	0051243f	15
00512481	0051248f	15
005124d1	005124df	15
00512521	0051252f	15
00512571	0051257f	15
005125c1	005125cf	15
00512611	0051261f	15
00512661	0051266f	15
005126b1	005126bf	15
00512701	0051270f	15
00512751	0051275f	15
005127a1	005127af	15
005127f1	005127ff	15
00512857	0051286f	25
0051293d	0051293f	3
00512951	0051295f	15
00512a35	00512a37	3
00512a54	00512a56	3
00512a67	00512a6f	9
00512ab6	00512abf	10
00512b29	00512b2f	7
00512bba	00512bbf	6
00512c95	00512c97	3
00512cb4	00512cb6	3
00512cc7	00512ccf	9
00512cde	00512cdf	2
00512dbe	00512dbf	2
00512e23	00512e25	3
00512e36	00512e3f	10
00512f15	00512f17	3
00512f34	00512f36	3
00512f47	00512f4f	9
0051302e	0051302f	2
00513093	00513095	3
005130a6	005130af	10
00513185	00513187	3
005131a4	005131a6	3
005131b7	005131bf	9
005131ef	005131ef	1
00513289	0051328f	7
00513365	00513367	3
00513384	00513386	3
00513397	0051339f	9
005133c3	005133cf	13
00513405	0051340f	11
005134a9	005134af	7
00513585	00513587	3
005135a4	005135a6	3
005135b7	005135bf	9
005135f5	005135ff	11
00513699	0051369f	7
00513775	00513777	3
00513794	00513796	3
005137a7	005137af	9
005137e5	005137ef	11
00513889	0051388f	7
00513965	00513967	3
00513984	00513986	3
00513997	0051399f	9
005139d6	005139df	10
00513a79	00513a7f	7
00513aff	00513b01	3
00513b1e	00513b20	3
00513b86	00513b88	3
00513ba5	00513ba7	3
00513c0d	00513c0f	3
00513c2c	00513c2e	3
00513c94	00513c96	3
00513cb3	00513cb5	3
00513d1b	00513d1d	3
00513d3a	00513d3c	3
00513da2	00513da4	3
00513dc1	00513dc3	3
00513e29	00513e2b	3
00513e48	00513e4a	3
00513eb0	00513eb2	3
00513ecf	00513ed1	3
00513f37	00513f39	3
00513f56	00513f58	3
00513fbe	00513fc0	3
00513fdd	00513fdf	3
00514045	00514047	3
00514064	00514066	3
005140cc	005140ce	3
005140eb	005140ed	3
00514153	00514155	3
00514172	00514174	3
005141cc	005141ce	3
005141eb	005141ed	3
00514245	00514247	3
00514264	00514266	3
005142be	005142c0	3
005142dd	005142df	3
00514337	00514339	3
0051435a	0051435c	3
00514363	0051436f	13
00514382	0051438f	14
005143d4	005143df	12
00514424	0051442f	12
00514474	0051447f	12
005144c4	005144cf	12
00514514	0051451f	12
00514564	0051456f	12
005145b4	005145bf	12
00514604	0051460f	12
00514654	0051465f	12
005146a4	005146af	12
005146f4	005146ff	12
00514744	0051474f	12
00514794	0051479f	12
005147e4	005147ef	12
00514834	0051483f	12
00514884	0051488f	12
005148d4	005148df	12
00514924	0051492f	12
00514974	0051497f	12
005149c4	005149cf	12
00514bbb	00514bbd	3
00514bcf	00514bcf	1
00514df7	00514df9	3
00514e0b	00514e0f	5
00514fab	00514fad	3
00514fbf	00514fbf	1
005150bb	005150bd	3
005150cf	005150cf	1
00515207	00515209	3
0051521b	0051521f	5
00515762	00515764	3
00515776	0051577f	10
00515d01	00515d03	3
00515d15	00515d1f	11
00515dc3	00515def	45
005160e3	005160e5	3
005160f7	005160ff	9
0051616b	0051616d	3
005161b0	005161b2	3
005161f5	005161f7	3
0051623a	0051623c	3
0051627f	00516281	3
005162c4	005162c6	3
00516309	0051630b	3
0051634e	00516350	3
00516393	00516395	3
005163d8	005163da	3
0051641d	0051641f	3
00516462	00516464	3
005164a6	005164a8	3
005164ea	005164ec	3
0051652f	00516531	3
00516574	00516576	3
005165b9	005165bb	3
005165fd	005165ff	3
00516642	00516644	3
00516687	00516689	3
005166c4	005166c6	3
005166fe	00516700	3
00516738	0051673a	3
00516775	00516777	3
005167b1	005167b3	3
005167ee	005167f0	3
0051682b	0051682d	3
00516868	0051686a	3
005168a5	005168a7	3
005168d4	005168d6	3
00516903	00516905	3
00516932	00516934	3
00516961	00516963	3
00516990	00516992	3
005169bf	005169c1	3
005169ee	005169f0	3
00516a1d	00516a1f	3
00516a4c	00516a4e	3
00516a78	00516a7a	3
00516aa7	00516aa9	3
00516ad6	00516ad8	3
00516b05	00516b07	3
00516b34	00516b36	3
00516b60	00516b62	3
00516b8f	00516b91	3
00516bbe	00516bc0	3
00516bed	00516bef	3
00516c1c	00516c1e	3
00516c4b	00516c4d	3
00516c77	00516c79	3
00516ca6	00516ca8	3
00516cd5	00516cd7	3
00516d04	00516d06	3
00516d33	00516d35	3
00516d62	00516d64	3
00516d91	00516d93	3
00516dbd	00516dbf	3
00516de9	00516deb	3
00516e18	00516e1a	3
00516e47	00516e49	3
00516e76	00516e78	3
00516ea5	00516ea7	3
00516ed1	00516ed3	3
00516f00	00516f02	3
00516f2f	00516f31	3
00516f5e	00516f60	3
00516f8d	00516f8f	3
00516fbc	00516fbe	3
00516feb	00516fed	3
0051701a	0051701c	3
0051704e	00517050	3
0051705c	0051705f	4
00517135	00517137	3
00517154	00517156	3
00517167	0051716f	9
0051717c	0051717f	4
005171ae	005171af	2
00517203	0051720f	13
00517279	0051727f	7
00517355	00517357	3
00517374	00517376	3
00517387	0051738f	9
00517423	0051742f	13
00517565	00517567	3
00517584	00517586	3
00517597	0051759f	9
005175ff	005175ff	1
00517735	00517737	3
00517754	00517756	3
00517767	0051776f	9
005177c3	005177cf	13
005178af	005178af	1
005178fe	005178ff	2
005179d5	005179d7	3
005179f4	005179f6	3
00517a07	00517a0f	9
00517abf	00517abf	1
00517b33	00517b3f	13
00517c15	00517c17	3
00517c34	00517c36	3
00517c47	00517c4f	9
00517c81	00517c8f	15
00517d1e	00517d1f	2
00517e55	00517e57	3
00517e74	00517e76	3
00517e87	00517e8f	9
00517e9c	00517e9f	4
00517ece	00517ecf	2
00517f35	00517f3f	11
00518075	00518077	3
00518094	00518096	3
005180a7	005180af	9
0051811a	0051811f	6
00518261	00518263	3
00518276	00518278	3
005182c7	005182c9	3
005182e5	005182e7	3
005182f8	005182ff	8
00518460	00518462	3
00518473	0051847f	13
00518555	00518557	3
00518574	00518576	3
00518587	0051858f	9
005185c1	005185cf	15
00518673	0051867f	13
0051870b	0051870d	3
0051871e	0051871f	2
00518801	00518803	3
00518816	00518818	3
00518867	00518869	3
00518885	00518887	3
00518898	0051889f	8
00518972	0051897f	14
00518a16	00518a18	3
00518a29	00518a2f	7
00518aaf	00518aaf	1
00518ab3	00518abf	13
00518b0a	00518b0f	6
00518b8f	00518b8f	1
00518b9c	00518b9f	4
00518bce	00518bcf	2
00518c1a	00518c1f	6
00518cf5	00518cf7	3
00518d14	00518d16	3
00518d27	00518d2f	9
00518d66	00518d6f	10
00518ea5	00518ea7	3
00518ec4	00518ec6	3
00518ed7	00518edf	9
00518f83	00518f8f	13
00518ffa	00518ffc	3
0051900d	0051900f	3
005190f1	005190f3	3
00519106	00519108	3
00519157	00519159	3
00519175	00519177	3
00519188	0051918f	8
005192d0	005192d2	3
005192e3	005192ef	13
005193d1	005193d3	3
005193e6	005193e8	3
00519437	00519439	3
00519455	00519457	3
00519468	0051946f	8
005194b5	005194bf	11
0051955f	0051955f	1
00519648	0051964a	3
0051965e	00519660	3
005196ac	005196ae	3
005196c2	005196c4	3
00519714	00519716	3
0051972a	0051972c	3
00519783	00519785	3
005197a4	005197a6	3
005197ba	005197bf	6
005198f5	005198ff	11
0051998c	0051998e	3
0051999f	0051999f	1
00519a75	00519a77	3
00519a94	00519a96	3
00519aa7	00519aaf	9
00519ad8	00519adf	8
00519c15	00519c17	3
00519c34	00519c36	3
00519c47	00519c4f	9
00519c62	00519c6f	14
00519c9e	00519c9f	2
00519dd5	00519dd7	3
00519df4	00519df6	3
00519e07	00519e0f	9
00519f81	00519f83	3
00519f96	00519f98	3
00519fe7	00519fe9	3
0051a005	0051a007	3
0051a018	0051a01f	8
0051a0f2	0051a0ff	14
0051a172	0051a174	3
0051a185	0051a18f	11
0051a266	0051a268	3
0051a27c	0051a27e	3
0051a2ca	0051a2cc	3
0051a2e9	0051a2eb	3
0051a2fc	0051a2ff	4
0051a347	0051a34f	9
0051a3df	0051a3df	1
0051a4b6	0051a4b8	3
0051a4cc	0051a4ce	3
0051a51a	0051a51c	3
0051a539	0051a53b	3
0051a54c	0051a54f	4
0051a597	0051a59f	9
0051a62f	0051a62f	1
0051a706	0051a708	3
0051a71c	0051a71e	3
0051a76a	0051a76c	3
0051a789	0051a78b	3
0051a79c	0051a79f	4
0051a7e7	0051a7ef	9
0051a87f	0051a87f	1
0051a955	0051a957	3
0051a974	0051a976	3
0051a987	0051a98f	9
0051a9be	0051a9bf	2
0051aaf5	0051aaf7	3
0051ab14	0051ab16	3
0051ab27	0051ab2f	9
0051ab5e	0051ab5f	2
0051ac95	0051ac97	3
0051acb4	0051acb6	3
0051acc7	0051accf	9
0051acfe	0051acff	2
0051ae35	0051ae37	3
0051ae54	0051ae56	3
0051ae67	0051ae6f	9
0051ae9e	0051ae9f	2
0051afd5	0051afd7	3
0051aff4	0051aff6	3
0051b007	0051b00f	9
0051b03e	0051b03f	2
0051b175	0051b177	3
0051b194	0051b196	3
0051b1a7	0051b1af	9
0051b1de	0051b1df	2
0051b315	0051b317	3
0051b334	0051b336	3
0051b347	0051b34f	9
0051b37e	0051b37f	2
0051b4b5	0051b4b7	3
0051b4d4	0051b4d6	3
0051b4e7	0051b4ef	9
0051b567	0051b56f	9
0051b5e3	0051b5ef	13
0051b6c5	0051b6c7	3
0051b6e4	0051b6e6	3
0051b6f7	0051b6ff	9
0051b72e	0051b72f	2
0051b865	0051b867	3
0051b884	0051b886	3
0051b897	0051b89f	9
0051b8ce	0051b8cf	2
0051ba05	0051ba07	3
0051ba24	0051ba26	3
0051ba37	0051ba3f	9
0051ba6e	0051ba6f	2
0051bba5	0051bba7	3
0051bbc4	0051bbc6	3
0051bbd7	0051bbdf	9
0051bc39	0051bc3f	7
0051bd75	0051bd77	3
0051bd94	0051bd96	3
0051bda7	0051bdaf	9
0051be0f	0051be0f	1
0051bf45	0051bf47	3
0051bf64	0051bf66	3
0051bf77	0051bf7f	9
0051c023	0051c02f	13
0051c105	0051c107	3
0051c124	0051c126	3
0051c137	0051c13f	9
0051c19f	0051c19f	1
0051c2d5	0051c2d7	3
0051c2f4	0051c2f6	3
0051c307	0051c30f	9
0051c3b3	0051c3bf	13
0051c42a	0051c42c	3
0051c43d	0051c43f	3
0051c515	0051c517	3
0051c534	0051c536	3
0051c547	0051c54f	9
0051c5f3	0051c5ff	13
0051c66a	0051c66c	3
0051c67d	0051c67f	3
0051c755	0051c757	3
0051c774	0051c776	3
0051c787	0051c78f	9
0051c833	0051c83f	13
0051c8aa	0051c8ac	3
0051c8bd	0051c8bf	3
0051c992	0051c994	3
0051c9a8	0051c9aa	3
0051c9f2	0051c9f4	3
0051ca11	0051ca13	3
0051ca24	0051ca2f	12
0051ca42	0051ca4f	14
0051cb62	0051cb6f	14
0051cc05	0051cc07	3
0051cc29	0051cc2b	3
0051cc3c	0051cc3f	4
0051cd15	0051cd17	3
0051cd34	0051cd36	3
0051cd47	0051cd4f	9
0051cdf3	0051cdff	13
0051ce6a	0051ce6c	3
0051ce7d	0051ce7f	3
0051cf55	0051cf57	3
0051cf74	0051cf76	3
0051cf87	0051cf8f	9
0051cfd4	0051cfdf	12
0051d053	0051d05f	13
0051d135	0051d137	3
0051d154	0051d156	3
0051d167	0051d16f	9
0051d19e	0051d19f	2
0051d2d5	0051d2d7	3
0051d2f4	0051d2f6	3
0051d307	0051d30f	9
0051d354	0051d35f	12
0051d3d3	0051d3df	13
0051d4b5	0051d4b7	3
0051d4d4	0051d4d6	3
0051d4e7	0051d4ef	9
0051d523	0051d52f	13
0051d5a3	0051d5af	13
0051d691	0051d693	3
0051d6a7	0051d6a9	3
0051d6f5	0051d6f7	3
0051d70b	0051d70d	3
0051d759	0051d75b	3
0051d77b	0051d77d	3
0051d791	0051d79f	15
0051d8cb	0051d8cf	5
0051d976	0051d978	3
0051d989	0051d98f	7
0051da65	0051da67	3
0051da84	0051da86	3
0051da97	0051da9f	9
0051db43	0051db4f	13
0051dbc2	0051dbc4	3
0051dbd5	0051dbdf	11
0051dcb5	0051dcb7	3
0051dcd4	0051dcd6	3
0051dce7	0051dcef	9
0051dd55	0051dd5f	11
0051de95	0051de97	3
0051deb4	0051deb6	3
0051dec7	0051decf	9
0051df2f	0051df2f	1
0051e065	0051e067	3
0051e084	0051e086	3
0051e097	0051e09f	9
0051e0b2	0051e0bf	14
0051e11f	0051e11f	1
0051e255	0051e257	3
0051e274	0051e276	3
0051e287	0051e28f	9
0051e2f8	0051e2ff	8
0051e435	0051e437	3
0051e454	0051e456	3
0051e467	0051e46f	9
0051e4d5	0051e4df	11
0051e615	0051e617	3
0051e634	0051e636	3
0051e647	0051e64f	9
0051e6b5	0051e6bf	11
0051e7f5	0051e7f7	3
0051e814	0051e816	3
0051e827	0051e82f	9
0051e886	0051e88f	10
0051e9cc	0051e9ce	3
0051e9e2	0051e9e4	3
0051ea30	0051ea32	3
0051ea46	0051ea48	3
0051ea94	0051ea96	3
0051eaaa	0051eaac	3
0051eafb	0051eafd	3
0051eb1d	0051eb1f	3
0051eb33	0051eb3f	13
0051ec94	0051ec9f	12
0051ed7c	0051ed7e	3
0051ed92	0051ed94	3
0051ede0	0051ede2	3
0051edf6	0051edf8	3
0051ee44	0051ee46	3
0051ee5a	0051ee5c	3
0051eeab	0051eead	3
0051eecd	0051eecf	3
0051eee3	0051eeef	13
0051f044	0051f04f	12
0051f129	0051f12b	3
0051f13f	0051f141	3
0051f18d	0051f18f	3
0051f1a3	0051f1a5	3
0051f1f1	0051f1f3	3
0051f213	0051f215	3
0051f229	0051f22f	7
0051f282	0051f28f	14
0051f42c	0051f42e	3
0051f442	0051f444	3
0051f490	0051f492	3
0051f4a6	0051f4a8	3
0051f4f4	0051f4f6	3
0051f50a	0051f50c	3
0051f55b	0051f55d	3
0051f57d	0051f57f	3
0051f593	0051f59f	13
0051f60d	0051f60f	3
0051f704	0051f70f	12
0051f7e5	0051f7e7	3
0051f804	0051f806	3
0051f817	0051f81f	9
0051f87f	0051f87f	1
0051f9b5	0051f9b7	3
0051f9d4	0051f9d6	3
0051f9e7	0051f9ef	9
0051fa02	0051fa0f	14
0051fa6f	0051fa6f	1
0051fba5	0051fba7	3
0051fbc4	0051fbc6	3
0051fbd7	0051fbdf	9
0051fc3f	0051fc3f	1
0051fd75	0051fd77	3
0051fd94	0051fd96	3
0051fda7	0051fdaf	9
0051fe0f	0051fe0f	1
0051ff45	0051ff47	3
0051ff64	0051ff66	3
0051ff77	0051ff7f	9
0051ffdf	0051ffdf	1
00520115	00520117	3
00520134	00520136	3
00520147	0052014f	9
005201af	005201af	1
005202f1	005202f3	3
00520306	00520308	3
00520357	00520359	3
00520375	00520377	3
00520388	0052038f	8
0052048d	0052048f	3
00520535	00520537	3
00520548	0052054f	8
0052063b	0052063d	3
0052065a	0052065c	3
0052066d	0052066f	3
00520713	0052071f	13
005207d1	005207d3	3
005207e4	005207ef	12
005208db	005208dd	3
005208fa	005208fc	3
0052090d	0052090f	3
005209b3	005209bf	13
00520a71	00520a73	3
00520a84	00520a8f	12
00520b7b	00520b7d	3
00520b9a	00520b9c	3
00520bad	00520baf	3
00520c53	00520c5f	13
00520d11	00520d13	3
00520d24	00520d2f	12
00520e1b	00520e1d	3
00520e3a	00520e3c	3
00520e4d	00520e4f	3
00520ef3	00520eff	13
00520fb1	00520fb3	3
00520fc4	00520fcf	12
0052105b	0052105f	5
0052114b	0052114d	3
0052116a	0052116c	3
0052117d	0052117f	3
00521223	0052122f	13
005212e1	005212e3	3
005212f4	005212ff	12
005213d5	005213d7	3
005213f4	005213f6	3
00521407	0052140f	9
00521487	0052148f	9
00521503	0052150f	13
005215e5	005215e7	3
00521604	00521606	3
00521617	0052161f	9
00521697	0052169f	9
00521713	0052171f	13
005217f5	005217f7	3
00521814	00521816	3
00521827	0052182f	9
00521886	0052188f	10
005219c5	005219c7	3
005219e4	005219e6	3
005219f7	005219ff	9
00521a56	00521a5f	10
00521b95	00521b97	3
00521bb4	00521bb6	3
00521bc7	00521bcf	9
00521c26	00521c2f	10
00521d65	00521d67	3
00521d84	00521d86	3
00521d97	00521d9f	9
00521dfb	00521dff	5
00521f35	00521f37	3
00521f54	00521f56	3
00521f67	00521f6f	9
00521fc6	00521fcf	10
00522105	00522107	3
00522124	00522126	3
00522137	0052213f	9
00522275	00522277	3
00522294	00522296	3
005222a7	005222af	9
00522306	0052230f	10
00522445	00522447	3
00522464	00522466	3
00522477	0052247f	9
005224d6	005224df	10
00522615	00522617	3
00522634	00522636	3
00522647	0052264f	9
005226a6	005226af	10
005227e5	005227e7	3
00522804	00522806	3
00522817	0052281f	9
0052287f	0052287f	1
005229b5	005229b7	3
005229d4	005229d6	3
005229e7	005229ef	9
00522a4f	00522a4f	1
00522b85	00522b87	3
00522ba4	00522ba6	3
00522bb7	00522bbf	9
00522c1f	00522c1f	1
00522d55	00522d57	3
00522d74	00522d76	3
00522d87	00522d8f	9
00522def	00522def	1
00522f25	00522f27	3
00522f44	00522f46	3
00522f57	00522f5f	9
00522fb6	00522fbf	10
005230f5	005230f7	3
00523114	00523116	3
00523127	0052312f	9
00523186	0052318f	10
00523277	0052327f	9
00523355	00523357	3
00523374	00523376	3
00523387	0052338f	9
005233e6	005233ef	10
00523525	00523527	3
00523544	00523546	3
00523557	0052355f	9
005235b6	005235bf	10
005236f5	005236f7	3
00523714	00523716	3
00523727	0052372f	9
00523786	0052378f	10
005238c5	005238c7	3
005238e4	005238e6	3
005238f7	005238ff	9
00523956	0052395f	10
00523a95	00523a97	3
00523ab4	00523ab6	3
00523ac7	00523acf	9
00523b26	00523b2f	10
00523c65	00523c67	3
00523c84	00523c86	3
00523c97	00523c9f	9
00523d17	00523d1f	9
00523d93	00523d9f	13
00523e75	00523e77	3
00523e94	00523e96	3
00523ea7	00523eaf	9
00523f0f	00523f0f	1
00523ff7	00523fff	9
005240d5	005240d7	3
005240f4	005240f6	3
00524107	0052410f	9
00524122	0052412f	14
0052418f	0052418f	1
005242c5	005242c7	3
005242e4	005242e6	3
005242f7	005242ff	9
0052435f	0052435f	1
00524495	00524497	3
005244b4	005244b6	3
005244c7	005244cf	9
00524526	0052452f	10
00524665	00524667	3
00524684	00524686	3
00524697	0052469f	9
005246ff	005246ff	1
00524835	00524837	3
00524854	00524856	3
00524867	0052486f	9
005248cf	005248cf	1
00524a05	00524a07	3
00524a24	00524a26	3
00524a37	00524a3f	9
00524ab7	00524abf	9
00524b33	00524b3f	13
00524c15	00524c17	3
00524c34	00524c36	3
00524c47	00524c4f	9
00524cc7	00524ccf	9
00524d43	00524d4f	13
00524e25	00524e27	3
00524e44	00524e46	3
00524e57	00524e5f	9
00524eb6	00524ebf	10
00524ff5	00524ff7	3
00525014	00525016	3
00525027	0052502f	9
005250ac	005250af	4
005251e5	005251e7	3
00525204	00525206	3
00525217	0052521f	9
00525276	0052527f	10
005253cb	005253cd	3
005253ea	005253ec	3
005253fd	005253ff	3
00525418	0052541a	3
00525446	00525448	3
0052544f	0052544f	1
005254f3	005254ff	13
00525560	00525562	3
005255fc	005255fe	3
005256fb	005256fd	3
0052571a	0052571c	3
0052572d	0052572f	3
005257d3	005257df	13
00525840	00525842	3
005258dc	005258de	3
005259db	005259dd	3
005259fa	005259fc	3
00525a0d	00525a0f	3
00525ab3	00525abf	13
00525b20	00525b22	3
00525bbc	00525bbe	3
00525ca5	00525ca7	3
00525cc4	00525cc6	3
00525cd7	00525cdf	9
00525d36	00525d3f	10
00525e75	00525e77	3
00525e94	00525e96	3
00525ea7	00525eaf	9
00525ed8	00525edf	8
00526015	00526017	3
00526034	00526036	3
00526047	0052604f	9
00526078	0052607f	8
005261cb	005261cd	3
005261ea	005261ec	3
005261fd	005261ff	3
005262a3	005262af	13
00526310	00526312	3
005263ac	005263ae	3
005264ab	005264ad	3
005264ca	005264cc	3
005264dd	005264df	3
00526583	0052658f	13
005265f0	005265f2	3
0052668c	0052668e	3
0052678b	0052678d	3
005267aa	005267ac	3
005267bd	005267bf	3
00526863	0052686f	13
005268d0	005268d2	3
0052696c	0052696e	3
00526a55	00526a57	3
00526a74	00526a76	3
00526a87	00526a8f	9
00526ae6	00526aef	10
00526c25	00526c27	3
00526c44	00526c46	3
00526c57	00526c5f	9
00526cb6	00526cbf	10
00526df5	00526df7	3
00526e14	00526e16	3
00526e27	00526e2f	9
00526e86	00526e8f	10
00526fc5	00526fc7	3
00526fe4	00526fe6	3
00526ff7	00526fff	9
00527056	0052705f	10
00527195	00527197	3
005271b4	005271b6	3
005271c7	005271cf	9
00527226	0052722f	10
00527365	00527367	3
00527384	00527386	3
00527397	0052739f	9
005273f6	005273ff	10
00527535	00527537	3
00527554	00527556	3
00527567	0052756f	9
005275cf	005275cf	1
00527705	00527707	3
00527724	00527726	3
00527737	0052773f	9
0052779f	0052779f	1
005278d5	005278d7	3
005278f4	005278f6	3
00527907	0052790f	9
0052796f	0052796f	1
00527aa5	00527aa7	3
00527ac4	00527ac6	3
00527ad7	00527adf	9
00527b3f	00527b3f	1
00527c75	00527c77	3
00527c94	00527c96	3
00527ca7	00527caf	9
00527d1b	00527d1f	5
00527e55	00527e57	3
00527e74	00527e76	3
00527e87	00527e8f	9
00527ee6	00527eef	10
00528025	00528027	3
00528044	00528046	3
00528057	0052805f	9
005280b6	005280bf	10
005281f5	005281f7	3
00528214	00528216	3
00528227	0052822f	9
0052828f	0052828f	1
005283c5	005283c7	3
005283e4	005283e6	3
005283f7	005283ff	9
00528456	0052845f	10
00528595	00528597	3
005285b4	005285b6	3
005285c7	005285cf	9
00528626	0052862f	10
00528765	00528767	3
00528784	00528786	3
00528797	0052879f	9
005287ff	005287ff	1
00528935	00528937	3
00528954	00528956	3
00528967	0052896f	9
005289c6	005289cf	10
00528b09	00528b0b	3
00528b1f	00528b21	3
00528b6d	00528b6f	3
00528b83	00528b85	3
00528bd1	00528bd3	3
00528bf3	00528bf5	3
00528c09	00528c0f	7
00528c62	00528c6f	14
00528e05	00528e07	3
00528e24	00528e26	3
00528e37	00528e3f	9
00528fa5	00528fa7	3
00528fc4	00528fc6	3
00528fd7	00528fdf	9
0052903f	0052903f	1
00529175	00529177	3
00529194	00529196	3
005291a7	005291af	9
005291f1	005291ff	15
0052928b	0052928f	5
00529365	00529367	3
00529384	00529386	3
00529397	0052939f	9
005293e1	005293ef	15
0052947b	0052947f	5
00529555	00529557	3
00529574	00529576	3
00529587	0052958f	9
005295b8	005295bf	8
005296f5	005296f7	3
00529714	00529716	3
00529727	0052972f	9
00529758	0052975f	8
00529895	00529897	3
005298b4	005298b6	3
005298c7	005298cf	9
00529926	0052992f	10
00529a65	00529a67	3
00529a84	00529a86	3
00529a97	00529a9f	9
00529af6	00529aff	10
00529c35	00529c37	3
00529c54	00529c56	3
00529c67	00529c6f	9
00529cc6	00529ccf	10
00529e05	00529e07	3
00529e24	00529e26	3
00529e37	00529e3f	9
00529e96	00529e9f	10
00529fd5	00529fd7	3
00529ff4	00529ff6	3
0052a007	0052a00f	9
0052a06f	0052a06f	1
0052a1a5	0052a1a7	3
0052a1c4	0052a1c6	3
0052a1d7	0052a1df	9
0052a23f	0052a23f	1
0052a375	0052a377	3
0052a394	0052a396	3
0052a3a7	0052a3af	9
0052a40f	0052a40f	1
0052a551	0052a553	3
0052a566	0052a568	3
0052a5b7	0052a5b9	3
0052a5d5	0052a5d7	3
0052a5e8	0052a5ef	8
0052a6a1	0052a6af	15
0052a785	0052a787	3
0052a7a4	0052a7a6	3
0052a7b7	0052a7bf	9
0052a863	0052a86f	13
0052a8da	0052a8dc	3
0052a8ed	0052a8ef	3
0052a9c5	0052a9c7	3
0052a9e4	0052a9e6	3
0052a9f7	0052a9ff	9
0052aa56	0052aa5f	10
0052abab	0052abad	3
0052abca	0052abcc	3
0052abdd	0052abdf	3
0052ac83	0052ac8f	13
0052acf0	0052acf2	3
0052ad8c	0052ad8e	3
0052ae8b	0052ae8d	3
0052aeaa	0052aeac	3
0052aebd	0052aebf	3
0052af63	0052af6f	13
0052afd0	0052afd2	3
0052b06c	0052b06e	3
0052b155	0052b157	3
0052b174	0052b176	3
0052b187	0052b18f	9
0052b1e6	0052b1ef	10
0052b325	0052b327	3
0052b344	0052b346	3
0052b357	0052b35f	9
0052b3b6	0052b3bf	10
0052b4f5	0052b4f7	3
0052b514	0052b516	3
0052b527	0052b52f	9
0052b586	0052b58f	10
0052b6c5	0052b6c7	3
0052b6e4	0052b6e6	3
0052b6f7	0052b6ff	9
0052b756	0052b75f	10
0052b895	0052b897	3
0052b8b4	0052b8b6	3
0052b8c7	0052b8cf	9
0052b926	0052b92f	10
0052ba65	0052ba67	3
0052ba84	0052ba86	3
0052ba97	0052ba9f	9
0052baff	0052baff	1
0052bc35	0052bc37	3
0052bc54	0052bc56	3
0052bc67	0052bc6f	9
0052bcc6	0052bccf	10
0052be05	0052be07	3
0052be24	0052be26	3
0052be37	0052be3f	9
0052be96	0052be9f	10
0052bfd5	0052bfd7	3
0052bff4	0052bff6	3
0052c007	0052c00f	9
0052c066	0052c06f	10
0052c1a5	0052c1a7	3
0052c1c4	0052c1c6	3
0052c1d7	0052c1df	9
0052c236	0052c23f	10
0052c375	0052c377	3
0052c394	0052c396	3
0052c3a7	0052c3af	9
0052c40f	0052c40f	1
0052c545	0052c547	3
0052c564	0052c566	3
0052c577	0052c57f	9
0052c5df	0052c5df	1
0052c715	0052c717	3
0052c734	0052c736	3
0052c747	0052c74f	9
0052c7af	0052c7af	1
0052c8e5	0052c8e7	3
0052c904	0052c906	3
0052c917	0052c91f	9
0052c97f	0052c97f	1
0052cab5	0052cab7	3
0052cad4	0052cad6	3
0052cae7	0052caef	9
0052cb4f	0052cb4f	1
0052cc85	0052cc87	3
0052cca4	0052cca6	3
0052ccb7	0052ccbf	9
0052cd1f	0052cd1f	1
0052ce55	0052ce57	3
0052ce74	0052ce76	3
0052ce87	0052ce8f	9
0052cefc	0052ceff	4
0052d035	0052d037	3
0052d054	0052d056	3
0052d067	0052d06f	9
0052d0c6	0052d0cf	10
0052d205	0052d207	3
0052d224	0052d226	3
0052d237	0052d23f	9
0052d296	0052d29f	10
0052d3d5	0052d3d7	3
0052d3f4	0052d3f6	3
0052d407	0052d40f	9
0052d46f	0052d46f	1
0052d5a5	0052d5a7	3
0052d5c4	0052d5c6	3
0052d5d7	0052d5df	9
0052d63f	0052d63f	1
0052d775	0052d777	3
0052d794	0052d796	3
0052d7a7	0052d7af	9
0052d7c2	0052d7cf	14
0052d826	0052d82f	10
0052d965	0052d967	3
0052d984	0052d986	3
0052d997	0052d99f	9
0052d9f6	0052d9ff	10
0052db35	0052db37	3
0052db54	0052db56	3
0052db67	0052db6f	9
0052dbc6	0052dbcf	10
0052dd05	0052dd07	3
0052dd24	0052dd26	3
0052dd37	0052dd3f	9
0052dd52	0052dd5f	14
0052dda1	0052ddaf	15
0052de3b	0052de3f	5
0052df15	0052df17	3
0052df34	0052df36	3
0052df47	0052df4f	9
0052df91	0052df9f	15
0052e02b	0052e02f	5
0052e114	0052e116	3
0052e12a	0052e12c	3
0052e178	0052e17a	3
0052e18e	0052e190	3
0052e1dc	0052e1de	3
0052e1f2	0052e1f4	3
0052e243	0052e245	3
0052e265	0052e267	3
0052e27b	0052e27f	5
0052e3b5	0052e3bf	11
0052e495	0052e497	3
0052e4b4	0052e4b6	3
0052e4c7	0052e4cf	9
0052e573	0052e57f	13
0052e61c	0052e61e	3
0052e62f	0052e62f	1
0052e705	0052e707	3
0052e724	0052e726	3
0052e737	0052e73f	9
0052e875	0052e877	3
0052e894	0052e896	3
0052e8a7	0052e8af	9
0052e906	0052e90f	10
0052ea45	0052ea47	3
0052ea64	0052ea66	3
0052ea77	0052ea7f	9
0052ead6	0052eadf	10
0052ec15	0052ec17	3
0052ec34	0052ec36	3
0052ec47	0052ec4f	9
0052eca6	0052ecaf	10
0052ede5	0052ede7	3
0052ee04	0052ee06	3
0052ee17	0052ee1f	9
0052ee7f	0052ee7f	1
0052efb5	0052efb7	3
0052efd4	0052efd6	3
0052efe7	0052efef	9
0052f046	0052f04f	10
0052f185	0052f187	3
0052f1a4	0052f1a6	3
0052f1b7	0052f1bf	9
0052f216	0052f21f	10
0052f355	0052f357	3
0052f374	0052f376	3
0052f387	0052f38f	9
0052f3e6	0052f3ef	10
0052f525	0052f527	3
0052f544	0052f546	3
0052f557	0052f55f	9
0052f5b6	0052f5bf	10
0052f6f5	0052f6f7	3
0052f714	0052f716	3
0052f727	0052f72f	9
0052f78f	0052f78f	1
0052f8c5	0052f8c7	3
0052f8e4	0052f8e6	3
0052f8f7	0052f8ff	9
0052f956	0052f95f	10
0052fa95	0052fa97	3
0052fab4	0052fab6	3
0052fac7	0052facf	9
0052fb2f	0052fb2f	1
0052fc65	0052fc67	3
0052fc84	0052fc86	3
0052fc97	0052fc9f	9
0052fcff	0052fcff	1
0052fe35	0052fe37	3
0052fe54	0052fe56	3
0052fe67	0052fe6f	9
0052fecf	0052fecf	1
00530005	00530007	3
00530024	00530026	3
00530037	0053003f	9
0053009f	0053009f	1
005301d5	005301d7	3
005301f4	005301f6	3
00530207	0053020f	9
00530266	0053026f	10
005303a5	005303a7	3
005303c4	005303c6	3
005303d7	005303df	9
00530436	0053043f	10
00530575	00530577	3
00530594	00530596	3
005305a7	005305af	9
00530606	0053060f	10
00530745	00530747	3
00530764	00530766	3
00530777	0053077f	9
005307c1	005307cf	15
0053085b	0053085f	5
00530935	00530937	3
00530954	00530956	3
00530967	0053096f	9
005309b1	005309bf	15
00530a4b	00530a4f	5
00530b25	00530b27	3
00530b44	00530b46	3
00530b57	00530b5f	9
00530bb6	00530bbf	10
00530cf5	00530cf7	3
00530d14	00530d16	3
00530d27	00530d2f	9
00530d8f	00530d8f	1
00530ee1	00530ee3	3
00530f00	00530f02	3
00530f13	00530f1f	13
00530fb4	00530fbf	12
0053104b	0053104f	5
005310d6	005310df	10
005311b5	005311b7	3
005311d4	005311d6	3
005311e7	005311ef	9
0053124f	0053124f	1
00531385	00531387	3
005313a4	005313a6	3
005313b7	005313bf	9
00531416	0053141f	10
00531555	00531557	3
00531574	00531576	3
00531587	0053158f	9
005315ef	005315ef	1
00531725	00531727	3
00531744	00531746	3
00531757	0053175f	9
005317bf	005317bf	1
0053190b	0053190d	3
0053192a	0053192c	3
0053193d	0053193f	3
005319e3	005319ef	13
00531aa1	00531aa3	3
00531ab4	00531abf	12
00531bab	00531bad	3
00531bca	00531bcc	3
00531bdd	00531bdf	3
00531c83	00531c8f	13
00531d41	00531d43	3
00531d54	00531d5f	12
00531e35	00531e37	3
00531e54	00531e56	3
00531e67	00531e6f	9
00531ec6	00531ecf	10
00532005	00532007	3
00532024	00532026	3
00532037	0053203f	9
00532096	0053209f	10
005321d5	005321d7	3
005321f4	005321f6	3
00532207	0053220f	9
00532266	0053226f	10
005323a5	005323a7	3
005323c4	005323c6	3
005323d7	005323df	9
00532436	0053243f	10
00532575	00532577	3
00532594	00532596	3
005325a7	005325af	9
00532606	0053260f	10
00532745	00532747	3
00532764	00532766	3
00532777	0053277f	9
005327d6	005327df	10
00532915	00532917	3
00532934	00532936	3
00532947	0053294f	9
005329a6	005329af	10
00532ae5	00532ae7	3
00532b04	00532b06	3
00532b17	00532b1f	9
00532b76	00532b7f	10
00532cb5	00532cb7	3
00532cd4	00532cd6	3
00532ce7	00532cef	9
00532d46	00532d4f	10
00532e85	00532e87	3
00532ea4	00532ea6	3
00532eb7	00532ebf	9
00532f1f	00532f1f	1
00533055	00533057	3
00533074	00533076	3
00533087	0053308f	9
005330ef	005330ef	1
00533225	00533227	3
00533244	00533246	3
00533257	0053325f	9
005332b6	005332bf	10
005333f5	005333f7	3
00533414	00533416	3
00533427	0053342f	9
00533486	0053348f	10
005335c5	005335c7	3
005335e4	005335e6	3
005335f7	005335ff	9
00533656	0053365f	10
00533795	00533797	3
005337b4	005337b6	3
005337c7	005337cf	9
00533826	0053382f	10
00533965	00533967	3
00533984	00533986	3
00533997	0053399f	9
005339ff	005339ff	1
00533b35	00533b37	3
00533b54	00533b56	3
00533b67	00533b6f	9
00533bcf	00533bcf	1
00533d05	00533d07	3
00533d24	00533d26	3
00533d37	00533d3f	9
00533d96	00533d9f	10
00533ed5	00533ed7	3
00533ef4	00533ef6	3
00533f07	00533f0f	9
00533f6f	00533f6f	1
005340a5	005340a7	3
005340c4	005340c6	3
005340d7	005340df	9
005340f2	005340ff	14
0053415f	0053415f	1
00534295	00534297	3
005342b4	005342b6	3
005342c7	005342cf	9
0053432f	0053432f	1
00534465	00534467	3
00534484	00534486	3
00534497	0053449f	9
005344f6	005344ff	10
00534635	00534637	3
00534654	00534656	3
00534667	0053466f	9
005346cf	005346cf	1
00534805	00534807	3
00534824	00534826	3
00534837	0053483f	9
0053489f	0053489f	1
005349d5	005349d7	3
005349f4	005349f6	3
00534a07	00534a0f	9
00534a6f	00534a6f	1
00534ba5	00534ba7	3
00534bc4	00534bc6	3
00534bd7	00534bdf	9
00534c3f	00534c3f	1
00534d75	00534d77	3
00534d94	00534d96	3
00534da7	00534daf	9
00534e0f	00534e0f	1
00534f45	00534f47	3
00534f64	00534f66	3
00534f77	00534f7f	9
00534fd6	00534fdf	10
00535115	00535117	3
00535134	00535136	3
00535147	0053514f	9
005351a6	005351af	10
005352e5	005352e7	3
00535304	00535306	3
00535317	0053531f	9
0053537f	0053537f	1
005354b5	005354b7	3
005354d4	005354d6	3
005354e7	005354ef	9
00535546	0053554f	10
00535685	00535687	3
005356a4	005356a6	3
005356b7	005356bf	9
005356e8	005356ef	8
00535825	00535827	3
00535844	00535846	3
00535857	0053585f	9
005358bf	005358bf	1
00535a01	00535a03	3
00535a16	00535a18	3
00535a67	00535a69	3
00535a85	00535a87	3
00535a98	00535a9f	8
00535b72	00535b7f	14
00535c07	00535c09	3
00535c1c	00535c1f	4
00535cf5	00535cf7	3
00535d14	00535d16	3
00535d27	00535d2f	9
00535d66	00535d6f	10
00535ea5	00535ea7	3
00535ec4	00535ec6	3
00535ed7	00535edf	9
00536015	00536017	3
00536034	00536036	3
00536047	0053604f	9
005360af	005360af	1
005361e5	005361e7	3
00536204	00536206	3
00536217	0053621f	9
0053627f	0053627f	1
005363b5	005363b7	3
005363d4	005363d6	3
005363e7	005363ef	9
0053644f	0053644f	1
00536585	00536587	3
005365a4	005365a6	3
005365b7	005365bf	9
00536616	0053661f	10
0053676b	0053676d	3
0053678a	0053678c	3
0053679d	0053679f	3
00536843	0053684f	13
005368a9	005368ab	3
0053692a	0053692c	3
0053693e	0053693f	2
00536a15	00536a17	3
00536a34	00536a36	3
00536a47	00536a4f	9
00536aa6	00536aaf	10
00536be5	00536be7	3
00536c04	00536c06	3
00536c17	00536c1f	9
00536c32	00536c3f	14
00536c96	00536c9f	10
00536dd5	00536dd7	3
00536df4	00536df6	3
00536e07	00536e0f	9
00536e6f	00536e6f	1
00536fa5	00536fa7	3
00536fc4	00536fc6	3
00536fd7	00536fdf	9
0053703f	0053703f	1
00537175	00537177	3
00537194	00537196	3
005371a7	005371af	9
0053720f	0053720f	1
00537345	00537347	3
00537364	00537366	3
00537377	0053737f	9
005373df	005373df	1
0053752b	0053752d	3
0053754a	0053754c	3
0053755d	0053755f	3
00537603	0053760f	13
005376ea	005376ec	3
005376fe	005376ff	2
005377d5	005377d7	3
005377f4	005377f6	3
00537807	0053780f	9
00537887	0053788f	9
00537903	0053790f	13
005379e5	005379e7	3
00537a04	00537a06	3
00537a17	00537a1f	9
00537a7f	00537a7f	1
00537bb5	00537bb7	3
00537bd4	00537bd6	3
00537be7	00537bef	9
00537c46	00537c4f	10
00537d85	00537d87	3
00537da4	00537da6	3
00537db7	00537dbf	9
00537e16	00537e1f	10
00537f55	00537f57	3
00537f74	00537f76	3
00537f87	00537f8f	9
00537fa2	00537faf	14
0053800f	0053800f	1
00538145	00538147	3
00538164	00538166	3
00538177	0053817f	9
005381df	005381df	1
0053832b	0053832d	3
0053834a	0053834c	3
0053835d	0053835f	3
00538372	0053837f	14
00538423	0053842f	13
0053850a	0053850c	3
0053851e	0053851f	2
005385f5	005385f7	3
00538614	00538616	3
00538627	0053862f	9
0053868f	0053868f	1
005387c5	005387c7	3
005387e4	005387e6	3
005387f7	005387ff	9
00538856	0053885f	10
00538996	00538998	3
005389ac	005389ae	3
005389fa	005389fc	3
00538a19	00538a1b	3
00538a2c	00538a2f	4
00538a9c	00538a9f	4
00538b51	00538b5f	15
00538c35	00538c37	3
00538c54	00538c56	3
00538c67	00538c6f	9
00538cd3	00538cdf	13
00538e15	00538e17	3
00538e34	00538e36	3
00538e47	00538e4f	9
00538e61	00538e6f	15
00538ed3	00538edf	13
00539016	00539018	3
0053902c	0053902e	3
0053907a	0053907c	3
00539099	0053909b	3
005390ac	005390af	4
00539116	0053911f	10
005391d1	005391df	15
005392b5	005392b7	3
005392d4	005392d6	3
005392e7	005392ef	9
00539328	0053932f	8
005393a3	005393af	13
00539485	00539487	3
005394a4	005394a6	3
005394b7	005394bf	9
00539523	0053952f	13
0053967b	0053967d	3
0053969a	0053969c	3
005396ad	005396af	3
00539753	0053975f	13
005397bc	005397be	3
00539844	00539846	3
00539858	0053985f	8
00539935	00539937	3
00539954	00539956	3
00539967	0053996f	9
005399f6	005399ff	10
00539aa2	00539aaf	14
00539b36	00539b3f	10
00539b67	00539b6f	9
00539c45	00539c47	3
00539c64	00539c66	3
00539c77	00539c7f	9
00539ce3	00539cef	13
00539e3b	00539e3d	3
00539e5a	00539e5c	3
00539e6d	00539e6f	3
00539f13	00539f1f	13
00539f7c	00539f7e	3
0053a004	0053a006	3
0053a018	0053a01f	8
0053a10b	0053a10d	3
0053a12a	0053a12c	3
0053a13d	0053a13f	3
0053a1e3	0053a1ef	13
0053a24c	0053a24e	3
0053a2d4	0053a2d6	3
0053a2e8	0053a2ef	8
0053a3c5	0053a3c7	3
0053a3e4	0053a3e6	3
0053a3f7	0053a3ff	9
0053a468	0053a46f	8
0053a5bb	0053a5bd	3
0053a5da	0053a5dc	3
0053a5ed	0053a5ef	3
0053a693	0053a69f	13
0053a6ff	0053a701	3
0053a78a	0053a78c	3
0053a79e	0053a79f	2
0053a875	0053a877	3
0053a894	0053a896	3
0053a8a7	0053a8af	9
0053a918	0053a91f	8
0053aa55	0053aa57	3
0053aa74	0053aa76	3
0053aa87	0053aa8f	9
0053aaf6	0053aaff	10
0053ac35	0053ac37	3
0053ac54	0053ac56	3
0053ac67	0053ac6f	9
0053aca1	0053acaf	15
0053ade5	0053ade7	3
0053ae04	0053ae06	3
0053ae17	0053ae1f	9
0053ae51	0053ae5f	15
0053af95	0053af97	3
0053afb4	0053afb6	3
0053afc7	0053afcf	9
0053b001	0053b00f	15
0053b145	0053b147	3
0053b164	0053b166	3
0053b177	0053b17f	9
0053b1b4	0053b1bf	12
0053b2f5	0053b2f7	3
0053b314	0053b316	3
0053b327	0053b32f	9
0053b364	0053b36f	12
0053b4a5	0053b4a7	3
0053b4c4	0053b4c6	3
0053b4d7	0053b4df	9
0053b514	0053b51f	12
0053b655	0053b657	3
0053b674	0053b676	3
0053b687	0053b68f	9
0053b733	0053b73f	13
0053b7ca	0053b7cc	3
0053b7de	0053b7df	2
0053b8b5	0053b8b7	3
0053b8d4	0053b8d6	3
0053b8e7	0053b8ef	9
0053b924	0053b92f	12
0053ba65	0053ba67	3
0053ba84	0053ba86	3
0053ba97	0053ba9f	9
0053bad6	0053badf	10
0053bc15	0053bc17	3
0053bc34	0053bc36	3
0053bc47	0053bc4f	9
0053bcbe	0053bcbf	2
0053bdf5	0053bdf7	3
0053be14	0053be16	3
0053be27	0053be2f	9
0053be9e	0053be9f	2
0053bfd5	0053bfd7	3
0053bff4	0053bff6	3
0053c007	0053c00f	9
0053c07e	0053c07f	2
0053c1b5	0053c1b7	3
0053c1d4	0053c1d6	3
0053c1e7	0053c1ef	9
0053c25e	0053c25f	2
0053c395	0053c397	3
0053c3b4	0053c3b6	3
0053c3c7	0053c3cf	9
0053c43e	0053c43f	2
0053c575	0053c577	3
0053c594	0053c596	3
0053c5a7	0053c5af	9
0053c61e	0053c61f	2
0053c755	0053c757	3
0053c774	0053c776	3
0053c787	0053c78f	9
0053c7fe	0053c7ff	2
0053c935	0053c937	3
0053c954	0053c956	3
0053c967	0053c96f	9
0053ca02	0053ca0f	14
0053ca83	0053ca8f	13
0053cb65	0053cb67	3
0053cb84	0053cb86	3
0053cb97	0053cb9f	9
0053cbf4	0053cbff	12
0053cd35	0053cd37	3
0053cd54	0053cd56	3
0053cd67	0053cd6f	9
0053cdc9	0053cdcf	7
0053cf05	0053cf07	3
0053cf24	0053cf26	3
0053cf37	0053cf3f	9
0053cf94	0053cf9f	12
0053d0d5	0053d0d7	3
0053d0f4	0053d0f6	3
0053d107	0053d10f	9
0053d185	0053d18f	11
0053d203	0053d20f	13
0053d2e5	0053d2e7	3
0053d304	0053d306	3
0053d317	0053d31f	9
0053d34c	0053d34f	4
0053d485	0053d487	3
0053d4a4	0053d4a6	3
0053d4b7	0053d4bf	9
0053d52e	0053d52f	2
0053d665	0053d667	3
0053d684	0053d686	3
0053d697	0053d69f	9
0053d70e	0053d70f	2
0053d855	0053d857	3
0053d86b	0053d86d	3
0053d8b9	0053d8bb	3
0053d8cf	0053d8d1	3
0053d91d	0053d91f	3
0053d933	0053d935	3
0053d984	0053d986	3
0053d99a	0053d99c	3
0053d9eb	0053d9ed	3
0053da01	0053da03	3
0053da52	0053da54	3
0053da68	0053da6a	3
0053dab9	0053dabb	3
0053dadb	0053dadd	3
0053daf1	0053daff	15
0053db8c	0053db8f	4
0053ddf5	0053ddf7	3
0053de14	0053de16	3
0053de27	0053de2f	9
0053de96	0053de9f	10
0053dfd5	0053dfd7	3
0053dff4	0053dff6	3
0053e007	0053e00f	9
0053e076	0053e07f	10
0053e1b5	0053e1b7	3
0053e1d4	0053e1d6	3
0053e1e7	0053e1ef	9
0053e24d	0053e24f	3
0053e385	0053e387	3
0053e3a4	0053e3a6	3
0053e3b7	0053e3bf	9
0053e467	0053e46f	9
0053e5a5	0053e5a7	3
0053e5c4	0053e5c6	3
0053e5d7	0053e5df	9
0053e634	0053e63f	12
0053e775	0053e777	3
0053e794	0053e796	3
0053e7a7	0053e7af	9
0053e804	0053e80f	12
0053e945	0053e947	3
0053e964	0053e966	3
0053e977	0053e97f	9
0053e9dd	0053e9df	3
0053eb15	0053eb17	3
0053eb34	0053eb36	3
0053eb47	0053eb4f	9
0053ebad	0053ebaf	3
0053ece5	0053ece7	3
0053ed04	0053ed06	3
0053ed17	0053ed1f	9
0053ed7d	0053ed7f	3
0053eeb5	0053eeb7	3
0053eed4	0053eed6	3
0053eee7	0053eeef	9
0053ef4d	0053ef4f	3
0053f085	0053f087	3
0053f0a4	0053f0a6	3
0053f0b7	0053f0bf	9
0053f114	0053f11f	12
0053f255	0053f257	3
0053f274	0053f276	3
0053f287	0053f28f	9
0053f2ea	0053f2ef	6
0053f43b	0053f43d	3
0053f45a	0053f45c	3
0053f46d	0053f46f	3
0053f513	0053f51f	13
0053f5cf	0053f5d1	3
0053f5e2	0053f5ef	14
0053f6db	0053f6dd	3
0053f6fa	0053f6fc	3
0053f70d	0053f70f	3
0053f7b3	0053f7bf	13
0053f86f	0053f871	3
0053f882	0053f88f	14
0053f965	0053f967	3
0053f984	0053f986	3
0053f997	0053f99f	9
0053f9fd	0053f9ff	3
0053fb35	0053fb37	3
0053fb54	0053fb56	3
0053fb67	0053fb6f	9
0053fbcd	0053fbcf	3
0053fd05	0053fd07	3
0053fd24	0053fd26	3
0053fd37	0053fd3f	9
0053fd9d	0053fd9f	3
0053fed5	0053fed7	3
0053fef4	0053fef6	3
0053ff07	0053ff0f	9
0053ff21	0053ff2f	15
0053ff8d	0053ff8f	3
005400db	005400dd	3
005400fa	005400fc	3
0054010d	0054010f	3
00540122	0054012f	14
005401d3	005401df	13
005402a9	005402ab	3
005402bd	005402bf	3
00540395	00540397	3
005403b4	005403b6	3
005403c7	005403cf	9
0054042f	0054042f	1
00540571	00540573	3
00540586	00540588	3
005405d7	005405d9	3
005405f5	005405f7	3
00540608	0054060f	8
005406e2	005406ef	14
005407c5	005407c7	3
005407e4	005407e6	3
005407f7	005407ff	9
00540812	0054081f	14
0054087f	0054087f	1
005409b5	005409b7	3
005409d4	005409d6	3
005409e7	005409ef	9
00540a46	00540a4f	10
00540ad6	00540adf	10
00540c2b	00540c2d	3
00540c4a	00540c4c	3
00540c5d	00540c5f	3
00540d03	00540d0f	13
00540d70	00540d72	3
00540e0c	00540e0e	3
00540f0b	00540f0d	3
00540f2a	00540f2c	3
00540f3d	00540f3f	3
00540fe3	00540fef	13
00541050	00541052	3
005410ec	005410ee	3
005411d5	005411d7	3
005411f4	005411f6	3
00541207	0054120f	9
0054123e	0054123f	2
00541375	00541377	3
00541394	00541396	3
005413a7	005413af	9
005413de	005413df	2
00541515	00541517	3
00541534	00541536	3
00541547	0054154f	9
005415f3	005415ff	13
005416a1	005416a3	3
005416b4	005416bf	12
005417a1	005417a3	3
005417b6	005417b8	3
00541807	00541809	3
00541825	00541827	3
00541838	0054183f	8
00541912	0054191f	14
005419a7	005419a9	3
005419bc	005419bf	4
00541aa1	00541aa3	3
00541ab6	00541ab8	3
00541b07	00541b09	3
00541b25	00541b27	3
00541b38	00541b3f	8
00541c12	00541c1f	14
00541ca7	00541ca9	3
00541cbc	00541cbf	4
00541da1	00541da3	3
00541db6	00541db8	3
00541e07	00541e09	3
00541e25	00541e27	3
00541e38	00541e3f	8
00541f12	00541f1f	14
00541fa7	00541fa9	3
00541fbc	00541fbf	4
00542095	00542097	3
005420b4	005420b6	3
005420c7	005420cf	9
005420e2	005420ef	14
0054214f	0054214f	1
00542285	00542287	3
005422a4	005422a6	3
005422b7	005422bf	9
00542316	0054231f	10
00542461	00542463	3
00542477	00542479	3
005424c9	005424cb	3
005424df	005424e1	3
00542535	00542537	3
0054254a	0054254c	3
0054259e	005425a0	3
005425bf	005425c1	3
005425d5	005425df	11
00542632	0054263f	14
00542734	0054273f	12
00542828	0054282a	3
0054283e	00542840	3
00542890	00542892	3
005428a6	005428a8	3
005428f4	005428f6	3
0054290a	0054290c	3
0054295b	0054295d	3
0054297d	0054297f	3
00542993	0054299f	13
00542ad5	00542adf	11
00542b84	00542b86	3
00542b98	00542b9f	8
00542c81	00542c83	3
00542c97	00542c99	3
00542ce5	00542ce7	3
00542cfb	00542cfd	3
00542d49	00542d4b	3
00542d6b	00542d6d	3
00542d81	00542d8f	15
00542dda	00542ddf	6
00542f75	00542f77	3
00542f94	00542f96	3
00542fa7	00542faf	9
00543006	0054300f	10
00543145	00543147	3
00543164	00543166	3
00543177	0054317f	9
005431d6	005431df	10
005432c9	005432cf	7
005433a5	005433a7	3
005433c4	005433c6	3
005433d7	005433df	9
00543436	0054343f	10
00543575	00543577	3
00543594	00543596	3
005435a7	005435af	9
0054360d	0054360f	3
00543745	00543747	3
00543764	00543766	3
00543777	0054377f	9
005437d4	005437df	12
00543915	00543917	3
00543934	00543936	3
00543947	0054394f	9
00543961	0054396f	15
005439c4	005439cf	12
00543b05	00543b07	3
00543b24	00543b26	3
00543b37	00543b3f	9
00543b52	00543b5f	14
00543bbf	00543bbf	1
00543cf5	00543cf7	3
00543d14	00543d16	3
00543d27	00543d2f	9
00543d6d	00543d6f	3
00543e12	00543e1f	14
00543ef5	00543ef7	3
00543f14	00543f16	3
00543f27	00543f2f	9
00543f42	00543f4f	14
00543fad	00543faf	3
005440e5	005440e7	3
00544104	00544106	3
00544117	0054411f	9
0054417f	0054417f	1
005442b5	005442b7	3
005442d4	005442d6	3
005442e7	005442ef	9
00544346	0054434f	10
00544485	00544487	3
005444a4	005444a6	3
005444b7	005444bf	9
005445f5	005445f7	3
00544614	00544616	3
00544627	0054462f	9
00544765	00544767	3
00544784	00544786	3
00544797	0054479f	9
005447f6	005447ff	10
00544935	00544937	3
00544954	00544956	3
00544967	0054496f	9
005449c6	005449cf	10
00544b05	00544b07	3
00544b24	00544b26	3
00544b37	00544b3f	9
00544b96	00544b9f	10
00544cd5	00544cd7	3
00544cf4	00544cf6	3
00544d07	00544d0f	9
00544e45	00544e47	3
00544e64	00544e66	3
00544e77	00544e7f	9
00544eae	00544eaf	2
00544fe5	00544fe7	3
00545004	00545006	3
00545017	0054501f	9
00545076	0054507f	10
005451b5	005451b7	3
005451d4	005451d6	3
005451e7	005451ef	9
00545246	0054524f	10
00545337	0054533f	9
0054542b	0054542d	3
0054544a	0054544c	3
0054545d	0054545f	3
00545503	0054550f	13
005455ea	005455ec	3
005455fe	005455ff	2
005456d5	005456d7	3
005456f4	005456f6	3
00545707	0054570f	9
00545766	0054576f	10
005458a5	005458a7	3
005458c4	005458c6	3
005458d7	005458df	9
00545945	0054594f	11
00545a85	00545a87	3
00545aa4	00545aa6	3
00545ab7	00545abf	9
00545b1f	00545b1f	1
00545c55	00545c57	3
00545c74	00545c76	3
00545c87	00545c8f	9
00545d07	00545d0f	9
00545d83	00545d8f	13
00545e71	00545e73	3
00545e86	00545e88	3
00545ed7	00545ed9	3
00545ef5	00545ef7	3
00545f08	00545f0f	8
00545fe2	00545fef	14
00546077	00546079	3
0054608c	0054608f	4
00546165	00546167	3
00546184	00546186	3
00546197	0054619f	9
00546243	0054624f	13
005462ba	005462bc	3
005462cd	005462cf	3
005463a5	005463a7	3
005463c4	005463c6	3
005463d7	005463df	9
00546483	0054648f	13
005464fa	005464fc	3
0054650d	0054650f	3
005465e5	005465e7	3
00546604	00546606	3
00546617	0054661f	9
005466c3	005466cf	13
0054673a	0054673c	3
0054674d	0054674f	3
00546822	00546824	3
00546838	0054683a	3
00546882	00546884	3
005468a1	005468a3	3
005468b4	005468bf	12
005469d2	005469df	14
00546a75	00546a77	3
00546a99	00546a9b	3
00546aac	00546aaf	4
00546b85	00546b87	3
00546ba4	00546ba6	3
00546bb7	00546bbf	9
00546c63	00546c6f	13
00546cda	00546cdc	3
00546ced	00546cef	3
00546dc5	00546dc7	3
00546de4	00546de6	3
00546df7	00546dff	9
00546e44	00546e4f	12
00546ec3	00546ecf	13
00546fa5	00546fa7	3
00546fc4	00546fc6	3
00546fd7	00546fdf	9
0054700e	0054700f	2
00547145	00547147	3
00547164	00547166	3
00547177	0054717f	9
005471c4	005471cf	12
00547243	0054724f	13
00547325	00547327	3
00547344	00547346	3
00547357	0054735f	9
00547393	0054739f	13
00547442	0054744f	14
00547531	00547533	3
00547547	00547549	3
00547595	00547597	3
005475ab	005475ad	3
005475f9	005475fb	3
0054761b	0054761d	3
00547631	0054763f	15
0054776b	0054776f	5
00547816	00547818	3
00547829	0054782f	7
00547905	00547907	3
00547924	00547926	3
00547937	0054793f	9
00547952	0054795f	14
00547a03	00547a0f	13
00547a82	00547a84	3
00547a95	00547a9f	11
00547b75	00547b77	3
00547b94	00547b96	3
00547ba7	00547baf	9
00547be7	00547bef	9
00547ccc	00547ccf	4
00547d04	00547d0f	12
00547d97	00547d99	3
00547dac	00547daf	4
00547e4a	00547e4c	3
00547e53	00547e5f	13
00547ec5	00547ecf	11
00547f04	00547f0f	12
00547f7e	00547f80	3
00547f91	00547f9f	15
0054809d	0054809f	3
005480b1	005480bf	15
0054813f	00548141	3
0054815e	00548160	3
005481c8	005481ca	3
005481e7	005481e9	3
00548251	00548253	3
00548270	00548272	3
005482d9	005482db	3
005482f8	005482fa	3
00548362	00548364	3
00548381	00548383	3
005483eb	005483ed	3
0054840a	0054840c	3
00548473	00548475	3
00548492	00548494	3
005484fc	005484fe	3
0054851b	0054851d	3
00548585	00548587	3
005485a4	005485a6	3
0054860d	0054860f	3
0054862c	0054862e	3
00548696	00548698	3
005486b5	005486b7	3
0054871f	00548721	3
0054873e	00548740	3
005487a6	005487a8	3
005487c5	005487c7	3
0054881f	00548821	3
0054883e	00548840	3
0054889a	0054889c	3
005488b9	005488bb	3
00548915	00548917	3
00548934	00548936	3
0054898f	00548991	3
005489ae	005489b0	3
00548a08	00548a0a	3
00548a27	00548a29	3
00548a82	00548a84	3
00548aa1	00548aa3	3
00548afd	00548aff	3
00548b20	00548b22	3
00548b29	00548b2f	7
00548b42	00548b4f	14
00548b94	00548b9f	12
00548be4	00548bef	12
00548c34	00548c3f	12
00548c84	00548c8f	12
00548cec	00548cef	4
00548d12	00548d1f	14
00548d26	00548d2f	10
00548d5d	00548d5f	3
00548d68	00548d6f	8
00548db2	00548db4	3
00548dbb	00548dbf	5
00548e2b	00548e2d	3
00548e70	00548e72	3
00548eb5	00548eb7	3
00548efa	00548efc	3
00548f44	00548f46	3
00548f4d	00548f4f	3
00548f94	00548f9f	12
0054901f	00549021	3
0054903e	00549040	3
005490a8	005490aa	3
005490c7	005490c9	3
00549131	00549133	3
00549150	00549152	3
005491b9	005491bb	3
005491d8	005491da	3
00549242	00549244	3
00549265	00549267	3
0054926e	0054926f	2
005492b1	005492bf	15
00549301	0054930f	15
00549351	0054935f	15
005493a1	005493af	15
005493c2	005493cf	14
00549401	0054940f	15
005494a3	005494ae	12
00549509	0054950f	7
00549541	0054954f	15
00549556	0054955f	10
00549568	0054956f	8
0054957b	0054957f	5
0054958b	0054958f	5
0054959b	0054959f	5
005495ab	005495af	5
005495db	005495df	5
005495eb	005495ef	5
005495fb	005495ff	5
0054960b	0054960f	5
00549654	0054965f	12
00549696	00549698	3
0054969f	0054969f	1
005496f5	005496f7	3
00549709	0054970f	7
0054975d	0054975f	3
005497b2	005497bf	14
00549804	00549806	3
0054982c	0054982f	4
00549910	00549912	3
00549969	0054996f	7
005499ce	005499d0	3
005499f4	005499ff	12
00549ca1	00549ca3	3
00549cbc	00549cef	52
00549d2d	00549d2f	3
00549d43	00549d4e	12
00549d56	00549d5f	10
00549e33	00549e35	3
00549e52	00549e54	3
00549e65	00549e6f	11
00549f1a	00549f1f	6
00549fa7	00549fa9	3
00549fcb	00549fdf	21
0054a052	0054a054	3
0054a066	0054a068	3
0054a08d	0054a08f	3
0054a161	0054a163	3
0054a177	0054a179	3
0054a1c1	0054a1c3	3
0054a1e0	0054a1e2	3
0054a1f3	0054a1ff	13
0054a409	0054a40b	3
0054a42e	0054a430	3
0054a451	0054a45f	15
0054a541	0054a54f	15
0054a5e4	0054a5ef	12
0054a630	0054a632	3
0054a641	0054a64f	15
0054a6cf	0054a6cf	1
0054a6de	0054a6df	2
0054a6fc	0054a6ff	4
0054a7d5	0054a7d7	3
0054a7f4	0054a7f6	3
0054a807	0054a80f	9
0054a856	0054a85f	10
0054a93c	0054a93f	4
0054a9d9	0054a9df	7
0054aa22	0054aa2f	14
0054aa92	0054aa9f	14
0054ab8b	0054ab8d	3
0054abaa	0054abac	3
0054abbd	0054abbf	3
0054ac02	0054ac0f	14
0054ad2b	0054ad2f	5
0054ae25	0054ae27	3
0054ae38	0054ae3f	8
0054af15	0054af17	3
0054af34	0054af36	3
0054af47	0054af4f	9
0054afb2	0054afbf	14
0054b09c	0054b09f	4
0054b175	0054b177	3
0054b194	0054b196	3
0054b1a7	0054b1af	9
0054b214	0054b21f	12
0054b2fc	0054b2ff	4
0054b37f	0054b37f	1
0054b3c2	0054b3cf	14
0054b428	0054b42f	8
0054b505	0054b507	3
0054b524	0054b526	3
0054b537	0054b53f	9
0054b5a2	0054b5af	14
0054b68c	0054b68f	4
0054b765	0054b767	3
0054b784	0054b786	3
0054b797	0054b79f	9
0054b804	0054b80f	12
0054b8ec	0054b8ef	4
0054b96f	0054b96f	1
0054b9b2	0054b9bf	14
0054ba18	0054ba1f	8
0054baf5	0054baf7	3
0054bb14	0054bb16	3
0054bb27	0054bb2f	9
0054bb92	0054bb9f	14
0054bc7c	0054bc7f	4
0054bd55	0054bd57	3
0054bd74	0054bd76	3
0054bd87	0054bd8f	9
0054bdf2	0054bdff	14
0054bedc	0054bedf	4
0054bfb5	0054bfb7	3
0054bfd4	0054bfd6	3
0054bfe7	0054bfef	9
0054c054	0054c05f	12
0054c13c	0054c13f	4
0054c1bf	0054c1bf	1
0054c202	0054c20f	14
0054c268	0054c26f	8
0054c345	0054c347	3
0054c364	0054c366	3
0054c377	0054c37f	9
0054c3e2	0054c3ef	14
0054c4cc	0054c4cf	4
0054c5a5	0054c5a7	3
0054c5c4	0054c5c6	3
0054c5d7	0054c5df	9
0054c642	0054c64f	14
0054c72c	0054c72f	4
0054c805	0054c807	3
0054c824	0054c826	3
0054c837	0054c83f	9
0054c8a4	0054c8af	12
0054c98c	0054c98f	4
0054ca0f	0054ca0f	1
0054ca52	0054ca5f	14
0054cab8	0054cabf	8
0054cb95	0054cb97	3
0054cbb4	0054cbb6	3
0054cbc7	0054cbcf	9
0054cc8b	0054cc8f	5
0054cd6c	0054cd6f	4
0054ce45	0054ce47	3
0054ce64	0054ce66	3
0054ce77	0054ce7f	9
0054cf3b	0054cf3f	5
0054d01c	0054d01f	4
0054d0f5	0054d0f7	3
0054d114	0054d116	3
0054d127	0054d12f	9
0054d1eb	0054d1ef	5
0054d2cc	0054d2cf	4
0054d3bb	0054d3bd	3
0054d3da	0054d3dc	3
0054d3ed	0054d3ef	3
0054d3fc	0054d3ff	4
0054d41f	0054d41f	1
0054d53b	0054d53f	5
0054d60f	0054d611	3
0054d622	0054d62f	14
0054d6e7	0054d6ef	9
0054d77a	0054d77c	3
0054d7a2	0054d7a4	3
0054d7ab	0054d7af	5
0054d815	0054d81f	11
0054d835	0054d837	3
0054d83e	0054d83f	2
0054d870	0054d88f	32
0054d8d1	0054d8df	15
0054d95f	0054d961	3
0054d97e	0054d980	3
0054d9e8	0054d9ea	3
0054da07	0054da09	3
0054da71	0054da73	3
0054da90	0054da92	3
0054daf9	0054dafb	3
0054db18	0054db1a	3
0054db82	0054db84	3
0054dba1	0054dba3	3
0054dc0b	0054dc0d	3
0054dc2e	0054dc30	3
0054dc37	0054dc3f	9
0054dc52	0054dc5f	14
0054dc72	0054dc7f	14
0054dcc1	0054dccf	15
0054dda5	0054dda7	3
0054ddc4	0054ddc6	3
0054ddd7	0054dddf	9
0054ddee	0054ddef	2
0054de3f	0054de3f	1
0054dea9	0054deaf	7
0054df85	0054df87	3
0054dfa4	0054dfa6	3
0054dfb7	0054dfbf	9
0054e006	0054e00f	10
0054e0a9	0054e0af	7
0054e126	0054e128	3
0054e14b	0054e14d	3
0054e154	0054e15f	12
0054e1de	0054e1e0	3
0054e203	0054e205	3
0054e20c	0054e20f	4
0054e251	0054e25f	15
0054e2ae	0054e2af	2
0054e2f1	0054e2ff	15
0054e34e	0054e34f	2
0054e391	0054e39f	15
0054e409	0054e40b	3
0054e445	0054e447	3
0054e482	0054e484	3
0054e4be	0054e4c0	3
0054e4fb	0054e4fd	3
0054e538	0054e53a	3
0054e57a	0054e57c	3
0054e583	0054e58f	13
0054e60f	0054e611	3
0054e62e	0054e630	3
0054e698	0054e69a	3
0054e6b7	0054e6b9	3
0054e721	0054e723	3
0054e740	0054e742	3
0054e7a9	0054e7ab	3
0054e7c8	0054e7ca	3
0054e832	0054e834	3
0054e855	0054e857	3
0054e85e	0054e85f	2
0054e8a4	0054e8af	12
0054e927	0054e929	3
0054e94c	0054e94e	3
0054e955	0054e95f	11
0054e98a	0054e98f	6
0054e99c	0054e99f	4
0054e9e5	0054e9ef	11
0054e9f7	0054e9ff	9
0054ea59	0054ea5f	7
0054ea93	0054ea9f	13
0054eaef	0054eaef	1
0054eb32	0054eb3f	14
0054ec03	0054ec0f	13
0054ec37	0054ec3f	9
0054ec8f	0054ec8f	1
0054ecaf	0054ecaf	1
0054ecc4	0054eccf	12
0054ecfe	0054ecff	2
0054ed0b	0054ed0f	5
0054ed6d	0054ed6f	3
0054edc6	0054edcf	10
0054ee57	0054ee5f	9
0054eee7	0054eeef	9
0054eefd	0054eeff	3
0054ef47	0054ef4f	9
0054ef5c	0054ef5f	4
0054ef6c	0054ef6f	4
0054ef7d	0054ef7f	3
0054ef94	0054ef9f	12
0054f036	0054f03f	10
0054f0c8	0054f0cf	8
0054f0e1	0054f0ef	15
0054f117	0054f11f	9
0054f15d	0054f15f	3
0054f19d	0054f19f	3
0054f1ea	0054f1ef	6
0054f259	0054f25f	7
0054f3d3	0054f3df	13
0054f416	0054f41f	10
0054f483	0054f48f	13
0054f534	0054f53f	12
0054f565	0054f56f	11
0054f5e4	0054f5ef	12
0054f664	0054f66f	12
0054f6ba	0054f6bf	6
0054f778	0054f77f	8
0054f7f7	0054f7ff	9
0054f86f	0054f86f	1
0054f8df	0054f8df	1
0054f9c5	0054f9cf	11
0054fa0f	0054fa1e	16
0054fa23	0054fa2f	13
0054fa4b	0054fa4f	5
0054fa6b	0054fa6f	5
0054fb52	0054fb5f	14
0054fe2d	0054fe2f	3
0054fe5a	0054fe5f	6
0054fe86	0054fe8f	10
0054fff8	0054ffff	8
0055003f	0055003f	1
005500f0	005500f2	3
00550105	0055010f	11
00550115	0055011f	11
005501d7	005501df	9
00550245	0055024f	11
0055051f	0055051f	1
00550599	0055059f	7
00550650	00550652	3
0055076a	0055076f	6
00550886	00550888	3
0055097f	00550981	3
00550a85	00550a87	3
00551496	0055149f	10
005516ec	005516ef	4
00551b7c	00551b7e	3
00551cbd	00551cbf	3
00552208	0055220f	8
0055272e	0055272f	2
00552834	0055283f	12
005528a5	005528af	11
00552912	0055291f	14
00552957	0055295f	9
005529d6	005529d8	3
00552a2b	00552a2d	3
00552a80	00552a82	3
00552ac3	00552ac5	3
00552b15	00552b17	3
00552b58	00552b5a	3
00552baa	00552bac	3
00552bed	00552bef	3
00552c3f	00552c41	3
00552c82	00552c84	3
00552cd4	00552cd6	3
00552d2a	00552d2c	3
00552d71	00552d73	3
00552db7	00552db9	3
00552dfd	00552dff	3
00552e44	00552e46	3
00552e8b	00552e8d	3
00552ed2	00552ed4	3
00552f19	00552f1b	3
00552f60	00552f62	3
00552fa7	00552fa9	3
00552fee	00552ff0	3
00553035	00553037	3
0055307c	0055307e	3
005530c3	005530c5	3
005530f8	005530fa	3
0055312d	0055312f	3
00553162	00553164	3
00553197	00553199	3
00553667	00553669	3
005536ae	005536b0	3
005536f5	005536f7	3
0055373c	0055373e	3
00553771	00553773	3
005537a6	005537a8	3
005537b1	005537bf	15
0055382b	0055382f	5
005538d5	005538d7	3
005538e8	005538ef	8
00553926	0055392f	10
0055397d	0055397f	3
0055398f	0055398f	1
0055399f	0055399f	1
00553ae8	00553aea	3
00553b1a	00553b25	12
00553d1f	00553d21	3
00553d4f	00553d5a	12
00553e0e	00553e0f	2
00553f7c	00553f7f	4
00554005	0055400f	11
0055408e	0055408f	2
005540eb	005540ef	5
00554e41	00554e4f	15
0055510d	0055510f	3
0055595b	0055595f	5
00555c76	00555c7f	10
00555d52	00555d54	3
00555d79	00555d84	12
00555e03	00555e05	3
00555e26	00555e28	3
00555e32	00555e3f	14
0055657c	005565cf	84
0055689a	0055689f	6
00556c0f	00556c0f	1
00556ca3	00556caf	13
00556cf6	00556cff	10
00556d9c	00556d9f	4
00556e12	00556e1f	14
00557665	0055766f	11
00557767	0055776f	9
005577f7	005577f9	3
00557879	0055787f	7
005578b6	005578b8	3
00557982	00557984	3
005579c3	005579cf	13
00557b1e	00557b1f	2
00557c08	00557c0f	8
00557c47	00557c54	14
00557d7a	00557d7f	6
00557e58	00557e5f	8
00557e97	00557ea4	14
00557f34	00557f3f	12
00558401	0055840f	15
00558555	00558557	3
0055869f	0055869f	1
00558c99	00558c9f	7
005596d4	005596df	12
005597a4	005597af	12
00559804	0055980f	12
00559872	0055987f	14
00559901	00559a6f	367
00559a7d	00559a7f	3
00559a87	00559a8f	9
00559a97	00559a9f	9
00559aa7	00559aaf	9
00559ab7	00559abf	9
00559ac7	00559acf	9
00559ad7	00559adf	9
00559ae7	00559aef	9
00559afd	00559aff	3
00559b07	00559b0f	9
00559b17	00559b1f	9
00559b2d	00559b2f	3
00559b37	00559b3f	9
00559b4b	00559b4f	5
00559b5b	00559b5f	5
00559b6b	00559b6f	5
00559b7b	00559b7f	5
00559b8e	00559b8f	2
00559bc9	00559bcf	7
00559be3	00559bef	13
00559bfb	00559bff	5
00559c0b	00559c0f	5
00559c1b	00559c1f	5
00559c2b	00559c2f	5
00559c3c	00559c3f	4
00559ca4	00559caf	12
00559f5a	00559f5f	6
0055a13f	0055a14d	15
0055a468	0055a46a	3
0055a47b	0055a47f	5
0055a55f	0055a55f	1
0055a5ae	0055a5af	2
0055a65a	0055a65f	6
0055a6a3	0055a6af	13
0055abd5	0055abdf	11
0055ae54	0055ae5f	12
0055ae75	0055ae77	3
0055ae7e	0055ae7f	2
0055af5b	0055af5f	5
0055b16b	0055b16f	5
0055b1b5	0055b1bf	11
0055b1da	0055b1df	6
0055b1e6	0055b1ef	10
0055b1fd	0055b1ff	3
0055b20d	0055b20f	3
0055b217	0055b21f	9
0055b23d	0055b23f	3
0055b25d	0055b25f	3
0055b26d	0055b26f	3
0055b278	0055b27f	8
0055b28b	0055b28f	5
0055b29b	0055b29f	5
0055b2ab	0055b2af	5
0055b2bb	0055b2bf	5
0055b2ce	0055b2cf	2
0055b33d	0055b33f	3
0055b359	0055b35b	3
0055b37e	0055b380	3
0055b3aa	0055b3af	6
0055b3be	0055b3bf	2
0055b3e2	0055b3ef	14
0055b405	0055b407	3
0055b40e	0055b40f	2
0055b425	0055b42f	11
0055b43d	0055b43f	3
0055b44c	0055b44f	4
0055b4e3	0055b4ee	12
0055b5ae	0055b5b9	12
0055b5bb	0055b5bf	5
0055b5f9	0055b5ff	7
0055b631	0055b63c	12
0055b643	0055b64f	13
0055b7fc	0055b7ff	4
0055ba9f	0055babf	33
0055bb1a	0055bb1f	6
0055bb42	0055bb4f	14
0055bc09	0055bc0f	7
0055bcc7	0055bccf	9
0055be39	0055be3f	7
0055beb9	0055bebf	7
0055bef4	0055beff	12
0055bf6f	0055bf6f	1
0055bf76	0055bf7f	10
0055bf99	0055bf9f	7
0055bfb5	0055bfb7	3
0055bfbe	0055bfbf	2
0055bfd5	0055bfd7	3
0055c006	0055c05f	90
0055c07f	0055c07f	1
0055c0d9	0055c0df	7
0055c105	0055c110	12
0055c117	0055c11f	9
0055c1b3	0055c1be	12
0055c23a	0055c23f	6
0055c30b	0055c3cf	197
0055c409	0055c40f	7
0055c48d	0055c48f	3
0055c4a8	0055c4af	8
0055c548	0055c61f	216
0055c663	0055c665	3
0055c66a	0055c66f	6
0055c738	0055c744	13
0055c773	0055c77f	13
0055c7fb	0055c7ff	5
0055c84c	0055c84f	4
0055c885	0055c88f	11
0055c8d3	0055c8df	13
0055c8ff	0055c901	3
0055c91c	0055c91f	4
0055c963	0055c96f	13
0055ca00	0055ca0f	16
0055ca2b	0055ca2f	5
0055ca4d	0055ca4f	3
0055ca79	0055ca7f	7
0055cc7c	0055cc7e	3
0055ccae	0055ccb9	12
0055cdba	0055cdbc	3
0055cdd8	0055cddf	8
0055ceb7	0055cebf	9
0055cee2	0055cee4	3
0055cefd	0055ceff	3
0055cfa3	0055cfa3	1
0055cfa7	0055cfaf	9
0055d0fa	0055d0fc	3
0055d12f	0055d12f	1
0055d159	0055d15b	3
0055d174	0055d176	3
0055d189	0055d18f	7
0055d1d9	0055d1df	7
0055d21f	0055d21f	1
0055d33c	0055d33e	3
0055d367	0055d36f	9
0055d3ac	0055d3af	4
0055d43f	0055d43f	1
0055d471	0055d473	3
0055d48b	0055d48d	3
0055d4ad	0055d4af	3
0055d53c	0055d53f	4
0055d55b	0055d55f	5
0055d576	0055d57f	10
0055d5ab	0055d5af	5
0055d772	0055d774	3
0055d7a6	0055d7b1	12
0055d8c6	0055d8cf	10
0055d93b	0055d9bf	133
0055da42	0055da4f	14
0055dae3	0055daef	13
0055daf7	0055daff	9
0055db7d	0055db7f	3
0055db84	0055db8f	12
0055db98	0055db9f	8
0055dbae	0055dbaf	2
0055dc52	0055dc5f	14
0055dcd1	0055dcdf	15
0055dd54	0055dd5f	12
0055ddb6	0055ddbf	10
0055de25	0055de2f	11
0055de8c	0055de8f	4
0055deb5	0055dec0	12
0055dec7	0055decf	9
0055df48	0055df53	12
0055df55	0055df5f	11
0055dfde	0055dfe9	12
0055dfeb	0055dfef	5
0055e066	0055e071	12
0055e073	0055e07f	13
0055e113	0055e11e	12
0055e198	0055e1a3	12
0055e1a5	0055e1af	11
0055e243	0055e24e	12
0055e275	0055e280	12
0055e287	0055e28f	9
0055e2e1	0055e2ef	15
0055e35f	0055e35f	1
0055e3d1	0055e3df	15
0055e44b	0055e454	10
0055e4d5	0055e4df	11
0055e54a	0055e54f	6
0055e56d	0055e56f	3
0055e58b	0055e58f	5
0055e5d8	0055e5df	8
0055e601	0055e60f	15
0055e6f5	0055e6ff	11
0055e755	0055e75f	11
0055e7b5	0055e7bf	11
0055e7e5	0055e7ef	11
0055e81d	0055e81f	3
0055e853	0055e862	16
0055e886	0055e88f	10
0055e90e	0055e90f	2
0055e936	0055e93f	10
0055e95d	0055e95f	3
0055e9f7	0055e9ff	9
0055ea3d	0055ea3f	3
0055ea73	0055ea75	3
0055ea8e	0055ea94	7
0055eaab	0055eaaf	5
0055eac9	0055eacf	7
0055eaff	0055eaff	1
0055eb35	0055eb3f	11
0055ecec	0055ecef	4
0055ee2f	0055ee31	3
0055ee5f	0055ee6a	12
0055ef1e	0055ef1f	2
0055f004	0055f00f	12
0055f13e	0055f13f	2
0055f15e	0055f15f	2
0055f278	0055f27f	8
0055f308	0055f30f	8
0055f38e	0055f390	3
0055f3ae	0055f3b0	3
0055f421	0055f423	3
0055f4d3	0055f4d5	3
0055f503	0055f50e	12
0055f5c9	0055f5cf	7
0055f673	0055f675	3
0055f6a3	0055f6ae	12
0055f819	0055f81f	7
0055f8d7	0055f8df	9
0055f949	0055f94f	7
0055fa07	0055fa0f	9
0055fb49	0055fb4b	3
0055fb79	0055fb84	12
0055fc3a	0055fc3f	6
0055fce5	0055fcef	11
0055fd69	0055fd6f	7
0055fdca	0055fdcf	6
0055fe53	0055fe5f	13
0055fea9	0055feaf	7
0055fecf	0055fecf	1
0055ff02	0055ff0f	14
0055ffc7	0055ffcf	9
00560021	0056002f	15
005601c1	005601cf	15
00560263	0056026f	13
005603b1	005603bf	15
00560466	0056046f	10
0056053a	0056053f	6
0056065d	0056065f	3
00560681	0056068f	15
00560737	0056073f	9
005607ab	005607af	5
00561299	0056129f	7
005615ed	005615ef	3
00561c1a	00561c1f	6
00561f1f	00561f21	3
00561f6c	00561f6e	3
00561f7b	00561f7f	5
00562444	00562446	3
00562475	00562477	3
00562487	0056248f	9
005624a6	005624af	10
00562533	0056253f	13
005625f9	005625ff	7
0056268e	0056268f	2
005626e4	005626f3	16
00562708	0056270f	8
005627af	005627be	16
005627e5	005627ef	11
005628d8	005628df	8
00562b08	00562b0f	8
00562d5d	00562d5f	3
00562dc9	00562dcf	7
00562e47	00562e4f	9
005632cb	005632cf	5
005632fd	005632ff	3
00563307	0056330f	9
00563317	0056331f	9
00563327	0056332f	9
00563337	0056333f	9
0056339b	0056339f	5
005633f1	005633ff	15
00563438	0056343f	8
00563478	0056347f	8
005634ab	005634af	5
005634db	005634df	5
005635dd	005635df	3
0056364e	00563659	12
005636c0	005636cb	12
0056374b	00563759	15
005637db	005637e9	15
00563864	0056386f	12
005638bb	005638cf	21
00563949	0056394f	7
00563973	0056397f	13
005639a3	005639af	13
005639f7	005639ff	9
00563a52	00563a54	3
00563a7e	00563e5f	994
00563ebc	00563ebf	4
00563f1d	00563f1f	3
00563f3b	00563f3f	5
00563fc3	00563fcf	13
00563fee	00563fef	2
0056400e	0056400f	2
0056402e	0056402f	2
0056404e	0056404f	2
00564065	00564067	3
0056406e	0056406f	2
00564082	0056408f	14
005640a6	005640af	10
005640ce	005640cf	2
005640fe	005640ff	2
00564155	00564157	3
00564169	0056416f	7
00564213	00564215	3
00564227	0056422f	9
0056425e	0056425f	2
005642b5	005642b7	3
005642c9	005642cf	7
00564331	0056433f	15
005643d1	005643df	15
0056441b	0056441f	5
00564457	0056445f	9
005644c5	005644cf	11
005644ff	005644ff	1
00564582	0056458f	14
0056464d	0056464f	3
0056470d	0056470f	3
00564759	0056475f	7
00564787	0056478f	9
005647d5	005647df	11
00564825	0056482f	11
005648c1	005648cf	15
0056496a	0056496f	6
00564973	0056497f	13
005649b3	005649bf	13
00564a0c	00564a0f	4
00564a4b	00564a4f	5
00564a87	00564a8f	9
00564ab2	00564abf	14
00564b46	00564b4f	10
00564be5	00564bef	11
00564c62	00564c6f	14
00564d39	00564d6f	55
00564dc9	00564dcf	7
00564e4e	00564e59	12
00564e5b	00564e5f	5
0056500c	0056500f	4
00565085	0056508f	11
005650c7	005650cf	9
00565121	0056512f	15
00565184	0056518f	12
00565249	0056524f	7
005652e9	005652ef	7
00565305	00565307	3
0056530e	0056530f	2
0056532d	0056532f	3
0056534b	0056534f	5
0056536c	0056536f	4
0056537d	0056537f	3
0056539d	0056539f	3
005653bd	005653bf	3
005653de	005653df	2
005653f4	005653ff	12
00565425	0056542f	11
00565435	0056543f	11
005654a8	005654af	8
005654ba	005654bf	6
005654fd	005654ff	3
00565536	0056553f	10
0056554d	0056554f	3
00565586	0056558f	10
00565659	0056565f	7
00565721	0056572f	15
0056580d	0056580f	3
00565884	0056588f	12
005658b9	005658bf	7
00565945	0056597f	59
005659ea	005659ef	6
00565a16	00565a1f	10
00565a8f	00565a8f	1
00565b01	00565b0f	15
00565b29	00565b2f	7
00565c55	00565c5f	11
00565cf5	00565cff	11
00565d88	00565d8f	8
00565e0c	00565e0f	4
0056609d	0056609f	3
0056611c	0056611f	4
005661a5	005661af	11
005661c9	005661cb	3
005661f9	005661fb	3
0056621b	0056621f	5
00566408	0056640f	8
00566416	0056641f	10
0056643a	0056643f	6
00566448	0056644f	8
0056645b	0056645f	5
0056646e	0056646f	2
0056649b	0056649f	5
005664ab	005664af	5
005664c5	005664c7	3
005664ce	005664cf	2
005664eb	005664ef	5
00566506	0056650f	10
00566526	0056652f	10
005665a5	005665af	11
0056678f	0056678f	1
00566a0d	00566a0f	3
00566be1	00566bef	15
00566c4d	00566c4f	3
00566ca3	00566caf	13
00566d9a	00566d9f	6
00566dc9	00566dcf	7
00566ded	00566def	3
00566eb8	00566ebf	8
00566ee6	00566eef	10
00566f0b	00566f0f	5
00566f3d	00566f3f	3
00566fc2	00566fcf	14
0056701f	0056701f	1
0056702f	0056702f	1
005671a2	005671af	14
005671e8	005671ef	8
00567267	0056726f	9
0056738f	0056738f	1
00567943	0056794f	13
00567987	0056798f	9
005679d2	005679df	14
00567b79	00567b7b	3
00567ba9	00567bb4	12
00567c6a	00567c6f	6
00567e01	00567e03	3
00567e37	00567e42	12
00567f1d	00567f1f	3
0056805a	0056805f	6
005680c9	005680cf	7
00568185	005681a4	32
00568349	0056834b	3
00568356	0056835f	10
005683b8	005683bf	8
00568418	0056841f	8
005684a2	005684af	14
005684f1	005684ff	15
00568601	0056860f	15
005686c1	005686c3	3
005688a9	005688af	7
0056891a	0056891f	6
00568e8e	00568e90	3
00568e9e	00568e9f	2
0056951f	0056951f	1
0056955f	00569561	3
00569568	0056956f	8
005695a5	005695af	11
0056979e	0056979f	2
005697a6	005697af	10
005697d6	005697df	10
005697e8	005697ef	8
005697fb	005697ff	5
0056982c	0056982f	4
00569845	00569847	3
0056984e	0056984f	2
00569868	0056986a	3
0056988d	0056988f	3
005698b2	005698b4	3
005698d7	005698d9	3
00569910	00569912	3
0056992c	0056992e	3
00569956	00569958	3
00569985	00569987	3
005699a7	005699af	9
005699bd	005699cf	19
005699f6	005699f8	3
005699ff	005699ff	1
00569a22	00569a2f	14
00569a51	00569a5f	15
00569a6d	00569a6f	3
00569a78	00569a7f	8
00569a9e	00569a9f	2
00569ad8	00569adf	8
00569b58	00569b63	12
00569b65	00569b6f	11
00569be2	00569bed	12
00569bef	00569bef	1
00569c6e	00569c79	12
00569c7b	00569c7f	5
00569cac	00569caf	4
00569e5c	00569e5f	4
00569f0b	00569f0f	5
00569fee	00569fef	2
0056a134	0056a13f	12
0056a1f9	0056a1ff	7
0056a339	0056a33b	3
0056a369	0056a374	12
0056a42a	0056a42f	6
0056a497	0056a4a1	11
0056a59a	0056a59c	3
0056a5a6	0056a5af	10
0056a816	0056a81f	10
0056a86d	0056a86f	3
0056a93e	0056a940	3
0056a945	0056a94f	11
0056a96a	0056a96f	6
0056a9a4	0056a9a6	3
0056a9ba	0056a9bc	3
0056a9e5	0056aa8f	171
0056aa96	0056aa9f	10
0056aac5	0056aacf	11
0056aad8	0056aadf	8
0056acd9	0056acdf	7
0056acf5	0056acf7	3
0056acfe	0056acff	2
0056ad07	0056ad0f	9
0056ad96	0056ad9f	10
0056ade3	0056adef	13
0056ae27	0056ae29	3
0056b0f9	0056b0ff	7
0056b1db	0056b1eb	17
0056b1ff	0056b207	9
0056b20e	0056b219	12
0056b22d	0056b235	9
0056b23c	0056b24f	20
0056b308	0056b30f	8
0056b317	0056b31f	9
0056b327	0056b32f	9
0056b337	0056b33f	9
0056b347	0056b34f	9
0056b357	0056b35f	9
0056b367	0056b36f	9
0056b377	0056b37f	9
0056b387	0056b38f	9
0056b397	0056b39f	9
0056b3a7	0056b3af	9
0056b3ca	0056b3cf	6
0056b3fe	0056b3ff	2
0056b4f0	0056b51f	48
0056b52d	0056b52f	3
0056b53d	0056b53f	3
0056b565	0056b56f	11
0056b57d	0056b57f	3
0056b5ac	0056b5af	4
0056b5c8	0056b5cf	8
0056b657	0056b65f	9
0056b669	0056b66f	7
0056b6e6	0056b6ef	10
0056b714	0056b71f	12
0056b744	0056b74f	12
0056b7d9	0056b7df	7
0056b7e6	0056b7ef	10
0056b7fb	0056b7ff	5
0056b81a	0056b81f	6
0056b833	0056b83f	13
0056b86a	0056b86f	6
0056b888	0056b88f	8
0056b8bb	0056b8bf	5
0056b8c9	0056b8cf	7
0056b8d9	0056b8df	7
0056b8ea	0056b8ef	6
0056b9a1	0056b9af	15
0056b9c6	0056b9cf	10
0056ba48	0056ba53	12
0056ba55	0056ba5f	11
0056bad2	0056badd	12
0056badf	0056badf	1
0056bc83	0056bc8f	13
0056bd75	0056bd7f	11
0056bdb9	0056bdc2	10
0056bdc7	0056bdcf	9
0056bee2	0056beef	14
0056bf29	0056bf2f	7
0056c3f5	0056c3ff	11
0056c41a	0056c41f	6
0056c466	0056c46f	10
0056c7e9	0056c7ef	7
0056c83d	0056c83f	3
0056cd42	0056cd4f	14
0056ce18	0056ce1f	8
0056ce2f	0056ce2f	1
0056ce63	0056ce6f	13
0056cf0b	0056cf0f	5
0056cfab	0056cfaf	5
0056cfe2	0056cfef	14
0056d03f	0056d048	10
0056d053	0056d05f	13
0056d0af	0056d0b8	10
0056d0c3	0056d0cf	13
0056d247	0056d254	14
0056d364	0056d36f	12
0056d643	0056d64f	13
0056db66	0056db6f	10
0056de7a	0056de7f	6
0056dec5	0056decf	11
0056dee5	0056deef	11
0056def7	0056deff	9
0056df07	0056df0f	9
0056df28	0056df2f	8
0056df48	0056df4f	8
0056df57	0056df5f	9
0056df6d	0056df6f	3
0056df77	0056df7f	9
0056df8d	0056df8f	3
0056df97	0056df9f	9
0056dfad	0056dfaf	3
0056dfb7	0056dfbf	9
0056dfcd	0056dfcf	3
0056dfd7	0056dfdf	9
0056dfe7	0056dfef	9
0056dff7	0056dfff	9
0056e007	0056e00f	9
0056e017	0056e01f	9
0056e02d	0056e02f	3
0056e037	0056e03f	9
0056e073	0056e07f	13
0056e08d	0056e08f	3
0056e097	0056e09f	9
0056e0ad	0056e0af	3
0056e0b7	0056e0bf	9
0056e0cd	0056e0cf	3
0056e0d7	0056e0df	9
0056e0ed	0056e0ef	3
0056e0f7	0056e0ff	9
0056e107	0056e10f	9
0056e11d	0056e11f	3
0056e127	0056e12f	9
0056e13d	0056e13f	3
0056e147	0056e14f	9
0056e15d	0056e15f	3
0056e167	0056e16f	9
0056e177	0056e17f	9
0056e18d	0056e18f	3
0056e197	0056e19f	9
0056e1ba	0056e1bf	6
0056e1da	0056e1df	6
0056e1ed	0056e1ef	3
0056e1f7	0056e1ff	9
0056e20d	0056e20f	3
0056e217	0056e21f	9
0056e239	0056e23f	7
0056e247	0056e24f	9
0056e258	0056e25f	8
0056e26b	0056e26f	5
0056e27b	0056e27f	5
0056e28b	0056e28f	5
0056e29b	0056e29f	5
0056e2ae	0056e2af	2
0056e2db	0056e2df	5
0056e2eb	0056e2ef	5
0056e2fb	0056e2ff	5
0056e30b	0056e30f	5
0056e33b	0056e33f	5
0056e36b	0056e36f	5
0056e39b	0056e39f	5
0056e3cb	0056e3cf	5
0056e3fb	0056e3ff	5
0056e425	0056e425	1
0056e429	0056e42f	7
0056e455	0056e455	1
0056e459	0056e45f	7
0056e485	0056e485	1
0056e489	0056e48f	7
0056e4b5	0056e4b5	1
0056e4b9	0056e4bf	7
0056e4e5	0056e4e5	1
0056e4e9	0056e4ef	7
0056e505	0056e507	3
0056e50e	0056e50f	2
0056e526	0056e528	3
0056e558	0056e55a	3
0056e586	0056e588	3
0056e5af	0056e5b1	3
0056e5d8	0056e5da	3
0056e601	0056e603	3
0056e631	0056e63f	15
0056e68c	0056e68f	4
0056e6a3	0056e6af	13
0056e7b7	0056e7c4	14
0056e879	0056e87f	7
0056e8b7	0056e8b9	3
0056e8dc	0056e8de	3
0056e907	0056e9bf	185
0056e9f1	0056e9ff	15
0056ea04	0056ea0f	12
0056ea24	0056ea2f	12
0056ea45	0056ea4f	11
0056ea5b	0056ea5f	5
0056ea6b	0056ea6f	5
0056ea83	0056ea8f	13
0056ea9d	0056ea9f	3
0056eaee	0056eaef	2
0056ec92	0056ec9f	14
0056ecb5	0056ecb7	3
0056ecbe	0056ecbf	2
0056ece2	0056ecef	14
0056eefa	0056ef07	14
0056f032	0056f03f	14
0056f085	0056f08f	11
0056f1af	0056f1af	1
0056f1cf	0056f1cf	1
0056f20e	0056f20f	2
0056f254	0056f25f	12
0056f2c6	0056f2cf	10
0056f2f5	0056f2ff	11
0056f31f	0056f31f	1
0056f327	0056f32f	9
0056f338	0056f33f	8
0056f355	0056f35f	11
0056f38d	0056f38f	3
0056f40e	0056f419	12
0056f41b	0056f41f	5
0056f4b3	0056f4be	12
0056f553	0056f55e	12
0056f585	0056f590	12
0056f597	0056f59f	9
0056f611	0056f61f	15
0056f64d	0056f64f	3
0056f6e2	0056f6ef	14
0056f797	0056f79f	9
0056f7cf	0056f7cf	1
0056f97c	0056f97f	4
0056fc5a	0056fc5f	6
0056fcdb	0056fcdf	5
0056fd99	0056fd9f	7
0056fe57	0056fe5f	9
0056fede	0056fee9	12
0056feeb	0056feef	5
005704a5	005704a7	3
0057053b	0057053f	5
005706ec	005706ef	4
00570721	00570723	3
00570737	00570742	12
0057074a	0057074f	6
00570809	0057080f	7
005708b1	0057090f	95
00570935	0057093f	11
00570985	0057098e	10
005709f5	005709f7	3
00570a4e	00570a50	3
00570a6d	00570a6f	3
00570a86	00570a88	3
00570ad2	00570ad4	3
00570ad9	00570adf	7
00570b97	00570b9f	9
00570e55	00570e57	3
00570e64	00570e6f	12
00570e85	00570e87	3
00570e8e	00570e8f	2
00570eb0	00570ebf	16
00570fab	00570faf	5
00570fb6	00570fbf	10
00570fed	00570fef	3
00570ff8	00570fff	8
00571022	0057102f	14
0057105d	0057105f	3
00571066	0057106f	10
00571097	0057109f	9
005710bd	005710bf	3
00571107	0057110f	9
00571142	0057114f	14
0057117a	0057117f	6
0057143a	0057143f	6
00571543	0057154f	13
00571556	0057155f	10
00571602	0057160f	14
00571615	0057161f	11
00571674	0057167f	12
005716d1	005716df	15
005716fc	005716ff	4
0057170a	0057170f	6
0057171d	0057171f	3
00571727	0057172f	9
00571755	0057175f	11
00571783	0057178f	13
005717b1	005717bf	15
005717cd	005717cf	3
00571833	0057183f	13
00571863	0057186f	13
00571893	0057189f	13
005718cb	005718cf	5
005718f3	005718ff	13
0057192b	0057192f	5
00571953	0057195f	13
00571983	0057198f	13
005719bb	005719bf	5
005719e4	005719ef	12
00571a2e	00571a2f	2
00571a6d	00571a6f	3
00571ab2	00571abf	14
00571b8e	00571b8f	2
00571bba	00571bbf	6
00571c47	00571c4f	9
00571e05	00571e0f	11
00571e29	00571e2f	7
00571fb7	00571fbf	9
0057202f	0057202f	1
00572039	0057203f	7
005720f8	005720ff	8
00572142	0057214f	14
00572251	0057225f	15
0057234e	0057234f	2
00572651	0057265f	15
00572746	0057274f	10
0057280a	0057280f	6
0057282b	0057282f	5
0057288f	0057288f	1
005728c2	005728cf	14
00572b19	00572b1f	7
00572bdc	00572bde	3
00572c05	00572c0f	11
00572c50	00572c52	3
00572c6a	00572c6f	6
00572ec6	00572ecf	10
005731f2	005731ff	14
00573289	0057328b	3
005732de	005732e0	3
00573333	00573335	3
00573388	0057338a	3
005733dd	005733df	3
005733f3	005733ff	13
00573437	0057343f	9
0057378e	0057378f	2
005738c9	005738cb	3
005738f9	00573904	12
005739ba	005739bf	6
005739e6	005739e8	3
005739f9	005739fb	3
00573a0c	00573a0e	3
00573a42	00573a44	3
00573a67	00573a69	3
00573a8c	00573a8e	3
00573ab1	00573ab3	3
00573ad6	00573ad8	3
00573afb	00573afd	3
00573b19	00573b1f	7
00573b51	00573b5f	15
00573b67	00573b6f	9
00573b77	00573b7f	9
00573b99	00573b9f	7
00573bab	00573baf	5
00573bbe	00573bbf	2
00573beb	00573bef	5
00573bfb	00573bff	5
0057414a	0057414f	6
00574165	00574167	3
0057416e	0057416f	2
00574368	00574381	26
0057465e	00574660	3
0057479a	0057479f	6
00575196	0057519f	10
00575619	0057561f	7
00575673	0057567f	13
00575686	0057568f	10
005756b6	005756bf	10
005756c8	005756cf	8
005756db	005756df	5
005756eb	005756ef	5
00575705	00575707	3
0057570e	0057570f	2
00575731	00575733	3
00575761	00575763	3
0057578a	0057578c	3
005757b3	005757b5	3
005757dc	005757de	3
00575805	00575807	3
0057582e	00575830	3
00575857	00575859	3
0057587c	0057587e	3
005758a1	005758a3	3
005758ca	005758cc	3
005758f3	005758f5	3
0057591c	0057591e	3
00575945	00575947	3
0057596e	00575970	3
00575997	00575999	3
005759b7	005759bf	9
00575e2e	00575e2f	2
0057615a	0057615f	6
00576b61	00576b6f	15
00576d1a	00576d1f	6
00576e6a	00576e6f	6
0057728c	0057728e	3
005772c2	005772c4	3
0057735e	0057735f	2
005773b1	005773bf	15
00577629	0057762e	6
00577997	0057799f	9
00577a1b	00577a1f	5
00577f7d	00577f7f	3
00578993	0057899f	13
005792b1	005792ef	63
00579312	0057931f	14
00579349	0057934f	7
00579369	0057936f	7
0057949e	0057949f	2
005794f2	005794ff	14
0057953a	0057953f	6
00579725	0057972f	11
005798db	005798df	5
005799f6	005799ff	10
00579a38	00579a3f	8
00579b1e	00579b1f	2
00579b4d	00579b4f	3
00579d94	00579d9f	12
00579dcb	00579dcd	3
00579df0	00579df2	3
00579e15	00579e17	3
00579e3a	00579e3c	3
00579e5f	00579e61	3
00579e7d	00579e7f	3
00579ec3	00579ecf	13
00579ee5	00579ee7	3
00579eee	00579eef	2
00579f38	00579f3f	8
0057a037	0057a03f	9
0057a177	0057a17f	9
0057a2e9	0057a2ef	7
0057a63d	0057a63f	3
0057a646	0057a64f	10
0057a67d	0057a67f	3
0057a688	0057a68f	8
0057a6b2	0057a6bf	14
0057a6d5	0057a6d7	3
0057a6de	0057a6df	2
0057a6f7	0057a6f9	3
0057a71c	0057a71e	3
0057a741	0057a743	3
0057a766	0057a768	3
0057a78b	0057a78d	3
0057a7c5	0057a7c7	3
0057a7e2	0057a7e4	3
0057a807	0057a809	3
0057a82c	0057a82e	3
0057a851	0057a853	3
0057a876	0057a878	3
0057a89b	0057a89d	3
0057a8bc	0057a8bf	4
0057aa8f	0057aa91	3
0057aa96	0057aa9f	10
0057abac	0057abaf	4
0057abbd	0057abbf	3
0057abd9	0057abdf	7
0057abf9	0057abff	7
0057ac18	0057ac1f	8
0057ac2b	0057ac2f	5
0057ac3b	0057ac3f	5
0057ac76	0057ac78	3
0057ac7f	0057ac7f	1
0057ad58	0057ad5f	8
0057ae34	0057ae3f	12
0057aea8	0057aeaf	8
0057af86	0057af8f	10
0057b025	0057b027	3
0057b02e	0057b02f	2
0057b051	0057b05f	15
0057b097	0057b09f	9
0057b15c	0057b15f	4
0057b17d	0057b17f	3
0057b1be	0057b1bf	2
0057b232	0057b23f	14
0057b5d9	0057b5df	7
0057b6b9	0057b6bb	3
0057b712	0057b714	3
0057b731	0057b733	3
0057b74b	0057b74d	3
0057b754	0057b75f	12
0057b87f	0057b881	3
0057b89a	0057b89f	6
0057b8a6	0057b8af	10
0057b8d6	0057b8df	10
0057b8e8	0057b8ef	8
0057b8fb	0057b8ff	5
0057b922	0057b92f	14
0057b945	0057b947	3
0057b94e	0057b94f	2
0057b967	0057b969	3
0057b9a2	0057b9ef	78
0057ba29	0057ba2f	7
0057bab5	0057babf	11
0057bb61	0057bb6f	15
0057bd0a	0057bd0f	6
0057bdd8	0057bddf	8
0057bec4	0057becf	12
0057c0dc	0057c0df	4
0057c15e	0057c15f	2
0057c1ba	0057c1bf	6
0057c208	0057c20f	8
0057c585	0057c58f	11
0057c5c8	0057c5cf	8
0057c5eb	0057c5ef	5
0057c5fd	0057c5ff	3
0057c607	0057c60f	9
0057c617	0057c61f	9
0057c62d	0057c62f	3
0057c637	0057c63f	9
0057c64d	0057c64f	3
0057c67c	0057c67f	4
0057c6f1	0057c6ff	15
0057c757	0057c75f	9
0057c79c	0057c79f	4
0057c7f4	0057c7ff	12
0057c83c	0057c83f	4
0057c89a	0057c89f	6
0057c94c	0057c94f	4
0057ca22	0057ca2f	14
0057cb5c	0057cb5f	4
0057cc62	0057cc6f	14
0057cc9e	0057cc9f	2
0057ccc8	0057cccf	8
0057ce66	0057ce6f	10
0057d031	0057d03f	15
0057d117	0057d13f	41
0057d263	0057d26f	13
0057d2c3	0057d2cf	13
0057d3be	0057d3bf	2
0057d4b1	0057d4bf	15
0057d52e	0057d52f	2
0057d5b1	0057d5bf	15
0057d5d4	0057d5df	12
0057d8d6	0057d8df	10
0057d93a	0057d93f	6
0057d97c	0057d97e	3
0057d9bb	0057da0f	85
0057da15	0057da1f	11
0057da48	0057da4f	8
0057dbeb	0057dbef	5
0057dd63	0057dd6f	13
0057dd85	0057dd87	3
0057dd8e	0057dd8f	2
0057dd97	0057dd9f	9
0057dda7	0057ddaf	9
0057ddb7	0057ddbf	9
0057de25	0057de2f	11
0057de61	0057de6f	15
0057df2d	0057df2f	3
0057df6c	0057df6f	4
0057dfee	0057dfef	2
0057e037	0057e039	3
0057e041	0057e04f	15
0057e324	0057e32f	12
0057e578	0057e57f	8
0057e5b7	0057e5bf	9
0057e8b2	0057e8bf	14
0057e8de	0057e8df	2
0057e8eb	0057e8ef	5
0057e8fb	0057e8ff	5
0057e904	0057e90f	12
0057e935	0057e93f	11
0057e965	0057e96f	11
0057e979	0057e97f	7
0057e998	0057e99f	8
0057e9aa	0057e9af	6
0057e9c8	0057e9cf	8
0057e9db	0057e9df	5
0057e9f8	0057e9ff	8
0057ea0b	0057ea0f	5
0057ea28	0057ea2f	8
0057ea3b	0057ea3f	5
0057ea58	0057ea5f	8
0057ea6b	0057ea6f	5
0057ea7b	0057ea7f	5
0057ea9e	0057ea9f	2
0057eaab	0057eaaf	5
0057eace	0057eacf	2
0057eadb	0057eadf	5
0057eafe	0057eaff	2
0057eb0b	0057eb0f	5
0057eb2e	0057eb2f	2
0057eb3b	0057eb3f	5
0057eb5e	0057eb5f	2
0057eb90	0057eb92	3
0057eb99	0057eb9f	7
0057ebd0	0057ebd2	3
0057ebd9	0057ebdf	7
0057ec10	0057ec12	3
0057ec19	0057ec1f	7
0057ec26	0057ec2f	10
0057ec82	0057ec8f	14
0057ec96	0057ec9f	10
0057ecf2	0057ecff	14
0057ed06	0057ed0f	10
0057ed62	0057ed6f	14
0057edc2	0057edcf	14
0057edd5	0057eddf	11
0057ede5	0057edef	11
0057edf5	0057edff	11
0057ee05	0057ee0f	11
0057ee15	0057ee1f	11
0057ee25	0057ee2f	11
0057ee36	0057ee3f	10
0057ee63	0057ee6f	13
0057ee76	0057ee7f	10
0057eea3	0057eeaf	13
0057eeb6	0057eebf	10
0057eee3	0057eeef	13
0057ef13	0057ef1f	13
0057ef26	0057ef2f	10
0057ef36	0057ef3f	10
0057ef92	0057ef9f	14
0057efba	0057efbf	6
0057f012	0057f01f	14
0057f043	0057f04f	13
0057f056	0057f05f	10
0057f066	0057f06f	10
0057f0c2	0057f0cf	14
0057f0f3	0057f0ff	13
0057f11e	0057f11f	2
0057f179	0057f17f	7
0057f214	0057f21f	12
0057f2b4	0057f2bf	12
0057f321	0057f32f	15
0057f3c4	0057f3cf	12
0057f47e	0057f480	3
0057f48a	0057f48f	6
0057f524	0057f52f	12
0057f5c4	0057f5cf	12
0057f67e	0057f680	3
0057f68a	0057f68f	6
0057f724	0057f72f	12
0057f76a	0057f76f	6
0057f808	0057f80f	8
0057f81c	0057f81f	4
0057f846	0057f84f	10
0057f8e8	0057f8ef	8
0057f8fc	0057f8ff	4
0057f926	0057f92f	10
0057f9c8	0057f9cf	8
0057fa68	0057fa6f	8
0057fb47	0057fb49	3
0057fb53	0057fb5f	13
0057fc37	0057fc39	3
0057fc43	0057fc4f	13
0057fcfe	0057fcff	2
0057fd43	0057fd45	3
0057fd4d	0057fd4f	3
0057fdae	0057fdaf	2
0057fe44	0057fe4f	12
0057feae	0057feaf	2
0057ff5e	0057ff5f	2
0057ff68	0057ff6f	8
0057ff97	0057ff99	3
00580021	0058002c	12
00580062	0058006f	14
00580104	0058010f	12
005801ba	005801bc	3
005801c6	005801cf	10
0058022e	0058022f	2
00580235	0058023f	11
005802d8	005802df	8
00580378	0058037f	8
00580418	0058041f	8
0058044e	0058044f	2
005804e8	005804ef	8
00580588	0058058f	8
005805be	005805bf	2
0058062e	0058062f	2
005806de	005806df	2
0058074e	0058074f	2
005807fe	005807ff	2
00580808	0058080f	8
00580837	00580839	3
005808be	005808c8	11
00580911	0058091f	15
00580e5c	00580e5f	4
00580e65	00580e6f	11
00580eb2	00580ebf	14
00580f1e	00580f1f	2
00580fc7	00580fcf	9
00580fe2	00580fef	14
00580ff8	00580fff	8
00581038	0058103f	8
00581084	0058108f	12
00581096	0058109f	10
005810c5	005810cf	11
005810ea	005810ef	6
0058111c	0058111f	4
00581161	0058116f	15
00581199	0058119b	3
005811a2	005811af	14
005811b7	005811bf	9
005811c7	005811cf	9
00581212	0058121f	14
005812f3	005812ff	13
00581305	0058130f	11
00581368	0058136f	8
005813fc	005813ff	4
00581421	0058142f	15
0058156a	0058156f	6
0058177d	0058177f	3
005817cd	005817cf	3
005818b8	005818cf	24
00581905	0058190f	11
00581945	0058194f	11
00581987	0058198f	9
005819c7	005819cf	9
005819e8	005819ea	3
005819fc	005819ff	4
00581a18	00581a1a	3
00581a37	00581a39	3
00581a61	00581a6f	15
00581a85	00581a87	3
00581a8e	00581a8f	2
00581bc9	00581bcb	3
00581bf9	00581c04	12
00581cba	00581cbf	6
00581d2e	00581d2f	2
00581d36	00581d3f	10
00581d5a	00581d5f	6
00581d68	00581d6f	8
00581d7b	00581d7f	5
00581dac	00581daf	4
00581dd2	00581dd4	3
00581ddb	00581ddf	5
00581e2d	00581e2f	3
00581edf	00581edf	1
00581efa	00581eff	6
00581fd3	00581fdf	13
005820cc	005820cf	4
005820ed	005820ef	3
00582265	00582270	12
00582277	0058227f	9
00582313	0058231e	12
0058239e	005823a9	12
005823ab	005823af	5
005823dc	005823df	4
00582497	0058249f	9
0058264c	0058264f	4
005826b6	005826bf	10
00582779	0058277f	7
005828e9	005828ef	7
00582940	0058295f	32
00582985	0058298f	11
00582a09	00582a0f	7
00582a4f	00582a4f	1
00582a65	00582a67	3
00582a6e	00582a6f	2
00582ab6	00582abf	10
00582ac4	00582acf	12
00582ae4	00582aef	12
00582af6	00582aff	10
00582b74	00582b7f	12
00582bd0	00582bd2	3
00582bd9	00582bdf	7
00582c58	00582c63	12
00582c65	00582c6f	11
00582ce2	00582ced	12
00582cef	00582cef	1
00582d07	00582d0f	9
00582d7f	00582d7f	1
00582d98	00582d9f	8
00582e1b	00582e1f	5
00582e3b	00582e3f	5
00582ee3	00582eef	13
00582f16	00582f1f	10
00582f7f	00582f7f	1
005830ea	005830ef	6
0058322f	00583231	3
0058325f	0058326a	12
0058331e	0058331f	2
005833e4	005833ef	12
00583459	0058345f	7
0058349d	0058349f	3
00583502	0058350f	14
0058355d	0058355f	3
005835c2	005835cf	14
005836f6	005836ff	10
0058386f	0058386f	1
0058389f	0058389f	1
005838c8	005838cf	8
00583a3f	00583a3f	1
00583aba	00583abf	6
00583b2f	00583b2f	1
00583c45	00583c4f	11
00583d2f	00583d2f	1
00583e4a	00583e4f	6
005841fe	005841ff	2
0058438e	0058438f	2
005843cb	005843cd	3
005843f7	005843ff	9
00584485	0058448f	11
005844c3	005844cc	10
00584512	00584514	3
0058453f	0058453f	1
005845a3	005845af	13
00584618	0058461f	8
00584693	0058469f	13
005846f3	005846ff	13
00584725	0058472f	11
00584745	00584747	3
0058474e	0058474f	2
00584984	0058498f	12
005849fb	005849ff	5
00584a2d	00584a2f	3
00584a8c	00584a8f	4
00584b12	00584b1f	14
00584b83	00584b8f	13
00584c03	00584c0f	13
00584c7b	00584c7f	5
00584ccd	00584ccf	3
00584cfa	00584cff	6
00584dc2	00584dcf	14
00584def	00584def	1
00584e25	00584e2f	11
00584e78	00584e7f	8
00584ea4	00584eaf	12
00584f71	00584f7f	15
0058508d	0058508f	3
00585117	0058511f	9
0058535d	0058535f	3
005854f5	005854ff	11
00585543	0058554f	13
0058566e	00585670	3
00585676	0058567f	10
005856f2	005856ff	14
0058576e	0058576f	2
00585798	0058579f	8
005857ea	005857ef	6
00585812	0058581f	14
00585839	0058583f	7
0058585a	0058585f	6
005858d8	005858e3	12
005858e5	005858ef	11
00585962	0058596d	12
0058596f	0058596f	1
005859e3	005859ef	13
00585a58	00585a5f	8
00585ac4	00585acf	12
00585afd	00585aff	3
00585b2d	00585b2f	3
00585bbf	00585bbf	1
00585c08	00585c13	12
00585c1e	00585c1f	2
00585ca6	00585caf	10
00585d33	00585d3f	13
00585d73	00585d7f	13
00585df6	00585e01	12
00585e03	00585e0f	13
00585e6a	00585e6f	6
00585f24	00585f2f	12
00585f89	00585f8f	7
005860f9	005860ff	7
005861cd	005861cf	3
005861ec	005861ee	3
00586213	0058621f	13
00586335	00586337	3
00586358	0058635a	3
00586367	0058636f	9
005863fb	005863ff	5
0058641e	005864bf	162
005864e5	005864ef	11
005864f6	005864ff	10
0058650a	0058650f	6
005865c7	005865cf	9
005865e5	005865e7	3
005865ee	005865ef	2
005865f6	005865ff	10
00586622	0058662f	14
0058665d	0058665f	3
00586681	0058668f	15
005866ae	005866af	2
005866ca	005866cf	6
005866fc	005866ff	4
00586738	0058673f	8
00586785	0058678f	11
005867c5	005867cf	11
00586803	0058680f	13
00586874	0058687f	12
005868ad	005868af	3
005868d9	005868db	3
0058690d	0058690f	3
0058695f	0058695f	1
00586973	00586975	3
00586996	0058699f	10
00586a16	00586a1f	10
00586a7a	00586a7f	6
00586ae2	00586aef	14
00586ba4	00586ba6	3
00586c4d	00586c4f	3
00586c61	00586c6f	15
00586d28	00586d2a	3
00586d9a	00586d9c	3
00586ddc	00586ddf	4
00586f6e	00586f70	3
00586fb4	00586fb6	3
0058706d	0058706f	3
0058708a	0058708f	6
005870b6	005870bf	10
00587111	0058711f	15
0058715a	0058715f	6
005871f7	005871ff	9
00587256	0058725f	10
00587296	0058729f	10
005872b4	005872bf	12
005872fd	005872ff	3
0058730d	0058730f	3
0058737a	0058737f	6
005873c5	005873cf	11
005873dd	005873df	3
00587411	0058741f	15
0058748a	0058748f	6
005874dd	005874df	3
00587558	00587563	12
00587565	0058756f	11
005875e6	005875f1	12
005875f3	005875ff	13
00587799	0058779f	7
0058782f	0058782f	1
00587836	0058783f	10
0058785a	0058785f	6
0058786b	0058786f	5
00587906	0058790f	10
005879a6	005879af	10
00587b22	00587b2f	14
00587ca9	00587caf	7
00587da2	00587daf	14
00587e49	00587e4f	7
00587e99	00587ea8	16
00587faf	00587faf	1
0058819a	0058819f	6
0058847b	005884bf	69
00588789	0058878f	7
005887c1	005887cf	15
005887d7	005887df	9
005887ed	005887ef	3
005887f7	005887ff	9
0058880d	0058880f	3
0058881d	0058881f	3
00588827	0058882f	9
00588841	0058884f	15
0058885d	0058885f	3
00588867	0058886f	9
00588888	0058888f	8
00588897	0058889f	9
005888ab	005888af	5
005888bb	005888bf	5
005888ce	005888cf	2
005888fb	005888ff	5
0058890b	0058890f	5
00588946	00588948	3
0058894f	0058894f	1
00588972	0058897f	14
00588a03	00588a0f	13
005896ce	005896cf	2
005896fa	005896ff	6
0058971c	0058971f	4
00589743	0058974f	13
00589756	0058975f	10
0058978d	0058978f	3
005897df	005897df	1
00589811	0058981f	15
00589827	0058982f	9
0058983b	0058983f	5
0058984b	0058984f	5
0058985b	0058985f	5
0058986b	0058986f	5
00589892	0058989f	14
005898c2	005898cf	14
005898d6	005898df	10
005898fa	005898ff	6
0058990d	0058990f	3
0058991d	0058991f	3
0058992d	0058992f	3
00589937	0058993f	9
00589947	0058994f	9
00589957	0058995f	9
00589985	0058998f	11
0058999d	0058999f	3
005899a7	005899af	9
005899b7	005899bf	9
00589a96	00589a9f	10
00589ac2	00589acf	14
00589b2b	00589b2f	5
00589b36	00589b3f	10
00589b6d	00589b6f	3
00589b8c	00589b8f	4
00589bac	00589baf	4
00589bbc	00589bbf	4
00589bc9	00589bcf	7
00589bdb	00589bdf	5
00589bec	00589bef	4
00589c0d	00589c0f	3
00589c1d	00589c1f	3
00589c27	00589c2f	9
00589c37	00589c3f	9
00589c4d	00589c4f	3
00589c5d	00589c5f	3
00589c67	00589c6f	9
00589c94	00589c9f	12
00589cb9	00589cbf	7
00589ce4	00589cef	12
00589d09	00589d0f	7
00589d17	00589d1f	9
00589d27	00589d2f	9
00589d37	00589d3f	9
00589d4d	00589d4f	3
00589d57	00589d5f	9
00589d67	00589d6f	9
00589d7d	00589d7f	3
00589d8d	00589d8f	3
00589d97	00589d9f	9
00589db4	00589dbf	12
00589dd7	00589ddf	9
00589de7	00589def	9
00589dfd	00589dff	3
00589e0d	00589e0f	3
00589e1d	00589e1f	3
00589e27	00589e2f	9
00589e3d	00589e3f	3
00589e4d	00589e4f	3
00589e57	00589e5f	9
00589e6d	00589e6f	3
00589e77	00589e7f	9
00589e8d	00589e8f	3
00589e97	00589e9f	9
00589ead	00589eaf	3
00589ebd	00589ebf	3
00589ec7	00589ecf	9
00589edd	00589edf	3
00589ee7	00589eef	9
00589efd	00589eff	3
00589f07	00589f0f	9
00589f1d	00589f1f	3
00589f27	00589f2f	9
00589f3d	00589f3f	3
00589f47	00589f4f	9
00589f5d	00589f5f	3
00589f67	00589f6f	9
00589f7d	00589f7f	3
00589f8d	00589f8f	3
00589f97	00589f9f	9
00589fbd	00589fbf	3
00589fcd	00589fcf	3
00589fd7	00589fdf	9
00589fed	00589fef	3
00589ff7	00589fff	9
0058a00d	0058a00f	3
0058a017	0058a01f	9
0058a02d	0058a02f	3
0058a037	0058a03f	9
0058a04d	0058a04f	3
0058a057	0058a05f	9
0058a07d	0058a07f	3
0058a09d	0058a09f	3
0058a0bd	0058a0bf	3
0058a0c7	0058a0cf	9
0058a0d7	0058a0df	9
0058a0e7	0058a0ef	9
0058a10d	0058a10f	3
0058a12d	0058a12f	3
0058a14d	0058a14f	3
0058a157	0058a15f	9
0058a167	0058a16f	9
0058a17d	0058a17f	3
0058a187	0058a18f	9
0058a19d	0058a19f	3
0058a1a7	0058a1af	9
0058a1bd	0058a1bf	3
0058a1c7	0058a1cf	9
0058a1d7	0058a1df	9
0058a1ed	0058a1ef	3
0058a1f7	0058a1ff	9
0058a20d	0058a20f	3
0058a217	0058a21f	9
0058a22d	0058a22f	3
0058a237	0058a23f	9
0058a24d	0058a24f	3
0058a257	0058a25f	9
0058a26d	0058a26f	3
0058a277	0058a27f	9
0058a28d	0058a28f	3
0058a297	0058a29f	9
0058a2ad	0058a2af	3
0058a2b7	0058a2bf	9
0058a2cd	0058a2cf	3
0058a2d7	0058a2df	9
0058a2ed	0058a2ef	3
0058a2f7	0058a2ff	9
0058a30d	0058a30f	3
0058a31d	0058a31f	3
0058a327	0058a32f	9
0058a34d	0058a34f	3
0058a35d	0058a35f	3
0058a367	0058a36f	9
0058a37d	0058a37f	3
0058a387	0058a38f	9
0058a39f	0058a39f	1
0058a3ad	0058a3af	3
0058a3b7	0058a3bf	9
0058a3e5	0058a3ef	11
0058a3f7	0058a3ff	9
0058a425	0058a42f	11
0058a455	0058a45f	11
0058a47d	0058a47f	3
0058a4a5	0058a4af	11
0058a4d5	0058a4df	11
0058a511	0058a513	3
0058a51a	0058a51f	6
0058a550	0058a552	3
0058a559	0058a55f	7
0058a591	0058a593	3
0058a59a	0058a59f	6
0058a5d1	0058a5d3	3
0058a5da	0058a5df	6
0058a610	0058a612	3
0058a619	0058a61f	7
0058a645	0058a64f	11
0058a675	0058a67f	11
0058a6b0	0058a6b2	3
0058a6b9	0058a6bf	7
0058a6f0	0058a6f2	3
0058a6f9	0058a6ff	7
0058a703	0058a70f	13
0058a716	0058a71f	10
0058a772	0058a77f	14
0058a786	0058a78f	10
0058a7e2	0058a7ef	14
0058a7f6	0058a7ff	10
0058a852	0058a85f	14
0058a866	0058a86f	10
0058a8c2	0058a8cf	14
0058a8d6	0058a8df	10
0058a932	0058a93f	14
0058a946	0058a94f	10
0058a9a2	0058a9af	14
0058a9b6	0058a9bf	10
0058aa12	0058aa1f	14
0058aa26	0058aa2f	10
0058aa82	0058aa8f	14
0058aa96	0058aa9f	10
0058aaf2	0058aaff	14
0058ab06	0058ab0f	10
0058ab62	0058ab6f	14
0058ab76	0058ab7f	10
0058abd2	0058abdf	14
0058abe6	0058abef	10
0058ac42	0058ac4f	14
0058ac56	0058ac5f	10
0058acb2	0058acbf	14
0058acc6	0058accf	10
0058ad22	0058ad2f	14
0058ad35	0058ad3f	11
0058ad45	0058ad4f	11
0058ad5c	0058ad5f	4
0058ad86	0058ad8f	10
0058ad9c	0058ad9f	4
0058adc6	0058adcf	10
0058addc	0058addf	4
0058ae06	0058ae0f	10
0058af96	0058af9f	10
0058afa6	0058afaf	10
0058afb6	0058afbf	10
0058afc6	0058afcf	10
0058afd6	0058afdf	10
0058afe6	0058afef	10
0058aff6	0058afff	10
0058b006	0058b00f	10
0058b016	0058b01f	10
0058b026	0058b02f	10
0058b036	0058b03f	10
0058b063	0058b06f	13
0058b076	0058b07f	10
0058b0a3	0058b0af	13
0058b0b6	0058b0bf	10
0058b0e3	0058b0ef	13
0058b0f6	0058b0ff	10
0058b123	0058b12f	13
0058b136	0058b13f	10
0058b163	0058b16f	13
0058b193	0058b19f	13
0058b1c3	0058b1cf	13
0058b1f3	0058b1ff	13
0058b223	0058b22f	13
0058b253	0058b25f	13
0058b283	0058b28f	13
0058b2b3	0058b2bf	13
0058b2e3	0058b2ef	13
0058b328	0058b32f	8
0058b368	0058b36f	8
0058b3a8	0058b3af	8
0058b3e8	0058b3ef	8
0058b428	0058b42f	8
0058b468	0058b46f	8
0058b4a8	0058b4af	8
0058b4b6	0058b4bf	10
0058b512	0058b51f	14
0058b543	0058b54f	13
0058b5a5	0058b5af	11
0058b605	0058b60f	11
0058b665	0058b66f	11
0058b6c5	0058b6cf	11
0058b725	0058b72f	11
0058b785	0058b78f	11
0058b7e5	0058b7ef	11
0058b845	0058b84f	11
0058b8a5	0058b8af	11
0058b8db	0058b8df	5
0058b911	0058b91f	15
0058b957	0058b95f	9
0058b997	0058b99f	9
0058ba0b	0058ba0d	3
0058ba28	0058ba2f	8
0058ba67	0058ba6f	9
0058baa7	0058baaf	9
0058bb0c	0058bb0f	4
0058bb47	0058bb4f	9
0058bb87	0058bb8f	9
0058bc2b	0058bc2f	5
0058bccb	0058bccf	5
0058bd6b	0058bd6f	5
0058be0b	0058be0f	5
0058beb8	0058beba	3
0058bec3	0058becf	13
0058bf6b	0058bf6f	5
0058c00b	0058c00f	5
0058c027	0058c02f	9
0058c064	0058c06f	12
0058c0d1	0058c0df	15
0058c141	0058c14f	15
0058c1f8	0058c1ff	8
0058c2a8	0058c2af	8
0058c2c2	0058c2c4	3
0058c2e8	0058c2ea	3
0058c2f1	0058c2ff	15
0058c3cc	0058c3cf	4
0058c423	0058c425	3
0058c42e	0058c42f	2
0058c456	0058c45f	10
0058c52c	0058c52f	4
0058c583	0058c585	3
0058c58e	0058c58f	2
0058c65c	0058c65f	4
0058c6b3	0058c6b5	3
0058c6be	0058c6bf	2
0058c6e6	0058c6ef	10
0058c7bc	0058c7bf	4
0058c813	0058c815	3
0058c81e	0058c81f	2
0058c846	0058c84f	10
0058c91c	0058c91f	4
0058c973	0058c975	3
0058c97e	0058c97f	2
0058c9a6	0058c9af	10
0058ca7c	0058ca7f	4
0058cb4c	0058cb4f	4
0058cbf8	0058cbff	8
0058cca8	0058ccaf	8
0058cd58	0058cd5f	8
0058ce19	0058ce1f	7
0058ce28	0058ce2f	8
0058ce57	0058ce59	3
0058cf19	0058cf1f	7
0058cf28	0058cf2f	8
0058cf57	0058cf59	3
0058d019	0058d01f	7
0058d028	0058d02f	8
0058d057	0058d059	3
0058d0fb	0058d0ff	5
0058d19b	0058d19f	5
0058d23b	0058d23f	5
0058d2d4	0058d2df	12
0058d37b	0058d37f	5
0058d41b	0058d41f	5
0058d4bb	0058d4bf	5
0058d554	0058d55f	12
0058d5f4	0058d5ff	12
0058d69d	0058d69f	3
0058d6ce	0058d6cf	2
0058d76d	0058d76f	3
0058d79e	0058d79f	2
0058d83d	0058d83f	3
0058d84c	0058d84f	4
0058d876	0058d87f	10
0058d91d	0058d91f	3
0058d94e	0058d94f	2
0058d9ed	0058d9ef	3
0058da8d	0058da8f	3
0058da9c	0058da9f	4
0058dac6	0058dacf	10
0058db89	0058db8f	7
0058db98	0058db9f	8
0058dbc7	0058dbc9	3
0058dc1d	0058dc1f	3
0058dc47	0058dc4f	9
0058dd09	0058dd0f	7
0058dd6a	0058dd74	11
0058dd96	0058dd9f	10
0058de59	0058de5f	7
0058deba	0058dec4	11
0058dee6	0058deef	10
0058dfa9	0058dfaf	7
0058e00a	0058e014	11
0058e036	0058e03f	10
0058e0f9	0058e0ff	7
0058e15a	0058e164	11
0058e186	0058e18f	10
0058e249	0058e24f	7
0058e309	0058e30f	7
0058e36a	0058e374	11
0058e396	0058e39f	10
0058e459	0058e45f	7
0058e4ba	0058e4c4	11
0058e4e6	0058e4ef	10
0058e619	0058e61f	7
0058e749	0058e74f	7
0058e879	0058e87f	7
0058e91d	0058e91f	3
0058e9bd	0058e9bf	3
0058ea5d	0058ea5f	3
0058eaf8	0058eaff	8
0058eb2e	0058eb2f	2
0058ebcd	0058ebcf	3
0058ebdc	0058ebdf	4
0058ec06	0058ec0f	10
0058ecad	0058ecaf	3
0058ecde	0058ecdf	2
0058ed7d	0058ed7f	3
0058ee18	0058ee1f	8
0058eeb8	0058eebf	8
0058ef7a	0058ef7f	6
0058ef88	0058ef8f	8
0058efd3	0058efd5	3
0058efdd	0058efdf	3
0058f09a	0058f09f	6
0058f15a	0058f15f	6
0058f21a	0058f21f	6
0058f2da	0058f2df	6
0058f39a	0058f39f	6
0058f3be	0058f3bf	2
0058f3e4	0058f3ef	12
0058f415	0058f41f	11
0058f44c	0058f44f	4
0058f471	0058f47f	15
0058f49f	0058f4a1	3
0058f4a8	0058f4af	8
0058f517	0058f519	3
0058f523	0058f52f	13
0058f57a	0058f57f	6
0058f59f	0058f5a1	3
0058f5a8	0058f5af	8
0058f5bc	0058f5bf	4
0058f5e1	0058f5ef	15
0058f5fa	0058f5ff	6
0058f61f	0058f621	3
0058f628	0058f62f	8
0058f6ea	0058f6ef	6
0058f7aa	0058f7af	6
0058f7f3	0058f7f5	3
0058f7fd	0058f7ff	3
0058f8ba	0058f8bf	6
0058f96e	0058f96f	2
0058f978	0058f97f	8
0058f9c3	0058f9c5	3
0058f9cd	0058f9cf	3
0058fa8a	0058fa8f	6
0058fb4a	0058fb4f	6
0058fc0a	0058fc0f	6
0058fc80	0058fc8a	11
0058fcca	0058fccf	6
0058fcd8	0058fcdf	8
0058fcf5	0058fcf7	3
0058fcfe	0058fcff	2
0058fd5e	0058fd5f	2
0058fdc5	0058fdcf	11
0058fe7b	0058fe7d	3
0058fe87	0058fe8f	9
0058ff24	0058ff2f	12
0058ffd2	0058ffd4	3
0058ffdd	0058ffdf	3
0059007b	0059007f	5
005900c4	005900cf	12
00590114	0059011f	12
00590128	0059012f	8
00590145	00590147	3
0059014e	0059014f	2
00590165	00590167	3
0059016e	0059016f	2
00590185	00590187	3
0059018e	0059018f	2
00590228	0059022f	8
005902fc	005902ff	4
00590398	0059039f	8
0059046c	0059046f	4
0059050b	0059050f	5
005905b0	005905b2	3
005905bb	005905bf	5
00590625	0059062f	11
005906cb	005906cf	5
00590768	0059076f	8
0059079e	0059079f	2
0059083d	0059083f	3
005908d8	005908df	8
0059097d	0059097f	3
005909cb	005909cf	5
00590a49	00590a4f	7
00590aaa	00590ab4	11
00590add	00590adf	3
00590b99	00590b9f	7
00590bfa	00590c04	11
00590c33	00590c3f	13
00590cb9	00590cbf	7
00590d1a	00590d24	11
00590d4d	00590d4f	3
00590e09	00590e0f	7
00590e6a	00590e74	11
00590ea3	00590eaf	13
00590f4d	00590f4f	3
00590fed	00590fef	3
0059108d	0059108f	3
005910fe	005910ff	2
0059117a	0059117f	6
00591188	0059118f	8
005911d3	005911d5	3
005911dd	005911df	3
0059124f	0059125a	12
005912a8	005912af	8
0059135e	0059135f	2
00591368	0059136f	8
005913b3	005913b5	3
005913bd	005913bf	3
00591425	00591430	12
00591475	0059147f	11
0059153a	0059153f	6
005915a2	005915ac	11
005915fc	005915ff	4
005916ba	005916bf	6
0059173a	0059173f	6
005917a2	005917ac	11
005917fb	005917ff	5
005918ba	005918bf	6
00591903	00591905	3
0059190d	0059190f	3
00591918	0059191f	8
00591935	00591937	3
0059193e	0059193f	2
00591948	0059194f	8
00591965	00591967	3
0059196e	0059196f	2
00591978	0059197f	8
00591a3f	00591a3f	1
00591aff	00591aff	1
00591bbf	00591bbf	1
00591c7f	00591c7f	1
00591d3f	00591d3f	1
00591dff	00591dff	1
00591ebf	00591ebf	1
00591f7f	00591f7f	1
0059203f	0059203f	1
005920ff	005920ff	1
00593edd	00593edf	3
00593ee5	00593eef	11
00593f14	00593f1f	12
00593f48	00593f4f	8
00593fc8	00593fd3	12
00593fd5	00593fdf	11
00594058	00594063	12
00594065	0059406f	11
005940e6	005940f1	12
005940f3	005940ff	13
00594176	00594181	12
00594183	0059418f	13
005941c4	005941d0	13
005941d4	005941df	12
00594228	0059422f	8
0059425f	0059425f	1
00594268	0059426f	8
00594278	0059427f	8
00594288	0059428f	8
00594298	0059429f	8
005942cf	005942d1	3
005942d8	005942df	8
0059435f	0059435f	1
0059436c	0059436f	4
005943c5	005943cf	11
005943f7	0059441f	41
00594668	0059466f	8
005946d5	005946df	11
00594758	00594763	12
00594765	0059476f	11
005947e2	005947ed	12
005947ef	005947ef	1
00594825	0059482e	10
00594854	0059485f	12
00594872	00594874	3
00594891	0059489f	15
005948ec	005948ee	3
0059490c	0059490f	4
0059493d	0059493f	3
0059495e	00594960	3
0059497f	00594981	3
0059499e	0059499f	2
005949b5	005949b7	3
005949be	005949bf	2
00594af9	00594afb	3
00594b29	00594b34	12
00594bea	00594bef	6
00594c67	00594c69	3
00594cb2	00594cbf	14
00594d2e	00594d2f	2
00594d7a	00594d7f	6
00594e54	00594e5f	12
00594e7d	00594e7f	3
00594eb6	00594ebf	10
00594eed	00594eef	3
00594f1f	00594f1f	1
00594f62	00594f6f	14
00594fd2	00594fdf	14
00595249	0059524f	7
00595439	0059543f	7
00595476	0059547f	10
00595586	0059558f	10
005955b5	005955bf	11
005955c8	005955cf	8
005955fc	005955ff	4
0059561f	00595621	3
00595628	0059562f	8
00595652	0059565f	14
00595677	0059567f	9
0059568d	0059568f	3
005956be	005956bf	2
005956ee	005956ef	2
00595719	0059571f	7
0059575d	0059575f	3
0059579d	0059579f	3
005957c9	005957cf	7
00595806	0059580f	10
00595846	0059584f	10
00595881	0059588f	15
005958d5	005958df	11
00595925	0059592f	11
00595961	0059596f	15
00595981	00595981	1
00595985	0059598f	11
005959c8	005959ca	3
005959ee	005959f0	3
00595a17	00595a19	3
00595a36	00595a3f	10
00595a46	00595a4f	10
00595a7d	00595a7f	3
00595a88	00595a8f	8
00595aa5	00595aa7	3
00595aae	00595aaf	2
00595ac7	00595acf	9
00595b42	00595b4f	14
00595cfe	00595d00	3
00595d63	00595d6f	13
00595d93	00595d9f	13
00595da7	00595daf	9
00595db7	00595dbf	9
00595dc7	00595dcf	9
00595df3	00595dff	13
00595e07	00595e0f	9
00595e33	00595e3f	13
00595e47	00595e4f	9
00595e73	00595e7f	13
00595e87	00595e8f	9
00595eb3	00595ebf	13
00595ec7	00595ecf	9
00595ee8	00595eef	8
00595ef7	00595eff	9
00595f18	00595f1f	8
00595f27	00595f2f	9
00595f48	00595f4f	8
00595f57	00595f5f	9
00595f78	00595f7f	8
00595f87	00595f8f	9
00595fad	00595faf	3
00595fb7	00595fbf	9
00595fcd	00595fcf	3
00595fd7	00595fdf	9
00595fe7	00595fef	9
00595ffd	00595fff	3
00596007	0059600f	9
0059601d	0059601f	3
0059602d	0059602f	3
00596037	0059603f	9
0059604d	0059604f	3
00596057	0059605f	9
00596067	0059606f	9
0059607d	0059607f	3
00596087	0059608f	9
005960b3	005960bf	13
005960c7	005960cf	9
005960f3	005960ff	13
00596123	0059612f	13
00596137	0059613f	9
00596158	0059615f	8
00596167	0059616f	9
0059617d	0059617f	3
00596187	0059618f	9
005961b3	005961bf	13
005961c7	005961cf	9
005961f3	005961ff	13
00596207	0059620f	9
00596233	0059623f	13
00596247	0059624f	9
00596273	0059627f	13
00596287	0059628f	9
005962b3	005962bf	13
005962c7	005962cf	9
005962f3	005962ff	13
00596307	0059630f	9
00596333	0059633f	13
00596347	0059634f	9
00596373	0059637f	13
00596387	0059638f	9
005963b3	005963bf	13
005963c7	005963cf	9
005963f3	005963ff	13
00596407	0059640f	9
0059641d	0059641f	3
00596427	0059642f	9
0059643d	0059643f	3
00596447	0059644f	9
0059645d	0059645f	3
00596467	0059646f	9
0059647d	0059647f	3
00596487	0059648f	9
0059649d	0059649f	3
005964a7	005964af	9
005964bd	005964bf	3
005964c7	005964cf	9
005964dd	005964df	3
005964e7	005964ef	9
005964fd	005964ff	3
00596507	0059650f	9
00596533	0059653f	13
00596547	0059654f	9
00596573	0059657f	13
00596587	0059658f	9
005965b3	005965bf	13
005965c7	005965cf	9
005965f3	005965ff	13
00596607	0059660f	9
0059662b	0059662f	5
00596639	0059663f	7
0059665b	0059665f	5
00596669	0059666f	7
0059668b	0059668f	5
00596699	0059669f	7
005966a4	005966af	12
005966ba	005966bf	6
005966c8	005966cf	8
005966ea	005966ef	6
005966f8	005966ff	8
00596708	0059670f	8
00596735	0059673f	11
00596749	0059674f	7
00596758	0059675f	8
0059676a	0059676f	6
00596778	0059677f	8
0059678a	0059678f	6
005967b5	005967bf	11
005967c9	005967cf	7
005967f5	005967ff	11
00596809	0059680f	7
00596835	0059683f	11
00596849	0059684f	7
00596858	0059685f	8
00596868	0059686f	8
00596895	0059689f	11
005968a9	005968af	7
005968cb	005968cf	5
005968d9	005968df	7
005968fb	005968ff	5
00596909	0059690f	7
0059692b	0059692f	5
00596939	0059693f	7
0059695b	0059695f	5
00596969	0059696f	7
00596995	0059699f	11
005969a9	005969af	7
005969cb	005969cf	5
005969d9	005969df	7
00596a20	00596a22	3
00596a29	00596a2f	7
00596a60	00596a62	3
00596a69	00596a6f	7
00596aa0	00596aa2	3
00596aa9	00596aaf	7
00596ae0	00596ae2	3
00596ae9	00596aef	7
00596af6	00596aff	10
00596b11	00596b1f	15
00596b31	00596b3f	15
00596b92	00596b9f	14
00596ba7	00596baf	9
00596bc5	00596bcf	11
00596bd6	00596bdf	10
00596bfa	00596bff	6
00596c1a	00596c1f	6
00596c72	00596c7f	14
00596c86	00596c8f	10
00596ce2	00596cef	14
00596cf6	00596cff	10
00596d52	00596d5f	14
00596d66	00596d6f	10
00596dc2	00596dcf	14
00596dd6	00596ddf	10
00596e32	00596e3f	14
00596e46	00596e4f	10
00596ea2	00596eaf	14
00596eb6	00596ebf	10
00596f12	00596f1f	14
00596f43	00596f4f	13
00597016	0059701f	10
00597026	0059702f	10
00597036	0059703f	10
00597046	0059704f	10
00597056	0059705f	10
00597068	0059706f	8
0059709d	0059709f	3
005970d3	005970df	13
00597103	0059710f	13
00597133	0059713f	13
00597163	0059716f	13
00597193	0059719f	13
005971c3	005971cf	13
005971d7	005971df	9
005971e7	005971ef	9
005971f7	005971ff	9
00597238	0059723f	8
00597278	0059727f	8
005972b8	005972bf	8
005972f8	005972ff	8
00597338	0059733f	8
00597378	0059737f	8
005973b8	005973bf	8
005973f8	005973ff	8
00597438	0059743f	8
00597466	0059746f	10
00597474	0059747f	12
00597486	0059748f	10
005974e2	005974ef	14
00597513	0059751f	13
00597543	0059754f	13
00597554	0059755f	12
00597566	0059756f	10
005975c2	005975cf	14
005975f3	005975ff	13
00597606	0059760f	10
00597662	0059766f	14
00597693	0059769f	13
005976cb	005976cd	3
005976d7	005976df	9
00597735	0059773f	11
00597795	0059779f	11
005977f5	005977ff	11
00597855	0059785f	11
005978b5	005978bf	11
00597909	0059790f	7
00597994	0059799f	12
005979a7	005979af	9
005979c5	005979cf	11
005979d6	005979df	10
005979fa	005979ff	6
00597a1a	00597a1f	6
00597a72	00597a7f	14
00597aa6	00597aaf	10
00597ab6	00597abf	10
00597b12	00597b1f	14
00597b43	00597b4f	13
00597bd6	00597bdf	10
00597c52	00597c54	3
00597c64	00597c6f	12
00597c92	00597c9f	14
00597cd7	00597cdf	9
00597d17	00597d1f	9
00597d65	00597d67	3
00597d6c	00597d6f	4
00597efd	00597eff	3
00597f37	00597f3f	9
00597f77	00597f7f	9
00597fee	00597ff0	3
0059800b	0059800f	5
005980a4	005980af	12
0059814b	0059814f	5
0059825a	0059825f	6
00598274	0059827f	12
00598297	0059829f	9
00598372	0059837f	14
005983d6	005983df	10
005984ac	005984af	4
00598503	00598505	3
0059850e	0059850f	2
00598536	0059853f	10
005985db	005985df	5
0059867b	0059867f	5
005986fb	005986ff	5
0059877b	0059877f	5
005987f4	005987ff	12
0059889d	0059889f	3
005988a8	005988af	8
00598944	0059894f	12
005989c4	005989cf	12
00598a64	00598a6f	12
00598b04	00598b0f	12
00598b84	00598b8f	12
00598c04	00598c0f	12
00598c8b	00598c8f	5
00598d28	00598d2f	8
00598d3c	00598d3f	4
00598d66	00598d6f	10
00598e0d	00598e0f	3
00598e1c	00598e1f	4
00598e46	00598e4f	10
00598ee4	00598eef	12
00598fa9	00598faf	7
00598fb8	00598fbf	8
0059901a	00599024	11
00599046	0059904f	10
005990ed	005990ef	3
005990fc	005990ff	4
00599126	0059912f	10
005991cd	005991cf	3
005991fe	005991ff	2
0059929d	0059929f	3
0059933d	0059933f	3
005993d8	005993df	8
005993ec	005993ef	4
00599416	0059941f	10
005994b8	005994bf	8
005994ee	005994ef	2
00599588	0059958f	8
00599628	0059962f	8
005996c8	005996cf	8
005996fe	005996ff	2
00599798	0059979f	8
00599838	0059983f	8
005998dd	005998df	3
0059990e	0059990f	2
005999be	005999bf	2
005999c8	005999cf	8
00599a13	00599a15	3
00599a1d	00599a1f	3
00599a87	00599a91	11
00599ac5	00599acf	11
00599b8a	00599b8f	6
00599c28	00599c2f	8
00599cea	00599cef	6
00599cf8	00599cff	8
00599dba	00599dbf	6
00599dc8	00599dcf	8
00599e68	00599e6f	8
00599e78	00599e7f	8
00599e9f	00599e9f	1
00599ee3	00599ee5	3
00599eed	00599eef	3
00599f59	00599f64	12
00599fb6	00599fbf	10
0059a058	0059a05f	8
0059a068	0059a06f	8
0059a0b3	0059a0b5	3
0059a0bd	0059a0bf	3
0059a14c	0059a14f	4
0059a16f	0059a16f	1
0059a178	0059a17f	8
0059a1c3	0059a1c5	3
0059a1cd	0059a1cf	3
0059a22f	0059a239	11
0059a28a	0059a28f	6
0059a33e	0059a33f	2
0059a348	0059a34f	8
0059a3dc	0059a3df	4
0059a3e8	0059a3ef	8
0059a433	0059a435	3
0059a43d	0059a43f	3
0059a4a6	0059a4b1	12
0059a4f8	0059a4ff	8
0059a5ae	0059a5af	2
0059a5b8	0059a5bf	8
0059a627	0059a631	11
0059a66d	0059a66f	3
0059a71e	0059a71f	2
0059a7ac	0059a7af	4
0059a83c	0059a83f	4
0059a8d8	0059a8df	8
0059a946	0059a950	11
0059a9a7	0059a9af	9
0059a9b8	0059a9bf	8
0059a9d5	0059a9d7	3
0059a9de	0059a9df	2
0059a9e8	0059a9ef	8
0059aa05	0059aa07	3
0059aa0e	0059aa0f	2
0059aabe	0059aabf	2
0059aac8	0059aacf	8
0059ab13	0059ab15	3
0059ab1d	0059ab1f	3
0059ab85	0059ab8f	11
0059abee	0059abef	2
0059abf8	0059abff	8
0059ac08	0059ac0f	8
0059ac25	0059ac27	3
0059ac2e	0059ac2f	2
0059ac38	0059ac3f	8
0059ac48	0059ac4f	8
0059ac58	0059ac5f	8
0059ac68	0059ac6f	8
0059ac78	0059ac7f	8
0059ac95	0059ac97	3
0059ac9e	0059ac9f	2
0059acb5	0059acb7	3
0059acbe	0059acbf	2
0059acd5	0059acd7	3
0059acde	0059acdf	2
0059acf5	0059acf7	3
0059acfe	0059acff	2
0059ad5e	0059ad5f	2
0059adf4	0059adff	12
0059ae08	0059ae0f	8
0059ae25	0059ae27	3
0059ae2e	0059ae2f	2
0059aecd	0059aecf	3
0059af68	0059af6f	8
0059b00c	0059b00f	4
0059b0a8	0059b0af	8
0059b148	0059b14f	8
0059b1ca	0059b1cf	6
0059b1d8	0059b1df	8
0059b223	0059b225	3
0059b22d	0059b22f	3
0059b29e	0059b29f	2
0059b338	0059b33f	8
0059b3ae	0059b3af	2
0059b45e	0059b45f	2
0059b468	0059b46f	8
0059b4b3	0059b4b5	3
0059b4bd	0059b4bf	3
0059b4c8	0059b4cf	8
0059b4e5	0059b4e7	3
0059b4ee	0059b4ef	2
0059b5a6	0059b5af	10
0059b5b8	0059b5bf	8
0059b603	0059b605	3
0059b60d	0059b60f	3
0059b676	0059b681	12
0059b6c8	0059b6cf	8
0059b6d8	0059b6df	8
0059b6e8	0059b6ef	8
0059b705	0059b707	3
0059b70e	0059b70f	2
0059b7cf	0059b7cf	1
0059b88f	0059b88f	1
0059b94f	0059b94f	1
0059ba0f	0059ba0f	1
0059bacf	0059bacf	1
0059d03a	0059d03f	6
0059d045	0059d04f	11
0059d057	0059d05f	9
0059d066	0059d06f	10
0059d09f	0059d09f	1
0059d0af	0059d0af	1
0059d0b8	0059d0bf	8
0059d0cf	0059d0cf	1
0059d0d8	0059d0df	8
0059d0ef	0059d0ef	1
0059d0f8	0059d0ff	8
0059d10f	0059d10f	1
0059d188	0059d193	12
0059d195	0059d19f	11
0059d1e0	0059d1eb	12
0059d1ef	0059d1ef	1
0059d23f	0059d23f	1
0059d284	0059d29f	28
0059d2e1	0059d2e3	3
0059d2e8	0059d2ef	8
0059d331	0059d333	3
0059d338	0059d33f	8
0059d372	0059d37f	14
0059d391	0059d39f	15
0059d3ac	0059d3af	4
0059d3ba	0059d3bf	6
0059d3c4	0059d3cf	12
0059d3e1	0059d3ef	15
0059d418	0059d41f	8
0059d44b	0059d44f	5
0059d46a	0059d46f	6
0059d4e4	0059d4ef	12
0059d55f	0059d55f	1
0059d5d1	0059d5df	15
0059d606	0059d60f	10
0059d62b	0059d62f	5
0059d67a	0059d67f	6
0059d6a9	0059d6af	7
0059d6cd	0059d6cf	3
0059d848	0059d84a	3
0059d87e	0059d889	12
0059d95c	0059d95f	4
0059d99e	0059d9a0	3
0059d9c7	0059d9cf	9
0059d9fd	0059d9ff	3
0059dac4	0059dac6	3
0059dafa	0059db05	12
0059db07	0059db0f	9
0059dba8	0059dbaf	8
0059dbc5	0059dbc7	3
0059dbce	0059dbcf	2
0059dd6e	0059dd6f	2
0059ddab	0059ddaf	5
0059de13	0059de1f	13
0059de27	0059de2f	9
0059de5a	0059de5f	6
0059de67	0059de6f	9
0059de8e	0059de8f	2
0059e13d	0059e13f	3
0059e185	0059e18f	11
0059e196	0059e19f	10
0059e1ba	0059e1bf	6
0059e1cd	0059e1cf	3
0059e1d7	0059e1df	9
0059e1ed	0059e1ef	3
0059e1f7	0059e1ff	9
0059e20d	0059e20f	3
0059e217	0059e21f	9
0059e249	0059e24f	7
0059e26d	0059e26f	3
0059e277	0059e27f	9
0059e28d	0059e28f	3
0059e297	0059e29f	9
0059e2a8	0059e2af	8
0059e2bb	0059e2bf	5
0059e2cb	0059e2cf	5
0059e2db	0059e2df	5
0059e2eb	0059e2ef	5
0059e2fe	0059e2ff	2
0059e34b	0059e34d	3
0059e354	0059e35f	12
0059e36b	0059e36f	5
0059e37b	0059e37f	5
0059e38b	0059e38f	5
0059e39b	0059e39f	5
0059e3b6	0059e3bf	10
0059e3e2	0059e3ef	14
0059e463	0059e46f	13
0059e4c9	0059e4cf	7
0059e4d6	0059e4df	10
0059e4fa	0059e4ff	6
0059e508	0059e50f	8
0059e532	0059e53f	14
0059e59a	0059e59f	6
0059e5a7	0059e5af	9
0059e5b7	0059e5bf	9
0059e625	0059e62f	11
0059e636	0059e63f	10
0059e65a	0059e65f	6
0059e682	0059e68f	14
0059e6ea	0059e6ef	6
0059e704	0059e70f	12
0059e717	0059e71f	9
0059e754	0059e75f	12
0059e7c8	0059e7cf	8
0059e7d6	0059e7df	10
0059e7fa	0059e7ff	6
0059e822	0059e82f	14
0059e87b	0059e87f	5
0059e886	0059e88f	10
0059e8aa	0059e8af	6
0059e8bd	0059e8bf	3
0059e8c7	0059e8cf	9
0059e8dd	0059e8df	3
0059e8e7	0059e8ef	9
0059e8fd	0059e8ff	3
0059e907	0059e90f	9
0059e91d	0059e91f	3
0059e927	0059e92f	9
0059e93d	0059e93f	3
0059e947	0059e94f	9
0059e95d	0059e95f	3
0059e967	0059e96f	9
0059e97d	0059e97f	3
0059e987	0059e98f	9
0059e99d	0059e99f	3
0059e9a7	0059e9af	9
0059e9bd	0059e9bf	3
0059e9c7	0059e9cf	9
0059e9d7	0059e9df	9
0059e9ed	0059e9ef	3
0059e9f7	0059e9ff	9
0059ea07	0059ea0f	9
0059ea1d	0059ea1f	3
0059ea27	0059ea2f	9
0059ea82	0059ea8f	14
0059eae2	0059eaef	14
0059eb42	0059eb4f	14
0059eba2	0059ebaf	14
0059ec02	0059ec0f	14
0059ec15	0059ec1f	11
0059ec25	0059ec2f	11
0059ec35	0059ec3f	11
0059ec45	0059ec4f	11
0059ecf6	0059ecff	10
0059ed06	0059ed0f	10
0059ed16	0059ed1f	10
0059ed26	0059ed2f	10
0059ed36	0059ed3f	10
0059ed46	0059ed4f	10
0059ed73	0059ed7f	13
0059ed86	0059ed8f	10
0059edb3	0059edbf	13
0059edc6	0059edcf	10
0059edf3	0059edff	13
0059ee06	0059ee0f	10
0059ee33	0059ee3f	13
0059ee46	0059ee4f	10
0059ee73	0059ee7f	13
0059eeb8	0059eebf	8
0059ef15	0059ef1f	11
0059ef75	0059ef7f	11
0059efd5	0059efdf	11
0059f035	0059f03f	11
0059f095	0059f09f	11
0059f0d7	0059f0df	9
0059f117	0059f11f	9
0059f157	0059f15f	9
0059f197	0059f19f	9
0059f1d7	0059f1df	9
0059f27b	0059f27f	5
0059f31b	0059f31f	5
0059f3bb	0059f3bf	5
0059f45b	0059f45f	5
0059f50e	0059f510	3
0059f519	0059f51f	7
0059f5ec	0059f5ef	4
0059f616	0059f61f	10
0059f6ec	0059f6ef	4
0059f743	0059f745	3
0059f74e	0059f74f	2
0059f81c	0059f81f	4
0059f873	0059f875	3
0059f87e	0059f87f	2
0059f8a6	0059f8af	10
0059f97c	0059f97f	4
0059f9d3	0059f9d5	3
0059f9de	0059f9df	2
0059fa06	0059fa0f	10
0059fadc	0059fadf	4
0059fb7b	0059fb7f	5
0059fc1b	0059fc1f	5
0059fcbd	0059fcbf	3
0059fd5d	0059fd5f	3
0059fd6c	0059fd6f	4
0059fd96	0059fd9f	10
0059fe3d	0059fe3f	3
0059fe4c	0059fe4f	4
0059fe76	0059fe7f	10
0059ff1d	0059ff1f	3
0059ff4e	0059ff4f	2
005a0009	005a000f	7
005a006a	005a0074	11
005a0096	005a009f	10
005a0159	005a015f	7
005a01ba	005a01c4	11
005a01e6	005a01ef	10
005a02a9	005a02af	7
005a030a	005a0314	11
005a0336	005a033f	10
005a03f9	005a03ff	7
005a045a	005a0464	11
005a0486	005a048f	10
005a0549	005a054f	7
005a05aa	005a05b4	11
005a05d6	005a05df	10
005a067d	005a067f	3
005a071d	005a071f	3
005a074e	005a074f	2
005a080a	005a080f	6
005a08ca	005a08cf	6
005a098a	005a098f	6
005a0a4a	005a0a4f	6
005a0b0a	005a0b0f	6
005a0b7a	005a0b84	11
005a0bbe	005a0bbf	2
005a0c7a	005a0c7f	6
005a0cc3	005a0cc5	3
005a0ccd	005a0ccf	3
005a0d6b	005a0d6f	5
005a0e3c	005a0e3f	4
005a0edd	005a0edf	3
005a0f0e	005a0f0f	2
005a0fc9	005a0fcf	7
005a0fd8	005a0fdf	8
005a1007	005a1009	3
005a106a	005a1074	11
005a10a3	005a10af	13
005a116a	005a116f	6
005a1178	005a117f	8
005a1195	005a1197	3
005a119e	005a119f	2
005a125f	005a125f	1
005a131f	005a131f	1
005a13df	005a13df	1
005a149f	005a149f	1
005a155f	005a155f	1
005a2218	005a221f	8
005a2225	005a222f	11
005a2249	005a224f	7
005a2269	005a226f	7
005a22b7	005a22bf	9
005a22e5	005a22f0	12
005a22f7	005a22ff	9
005a237e	005a2389	12
005a238b	005a238f	5
005a2423	005a242e	12
005a24d8	005a24df	8
005a2515	005a251f	11
005a2555	005a255f	11
005a25ef	005a25ef	1
005a26c4	005a26c6	3
005a26df	005a26ef	17
005a289c	005a289f	4
005a2926	005a292f	10
005a29e9	005a29ef	7
005a2aa7	005a2aaf	9
005a2be9	005a2beb	3
005a2c19	005a2c24	12
005a2cda	005a2cdf	6
005a2d3a	005a2d3f	6
005a2e7e	005a2e80	3
005a2e9d	005a2e9f	3
005a2eac	005a2eaf	4
005a2f01	005a2f03	3
005a2f9b	005a2f9f	5
005a2ff1	005a2fff	15
005a30b8	005a30bf	8
005a30e5	005a30ef	11
005a3105	005a3107	3
005a310e	005a310f	2
005a3135	005a318f	91
005a3216	005a321f	10
005a32eb	005a32ef	5
005a3329	005a332f	7
005a3336	005a333f	10
005a335d	005a335f	3
005a3464	005a346f	12
005a3586	005a358f	10
005a37e2	005a37ef	14
005a3877	005a387f	9
005a38db	005a38df	5
005a39ed	005a39ef	3
005a3be7	005a3bef	9
005a3f19	005a3f1f	7
005a4031	005a403f	15
005a4a78	005a4a8f	24
005a4ae8	005a4aef	8
005a4b5d	005a4b5f	3
005a4bb1	005a4bbf	15
005a4cf6	005a4cff	10
005a4dd5	005a4ddf	11
005a5199	005a519f	7
005a58cc	005a58cf	4
005a5952	005a595f	14
005a5999	005a599f	7
005a59a6	005a59af	10
005a5c23	005a5c2f	13
005a5d85	005a5d8f	11
005a5dfc	005a5dff	4
005a64be	005a64cf	18
005a6549	005a654f	7
005a6707	005a670f	9
005a6bf1	005a6bff	15
005a6c82	005a6c8f	14
005a6cc9	005a6ccf	7
005a6e16	005a6e1f	10
005a6f43	005a6f4f	13
005a72bd	005a72bf	3
005a73fe	005a73ff	2
005a768c	005a768f	4
005a77f5	005a77ff	11
005a7839	005a783f	7
005a7846	005a784f	10
005a7c76	005a7c7f	10
005a7d05	005a7d0f	11
005a7f61	005a7f6f	15
005a8047	005a804f	9
005a8fb0	005a8fbf	16
005a9ce9	005a9cef	7
005a9e17	005a9e1f	9
005aa05e	005aa05f	2
005aa319	005aa31f	7
005aa335	005aa33f	11
005aa35e	005aa35f	2
005aa399	005aa39f	7
005aa4a1	005aa4af	15
005aa59f	005aa59f	1
005aa72a	005aa72f	6
005aa9cd	005aa9cf	3
005aaa5f	005aaa5f	1
005aaa99	005aaa9f	7
005aad4d	005aad4f	3
005ab198	005ab19f	8
005ab7f3	005ab80f	29
005abbe8	005abbef	8
005ac4c1	005ac4cf	15
005ac509	005ac50f	7
005ac6cc	005ac6cf	4
005ac9c2	005ac9cf	14
005acc1e	005acc1f	2
005ace6d	005ace6f	3
005ad15e	005ad15f	2
005ad199	005ad19f	7
005ad25a	005ad25f	6
005ad332	005ad33f	14
005ad4a7	005ad4af	9
005ad734	005ad73f	12
005ad779	005ad77f	7
005ad7fe	005ad7ff	2
005ad836	005ad83f	10
005adab5	005adabf	11
005adbeb	005adbef	5
005adf5e	005adf5f	2
005ae51f	005ae51f	1
005ae555	005ae55f	11
005ae606	005ae60f	10
005ae68d	005ae68f	3
005ae795	005ae79f	11
005ae973	005ae97f	13
005ae995	005ae99f	11
005ae9c5	005ae9cf	11
005aed1f	005aed1f	1
005aee52	005aee54	3
005aee82	005aee8d	12
005aef44	005aef4f	12
005aefcb	005aefcf	5
005af01d	005af01f	3
005af0ba	005af0bf	6
005af19b	005af19f	5
005af491	005af49f	15
005af5e9	005af5ef	7
005afb39	005afb3f	7
005afc29	005afc2f	7
005afdaa	005afdaf	6
005afe0d	005afe0f	3
005afea5	005afeaf	11
005b0064	005b006f	12
005b0485	005b048f	11
005b04c9	005b04cf	7
005b0538	005b053f	8
005b059d	005b059f	3
005b06a9	005b06af	7
005b0778	005b078f	24
005b0873	005b087f	13
005b0a26	005b0a2f	10
005b0aae	005b0aaf	2
005b0ae7	005b0aef	9
005b0b21	005b0b2f	15
005b0b4f	005b0b4f	1
005b0b69	005b0b6f	7
005b0b7d	005b0b7f	3
005b0c05	005b0c0f	11
005b0c41	005b0c4f	15
005b0c57	005b0c5f	9
005b0c6b	005b0c6f	5
005b0d15	005b0d1f	11
005b0d26	005b0d2f	10
005b0d4a	005b0d4f	6
005b0d5d	005b0d5f	3
005b0d67	005b0d6f	9
005b0d78	005b0d7f	8
005b0d8b	005b0d8f	5
005b0d9b	005b0d9f	5
005b0dab	005b0daf	5
005b0dbb	005b0dbf	5
005b0deb	005b0ded	3
005b0df4	005b0dff	12
005b0e22	005b0e2f	14
005b0e67	005b0e6f	9
005b0ea5	005b0eaf	11
005b0ec8	005b0ecf	8
005b0f61	005b0f6f	15
005b0fc8	005b0fcf	8
005b0fe3	005b0fef	13
005b1012	005b101f	14
005b106f	005b106f	1
005b10c3	005b10cf	13
005b10f2	005b10ff	14
005b1171	005b117f	15
005b119d	005b119f	3
005b1206	005b120f	10
005b1247	005b124f	9
005b1338	005b133a	3
005b13a8	005b13aa	3
005b1559	005b155b	3
005b15d2	005b15df	14
005b1683	005b1685	3
005b16b3	005b16be	12
005b176f	005b176f	1
005b1776	005b177f	10
005b17a6	005b17af	10
005b17b8	005b17bf	8
005b17cb	005b17cf	5
005b17db	005b17df	5
005b186c	005b186e	3
005b1880	005b1882	3
005b18a5	005b18a7	3
005b18b7	005b18bf	9
005b192f	005b1931	3
005b1987	005b1989	3
005b19a6	005b19a8	3
005b19c1	005b19c3	3
005b19ca	005b19cf	6
005b1a3f	005b1a41	3
005b1a97	005b1a99	3
005b1ab6	005b1ab8	3
005b1ad1	005b1ad3	3
005b1ada	005b1adf	6
005b1af5	005b1af7	3
005b1afe	005b1aff	2
005b1b1b	005b1bbf	165
005b1d0a	005b1d0c	3
005b1e2d	005b1e2f	3
005b1ea0	005b1ea2	3
005b1eef	005b1f0c	30
005b1f71	005b1f73	3
005b202c	005b202e	3
005b209b	005b209f	5
005b20ab	005b20af	5
005b20c5	005b20c7	3
005b20ce	005b20cf	2
005b20f2	005b20ff	14
005b212c	005b212f	4
005b2191	005b219f	15
005b21aa	005b21af	6
005b21e4	005b21ef	12
005b220f	005b220f	1
005b2231	005b223f	15
005b2268	005b226f	8
005b229b	005b229f	5
005b231b	005b231f	5
005b234b	005b234f	5
005b237b	005b237f	5
005b23ae	005b23af	2
005b23ca	005b23cf	6
005b23ed	005b23ef	3
005b2464	005b246f	12
005b24e4	005b24ef	12
005b2564	005b256f	12
005b25e4	005b25ef	12
005b264a	005b264f	6
005b26bf	005b26bf	1
005b272f	005b272f	1
005b279f	005b279f	1
005b280f	005b280f	1
005b2881	005b288f	15
005b29c7	005b29cf	9
005b2a4e	005b2a4f	2
005b2a6b	005b2a6f	5
005b2a8b	005b2a8f	5
005b2aab	005b2aaf	5
005b2acb	005b2acf	5
005b2b26	005b2b2f	10
005b2b59	005b2b5f	7
005b2b8a	005b2b8f	6
005b2bba	005b2bbf	6
005b2bea	005b2bef	6
005b2c0d	005b2c0f	3
005b2c58	005b2c5a	3
005b2c6b	005b2c6d	3
005b2c9f	005b2c9f	1
005b2cab	005b2caf	5
005b2cd9	005b2cdf	7
005b2d26	005b2d2f	10
005b2f1a	005b2f1f	6
005b324a	005b324f	6
005b32a0	005b32a2	3
005b32ca	005b32cc	3
005b32ef	005b32f1	3
005b3319	005b331b	3
005b333e	005b3340	3
005b335d	005b335f	3
005b337a	005b337f	6
005b3386	005b338f	10
005b3398	005b339f	8
005b33ab	005b33af	5
005b342f	005b342f	1
005b36f2	005b36f4	3
005b3728	005b3733	12
005b3735	005b373f	11
005b38ba	005b38bc	3
005b38f0	005b38fb	12
005b39d4	005b39df	12
005b3b5b	005b3b5d	3
005b3b90	005b3b9b	12
005b3dab	005b3dad	3
005b3ddd	005b3de8	12
005b3e9f	005b3e9f	1
005b402b	005b402d	3
005b4060	005b406b	12
005b4147	005b414f	9
005b4165	005b4167	3
005b416e	005b416f	2
005b421d	005b421f	3
005b4235	005b4237	3
005b423e	005b423f	2
005b42a7	005b42af	9
005b4316	005b431f	10
005b438a	005b438f	6
005b4542	005b454f	14
005b45b2	005b45bf	14
005b4649	005b464f	7
005b4777	005b477f	9
005b48bb	005b48bf	5
005b4b14	005b4b16	3
005b4b69	005b4b6f	7
005b4c32	005b4c34	3
005b4c45	005b4c4f	11
005b4ca1	005b4cba	26
005b4d2d	005b4d2f	3
005b4dce	005b4dd0	3
005b50b7	005b50bf	9
005b5137	005b5139	3
005b5148	005b514a	3
005b5159	005b515b	3
005b5175	005b517f	11
005b5201	005b520f	15
005b5232	005b523f	14
005b5285	005b528f	11
005b52f5	005b52ff	11
005b538a	005b538f	6
005b5395	005b539f	11
005b53ad	005b53af	3
005b5411	005b541f	15
005b5491	005b549f	15
005b54cb	005b54cf	5
005b54fb	005b54ff	5
005b5521	005b552f	15
005b55af	005b55af	1
005b55f5	005b55ff	11
005b560b	005b560f	5
005b561b	005b561f	5
005b562b	005b562f	5
005b563b	005b563f	5
005b564b	005b564f	5
005b565e	005b565f	2
005b56ab	005b56ad	3
005b56b4	005b56bf	12
005b56cb	005b56cf	5
005b56db	005b56df	5
005b56eb	005b56ef	5
005b56fb	005b56ff	5
005b5bcb	005b5bcf	5
005b5d9d	005b5d9f	3
005b5e8f	005b5e8f	1
005b5ed5	005b5edf	11
005b5ee6	005b5eef	10
005b5f1e	005b5f1f	2
005b5f24	005b5f2f	12
005b5f38	005b5f3f	8
005b5f4b	005b5f4f	5
005b5f5b	005b5f5f	5
005b5f6b	005b5f6f	5
005b5f7b	005b5f7f	5
005b5f8e	005b5f8f	2
005b5fbb	005b5fbf	5
005b5fcb	005b5fcf	5
005b5fdb	005b5fdf	5
005b5feb	005b5fef	5
005b6012	005b601f	14
005b604b	005b604d	3
005b6054	005b605f	12
005b6083	005b608f	13
005b61bf	005b61bf	1
005b61e8	005b61ef	8
005b6233	005b623f	13
005b6245	005b624f	11
005b6285	005b628f	11
005b62c5	005b62cf	11
005b6305	005b630f	11
005b636c	005b636f	4
005b6376	005b637f	10
005b639a	005b639f	6
005b6483	005b648f	13
005b64aa	005b64ac	3
005b64f6	005b64ff	10
005b654c	005b654f	4
005b6572	005b6574	3
005b657b	005b657f	5
005b65a2	005b65af	14
005b65c9	005b65cf	7
005b6637	005b663f	9
005b666f	005b666f	1
005b667b	005b667f	5
005b66c9	005b66cf	7
005b6710	005b6712	3
005b6719	005b671f	7
005b6761	005b676f	15
005b6776	005b677f	10
005b67a6	005b67af	10
005b67b8	005b67bf	8
005b67cb	005b67cf	5
005b67db	005b67df	5
005b67f5	005b67f7	3
005b67fe	005b67ff	2
005b6822	005b682f	14
005b699b	005b699f	5
005b6a3d	005b6a3f	3
005b6bf9	005b6bff	7
005b6d06	005b6d08	3
005b6d18	005b6d1f	8
005b6d4f	005b6d4f	1
005b6da5	005b6daf	11
005b6db6	005b6dbf	10
005b6ded	005b6def	3
005b6df8	005b6dff	8
005b6e4e	005b6e4f	2
005b6e72	005b6e74	3
005b6e7b	005b6e7f	5
005b70b7	005b70bf	9
005b7199	005b719f	7
005b721b	005b721f	5
005b72b5	005b72bf	11
005b72eb	005b72ef	5
005b72fd	005b72ff	3
005b7331	005b733f	15
005b734b	005b734f	5
005b735e	005b735f	2
005b73ef	005b73ef	1
005b7435	005b743f	11
005b7446	005b744f	10
005b746a	005b746f	6
005b747f	005b747f	1
005b7488	005b748f	8
005b749b	005b749f	5
005b74ab	005b74af	5
005b74bb	005b74bf	5
005b74cb	005b74cf	5
005b751d	005b751f	3
005b75b8	005b75bf	8
005b75d5	005b75d7	3
005b75de	005b75df	2
005b75f9	005b75fb	3
005b7629	005b762b	3
005b765b	005b765f	5
005b7677	005b767f	9
005b76ad	005b76ad	1
005b76b1	005b76bf	15
005b7703	005b770f	13
005b7764	005b776f	12
005b77c1	005b77cf	15
005b77d6	005b77df	10
005b77fa	005b77ff	6
005b7808	005b780f	8
005b781d	005b781f	3
005b7827	005b782f	9
005b7838	005b783f	8
005b784b	005b784f	5
005b787f	005b787f	1
005b78a2	005b78a4	3
005b78ab	005b78af	5
005b78ea	005b78ef	6
005b792b	005b792f	5
005b7936	005b793f	10
005b795a	005b795f	6
005b79b7	005b79bf	9
005b7bba	005b7bbf	6
005b7cb4	005b7cbf	12
005b7cf9	005b7cff	7
005b7d2d	005b7d2f	3
005b7d36	005b7d3f	10
005b7d5a	005b7d5f	6
005b7d75	005b7d77	3
005b7d7e	005b7d7f	2
005b7d95	005b7d97	3
005b7d9e	005b7d9f	2
005b7dcf	005b7dcf	1
005b7dd5	005b7ddf	11
005b7de7	005b7def	9
005b7e49	005b7e4f	7
005b7e77	005b7e79	3
005b7ea9	005b7eaf	7
005b7f24	005b7f2f	12
005b7fb3	005b7fbf	13
005b8037	005b803f	9
005b8083	005b808f	13
005b80ff	005b80ff	1
005b81d6	005b81df	10
005b81fb	005b81ff	5
005b8491	005b849f	15
005b84c6	005b84cf	10
005b851d	005b851f	3
005b865f	005b8661	3
005b868f	005b869a	12
005b874e	005b874f	2
005b87be	005b87bf	2
005b87c6	005b87cf	10
005b87ea	005b87ef	6
005b87f8	005b87ff	8
005b880b	005b880f	5
005b8832	005b883f	14
005b8862	005b8864	3
005b886b	005b886f	5
005b88d2	005b88df	14
005b896e	005b896f	2
005b8a3c	005b8a3e	3
005b8aaf	005b8aaf	1
005b8abd	005b8abf	3
005b8acd	005b8acf	3
005b8ad7	005b8adf	9
005b8aed	005b8aef	3
005b8af7	005b8aff	9
005b8b18	005b8b1f	8
005b8b38	005b8b3f	8
005b8b58	005b8b5f	8
005b8b78	005b8b7f	8
005b8b8d	005b8b8f	3
005b8b9d	005b8b9f	3
005b8bad	005b8baf	3
005b8bbd	005b8bbf	3
005b8bf0	005b8bf2	3
005b8bf9	005b8bff	7
005b8c06	005b8c0f	10
005b8c62	005b8c6f	14
005b8c76	005b8c7f	10
005b8cd2	005b8cdf	14
005b8ce6	005b8cef	10
005b8d42	005b8d4f	14
005b8d5c	005b8d5f	4
005b8d66	005b8d6f	10
005b8dc2	005b8dcf	14
005b8dd6	005b8ddf	10
005b8e32	005b8e3f	14
005b8e46	005b8e4f	10
005b8ea2	005b8eaf	14
005b8eb8	005b8ebf	8
005b8ec5	005b8ecf	11
005b8ed5	005b8edf	11
005b8ee8	005b8eef	8
005b8ff6	005b8fff	10
005b9023	005b902f	13
005b9036	005b903f	10
005b9063	005b906f	13
005b9076	005b907f	10
005b90a3	005b90af	13
005b90b6	005b90bf	10
005b90e3	005b90ef	13
005b90f6	005b90ff	10
005b9123	005b912f	13
005b9136	005b913f	10
005b9163	005b916f	13
005b91a8	005b91af	8
005b91c2	005b91cf	14
005b9222	005b922f	14
005b9253	005b925f	13
005b9266	005b926f	10
005b9276	005b927f	10
005b92d2	005b92df	14
005b9303	005b930f	13
005b9325	005b932f	11
005b93cb	005b93cf	5
005b946b	005b946f	5
005b950b	005b950f	5
005b95ab	005b95af	5
005b964b	005b964f	5
005b971c	005b971f	4
005b9773	005b9775	3
005b977e	005b977f	2
005b97a6	005b97af	10
005b987c	005b987f	4
005b98d3	005b98d5	3
005b98de	005b98df	2
005b9906	005b990f	10
005b99dc	005b99df	4
005b9aac	005b9aaf	4
005b9b03	005b9b05	3
005b9b0e	005b9b0f	2
005b9b36	005b9b3f	10
005b9c0c	005b9c0f	4
005b9cdc	005b9cdf	4
005b9d33	005b9d35	3
005b9d3e	005b9d3f	2
005b9d66	005b9d6f	10
005b9e3c	005b9e3f	4
005b9f0c	005b9f0f	4
005b9fab	005b9faf	5
005ba04d	005ba04f	3
005ba05c	005ba05f	4
005ba086	005ba08f	10
005ba12d	005ba12f	3
005ba13c	005ba13f	4
005ba166	005ba16f	10
005ba20d	005ba20f	3
005ba2ad	005ba2af	3
005ba34d	005ba34f	3
005ba37e	005ba37f	2
005ba439	005ba43f	7
005ba49a	005ba4a4	11
005ba4c6	005ba4cf	10
005ba589	005ba58f	7
005ba5ea	005ba5f4	11
005ba616	005ba61f	10
005ba6d9	005ba6df	7
005ba73a	005ba744	11
005ba766	005ba76f	10
005ba829	005ba82f	7
005ba8e9	005ba8ef	7
005ba94a	005ba954	11
005ba976	005ba97f	10
005baa39	005baa3f	7
005baa67	005baa69	3
005bab29	005bab2f	7
005bab8a	005bab94	11
005babb6	005babbf	10
005bac79	005bac7f	7
005bacda	005bace4	11
005bad06	005bad0f	10
005badad	005badaf	3
005bae6a	005bae6f	6
005baf2a	005baf2f	6
005bafea	005bafef	6
005bb0aa	005bb0af	6
005bb16a	005bb16f	6
005bb1da	005bb1e4	11
005bb226	005bb22f	10
005bb2ea	005bb2ef	6
005bb333	005bb335	3
005bb33d	005bb33f	3
005bb3d8	005bb3df	8
005bb47b	005bb47f	5
005bb4f9	005bb4ff	7
005bb55a	005bb564	11
005bb58d	005bb58f	3
005bb62d	005bb62f	3
005bb65e	005bb65f	2
005bb71a	005bb71f	6
005bb728	005bb72f	8
005bb773	005bb775	3
005bb77d	005bb77f	3
005bb7e2	005bb7ec	11
005bb835	005bb83f	11
005bb848	005bb84f	8
005bb865	005bb867	3
005bb86e	005bb86f	2
005bb92f	005bb92f	1
005bb9ef	005bb9ef	1
005bbaaf	005bbaaf	1
005bbb6f	005bbb6f	1
005bbc2f	005bbc2f	1
005bbcef	005bbcef	1
005bbdaf	005bbdaf	1
005bbe6f	005bbe6f	1
005bca41	005bca4f	15
005bca55	005bca5f	11
005bca82	005bca8f	14
005bcaf3	005bcaff	13
005bcb2f	005bcb31	3
005bcb52	005bcb5f	14
005bcb91	005bcb9f	15
005bcba6	005bcbaf	10
005bcbca	005bcbcf	6
005bcbd8	005bcbdf	8
005bcbeb	005bcbef	5
005bcbfe	005bcbff	2
005bcc15	005bcc17	3
005bcc1e	005bcc1f	2
005bccd5	005bccdf	11
005bcd19	005bcd1f	7
005bcd26	005bcd2f	10
005bcd4a	005bcd4f	6
005bcd92	005bcd9f	14
005bce1f	005bce4f	49
005bce58	005bce5f	8
005bce6b	005bce6f	5
005bce7b	005bce7f	5
005bcedb	005bcedf	5
005bcf0c	005bcf0e	3
005bcf15	005bcf1f	11
005bcf3b	005bcf3d	3
005bcf44	005bcf4f	12
005bcf5b	005bcf5f	5
005bcf6b	005bcf6f	5
005bd12d	005bd12f	3
005bd152	005bd15f	14
005bd1d4	005bd1df	12
005bd217	005bd21f	9
005bd231	005bd23f	15
005bd28d	005bd28f	3
005bd314	005bd31f	12
005bd326	005bd32f	10
005bd34a	005bd34f	6
005bd357	005bd35f	9
005bd367	005bd36f	9
005bd3b1	005bd3bf	15
005bd3c8	005bd3cf	8
005bd3db	005bd3df	5
005bd44e	005bd44f	2
005bd47c	005bd47e	3
005bd485	005bd48f	11
005bd496	005bd49f	10
005bd4ba	005bd4bf	6
005bd4e2	005bd4ef	14
005bd4f8	005bd4ff	8
005bd50b	005bd50f	5
005bd568	005bd56f	8
005bd59c	005bd59e	3
005bd5a5	005bd5af	11
005bd5bd	005bd5bf	3
005bd5cd	005bd5cf	3
005bd5d7	005bd5df	9
005bd605	005bd60f	11
005bd635	005bd63f	11
005bd643	005bd64f	13
005bd675	005bd67f	11
005bd6a7	005bd6af	9
005bd6e1	005bd6e3	3
005bd6ea	005bd6ef	6
005bd721	005bd723	3
005bd72a	005bd72f	6
005bd761	005bd763	3
005bd76a	005bd76f	6
005bd7a1	005bd7a3	3
005bd7aa	005bd7af	6
005bd7e1	005bd7e3	3
005bd7ea	005bd7ef	6
005bd815	005bd81f	11
005bd850	005bd852	3
005bd859	005bd85f	7
005bd885	005bd88f	11
005bd8b5	005bd8bf	11
005bd8e5	005bd8ef	11
005bd920	005bd922	3
005bd929	005bd92f	7
005bd960	005bd962	3
005bd969	005bd96f	7
005bd9a0	005bd9a2	3
005bd9a9	005bd9af	7
005bd9b6	005bd9bf	10
005bda12	005bda1f	14
005bda26	005bda2f	10
005bda82	005bda8f	14
005bda96	005bda9f	10
005bdaf2	005bdaff	14
005bdb06	005bdb0f	10
005bdb62	005bdb6f	14
005bdb76	005bdb7f	10
005bdbd2	005bdbdf	14
005bdbe6	005bdbef	10
005bdc42	005bdc4f	14
005bdc56	005bdc5f	10
005bdcb2	005bdcbf	14
005bdcc6	005bdccf	10
005bdd22	005bdd2f	14
005bdd36	005bdd3f	10
005bdd92	005bdd9f	14
005bdda6	005bddaf	10
005bde02	005bde0f	14
005bde16	005bde1f	10
005bde72	005bde7f	14
005bde86	005bde8f	10
005bdee2	005bdeef	14
005bdefc	005bdeff	4
005bdf26	005bdf2f	10
005bdf3c	005bdf3f	4
005bdf66	005bdf6f	10
005bdf7c	005bdf7f	4
005bdfa6	005bdfaf	10
005bdfde	005bdfdf	2
005bdfec	005bdfef	4
005be016	005be01f	10
005be126	005be12f	10
005be136	005be13f	10
005be163	005be16f	13
005be176	005be17f	10
005be1a3	005be1af	13
005be1d3	005be1df	13
005be1e6	005be1ef	10
005be213	005be21f	13
005be226	005be22f	10
005be253	005be25f	13
005be266	005be26f	10
005be293	005be29f	13
005be2a6	005be2af	10
005be2d3	005be2df	13
005be2e6	005be2ef	10
005be313	005be31f	13
005be326	005be32f	10
005be353	005be35f	13
005be366	005be36f	10
005be378	005be37f	8
005be3a3	005be3af	13
005be3b6	005be3bf	10
005be3e3	005be3ef	13
005be3f6	005be3ff	10
005be423	005be42f	13
005be468	005be46f	8
005be4a8	005be4af	8
005be4c2	005be4c4	3
005be4f6	005be4ff	10
005be512	005be514	3
005be546	005be54f	10
005be5a5	005be5af	11
005be605	005be60f	11
005be63b	005be63f	5
005be6cb	005be6cd	3
005be6dd	005be6df	3
005be7a5	005be7a7	3
005be7d0	005be7d2	3
005be7dd	005be7df	3
005be8a5	005be8a7	3
005be8d0	005be8d2	3
005be8dd	005be8df	3
005be988	005be98f	8
005bea49	005bea4f	7
005bea58	005bea5f	8
005bea87	005bea89	3
005beb2b	005beb2f	5
005bebcb	005bebcf	5
005bec78	005bec7a	3
005bec83	005bec8f	13
005bed24	005bed2f	12
005bed46	005bed4f	10
005bee89	005bee8b	3
005beeb9	005beec4	12
005bef7a	005bef7f	6
005bf028	005bf02f	8
005bf0e9	005bf0ef	7
005bf0f8	005bf0ff	8
005bf127	005bf129	3
005bf195	005bf19f	11
005bf201	005bf20f	15
005bf275	005bf27f	11
005bf2e1	005bf2ef	15
005bf398	005bf39f	8
005bf448	005bf44f	8
005bf51c	005bf51f	4
005bf546	005bf54f	10
005bf679	005bf67f	7
005bf74c	005bf74f	4
005bf776	005bf77f	10
005bf84c	005bf84f	4
005bf91c	005bf91f	4
005bf973	005bf975	3
005bf97e	005bf97f	2
005bfa4c	005bfa4f	4
005bfa76	005bfa7f	10
005bfb4c	005bfb4f	4
005bfc1c	005bfc1f	4
005bfc73	005bfc75	3
005bfc7e	005bfc7f	2
005bfd4c	005bfd4f	4
005bfda3	005bfda5	3
005bfdae	005bfdaf	2
005bfdd6	005bfddf	10
005bfeac	005bfeaf	4
005bff7c	005bff7f	4
005bffd3	005bffd5	3
005bffde	005bffdf	2
005c00ac	005c00af	4
005c00d6	005c00df	10
005c01ac	005c01af	4
005c0203	005c0205	3
005c020e	005c020f	2
005c02dc	005c02df	4
005c0333	005c0335	3
005c033e	005c033f	2
005c040c	005c040f	4
005c0436	005c043f	10
005c050c	005c050f	4
005c0563	005c0565	3
005c056e	005c056f	2
005c063c	005c063f	4
005c0693	005c0695	3
005c069e	005c069f	2
005c06c6	005c06cf	10
005c0778	005c077f	8
005c0828	005c082f	8
005c08e9	005c08ef	7
005c08f8	005c08ff	8
005c0927	005c0929	3
005c09e9	005c09ef	7
005c09f8	005c09ff	8
005c0a27	005c0a29	3
005c0aaf	005c0aaf	1
005c0b2f	005c0b2f	1
005c0b45	005c0b47	3
005c0b4e	005c0b4f	2
005c0c05	005c0c07	3
005c0c11	005c0c1f	15
005c0cb4	005c0cbf	12
005c0d5b	005c0d5d	3
005c0d66	005c0d6f	10
005c0dbc	005c0dbe	3
005c0dc5	005c0dcf	11
005c0e64	005c0e6f	12
005c0f0b	005c0f0d	3
005c0f16	005c0f1f	10
005c0f88	005c0f8a	3
005c0fb2	005c0fb4	3
005c0fbb	005c0fbf	5
005c1054	005c105f	12
005c10fb	005c10fd	3
005c1106	005c110f	10
005c117c	005c117e	3
005c1185	005c118f	11
005c122d	005c122f	3
005c125e	005c125f	2
005c12fd	005c12ff	3
005c132e	005c132f	2
005c13c8	005c13cf	8
005c14f9	005c14ff	7
005c1629	005c162f	7
005c1655	005c165f	11
005c167f	005c1681	3
005c1688	005c168f	8
005c16f5	005c16f7	3
005c1701	005c170f	15
005c17c9	005c17cf	7
005c17d8	005c17df	8
005c1899	005c189f	7
005c18a8	005c18af	8
005c190a	005c1914	11
005c1936	005c193f	10
005c19f9	005c19ff	7
005c1a08	005c1a0f	8
005c1a6a	005c1a74	11
005c1a96	005c1a9f	10
005c1b59	005c1b5f	7
005c1c19	005c1c1f	7
005c1c7a	005c1c84	11
005c1ca6	005c1caf	10
005c1d69	005c1d6f	7
005c1dca	005c1dd4	11
005c1df6	005c1dff	10
005c1eb9	005c1ebf	7
005c1f1a	005c1f24	11
005c1f46	005c1f4f	10
005c2009	005c200f	7
005c206a	005c2074	11
005c2096	005c209f	10
005c2159	005c215f	7
005c21ba	005c21c4	11
005c21e6	005c21ef	10
005c22a9	005c22af	7
005c230a	005c2314	11
005c2336	005c233f	10
005c23f9	005c23ff	7
005c245a	005c2464	11
005c2486	005c248f	10
005c2549	005c254f	7
005c25aa	005c25b4	11
005c25d6	005c25df	10
005c2699	005c269f	7
005c2759	005c275f	7
005c27ba	005c27c4	11
005c27e6	005c27ef	10
005c28a9	005c28af	7
005c290a	005c2914	11
005c2936	005c293f	10
005c2a69	005c2a6f	7
005c2b99	005c2b9f	7
005c2c38	005c2c3f	8
005c2c6e	005c2c6f	2
005c2d08	005c2d0f	8
005c2da8	005c2daf	8
005c2e48	005c2e4f	8
005c2ee8	005c2eef	8
005c2faa	005c2faf	6
005c2fb8	005c2fbf	8
005c307a	005c307f	6
005c312e	005c312f	2
005c313b	005c313f	5
005c31ad	005c31af	3
005c31b9	005c31bf	7
005c31df	005c31e1	3
005c31e8	005c31ef	8
005c321c	005c321f	4
005c326f	005c3271	3
005c3293	005c329f	13
005c32bf	005c32c1	3
005c32c8	005c32cf	8
005c3358	005c335a	3
005c3364	005c336f	12
005c33f4	005c33ff	12
005c3408	005c340f	8
005c3468	005c346a	3
005c34f8	005c34ff	8
005c3505	005c350f	11
005c369b	005c369d	3
005c36cc	005c36d7	12
005c37ef	005c37ef	1
005c3834	005c383f	12
005c38d6	005c38df	10
005c3914	005c391f	12
005c393f	005c393f	1
005c3974	005c397f	12
005c39ad	005c39af	3
005c39c5	005c39c7	3
005c39ce	005c39cf	2
005c3a35	005c3a37	3
005c3a3e	005c3a3f	2
005c3a94	005c3a9f	12
005c3ae6	005c3aef	10
005c3c68	005c3c6a	3
005c3c99	005c3ca4	12
005c3dbf	005c3dbf	1
005c3e58	005c3e5f	8
005c3eb3	005c3eb5	3
005c3ebe	005c3ebf	2
005c3f58	005c3f5f	8
005c3fb3	005c3fb5	3
005c3fbe	005c3fbf	2
005c4058	005c405f	8
005c40f8	005c40ff	8
005c418e	005c418f	2
005c41ee	005c41ef	2
005c428b	005c428d	3
005c4296	005c429f	10
005c42ec	005c42ee	3
005c42f5	005c42ff	11
005c4354	005c435f	12
005c43d9	005c43df	7
005c43e8	005c43ef	8
005c4417	005c4419	3
005c447a	005c4484	11
005c44ad	005c44af	3
005c4529	005c452f	7
005c458a	005c4594	11
005c45bd	005c45bf	3
005c4639	005c463f	7
005c469a	005c46a4	11
005c46cd	005c46cf	3
005c4749	005c474f	7
005c47aa	005c47b4	11
005c47dd	005c47df	3
005c4878	005c487f	8
005c48ae	005c48af	2
005c4908	005c490f	8
005c49a8	005c49af	8
005c4a3e	005c4a3f	2
005c4ace	005c4acf	2
005c4b8f	005c4b8f	1
005c4c4f	005c4c4f	1
005c4d0f	005c4d0f	1
005c4dcf	005c4dcf	1
005c4e8f	005c4e8f	1
005c4f4f	005c4f4f	1
005c500f	005c500f	1
005c5d85	005c5d8f	11
005c5d96	005c5d9f	10
005c5db5	005c5dbf	11
005c5e0a	005c5e0f	6
005c5e29	005c5e2b	3
005c5e48	005c5e4a	3
005c5e61	005c5e63	3
005c5e7c	005c5e7e	3
005c5e95	005c5e9f	11
005c5edb	005c5edf	5
005c5ef5	005c5ef7	3
005c5efe	005c5eff	2
005c5f14	005c5f1f	12
005c5f34	005c5f3f	12
005c6089	005c608b	3
005c60b9	005c60c4	12
005c617a	005c617f	6
005c61bb	005c61bf	5
005c61f4	005c61ff	12
005c6229	005c622b	3
005c6242	005c6244	3
005c6259	005c625f	7
005c628d	005c628f	3
005c6298	005c629f	8
005c62ba	005c62bf	6
005c62eb	005c62ef	5
005c6398	005c639f	8
005c63a6	005c63af	10
005c63c9	005c63cb	3
005c63e8	005c63ea	3
005c6401	005c6403	3
005c641c	005c641e	3
005c6435	005c643f	11
005c647b	005c647f	5
005c6495	005c6497	3
005c649e	005c649f	2
005c64db	005c64df	5
005c6588	005c658f	8
005c6596	005c659f	10
005c65b9	005c65bb	3
005c65d8	005c65da	3
005c65f1	005c65f3	3
005c660c	005c660e	3
005c6625	005c662f	11
005c666b	005c666f	5
005c6685	005c6687	3
005c668e	005c668f	2
005c66a4	005c66af	12
005c66ee	005c66ef	2
005c6798	005c679f	8
005c67a6	005c67af	10
005c67ba	005c67bf	6
005c67d9	005c67db	3
005c67f8	005c67fa	3
005c6811	005c6813	3
005c682c	005c682e	3
005c6845	005c684f	11
005c688b	005c688f	5
005c689a	005c689f	6
005c68a4	005c68af	12
005c68ba	005c68bf	6
005c68c4	005c68cf	12
005c68da	005c68df	6
005c68e4	005c68ef	12
005c6905	005c6907	3
005c690e	005c690f	2
005c6924	005c692f	12
005c6977	005c697f	9
005c698a	005c698f	6
005c6994	005c699f	12
005c69aa	005c69af	6
005c69b4	005c69bf	12
005c69ca	005c69cf	6
005c69fb	005c69ff	5
005c6aa8	005c6aaf	8
005c6af2	005c6aff	14
005c6b1a	005c6b1f	6
005c6b33	005c6b3f	13
005c6b53	005c6b5f	13
005c6b8a	005c6b8f	6
005c6c38	005c6c3a	3
005c6cde	005c6ce9	12
005c6ceb	005c6cef	5
005c6d24	005c6d2f	12
005c6edc	005c6edf	4
005c6f21	005c6f2f	15
005c7024	005c702f	12
005c71d7	005c71df	9
005c7285	005c7287	3
005c7294	005c729f	12
005c72ee	005c72ef	2
005c7385	005c738f	11
005c73a9	005c73af	7
005c73b6	005c73bf	10
005c73ef	005c73ef	1
005c741f	005c741f	1
005c742a	005c742f	6
005c7434	005c743f	12
005c744d	005c744f	3
005c745c	005c745f	4
005c74b5	005c74bf	11
005c7515	005c751f	11
005c7545	005c7550	12
005c7557	005c755f	9
005c75d8	005c75e3	12
005c75e5	005c75ef	11
005c766e	005c7679	12
005c767b	005c767f	5
005c76f2	005c76fd	12
005c76ff	005c76ff	1
005c7793	005c779e	12
005c781e	005c7829	12
005c782b	005c782f	5
005c7855	005c7860	12
005c7867	005c786f	9
005c7903	005c790e	12
005c7974	005c797f	12
005c7c0e	005c7c2f	34
005c7ddc	005c7e9f	196
005c804c	005c804f	4
005c80cf	005c80cf	1
005c80dc	005c80df	4
005c8120	005c813f	32
005c81f9	005c81ff	7
005c82b7	005c82bf	9
005c82f3	005c82ff	13
005c83b9	005c83bf	7
005c84f9	005c84fb	3
005c8529	005c8534	12
005c85ea	005c85ef	6
005c868b	005c868f	5
005c86d8	005c86df	8
005c8704	005c870f	12
005c876a	005c876f	6
005c87ca	005c87cf	6
005c8939	005c893f	7
005c898f	005c8998	10
005c89a3	005c89af	13
005c89f7	005c89ff	9
005c8b2a	005c8b2f	6
005c8b49	005c8b4f	7
005c8bc9	005c8bcf	7
005c8c19	005c8c1f	7
005c8cc9	005c8ccf	7
005c8e05	005c8e0f	11
005c8e88	005c8e8f	8
005c8ebf	005c8ebf	1
005c8eef	005c8eef	1
005c8f0d	005c8f0f	3
005c8f1d	005c8f1f	3
005c8f63	005c8f71	15
005c8f8a	005c8f8c	3
005c8fb5	005c8fff	75
005c9015	005c9017	3
005c901e	005c901f	2
005c9218	005c9222	11
005c922b	005c9260	54
005c926b	005c926f	5
005c9580	005c958f	16
005c968d	005c968f	3
005c96d0	005c96ec	29
005c9798	005c97a2	11
005c97a9	005c97cf	39
005c97e2	005c97ef	14
005c980e	005c980f	2
005c981a	005c981f	6
005c984c	005c984f	4
005c98a5	005c98af	11
005c98bc	005c98bf	4
005c99d6	005c99df	10
005c9a02	005c9a0f	14
005c9a29	005c9a2f	7
005c9aab	005c9aaf	5
005c9b73	005c9b7f	13
005c9ba5	005c9baf	11
005c9bca	005c9bcf	6
005c9bea	005c9bef	6
005c9c0a	005c9c0f	6
005c9c2a	005c9c2f	6
005c9c4a	005c9c4f	6
005c9c6a	005c9c6f	6
005c9c7a	005c9c7f	6
005c9c84	005c9c8f	12
005c9c9a	005c9c9f	6
005c9ca4	005c9caf	12
005c9cca	005c9ccf	6
005c9cea	005c9cef	6
005c9cf4	005c9cff	12
005c9d1a	005c9d1f	6
005c9d2d	005c9d2f	3
005c9d37	005c9d3f	9
005c9d4d	005c9d4f	3
005c9d57	005c9d5f	9
005c9d67	005c9d6f	9
005c9d77	005c9d7f	9
005c9d87	005c9d8f	9
005c9d9d	005c9d9f	3
005c9da7	005c9daf	9
005c9dbe	005c9dbf	2
005c9dcb	005c9dcf	5
005c9ddd	005c9ddf	3
005c9de7	005c9def	9
005c9df7	005c9dff	9
005c9e3c	005c9e3f	4
005c9ee4	005c9eef	12
005c9f11	005c9f1f	15
005c9fb2	005c9fbf	14
005ca056	005ca05f	10
005ca321	005ca32f	15
005ca524	005ca52f	12
005ca577	005ca57f	9
005ca5c7	005ca5cf	9
005ca6ab	005ca6af	5
005ca83f	005ca83f	1
005ca90c	005ca90f	4
005ca9e3	005ca9ef	13
005caa39	005caa3f	7
005caa84	005caa8f	12
005cad86	005cad8f	10
005cb2d2	005cb2df	14
005cb613	005cb61f	13
005cb641	005cb64f	15
005cb6c4	005cb6cf	12
005cb821	005cb82f	15
005cb866	005cb86f	10
005cb895	005cb89f	11
005cb8be	005cb8bf	2
005cb8d2	005cb8df	14
005cb8f4	005cb8ff	12
005cb907	005cb90f	9
005cb91f	005cb91f	1
005cb927	005cb92f	9
005cb995	005cb99f	11
005cb9ed	005cb9ef	3
005cba7a	005cba7f	6
005cbb22	005cbb2f	14
005cbb3f	005cbb3f	1
005cbb7d	005cbb7f	3
005cbc09	005cbc0f	7
005cbd6a	005cbd6f	6
005cbd95	005cbd9f	11
005cbdad	005cbdaf	3
005cbdc5	005cbdcf	11
005cbde7	005cbdef	9
005cbdf7	005cbdff	9
005cbe06	005cbe0f	10
005cbe35	005cbe3f	11
005cbe47	005cbe4f	9
005cbe5d	005cbe5f	3
005cbe67	005cbe6f	9
005cbe8d	005cbe8f	3
005cbe97	005cbe9f	9
005cbee2	005cbeef	14
005cbf3a	005cbf3f	6
005cbf9d	005cbf9f	3
005cc027	005cc02f	9
005cc2d5	005cc2df	11
005cc51c	005cc51f	4
005cc54e	005cc54f	2
005cce29	005cce2b	3
005cce59	005cce64	12
005ccf1a	005ccf1f	6
005ccf86	005ccf8f	10
005cd59c	005cd59f	4
005cd68f	005cd68f	1
005cdf7e	005cdf7f	2
005ce89b	005ce89f	5
005ce923	005ce92f	13
005cf5af	005cf5af	1
005cf5fd	005cf5ff	3
005cf6d7	005cf6df	9
005cf6ea	005cf6ef	6
005cf70a	005cf70f	6
005cf72e	005cf72f	2
005cf73a	005cf73f	6
005cf744	005cf74f	12
005cf78b	005cf78f	5
005cf7b5	005cf7bf	11
005cf7d7	005cf7df	9
005cf858	005cf863	12
005cf865	005cf86f	11
005cf8e2	005cf8ed	12
005cf8ef	005cf8ef	1
005cf927	005cf930	10
005cf936	005cf93f	10
005cf97d	005cf97f	3
005cf9ea	005cf9ef	6
005cfa1a	005cfa1f	6
005cfa45	005cfa4f	11
005cfa6e	005cfa70	3
005cfa77	005cfa7f	9
005cfacd	005cfacf	3
005cfc48	005cfc4a	3
005cfd4d	005cfd4f	3
005cfd77	005cfd79	3
005cfddf	005cfde1	3
005cfdf9	005cfdff	7
005cfe55	005cfe5f	11
005cfe73	005cfe7f	13
005cfe85	005cfe8f	11
005cfe97	005cfe9f	9
005cfec1	005cfecf	15
005cfef5	005cfeff	11
005cff24	005cff2f	12
005d001f	005d001f	1
005d0075	005d007f	11
005d00d5	005d00df	11
005d0344	005d034f	12
005d03cd	005d03cf	3
005d085f	005d085f	1
005d0a9d	005d0a9f	3
005d0b0c	005d0b0f	4
005d0b2e	005d0b2f	2
005d0b42	005d0b4f	14
005d0b64	005d0b6f	12
005d0b77	005d0b7f	9
005d0b8f	005d0b8f	1
005d0c1a	005d0c1f	6
005d0cc2	005d0ccf	14
005d0d4d	005d0d4f	3
005d0d57	005d0d5f	9
005d0d66	005d0d6f	10
005d0d92	005d0d9f	14
005d0dd9	005d0ddf	7
005d0e0e	005d0e0f	2
005d0ee7	005d0eef	9
005d0f0e	005d0f0f	2
005d0f21	005d0f2f	15
005d0f48	005d0f4f	8
005d0f57	005d0f5f	9
005d0f67	005d0f6f	9
005d0f77	005d0f7f	9
005d0fa2	005d0faf	14
005d0fe9	005d0fef	7
005d1046	005d104f	10
005d106e	005d106f	2
005d107f	005d107f	1
005d1083	005d108f	13
005d111e	005d111f	2
005d1189	005d118f	7
005d1211	005d121f	15
005d1227	005d122f	9
005d1245	005d124f	11
005d1267	005d126f	9
005d1276	005d127f	10
005d128e	005d128f	2
005d12b2	005d12bf	14
005d12f9	005d12ff	7
005d13b2	005d13bf	14
005d1889	005d188f	7
005d1ca4	005d1caf	12
005d1cce	005d1ccf	2
005d1cd8	005d1cdf	8
005d1ce8	005d1cef	8
005d1cf8	005d1cff	8
005d1d08	005d1d0f	8
005d1d18	005d1d1f	8
005d1d28	005d1d2f	8
005d1d38	005d1d3f	8
005d1d62	005d1d6f	14
005d1d7f	005d1d7f	1
005d1ddb	005d1ddf	5
005d1deb	005d1def	5
005d1df8	005d1dff	8
005d1e04	005d1e0f	12
005d1e32	005d1e3f	14
005d1e55	005d1e5f	11
005d1e81	005d1e8f	15
005d1eb1	005d1ebf	15
005d1ee1	005d1eef	15
005d1f29	005d1f2f	7
005d204e	005d204f	2
005d2235	005d223f	11
005d22c4	005d22cf	12
005d22e6	005d22ef	10
005d2315	005d2320	12
005d2327	005d232f	9
005d23ae	005d23b9	12
005d23bb	005d23bf	5
005d2453	005d245e	12
005d24be	005d24bf	2
005d24fe	005d24ff	2
005d2585	005d258f	11
005d2627	005d262f	9
005d2658	005d265f	8
005d27c3	005d27cf	13
005d27fa	005d27ff	6
005d282a	005d282f	6
005d2869	005d286f	7
005d28b3	005d28bf	13
005d28fd	005d28ff	3
005d2948	005d294f	8
005d29a3	005d29af	13
005d2a14	005d2a1f	12
005d2a41	005d2a4f	15
005d2a7d	005d2a7f	3
005d2ad8	005d2adf	8
005d2b6b	005d2b6d	3
005d2b86	005d2b9f	26
005d2c57	005d2c5f	9
005d2e0c	005d2e0f	4
005d2e8b	005d2e8f	5
005d2fd3	005d2fdf	13
005d3004	005d3006	3
005d3037	005d3039	3
005d3082	005d3084	3
005d308d	005d308f	3
005d3149	005d314f	7
005d31aa	005d31af	6
005d324b	005d324f	5
005d32a5	005d32ae	10
005d3317	005d331f	9
005d336f	005d3378	10
005d3383	005d338f	13
005d340f	005d340f	1
005d34c4	005d34cf	12
005d3539	005d353f	7
005d3654	005d365f	12
005d36e0	005d36e2	3
005d3717	005d371f	9
005d3773	005d3775	3
005d37a2	005d384f	174
005d3875	005d387f	11
005d3884	005d388f	12
005d389a	005d389f	6
005d39ad	005d39af	3
005d39c5	005d39c7	3
005d39ce	005d39cf	2
005d3b6c	005d3b6f	4
005d3de8	005d3def	8
005d3ffc	005d3fff	4
005d4788	005d478f	8
005d47ee	005d47f0	3
005d48e5	005d48ef	11
005d4b0f	005d4b0f	1
005d4b3d	005d4b3f	3
005d4bc7	005d4bcf	9
005d4c0b	005d4c0f	5
005d4c17	005d4c1f	9
005d4c6c	005d4c6f	4
005d4ca9	005d4caf	7
005d4cca	005d4ccf	6
005d4d56	005d4d5f	10
005d4d92	005d4d9f	14
005d4ebc	005d4ebf	4
005d4f7b	005d4f7f	5
005d4fd4	005d4fdf	12
005d500f	005d500f	1
005d5016	005d501f	10
005d5028	005d502f	8
005d5038	005d503f	8
005d5048	005d504f	8
005d5058	005d505f	8
005d5091	005d5093	3
005d509a	005d509f	6
005d51ce	005d51cf	2
005d51f5	005d5200	12
005d5207	005d520f	9
005d52a3	005d52ae	12
005d532e	005d5339	12
005d533b	005d533f	5
005d548f	005d548f	1
005d563c	005d563f	4
005d56f7	005d56ff	9
005d57b9	005d57bf	7
005d581a	005d581f	6
005d5989	005d598f	7
005d599d	005d599f	3
005d5a19	005d5a1f	7
005d5a33	005d5a3f	13
005d5a46	005d5a4f	10
005d5c16	005d5c1f	10
005d5cdc	005d5cdf	4
005d5d4d	005d5d4f	3
005d5d8f	005d5d91	3
005d5d9b	005d5d9f	5
005d5eb5	005d5eb7	3
005d60d3	005d60d5	3
005d60f7	005d60f9	3
005d612e	005d6130	3
005d6151	005d6153	3
005d6169	005d616f	7
005d61ca	005d61cf	6
005d622a	005d622f	6
005d65e4	005d65ef	12
005d668f	005d668f	1
005d6854	005d685f	12
005d6886	005d688f	10
005d68c7	005d68cf	9
005d6ca4	005d6caf	12
005d6f04	005d6f0f	12
005d6f2e	005d6f2f	2
005d70ab	005d70af	5
005d70e1	005d70ef	15
005d70f4	005d70ff	12
005d710a	005d710f	6
005d7114	005d711f	12
005d712b	005d712f	5
005d715b	005d715d	3
005d7164	005d716f	12
005d71c5	005d71cf	11
005d71e1	005d71ef	15
005d723d	005d723f	3
005d7332	005d735f	46
005d73db	005d73df	5
005d7443	005d744f	13
005d7528	005d752f	8
005d7978	005d797f	8
005d79b7	005d79bf	9
005d7a13	005d7a1f	13
005d7a6e	005d7a6f	2
005d7ba5	005d7baf	11
005d7c5f	005d7c5f	1
005d7cbb	005d7cbf	5
005d7cce	005d7ccf	2
005d7e9d	005d7e9f	3
005d7f47	005d7f4f	9
005d862d	005d862f	3
005d88ab	005d88af	5
005d88d3	005d88df	13
005d8936	005d893f	10
005d8abe	005d8abf	2
005d8afc	005d8aff	4
005d8e4c	005d8e4f	4
005d8e6a	005d8e6f	6
005d8ebf	005d8ebf	1
005d8f64	005d8f6f	12
005d90c9	005d90cf	7
005d9107	005d910f	9
005d912d	005d912f	3
005d91be	005d91bf	2
005d95aa	005d95af	6
005d95ed	005d95ef	3
005d973a	005d973f	6
005d9969	005d996f	7
005d9b1c	005d9b1f	4
005d9c8e	005d9c8f	2
005da083	005da08f	13
005da0df	005da0df	1
005da11c	005da11f	4
005da24d	005da24f	3
005da28b	005da28f	5
005da2b5	005da2bf	11
005da2ca	005da2cf	6
005da2f5	005da2ff	11
005da304	005da30f	12
005da314	005da31f	12
005da324	005da32f	12
005da33a	005da33f	6
005da34a	005da34f	6
005da35a	005da35f	6
005da36a	005da36f	6
005da374	005da37f	12
005da38a	005da38f	6
005da394	005da39f	12
005da3be	005da3c0	3
005da3c7	005da3cf	9
005da3e4	005da3ef	12
005da455	005da45f	11
005da4bb	005da4bf	5
005da5a4	005da5af	12
005da956	005da95f	10
005dab38	005dab3f	8
005dab4a	005dab4f	6
005dabb2	005dabbf	14
005dac53	005dac5f	13
005dac81	005dac8f	15
005dacb1	005dacb3	3
005dacd6	005dacd8	3
005dacf4	005dacff	12
005dad4d	005dad4f	3
005dad65	005dad67	3
005dad6e	005dad6f	2
005dada7	005dadaf	9
005dae11	005dae1f	15
005daf59	005daf5b	3
005daf89	005daf94	12
005db04a	005db04f	6
005db0eb	005db0ef	5
005db23a	005db23c	3
005db247	005db24f	9
005db369	005db36f	7
005db3bd	005db3bf	3
005db5fc	005db5fe	3
005db604	005db60f	12
005db926	005db92f	10
005dba75	005dba7f	11
005dbbb7	005dbbbf	9
005dbbd7	005dbbdf	9
005dbc12	005dbc1f	14
005dbc62	005dbc6f	14
005dbd0c	005dbd0f	4
005dbd87	005dbd8f	9
005dbdff	005dbdff	1
005dbe64	005dbe6f	12
005dc06e	005dc06f	2
005dc2af	005dc2af	1
005dc48e	005dc48f	2
005dcc3f	005dcc4e	16
005dccb9	005dccbf	7
005dcde7	005dcdef	9
005dcdfd	005dcdff	3
005dce07	005dce0f	9
005dce17	005dce1f	9
005dce2d	005dce2f	3
005dce35	005dce3f	11
005dce5b	005dce5d	3
005dce64	005dce6f	12
005dce97	005dce9f	9
005dcec9	005dcecf	7
005dcf03	005dcf0f	13
005dd027	005dd02f	9
005dd067	005dd06f	9
005dd212	005dd21f	14
005dd26b	005dd26f	5
005dd28b	005dd28d	3
005dd294	005dd29f	12
005dd40d	005dd40f	3
005dd489	005dd48f	7
005dd50a	005dd50f	6
005dd584	005dd58f	12
005dd5ff	005dd5ff	1
005dd61b	005dd61f	5
005dd646	005dd64f	10
005dd6e8	005dd6ff	24
005dd839	005dd83b	3
005dd869	005dd874	12
005dd928	005dd92f	8
005dd992	005dd99f	14
005ddc2e	005ddc34	7
005ddc66	005ddc68	3
005ddc78	005ddc7f	8
005ddc86	005ddc8f	10
005dddb7	005dddbf	9
005dde4b	005dde4f	5
005dde56	005dde5f	10
005ddeae	005ddeaf	2
005ddf44	005ddf4f	12
005ddf56	005ddf5f	10
005de0ea	005de0ef	6
005de186	005de18f	10
005de1e3	005de1ef	13
005de20b	005de20f	5
005de234	005de23f	12
005de298	005de29f	8
005de2c9	005de2cf	7
005de3b2	005de3bf	14
005de3e5	005de3ef	11
005de432	005de440	15
005de458	005de45a	3
005de483	005de49f	29
005de4b5	005de4b7	3
005de4be	005de4bf	2
005de4e7	005de4ef	9
005de4f4	005de4ff	12
005de504	005de50f	12
005de526	005de528	3
005de52f	005de52f	1
005de534	005de53f	12
005de54a	005de54f	6
005de5a3	005de5af	13
005de5d4	005de5df	12
005de5f9	005de5ff	7
005de6d6	005de6df	10
005de705	005de70f	11
005de752	005de760	15
005de779	005de77b	3
005de7a5	005de7a7	3
005de7ae	005de7af	2
005de805	005de80f	11
005de8a3	005de8ae	12
005de93a	005de93c	3
005de99c	005de99f	4
005de9d1	005de9d3	3
005de9e7	005de9f2	12
005de9fa	005deabf	198
005deb91	005deb93	3
005dec4e	005dec50	3
005dec5b	005dec5f	5
005decfc	005decff	4
005ded51	005ded5f	15
005ded7c	005ded7f	4
005ded92	005ded9f	14
005dedcf	005dedcf	1
005dedd7	005deddf	9
005dede9	005dedef	7
005dedf9	005dedff	7
005dee05	005dee0f	11
005dee19	005dee1f	7
005dee26	005dee2f	10
005dee38	005dee3f	8
005dee48	005dee4f	8
005dee87	005dee89	3
005deedb	005deedf	5
005def01	005def0f	15
005def15	005def1f	11
005def83	005def8f	13
005defd7	005defdf	9
005deffb	005defff	5
005df039	005df03f	7
005df05b	005df05f	5
005df081	005df08f	15
005df156	005df15f	10
005df1b5	005df1b7	3
005df1c9	005df1cf	7
005df216	005df218	3
005df249	005df24f	7
005df330	005df332	3
005df389	005df38f	7
005df461	005df463	3
005df477	005df479	3
005df4c1	005df4c3	3
005df4e0	005df4e2	3
005df4f3	005df4ff	13
005df615	005df61f	11
005df6a9	005df6ab	3
005df6ce	005df6d0	3
005df6f1	005df6ff	15
005df844	005df84f	12
005df890	005df892	3
005df8a1	005df8af	15
005df92f	005df92f	1
005df93e	005df93f	2
005df95c	005df95f	4
005dfa35	005dfa37	3
005dfa54	005dfa56	3
005dfa67	005dfa6f	9
005dfab6	005dfabf	10
005dfb59	005dfb5f	7
005dfbe3	005dfbef	13
005dfc2a	005dfc2f	6
005dfd61	005dfd6f	15
005dfdf6	005dfdf8	3
005dfe15	005dfe17	3
005dfe85	005dfe87	3
005dfeaa	005dfeac	3
005dfeb3	005dfebf	13
005dff3e	005dff40	3
005dff5d	005dff5f	3
005dffc5	005dffc7	3
005dffea	005dffec	3
005dfff3	005dffff	13
005e0044	005e004f	12
005e0091	005e009f	15
005e00e6	005e00ef	10
005e0134	005e013f	12
005e0184	005e018f	12
005e01d1	005e01df	15
005e023b	005e023f	5
005e024d	005e024f	3
005e025c	005e025f	4
005e02b9	005e02bf	7
005e0317	005e031f	9
005e038a	005e038f	6
005e03e5	005e03ef	11
005e0483	005e048e	12
005e0523	005e052e	12
005e0557	005e055f	9
005e058e	005e0591	4
005e05aa	005e05af	6
005e05cf	005e05d1	3
005e05ec	005e05ef	4
005e0665	005e0667	3
005e06b7	005e06b9	3
005e06d5	005e06d7	3
005e06ea	005e06ef	6
005e0721	005e0723	3
005e0737	005e0742	12
005e074a	005e074f	6
005e0781	005e0783	3
005e0797	005e07a2	12
005e07aa	005e07af	6
005e07c6	005e07cf	10
005e0a65	005e0a67	3
005e0a80	005e0aaf	48
005e0ae1	005e0ae3	3
005e0af7	005e0b02	12
005e0b0a	005e0b0f	6
005e0be5	005e0be7	3
005e0c04	005e0c06	3
005e0c17	005e0c1f	9
005e0c62	005e0c6f	14
005e0d1a	005e0d1f	6
005e0daf	005e0db1	3
005e0dc2	005e0dcf	14
005e0ea5	005e0ea7	3
005e0ec4	005e0ec6	3
005e0ed7	005e0edf	9
005e0f8e	005e0f8f	2
005e1029	005e102f	7
005e10f4	005e10ff	12
005e11d5	005e11d7	3
005e11f4	005e11f6	3
005e1207	005e120f	9
005e12f1	005e12ff	15
005e13ad	005e13af	3
005e1485	005e1487	3
005e14a4	005e14a6	3
005e14b7	005e14bf	9
005e1592	005e159f	14
005e164d	005e164f	3
005e1694	005e169f	12
005e1756	005e175f	10
005e1787	005e178f	9
005e180f	005e180f	1
005e1852	005e185f	14
005e1933	005e193f	13
005e1998	005e199f	8
005e1a87	005e1a89	3
005e1a9d	005e1a9f	3
005e1aef	005e1af1	3
005e1b05	005e1b07	3
005e1b53	005e1b55	3
005e1b69	005e1b6b	3
005e1bbe	005e1bc0	3
005e1bd4	005e1bd6	3
005e1c29	005e1c2b	3
005e1c3f	005e1c41	3
005e1c98	005e1c9a	3
005e1cb9	005e1cbb	3
005e1ccf	005e1ccf	1
005e1cde	005e1cdf	2
005e1d41	005e1d4f	15
005e205d	005e205f	3
005e2141	005e2143	3
005e2156	005e2158	3
005e21a7	005e21a9	3
005e21c5	005e21c7	3
005e21d8	005e21df	8
005e224f	005e224f	1
005e23d4	005e23df	12
005e24b5	005e24b7	3
005e24d4	005e24d6	3
005e24e7	005e24ef	9
005e2532	005e253f	14
005e25a4	005e25af	12
005e268c	005e268f	4
005e270f	005e270f	1
005e274e	005e274f	2
005e279c	005e279f	4
005e2875	005e2877	3
005e2894	005e2896	3
005e28a7	005e28af	9
005e28ee	005e28ef	2
005e2996	005e299f	10
005e2a7c	005e2a7f	4
005e2b71	005e2b7f	15
005e2c55	005e2c57	3
005e2c74	005e2c76	3
005e2c87	005e2c8f	9
005e2d69	005e2d6f	7
005e2e5c	005e2e5f	4
005e2f35	005e2f37	3
005e2f54	005e2f56	3
005e2f67	005e2f6f	9
005e303a	005e303f	6
005e315b	005e315f	5
005e3236	005e323f	10
005e3315	005e3317	3
005e3334	005e3336	3
005e3347	005e334f	9
005e338e	005e338f	2
005e3469	005e346f	7
005e355c	005e355f	4
005e3635	005e3637	3
005e3654	005e3656	3
005e3667	005e366f	9
005e36a7	005e36af	9
005e378c	005e378f	4
005e37b2	005e37b4	3
005e37cd	005e388f	195
005e3947	005e394f	9
005e3a07	005e3a0f	9
005e3a33	005e3a35	3
005e3a4f	005e3a4f	1
005e3a7d	005e3a7f	3
005e3a98	005e3a9f	8
005e3b1d	005e3b1f	3
005e3b45	005e3b4f	11
005e3b65	005e3b67	3
005e3b6e	005e3b6f	2
005e3b85	005e3b87	3
005e3ba0	005e3ba2	3
005e3bdb	005e3c1f	69
005e3c61	005e3c6f	15
005e3c86	005e3c8f	10
005e3cb2	005e3cb4	3
005e3ccd	005e3ccf	3
005e3f75	005e3faf	59
005e3fef	005e4009	27
005e40c7	005e40cf	9
005e4315	005e431f	11
005e432d	005e432f	3
005e433d	005e433f	3
005e4348	005e434f	8
005e4358	005e435f	8
005e4377	005e437f	9
005e4396	005e439f	10
005e4401	005e440f	15
005e4477	005e447f	9
005e44fd	005e44ff	3
005e4521	005e4523	3
005e455c	005e455f	4
005e4591	005e459f	15
005e45cf	005e45cf	1
005e45e2	005e45ef	14
005e45fd	005e45ff	3
005e469b	005e469f	5
005e473b	005e473f	5
005e47b3	005e47bf	13
005e47dd	005e47df	3
005e481d	005e481f	3
005e499f	005e49a1	3
005e49eb	005e49f6	12
005e4afe	005e4aff	2
005e4c1a	005e4c1c	3
005e4c94	005e4c9f	12
005e4cb4	005e4cbf	12
005e4ccf	005e4ccf	1
005e4ce2	005e4cef	14
005e4d41	005e4d4f	15
005e4dbb	005e4dbf	5
005e4e19	005e4e1f	7
005e4fb7	005e4fb9	3
005e4fef	005e4ffa	12
005e5132	005e513f	14
005e516d	005e516f	3
005e51c6	005e51cf	10
005e51fd	005e51ff	3
005e5254	005e525f	12
005e531a	005e531a	1
005e531e	005e531f	2
005e5388	005e538f	8
005e55a7	005e55a9	3
005e55de	005e55e9	12
005e5722	005e5724	3
005e577b	005e577f	5
005e580e	005e580f	2
005e5845	005e584f	11
005e587a	005e587f	6
005e590d	005e590f	3
005e5924	005e592f	12
005e5a5f	005e5a5f	1
005e5aac	005e5aaf	4
005e5b3a	005e5b3a	1
005e5b3e	005e5b3f	2
005e5ba2	005e5baf	14
005e5cf5	005e5cf7	3
005e5d42	005e5d4f	14
005e5ed5	005e5ed7	3
005e5f09	005e5f14	12
005e6055	005e6057	3
005e606b	005e606f	5
005e615e	005e615f	2
005e61ff	005e61ff	1
005e6298	005e629f	8
005e631d	005e631f	3
005e6338	005e633f	8
005e63da	005e63dc	3
005e640a	005e640c	3
005e6444	005e652f	236
005e6581	005e658f	15
005e6598	005e659f	8
005e65a8	005e65af	8
005e65be	005e65bf	2
005e65e8	005e65ef	8
005e65f8	005e65ff	8
005e6608	005e660f	8
005e6618	005e661f	8
005e6682	005e668f	14
005e66a5	005e66a7	3
005e66ae	005e66af	2
005e672f	005e6731	3
005e674e	005e6750	3
005e67b8	005e67ba	3
005e67d7	005e67d9	3
005e6841	005e6843	3
005e6860	005e6862	3
005e68c9	005e68cb	3
005e68e8	005e68ea	3
005e6952	005e6954	3
005e6971	005e6973	3
005e69db	005e69dd	3
005e69fa	005e69fc	3
005e6a63	005e6a65	3
005e6a82	005e6a84	3
005e6aec	005e6aee	3
005e6b0f	005e6b11	3
005e6b18	005e6b1f	8
005e6b64	005e6b6f	12
005e6b87	005e6b8f	9
005e6ba2	005e6baf	14
005e6bfa	005e6bff	6
005e6c99	005e6c9f	7
005e6d02	005e6d0f	14
005e6dfb	005e6dfd	3
005e6e1a	005e6e1c	3
005e6e2d	005e6e2f	3
005e6eda	005e6edf	6
005e6fd5	005e6fd7	3
005e6fe8	005e6fef	8
005e70f9	005e70ff	7
005e71eb	005e71ed	3
005e720a	005e720c	3
005e721d	005e721f	3
005e72fe	005e72ff	2
005e73f5	005e73f7	3
005e7408	005e740f	8
005e74e5	005e74e7	3
005e7504	005e7506	3
005e7517	005e751f	9
005e75ce	005e75cf	2
005e7669	005e766f	7
005e775b	005e775d	3
005e777a	005e777c	3
005e778d	005e778f	3
005e786e	005e786f	2
005e7981	005e7983	3
005e7995	005e799f	11
005e7a8b	005e7a8d	3
005e7aaa	005e7aac	3
005e7abd	005e7abf	3
005e7b9e	005e7b9f	2
005e7cb1	005e7cb3	3
005e7cc5	005e7ccf	11
005e7da5	005e7da7	3
005e7dc4	005e7dc6	3
005e7dd7	005e7ddf	9
005e7e9b	005e7e9f	5
005e7f39	005e7f3f	7
005e8015	005e8017	3
005e8034	005e8036	3
005e8047	005e804f	9
005e80fe	005e80ff	2
005e8199	005e819f	7
005e829e	005e829f	2
005e8375	005e8377	3
005e8394	005e8396	3
005e83a7	005e83af	9
005e845e	005e845f	2
005e84f9	005e84ff	7
005e85d5	005e85d7	3
005e85f4	005e85f6	3
005e8607	005e860f	9
005e86be	005e86bf	2
005e8759	005e875f	7
005e8835	005e8837	3
005e8854	005e8856	3
005e8867	005e886f	9
005e892b	005e892f	5
005e89c9	005e89cf	7
005e8aa5	005e8aa7	3
005e8ac4	005e8ac6	3
005e8ad7	005e8adf	9
005e8b9b	005e8b9f	5
005e8c39	005e8c3f	7
005e8d15	005e8d17	3
005e8d34	005e8d36	3
005e8d47	005e8d4f	9
005e8e0e	005e8e0f	2
005e8ea9	005e8eaf	7
005e8f85	005e8f87	3
005e8fa4	005e8fa6	3
005e8fb7	005e8fbf	9
005e9084	005e908f	12
005e9129	005e912f	7
005e9205	005e9207	3
005e9224	005e9226	3
005e9237	005e923f	9
005e9304	005e930f	12
005e93a9	005e93af	7
005e949b	005e949d	3
005e94ba	005e94bc	3
005e94cd	005e94cf	3
005e95ae	005e95af	2
005e96af	005e96b1	3
005e96c2	005e96cf	14
005e97a5	005e97a7	3
005e97c4	005e97c6	3
005e97d7	005e97df	9
005e98b6	005e98bf	10
005e996d	005e996f	3
005e9a45	005e9a47	3
005e9a64	005e9a66	3
005e9a77	005e9a7f	9
005e9b44	005e9b4f	12
005e9be9	005e9bef	7
005e9cc5	005e9cc7	3
005e9ce4	005e9ce6	3
005e9cf7	005e9cff	9
005e9dc4	005e9dcf	12
005e9e69	005e9e6f	7
005e9f45	005e9f47	3
005e9f64	005e9f66	3
005e9f77	005e9f7f	9
005e9fc2	005e9fcf	14
005ea094	005ea09f	12
005ea139	005ea13f	7
005ea215	005ea217	3
005ea234	005ea236	3
005ea247	005ea24f	9
005ea29d	005ea29f	3
005ea2fc	005ea2ff	4
005ea399	005ea39f	7
005ea475	005ea477	3
005ea494	005ea496	3
005ea4a7	005ea4af	9
005ea51f	005ea51f	1
005ea5b9	005ea5bf	7
005ea695	005ea697	3
005ea6b4	005ea6b6	3
005ea6c7	005ea6cf	9
005ea763	005ea76f	13
005ea81d	005ea81f	3
005ea8f5	005ea8f7	3
005ea914	005ea916	3
005ea927	005ea92f	9
005ea99f	005ea99f	1
005eaa39	005eaa3f	7
005eab15	005eab17	3
005eab34	005eab36	3
005eab47	005eab4f	9
005eabbf	005eabbf	1
005eac59	005eac5f	7
005ead35	005ead37	3
005ead54	005ead56	3
005ead67	005ead6f	9
005eae03	005eae0f	13
005eaebd	005eaebf	3
005eaf95	005eaf97	3
005eafb4	005eafb6	3
005eafc7	005eafcf	9
005eafe9	005eafef	7
005eb05f	005eb05f	1
005eb0f9	005eb0ff	7
005eb1d5	005eb1d7	3
005eb1f4	005eb1f6	3
005eb207	005eb20f	9
005eb2b5	005eb2bf	11
005eb36d	005eb36f	3
005eb445	005eb447	3
005eb464	005eb466	3
005eb477	005eb47f	9
005eb525	005eb52f	11
005eb5dd	005eb5df	3
005eb714	005eb71f	12
005eb7f5	005eb7f7	3
005eb814	005eb816	3
005eb827	005eb82f	9
005eb8dd	005eb8df	3
005eb9b5	005eb9b7	3
005eb9d4	005eb9d6	3
005eb9e7	005eb9ef	9
005eba98	005eba9f	8
005ebb39	005ebb3f	7
005ebc15	005ebc17	3
005ebc34	005ebc36	3
005ebc47	005ebc4f	9
005ebcee	005ebcef	2
005ebd89	005ebd8f	7
005ebe65	005ebe67	3
005ebe84	005ebe86	3
005ebe97	005ebe9f	9
005ebed3	005ebedf	13
005ebf88	005ebf8f	8
005ec029	005ec02f	7
005ec105	005ec107	3
005ec124	005ec126	3
005ec137	005ec13f	9
005ec1e5	005ec1ef	11
005ec29d	005ec29f	3
005ec375	005ec377	3
005ec394	005ec396	3
005ec3a7	005ec3af	9
005ec455	005ec45f	11
005ec50d	005ec50f	3
005ec5e5	005ec5e7	3
005ec604	005ec606	3
005ec617	005ec61f	9
005ec6cd	005ec6cf	3
005ec7a5	005ec7a7	3
005ec7c4	005ec7c6	3
005ec7d7	005ec7df	9
005ec888	005ec88f	8
005ec929	005ec92f	7
005eca2e	005eca2f	2
005ecb05	005ecb07	3
005ecb24	005ecb26	3
005ecb37	005ecb3f	9
005ecbde	005ecbdf	2
005ecc79	005ecc7f	7
005ecd55	005ecd57	3
005ecd74	005ecd76	3
005ecd87	005ecd8f	9
005ecdc3	005ecdcf	13
005ece78	005ece7f	8
005ecf19	005ecf1f	7
005ecf97	005ecf99	3
005ecfbc	005ecfbe	3
005ecfc5	005ecfcf	11
005ed014	005ed01f	12
005ed064	005ed06f	12
005ed0d8	005ed0df	8
005ed129	005ed12f	7
005ed134	005ed13f	12
005ed148	005ed14f	8
005ed158	005ed15f	8
005ed168	005ed16f	8
005ed178	005ed17f	8
005ed188	005ed18f	8
005ed198	005ed19f	8
005ed1a8	005ed1af	8
005ed1b8	005ed1bf	8
005ed1c8	005ed1cf	8
005ed1e5	005ed1e7	3
005ed1ee	005ed1ef	2
005ed20b	005ed20d	3
005ed224	005ed226	3
005ed266	005ed26f	10
005ed2b4	005ed2bf	12
005ed33e	005ed340	3
005ed35d	005ed35f	3
005ed3c7	005ed3c9	3
005ed3e6	005ed3e8	3
005ed44e	005ed450	3
005ed473	005ed475	3
005ed47c	005ed47f	4
005ed497	005ed49f	9
005ed502	005ed504	3
005ed53c	005ed53e	3
005ed579	005ed57b	3
005ed5b5	005ed5b7	3
005ed5f4	005ed5f6	3
005ed5fd	005ed5ff	3
005ed67f	005ed67f	1
005ed696	005ed69f	10
005ed71f	005ed71f	1
005ed73d	005ed73f	3
005ed815	005ed817	3
005ed834	005ed836	3
005ed847	005ed84f	9
005ed8fa	005ed8ff	6
005ed964	005ed966	3
005ed977	005ed97f	9
005ed9ff	005ed9ff	1
005eda1d	005eda1f	3
005edaf5	005edaf7	3
005edb14	005edb16	3
005edb27	005edb2f	9
005edbd3	005edbdf	13
005edc44	005edc46	3
005edc57	005edc5f	9
005edd43	005edd45	3
005edd59	005edd5b	3
005edda3	005edda5	3
005eddb9	005eddbb	3
005ede03	005ede05	3
005ede19	005ede1b	3
005ede6a	005ede6c	3
005ede80	005ede82	3
005edecd	005edecf	3
005edee3	005edee5	3
005edf34	005edf36	3
005edf56	005edf58	3
005edf6c	005edf6f	4
005ee1d9	005ee1df	7
005ee2eb	005ee2ed	3
005ee30a	005ee30c	3
005ee329	005ee32b	3
005ee34b	005ee34d	3
005ee363	005ee36f	13
005ee442	005ee444	3
005ee458	005ee45a	3
005ee4a2	005ee4a4	3
005ee4c1	005ee4c3	3
005ee4d4	005ee4df	12
005ee5f2	005ee5ff	14
005ee6a3	005ee6a5	3
005ee6c2	005ee6c4	3
005ee6d7	005ee6df	9
005ee7b5	005ee7b7	3
005ee7d4	005ee7d6	3
005ee7e7	005ee7ef	9
005ee893	005ee89f	13
005ee904	005ee906	3
005ee917	005ee91f	9
005ee9f5	005ee9f7	3
005eea14	005eea16	3
005eea27	005eea2f	9
005eead3	005eeadf	13
005eeb44	005eeb46	3
005eeb57	005eeb5f	9
005eec35	005eec37	3
005eec54	005eec56	3
005eec67	005eec6f	9
005eec8f	005eec8f	1
005eed6f	005eed6f	1
005eed8a	005eed8f	6
005eee65	005eee67	3
005eee84	005eee86	3
005eee97	005eee9f	9
005eef43	005eef4f	13
005eefb4	005eefb6	3
005eefc7	005eefcf	9
005ef0b8	005ef0ba	3
005ef0cd	005ef0cf	3
005ef11e	005ef120	3
005ef133	005ef135	3
005ef184	005ef186	3
005ef1a5	005ef1a7	3
005ef1bb	005ef1bf	5
005ef2c1	005ef2cf	15
005ef350	005ef352	3
005ef363	005ef36f	13
005ef449	005ef44b	3
005ef45f	005ef461	3
005ef4ad	005ef4af	3
005ef4c3	005ef4c5	3
005ef511	005ef513	3
005ef533	005ef535	3
005ef549	005ef54f	7
005ef591	005ef59f	15
005ef748	005ef74a	3
005ef75e	005ef760	3
005ef7ac	005ef7ae	3
005ef7c2	005ef7c4	3
005ef814	005ef816	3
005ef82a	005ef82c	3
005ef883	005ef885	3
005ef8a4	005ef8a6	3
005ef8ba	005ef8bf	6
005ef9fa	005ef9ff	6
005efa8e	005efa90	3
005efaa1	005efaaf	15
005efb91	005efb93	3
005efba7	005efba9	3
005efbf5	005efbf7	3
005efc0b	005efc0d	3
005efc59	005efc5b	3
005efc7b	005efc7d	3
005efc91	005efc9f	15
005efce3	005efcef	13
005efe85	005efe87	3
005efea4	005efea6	3
005efeb7	005efebf	9
005eff63	005eff6f	13
005effe6	005effe8	3
005efff9	005effff	7
005f00e1	005f00e3	3
005f00f6	005f00f8	3
005f0147	005f0149	3
005f0165	005f0167	3
005f0178	005f017f	8
005f0252	005f025f	14
005f02cc	005f02ce	3
005f02df	005f02df	1
005f03b5	005f03b7	3
005f03d4	005f03d6	3
005f03e7	005f03ef	9
005f0493	005f049f	13
005f0504	005f0506	3
005f0517	005f051f	9
005f05f5	005f05f7	3
005f0614	005f0616	3
005f0627	005f062f	9
005f06d3	005f06df	13
005f0744	005f0746	3
005f0757	005f075f	9
005f07df	005f07df	1
005f07fd	005f07ff	3
005f08d9	005f08db	3
005f08ef	005f08f1	3
005f093d	005f093f	3
005f0953	005f0955	3
005f09a1	005f09a3	3
005f09c3	005f09c5	3
005f09d9	005f09df	7
005f0a34	005f0a3f	12
005f0bd5	005f0bd7	3
005f0bf4	005f0bf6	3
005f0c07	005f0c0f	9
005f0cb3	005f0cbf	13
005f0d95	005f0d97	3
005f0db4	005f0db6	3
005f0dc7	005f0dcf	9
005f0df5	005f0dff	11
005f0f48	005f0f4a	3
005f0f5d	005f0f5f	3
005f0fae	005f0fb0	3
005f0fc3	005f0fc5	3
005f1014	005f1016	3
005f1035	005f1037	3
005f104b	005f104f	5
005f1094	005f109f	12
005f1235	005f1237	3
005f1254	005f1256	3
005f1267	005f126f	9
005f128f	005f128f	1
005f136f	005f136f	1
005f138a	005f138f	6
005f1465	005f1467	3
005f1484	005f1486	3
005f1497	005f149f	9
005f14bf	005f14bf	1
005f15f5	005f15f7	3
005f1614	005f1616	3
005f1627	005f162f	9
005f164e	005f164f	2
005f1791	005f1793	3
005f17a7	005f17a9	3
005f17f5	005f17f7	3
005f180b	005f180d	3
005f1859	005f185b	3
005f187b	005f187d	3
005f1891	005f189f	15
005f18e3	005f18ef	13
005f1a91	005f1a93	3
005f1aa7	005f1aa9	3
005f1af5	005f1af7	3
005f1b0b	005f1b0d	3
005f1b59	005f1b5b	3
005f1b7b	005f1b7d	3
005f1b91	005f1b9f	15
005f1be3	005f1bef	13
005f1d91	005f1d93	3
005f1da7	005f1da9	3
005f1df5	005f1df7	3
005f1e0b	005f1e0d	3
005f1e59	005f1e5b	3
005f1e7b	005f1e7d	3
005f1e91	005f1e9f	15
005f1ee3	005f1eef	13
005f2091	005f2093	3
005f20a7	005f20a9	3
005f20f5	005f20f7	3
005f210b	005f210d	3
005f2159	005f215b	3
005f217b	005f217d	3
005f2191	005f219f	15
005f21e3	005f21ef	13
005f2391	005f2393	3
005f23a7	005f23a9	3
005f23f5	005f23f7	3
005f240b	005f240d	3
005f2459	005f245b	3
005f247b	005f247d	3
005f2491	005f249f	15
005f24e3	005f24ef	13
005f2691	005f2693	3
005f26a7	005f26a9	3
005f26f5	005f26f7	3
005f270b	005f270d	3
005f2759	005f275b	3
005f277b	005f277d	3
005f2791	005f279f	15
005f27e3	005f27ef	13
005f2991	005f2993	3
005f29a6	005f29a8	3
005f29f7	005f29f9	3
005f2a15	005f2a17	3
005f2a28	005f2a2f	8
005f2aef	005f2aef	1
005f2bd1	005f2bd3	3
005f2be6	005f2be8	3
005f2c37	005f2c39	3
005f2c55	005f2c57	3
005f2c68	005f2c6f	8
005f2d2f	005f2d2f	1
005f2e11	005f2e13	3
005f2e26	005f2e28	3
005f2e77	005f2e79	3
005f2e95	005f2e97	3
005f2ea8	005f2eaf	8
005f2f6f	005f2f6f	1
005f2fef	005f2fef	1
005f300d	005f300f	3
005f30f1	005f30f3	3
005f3106	005f3108	3
005f3157	005f3159	3
005f3175	005f3177	3
005f3188	005f318f	8
005f32d0	005f32d2	3
005f32e3	005f32ef	13
005f33d1	005f33d3	3
005f33e6	005f33e8	3
005f3437	005f3439	3
005f3455	005f3457	3
005f3468	005f346f	8
005f347c	005f347f	4
005f35c0	005f35c2	3
005f35d3	005f35df	13
005f36b5	005f36b7	3
005f36d4	005f36d6	3
005f36e7	005f36ef	9
005f36fc	005f36ff	4
005f3755	005f375f	11
005f384d	005f384f	3
005f38cc	005f38ce	3
005f38df	005f38df	1
005f390c	005f390f	4
005f3938	005f393f	8
005f396d	005f396f	3
005f399d	005f399f	3
005f39f8	005f39ff	8
005f3a58	005f3a5f	8
005f3a7f	005f3a7f	1
005f3a9d	005f3a9f	3
005f3af7	005f3aff	9
005f3b28	005f3b2f	8
005f3b8d	005f3b8f	3
005f3bbb	005f3bbf	5
005f3bda	005f3bdf	6
005f3c54	005f3c5f	12
005f3cc3	005f3ccf	13
005f3d63	005f3d6e	12
005f3ddf	005f3ddf	1
005f3dfb	005f3dff	5
005f3e2a	005f3e2f	6
005f3e7b	005f3e7f	5
005f3eca	005f3ecf	6
005f3f4e	005f3f59	12
005f3f5b	005f3f5f	5
005f3f8a	005f3f8f	6
005f4039	005f403f	7
005f41ec	005f41ef	4
005f436e	005f4370	3
005f43a3	005f43ae	12
005f4483	005f448f	13
005f4725	005f4727	3
005f4740	005f476f	48
005f47a1	005f47a3	3
005f47b7	005f47c2	12
005f47ca	005f47cf	6
005f4828	005f482a	3
005f4844	005f484f	12
005f4883	005f488f	13
005f48a8	005f48af	8
005f4a14	005f4a16	3
005f4a2d	005f4a2f	3
005f4b24	005f4b2f	12
005f4bc7	005f4bcf	9
005f4c36	005f4c3f	10
005f4d0a	005f4d0f	6
005f4d1b	005f4d1f	5
005f4d25	005f4d2f	11
005f4d45	005f4d47	3
005f4d4e	005f4d4f	2
005f4d63	005f4d65	3
005f4daa	005f4daf	6
005f4dd9	005f4ddf	7
005f4df4	005f4df8	5
005f4e95	005f4e9f	11
005f4ec9	005f4ecf	7
005f4ee4	005f4ee8	5
005f4f03	005f4f0f	13
005f4f92	005f4f9f	14
005f5057	005f505f	9
005f53ec	005f53ee	3
005f5438	005f543f	8
005f5597	005f5599	3
005f55c6	005f55df	26
005f5623	005f5625	3
005f59a4	005f59af	12
005f59d5	005f59df	11
005f59e5	005f59ef	11
005f5a35	005f5a3f	11
005f5aab	005f5aaf	5
005f5ac5	005f5ac7	3
005f5ace	005f5acf	2
005f5ad6	005f5adf	10
005f5ae7	005f5aef	9
005f5b0f	005f5b0f	1
005f5b1d	005f5b1f	3
005f5b2d	005f5b2f	3
005f5b4b	005f5b4f	5
005f5b57	005f5b5f	9
005f5bc1	005f5bc3	3
005f5bfc	005f5bfe	3
005f5c29	005f5c2b	3
005f5c47	005f5c49	3
005f5c5f	005f5c5f	1
005f5c8d	005f5c8f	3
005f5cd6	005f5cdf	10
005f5cf5	005f5cf7	3
005f5cfe	005f5cff	2
005f5d5a	005f5d5f	6
005f5d9e	005f5d9f	2
005f5ed9	005f5edb	3
005f5f09	005f5f14	12
005f5fca	005f5fcf	6
005f6307	005f630f	9
005f63b2	005f63bf	14
005f6418	005f641f	8
005f644e	005f644f	2
005f647e	005f647f	2
005f64ba	005f64bf	6
005f655d	005f655f	3
005f659d	005f659f	3
005f65bf	005f65bf	1
005f65e8	005f65ef	8
005f661b	005f661f	5
005f663a	005f663f	6
005f6bbc	005f6bbf	4
005f6c34	005f6c3f	12
005f6caf	005f6caf	1
005f6cda	005f6cdf	6
005f6cfb	005f6cff	5
005f6edb	005f6edf	5
005f7103	005f710f	13
005f713b	005f713f	5
005f718a	005f718f	6
005f71c5	005f71c7	3
005f71e2	005f71e4	3
005f71fb	005f71fd	3
005f720a	005f720f	6
005f7388	005f738a	3
005f73c0	005f73cb	12
005f749e	005f749f	2
005f753a	005f753f	6
005f779d	005f779f	3
005f7a38	005f7a3f	8
005f7abe	005f7abf	2
005f7b0e	005f7b0f	2
005f7b8d	005f7b8f	3
005f7c53	005f7c5f	13
005f7c66	005f7c6f	10
005f7c8b	005f7c8f	5
005f7c9d	005f7c9f	3
005f7cc7	005f7ccf	9
005f7cf7	005f7cff	9
005f7d27	005f7d2f	9
005f7d57	005f7d5f	9
005f7d91	005f7d9f	15
005f7dcd	005f7dcf	3
005f7df3	005f7dff	13
005f7e23	005f7e2f	13
005f7e53	005f7e5f	13
005f7e96	005f7e9f	10
005f7ee4	005f7eef	12
005f7efa	005f7eff	6
005f7f31	005f7f3f	15
005f7f4d	005f7f4f	3
005f7f71	005f7f7f	15
005f7ff4	005f7fff	12
005f803f	005f803f	1
005f80af	005f80af	1
005f80dd	005f80df	3
005f80e9	005f80ef	7
005f814c	005f814f	4
005f81a3	005f81af	13
005f81f3	005f81ff	13
005f82a2	005f82af	14
005f8317	005f831f	9
005f835f	005f835f	1
005f8398	005f839f	8
005f83da	005f83df	6
005f840a	005f840f	6
005f842b	005f842f	5
005f848a	005f848f	6
005f8757	005f875f	9
005f8789	005f878f	7
005f87e9	005f886f	135
005f88af	005f88af	1
005f892e	005f892f	2
005f89ee	005f89ef	2
005f8a05	005f8a0f	11
005f8a24	005f8a26	3
005f8a3a	005f8a3f	6
005f8abd	005f8abf	3
005f8ad8	005f8adf	8
005f8b5d	005f8b5f	3
005f8b78	005f8b7f	8
005f8bb9	005f8bbf	7
005f8c8c	005f8c8e	3
005f8cf2	005f8cf4	3
005f8d15	005f8d17	3
005f8d46	005f8d48	3
005f8d96	005f8d9f	10
005f8dcd	005f8dcf	3
005f8e71	005f8e7f	15
005f8ec1	005f8ecf	15
005f8fa2	005f8faf	14
005f8fc7	005f8fcf	9
005f8fe7	005f8fef	9
005f9256	005f9258	3
005f9296	005f9298	3
005f92d8	005f92da	3
005f92df	005f92df	1
005f9353	005f935f	13
005f9392	005f939f	14
005f94b8	005f94ba	3
005f955f	005f955f	1
005f95d4	005f95d6	3
005f963f	005f963f	1
005f96f1	005f96ff	15
005f9743	005f974f	13
005f978f	005f978f	1
005f99ae	005f99af	2
005f99fb	005f99ff	5
005f9a4b	005f9a4f	5
005f9b89	005f9b8b	3
005f9bb9	005f9bc4	12
005f9c7a	005f9c7f	6
005f9dfa	005f9dfc	3
005f9e30	005f9e3b	12
005f9f14	005f9f1f	12
005f9f52	005f9f5f	14
005f9fca	005f9fcf	6
005fa060	005fa06f	16
005fa08f	005fa091	3
005fa0af	005fa0af	1
005fa140	005fa14f	16
005fa177	005fa17f	9
005fa1cb	005fa1cf	5
005fa253	005fa25f	13
005fa2c7	005fa2cf	9
005fa2eb	005fa2ef	5
005fa30b	005fa30f	5
005fa3ba	005fa3bf	6
005fa3ea	005fa3ef	6
005fa562	005fa564	3
005fa593	005fa59e	12
005fa678	005fa67a	3
005fa696	005fa69f	10
005fa847	005fa849	3
005fa87b	005fa886	12
005fa989	005fa98b	3
005fa9a7	005fa9af	9
005faa64	005faa6f	12
005faafb	005faafd	3
005fab54	005fab56	3
005fab73	005fab75	3
005fac04	005fac06	3
005fad6f	005fad71	3
005fade2	005fade4	3
005fadfd	005fadff	3
005fae6a	005fae6f	6
005fae92	005fae94	3
005faead	005faeaf	3
005faf33	005faf3f	13
005faf66	005faf68	3
005faf81	005faf8f	15
005fb227	005fb229	3
005fb239	005fb23b	3
005fb250	005fb252	3
005fb2c7	005fb2cf	9
005fb32d	005fb32f	3
005fb444	005fb446	3
005fb485	005fb48f	11
005fb4f2	005fb4ff	14
005fb64d	005fb64f	3
005fb682	005fb68f	14
005fb719	005fb71f	7
005fb748	005fb74a	3
005fb77f	005fb8df	353
005fba1f	005fba1f	1
005fbb2a	005fbb2c	3
005fbb3c	005fbb3f	4
005fbb93	005fbb95	3
005fbb9c	005fbb9f	4
005fbcd6	005fbcdf	10
005fbe12	005fbe1f	14
005fbe7d	005fbe7f	3
005fbe9d	005fbe9f	3
005fc071	005fc07f	15
005fc20e	005fc20f	2
005fc236	005fc238	3
005fc269	005fc29f	55
005fc334	005fc336	3
005fc391	005fc393	3
005fc3b0	005fc3b2	3
005fc457	005fc45f	9
005fc4ee	005fc4f0	3
005fc552	005fc554	3
005fc7d7	005fc7d9	3
005fc944	005fc946	3
005fc98e	005fc990	3
005fc9b2	005fc9b4	3
005fc9c8	005fc9cf	8
005fcac6	005fcac8	3
005fcae6	005fcae8	3
005fcafc	005fcaff	4
005fcb18	005fcb25	14
005fcb4f	005fcb4f	1
005fcbae	005fcbaf	2
005fcbf1	005fcbff	15
005fcc14	005fcc16	3
005fcc44	005fcc46	3
005fcc54	005fcc5f	12
005fccc6	005fcccf	10
005fcd5e	005fcd5f	2
005fcd7e	005fcd7f	2
005fcd8b	005fcd8f	5
005fcdae	005fcdaf	2
005fcdbb	005fcdbf	5
005fcdc3	005fcdcf	13
005fce42	005fce4d	12
005fce4f	005fce4f	1
005fcec8	005fced3	12
005fced5	005fcedf	11
005fcf15	005fcf22	14
005fcf24	005fcf2f	12
005fcf63	005fcf6f	13
005fd00b	005fd00f	5
005fd05f	005fd068	10
005fd073	005fd07f	13
005fd1dd	005fd1df	3
005fd219	005fd21f	7
005fd266	005fd27f	26
005fd2a1	005fd2af	15
005fd2ce	005fd2cf	2
005fd2db	005fd2df	5
005fd2e6	005fd2ef	10
005fd31c	005fd31f	4
005fd33f	005fd33f	1
005fd361	005fd36f	15
005fd3c9	005fd3cf	7
005fd40f	005fd40f	1
005fd46c	005fd46f	4
005fd4cf	005fd4cf	1
005fd4dd	005fd4df	3
005fd50a	005fd50f	6
005fd568	005fd56f	8
005fd598	005fd59f	8
005fd614	005fd61f	12
005fd641	005fd64f	15
005fd6e3	005fd6ee	12
005fd75f	005fd75f	1
005fd7d1	005fd7df	15
005fd84f	005fd84f	1
005fd8c1	005fd8cf	15
005fd941	005fd94f	15
005fd9c1	005fd9cf	15
005fd9eb	005fd9ef	5
005fda33	005fda35	3
005fda6f	005fda6f	1
005fda8e	005fda8f	2
005fda98	005fda9f	8
005fdaaa	005fdaaf	6
005fdac7	005fdacf	9
005fdad8	005fdadf	8
005fdae8	005fdaef	8
005fdaf8	005fdaff	8
005fdb08	005fdb0f	8
005fdb18	005fdb1f	8
005fdb28	005fdb2f	8
005fdb4a	005fdb4f	6
005fdb6e	005fdb6f	2
005fdb7e	005fdb7f	2
005fdb8e	005fdb8f	2
005fdb9e	005fdb9f	2
005fdbae	005fdbaf	2
005fdc91	005fdc9f	15
005fdcf2	005fdcff	14
005fdd52	005fdd5f	14
005fdda3	005fddaf	13
005fddcd	005fddcf	3
005fdde5	005fdde7	3
005fddee	005fddef	2
005fde1a	005fde1f	6
005fdf6d	005fdf6f	3
005fdf8d	005fdf8f	3
005fdfad	005fdfaf	3
005fdfcd	005fdfcf	3
005fe0d9	005fe0df	7
005fe0f5	005fe0ff	11
005fe108	005fe10f	8
005fe118	005fe11f	8
005fe128	005fe12f	8
005fe138	005fe13f	8
005fe148	005fe14f	8
005fe158	005fe15f	8
005fe168	005fe16f	8
005fe178	005fe17f	8
005fe188	005fe18f	8
005fe198	005fe19f	8
005fe1a8	005fe1af	8
005fe1b8	005fe1bf	8
005fe1cb	005fe1cf	5
005fe1db	005fe1df	5
005fe1ee	005fe1ef	2
005fe218	005fe21f	8
005fe228	005fe22f	8
005fe238	005fe23f	8
005fe248	005fe24f	8
005fe258	005fe25f	8
005fe268	005fe26f	8
005fe278	005fe27f	8
005fe288	005fe28f	8
005fe298	005fe29f	8
005fe2a8	005fe2af	8
005fe2b8	005fe2bf	8
005fe2c8	005fe2cf	8
005fe2db	005fe2df	5
005fe2eb	005fe2ef	5
005fe33e	005fe33f	2
005fe39a	005fe39f	6
005fe3cc	005fe3cf	4
005fe3df	005fe3df	1
005fe43b	005fe43f	5
005fe4e3	005fe4e5	3
005fe513	005fe51e	12
005fe53f	005fe541	3
005fe558	005fe55a	3
005fe571	005fe573	3
005fe58a	005fe58c	3
005fe5b1	005fe5b3	3
005fe5c4	005fe5cf	12
005fe619	005fe61f	7
005fe66b	005fe66f	5
005fe7b8	005fe7ba	3
005fe7ea	005fe7f5	12
005fe975	005fe97f	11
005fea56	005fea5f	10
005feb2a	005feb2f	6
005feb71	005feb73	3
005fec6b	005fec6d	3
005fecd6	005fecda	5
005fed9d	005fed9f	3
005fedde	005feddf	2
005feed1	005feedf	15
005fef5a	005fef5f	6
005feffb	005fefff	5
005ff077	005ff07f	9
005ff0b3	005ff0bf	13
005ff0f3	005ff0ff	13
005ff2a2	005ff2af	14
005ff2d5	005ff2df	11
005ff2f5	005ff2ff	11
005ff38f	005ff38f	1
005ff41e	005ff41f	2
005ff4ee	005ff4ef	2
005ff51c	005ff51f	4
005ff5ac	005ff5af	4
005ff5cb	005ff5cf	5
005ff5ed	005ff5ef	3
005ff613	005ff61f	13
005ff64a	005ff64f	6
005ff80d	005ff80f	3
005ff97d	005ff99f	35
005ff9d0	005ff9de	15
005ff9e5	005ff9ef	11
005ffa1d	005ffa1f	3
005ffa4d	005ffa4f	3
005ffa7a	005ffa7d	4
005ffa96	005ffa9f	10
005ffc5f	005ffc61	3
005ffca2	005ffcad	12
005ffdf4	005ffdff	12
005ffed8	005ffedf	8
005fff92	005fff9f	14
006000e9	006000eb	3
0060011e	0060011f	2
0060019c	0060019f	4
006001d3	006001df	13
00600213	0060021f	13
00600235	0060023f	11
00600265	0060026f	11
006003ba	006003bc	3
0060041c	0060041e	3
00600434	0060043f	12
006004cf	006004cf	1
00600549	0060054b	3
00600565	0060056f	11
006005a7	006005ad	7
006005c6	006005cf	10
0060065c	0060065f	4
0060067b	0060067f	5
00600696	0060069f	10
006006ca	006006cf	6
006006f2	006006f4	3
0060070d	0060070f	3
006008a0	006008a2	3
006008d1	006008dc	12
006009c2	006009cf	14
00600a4d	00600a4f	3
00600b87	00600b8f	9
00600e35	00600e6f	59
00600eaf	00600ec9	27
00600ed5	00600edf	11
00600f97	00600f9f	9
006011dd	006011df	3
006011f9	006011ff	7
00601212	0060121f	14
00601241	0060124f	15
00601257	0060125f	9
00601276	0060127f	10
00601287	0060128f	9
00601297	0060129f	9
006012e8	006012ef	8
006012f8	006012ff	8
00601356	0060135f	10
00601379	0060137f	7
006013a6	006013af	10
00601417	0060141f	9
00601438	0060143f	8
006014b3	006014bf	13
00601608	0060160f	8
00601624	0060162f	12
006016ca	006016cc	3
006016fa	006016fc	3
00601734	0060181f	236
00601835	00601837	3
0060183e	0060183f	2
006018d4	006018df	12
00601945	0060194f	11
00601958	0060195f	8
00601968	0060196f	8
00601978	0060197f	8
00601988	0060198f	8
0060199b	0060199f	5
006019ab	006019af	5
006019d8	006019df	8
006019e8	006019ef	8
006019f8	006019ff	8
00601a08	00601a0f	8
00601a1b	00601a1f	5
00601a2b	00601a2f	5
00601a47	00601a4f	9
00601a86	00601a88	3
00601ac0	00601ac2	3
00601b01	00601b0f	15
00601b25	00601b27	3
00601b2e	00601b2f	2
00601b3b	00601b3f	5
00601b46	00601b4f	10
00601b56	00601b5f	10
00601b66	00601b6f	10
00601b95	00601b9f	11
00601bd0	00601bd2	3
00601bd9	00601bdf	7
00601c32	00601c3f	14
00601c46	00601c4f	10
00601ca2	00601caf	14
00601cb6	00601cbf	10
00601d12	00601d1f	14
00601d26	00601d2f	10
00601d82	00601d8f	14
00601d96	00601d9f	10
00601df2	00601dff	14
00601e06	00601e0f	10
00601e62	00601e6f	14
00601e75	00601e7f	11
00601e85	00601e8f	11
00601e96	00601e9f	10
00601f06	00601f0f	10
00601f33	00601f3f	13
00601f46	00601f4f	10
00601f73	00601f7f	13
00601f86	00601f8f	10
00601fb3	00601fbf	13
00601fc6	00601fcf	10
00601ff3	00601fff	13
00602006	0060200f	10
00602033	0060203f	13
00602063	0060206f	13
00602076	0060207f	10
006020d2	006020df	14
00602101	0060210f	15
00602177	0060217f	9
006021cc	006021cf	4
00602207	0060220f	9
00602292	006022a7	22
006022c7	006022cf	9
00602331	0060233f	15
006023e8	006023ef	8
006024bc	006024bf	4
00602513	00602515	3
0060251e	0060251f	2
00602546	0060254f	10
006025e4	006025ef	12
0060266f	0060266f	1
00602704	0060270f	12
006027a4	006027af	12
00602869	0060286f	7
00602878	0060287f	8
0060289f	0060289f	1
006028c7	006028c9	3
00602989	0060298f	7
006029ea	006029f4	11
00602a16	00602a1f	10
00602ab8	00602abf	8
00602acc	00602acf	4
00602af6	00602aff	10
00602b98	00602b9f	8
00602c38	00602c3f	8
00602c4c	00602c4f	4
00602c76	00602c7f	10
00602d2e	00602d2f	2
00602d8e	00602d8f	2
00602dee	00602def	2
00602e05	00602e07	3
00602e0e	00602e0f	2
00602e6e	00602e6f	2
00602f04	00602f0f	12
00602fa8	00602faf	8
00602fbc	00602fbf	4
00602fe6	00602fef	10
00603088	0060308f	8
0060309c	0060309f	4
006030c6	006030cf	10
00603168	0060316f	8
0060319e	0060319f	2
00603238	0060323f	8
0060324c	0060324f	4
00603276	0060327f	10
006032ee	006032ef	2
0060335e	0060335f	2
006033ce	006033cf	2
00603413	00603415	3
0060341d	0060341f	3
0060347f	00603489	11
006034d2	006034df	14
0060358e	0060358f	2
006035ef	006035f9	11
00603643	0060364f	13
00603665	00603667	3
0060366e	0060366f	2
00603685	00603687	3
0060368e	0060368f	2
0060374f	0060374f	1
00603ca2	00603caf	14
00603cb5	00603cbf	11
00603cc4	00603ccf	12
00603cf5	00603cff	11
00603d33	00603d3f	13
00603d65	00603d6f	11
00603d74	00603d7f	12
00603da5	00603daf	11
00603de1	00603de3	3
00603dea	00603def	6
00603e21	00603e23	3
00603e2a	00603e2f	6
00603e60	00603e62	3
00603e69	00603e6f	7
00603e95	00603e9f	11
00603ec5	00603ecf	11
00603f00	00603f02	3
00603f09	00603f0f	7
00603f40	00603f42	3
00603f49	00603f4f	7
00603f56	00603f5f	10
00603fb2	00603fbf	14
00603fc6	00603fcf	10
00604022	0060402f	14
00604036	0060403f	10
00604092	0060409f	14
006040a6	006040af	10
00604102	0060410f	14
00604116	0060411f	10
00604172	0060417f	14
0060418c	0060418f	4
006041b6	006041bf	10
006041cc	006041cf	4
006041f6	006041ff	10
00604266	0060426f	10
00604276	0060427f	10
006042a3	006042af	13
006042b6	006042bf	10
006042e3	006042ef	13
006042f6	006042ff	10
00604323	0060432f	13
00604336	0060433f	10
00604363	0060436f	13
00604393	0060439f	13
006043f5	006043ff	11
00604445	0060444f	11
00604484	0060448f	12
00604524	0060452f	12
006045db	006045dd	3
006045e6	006045ef	10
006046b5	006046bf	11
00604785	0060478f	11
006047f1	006047ff	15
00604861	0060486f	15
00604918	0060491f	8
006049c8	006049cf	8
00604a9c	00604a9f	4
00604af3	00604af5	3
00604afe	00604aff	2
00604b26	00604b2f	10
00604bfc	00604bff	4
00604ccc	00604ccf	4
00604d9c	00604d9f	4
00604e6c	00604e6f	4
00604f3c	00604f3f	4
00604f66	00604f6f	10
0060501a	0060501f	6
006050c8	006050cf	8
00605178	0060517f	8
00605239	0060523f	7
00605248	0060524f	8
00605277	00605279	3
00605339	0060533f	7
00605348	0060534f	8
00605377	00605379	3
006053ff	006053ff	1
00605490	00605492	3
0060549b	0060549f	5
00605526	0060552f	10
006055c5	006055c7	3
00605668	0060566f	8
00605729	0060572f	7
0060578a	00605794	11
006057b6	006057bf	10
00605879	0060587f	7
006058da	006058e4	11
00605906	0060590f	10
006059c9	006059cf	7
006059f7	006059f9	3
00605ab9	00605abf	7
00605b1a	00605b24	11
00605b46	00605b4f	10
00605c09	00605c0f	7
00605c6a	00605c74	11
00605c96	00605c9f	10
00605d59	00605d5f	7
00605dba	00605dc4	11
00605de6	00605def	10
00605e87	00605e8f	9
00605eea	00605ef4	11
00605f29	00605f2f	7
00606059	0060605f	7
00606189	0060618f	7
00606228	0060622f	8
0060625e	0060625f	2
006062fd	006062ff	3
0060632e	0060632f	2
006063de	006063df	2
0060644d	00606457	11
00606491	0060649f	15
006064a4	006064af	12
006064cf	006064d1	3
006064d8	006064df	8
006064ff	00606501	3
00606508	0060650f	8
00606554	0060655f	12
006065d2	006065df	14
00606626	0060662f	10
006067bb	006067bd	3
006067ec	006067f7	12
0060690f	0060690f	1
006069a8	006069af	8
00606a03	00606a05	3
00606a0e	00606a0f	2
00606aa8	00606aaf	8
00606b03	00606b05	3
00606b0e	00606b0f	2
00606b89	00606b8f	7
00606bea	00606bf4	11
00606c1d	00606c1f	3
00606c99	00606c9f	7
00606cfa	00606d04	11
00606d2d	00606d2f	3
00606def	00606def	1
00606eaf	00606eaf	1
00607803	0060780f	13
00607815	0060781f	11
00607826	0060782f	10
00607834	0060783f	12
00607844	0060784f	12
0060786a	0060786f	6
00607874	0060787f	12
00607884	0060788f	12
00607894	0060789f	12
006078a4	006078af	12
006078b4	006078bf	12
006078da	006078df	6
00607908	0060790f	8
00607984	0060798f	12
006079e4	006079ef	12
00607a68	00607a73	12
00607a75	00607a7f	11
00607af2	00607afd	12
00607aff	00607aff	1
00607b6f	00607b6f	1
00607ba6	00607baf	10
00607bd2	00607bdf	14
00607c28	00607c2f	8
00607ddf	00607ddf	1
00607dfb	00607dff	5
00607e39	00607e42	10
00607e47	00607e4f	9
00607eca	00607ecc	3
00607eee	00607eef	2
00607f2f	00607f2f	1
00607f38	00607f3f	8
00607f48	00607f4f	8
00608049	0060804f	7
0060807a	0060807f	6
006080f2	006080ff	14
0060813f	0060813f	1
00608148	0060814f	8
00608158	0060815f	8
00608175	00608177	3
0060817e	0060817f	2
00608194	00608196	3
006081b6	006081b8	3
006081d5	006081ff	43
00608215	00608217	3
0060821e	0060821f	2
00608234	0060823f	12
00608254	0060825f	12
0060839b	0060839d	3
006083cd	006083d8	12
0060848f	0060848f	1
006085fd	006085ff	3
00608825	00608827	3
00608832	00608834	3
0060883d	0060883f	3
00608879	0060887f	7
00608c04	00608c06	3
00608c19	00608c1b	3
00608c3d	00608c3f	3
00608d33	00608d3f	13
00608d9c	00608d9f	4
00608dbe	00608dbf	2
00608dcb	00608dcf	5
00608dde	00608ddf	2
00608dee	00608def	2
00608dfa	00608dff	6
00608e0e	00608e0f	2
00608e17	00608e1f	9
00608e28	00608e2f	8
00608e38	00608e3f	8
00608e91	00608e9f	15
00608ea8	00608eaf	8
00608eb8	00608ebf	8
00608f22	00608f2f	14
00608f3f	00608f3f	1
00608f77	00608f7f	9
00608fa9	00608faf	7
0060965b	0060965f	5
00609991	0060999f	15
006099b9	006099bb	3
006099cc	006099ce	3
006099df	006099e1	3
006099f1	006099f3	3
00609a0e	00609a0f	2
00609a16	00609a1f	10
00609a35	00609a37	3
00609a3e	00609a3f	2
00609eb2	00609ebf	14
00609eca	00609ecf	6
0060a20f	0060a20f	1
0060a22c	0060a22f	4
0060a243	0060a248	6
0060a25c	0060a261	6
0060a268	0060a26f	8
0060a31d	0060a31f	3
0060a3f9	0060a3ff	7
0060a4ba	0060a4bf	6
0060a56d	0060a56f	3
0060a66a	0060a66f	6
0060a73b	0060a73f	5
0060a978	0060a97f	8
0060aa7b	0060aa7f	5
0060ad38	0060ad3f	8
0060ae71	0060ae7f	15
0060ae84	0060ae8f	12
0060ae94	0060ae9f	12
0060aec4	0060aecf	12
0060af13	0060af15	3
0060af3a	0060af3f	6
0060af91	0060af9f	15
0060afc0	0060afc5	6
0060afd9	0060afde	6
0060aff2	0060afff	14
0060b02f	0060b02f	1
0060b038	0060b03f	8
0060b048	0060b04f	8
0060b0b6	0060b0bf	10
0060b19c	0060b1bf	36
0060b1fb	0060b1ff	5
0060b215	0060b217	3
0060b21e	0060b21f	2
0060b364	0060b36f	12
0060b7fc	0060b7ff	4
0060c0e7	0060c0ef	9
0060c16f	0060c171	3
0060c196	0060c1ac	23
0060c1fd	0060c1ff	3
0060c220	0060c222	3
0060c29f	0060c2a1	3
0060c2c2	0060c2c4	3
0060c406	0060c40f	10
0060c47b	0060c47d	3
0060c4b4	0060c4b6	3
0060c4d9	0060c4db	3
0060c522	0060c524	3
0060c56f	0060c571	3
0060c5db	0060c5dd	3
0060c610	0060c64f	64
0060cbfe	0060cc04	7
0060cc1f	0060cc21	3
0060cc28	0060cc2f	8
0060cc4e	0060cc4f	2
0060cc5b	0060cc5f	5
0060cc66	0060cc6f	10
0060ccb3	0060ccb5	3
0060ccef	0060ccef	1
0060ccfa	0060ccff	6
0060cd04	0060cd0f	12
0060cd14	0060cd1f	12
0060cda2	0060cdaf	14
0060cdb4	0060cdbf	12
0060ce35	0060ce3f	11
0060ce61	0060ce6f	15
0060ce78	0060ce7f	8
0060ce88	0060ce8f	8
0060ce98	0060ce9f	8
0060cea8	0060ceaf	8
0060ceb8	0060cebf	8
0060cec8	0060cecf	8
0060cee5	0060ceef	11
0060cf42	0060cf4f	14
0060cfa2	0060cfaf	14
0060cfc5	0060cfc7	3
0060cfce	0060cfcf	2
0060d11d	0060d11f	3
0060d18c	0060d18f	4
0060d25f	0060d25f	1
0060d268	0060d26f	8
0060d278	0060d27f	8
0060d288	0060d28f	8
0060d298	0060d29f	8
0060d2a8	0060d2af	8
0060d2b8	0060d2bf	8
0060d2c8	0060d2cf	8
0060d2d8	0060d2df	8
0060d2e8	0060d2ef	8
0060d2f8	0060d2ff	8
0060d308	0060d30f	8
0060d318	0060d31f	8
0060d32e	0060d32f	2
0060d358	0060d35f	8
0060d368	0060d36f	8
0060d378	0060d37f	8
0060d388	0060d38f	8
0060d398	0060d39f	8
0060d3a8	0060d3af	8
0060d3b8	0060d3bf	8
0060d3c8	0060d3cf	8
0060d3d8	0060d3df	8
0060d3e8	0060d3ef	8
0060d3f8	0060d3ff	8
0060d408	0060d40f	8
0060d45e	0060d45f	2
0060d4ba	0060d4bf	6
0060d4dc	0060d4df	4
0060d4ef	0060d4ef	1
0060d5e1	0060d5ef	15
0060d792	0060d79f	14
0060d7ed	0060d7ef	3
0060d81c	0060d81f	4
0060d826	0060d82f	10
0060d882	0060d88f	14
0060d956	0060d95f	10
0060d966	0060d96f	10
0060d974	0060d97f	12
0060d986	0060d98f	10
0060d996	0060d99f	10
0060d9a6	0060d9af	10
0060d9d3	0060d9df	13
0060d9f6	0060d9f8	3
0060d9ff	0060d9ff	1
0060da55	0060da5f	11
0060dab5	0060dabf	11
0060daf7	0060daff	9
0060dbcc	0060dbcf	4
0060dbf6	0060dbff	10
0060dccc	0060dccf	4
0060dd9c	0060dd9f	4
0060ddf3	0060ddf5	3
0060ddfe	0060ddff	2
0060deb9	0060debf	7
0060df1a	0060df24	11
0060df46	0060df4f	10
0060e009	0060e00f	7
0060e06a	0060e074	11
0060e096	0060e09f	10
0060e159	0060e15f	7
0060e21f	0060e21f	1
0060e2df	0060e2df	1
0060e39f	0060e39f	1
0060e45f	0060e45f	1
0060e51f	0060e51f	1
0060e5df	0060e5df	1
0060e69f	0060e69f	1
0060e7a7	0060e7af	9
0060e7b5	0060e7bf	11
0060e819	0060e81f	7
0060e84d	0060e84f	3
0060e87a	0060e87f	6
0060e8e3	0060e8ef	13
0060e914	0060e91f	12
0060e932	0060e934	3
0060e951	0060e95f	15
0060e9dc	0060e9df	4
0060ea36	0060ea38	3
0060ea3e	0060ea3f	2
0060ea88	0060ea8a	3
0060eab4	0060eabf	12
0060eb3e	0060eb49	12
0060eb4b	0060eb4f	5
0060ec89	0060ec8b	3
0060ecb9	0060ecc4	12
0060ed7a	0060ed7f	6
0060edfe	0060ee09	12
0060ee0b	0060ee0f	5
0060eee1	0060eee3	3
0060ef04	0060ef06	3
0060ef8f	0060ef8f	1
0060f13c	0060f13f	4
0060f2ec	0060f2ef	4
0060f331	0060f33f	15
0060f3f9	0060f3ff	7
0060f44d	0060f44f	3
0060f544	0060f54f	12
0060f58b	0060f58f	5
0060f68a	0060f68c	3
0060f6cd	0060f6cf	3
0060f721	0060f723	3
0060f7bb	0060f7bf	5
0060f84a	0060f84f	6
0060f9f7	0060f9ff	9
0060fa98	0060fa9a	3
0060faa7	0060faaf	9
0060faed	0060faef	3
0060fb06	0060fb0f	10
0060fb5c	0060fb5f	4
0060fb6a	0060fb6f	6
0060fb74	0060fb7f	12
0060fb87	0060fb8f	9
0060fb9d	0060fb9f	3
0060fbad	0060fbaf	3
0060fbbd	0060fbbf	3
0060fbcd	0060fbcf	3
0060fbd7	0060fbdf	9
0060fbed	0060fbef	3
0060fbf7	0060fbff	9
0060fc0d	0060fc0f	3
0060fc17	0060fc1f	9
0060fc2d	0060fc2f	3
0060fc37	0060fc3f	9
0060fc47	0060fc4f	9
0060fc57	0060fc5f	9
0060fc67	0060fc6f	9
0060fc8d	0060fc8f	3
0060fc97	0060fc9f	9
0060fca7	0060fcaf	9
0060fcb6	0060fcbf	10
0060fcef	0060fcf1	3
0060fd1d	0060fd1f	3
0060fd40	0060fd42	3
0060fd5a	0060fd5c	3
0060fd74	0060fd76	3
0060fd8e	0060fd90	3
0060fda5	0060fdaf	11
0060fddd	0060fddf	3
0060fded	0060fdef	3
0060fdf7	0060fdff	9
0060fe0d	0060fe0f	3
0060fe17	0060fe1f	9
0060fe2d	0060fe2f	3
0060fe37	0060fe3f	9
0060fe55	0060fe57	3
0060fe5e	0060fe5f	2
0060ffbe	0060ffbf	2
0060ffd4	0060ffdf	12
0060fff4	0060ffff	12
00610022	00610022	1
00610026	0061002f	10
00610055	00610055	1
00610059	0061005f	7
00610077	0061007f	9
00610087	0061008f	9
00610097	0061009f	9
006100a7	006100af	9
006100b6	006100bf	10
00610112	0061011f	14
00610166	0061016f	10
00610193	0061019f	13
006101d8	006101df	8
00610274	0061027f	12
00610314	0061031f	12
006103c5	006103c7	3
00610469	0061046f	7
00610535	0061053f	11
006105d8	006105df	8
006105ec	006105ef	4
00610616	0061061f	10
006106b8	006106bf	8
006106ee	006106ef	2
0061079e	0061079f	2
0061084e	0061084f	2
00610858	0061085f	8
006108a3	006108a5	3
006108ad	006108af	3
006108b8	006108bf	8
006108d5	006108d7	3
006108de	006108df	2
0061099f	0061099f	1
00610a5f	00610a5f	1
00610bac	00610baf	4
00610bb5	00610bbf	11
00610bda	00610bdf	6
00610c51	00610c5f	15
00610c8d	00610c8f	3
00610dc2	00610dcf	14
00610ded	00610def	3
00610f66	00610f6f	10
00610f8c	00610f8e	3
00610fa6	00610faf	10
00611073	00611075	3
006110a8	006110b3	12
006110b5	006110bf	11
00611124	0061112f	12
00611185	0061118f	11
00611196	0061119f	10
006111ad	006111af	3
006111b7	006111bf	9
006111df	006111df	1
006111fd	006111ff	3
00611274	0061127f	12
00611293	0061129f	13
00611427	0061142f	9
00611486	0061148f	10
006114ff	006114ff	1
00611571	0061157f	15
006115f1	006115ff	15
0061161b	0061161f	5
00611648	0061164f	8
00611704	0061170f	12
00611946	0061194f	10
0061196d	0061196f	3
0061198d	0061198f	3
006119a3	006119a5	3
006119bc	006119be	3
006119d5	006119d7	3
006119e4	006119ef	12
00611b22	00611b24	3
00611b53	00611b5e	12
00611c08	00611c0f	8
00611ce1	00611cef	15
00611d79	00611d7f	7
00611ebf	00611ec1	3
00611eef	00611efa	12
00611fae	00611faf	2
0061207a	0061207f	6
00612145	0061214f	11
00612185	00612187	3
00612256	00612258	3
00612296	0061229f	10
0061230f	0061230f	1
0061254a	0061254f	6
006125ab	006125af	5
00612627	0061262f	9
0061264d	0061264f	3
00612665	00612667	3
0061267e	00612680	3
0061269b	0061269f	5
00612718	0061271f	8
00612782	0061278f	14
006127eb	006127ef	5
00612869	0061286f	7
00612885	0061288f	11
0061291f	0061291f	1
00612bea	00612bef	6
00612ce5	00612cef	11
00612d06	00612d0f	10
00612d9c	00612d9f	4
006132a9	006132ab	3
006132c5	006132c7	3
006132d7	006132df	9
006135e1	006135e3	3
006135fa	006135fc	3
00613609	0061360f	7
0061366b	0061366f	5
0061369a	0061369f	6
00613732	0061373f	14
00613777	0061377f	9
00613788	0061378f	8
00613798	0061379f	8
006137a8	006137af	8
006137b8	006137bf	8
006137e5	006137e7	3
0061380a	0061380c	3
0061382f	00613831	3
00613851	00613853	3
0061386a	0061386c	3
00613883	00613885	3
0061389c	0061389e	3
006138b5	006138b7	3
006138e2	006138e4	3
00613a95	00613a97	3
00613ac6	00613ad1	12
00613be3	00613bef	13
00613c05	00613c07	3
00613c0e	00613c0f	2
00613cb9	00613cbf	7
00613ea6	00613eaf	10
00613ebd	00613ebf	3
00613ecc	00613ecf	4
00613ee9	00613eef	7
00613f15	00613f20	12
00613f27	00613f2f	9
00613f4a	00613f4f	6
00613fc4	00613fcf	12
00614044	0061404f	12
00614075	00614080	12
00614087	0061408f	9
0061410e	00614119	12
0061411b	0061411f	5
006141b3	006141be	12
0061422f	0061422f	1
0061429f	0061429f	1
00614365	0061436f	11
006144cf	006144cf	1
00614526	0061452f	10
0061454b	0061454f	5
0061456b	0061456f	5
0061459a	0061459f	6
006145ca	006145cf	6
0061485e	0061487f	34
00614a2c	00614a2f	4
00614ae7	00614aef	9
00614b2d	00614b2f	3
00614bb5	00614bbf	11
00614bf3	00614bff	13
00614c1f	00614c1f	1
00614cd9	00614cdf	7
00614d97	00614d9f	9
00614edb	00614edd	3
00614f0d	00614f18	12
00614fcf	00614fcf	1
00615118	0061511a	3
0061514a	00615155	12
00615349	0061534b	3
00615379	00615384	12
0061543a	0061543f	6
00615452	00615454	3
0061546e	0061546f	2
006154ea	006154ef	6
00615573	0061557f	13
006155a5	006155af	11
006155e3	006155ef	13
00615623	0061562f	13
00615645	0061564f	11
006156cd	006156cf	3
006156e8	006156ef	8
0061570c	0061570f	4
006157a0	006157af	16
006158fd	006158ff	3
00615c29	00615c2f	7
00615d53	00615d55	3
00615d70	00615d72	3
00615d7c	00615d7f	4
00616149	0061614f	7
006162ac	006162af	4
006162c6	006162cf	10
006162eb	006162ef	5
0061631a	0061631f	6
006164b0	006164b2	3
006164e1	006164ec	12
006165c4	006165c6	3
006165da	006165df	6
006165f8	006165fa	3
00616611	00616613	3
0061663e	00616640	3
00616666	0061667f	26
006166f3	006166f3	1
006166f7	006166ff	9
0061676d	0061676f	3
006167b9	006167bf	7
006167c8	006167cf	8
006167d8	006167df	8
006167e8	006167ef	8
006167f8	006167ff	8
0061682d	0061682f	3
00616854	00616856	3
00616885	0061688f	11
006169a2	006169af	14
006169c5	006169c7	3
006169ce	006169cf	2
006169d6	006169df	10
006169f3	006169ff	13
00616a13	00616a1f	13
00616a94	00616a9f	12
00616b0f	00616b0f	1
00616b2b	00616b2f	5
00616b56	00616b5f	10
00616bde	00616bdf	2
00616d27	00616d29	3
00616d49	00616d54	12
00616e8a	00616e8f	6
00616ef9	00616eff	7
00616f5f	00616f5f	1
0061708f	0061708f	1
006175f4	006175ff	12
00617610	00617619	10
0061762f	00617638	10
0061764e	00617657	10
0061765a	0061765f	6
006176a9	006176af	7
00617769	0061779f	55
006177a5	006177af	11
006177d5	006177df	11
00617982	0061798f	14
006179ed	006179ef	3
00617a6b	00617a6f	5
00617aef	00617aef	1
00617bb9	00617bbf	7
00617be9	00617bef	7
00617c73	00617c7f	13
00617db9	00617dbb	3
00617de9	00617df4	12
00617eaa	00617eaf	6
00617ef8	00617eff	8
00617f4d	00617f4f	3
0061837d	006183ac	48
006183b5	006183bf	11
00618496	0061849f	10
00618537	0061853f	9
00618582	0061858f	14
00618618	0061861f	8
00618648	0061864f	8
0061869e	0061869f	2
00618735	0061873f	11
00618803	00618805	3
0061881e	00618820	3
0061883b	0061883d	3
00618856	00618858	3
00618869	0061886f	7
006188c3	006188c5	3
006188ca	006188cf	6
00618921	0061892f	15
006189ce	006189cf	2
00618a51	00618a5f	15
00618a99	00618a9f	7
00618ac8	00618acf	8
00618af7	00618aff	9
00618b9a	00618b9f	6
00618bc6	00618bcf	10
00618c62	00618c6f	14
00618c9d	00618ca0	4
00618cb9	00618cbf	7
00618cdb	00618cdf	5
00618d0a	00618d0f	6
00618ecd	00618ecf	3
00618f0a	00618f15	12
00619031	0061903f	15
006192d4	006192df	12
006192f9	006192fb	3
00619320	00619322	3
0061932f	0061932f	1
00619524	00619526	3
00619548	0061954a	3
006195e3	006195e5	3
00619607	00619609	3
00619625	0061962f	11
0061976b	0061976f	5
00619a88	00619a8f	8
00619ae5	00619aef	11
00619b82	00619b8f	14
0061a22b	0061a22f	5
0061a409	0061a40f	7
0061a497	0061a49f	9
0061a511	0061a51f	15
0061a54c	0061a54f	4
0061a570	0061a57f	16
0061a589	0061a5ef	103
0061a60d	0061a60f	3
0061a742	0061a744	3
0061a772	0061a77d	12
0061a834	0061a83f	12
0061a936	0061a93f	10
0061a95d	0061a95f	3
0061a9bd	0061a9bf	3
0061ad7c	0061ad7f	4
0061ae1d	0061ae1f	3
0061ae4d	0061ae58	12
0061ae5a	0061ae5f	6
0061aedb	0061aedf	5
0061b07d	0061b07f	3
0061b153	0061b155	3
0061b1fb	0061b1fd	3
0061b22d	0061b22f	3
0061b2a2	0061b2a4	3
0061b36a	0061b36f	6
0061b393	0061b39f	13
0061b3ad	0061b3af	3
0061b3df	0061b3df	1
0061b3ed	0061b3ef	3
0061b422	0061b42f	14
0061b43d	0061b43f	3
0061b472	0061b47f	14
0061b4ad	0061b4af	3
0061b524	0061b52f	12
0061b5a1	0061b5af	15
0061b61f	0061b61f	1
0061b63d	0061b63f	3
0061b65b	0061b65f	5
0061b689	0061b68f	7
0061b6fd	0061b6ff	3
0061b7a7	0061b7a9	3
0061b7c9	0061b7cf	7
0061b893	0061b895	3
0061b8c9	0061b8d4	12
0061b8d6	0061b8df	10
0061b92b	0061b92f	5
0061babc	0061babe	3
0061baf2	0061bafd	12
0061bbd6	0061bbdf	10
0061bcb6	0061bcbf	10
0061bd02	0061bd04	3
0061bdff	0061be01	3
0061be34	0061be3f	12
0061be52	0061be54	3
0061be6e	0061be6f	2
0061bed9	0061bedf	7
0061bf85	0061bf8f	11
0061bfdb	0061bfdf	5
0061bffd	0061bfff	3
0061c019	0061c01f	7
0061c06b	0061c06f	5
0061c0f2	0061c0ff	14
0061c13e	0061c13f	2
0061c173	0061c17f	13
0061c1fd	0061c1ff	3
0061c218	0061c21f	8
0061c236	0061c23f	10
0061c2d0	0061c2df	16
0061c33b	0061c33f	5
0061c36a	0061c36f	6
0061c45d	0061c45f	3
0061c47e	0061c480	3
0061c497	0061c499	3
0061c4b0	0061c4b2	3
0061c4ce	0061c4d0	3
0061c4e4	0061c4ef	12
0061c6a5	0061c6a7	3
0061c6d9	0061c6e4	12
0061c7e5	0061c7e7	3
0061c7fb	0061c7ff	5
0061c8a7	0061c8a7	1
0061c8ab	0061c8af	5
0061cd90	0061cd92	3
0061ceac	0061ceae	3
0061cebd	0061cebf	3
0061cee4	0061ceef	12
0061cf8b	0061cf8f	5
0061cf97	0061cf9f	9
0061cfb9	0061cfbf	7
0061cfc9	0061cfcf	7
0061cfe9	0061cfef	7
0061d00f	0061d00f	1
0061d08d	0061d08f	3
0061d104	0061d10c	9
0061d133	0061d137	5
0061d16a	0061d16f	6
0061d187	0061d18f	9
0061d1c7	0061d1cf	9
0061d1f7	0061d1ff	9
0061d218	0061d21f	8
0061d2e1	0061d2ef	15
0061d383	0061d38e	12
0061d40e	0061d419	12
0061d41b	0061d41f	5
0061d445	0061d450	12
0061d457	0061d45f	9
0061d47c	0061d47f	4
0061d4ee	0061d4ef	2
0061d5b5	0061d5bf	11
0061d7d9	0061d7df	7
0061d9da	0061d9df	6
0061dec3	0061decf	13
0061e07c	0061e07f	4
0061e0fd	0061e0ff	3
0061e529	0061e52b	3
0061e728	0061e72f	8
0061e7ed	0061e7ef	3
0061e8a7	0061e8af	9
0061ea22	0061ea2f	14
0061eaad	0061eaaf	3
0061eaf5	0061eaf7	3
0061eb41	0061eb9f	95
0061ebe9	0061ebef	7
0061ebfd	0061ebff	3
0061ec07	0061ec0f	9
0061ec2d	0061ec2f	3
0061ec37	0061ec3f	9
0061ec6b	0061ec6f	5
0061ec77	0061ec7f	9
0061ec87	0061ec8f	9
0061ecad	0061ecaf	3
0061ecb7	0061ecbf	9
0061ecc8	0061eccf	8
0061ecd8	0061ecdf	8
0061ece8	0061ecef	8
0061ecf8	0061ecff	8
0061ed1a	0061ed1f	6
0061f30d	0061f30f	3
0061f485	0061f48f	11
0061f4a5	0061f4a7	3
0061f4ae	0061f4af	2
0061f4e6	0061f4ef	10
0061f7d9	0061f7ef	23
0061f846	0061f84f	10
0061f885	0061f88f	11
0061f8ce	0061f8cf	2
0061f90e	0061f90f	2
0061f953	0061f95f	13
0061f9bb	0061f9bf	5
0061fb75	0061fb7f	11
0061fc44	0061fc4f	12
0061fca6	0061fcaf	10
0061fd84	0061fd8f	12
0061fe4a	0061fe4f	6
00620284	0062028f	12
006202c7	006202cf	9
00620333	0062033f	13
00620371	0062037f	15
006203ad	006203af	3
00620401	00620403	3
0062040e	0062040f	2
006204ad	006204af	3
0062050d	0062050f	3
006205ab	006205af	5
006206b6	006206b8	3
006206c3	006206cf	13
00620716	00620718	3
00620722	0062072f	14
0062077e	00620780	3
0062078b	0062078f	5
00620d6a	00620d7f	22
00620df9	00620dff	7
00620e43	00620e4f	13
00620ed8	00620edf	8
00620ff4	00620fff	12
006210c7	006210cf	9
00621293	0062129f	13
00621315	0062131f	11
006213e1	006213ef	15
0062143e	0062143f	2
006214eb	006214ef	5
006215ad	006215af	3
00621662	0062166f	14
006216b4	006216bf	12
006216f7	006216ff	9
00621714	0062171f	12
00621837	0062183f	9
006218fb	006218ff	5
00621a72	00621a7f	14
00621b42	00621b4f	14
00621c8e	00621c8f	2
00621ce9	00621cef	7
00621d0d	00621d0f	3
00621d23	00621d25	3
00621d33	00621d35	3
00621d45	00621d4f	11
00621de3	00621dee	12
00621e6e	00621e79	12
00621e7b	00621e7f	5
00621ea5	00621eb0	12
00621eb7	00621ebf	9
00621f2b	00621f2f	5
006220dc	006220df	4
006221aa	006221af	6
00622238	0062223f	8
006223cd	006223cf	3
006224bd	006224bf	3
00622ab8	00622abf	8
00622c98	00622c9f	8
00622f5d	00622f5f	3
0062309d	0062309f	3
006231cf	0062323f	113
006232fd	006232ff	3
006233b7	006233bf	9
00623532	0062353f	14
006236f9	0062371f	39
00623789	006238bf	311
006238f7	006238ff	9
0062394d	00623956	10
0062395a	0062395f	6
0062397d	00623987	11
00623995	00623997	3
006239a5	006239a7	3
006239b7	006239bf	9
006239c6	006239cf	10
00623a22	00623a2f	14
00623a36	00623a3f	10
00623a51	00623a5f	15
00623a71	00623a7f	15
00623ad2	00623adf	14
00623ae6	00623aef	10
00623b42	00623b4f	14
00623b5e	00623b5f	2
00623b66	00623b6f	10
00623bc2	00623bcf	14
00623bd6	00623bdf	10
00623bf3	00623bff	13
00623c13	00623c1f	13
00623c72	00623c7f	14
00623c86	00623c8f	10
00623ca7	00623caf	9
00623cc7	00623ccf	9
00623d22	00623d2f	14
00623d36	00623d3f	10
00623d92	00623d9f	14
00623da8	00623daf	8
00623ddd	00623ddf	3
00623dff	00623dff	1
00623e23	00623e2f	13
00623e53	00623e5f	13
00623e83	00623e8f	13
00623eb3	00623ebf	13
00623ec7	00623ecf	9
00623ef3	00623eff	13
00623f23	00623f2f	13
00623f53	00623f5f	13
00623f83	00623f8f	13
00623f99	00623f9f	7
00623fc3	00623fcf	13
0062407e	0062407f	2
006240a9	006240af	7
006240d9	006240df	7
00624105	0062410f	11
0062413e	0062413f	2
00624155	00624157	3
0062415e	0062415f	2
006243e7	006243ef	9
00624406	0062440f	10
0062443e	0062443f	2
0062449b	0062449f	5
00624529	0062452f	7
006245b5	006245bf	11
006246fe	00624700	3
00624772	0062477f	14
00624805	0062480f	11
0062494b	0062494d	3
00624997	0062499f	9
00624a25	00624a2f	11
00624ab5	00624abf	11
00624b45	00624b4f	11
00624c8b	00624c8d	3
00624cd7	00624cdf	9
00624d65	00624d6f	11
00624eab	00624ead	3
00624ef7	00624eff	9
00624fd8	00624fdf	8
00625065	0062506f	11
00625148	0062514f	8
006251d5	006251df	11
0062531b	0062531d	3
00625367	0062536f	9
006253c6	006253cf	10
006253e4	006253ef	12
0062542c	0062542f	4
00625469	0062546f	7
0062549e	0062549f	2
006254bd	006254bf	3
00625528	0062552f	8
0062555e	0062555f	2
0062557d	0062557f	3
00625615	0062561f	11
0062566e	0062566f	2
00625702	0062570f	14
0062588e	00625890	3
00625903	0062590f	13
0062595e	0062595f	2
006259f2	006259ff	14
00625a2e	00625a2f	2
00625a4d	00625a4f	3
00625adf	00625adf	1
00625b0e	00625b0f	2
00625b2d	00625b2f	3
00625bbf	00625bbf	1
00625bf4	00625bff	12
00625c31	00625c3f	15
00625cd3	00625cdf	13
00625e3f	00625e41	3
00625eb4	00625ebf	12
00625ef4	00625eff	12
00625f31	00625f3f	15
00625fd3	00625fdf	13
0062613f	00626141	3
006261b4	006261bf	12
006261ee	006261ef	2
00626216	0062621f	10
0062624e	0062624f	2
00626276	0062627f	10
00626298	0062629f	8
006262fd	006262ff	3
0062633b	0062633f	5
0062637f	0062637f	1
00626387	0062638f	9
00626396	0062639f	10
006263a7	006263af	9
006263b6	006263bf	10
006263c7	006263cf	9
006263d6	006263df	10
00626401	0062640f	15
00626431	0062643f	15
00626473	0062647f	13
00626495	0062649f	11
0062652f	0062652f	1
006265be	006265bf	2
006265e5	006265f0	12
006265f7	006265ff	9
0062668c	0062668f	4
006266c9	006266cf	7
00626744	0062674f	12
0062676b	0062676f	5
0062678d	0062678f	3
006268f1	006268ff	15
00626923	0062692f	13
0062695a	0062695f	6
00626985	0062698f	11
006269b5	006269bf	11
00626a0b	00626a0f	5
00626a64	00626a6f	12
00626a96	00626a98	3
00626a9f	00626a9f	1
00626ac8	00626acf	8
00626ae9	00626aef	7
00626b41	00626b4f	15
00626beb	00626bed	3
00626c0e	00626c10	3
00626ca6	00626ca8	3
00626cc9	00626ccb	3
00626cef	00626cf1	3
00626d18	00626d1a	3
00626dde	00626de0	3
00626e07	00626e09	3
00626e2a	00626e2c	3
00626e53	00626e55	3
00626e7f	00626e81	3
00626f81	00626f83	3
00626fc2	00626fc4	3
00626fe1	00626fe3	3
00627006	00627008	3
00627025	00627027	3
00627033	0062703f	13
006270bf	006270c1	3
006270ce	0062711f	82
006271de	006271df	2
00627317	0062731f	9
006273c9	006273cb	3
006273d7	006273df	9
00627447	0062744f	9
0062747c	0062747f	4
00627498	0062749f	8
006274cc	006274cf	4
006274e8	006274ef	8
0062751d	0062751f	3
0062754f	0062754f	1
00627569	00627572	10
00627578	0062757f	8
006275ff	006275ff	1
00627615	0062761f	11
00627635	00627637	3
00627656	00627658	3
0062766b	0062766f	5
006276ed	006276ef	3
00627708	0062770f	8
006277a8	006277af	8
006277fb	006277ff	5
0062784b	0062784f	5
0062786c	00627875	10
0062787f	00627882	4
0062789b	0062789f	5
00627957	0062795f	9
00627a38	00627a3f	8
00627bc9	00627bcb	3
00627bfe	00627bff	2
00627c98	00627c9f	8
00627cac	00627caf	4
00627cd6	00627cdf	10
00627d70	00627d7f	16
00627dcd	00627dcf	3
00627def	00627df1	3
00627e0d	00627e0f	3
00627e2e	00627e2f	2
00627e7d	00627e7f	3
00627e9b	00627e9f	5
00627ebd	00627ebf	3
00627f84	00627f86	3
00628024	0062802f	12
0062810d	0062810f	3
006281cb	006281cd	3
006281d2	006281df	14
00628202	00628204	3
00628216	0062821f	10
0062822c	0062822f	4
0062827a	0062827f	6
00628310	00628312	3
00628339	0062833b	3
00628396	00628398	3
006283c0	006283c2	3
006283d4	006283df	12
0062840a	0062840f	6
00628426	0062842f	10
00628616	00628618	3
0062864a	00628655	12
00628765	00628767	3
0062878b	0062878d	3
006287a1	006287af	15
006287c6	006287cf	10
00628868	0062886f	8
0062889e	0062889f	2
006288c2	006288c4	3
006288e1	006288e3	3
006288ea	006288ef	6
0062895a	0062895f	6
00628a78	00628a7f	8
00628aa2	00628aa4	3
00628abd	00628abf	3
00628b1e	00628b1f	2
00628bd3	00628bd5	3
00628bdf	00628bdf	1
00628c69	00628c6f	7
00628d1d	00628d1f	3
00628d35	00628d35	1
00628d39	00628d3f	7
00628da3	00628daf	13
00628efd	00628eff	3
00628f32	00628f3f	14
00628fd8	00628fdf	8
00629015	0062901f	11
00629051	00629053	3
00629072	00629074	3
00629090	00629092	3
006290a5	006290af	11
006290d5	006290d7	3
00629108	0062910a	3
00629130	0062913f	16
0062921c	0062921e	3
00629231	0062925f	47
00629285	0062928f	11
006292b4	006292df	44
00629327	0062932f	9
0062940c	0062940e	3
00629418	0062941f	8
00629485	0062948f	11
006294a5	006294a7	3
006294ae	006294af	2
00629517	0062951f	9
006296c5	006296c7	3
006296f9	00629704	12
0062981f	0062981f	1
006298d2	006298df	14
0062994a	0062994f	6
006299d9	006299df	7
00629ab4	00629ab6	3
00629ae0	00629ae2	3
00629b03	00629b05	3
00629b23	00629b25	3
00629bd6	00629bd8	3
00629d39	00629d3b	3
00629d68	00629d6a	3
00629d9e	00629da0	3
00629dd1	00629dd3	3
00629df9	00629dff	7
0062a119	0062a11f	7
0062a139	0062a13b	3
0062a15a	0062a15c	3
0062a16d	0062a16f	3
0062a1c7	0062a1cf	9
0062a4a2	0062a4a4	3
0062a4b2	0062a4bf	14
0062a7b2	0062a886	213
0062aa0f	0062aa11	3
0062aa47	0062aa49	3
0062aaca	0062aacc	3
0062aad7	0062aae5	15
0062aaf0	0062ab1f	48
0062abe5	0062abe7	3
0062ac6d	0062ac6f	3
0062ac84	0062ac9b	24
0062aca5	0062aca7	3
0062ad20	0062ad22	3
0062aed8	0062aee5	14
0062af30	0062af32	3
0062af63	0062af7a	24
0062af95	0062afaf	27
0062afea	0062afec	3
0062aff5	0062afff	11
0062b069	0062b06b	3
0062b08c	0062b08e	3
0062b108	0062b10a	3
0062b12c	0062b12e	3
0062b15b	0062b15d	3
0062b168	0062b16f	8
0062b1c6	0062b1c8	3
0062b24b	0062b24d	3
0062b26f	0062b271	3
0062b2ac	0062b2ae	3
0062b2b8	0062b2bf	8
0062b2e8	0062b2ef	8
0062b473	0062b47f	13
0062b486	0062b48f	10
0062b496	0062b49f	10
0062b4a6	0062b4af	10
0062b522	0062b53f	30
0062b546	0062b54f	10
0062b5a2	0062b5af	14
0062b5b6	0062b5bf	10
0062b5e3	0062b5ef	13
0062b68d	0062b68f	3
0062b6f1	0062b6ff	15
0062b813	0062b81f	13
0062b862	0062b86f	14
0062b88e	0062b88f	2
0062b8c5	0062b8cf	11
0062b911	0062b91f	15
0062b9b3	0062b9be	12
0062ba18	0062ba1f	8
0062ba2d	0062ba2f	3
0062ba74	0062ba7f	12
0062bc2c	0062bc2f	4
0062bcee	0062bcef	2
0062be29	0062be2b	3
0062be59	0062be64	12
0062bf1a	0062bf1f	6
0062c0d6	0062c0df	10
0062c146	0062c14f	10
0062c19d	0062c19f	3
0062c213	0062c21f	13
0062c32a	0062c32f	6
0062c3da	0062c69f	710
0062c6cd	0062c6d8	12
0062c6df	0062c79f	193
0062c81a	0062c81c	3
0062c826	0062c82f	10
0062c8ec	0062c8ee	3
0062c907	0062c909	3
0062c915	0062c91f	11
0062c998	0062c99a	3
0062c9e8	0062c9ea	3
0062ca06	0062ca13	14
0062ca32	0062ca3f	14
0062cae8	0062caea	3
0062cb23	0062cb31	15
0062cb3c	0062cb3e	3
0062cb4b	0062cb4f	5
0062cbfd	0062cbff	3
0062cce7	0062cd6f	137
0062cd91	0062cd9f	15
0062ce11	0062ce1f	15
0062ce4a	0062ce4f	6
0062ce78	0062ce7f	8
0062cebc	0062cebf	4
0062cf79	0062cf7f	7
0062cf92	0062cf94	3
0062cfac	0062cfaf	4
0062cfc2	0062cfc4	3
0062cfd6	0062cfdf	10
0062d039	0062d03f	7
0062d046	0062d04f	10
0062d056	0062d05f	10
0062d072	0062d074	3
0062d097	0062d099	3
0062d0f1	0062d0ff	15
0062d115	0062d117	3
0062d11e	0062d11f	2
0062d1a2	0062d1af	14
0062d231	0062d23f	15
0062d255	0062d25f	11
0062d2dd	0062d2df	3
0062d2f8	0062d2ff	8
0062d44c	0062d44f	4
0062d540	0062d542	3
0062d748	0062d7df	152
0062d88f	0062d891	3
0062d8c0	0062d8c2	3
0062d90a	0062d90c	3
0062d919	0062d91f	7
0062da20	0062da2f	16
0062dab3	0062dabf	13
0062dadb	0062dadf	5
0062daf6	0062daff	10
0062db2a	0062db2f	6
0062dd0f	0062dd11	3
0062dd43	0062dd4e	12
0062de51	0062de53	3
0062de67	0062de6f	9
0062dea9	0062deaf	7
0062e264	0062e26f	12
0062e31a	0062e31a	1
0062e31e	0062e31f	2
0062e38a	0062e38f	6
0062e423	0062e425	3
0062e488	0062e48a	3
0062e4f3	0062e4f5	3
0062e559	0062e55b	3
0062e58a	0062e5bf	54
0062e60e	0062e610	3
0062e627	0062e629	3
0062e654	0062e656	3
0062e664	0062e66f	12
0062e6b4	0062e6bf	12
0062e749	0062e74f	7
0062e8a9	0062e8af	7
0062e8ec	0062e8ef	4
0062e909	0062e90f	7
0062e925	0062e927	3
0062e92e	0062e92f	2
0062ea08	0062ea0a	3
0062ea27	0062ea29	3
0062ea36	0062ea3f	10
0062ebba	0062ebbc	3
0062ebd9	0062ebdb	3
0062ecc3	0062eccf	13
0062ed83	0062ed8f	13
0062f077	0062f079	3
0062f11c	0062f11f	4
0062f27c	0062f27f	4
0062f3c2	0062f3cf	14
0062f3e4	0062f3ef	12
0062f40d	0062f40f	3
0062f511	0062f51f	15
0062f53f	0062f53f	1
0062f568	0062f56f	8
0062f5a3	0062f5af	13
0062f5c5	0062f5cf	11
0062f5fb	0062f5ff	5
0062f62b	0062f62f	5
0062f64a	0062f64f	6
0062f6df	0062f6df	1
0062f76e	0062f76f	2
0062f803	0062f80e	12
0062f88e	0062f899	12
0062f89b	0062f89f	5
0062f92e	0062f92f	2
0062f9aa	0062f9af	6
0062f9b9	0062f9c2	10
0062f9cc	0062f9cf	4
0062fa50	0062fa59	10
0062fa63	0062fa6f	13
0062fa8b	0062fa8f	5
0062faad	0062faaf	3
0062fb2e	0062fb37	10
0062fb41	0062fb4f	15
0062fb7a	0062fb7f	6
0062fb9b	0062fb9f	5
0062fbbd	0062fc1f	99
0062fc4a	0062fc4f	6
0062fdfc	0062fdff	4
0062fe1d	0062fe1f	3
0062fe4b	0062fe58	14
0062fe69	0062fe6f	7
0062feb3	0062febf	13
0062ff03	0062ff0f	13
0062ff49	0062ff4f	7
0062ffcd	0062ffcf	3
0062ffe8	0063002f	72
006300ca	006300cf	6
0063011b	0063011f	5
0063016b	0063016f	5
00630229	0063022f	7
006303ba	006303bc	3
006303ee	006303f9	12
006304e5	006304ff	27
006305d6	006305df	10
006306b6	006306bf	10
006306f5	006306ff	11
00630843	00630845	3
00630878	0063087f	8
006309b9	006309bb	3
006309ee	006309ef	2
00630a80	00630c5f	480
00630d77	00630d79	3
00630e94	00630eab	24
00630f9e	00630fa0	3
006310ed	00631104	24
00631309	0063130f	7
00631374	0063137b	8
006313b9	006313cf	23
0063141f	0063141f	1
0063143b	0063143f	5
00631481	0063148f	15
006314ee	006314ef	2
00631569	0063156f	7
006315d9	006315df	7
0063163f	0063163f	1
0063178d	0063178f	3
00631955	00631957	3
00631989	00631994	12
00631a9e	00631aa0	3
00631ab4	00631abf	12
00631c74	00631c76	3
00631ca6	00631cb1	12
00631db2	00631db4	3
00631dc8	00631dcf	8
00631e33	00631eff	205
00631fa3	00631fa3	1
00631fa7	00631faf	9
00632101	0063235f	607
006324b5	006325bf	267
006326b6	006326bf	10
006326d2	006326df	14
006326f2	006326ff	14
006327df	006327e1	3
006327f5	006327f7	3
00632843	00632845	3
00632859	0063285b	3
006328a7	006328a9	3
006328c9	006328cb	3
006328df	006328df	1
006329f8	006329ff	8
00632aeb	00632aef	5
00632b7b	00632b7f	5
00632c54	00632c56	3
00632c73	00632c75	3
00632c86	00632c8f	10
00632cc7	00632ccf	9
00632d69	00632d6f	7
00632e44	00632e46	3
00632e63	00632e65	3
00632e76	00632e7f	10
00632ec5	00632ecf	11
00632f69	00632f6f	7
00633059	0063305b	3
00633078	0063307a	3
0063308b	0063308f	5
00633129	0063312f	7
00633195	00633197	3
006331a6	006331af	10
00633283	00633285	3
006332a2	006332a4	3
006332b5	006332bf	11
00633306	0063330f	10
006333a9	006333af	7
0063342e	0063342f	2
0063344b	0063344f	5
006334e4	006334ef	12
00633536	00633538	3
00633547	0063354f	9
00633639	0063363b	3
00633658	0063365a	3
0063366b	0063366f	5
00633709	0063370f	7
00633775	00633777	3
00633786	0063378f	10
00633879	0063387b	3
00633898	0063389a	3
006338ab	006338af	5
00633949	0063394f	7
006339b5	006339b7	3
006339c6	006339cf	10
00633aa3	00633aa5	3
00633ac2	00633ac4	3
00633ad5	00633adf	11
00633b26	00633b2f	10
00633bc9	00633bcf	7
00633ca3	00633ca5	3
00633cc2	00633cc4	3
00633cd5	00633cdf	11
00633d26	00633d2f	10
00633dc9	00633dcf	7
00633ea3	00633ea5	3
00633ec2	00633ec4	3
00633ed5	00633edf	11
00633fbe	00633fbf	2
0063404f	00634051	3
00634073	00634087	21
00634102	00634104	3
00634116	00634118	3
0063413d	0063413f	3
00634214	00634216	3
00634233	00634235	3
00634246	0063424f	10
006342a3	006342af	13
00634349	0063434f	7
00634424	00634426	3
00634443	00634445	3
00634456	0063445f	10
006344c9	006344cf	7
0063457d	0063457f	3
00634654	00634656	3
00634673	00634675	3
00634686	0063468f	10
006346d5	006346df	11
00634779	0063477f	7
0063483b	0063483f	5
00634929	0063492b	3
00634948	0063494a	3
0063495b	0063495f	5
006349f9	006349ff	7
00634a65	00634a67	3
00634a76	00634a7f	10
00634b53	00634b55	3
00634b72	00634b74	3
00634b85	00634b8f	11
00634bd6	00634bdf	10
00634c79	00634c7f	7
00634d53	00634d55	3
00634d72	00634d74	3
00634d85	00634d8f	11
00634dd6	00634ddf	10
00634e79	00634e7f	7
00634efe	00634eff	2
00634f1b	00634f1f	5
00635009	0063500b	3
00635028	0063502a	3
0063503b	0063503f	5
0063511e	0063511f	2
00635199	0063519b	3
006351c1	006351d4	20
0063523b	0063523d	3
0063524f	00635251	3
00635274	0063527f	12
006352fe	006352ff	2
00635388	0063538a	3
006353ac	006353ae	3
006353bf	006353bf	1
006354a9	006354ab	3
006354c8	006354ca	3
006354db	006354df	5
00635579	0063557f	7
006355e5	006355e7	3
006355f6	006355ff	10
00635641	0063564f	15
006356c7	006356c9	3
006356ec	006356ee	3
006356f5	006356ff	11
00635737	0063573f	9
0063575e	0063575f	2
00635777	0063577f	9
00635797	0063579f	9
006357d7	006357df	9
00635817	0063581f	9
0063588a	0063588f	6
00635a59	00635a5f	7
00635a95	00635a97	3
00635aab	00635aaf	5
00635af8	00635b03	12
00635b0e	00635b0f	2
00635b7d	00635b7f	3
00635be0	00635be2	3
00635bf5	00635bff	11
00635cbe	00635cbf	2
00635ee8	00635eea	3
00635f10	00635f12	3
00635f35	00635f37	3
00635f5d	00635f5f	3
00635f82	00635f84	3
00635faa	00635fac	3
00635fc9	00635fcb	3
00635fee	00635ff0	3
0063601c	0063601e	3
00636039	0063603f	7
006361e8	006361ea	3
00636210	00636212	3
00636235	00636237	3
0063625d	0063625f	3
00636282	00636284	3
006362aa	006362ac	3
006362c9	006362cb	3
006362ee	006362f0	3
0063631c	0063631e	3
00636339	0063633f	7
0063641e	00636420	3
00636459	0063645f	7
006364f9	006364fb	3
0063652f	0063652f	1
006365cd	006365cf	3
0063666d	0063666f	3
0063668c	0063668e	3
00636699	0063669f	7
006367a4	006367af	12
006368bc	006368be	3
00636951	0063695f	15
00636aa7	00636aa9	3
00636b3c	00636b3f	4
00636c72	00636c7f	14
00636d81	00636d8f	15
00636ddc	00636ddf	4
00636e14	00636e1f	12
00636f73	00636f77	5
00636fc2	00636fcf	14
0063705a	0063705c	3
0063707e	00637080	3
006370cd	006370cf	3
006370e5	006370ef	11
006370fa	006370ff	6
0063710a	0063710f	6
0063711d	0063711f	3
00637176	0063717f	10
0063733d	0063733f	3
0063737c	0063737e	3
0063739c	0063739f	4
006373cd	006373cf	3
006373d6	006373df	10
006373ea	006373ef	6
006373fa	006373ff	6
00637410	00637412	3
0063742a	0063742f	6
00637435	0063743f	11
00637455	00637457	3
0063745e	0063745f	2
006374a1	006374af	15
006374de	006374df	2
006375c6	006375c8	3
006375cf	006375cf	1
006376a5	006376a7	3
006376c4	006376c6	3
006376d7	006376df	9
00637709	0063770f	7
00637779	0063777f	7
00637855	00637857	3
00637874	00637876	3
00637887	0063788f	9
006378cd	006378cf	3
0063797d	0063797f	3
006379ff	006379ff	1
00637a1c	00637a1f	4
00637a9f	00637a9f	1
00637abc	00637abf	4
00637b95	00637b97	3
00637bb4	00637bb6	3
00637bc7	00637bcf	9
00637cae	00637caf	2
00637d13	00637d15	3
00637d26	00637d2f	10
00637e05	00637e07	3
00637e24	00637e26	3
00637e37	00637e3f	9
00637e69	00637e6f	7
00637f09	00637f0f	7
00637f8f	00637f8f	1
00637fac	00637faf	4
00638085	00638087	3
006380a4	006380a6	3
006380b7	006380bf	9
006380ce	006380cf	2
006380f7	006380ff	9
00638199	0063819f	7
00638275	00638277	3
00638294	00638296	3
006382a7	006382af	9
006382d9	006382df	7
00638379	0063837f	7
006383f2	006383ff	14
00638431	0063843f	15
006384b4	006384bf	12
0063852f	0063852f	1
0063854b	0063854f	5
00638576	0063857f	10
00638641	0063864f	15
0063866e	00638670	3
00638686	00638688	3
006386c0	006386c2	3
006386d9	006386df	7
00638705	0063870f	11
0063872c	0063872e	3
0063875e	00638766	9
0063876c	0063876f	4
006387c1	006387da	26
00638811	00638813	3
0063885e	00638860	3
00638878	0063895f	232
00638a9f	00638aa1	3
00638acf	00638ada	12
00638b8e	00638b8f	2
00638ba5	00638ba7	3
00638bae	00638baf	2
00638c1e	00638c1f	2
00638c6c	00638c6f	4
00638cd2	00638cdf	14
00638ebd	00638ebf	3
00639155	0063915f	11
00639297	00639297	1
006394c0	006394c6	7
006394da	006394e0	7
00639525	00639525	1
00639545	00639552	14
00639568	00639568	1
006395c0	006395c0	1
006396db	006396f2	24
00639762	00639765	4
006397b7	006397b7	1
006397f7	006397f7	1
0063a0ca	0063a0cf	6
0063a12b	0063a12b	1
0063a133	0063a13f	13
0063a169	0063a16b	3
0063a18f	0063a18f	1
0063a1ad	0063a1cf	35
0063a21a	0063a22b	18
0063a233	0063a233	1
0063a23f	0063a23f	1
0063a251	0063a253	3
0063a26b	0063a26b	1
0063a292	0063a293	2
0063a29d	0063a29f	3
0063a2bf	0063a2cb	13
0063a2ed	0063a2ef	3
0063a317	0063a317	1
0063a349	0063a36b	35
0063a3b6	0063a3c7	18
0063a3cf	0063a3cf	1
0063a3dd	0063a3df	3
0063a3f3	0063a3f3	1
0063a468	0063a468	1
0063a4f0	0063a4f4	5
0063a732	0063a734	3
0063a9c8	0063a9c8	1
0063aa3c	0063aa42	7
0063aa4f	0063aa4f	1
0063ab32	0063ab49	24
0063ab55	0063ab85	49
0063ab91	0063abc0	48
0063abd6	0063abd6	1
0063abf2	0063abf2	1
0063ac0e	0063ac0e	1
0063ac73	0063ac7f	13
0063ad2d	0063ad2f	3
0063ada5	0063ada5	1
0063af2e	0063af3c	15
0063af93	0063af97	5
0063b0a8	0063b0aa	3
0063b1bf	0063b1c1	3
0063b239	0063b23b	3
0063b49b	0063b49f	5
0063b525	0063b52f	11
0063b6fd	0063b710	20
0063bcc6	0063bcf0	43
0063c2fe	0063c2ff	2
0063c334	0063c33f	12
0063c3a8	0063c3af	8
0063c52f	0063c52f	1
0063c5a5	0063c5af	11
0063c7e2	0063c7e4	3
0063cca5	0063ccd0	44
0063ccd7	0063ccd7	1
0063cd25	0063cd27	3
0063ce56	0063ce5a	5
0063d17b	0063d182	8
0063d4f5	0063d4ff	11
0063d756	0063d75f	10
0063d774	0063d77c	9
0063d82b	0063d82f	5
0063d844	0063d84c	9
0063daeb	0063daed	3
0063dbf7	0063dbff	9
0063dc86	0063dc8f	10
0063de29	0063de30	8
0063de76	0063de7f	10
0063e105	0063e10f	11
0063e115	0063e11f	11
0063e2c1	0063e2cf	15
0063e4b6	0063e4cc	23
0063e717	0063e75f	73
0063e7b4	0063e7bc	9
0063faa4	0063faab	8
0063fbad	0063fbaf	3
0063fc0b	0063fc0b	1
0063fc13	0063fc1f	13
0063fc49	0063fc4b	3
0063fc6f	0063fc6f	1
0063fc8d	0063fcaf	35
0063fcfa	0063fd0b	18
0063fd13	0063fd13	1
0063fd1f	0063fd1f	1
0063fd31	0063fd33	3
0063fd4b	0063fd4b	1
0063fd72	0063fd73	2
0063fd7d	0063fd7f	3
0063fd9f	0063fdab	13
0063fdcd	0063fdcf	3
0063fdf7	0063fdf7	1
0063fe29	0063fe4b	35
0063fe96	0063fea7	18
0063feaf	0063feaf	1
0063febd	0063febf	3
0063fed3	0063fed3	1
0063feed	0063feef	3
0063ffa8	0063ffaf	8
0064003b	0064003b	1
006400aa	006400c7	30
0064013b	00640153	25
00640175	0064017a	6
006401ca	006401da	17
00640298	00640346	175
00640359	00640361	9
00640541	0064054c	12
00640a0e	00640a28	27
00640adc	00640af6	27
00640c11	00640c20	16
00640dc3	00640dc3	1
00640fcc	00640fd0	5
00640fda	00640fdc	3
006410fa	00641100	7
00641127	0064112d	7
00641137	0064113f	9
006411ed	006411f9	13
00641712	0064171a	9
00641822	0064182f	14
00641837	0064183f	9
006422a9	006422c8	32
006422f6	006422fc	7
0064233a	00642340	7
00642489	0064248f	7
0064310a	0064310c	3
006431c6	006431c8	3
00643424	00643426	3
006434e8	006434ea	3
00643705	0064379f	155
00643898	0064389a	3
00643b3d	00643b3f	3
006442cb	006442cf	5
00644bf1	00644bf7	7
00645005	00645007	3
0064502c	006451ff	468
00645253	0064525f	13
00645335	00645348	20
00645a2c	00645a6c	65
00646603	00646638	54
00646800	0064681e	31
00646877	00646883	13
00646cb6	00646cf8	67
00646d08	00646d66	95
00647847	00647866	32
0064aac3	0064aae6	36
0064b7c9	0064b7cf	7
0064ba25	0064ba2f	11
0064c576	0064c786	529
0064ca30	0064ca44	21
0064cca5	0064ccc8	36
0064d1ca	0064d228	95
0064e061	0064e06f	15
0064e43e	0064e454	23
0064e535	0064e537	3
0064e814	0064e816	3
0064f544	0064f546	3
0064f645	0064f64a	6
0064f806	0064f808	3
00650182	00650199	24
0065020f	00650225	23
00650510	0065129a	3467
00651353	00651369	23
0065147a	00651490	23
006519f6	00651a25	48
00651fad	00651faf	3
006520d4	006520ef	28
00652146	00652161	28
00652202	0065220f	14
00652595	00652595	1
00652602	0065260f	14
0065262f	0065262f	1
006529a9	006529af	7
006529d3	006529df	13
00652c59	00652c5f	7
00652e4b	00652e4f	5
00653406	0065340f	10
00653416	0065341f	10
0065343a	0065343f	6
00653446	0065344f	10
0065346a	0065346f	6
00653495	0065349f	11
006534c5	006534cf	11
006534f5	006534ff	11
00653525	0065352f	11
00653555	0065355f	11
00653585	0065358f	11
006535b5	006535bf	11
006535c5	006535cf	11
00653600	00653602	3
00653609	0065360f	7
00653640	00653642	3
00653649	0065364f	7
00653680	00653682	3
00653689	0065368f	7
006536c0	006536c2	3
006536c9	006536cf	7
00653700	00653702	3
00653709	0065370f	7
00653740	00653742	3
00653749	0065374f	7
00653781	00653783	3
0065378a	0065378f	6
00653795	0065379f	11
006537a5	006537af	11
00653802	0065380f	14
00653862	0065386f	14
006538c2	006538cf	14
006538f5	006538ff	11
00653930	00653932	3
00653939	0065393f	7
00653946	0065394f	10
006539a2	006539af	14
006539b6	006539bf	10
00653a12	00653a1f	14
00653a26	00653a2f	10
00653a82	00653a8f	14
00653a96	00653a9f	10
00653af2	00653aff	14
00653b52	00653b5f	14
00653b66	00653b6f	10
00653bc2	00653bcf	14
00653c22	00653c2f	14
00653c49	00653c4f	7
00653c83	00653c8f	13
00653cb5	00653cbf	11
00653d1a	00653d1f	6
00653d66	00653d6f	10
00653dbc	00653dbf	4
00653de6	00653def	10
00653e36	00653e3f	10
00653e46	00653e4f	10
00653e56	00653e5f	10
00653e83	00653e8f	13
00653e96	00653e9f	10
00653ec3	00653ecf	13
00653ed6	00653edf	10
00653f03	00653f0f	13
00653f16	00653f1f	10
00653f43	00653f4f	13
00653f56	00653f5f	10
00653f83	00653f8f	13
00653f96	00653f9f	10
00653fc3	00653fcf	13
00653fd6	00653fdf	10
00654003	0065400f	13
0065402d	0065402f	3
00654048	0065404f	8
00654071	0065407f	15
006540e7	006540ef	9
0065413c	0065413f	4
00654161	0065416f	15
006541d7	006541df	9
0065422c	0065422f	4
00654247	0065424f	9
00654274	0065427f	12
006542a1	006542af	15
00654317	0065431f	9
0065436c	0065436f	4
00654391	0065439f	15
00654407	0065440f	9
0065445c	0065445f	4
0065447c	0065447f	4
006544b2	006544bf	14
00654553	0065455e	12
00654585	00654590	12
00654597	0065459f	9
006545d8	006545df	8
00654603	0065460f	13
00654616	0065461f	10
00654626	0065462f	10
00654682	0065468f	14
006546b3	006546bf	13
006546c6	006546cf	10
006546d6	006546df	10
00654732	0065473f	14
0065477e	0065477f	2
006547b6	006547b8	3
006547bf	006547bf	1
00654832	0065483f	14
00654892	0065489f	14
006548f5	006548ff	11
00654955	0065495f	11
00654983	0065498f	13
00654996	0065499f	10
006549a6	006549af	10
00654a02	00654a0f	14
00654a33	00654a3f	13
00654a65	00654a6f	11
00654a93	00654a9f	13
00654aa6	00654aaf	10
00654ab6	00654abf	10
00654b12	00654b1f	14
00654b43	00654b4f	13
00654b56	00654b5f	10
00654c05	00654c0f	11
00654c87	00654c8f	9
00654cc7	00654cc9	3
00654d16	00654d1f	10
00654d32	00654d34	3
00654d4c	00654d4f	4
00654d56	00654d5f	10
00654db2	00654dbf	14
00654de3	00654def	13
00654df6	00654dff	10
00654e52	00654e5f	14
00654e83	00654e8f	13
00654ea3	00654eff	93
00654f15	00654f17	3
00654f1e	00654f1f	2
00654f26	00654f2f	10
00654f36	00654f3f	10
00654f7b	00654f7f	5
00654fa9	00654faf	7
00654fb6	00654fbf	10
00654fe9	00654fef	7
00655019	0065501f	7
0065506a	0065506f	6
006550d9	006550db	3
006550e2	006550ef	14
00655196	00655198	3
006551b9	006551bb	3
00655231	00655233	3
00655250	00655252	3
0065525f	0065525f	1
00655273	0065527f	13
006552af	006552af	1
0065532c	0065532e	3
00655368	0065536f	8
00655383	0065538f	13
006553ee	006553ef	2
0065541d	0065541f	3
006554af	006554af	1
006554e7	006554ef	9
00655527	0065552f	9
00655586	0065558f	10
00655614	0065561f	12
00655671	0065567f	15
006556f9	00655705	13
0065571c	0065571f	4
0065578e	00655790	3
00655798	0065579f	8
006557df	006557e1	3
00655805	00655807	3
00655811	0065581f	15
00655876	00655878	3
006558c7	006558cf	9
00655907	0065590f	9
00655953	0065595f	13
00655ab4	00655abf	12
00655b61	00655b63	3
00655b6c	00655b6f	4
00655c18	00655c1f	8
00655c65	00655c67	3
00655d04	00655d0f	12
00655dab	00655dad	3
00655db6	00655dbf	10
00655e1f	00655e1f	1
00655eb4	00655ebf	12
00655f61	00655f63	3
00655f6c	00655f6f	4
00656036	0065603f	10
006560af	006560b1	3
006560b6	006560bf	10
0065619f	006561a1	3
006561bf	006561c1	3
006561e3	006561ef	13
006562ba	006562bc	3
006563d6	006563ff	42
00656404	0065640f	12
00656447	0065644f	9
006564de	006564df	2
0065656e	0065656f	2
00656583	0065658f	13
006565d1	006565df	15
0065662c	0065662f	4
00656645	0065664f	11
0065666c	0065666f	4
00656773	0065677f	13
0065683a	0065683f	6
0065694a	0065694f	6
00656a0e	00656a0f	2
00656a53	00656a5f	13
00656b6a	00656b6f	6
00656c2a	00656c2f	6
00656c4f	00656c4f	1
00656d2a	00656d2f	6
00656deb	00656def	5
00656e32	00656e3f	14
00656e5d	00656e5f	3
00656f3a	00656f3f	6
00656ff7	00656fff	9
006570ef	006570ef	1
006571ac	006571af	4
006571fb	006571ff	5
0065721f	0065721f	1
0065730f	0065730f	1
006573c6	006573cf	10
00657408	0065740f	8
0065744d	0065744f	3
00657463	0065746f	13
006574a8	006574aa	3
006575bd	006575bf	3
0065768d	0065768f	3
00657764	0065776f	12
006577a8	006577aa	3
006577cd	006577cf	3
0065781c	0065781f	4
00657848	0065784f	8
00657888	0065788a	3
0065799d	0065799f	3
00657a6d	00657a6f	3
00657b44	00657b4f	12
00657b9c	00657b9f	4
00657c37	00657c3f	9
00657c88	00657c8f	8
00657d27	00657d2f	9
00657d6d	00657d6f	3
00657d85	00657d8f	11
00657ec9	00657ecb	3
00657ef9	00657f04	12
00657fba	00657fbf	6
00658077	0065807f	9
006580e1	006580ef	15
00658151	0065815f	15
006581c1	006581cf	15
00658231	0065823f	15
006582ee	006582ef	2
00658353	0065835d	11
0065838a	0065838f	6
00658438	0065843f	8
0065850c	0065850f	4
00658536	0065853f	10
0065860c	0065860f	4
006586c9	006586cf	7
006586d8	006586df	8
00658707	00658709	3
006587dc	006587df	4
006588ac	006588af	4
0065897c	0065897f	4
00658a2a	00658a2f	6
00658ada	00658adf	6
00658bac	00658baf	4
00658c7c	00658c7f	4
00658d4c	00658d4f	4
00658da3	00658da5	3
00658dae	00658daf	2
00658dd6	00658ddf	10
00658eac	00658eaf	4
00658f03	00658f05	3
00658f0e	00658f0f	2
00658f36	00658f3f	10
00658fe8	00658fef	8
006590a9	006590af	7
006590b8	006590bf	8
006590e7	006590e9	3
00659184	0065918f	12
00659228	0065922f	8
0065925e	0065925f	2
006592df	006592df	1
00659391	00659393	3
0065939c	0065939f	4
0065941f	0065941f	1
006594bc	006594be	3
006594c7	006594cf	9
0065951c	0065951f	4
006595d2	006595df	14
00659661	0065966f	15
00659a62	00659a6f	14
00659af1	00659aff	15
00659ef2	00659eff	14
00659f81	00659f8f	15
0065a382	0065a38f	14
0065a411	0065a41f	15
0065a812	0065a81f	14
0065a82b	0065a82f	5
0065a883	0065a88f	13
0065a896	0065a89f	10
0065a8a6	0065a8af	10
0065a902	0065a90f	14
0065a979	0065a97f	7
0065a9c8	0065a9cf	8
0065acc6	0065accf	10
0065acf1	0065acff	15
0065ad58	0065ad5f	8
0065aec9	0065aecb	3
0065af35	0065af3f	11
0065af86	0065af8f	10
0065afa2	0065afaf	14
0065afed	0065afef	3
0065b033	0065b03f	13
0065b075	0065b07f	11
0065b09e	0065b09f	2
0065b0e9	0065b0ef	7
0065b119	0065b11f	7
0065b1a9	0065b1ab	3
0065b1f1	0065b1f3	3
0065b269	0065b26b	3
0065b3aa	0065b3af	6
0065b558	0065b55f	8
0065b6c9	0065b6cf	7
0065b70f	0065b711	3
0065b745	0065b747	3
0065b829	0065b82f	7
0065b86f	0065b871	3
0065b8a5	0065b8a7	3
0065b989	0065b98f	7
0065b9e8	0065b9ef	8
0065ba59	0065ba5f	7
0065bba9	0065bbab	3
0065bc1b	0065bc1f	5
0065bc66	0065bc6f	10
0065bd03	0065bd05	3
0065bd0d	0065bd0f	3
0065bd2e	0065bd2f	2
0065bd79	0065bd7f	7
0065bda9	0065bdaf	7
0065be39	0065be3b	3
0065be81	0065be83	3
0065bef9	0065befb	3
0065bfc6	0065bfcf	10
0065c049	0065c04f	7
0065c095	0065c09f	11
0065c19a	0065c19f	6
0065c1f8	0065c1ff	8
0065c269	0065c26f	7
0065c3b9	0065c3bb	3
0065c42b	0065c42f	5
0065c476	0065c47f	10
0065c49e	0065c49f	2
0065c4e9	0065c4ef	7
0065c519	0065c51f	7
0065c5a9	0065c5ab	3
0065c5f1	0065c5f3	3
0065c669	0065c66b	3
0065c736	0065c73f	10
0065c7b9	0065c7bf	7
0065c805	0065c80f	11
0065c90a	0065c90f	6
0065c968	0065c96f	8
0065c9d9	0065c9df	7
0065cb29	0065cb2b	3
0065cb9b	0065cb9f	5
0065cbe6	0065cbef	10
0065cc4a	0065cc4f	6
0065ccb7	0065ccbf	9
0065ccde	0065ccdf	2
0065cd29	0065cd2f	7
0065cd59	0065cd5f	7
0065cde9	0065cdeb	3
0065ce31	0065ce33	3
0065cea9	0065ceab	3
0065cf76	0065cf7f	10
0065cff9	0065cfff	7
0065d045	0065d04f	11
0065d14a	0065d14f	6
0065d1a8	0065d1af	8
0065d219	0065d21f	7
0065d369	0065d36b	3
0065d3db	0065d3df	5
0065d426	0065d42f	10
0065d44e	0065d44f	2
0065d499	0065d49f	7
0065d4c9	0065d4cf	7
0065d559	0065d55b	3
0065d5a1	0065d5a3	3
0065d619	0065d61b	3
0065d6e6	0065d6ef	10
0065d769	0065d76f	7
0065d7b5	0065d7bf	11
0065d8ba	0065d8bf	6
0065d918	0065d91f	8
0065d989	0065d98f	7
0065dad9	0065dadb	3
0065db4b	0065db4f	5
0065db96	0065db9f	10
0065dbb2	0065dbbf	14
0065dbde	0065dbdf	2
0065dc29	0065dc2f	7
0065dc59	0065dc5f	7
0065dce9	0065dceb	3
0065dd31	0065dd33	3
0065dda9	0065ddab	3
0065de76	0065de7f	10
0065ded8	0065dedf	8
0065df59	0065df5f	7
0065dfa5	0065dfaf	11
0065e0aa	0065e0af	6
0065e133	0065e13f	13
0065e239	0065e23f	7
0065e29a	0065e2a4	11
0065e2c6	0065e2cf	10
0065e389	0065e38f	7
0065e449	0065e44f	7
0065e458	0065e45f	8
0065e4ba	0065e4c4	11
0065e4e6	0065e4ef	10
0065e5a9	0065e5af	7
0065e60a	0065e614	11
0065e636	0065e63f	10
0065e6d7	0065e6df	9
0065e6e8	0065e6ef	8
0065e717	0065e719	3
0065e7b7	0065e7bf	9
0065e7c8	0065e7cf	8
0065e7f7	0065e7f9	3
0065e85b	0065e866	12
0065e88f	0065e88f	1
0065e949	0065e94f	7
0065e958	0065e95f	8
0065e987	0065e989	3
0065ea49	0065ea4f	7
0065ea58	0065ea5f	8
0065ea87	0065ea89	3
0065eb49	0065eb4f	7
0065ebaa	0065ebb4	11
0065ebd6	0065ebdf	10
0065ec99	0065ec9f	7
0065ecfa	0065ed04	11
0065ed26	0065ed2f	10
0065edfc	0065edff	4
0065ef29	0065ef2f	7
0065efc8	0065efcf	8
0065f098	0065f09f	8
0065f266	0065f26f	10
0065f338	0065f33f	8
0065f506	0065f50f	10
0065f5d8	0065f5df	8
0065f7a6	0065f7af	10
0065f869	0065f86f	7
0065f878	0065f87f	8
0065f8a7	0065f8a9	3
0065f8cf	0065f8d1	3
0065f8d8	0065f8df	8
0065f93a	0065f93f	6
0065f9c4	0065f9cf	12
0065fa9c	0065fa9f	4
0065fb2e	0065fb2f	2
0065fb8e	0065fb8f	2
0065fc1e	0065fc1f	2
0065fc9f	0065fc9f	1
0065fdca	0065fdcf	6
0065fe98	0065fe9f	8
00660066	0066006f	10
00660122	0066012f	14
0066013b	0066013f	5
006601b5	006601bf	11
00660208	0066020f	8
00660512	0066051f	14
006605e8	006605ef	8
006607b6	006607bf	10
00660879	0066087f	7
00660888	0066088f	8
006608b7	006608b9	3
0066091a	00660924	11
00660959	0066095f	7
006609f8	006609ff	8
00660a53	00660a55	3
00660a5e	00660a5f	2
00660aee	00660aef	2
00660b88	00660b8f	8
00660c42	00660c4f	14
00660c5b	00660c5f	5
00660ce3	00660cef	13
00661046	0066104f	10
006610c9	006610cf	7
006610d8	006610df	8
00661107	00661109	3
0066116f	0066117a	12
006611da	006611df	6
0066126e	0066126f	2
006612de	006612df	2
006612e8	006612ef	8
00661368	0066136f	8
006613b3	006613bf	13
006615cd	006615cf	3
006615d8	006615df	8
0066169f	0066169f	1
00661e8b	00661e8f	5
006625b5	006625bf	11
006625cd	006625cf	3
00662632	00662637	6
00662645	00662647	3
00662799	0066279b	3
006627c9	006627d4	12
0066288a	0066288f	6
006628db	006628df	5
006628f6	006628f8	3
006628ff	006628ff	1
00662933	0066293f	13
00662979	0066297b	3
00662982	0066298f	14
006629ed	006629ef	3
00662ab9	00662abb	3
00662aee	00662af0	3
00662c54	00662c56	3
00662cf9	00662cfb	3
00662d6e	00662d70	3
00662dcd	00662dcf	3
00662df4	00662e02	15
00662e55	00662e57	3
00662e78	00662e86	15
00662e98	00662e9a	3
00662ea7	00662eaf	9
00662f6d	00662f6f	3
00662fd6	00662fdf	10
006630a8	006630aa	3
006630cc	006630ce	3
006630f5	006630f7	3
00663106	0066310f	10
006631d4	006631d6	3
0066320a	0066320f	6
006632af	006632b1	3
006632fd	006632ff	3
006633db	006633dd	3
0066340f	00663411	3
00663445	0066344b	7
00663479	0066347b	3
00663488	0066348f	8
006634a7	006634af	9
006634e9	006634ef	7
006634f8	006634ff	8
0066366e	0066366f	2
006636c3	006636ef	45
00663743	0066376f	45
006637d1	006637ff	47
0066384e	00663856	9
0066386f	0066386f	1
00663887	0066388f	9
0066393a	0066393f	6
0066398f	0066398f	1
00663a46	00663a4f	10
00663b37	00663b5f	41
00663bfe	00663c00	3
00663cdb	00663ce2	8
00663e1c	00663e1f	4
00663e61	00663e6f	15
00663eb1	00663ebf	15
00663f01	00663f0f	15
00663f33	00663f3f	13
00663f52	00663f5f	14
00663f75	00663f7f	11
00663fa1	00663faf	15
00663fd1	00663fdf	15
00664027	0066402f	9
00664077	0066407f	9
00664181	00664183	3
00664199	0066419f	7
0066424e	00664250	3
00664264	0066426f	12
0066430c	0066430e	3
0066432c	0066432e	3
00664343	0066434f	13
006643af	006643b1	3
006643bd	006643bf	3
0066442b	0066442d	3
00664482	0066448f	14
00664526	0066452f	10
00664603	00664605	3
00664627	0066462f	9
00664706	00664708	3
0066472c	0066472f	4
006647d2	006647d4	3
006647f1	006647f3	3
0066484e	00664850	3
0066486d	0066486f	3
006648c5	006648c7	3
006648e4	006648e6	3
0066493c	0066493e	3
0066495b	0066495d	3
006649b3	006649b5	3
006649d2	006649d4	3
00664a2a	00664a2c	3
00664a49	00664a4b	3
00664aa1	00664aa3	3
00664ac0	00664ac2	3
00664b18	00664b1a	3
00664b37	00664b39	3
00664b8f	00664b91	3
00664bae	00664bb0	3
00664c06	00664c08	3
00664c25	00664c27	3
00664c7d	00664c7f	3
00664c9c	00664c9e	3
00664cd8	00664cda	3
00664d14	00664d16	3
00664d4c	00664d4e	3
00664d86	00664d88	3
00664dc2	00664dc4	3
00664df1	00664df3	3
00664e20	00664e22	3
00664e4c	00664e4e	3
00664e7b	00664e7d	3
00664eaa	00664eac	3
00664ed9	00664edb	3
00664f08	00664f0a	3
00664f37	00664f39	3
00664f66	00664f68	3
00664f95	00664f97	3
00664fc4	00664fc6	3
00664ff3	00664ff5	3
00665022	00665024	3
00665051	00665053	3
00665080	00665082	3
006650af	006650b1	3
006650de	006650e0	3
0066510d	0066510f	3
0066513c	0066513e	3
00665168	0066516a	3
00665194	00665196	3
006651c3	006651c5	3
006651f2	006651f4	3
00665221	00665223	3
00665250	00665252	3
0066527f	00665281	3
006652ae	006652b0	3
006652dd	006652df	3
0066530c	0066530e	3
0066533b	0066533d	3
0066536a	0066536c	3
00665399	0066539b	3
006653c8	006653ca	3
006653f7	006653f9	3
00665426	00665428	3
00665455	00665457	3
00665484	00665486	3
006654b3	006654b5	3
006654e2	006654e4	3
00665511	00665513	3
00665540	00665542	3
0066556f	00665571	3
0066559e	006655a0	3
006655cd	006655cf	3
006655fc	006655fe	3
0066562b	0066562d	3
0066565a	0066565c	3
00665689	0066568b	3
006656b8	006656ba	3
006656e7	006656e9	3
00665716	00665718	3
00665742	00665744	3
00665771	00665773	3
006657a0	006657a2	3
006657cf	006657d1	3
006657fe	00665800	3
0066582d	0066582f	3
0066585c	0066585e	3
0066588b	0066588d	3
006658ba	006658bc	3
006658e9	006658eb	3
00665918	0066591a	3
00665947	00665949	3
00665976	00665978	3
006659a5	006659a7	3
006659d4	006659d6	3
00665a03	00665a05	3
00665a32	00665a34	3
00665a61	00665a63	3
00665a90	00665a92	3
00665abf	00665ac1	3
00665aee	00665af0	3
00665b1d	00665b1f	3
00665b4c	00665b4e	3
0066657a	0066657f	6
0066666b	0066666d	3
0066668a	0066668c	3
0066669d	0066669f	3
0066674a	0066674f	6
006667ed	006667ef	3
0066688f	0066688f	1
00666965	00666967	3
00666984	00666986	3
00666997	0066699f	9
006669ef	006669ef	1
00666b25	00666b27	3
00666b44	00666b46	3
00666b57	00666b5f	9
00666baf	00666baf	1
00666cfa	00666cfc	3
00666d19	00666d1b	3
00666d2c	00666d2f	4
00666dd3	00666ddf	13
00666e5b	00666e5d	3
00666e83	00666e96	20
00666efe	00666f00	3
00666f12	00666f14	3
00666f37	00666f3f	9
0066702a	0066702c	3
00667049	0066704b	3
0066705c	0066705f	4
00667103	0066710f	13
0066718b	0066718d	3
006671b3	006671c6	20
0066722e	00667230	3
00667242	00667244	3
00667267	0066726f	9
00667351	00667353	3
00667366	00667368	3
006673b7	006673b9	3
006673d5	006673d7	3
006673e8	006673ef	8
006674c2	006674cf	14
0066753f	00667541	3
00667562	0066756f	14
00667657	00667659	3
0066766d	0066766f	3
006676b7	006676b9	3
006676d6	006676d8	3
006676e9	006676ef	7
00667802	0066780f	14
006678a7	006678a9	3
006678bb	006678bd	3
006678e0	006678e2	3
00667903	0066790f	13
006679f7	006679f9	3
00667a0d	00667a0f	3
00667a57	00667a59	3
00667a76	00667a78	3
00667a89	00667a8f	7
00667ba2	00667baf	14
00667c47	00667c49	3
00667c5b	00667c5d	3
00667c80	00667c82	3
00667ca3	00667caf	13
00667d97	00667d99	3
00667dad	00667daf	3
00667df7	00667df9	3
00667e16	00667e18	3
00667e29	00667e2f	7
00667f42	00667f4f	14
00667ffb	00667ffd	3
0066800f	00668011	3
0066802f	00668031	3
00668056	0066805f	10
0066814a	0066814c	3
00668169	0066816b	3
0066817c	0066817f	4
00668223	0066822f	13
00668305	00668307	3
00668324	00668326	3
00668337	0066833f	9
00668386	0066838f	10
006684c5	006684c7	3
006684e4	006684e6	3
006684f7	006684ff	9
00668546	0066854f	10
00668685	00668687	3
006686a4	006686a6	3
006686b7	006686bf	9
00668706	0066870f	10
00668845	00668847	3
00668864	00668866	3
00668877	0066887f	9
0066888e	0066888f	2
006688df	006688df	1
00668a15	00668a17	3
00668a2b	00668a2d	3
00668a79	00668a7b	3
00668a98	00668a9a	3
00668aab	00668aaf	5
00668ad7	00668adf	9
00668b6f	00668b6f	1
00668c50	00668c52	3
00668c65	00668c67	3
00668cb6	00668cb8	3
00668cd4	00668cd6	3
00668ce7	00668cef	9
00668d3c	00668d3f	4
00668ddf	00668ddf	1
00668e66	00668e6f	10
00668f50	00668f52	3
00668f65	00668f67	3
00668fb6	00668fb8	3
00668fd4	00668fd6	3
00668fe7	00668fef	9
0066903e	0066903f	2
006690df	006690df	1
006691c0	006691c2	3
006691d5	006691d7	3
00669226	00669228	3
00669244	00669246	3
00669257	0066925f	9
006692ae	006692af	2
0066934f	0066934f	1
00669424	00669426	3
00669443	00669445	3
00669456	0066945f	10
006694a1	006694af	15
00669523	0066952f	13
00669604	00669606	3
00669623	00669625	3
00669636	0066963f	10
0066967f	0066967f	1
006696f3	006696ff	13
006697d4	006697d6	3
006697f3	006697f5	3
00669806	0066980f	10
0066984f	0066984f	1
006698c3	006698cf	13
006699a7	006699a9	3
006699bd	006699bf	3
00669a07	00669a09	3
00669a1d	00669a1f	3
00669a67	00669a69	3
00669a89	00669a8b	3
00669a9f	00669a9f	1
00669c27	00669c2f	9
00669ce0	00669ce2	3
00669cff	00669d01	3
00669d16	00669d2b	22
00669dc8	00669dca	3
00669ddb	00669ddd	3
00669dfe	00669e13	22
00669eb1	00669eb3	3
00669ed0	00669ed2	3
00669eef	00669ef1	3
00669f18	00669f1f	8
00669f61	00669f63	3
00669f76	00669f7f	10
0066a05c	0066a05e	3
0066a072	0066a074	3
0066a0c4	0066a0c6	3
0066a0da	0066a0dc	3
0066a128	0066a12a	3
0066a14a	0066a14c	3
0066a262	0066a26f	14
0066a2df	0066a2e1	3
0066a302	0066a30f	14
0066a3ec	0066a3ee	3
0066a402	0066a404	3
0066a454	0066a456	3
0066a46a	0066a46c	3
0066a4b8	0066a4ba	3
0066a4da	0066a4dc	3
0066a5f2	0066a5ff	14
0066a67a	0066a67c	3
0066a69d	0066a69f	3
0066a77c	0066a77e	3
0066a792	0066a794	3
0066a7e4	0066a7e6	3
0066a7fa	0066a7fc	3
0066a848	0066a84a	3
0066a86a	0066a86c	3
0066a9ab	0066a9af	5
0066aa38	0066aa3a	3
0066aa5b	0066aa5f	5
0066ab3c	0066ab3e	3
0066ab52	0066ab54	3
0066aba4	0066aba6	3
0066abba	0066abbc	3
0066ac08	0066ac0a	3
0066ac2a	0066ac2c	3
0066ad6b	0066ad6f	5
0066ae23	0066ae25	3
0066ae4c	0066ae4f	4
0066af11	0066af1f	15
0066affc	0066affe	3
0066b012	0066b014	3
0066b064	0066b066	3
0066b07a	0066b07c	3
0066b0c8	0066b0ca	3
0066b0ea	0066b0ec	3
0066b22b	0066b22f	5
0066b305	0066b307	3
0066b32e	0066b32f	2
0066b3b6	0066b3bf	10
0066b4a6	0066b4a8	3
0066b4bb	0066b4bd	3
0066b50b	0066b50d	3
0066b520	0066b522	3
0066b571	0066b573	3
0066b592	0066b594	3
0066b5a8	0066b5af	8
0066b617	0066b61f	9
0066b7c6	0066b7c8	3
0066b7db	0066b7dd	3
0066b82b	0066b82d	3
0066b840	0066b842	3
0066b891	0066b893	3
0066b8b2	0066b8b4	3
0066b8c8	0066b8cf	8
0066b937	0066b93f	9
0066bad5	0066bad7	3
0066baf4	0066baf6	3
0066bb07	0066bb0f	9
0066bbb3	0066bbbf	13
0066bc23	0066bc25	3
0066bc36	0066bc3f	10
0066bd15	0066bd17	3
0066bd34	0066bd36	3
0066bd47	0066bd4f	9
0066bd5e	0066bd5f	2
0066be03	0066be0f	13
0066be73	0066be75	3
0066be86	0066be8f	10
0066bf65	0066bf67	3
0066bf84	0066bf86	3
0066bf97	0066bf9f	9
0066bfb2	0066bfbf	14
0066c125	0066c127	3
0066c144	0066c146	3
0066c157	0066c15f	9
0066c2e2	0066c2e4	3
0066c2f8	0066c2fa	3
0066c34a	0066c34c	3
0066c360	0066c362	3
0066c3b1	0066c3b3	3
0066c3c7	0066c3c9	3
0066c418	0066c41a	3
0066c42e	0066c430	3
0066c47f	0066c481	3
0066c4a1	0066c4a3	3
0066c4b7	0066c4bf	9
0066c567	0066c56f	9
0066c698	0066c69f	8
0066c792	0066c794	3
0066c7a8	0066c7aa	3
0066c7fa	0066c7fc	3
0066c810	0066c812	3
0066c85e	0066c860	3
0066c874	0066c876	3
0066c8c9	0066c8cb	3
0066c8df	0066c8e1	3
0066c938	0066c93a	3
0066c959	0066c95b	3
0066c96f	0066c96f	1
0066ca04	0066ca0f	12
0066cb38	0066cb3f	8
0066cc39	0066cc3b	3
0066cc4f	0066cc51	3
0066cc9d	0066cc9f	3
0066ccb3	0066ccb5	3
0066cd04	0066cd06	3
0066cd1a	0066cd1c	3
0066cd6f	0066cd71	3
0066cd85	0066cd87	3
0066cdde	0066cde0	3
0066cdf3	0066cdf5	3
0066ce47	0066ce49	3
0066ce68	0066ce6a	3
0066ce7e	0066ce7f	2
0066cf22	0066cf2f	14
0066d08c	0066d08f	4
0066d189	0066d18b	3
0066d19f	0066d1a1	3
0066d1ed	0066d1ef	3
0066d203	0066d205	3
0066d255	0066d257	3
0066d26b	0066d26d	3
0066d2c0	0066d2c2	3
0066d2d6	0066d2d8	3
0066d32e	0066d330	3
0066d343	0066d345	3
0066d397	0066d399	3
0066d3b8	0066d3ba	3
0066d3ce	0066d3cf	2
0066d472	0066d47f	14
0066d5dc	0066d5df	4
0066d6d2	0066d6d4	3
0066d6e8	0066d6ea	3
0066d73a	0066d73c	3
0066d750	0066d752	3
0066d79d	0066d79f	3
0066d7b3	0066d7b5	3
0066d807	0066d809	3
0066d81d	0066d81f	3
0066d876	0066d878	3
0066d897	0066d899	3
0066d8ad	0066d8af	3
0066d944	0066d94f	12
0066da78	0066da7f	8
0066db79	0066db7b	3
0066db8e	0066db90	3
0066dbde	0066dbe0	3
0066dbf3	0066dbf5	3
0066dc44	0066dc46	3
0066dc59	0066dc5b	3
0066dcad	0066dcaf	3
0066dcc2	0066dcc4	3
0066dd16	0066dd18	3
0066dd37	0066dd39	3
0066dd4d	0066dd4f	3
0066ddf7	0066ddff	9
0066df28	0066df2f	8
0066e029	0066e02b	3
0066e03e	0066e040	3
0066e08e	0066e090	3
0066e0a3	0066e0a5	3
0066e0f3	0066e0f5	3
0066e108	0066e10a	3
0066e15c	0066e15e	3
0066e171	0066e173	3
0066e1c5	0066e1c7	3
0066e1e6	0066e1e8	3
0066e1fc	0066e1ff	4
0066e2a7	0066e2af	9
0066e3d8	0066e3df	8
0066e4ce	0066e4d0	3
0066e4e4	0066e4e6	3
0066e536	0066e538	3
0066e54c	0066e54e	3
0066e5a1	0066e5a3	3
0066e5b6	0066e5b8	3
0066e609	0066e60b	3
0066e61e	0066e620	3
0066e672	0066e674	3
0066e693	0066e695	3
0066e6a9	0066e6af	7
0066e74c	0066e74f	4
0066e878	0066e87f	8
0066e955	0066e957	3
0066e974	0066e976	3
0066e987	0066e98f	9
0066ea33	0066ea3f	13
0066eaa7	0066eaa9	3
0066eaca	0066eacf	6
0066eba5	0066eba7	3
0066ebc4	0066ebc6	3
0066ebd7	0066ebdf	9
0066ec83	0066ec8f	13
0066ecf7	0066ecf9	3
0066ed1a	0066ed1f	6
0066edf2	0066edf4	3
0066ee08	0066ee0a	3
0066ee52	0066ee54	3
0066ee71	0066ee73	3
0066ee84	0066ee8f	12
0066efa2	0066efaf	14
0066f041	0066f043	3
0066f066	0066f068	3
0066f089	0066f08f	7
0066f162	0066f164	3
0066f178	0066f17a	3
0066f1c2	0066f1c4	3
0066f1e1	0066f1e3	3
0066f1f4	0066f1ff	12
0066f312	0066f31f	14
0066f3b3	0066f3b5	3
0066f3d8	0066f3da	3
0066f3fb	0066f3ff	5
0066f4d2	0066f4d4	3
0066f4e8	0066f4ea	3
0066f532	0066f534	3
0066f551	0066f553	3
0066f564	0066f56f	12
0066f682	0066f68f	14
0066f73f	0066f741	3
0066f753	0066f755	3
0066f775	0066f777	3
0066f798	0066f79f	8
0066f875	0066f877	3
0066f894	0066f896	3
0066f8a7	0066f8af	9
0066f953	0066f95f	13
0066f9c7	0066f9c9	3
0066f9ea	0066f9ef	6
0066fac2	0066fac4	3
0066fad8	0066fada	3
0066fb22	0066fb24	3
0066fb41	0066fb43	3
0066fb54	0066fb5f	12
0066fc72	0066fc7f	14
0066fd11	0066fd13	3
0066fd36	0066fd38	3
0066fd59	0066fd5f	7
0066fe32	0066fe34	3
0066fe48	0066fe4a	3
0066fe92	0066fe94	3
0066feb1	0066feb3	3
0066fec4	0066fecf	12
0066fede	0066fedf	2
0066fff2	0066ffff	14
00670091	00670093	3
006700b6	006700b8	3
006700d9	006700df	7
006701b5	006701b7	3
006701d4	006701d6	3
006701e7	006701ef	9
0067023d	0067023f	3
00670375	00670377	3
00670394	00670396	3
006703a7	006703af	9
006703be	006703bf	2
0067040f	0067040f	1
00670545	00670547	3
00670564	00670566	3
00670577	0067057f	9
006705c6	006705cf	10
006706af	006706af	1
006706be	006706bf	2
006706dc	006706df	4
006707b5	006707b7	3
006707d4	006707d6	3
006707e7	006707ef	9
00670826	0067082f	10
006709b8	006709c0	9
006709c7	006709ff	57
00670a76	00670a78	3
00670a8a	00670a8c	3
00670aad	00670aaf	3
00670b36	00670b38	3
00670b55	00670b57	3
00670bc5	00670bc7	3
00670be4	00670be6	3
00670c53	00670c55	3
00670c72	00670c74	3
00670ce2	00670ce4	3
00670d01	00670d03	3
00670d71	00670d73	3
00670d90	00670d92	3
00670e00	00670e02	3
00670e1f	00670e21	3
00670e8f	00670e91	3
00670eae	00670eb0	3
00670f1e	00670f20	3
00670f41	00670f43	3
00670f4a	00670f4f	6
00670fce	00670fd0	3
00670fed	00670fef	3
00671055	00671057	3
00671074	00671076	3
006710dc	006710de	3
006710fb	006710fd	3
00671163	00671165	3
00671182	00671184	3
006711ea	006711ec	3
0067120d	0067120f	3
00671216	0067121f	10
00671236	00671238	3
0067123f	0067123f	1
0067125d	0067125f	3
006712b7	006712bf	9
0067131d	0067131f	3
0067134c	0067134f	4
006713a4	006713af	12
006713f3	006713ff	13
006714d8	006714df	8
00671504	0067150f	12
00671588	00671593	12
00671595	0067159f	11
00671603	0067160f	13
00671682	0067168d	12
0067168f	0067168f	1
00671723	0067172e	12
0067184b	00671850	6
006718a5	006718af	11
00671922	0067192f	14
00671963	00671965	3
00671982	00671984	3
00671998	006719a2	11
006719b6	006719bf	10
00671b8b	00671b8d	3
00671bb3	00671bb5	3
00671bd2	00671bd4	3
00671bf1	00671bf3	3
00671c16	00671c18	3
00671c44	00671c46	3
00671c6c	00671c6e	3
00671c95	00671ca3	15
00671db6	00671db8	3
00671de3	00671de5	3
00671e08	00671e0a	3
00671e36	00671e38	3
00671e5e	00671e60	3
00671e7d	00671e7f	3
00671e9c	00671e9e	3
00671ec5	00671ed3	15
00671fe6	00671fe8	3
00672013	00672015	3
00672038	0067203a	3
00672066	00672068	3
0067208e	00672090	3
006720ad	006720af	3
006720cc	006720ce	3
006720f5	00672103	15
0067233e	0067233f	2
006723a8	006723af	8
006723d6	006723d8	3
00672405	0067240f	11
0067244c	0067244e	3
00672482	00672484	3
00672496	00672498	3
006724a3	006724af	13
00672519	0067251f	7
00672592	0067259f	14
00672928	0067292a	3
0067296a	0067296c	3
00672a00	00672a02	3
00672b0d	00672b0f	3
00672b29	00672b2f	7
00672df8	00672dfa	3
00672e3a	00672e3c	3
00672ed0	00672ed2	3
00672fdd	00672fdf	3
00672ff9	00672fff	7
00673261	00673263	3
006732bc	006732bf	4
00673366	0067336f	10
006735c6	006735c8	3
006735f8	006735ff	8
006736a8	006736aa	3
00673796	00673798	3
0067381a	0067381c	3
00673847	00673849	3
00673860	00673862	3
006738c0	006738c2	3
00673946	00673948	3
0067396a	0067396c	3
00673983	00673985	3
00673c54	00673c56	3
00673c78	00673c7a	3
00673cad	00673caf	3
00673ce2	00673ce4	3
00673d17	00673d19	3
00673d4c	00673d4e	3
00673d81	00673d83	3
00673db6	00673db8	3
00673deb	00673ded	3
00673e20	00673e22	3
00673e60	00673e62	3
00673e7f	00673e81	3
00673ecb	00673ecd	3
00673f00	00673f02	3
00673f59	0067402a	210
00674046	00674048	3
00674082	0067408f	14
006740f0	006740f2	3
00674129	0067412f	7
00674163	00674165	3
0067419c	0067419f	4
006741ce	006741d0	3
006741e6	006741ef	10
006741fc	006741ff	4
00674330	00674332	3
0067434a	0067434f	6
006743ce	006743d9	12
006743db	006743df	5
006743f4	006743ff	12
00674474	0067447f	12
006744b2	006744bf	14
006744fe	00674500	3
00674519	0067451b	3
0067452b	00674537	13
0067453f	0067453f	1
006746ec	006746ef	4
0067471d	0067471f	3
00674750	00674752	3
0067476c	0067476f	4
00674803	00674805	3
006748a3	006748a5	3
006748b9	006748bf	7
006749dd	006749df	3
00674ae3	00674ae5	3
00674b7d	00674b85	9
00674b8c	00674c5a	207
00674cf4	00674cf6	3
00674e7b	00674e7d	3
00674eb5	00674eb7	3
00674ee3	00674ee5	3
00674f0e	00674f10	3
00674fed	00674fef	3
00675094	00675096	3
006750c2	006750c4	3
0067518b	0067518d	3
006751b8	006751ba	3
00675340	00675342	3
0067537d	0067537f	3
006753d5	006753d7	3
00675409	00675410	8
00675508	0067550a	3
006757c7	006757c9	3
00675806	00675808	3
0067583c	0067583e	3
0067587b	0067587d	3
00675963	00675965	3
00675a2d	00675a2f	3
00675a81	00675a83	3
00675b28	00675b30	9
00675b37	00675c1f	233
00675ca5	00675ca7	3
00675cf4	00675cf6	3
00675d2a	00675d2f	6
00675dd5	00675dd7	3
00675df9	00675e02	10
00675fce	00675fcf	2
006760c4	006760cf	12
00676187	0067618f	9
0067624a	0067624f	6
00676298	0067629f	8
006762e7	006762ef	9
006763c2	006763cf	14
00676491	0067649f	15
006765e8	006765ea	3
00676654	00676656	3
006766a6	006766a8	3
0067671f	00676721	3
0067674d	0067674f	3
00676766	00676768	3
006767cf	006767d1	3
00676d5e	00676db8	91
00676dcf	00676dd1	3
00676e0f	00676e0f	1
00676e77	00676e79	3
00676ec7	00676ec9	3
00676f39	00676f3b	3
00676f6a	00676f6b	2
00676f94	00676f96	3
0067708d	0067708f	3
0067719a	0067726f	214
006772b1	0067743f	399
0067744d	0067744f	3
00677457	0067745f	9
0067746d	0067746f	3
00677477	0067747f	9
0067748d	0067748f	3
00677497	0067749f	9
006774a7	006774af	9
006774bd	006774bf	3
006774c7	006774cf	9
006774e7	006774ef	9
006775ef	006775f1	3
00677635	00677637	3
00677647	0067764f	9
0067770b	0067770f	5
006777cf	006777d1	3
00677889	0067788f	7
00677a4d	00677a4f	3
00677a65	00677a67	3
00677a6e	00677a6f	2
00677bdd	00677bdf	3
00677c64	00677c66	3
00677c94	00677c96	3
00677cba	00677cbc	3
00677cea	00677cec	3
00677d1e	00677d2a	13
00677e74	00677e76	3
00677ea6	00677ea8	3
00677ed9	00677edb	3
00677f03	00677f05	3
00677f37	00677f39	3
00677f6b	00677f6d	3
00677fdb	00677fdd	3
0067800f	00678011	3
00678042	0067804e	13
0067885d	0067885f	3
006795b7	006795bf	9
006796dd	006796df	3
0067ab15	0067ab3f	43
0067acac	0067acae	3
0067af3f	0067af41	3
0067af67	0067af69	3
0067afe6	0067afe8	3
0067b00e	0067b010	3
0067b18f	0067b191	3
0067b1c3	0067b1c5	3
0067b269	0067b26b	3
0067b297	0067b299	3
0067b2c5	0067b2c7	3
0067b2ed	0067b2ef	3
0067b3a9	0067b3ab	3
0067b3d7	0067b3d9	3
0067b44c	0067b44e	3
0067b47a	0067b47c	3
0067b4cb	0067b4cd	3
0067b56b	0067b56d	3
0067b642	0067b64f	14
0067b6c8	0067b6d3	12
0067b6d5	0067b6df	11
0067b752	0067b75d	12
0067b75f	0067b75f	1
0067b7f3	0067b7fe	12
0067b873	0067b87f	13
0067b8b1	0067b8bf	15
0067b8ec	0067b8ef	4
0067b905	0067b90f	11
0067b96b	0067b96f	5
0067b9a3	0067b9af	13
0067ba2e	0067ba39	12
0067ba3b	0067ba3f	5
0067ba71	0067ba73	3
0067ba87	0067ba92	12
0067ba9a	0067ba9f	6
0067bb36	0067bb3f	10
0067bcec	0067bcef	4
0067bd0c	0067bd0f	4
0067bd31	0067bd33	3
0067bd61	0067bd63	3
0067bd8a	0067bd8c	3
0067bdb3	0067bdb5	3
0067bdd8	0067bdda	3
0067be03	0067be3d	59
0067be59	0067be5f	7
0067bf55	0067bf5f	11
0067bffa	0067bfff	6
0067c03d	0067c03f	3
0067c171	0067c23f	207
0067c49a	0067c49f	6
0067c50f	0067c511	3
0067c533	0067c54e	28
0067c751	0067c753	3
0067c85a	0067c85f	6
0067ca68	0067ca9f	56
0067cc47	0067cc4f	9
0067cf5d	0067cf5f	3
0067cfe8	0067cff0	9
0067cff7	0067d02f	57
0067d0bd	0067d0bf	3
0067d0cc	0067d0cf	4
0067d14d	0067d14f	3
0067d18c	0067d194	9
0067d19b	0067d27f	229
0067d369	0067d36f	7
0067d37f	0067d37f	1
0067d384	0067d38f	12
0067d39f	0067d39f	1
0067d3c7	0067d3cf	9
0067d40b	0067d40f	5
0067d41a	0067d41f	6
0067d42f	0067d42f	1
0067d44f	0067d44f	1
0067d46d	0067d46f	3
0067d4c7	0067d4cf	9
0067d5d3	0067d5df	13
0067d654	0067d65f	12
0067d685	0067d690	12
0067d697	0067d69f	9
0067d6c5	0067d6d0	12
0067d6d7	0067d6df	9
0067d75e	0067d769	12
0067d76b	0067d76f	5
0067d803	0067d80e	12
0067d8a3	0067d8ae	12
0067d91f	0067d91f	1
0067d991	0067d99f	15
0067da0b	0067da0f	5
0067da75	0067da7f	11
0067da9b	0067da9f	5
0067db4b	0067db4f	5
0067db7d	0067db7f	3
0067dbad	0067dbaf	3
0067dbd6	0067dbdf	10
0067dbfd	0067dbff	3
0067ddac	0067ddaf	4
0067ddeb	0067ddef	5
0067de4b	0067de4f	5
0067de9d	0067de9f	3
0067df52	0067df5f	14
0067e01d	0067e01f	3
0067e0d9	0067e0df	7
0067e12b	0067e12f	5
0067e1e7	0067e1ef	9
0067e2a7	0067e2af	9
0067e2fd	0067e2ff	3
0067e439	0067e43b	3
0067e469	0067e474	12
0067e52a	0067e52f	6
0067e66f	0067e671	3
0067e69f	0067e6aa	12
0067e75e	0067e75f	2
0067e82a	0067e82f	6
0067e873	0067e87f	13
0067ea23	0067ea2f	13
0067ea8a	0067ea8f	6
0067eaea	0067eaef	6
0067eb73	0067eb7f	13
0067ebe9	0067ebef	7
0067ec0d	0067ec0f	3
0067ec26	0067ec2f	10
0067ecad	0067ecaf	3
0067ecc8	0067eccf	8
0067ed68	0067ed6f	8
0067edbd	0067edbf	3
0067ee22	0067ee2f	14
0067ee55	0067ee5f	11
0067eef0	0067eeff	16
0067ef15	0067ef1f	11
0067ef9d	0067ef9f	3
0067efb8	0067efbf	8
0067f02b	0067f02f	5
0067f096	0067f09f	10
0067f0bb	0067f0bf	5
0067f0dd	0067f0df	3
0067f170	0067f17f	16
0067f1a2	0067f1a4	3
0067f1bd	0067f1bf	3
0067f1ea	0067f1ef	6
0067f340	0067f342	3
0067f371	0067f37c	12
0067f454	0067f456	3
0067f46a	0067f46f	6
0067f538	0067f53f	8
0067f55b	0067f55f	5
0067f58a	0067f58f	6
0067f6e0	0067f6e2	3
0067f711	0067f71c	12
0067f7f4	0067f7f6	3
0067f80a	0067f80f	6
0067f924	0067f926	3
0067f965	0067f96f	11
0067f9ac	0067f9af	4
0067f9cf	0067f9cf	1
0067fa32	0067fa3f	14
0067fa6e	0067fa6f	2
0067fb1b	0067fb1d	3
0067fb2a	0067fb2f	6
0067fb55	0067fb57	3
0067fb7a	0067fb7c	3
0067fb84	0067fb8f	12
0067fc8d	0067fc8f	3
0067fd6f	0067fd71	3
0067fd81	0067fd83	3
0067fdad	0067fdaf	3
0067fdb6	0067fdbf	10
0067fde6	0067fde8	3
0067fe02	0067fe0f	14
0067fea8	0067feaf	8
0067ff2d	0067ff2f	3
0067ff48	0067ff4f	8
0067ffe6	0067ffef	10
00680080	0068008f	16
006800c1	006800c3	3
006800dc	006800e6	11
00680107	0068010f	9
0068012d	0068012f	3
0068014b	0068014f	5
00680179	0068017f	7
00680196	0068019f	10
0068033a	0068033c	3
0068036c	00680377	12
00680488	0068048a	3
0068049e	0068049f	2
00680509	0068050f	7
00680532	00680534	3
0068054d	0068054f	3
00680627	0068062f	9
006806b2	006806bf	14
006806fd	006806ff	3
0068077e	00680789	12
0068078b	0068078f	5
0068093c	0068093f	4
006809f9	006809ff	7
00680ca9	00680cab	3
00680cbb	00680cef	53
00680d33	00680d37	5
00680d47	00680d53	13
00680d5a	00680d5f	6
00680f9a	00680f9f	6
006810b8	006810ba	3
0068116d	00681171	5
0068118c	0068118e	3
006811bc	006811be	3
006811db	006811df	5
00681260	00681262	3
006812b0	006812b2	3
006812d6	006812d8	3
00681325	00681329	5
00681665	0068166f	11
00681727	0068172f	9
00681760	0068183f	224
0068186f	0068186f	1
0068189a	0068189f	6
006818f4	006818ff	12
0068192f	0068192f	1
00681ae7	00681aef	9
00681b89	00681b8f	7
00681d33	00681d3f	13
00681d9a	00681d9f	6
00681dff	00681dff	1
00681e51	00681e5f	15
00681f99	00681f9f	7
00681fb5	00681fb7	3
00681fbe	00681fbf	2
00681fc9	00681fcf	7
00681fdc	00681fdf	4
00681fe7	00681fef	9
00682006	0068200f	10
00682027	0068202f	9
00682047	0068204f	9
006820a3	006820af	13
006820e6	006820ef	10
00682132	0068213f	14
00682147	0068214f	9
00682157	0068215f	9
00682167	0068216f	9
006821bf	006821c1	3
006821d4	006821df	12
00682221	0068222f	15
00682271	0068227f	15
006822c4	006822cf	12
00682311	0068231f	15
00682361	0068236f	15
00682395	0068239f	11
006823cd	006823cf	3
00682448	00682453	12
00682455	0068245f	11
006824a7	006824af	9
006824f7	006824ff	9
00682525	0068252f	11
0068258d	0068258f	3
0068260f	00682611	3
0068262e	00682630	3
00682698	0068269a	3
006826b7	006826b9	3
00682721	00682723	3
00682740	00682742	3
006827a9	006827ab	3
006827c8	006827ca	3
00682832	00682834	3
00682851	00682853	3
006828bb	006828bd	3
006828da	006828dc	3
00682943	00682945	3
00682962	00682964	3
006829cc	006829ce	3
006829ef	006829f1	3
006829f8	006829ff	8
00682a41	00682a4f	15
00682a62	00682a6f	14
00682a82	00682a8f	14
00682ab5	00682abf	11
00682ae2	00682ae4	3
00682aeb	00682aef	5
00682b3e	00682b3f	2
00682bbf	00682bc1	3
00682bde	00682be0	3
00682c48	00682c4a	3
00682c6d	00682c6f	3
00682c76	00682c7f	10
00682c88	00682c8f	8
00682cd4	00682cdf	12
00682d57	00682d59	3
00682d7c	00682d7e	3
00682d85	00682d8f	11
00682d96	00682d9f	10
00682dad	00682daf	3
00682dbc	00682dbf	4
00682e17	00682e1f	9
00682e7d	00682e7f	3
00682ed5	00682edf	11
00682f73	00682f7e	12
00682feb	00682fef	5
00683029	0068302f	7
006830a4	006830af	12
00683117	0068311f	9
0068316f	0068316f	1
006831d2	006831d4	3
006831e5	006831e7	3
006831ee	006831ef	2
00683241	00683243	3
0068327a	0068327c	3
0068328e	00683290	3
006832a7	006832af	9
006832e5	006832ef	11
0068358a	0068358c	3
006835ac	006835ae	3
006835bf	006835ef	49
0068362e	00683630	3
00683649	0068364b	3
0068365b	00683667	13
0068366f	0068366f	1
006836ee	006836f9	12
006836fb	006836ff	5
0068373d	0068373f	3
00683798	0068379a	3
00683835	00683837	3
0068399b	0068399f	5
006839b8	006839bf	8
00683b6c	00683b6f	4
00683bc7	00683bcf	9
00683bd7	00683bdf	9
00683c1d	00683c1f	3
00683d51	00683d5f	15
00683dc7	00683dc9	3
00683e16	00683e18	3
00683eec	00683eee	3
00683f0b	00683f0d	3
00683f27	00683f2f	9
00683f37	00683f3f	9
00683f8b	00683f8f	5
00683fd8	00683fdf	8
00683ffd	00683fff	3
0068400e	0068400f	2
00684065	00684067	3
0068406e	0068406f	2
0068407b	0068407f	5
006840c6	006840df	26
0068411a	0068411f	6
00684171	0068417f	15
0068419d	0068419f	3
006841e7	006841ef	9
0068420f	00684211	3
00684218	0068421f	8
006842f8	006842fa	3
00684330	00684332	3
00684354	00684356	3
00684368	0068436f	8
0068437d	0068437f	3
0068438c	0068438f	4
0068439d	0068439f	3
006843ac	006843af	4
006843b8	006843bf	8
006843c8	006843cf	8
006843d8	006843df	8
006843e8	006843ef	8
006843f8	006843ff	8
00684408	0068440f	8
0068441d	0068441f	3
00684475	0068447f	11
006844d5	006844df	11
00684539	0068453f	7
0068459d	0068459f	3
00684618	00684623	12
00684625	0068462f	11
00684693	0068469f	13
00684733	0068473e	12
006847d3	006847de	12
00684851	0068485f	15
006848d1	006848df	15
0068491b	0068491d	3
0068497c	0068497e	3
006849d2	006849d4	3
006849fb	006849fd	3
00684a13	00684a1f	13
00684a92	00684a9f	14
00684abd	00684abf	3
00684ad3	00684ad5	3
00684aee	00684af0	3
00684b01	00684b0f	15
00684b8f	00684b8f	1
00684b9c	00684b9f	4
00684bc3	00684bcf	13
00684c05	00684c0f	11
00684c24	00684c26	3
00684c3a	00684c3f	6
00684cbd	00684cbf	3
00684cd8	00684cdf	8
00684dff	00684e01	3
00684e26	00684e28	3
00684e3c	00684e3f	4
00684eb6	00684ec1	12
00684ec3	00684ecf	13
00685009	0068500b	3
00685039	00685044	12
006850fa	006850ff	6
0068517e	00685189	12
0068518b	0068518f	5
006851ce	006851d0	3
006851e9	006851eb	3
006851fb	00685207	13
0068520f	0068520f	1
006852a0	006852af	16
006852cf	006852d1	3
006852ef	006852ef	1
00685346	00685348	3
00685372	0068537f	14
0068544a	0068544f	6
00685483	0068548f	13
0068563c	0068563f	4
00685673	0068567f	13
0068569b	0068569f	5
00685736	0068573f	10
0068579e	0068579f	2
00685809	0068580f	7
00685859	0068585b	3
0068587c	0068587e	3
006858b8	006858ba	3
006858db	006858dd	3
006858f2	006858ff	14
006859b4	006859b6	3
00685a2c	00685a2e	3
00685a4b	00685a4d	3
00685a8c	00685a8e	3
00685aab	00685aad	3
00685b3d	00685b3f	3
00685b62	00685b64	3
00685bb9	00685bbb	3
00685bf1	00685bf3	3
00685c1e	00685c20	3
00685c40	00685c7f	64
00685ccd	00685ccf	3
00685d67	00685d6f	9
00685d9a	00685d9f	6
00685dcf	00685dd1	3
00685dea	00685dec	3
00685e00	00685e0c	13
00685e11	00685e1f	15
00685ed7	00685edf	9
00685ef6	00685eff	10
00686072	00686074	3
006860a3	006860ae	12
00686188	0068618a	3
006861a6	006861af	10
00686444	00686446	3
0068645f	00686461	3
00686476	0068649f	42
006864fd	006864ff	3
00686545	00686547	3
00686556	00686558	3
0068655d	0068655f	3
006865d2	006865df	14
006867be	006867c0	3
006867d4	006867df	12
0068680f	00686811	3
0068682a	0068682c	3
00686840	0068684a	11
00686857	0068685f	9
0068688f	00686891	3
006868aa	006868ac	3
006868c0	006868cb	12
006868d3	006868df	13
0068695e	00686969	12
0068696b	0068696f	5
00686bbd	00686bbf	3
00686bd1	00686bd3	3
00686bfc	00686c1f	36
00686ced	00686cef	3
00686d0c	00686d0e	3
00686d2b	00686d2d	3
00686d47	00686d49	3
00686d5b	00686d5f	5
00686da5	00686daf	11
00686e12	00686e1f	14
00686fcc	0068708f	196
006870dd	006870df	3
0068717f	00687181	3
00687221	00687223	3
00687240	00687242	3
00687272	00687274	3
00687399	0068739b	3
006873ce	006873d0	3
00687421	00687423	3
006874da	006874dc	3
006875aa	006875ac	3
006875d3	006875d5	3
0068769b	0068769d	3
0068774b	0068774d	3
0068776a	0068776c	3
006877a3	006877a5	3
006877d1	006877d3	3
006878e3	006878e5	3
00687995	00687997	3
006879b4	006879b6	3
00687a0c	00687a0e	3
00687a9f	00687aa1	3
00687afe	00687b00	3
00687b1e	00687b20	3
00687bd1	00687bd3	3
00687bf0	00687bf2	3
00687c29	00687c2b	3
00687c45	00687c4f	11
00687cd5	00687cd7	3
00687ced	00687cef	3
00687da7	00687db5	15
00687dd8	00687ddf	8
00687e75	00687e77	3
00687e84	00687e8f	12
00687f0c	00687f0e	3
00687f38	00687f3a	3
00687f47	00687f4f	9
00687f93	00687f95	3
00688008	0068800f	8
00688104	0068810f	12
006881a5	006881a7	3
00688216	00688218	3
0068822e	00688230	3
006882ad	006882af	3
006882d7	006882d9	3
006882ff	00688301	3
00688458	0068845a	3
00688485	00688487	3
006884aa	006884ac	3
006884c1	006884c3	3
006884ea	006884ec	3
00688508	0068850f	8
0068855a	0068855c	3
00688575	00688577	3
006885a4	0068861f	124
0068864d	0068864f	3
00688682	00688682	1
00688686	0068868f	10
00688726	0068872f	10
00688745	00688747	3
0068874e	0068874f	2
00688796	0068879f	10
006887e3	006887ef	13
0068883d	0068883f	3
00688893	0068889f	13
006888b3	006888bf	13
006888cf	006888cf	1
006888dd	006888df	3
006888e7	006888ef	9
006888f7	006888ff	9
00688911	0068891f	15
006889d9	006889df	7
006889fd	006889ff	3
00688a0d	00688a0f	3
00688a1c	00688a1f	4
00688a79	00688a7f	7
00688a9f	00688a9f	1
00688af5	00688aff	11
00688b25	00688b30	12
00688b37	00688b3f	9
00688bb8	00688bc3	12
00688bc5	00688bcf	11
00688c4e	00688c59	12
00688c5b	00688c5f	5
00688cf3	00688cfe	12
00688d93	00688d9e	12
00688dfb	00688dff	5
00688e33	00688e3b	9
00688e76	00688e78	3
00688e8e	00688e90	3
00688e97	00688e9f	9
00688ed3	00688edb	9
00688f16	00688f18	3
00688f2e	00688f30	3
00688f37	00688f3f	9
00688f92	00688f9f	14
00689064	0068906f	12
006890d1	006890df	15
0068911a	0068911f	6
0068915c	0068915f	4
0068922d	0068922f	3
006892b5	006892bf	11
00689343	0068934f	13
006893c2	006893cf	14
0068947b	0068947f	5
006894c3	006894cf	13
006895bb	006895bd	3
006895e5	006895e7	3
006895fd	006895ff	3
006896d4	006896d6	3
006896fb	006896fd	3
00689713	0068971f	13
006898be	006898bf	2
00689a6c	00689b2f	196
00689baf	00689baf	1
00689bbc	00689bbf	4
00689c1d	00689c1f	3
00689d1f	00689d21	3
00689d3f	00689d41	3
00689d56	00689d5f	10
00689d84	00689d8f	12
00689dc9	00689dcf	7
00689e0d	00689e0f	3
00689fa7	00689fab	5
00689fe7	00689fe9	3
0068a01c	0068a01e	3
0068a034	0068a03f	12
0068a06d	0068a06f	3
0068a112	0068a11f	14
0068a164	0068a16f	12
0068a204	0068a20f	12
0068a243	0068a24f	13
0068a309	0068a30f	7
0068a341	0068a343	3
0068a357	0068a362	12
0068a36a	0068a36f	6
0068a3e6	0068a3f1	12
0068a3f3	0068a3ff	13
0068a47e	0068a489	12
0068a48b	0068a48f	5
0068a566	0068a56f	10
0068a675	0068a677	3
0068a6a8	0068a6aa	3
0068a7a6	0068a7a8	3
0068a7d9	0068a7db	3
0068a8df	0068a8e1	3
0068a909	0068a90b	3
0068a94f	0068a951	3
0068a981	0068a983	3
0068a99b	0068a99f	5
0068aa6d	0068aa6f	3
0068aadd	0068aadf	3
0068adbc	0068adbe	3
0068b2b8	0068b37f	200
0068b52c	0068b52f	4
0068b561	0068b563	3
0068b577	0068b583	13
0068b588	0068b58f	8
0068b60d	0068b60f	3
0068b79d	0068b79f	3
0068b7c1	0068b7c3	3
0068b83e	0068b840	3
0068b868	0068b86a	3
0068b930	0068b932	3
0068b963	0068b965	3
0068b991	0068b993	3
0068ba87	0068ba89	3
0068bab9	0068babb	3
0068bb55	0068bb57	3
0068bbca	0068bbcc	3
0068bbfd	0068bbff	3
0068bca0	0068bca2	3
0068bd15	0068bd17	3
0068bd8a	0068bd8c	3
0068bdb7	0068bdb9	3
0068bdd6	0068bdd8	3
0068be66	0068be68	3
0068be94	0068be96	3
0068bec8	0068beca	3
0068bee2	0068beef	14
0068bf2d	0068bf2f	3
0068c061	0068c06f	15
0068c11f	0068c121	3
0068c21d	0068c21f	3
0068c234	0068c23f	12
0068c305	0068c307	3
0068c3d0	0068c3d2	3
0068c727	0068c74f	41
0068c88e	0068c88f	2
0068c91b	0068c91d	3
0068c931	0068c940	16
0068c95f	0068c95f	1
0068cb07	0068cb0f	9
0068cb44	0068cd1f	476
0068cd45	0068cd4f	11
0068cd56	0068cd5f	10
0068cd7a	0068cd7f	6
0068cd85	0068cd8f	11
0068ce17	0068ce1f	9
0068ce72	0068ce7f	14
0068cee2	0068ceef	14
0068cf51	0068cf5f	15
0068cfa7	0068cfaf	9
0068d035	0068d037	3
0068d0b1	0068d0b6	6
0068d0c4	0068d0c9	6
0068d0e3	0068d0ef	13
0068d1a8	0068d1af	8
0068d285	0068d287	3
0068d34e	0068d350	3
0068d3bf	0068d3bf	1
0068d3f7	0068d3ff	9
0068d48c	0068d48e	3
0068d49b	0068d49f	5
0068d697	0068d69f	9
0068d6b5	0068d6b7	3
0068d6be	0068d6bf	2
0068d70f	0068d70f	1
0068d793	0068d7a0	14
0068d7b6	0068d7bf	10
0068d818	0068d81f	8
0068d836	0068d83e	9
0068d841	0068d84f	15
0068d8ac	0068d8af	4
0068d8da	0068d8df	6
0068d93c	0068d93f	4
0068d953	0068d95f	13
0068d96f	0068d96f	1
0068d982	0068d98f	14
0068d9ae	0068d9af	2
0068d9b9	0068d9bf	7
0068d9c9	0068d9cf	7
0068da15	0068da1f	11
0068daa1	0068daaf	15
0068dae3	0068daef	13
0068daf9	0068daff	7
0068db17	0068db1f	9
0068db45	0068db4f	11
0068db87	0068db8f	9
0068dbe2	0068dbef	14
0068dcf9	0068dcff	7
0068dd99	0068dd9f	7
0068ded5	0068dedf	11
0068df44	0068df4f	12
0068e0cb	0068e0cf	5
0068e0f5	0068e100	12
0068e107	0068e10f	9
0068e135	0068e140	12
0068e147	0068e14f	9
0068e1ce	0068e1d9	12
0068e1db	0068e1df	5
0068e273	0068e27e	12
0068e2e8	0068e2ef	8
0068e30e	0068e327	26
0068e353	0068e362	16
0068e38d	0068e3e4	88
0068e40a	0068e415	12
0068e435	0068e43f	11
0068e477	0068e47f	9
0068e4b3	0068e4bf	13
0068e513	0068e51f	13
0068e543	0068e54f	13
0068e6fc	0068e6ff	4
0068e7a9	0068e7bf	23
0068e877	0068e87f	9
0068e937	0068e93f	9
0068e9f9	0068e9ff	7
0068eb93	0068eb9f	13
0068ebfa	0068ebff	6
0068ec5a	0068ec5f	6
0068edc9	0068edcf	7
0068edfb	0068ee5f	101
0068ee85	0068ee8f	11
0068ee94	0068ee9f	12
0068eeaa	0068eeaf	6
0068eeb8	0068eebf	8
0068ef02	0068ef0b	10
0068ef40	0068ef42	3
0068ef4a	0068ef4f	6
0068efc9	0068efcf	7
0068f093	0068f09f	13
0068f0b5	0068f0b7	3
0068f0be	0068f0bf	2
0068f17f	0068f17f	1
0068f297	0068f29f	9
0068f2ff	0068f2ff	1
0068f323	0068f32f	13
0068f472	0068f47f	14
0068f53b	0068f53f	5
0068f5fb	0068f5ff	5
0068f6cb	0068f6cf	5
0068f79b	0068f79f	5
0068f871	0068f87f	15
0068f8df	0068f8df	1
0068f908	0068f90f	8
0068f938	0068f93f	8
0068f959	0068f95f	7
0068f979	0068f97f	7
0068f984	0068f98f	12
0068fa0e	0068fa19	12
0068fa1b	0068fa1f	5
0068fa45	0068fa50	12
0068fa57	0068fa5f	9
0068faf3	0068fafe	12
0068fb37	0068fb3f	9
0068fb6d	0068fb6f	3
0068fb9d	0068fb9f	3
0068fd4c	0068fd4f	4
0068fe09	0068fe0f	7
0068fec7	0068fecf	9
0068ffba	0068ffbf	6
0069001a	0069001f	6
0069003d	0069007f	67
006900a5	006900af	11
006900e9	006900ef	7
0069014d	0069014f	3
00690165	00690167	3
0069016e	0069016f	2
00690186	00690188	3
0069018f	0069018f	1
006901ef	006901ef	1
006901f6	006901ff	10
0069023e	0069023f	2
00690249	0069024f	7
006902f7	006902ff	9
00690322	00690324	3
0069032b	0069032f	5
0069038d	0069038f	3
0069039d	0069039f	3
006903f7	006903ff	9
0069046a	0069046f	6
006904e1	006904ef	15
006905d5	006905df	11
006906c7	006906cf	9
006906d5	006906df	11
006906e5	006906ef	11
006907b1	006907bf	15
006908ab	006908af	5
00690998	0069099f	8
006909c4	006909cf	12
00690a12	00690a1f	14
00690e8c	00690e8f	4
00691062	00691064	3
00691076	0069107f	10
006912d6	006912d8	3
006912ea	006912ef	6
0069175a	0069175c	3
0069176e	0069176f	2
00692c2b	00692c2d	3
00692c3f	00692c3f	1
00692c44	00692c4f	12
00692c5a	00692c5f	6
00692c64	00692c6f	12
00692c8f	00692c8f	1
00692cad	00692caf	3
00692d07	00692d0f	9
00692da3	00692dae	12
00692e03	00692e05	3
00692e2a	00692e2c	3
00692ea1	00692eaf	15
00692ec5	00692ec7	3
00692ee6	00692ee8	3
00692efb	00692eff	5
00692f3d	00692f3f	3
00692fa1	00692faf	15
00692fcf	00692fd1	3
00692fed	00692fef	3
0069300e	0069300f	2
0069304d	0069304f	3
006930b2	006930bf	14
006930f3	006930ff	13
00693114	00693116	3
0069312a	0069312f	6
00693145	0069314f	11
006931cd	006931cf	3
006931e8	006931ef	8
00693288	0069328f	8
0069330d	0069330f	3
00693328	0069332f	8
0069337c	0069337e	3
00693389	0069338f	7
0069342d	00693431	5
00693523	00693525	3
00693553	00693555	3
00693577	00693579	3
00693601	00693603	3
0069361d	0069361f	3
0069364f	0069364f	1
006936b3	006936bf	13
00693750	0069375f	16
006937f0	006937ff	16
00693816	0069381f	10
00693882	00693884	3
0069389d	0069389f	3
006938bb	006938bf	5
006938dd	006938df	3
006938fb	006938ff	5
00693916	0069391f	10
0069394a	0069394f	6
00693ac0	00693ac2	3
00693af1	00693afc	12
00693bd6	00693bd8	3
00693bf4	00693bff	12
00693cd7	00693cdf	9
00693d09	00693d0f	7
00693d6e	00693d70	3
00693dbd	00693dbf	3
00693deb	00693ded	3
00693e0f	00693e11	3
00693e3a	00693e3f	6
00693e87	00693e89	3
00693f08	00693f0a	3
00693f30	00693f32	3
00693f4a	00693f4f	6
00693f79	00693f7b	3
00693f94	00693f96	3
00693fa9	00693faf	7
0069414a	0069414c	3
0069417c	00694187	12
00694292	00694294	3
006942b5	006942b7	3
006942d3	006942df	13
0069433d	0069433f	3
006943b1	006943bf	15
00694468	0069446a	3
0069447c	0069447c	1
006944fe	00694509	12
0069450b	0069450f	5
00694616	00694618	3
0069462c	0069462f	4
006946a2	006946af	14
0069485c	0069485f	4
00694954	0069495f	12
00694c09	00694c0b	3
00694c24	00694c26	3
00694c3b	00694c6f	53
00694e17	00694e1f	9
00694e69	00694e6b	3
00694e84	00694e86	3
00694e9a	00694ea6	13
00694eae	00694eaf	2
00694f5a	00694f5f	6
00695017	0069501f	9
00695090	00695092	3
006950dd	006950df	3
00695100	00695102	3
00695123	00695125	3
006951bf	006951c1	3
0069520a	0069520c	3
0069522d	0069522f	3
00695245	0069524f	11
006952f9	006952ff	7
0069533b	0069533d	3
00695368	0069536a	3
00695393	006953af	29
006953df	006953df	1
006953e8	006953ef	8
006953f8	006953ff	8
0069546f	0069546f	1
00695485	00695487	3
0069548e	0069548f	2
006954b5	006954bf	11
006954d9	006954df	7
00695506	0069550f	10
00695557	0069555f	9
0069557c	0069557f	4
00695598	0069559f	8
006955af	006955af	1
006955c9	006955cf	7
006955e2	006955ef	14
00695603	0069560f	13
00695614	0069561f	12
0069562d	0069562f	3
0069563c	0069563f	4
0069565d	0069565f	3
0069568f	00695691	3
00695699	0069569f	7
006956f5	006956ff	11
00695759	0069575f	7
006957b7	006957bf	9
0069581d	0069581f	3
00695898	006958a3	12
006958a5	006958af	11
00695943	0069594e	12
006959aa	006959af	6
00695a4f	00695a4f	1
00695a87	00695a8f	9
00695a98	00695a9f	8
00695aa8	00695aaf	8
00695ab8	00695abf	8
00695ac8	00695acf	8
00695ad8	00695adf	8
00695ae8	00695aef	8
00695b99	00695b9b	3
00695bb2	00695bbf	14
00695bdd	00695bdf	3
00695c14	00695c1f	12
00695cef	00695cef	1
00695cfc	00695cff	4
00695d23	00695d2f	13
00695db5	00695db7	3
00695dca	00695dcf	6
00695e25	00695e2f	11
00695e7b	00695e7f	5
00695f47	00695f4f	9
00695fae	00695faf	2
00696066	0069606f	10
006960ca	006960cf	6
00696119	0069611f	7
006961ae	006961af	2
00696266	00696268	3
0069627b	0069627f	5
00696294	0069629f	12
006962b4	006962bf	12
006962d4	006962df	12
006963e9	006963eb	3
00696521	00696523	3
00696538	0069653f	8
00696571	00696573	3
00696593	0069659f	13
006965a4	006965af	12
00696626	00696631	12
00696633	0069663f	13
0069669d	0069669f	3
006966a8	006966af	8
006966b8	006966bf	8
0069670b	0069670d	3
0069672c	0069672f	4
00696798	0069679a	3
006967d9	006967df	7
00696820	00696822	3
0069682c	0069682f	4
0069689b	0069689d	3
006968c0	006968c2	3
006968cf	006968cf	1
00696941	00696943	3
00696966	00696968	3
00696975	0069697f	11
006969de	006969e0	3
00696a58	00696a5a	3
00696a7d	00696a7f	3
00696af9	00696afb	3
00696b0e	00696b0f	2
00696b3e	00696b40	3
00696b62	00696b6b	10
00696b78	00696b7f	8
00696bfe	00696c09	12
00696c0b	00696c0f	5
00696eaa	00696eac	3
00696ecc	00696ece	3
00696edf	00696f0f	49
00696f4e	00696f50	3
00696f69	00696f6b	3
00696f7b	00696f87	13
00696f8f	00696f8f	1
00696fa5	00696fa7	3
00696fae	00696faf	2
00697046	00697048	3
00697074	00697076	3
00697086	0069708f	10
006970c1	006970cf	15
0069727c	0069727f	4
0069735e	00697360	3
006973f9	0069740f	23
006974bb	006974bf	5
006974ef	006974ef	1
006974f8	006974ff	8
00697508	0069750f	8
0069752a	0069752f	6
0069755e	00697560	3
0069758b	0069758d	3
006975ab	006975ad	3
006975c5	006975c7	3
006975e4	0069760f	44
00697678	0069767a	3
00697705	0069770f	11
0069775f	00697761	3
006977af	006977c4	22
00697800	00697815	22
00697834	00697836	3
00697860	00697862	3
00697876	0069787f	10
006979a8	006979aa	3
00697a29	00697a2f	7
00697b68	00697b6a	3
00697b90	00697b92	3
00697bc5	00697bc7	3
00697bed	00697bef	3
00697c12	00697c1f	14
00697d14	00697d1f	12
00697dd7	00697ddf	9
00697e4a	00697e4f	6
00697e8b	00697e8f	5
00697ea5	00697ea7	3
00697eae	00697eaf	2
00697eb8	00697ebf	8
00697ff6	00697ff8	3
0069801b	0069801d	3
00698049	0069804b	3
006980a6	006980a8	3
006980de	006980ef	18
006982a7	006982a9	3
006982c6	006982c8	3
006983c9	006983cb	3
006983f7	006983f9	3
00698425	00698427	3
00698453	00698455	3
006984fa	006984fc	3
00698526	0069852f	10
0069870b	0069870d	3
00698739	0069873b	3
00698845	00698847	3
00698873	00698875	3
006988a1	006988a3	3
006988cf	006988d1	3
0069890e	00698944	55
0069895b	0069895d	3
006989aa	006989af	6
00698a51	00698a57	7
00698a89	00698aaf	39
00698ae7	00698aef	9
00698b1e	00698b1f	2
00698b29	00698b2f	7
00698b62	00698b6f	14
00698bb7	00698bbf	9
00698bc8	00698bcf	8
00698bd8	00698bdf	8
00698be8	00698bef	8
00698bf8	00698bff	8
00698c3a	00698c3c	3
00698c43	00698c4f	13
00698c7f	00698c7f	1
00698cc1	00698ccf	15
00698d5c	00698d5f	4
00698db2	00698dbf	14
00698dca	00698dcf	6
00698e28	00698e2f	8
00698e38	00698e3f	8
00698e51	00698e5f	15
00698e71	00698e7f	15
00698e91	00698e9f	15
00698edf	00698ee1	3
00698eef	00698ef1	3
00698f25	00698f2f	11
00698f79	00698f7f	7
00698f88	00698f8f	8
00698f98	00698f9f	8
00698fa8	00698faf	8
00698fb8	00698fbf	8
0069904b	0069904f	5
006990aa	006990af	6
00699144	0069914f	12
00699188	0069918f	8
006991be	006991bf	2
006991c8	006991cf	8
006991d8	006991df	8
006991e8	006991ef	8
006991f8	006991ff	8
00699273	0069927f	13
00699295	00699297	3
0069929e	0069929f	2
0069939d	0069939f	3
006993d3	006993df	13
006993e8	006993ef	8
006993f8	006993ff	8
006994a4	006994af	12
006994b8	006994bf	8
006994c8	006994cf	8
006994d8	006994df	8
006994e8	006994ef	8
006994f8	006994ff	8
00699508	0069950f	8
00699518	0069951f	8
00699528	0069952f	8
00699538	0069953f	8
00699548	0069954f	8
006995c8	006995d3	12
006995d5	006995df	11
00699629	0069962f	7
00699658	0069965a	3
00699684	00699686	3
0069969a	0069969f	6
0069971f	0069971f	1
0069972c	0069972f	4
0069977a	0069977f	6
0069983a	0069983f	6
00699852	0069985f	14
00699a28	00699a2f	8
00699a69	00699a6f	7
00699ac7	00699acf	9
00699b46	00699b51	12
00699b53	00699b5f	13
00699bea	00699bef	6
00699c64	00699c66	3
00699ca6	00699ca8	3
00699ce7	00699ce9	3
00699d67	00699d69	3
00699d8c	00699d8e	3
00699daa	00699daf	6
00699fe2	00699fe4	3
0069a05f	0069a05f	1
0069a0b8	0069a0bf	8
0069a0ed	0069a0ef	3
0069a116	0069a18f	122
0069a227	0069a22f	9
0069a281	0069a28f	15
0069a2a5	0069a2a7	3
0069a2ae	0069a2af	2
0069a2fb	0069a2ff	5
0069a32c	0069a32f	4
0069a353	0069a35f	13
0069a38a	0069a38f	6
0069a3b2	0069a3bf	14
0069a3c9	0069a3cf	7
0069a3d6	0069a3df	10
0069a403	0069a40f	13
0069a41a	0069a41f	6
0069a427	0069a42f	9
0069a44d	0069a44f	3
0069a4ad	0069a4af	3
0069a4bd	0069a4bf	3
0069a4f3	0069a4ff	13
0069a50d	0069a50f	3
0069a534	0069a53f	12
0069a56f	0069a571	3
0069a579	0069a57f	7
0069a5b1	0069a5bf	15
0069a634	0069a63f	12
0069a6b4	0069a6bf	12
0069a732	0069a73f	14
0069a7e3	0069a7ef	13
0069a883	0069a88e	12
0069a8ff	0069a8ff	1
0069a96f	0069a96f	1
0069a9ab	0069a9af	5
0069a9e5	0069a9ef	11
0069aa61	0069aa6f	15
0069aac4	0069aac6	3
0069aae5	0069aaef	11
0069aaf8	0069aaff	8
0069ab08	0069ab0f	8
0069ab18	0069ab1f	8
0069ab28	0069ab2f	8
0069ab38	0069ab3f	8
0069ab48	0069ab4f	8
0069ab6b	0069ab6f	5
0069ab8b	0069ab8f	5
0069aba5	0069aba7	3
0069abae	0069abaf	2
0069ac22	0069ac2f	14
0069ac59	0069ac5f	7
0069ac89	0069ac8f	7
0069acdf	0069acdf	1
0069ad56	0069ad58	3
0069ad6c	0069ad6f	4
0069ada4	0069ada6	3
0069add1	0069addf	15
0069ae16	0069ae18	3
0069ae3c	0069ae3f	4
0069aeaf	0069aeaf	1
0069aee1	0069aee3	3
0069aef7	0069af02	12
0069af0a	0069af0f	6
0069af45	0069af4f	11
0069af96	0069af9f	10
0069afe4	0069afe6	3
0069aff2	0069afff	14
0069b036	0069b038	3
0069b0a7	0069b0af	9
0069b0c6	0069b0cf	10
0069b106	0069b108	3
0069b126	0069b12f	10
0069b15f	0069b15f	1
0069b1b7	0069b1bf	9
0069b261	0069b26f	15
0069b30e	0069b30f	2
0069b369	0069b36f	7
0069b3c9	0069b3cf	7
0069b40b	0069b40f	5
0069b42f	0069b42f	1
0069b484	0069b48f	12
0069b4b9	0069b4bf	7
0069b5b3	0069b5bf	13
0069b855	0069b857	3
0069b870	0069b89f	48
0069b9d0	0069b9d2	3
0069b9ea	0069b9ef	6
0069bb89	0069bb8b	3
0069bbb1	0069bbbc	12
0069bc9f	0069bc9f	1
0069be1a	0069be1c	3
0069be50	0069be5b	12
0069bf34	0069bf3f	12
0069bfbe	0069bfc9	12
0069bfcb	0069bfcf	5
0069c075	0069c07f	11
0069c122	0069c12f	14
0069c138	0069c13f	8
0069c148	0069c14f	8
0069c158	0069c15f	8
0069c1ad	0069c1af	3
0069c1ca	0069c1cc	3
0069c1e3	0069c1e5	3
0069c1fc	0069c1fe	3
0069c215	0069c217	3
0069c22b	0069c22f	5
0069c25d	0069c25f	3
0069c340	0069c342	3
0069c366	0069c36f	10
0069c3e8	0069c3ef	8
0069c459	0069c45f	7
0069c4c7	0069c4cf	9
0069c587	0069c58f	9
0069c73c	0069c73f	4
0069c755	0069c757	3
0069c75e	0069c75f	2
0069c7ed	0069c7ef	3
0069c872	0069c87f	14
0069c9f4	0069c9ff	12
0069ca92	0069ca9f	14
0069cb0a	0069cb0f	6
0069cb5f	0069cb61	3
0069cbdc	0069cbde	3
0069cbf2	0069cbff	14
0069cd90	0069cd92	3
0069cdb4	0069cdb6	3
0069cdd3	0069cdd5	3
0069ce51	0069ce53	3
0069ce75	0069ce77	3
0069ce9b	0069ce9d	3
0069cf26	0069cf2f	10
0069cff3	0069cfff	13
0069d176	0069d17f	10
0069d2f8	0069d2ff	8
0069d539	0069d53f	7
0069d57b	0069d57f	5
0069d727	0069d72f	9
0069d75d	0069d75f	3
0069d789	0069d80f	135
0069d845	0069d84f	11
0069da05	0069da07	3
0069da1c	0069da1f	4
0069da64	0069da66	3
0069db0c	0069db0e	3
0069db23	0069db2f	13
0069dbf6	0069dbf8	3
0069dc11	0069dc1f	15
0069dc78	0069dc7f	8
0069dcf1	0069dcf3	3
0069dd17	0069dd19	3
0069dd2c	0069dd2f	4
0069ddef	0069ddef	1
0069de05	0069de07	3
0069de0e	0069de0f	2
0069de85	0069de89	5
0069dfe3	0069e00b	41
0069e055	0069e06c	24
0069e0af	0069e0b1	3
0069e0d5	0069e0df	11
0069e1ad	0069e1af	3
0069e215	0069e217	3
0069e267	0069e26f	9
0069e2f4	0069e2f6	3
0069e31c	0069e31e	3
0069e344	0069e346	3
0069e47c	0069e47f	4
0069e4d4	0069e4df	12
0069e4f2	0069e4ff	14
0069e51f	0069e51f	1
0069e53f	0069e53f	1
0069e5b2	0069e5bd	12
0069e5bf	0069e5bf	1
0069e5fe	0069e5ff	2
0069e693	0069e69f	13
0069e6db	0069e6e4	10
0069e6eb	0069e6ef	5
0069e707	0069e70f	9
0069e723	0069e72f	13
0069e7c0	0069e7cf	16
0069e7eb	0069e7ef	5
0069e819	0069e81f	7
0069e847	0069e84f	9
0069e8c9	0069e8cf	7
0069e95d	0069e95f	3
0069e98e	0069e991	4
0069e9aa	0069e9af	6
0069eb5f	0069eb61	3
0069eb94	0069eb9f	12
0069ecd2	0069ecdf	14
0069ed1d	0069ed1f	3
0069ed89	0069ed8f	7
0069edbd	0069edbf	3
0069ee42	0069ee4f	14
0069eed6	0069eedf	10
0069eef5	0069eef7	3
0069eefe	0069eeff	2
0069ef1f	0069ef1f	1
0069ef9f	0069ef9f	1
0069f01f	0069f01f	1
0069f0ae	0069f0af	2
0069f0b4	0069f0bf	12
0069f0cd	0069f0cf	3
0069f0d7	0069f0df	9
0069f0e4	0069f0ef	12
0069f115	0069f120	12
0069f127	0069f12f	9
0069f1a8	0069f1b3	12
0069f1b5	0069f1bf	11
0069f253	0069f25e	12
0069f2de	0069f2e9	12
0069f2eb	0069f2ef	5
0069f348	0069f34f	8
0069f37e	0069f37f	2
0069f3ce	0069f3cf	2
0069f487	0069f48f	9
0069f63c	0069f63f	4
0069f691	0069f69f	15
0069f724	0069f72f	12
0069f761	0069f763	3
0069f777	0069f783	13
0069f788	0069f78f	8
0069f806	0069f811	12
0069f813	0069f81f	13
0069f8d9	0069f8df	7
0069fa49	0069fa4f	7
0069fac4	0069fac6	3
0069fadc	0069fae5	10
0069faec	0069faef	4
0069fb69	0069fb6f	7
0069fc0f	0069fc0f	1
0069fc18	0069fc1f	8
0069fc28	0069fc2f	8
0069fce9	0069fceb	3
0069fcfb	0069fcff	5
0069fd49	0069fd4f	7
0069fdf5	0069fdff	11
0069fe15	0069fe17	3
0069fe1e	0069fe1f	2
0069fe5c	0069feaf	84
006a0068	006a0069	2
006a0087	006a008c	6
006a0097	006a009f	9
006a024d	006a024f	3
006a0278	006a027f	8
006a02f9	006a02fb	3
006a0364	006a0366	3
006a0388	006a038a	3
006a0395	006a039f	11
006a03ca	006a03cf	6
006a044c	006a044e	3
006a0459	006a045f	7
006a04d2	006a04d4	3
006a0574	006a0576	3
006a0582	006a058f	14
006a05f5	006a05f7	3
006a05fe	006a05ff	2
006a061e	006a061f	2
006a0709	006a070f	7
006a0717	006a071f	9
006a074a	006a074f	6
006a0764	006a076f	12
006a0778	006a077f	8
006a0814	006a081f	12
006a0a27	006a0a2f	9
006a0b57	006a0b5f	9
006a0be7	006a0bef	9
006a0d13	006a0d1f	13
006a0d33	006a0d38	6
006a0d4e	006a0d53	6
006a0d68	006a0d6d	6
006a0d7c	006a0d81	6
006a0d8f	006a0d8f	1
006a0dff	006a0dff	1
006a0e6f	006a0e6f	1
006a0f47	006a0f4f	9
006a104a	006a104f	6
006a1189	006a118b	3
006a11a3	006a11af	13
006a1225	006a122f	11
006a12b3	006a12bf	13
006a12d6	006a12d8	3
006a12df	006a12df	1
006a12fb	006a12ff	5
006a159d	006a166f	211
006a1722	006a172f	14
006a175b	006a175f	5
006a179e	006a179f	2
006a17a4	006a17af	12
006a17ec	006a17ef	4
006a182c	006a182f	4
006a1862	006a186f	14
006a189d	006a189f	3
006a18b9	006a18bf	7
006a18ca	006a18cf	6
006a18d4	006a18df	12
006a190b	006a190f	5
006a1966	006a196f	10
006a19a7	006a19af	9
006a1a08	006a1a0f	8
006a1a42	006a1a44	3
006a1a4b	006a1a4f	5
006a1ac6	006a1ad1	12
006a1ad3	006a1adf	13
006a1b79	006a1b7b	3
006a1b8d	006a1b8f	3
006a1be0	006a1bf4	21
006a1c3a	006a1c4e	21
006a1c7f	006a1c81	3
006a1ce4	006a1cef	12
006a1d6f	006a1d6f	1
006a1d7c	006a1d7f	4
006a1df7	006a1dff	9
006a1ec6	006a1ecf	10
006a1f5a	006a1f5c	3
006a1fa0	006a1fa2	3
006a1fab	006a1faf	5
006a2049	006a204f	7
006a207b	006a207f	5
006a2164	006a2166	3
006a2283	006a2285	3
006a229b	006a229f	5
006a22bb	006a22bf	5
006a22db	006a22dd	3
006a22e4	006a22ef	12
006a2429	006a242b	3
006a2459	006a2464	12
006a251a	006a251f	6
006a25fe	006a2600	3
006a2605	006a260f	11
006a261f	006a261f	1
006a269e	006a269f	2
006a26ab	006a26af	5
006a26ea	006a26ef	6
006a279d	006a279f	3
006a281a	006a281f	6
006a2835	006a283f	11
006a2853	006a2858	6
006a2866	006a286b	6
006a2872	006a287f	14
006a28a9	006a28af	7
006a295a	006a295f	6
006a29d8	006a29ff	40
006a2a20	006a2a22	3
006a2a29	006a2a2f	7
006a2a3e	006a2a5f	34
006a2a80	006a2a82	3
006a2a89	006a2a8f	7
006a2a9e	006a2abf	34
006a2ae0	006a2ae2	3
006a2ae9	006a2aef	7
006a2afe	006a2aff	2
006a2b12	006a2b1f	14
006a2b64	006a2b6f	12
006a2bc5	006a2bcf	11
006a2c29	006a2c2b	3
006a2c37	006a2c3f	9
006a2d2b	006a2d2d	3
006a2d34	006a2d36	3
006a2d6c	006a2d6f	4
006a2d92	006a2d94	3
006a2f01	006a2f0f	15
006a2fe5	006a2fe7	3
006a3004	006a3006	3
006a3017	006a301f	9
006a3041	006a304f	15
006a30b9	006a30bf	7
006a3195	006a3197	3
006a31b4	006a31b6	3
006a31c7	006a31cf	9
006a31f1	006a31ff	15
006a3299	006a329f	7
006a3375	006a3377	3
006a3394	006a3396	3
006a33a7	006a33af	9
006a33d1	006a33df	15
006a3479	006a347f	7
006a3556	006a3558	3
006a356c	006a356e	3
006a35ba	006a35bc	3
006a35d9	006a35db	3
006a35ec	006a35ef	4
006a362b	006a362f	5
006a372a	006a372f	6
006a3805	006a3807	3
006a3824	006a3826	3
006a3837	006a383f	9
006a3867	006a386f	9
006a3909	006a390f	7
006a39e5	006a39e7	3
006a3a04	006a3a06	3
006a3a17	006a3a1f	9
006a3a47	006a3a4f	9
006a3ae9	006a3aef	7
006a3bc5	006a3bc7	3
006a3be4	006a3be6	3
006a3bf7	006a3bff	9
006a3c21	006a3c2f	15
006a3cc9	006a3ccf	7
006a3d4f	006a3d4f	1
006a3d5e	006a3d5f	2
006a3d8a	006a3d8f	6
006a3e1b	006a3e1f	5
006a3e9f	006a3e9f	1
006a3eca	006a3ecf	6
006a3f4f	006a3f4f	1
006a3f7a	006a3f7f	6
006a4069	006a406b	3
006a407f	006a4081	3
006a40c9	006a40cb	3
006a40df	006a40e1	3
006a4129	006a412b	3
006a413f	006a4141	3
006a418c	006a418e	3
006a41a2	006a41a4	3
006a41f3	006a41f5	3
006a4209	006a420b	3
006a425a	006a425c	3
006a4270	006a4272	3
006a42bd	006a42bf	3
006a42d3	006a42d5	3
006a4320	006a4322	3
006a4342	006a4344	3
006a4358	006a435f	8
006a484a	006a484f	6
006a4a32	006a4a34	3
006a4a5a	006a4a5c	3
006a4a79	006a4a7b	3
006a4a98	006a4a9a	3
006a4aba	006a4abc	3
006a4ae2	006a4ae4	3
006a4afe	006a4aff	2
006a4bd2	006a4bd4	3
006a4be8	006a4bea	3
006a4c32	006a4c34	3
006a4c51	006a4c53	3
006a4c64	006a4c6f	12
006a4e65	006a4e6f	11
006a4efe	006a4f00	3
006a4f22	006a4f24	3
006a4f35	006a4f3f	11
006a501c	006a501e	3
006a5032	006a5034	3
006a507c	006a507e	3
006a5092	006a5094	3
006a50e0	006a50e2	3
006a5102	006a5104	3
006a5118	006a511f	8
006a53c9	006a53cf	7
006a5524	006a5526	3
006a5543	006a5545	3
006a5558	006a555f	8
006a5639	006a563b	3
006a564f	006a5651	3
006a5699	006a569b	3
006a56af	006a56b1	3
006a56fd	006a56ff	3
006a571f	006a5721	3
006a5735	006a573f	11
006a59e9	006a59ef	7
006a5aae	006a5ab0	3
006a5acd	006a5acf	3
006a5ae2	006a5aef	14
006a5bd8	006a5bda	3
006a5bed	006a5bef	3
006a5c3d	006a5c3f	3
006a5c52	006a5c54	3
006a5ca3	006a5ca5	3
006a5cc4	006a5cc6	3
006a5cda	006a5cdf	6
006a5f48	006a5f4f	8
006a5fd5	006a5fd7	3
006a5fe9	006a5fef	7
006a60c5	006a60c7	3
006a60e4	006a60e6	3
006a60f7	006a60ff	9
006a621b	006a621f	5
006a6299	006a629b	3
006a62ad	006a62af	3
006a6391	006a6393	3
006a63a6	006a63a8	3
006a63f7	006a63f9	3
006a6415	006a6417	3
006a6428	006a642f	8
006a65f3	006a65ff	13
006a6682	006a6684	3
006a6697	006a669f	9
006a6781	006a6783	3
006a6796	006a6798	3
006a67e7	006a67e9	3
006a6805	006a6807	3
006a6818	006a681f	8
006a69e3	006a69ef	13
006a6a70	006a6a72	3
006a6a85	006a6a8f	11
006a6b7b	006a6b7d	3
006a6b9a	006a6b9c	3
006a6bad	006a6baf	3
006a6c8c	006a6c8f	4
006a6dbb	006a6dbd	3
006a6dda	006a6ddc	3
006a6ded	006a6def	3
006a6ecc	006a6ecf	4
006a6f21	006a6f23	3
006a6f32	006a6f3f	14
006a7015	006a7017	3
006a7034	006a7036	3
006a7047	006a704f	9
006a716b	006a716f	5
006a71e9	006a71eb	3
006a71fd	006a71ff	3
006a72eb	006a72ed	3
006a730a	006a730c	3
006a731d	006a731f	3
006a743b	006a743f	5
006a7492	006a7494	3
006a750c	006a750e	3
006a7601	006a7603	3
006a7616	006a7618	3
006a7667	006a7669	3
006a7685	006a7687	3
006a7698	006a769f	8
006a7863	006a786f	13
006a78f5	006a78f7	3
006a7909	006a790f	7
006a79e5	006a79e7	3
006a7a04	006a7a06	3
006a7a17	006a7a1f	9
006a7b3b	006a7b3f	5
006a7bcc	006a7bce	3
006a7bf1	006a7bff	15
006a7c95	006a7c9f	11
006a7ce7	006a7ce9	3
006a7cf8	006a7cff	8
006a7d95	006a7d9f	11
006a7de7	006a7de9	3
006a7df8	006a7dff	8
006a7ee1	006a7ee3	3
006a7ef6	006a7ef8	3
006a7f47	006a7f49	3
006a7f65	006a7f67	3
006a7f78	006a7f7f	8
006a7f8e	006a7f8f	2
006a8153	006a815f	13
006a81da	006a81dc	3
006a81ed	006a81ef	3
006a82e1	006a82e3	3
006a82f7	006a82f9	3
006a8345	006a8347	3
006a835b	006a835d	3
006a83a9	006a83ab	3
006a83cb	006a83cd	3
006a83e1	006a83ef	15
006a8658	006a865f	8
006a86ec	006a86ee	3
006a86ff	006a8701	3
006a8712	006a871f	14
006a8807	006a8809	3
006a881d	006a881f	3
006a886b	006a886d	3
006a8881	006a8883	3
006a88cf	006a88d1	3
006a88e5	006a88e7	3
006a8936	006a8938	3
006a894c	006a894e	3
006a899d	006a899f	3
006a89bf	006a89c1	3
006a89d5	006a89df	11
006a8d92	006a8d9f	14
006a8e48	006a8e4a	3
006a8e5b	006a8e5d	3
006a8e6e	006a8e6f	2
006a8f46	006a8f48	3
006a8f5c	006a8f5e	3
006a8faa	006a8fac	3
006a8fc9	006a8fcb	3
006a8fdc	006a8fdf	4
006a902d	006a902f	3
006a9036	006a903f	10
006a91c4	006a91cf	12
006a92a4	006a92a6	3
006a92c3	006a92c5	3
006a92d6	006a92df	10
006a92ee	006a92ef	2
006a934f	006a934f	1
006a942c	006a942f	4
006a9505	006a9507	3
006a9524	006a9526	3
006a9537	006a953f	9
006a9569	006a956f	7
006a964c	006a964f	4
006a9725	006a9727	3
006a9744	006a9746	3
006a9757	006a975f	9
006a9789	006a978f	7
006a986c	006a986f	4
006a9945	006a9947	3
006a9964	006a9966	3
006a9977	006a997f	9
006a99a1	006a99af	15
006a9a8c	006a9a8f	4
006a9b0f	006a9b0f	1
006a9b3a	006a9b3f	6
006a9c15	006a9c17	3
006a9c34	006a9c36	3
006a9c47	006a9c4f	9
006a9c77	006a9c7f	9
006a9d5c	006a9d5f	4
006a9ddf	006a9ddf	1
006a9e0a	006a9e0f	6
006a9e8f	006a9e8f	1
006a9eba	006a9ebf	6
006a9f95	006a9f97	3
006a9fb4	006a9fb6	3
006a9fc7	006a9fcf	9
006aa005	006aa00f	11
006aa0ec	006aa0ef	4
006aa1db	006aa1dd	3
006aa1fa	006aa1fc	3
006aa20d	006aa20f	3
006aa2ec	006aa2ef	4
006aa405	006aa407	3
006aa424	006aa426	3
006aa437	006aa43f	9
006aa55b	006aa55f	5
006aa5c3	006aa5c5	3
006aa5d6	006aa5df	10
006aa6c1	006aa6c3	3
006aa6d6	006aa6d8	3
006aa727	006aa729	3
006aa745	006aa747	3
006aa758	006aa75f	8
006aa923	006aa92f	13
006aa9b2	006aa9b4	3
006aa9c7	006aa9cf	9
006aaa4f	006aaa4f	1
006aaa7a	006aaa7f	6
006aab55	006aab57	3
006aab74	006aab76	3
006aab87	006aab8f	9
006aabb7	006aabbf	9
006aac9c	006aac9f	4
006aad81	006aad83	3
006aad96	006aad98	3
006aade7	006aade9	3
006aae05	006aae07	3
006aae18	006aae1f	8
006aafe3	006aafef	13
006ab059	006ab05b	3
006ab06c	006ab06f	4
006ab151	006ab153	3
006ab166	006ab168	3
006ab1b7	006ab1b9	3
006ab1d5	006ab1d7	3
006ab1e8	006ab1ef	8
006ab3b3	006ab3bf	13
006ab429	006ab42b	3
006ab43c	006ab43f	4
006ab521	006ab523	3
006ab536	006ab538	3
006ab587	006ab589	3
006ab5a5	006ab5a7	3
006ab5b8	006ab5bf	8
006ab5f3	006ab5ff	13
006ab784	006ab78f	12
006ab865	006ab867	3
006ab884	006ab886	3
006ab897	006ab89f	9
006ab9bb	006ab9bf	5
006aba3a	006aba3c	3
006aba4e	006aba4f	2
006abb25	006abb27	3
006abb44	006abb46	3
006abb57	006abb5f	9
006abc7b	006abc7f	5
006abcfa	006abcfc	3
006abd0e	006abd0f	2
006abda5	006abdaf	11
006abdf8	006abdfa	3
006abe09	006abe0f	7
006abee5	006abee7	3
006abf04	006abf06	3
006abf17	006abf1f	9
006abf7f	006abf7f	1
006ac05c	006ac05f	4
006ac135	006ac137	3
006ac154	006ac156	3
006ac167	006ac16f	9
006ac1cb	006ac1cf	5
006ac2ac	006ac2af	4
006ac32f	006ac32f	1
006ac361	006ac36f	15
006ac445	006ac447	3
006ac464	006ac466	3
006ac477	006ac47f	9
006ac4b3	006ac4bf	13
006ac59c	006ac59f	4
006ac635	006ac63f	11
006ac688	006ac68a	3
006ac699	006ac69f	7
006ac781	006ac783	3
006ac796	006ac798	3
006ac7e7	006ac7e9	3
006ac805	006ac807	3
006ac818	006ac81f	8
006ac857	006ac85f	9
006ac9e4	006ac9ef	12
006acac5	006acac7	3
006acae4	006acae6	3
006acaf7	006acaff	9
006acb3b	006acb3f	5
006acc1c	006acc1f	4
006acd08	006acd0a	3
006acd1d	006acd1f	3
006acd6e	006acd70	3
006acd83	006acd85	3
006acdd4	006acdd6	3
006acdf5	006acdf7	3
006ace0b	006ace0f	5
006ace4f	006ace4f	1
006ad079	006ad07f	7
006ad161	006ad163	3
006ad176	006ad178	3
006ad1c7	006ad1c9	3
006ad1e5	006ad1e7	3
006ad1f8	006ad1ff	8
006ad23c	006ad23f	4
006ad3c4	006ad3cf	12
006ad4a5	006ad4a7	3
006ad4c4	006ad4c6	3
006ad4d7	006ad4df	9
006ad536	006ad53f	10
006ad61c	006ad61f	4
006ad6f5	006ad6f7	3
006ad714	006ad716	3
006ad727	006ad72f	9
006ad743	006ad74f	13
006ad7a6	006ad7af	10
006ad88c	006ad88f	4
006ad965	006ad967	3
006ad984	006ad986	3
006ad997	006ad99f	9
006adabb	006adabf	5
006adb3a	006adb3c	3
006adb4e	006adb4f	2
006adc25	006adc27	3
006adc44	006adc46	3
006adc57	006adc5f	9
006add7b	006add7f	5
006ade07	006ade09	3
006ade2c	006ade2f	4
006adf05	006adf07	3
006adf24	006adf26	3
006adf37	006adf3f	9
006ae05b	006ae05f	5
006ae0e7	006ae0e9	3
006ae10c	006ae10f	4
006ae1fb	006ae1fd	3
006ae210	006ae212	3
006ae261	006ae263	3
006ae276	006ae278	3
006ae2c7	006ae2c9	3
006ae2e8	006ae2ea	3
006ae2fe	006ae2ff	2
006ae374	006ae37f	12
006ae5a9	006ae5af	7
006ae694	006ae696	3
006ae6a9	006ae6ab	3
006ae6fa	006ae6fc	3
006ae718	006ae71a	3
006ae72b	006ae72f	5
006ae924	006ae92f	12
006ae9af	006ae9af	1
006ae9d4	006ae9df	12
006aeac1	006aeac3	3
006aead6	006aead8	3
006aeb27	006aeb29	3
006aeb45	006aeb47	3
006aeb58	006aeb5f	8
006aed23	006aed2f	13
006aedc3	006aedc5	3
006aede8	006aedef	8
006aee6f	006aee6f	1
006aee8d	006aee8f	3
006aef65	006aef67	3
006aef84	006aef86	3
006aef97	006aef9f	9
006af0bb	006af0bf	5
006af13a	006af13c	3
006af14e	006af14f	2
006af225	006af227	3
006af244	006af246	3
006af257	006af25f	9
006af37b	006af37f	5
006af3fa	006af3fc	3
006af40e	006af40f	2
006af4a5	006af4af	11
006af4f8	006af4fa	3
006af509	006af50f	7
006af5a5	006af5af	11
006af5f8	006af5fa	3
006af609	006af60f	7
006af6f4	006af6f6	3
006af709	006af70b	3
006af75a	006af75c	3
006af778	006af77a	3
006af78b	006af78f	5
006af795	006af79f	11
006af963	006af96f	13
006afa5e	006afa60	3
006afa72	006afa7f	14
006afb55	006afb57	3
006afb74	006afb76	3
006afb87	006afb8f	9
006afcab	006afcaf	5
006afd2a	006afd2c	3
006afd3e	006afd3f	2
006afdd5	006afddf	11
006afe28	006afe2a	3
006afe39	006afe3f	7
006afed5	006afedf	11
006aff28	006aff2a	3
006aff39	006aff3f	7
006b003d	006b003f	3
006b0052	006b0054	3
006b00a3	006b00a5	3
006b00b8	006b00ba	3
006b0109	006b010b	3
006b011e	006b0120	3
006b0172	006b0174	3
006b0187	006b0189	3
006b01db	006b01dd	3
006b01f0	006b01f2	3
006b0244	006b0246	3
006b0265	006b0267	3
006b027b	006b027f	5
006b06d7	006b06df	9
006b078c	006b078e	3
006b07b5	006b07bf	11
006b08b6	006b08b8	3
006b08cb	006b08cd	3
006b091c	006b091e	3
006b0931	006b0933	3
006b0982	006b0984	3
006b0997	006b0999	3
006b09eb	006b09ed	3
006b0a00	006b0a02	3
006b0a54	006b0a56	3
006b0a75	006b0a77	3
006b0a8b	006b0a8f	5
006b0e42	006b0e4f	14
006b0ef0	006b0ef2	3
006b0f17	006b0f1f	9
006b1016	006b1018	3
006b102c	006b102e	3
006b107e	006b1080	3
006b1094	006b1096	3
006b10e6	006b10e8	3
006b10fc	006b10fe	3
006b1151	006b1153	3
006b1167	006b1169	3
006b11b8	006b11ba	3
006b11ce	006b11d0	3
006b121f	006b1221	3
006b1241	006b1243	3
006b1257	006b125f	9
006b16b7	006b16bf	9
006b1768	006b176a	3
006b1791	006b179f	15
006b1879	006b187b	3
006b188f	006b1891	3
006b18d9	006b18db	3
006b18ef	006b18f1	3
006b193d	006b193f	3
006b195f	006b1961	3
006b1975	006b197f	11
006b1c29	006b1c2f	7
006b1cf2	006b1cf4	3
006b1d12	006b1d14	3
006b1d39	006b1d3f	7
006b1e15	006b1e17	3
006b1e34	006b1e36	3
006b1e47	006b1e4f	9
006b1e79	006b1e7f	7
006b1f5c	006b1f5f	4
006b1fdf	006b1fdf	1
006b2011	006b201f	15
006b20d6	006b20df	10
006b21b5	006b21b7	3
006b21d4	006b21d6	3
006b21e7	006b21ef	9
006b2221	006b222f	15
006b230c	006b230f	4
006b238f	006b238f	1
006b23a3	006b23af	13
006b23e1	006b23ef	15
006b246f	006b246f	1
006b248d	006b248f	3
006b2565	006b2567	3
006b2584	006b2586	3
006b2597	006b259f	9
006b2601	006b260f	15
006b26ec	006b26ef	4
006b27e7	006b27e9	3
006b27fc	006b27fe	3
006b284d	006b284f	3
006b286b	006b286d	3
006b287e	006b287f	2
006b2a43	006b2a4f	13
006b2aeb	006b2aed	3
006b2aff	006b2b01	3
006b2b24	006b2b2f	12
006b2c05	006b2c07	3
006b2c24	006b2c26	3
006b2c37	006b2c3f	9
006b2c4c	006b2c4f	4
006b2ca1	006b2caf	15
006b2d8c	006b2d8f	4
006b2e65	006b2e67	3
006b2e84	006b2e86	3
006b2e97	006b2e9f	9
006b2eef	006b2eef	1
006b2fcc	006b2fcf	4
006b30a5	006b30a7	3
006b30c4	006b30c6	3
006b30d7	006b30df	9
006b3101	006b310f	15
006b31ec	006b31ef	4
006b3285	006b328f	11
006b32d0	006b32d2	3
006b32e1	006b32ef	15
006b3385	006b338f	11
006b33d0	006b33d2	3
006b33e1	006b33ef	15
006b346f	006b346f	1
006b348c	006b348f	4
006b3565	006b3567	3
006b3584	006b3586	3
006b3597	006b359f	9
006b360b	006b360f	5
006b36ec	006b36ef	4
006b37c6	006b37c8	3
006b37dc	006b37de	3
006b382a	006b382c	3
006b3849	006b384b	3
006b385c	006b385f	4
006b388e	006b388f	2
006b3a14	006b3a1f	12
006b3a9f	006b3a9f	1
006b3abc	006b3abf	4
006b3b3f	006b3b3f	1
006b3c15	006b3c17	3
006b3c34	006b3c36	3
006b3c47	006b3c4f	9
006b3d9c	006b3d9f	4
006b3e1f	006b3e1f	1
006b3e4a	006b3e4f	6
006b3ecf	006b3ecf	1
006b3efa	006b3eff	6
006b3f7f	006b3f7f	1
006b3faa	006b3faf	6
006b408f	006b4091	3
006b40a5	006b40a7	3
006b40f3	006b40f5	3
006b4109	006b410b	3
006b4153	006b4155	3
006b4169	006b416b	3
006b41b6	006b41b8	3
006b41cc	006b41ce	3
006b4219	006b421b	3
006b423b	006b423d	3
006b4251	006b425f	15
006b46cd	006b46cf	3
006b4812	006b4814	3
006b4831	006b4833	3
006b4850	006b4852	3
006b486f	006b4871	3
006b489e	006b489f	2
006b497c	006b497e	3
006b4992	006b4994	3
006b49e0	006b49e2	3
006b49f6	006b49f8	3
006b4a40	006b4a42	3
006b4a56	006b4a58	3
006b4aa3	006b4aa5	3
006b4ac5	006b4ac7	3
006b4adb	006b4adf	5
006b4e67	006b4e6f	9
006b4f72	006b4f74	3
006b4f91	006b4f93	3
006b4fb0	006b4fb2	3
006b4fd9	006b4fdf	7
006b50b5	006b50b7	3
006b50d4	006b50d6	3
006b50e7	006b50ef	9
006b5131	006b513f	15
006b521c	006b521f	4
006b52f5	006b52f7	3
006b5314	006b5316	3
006b5327	006b532f	9
006b5351	006b535f	15
006b543c	006b543f	4
006b552b	006b552d	3
006b554a	006b554c	3
006b555d	006b555f	3
006b563c	006b563f	4
006b5691	006b5693	3
006b56a2	006b56af	14
006b579b	006b579d	3
006b57ba	006b57bc	3
006b57cd	006b57cf	3
006b58eb	006b58ef	5
006b596e	006b5970	3
006b5982	006b5984	3
006b59a5	006b59af	11
006b5a2f	006b5a2f	1
006b5a4c	006b5a4f	4
006b5b2d	006b5b2f	3
006b5b43	006b5b45	3
006b5b8d	006b5b8f	3
006b5ba3	006b5ba5	3
006b5bed	006b5bef	3
006b5c0f	006b5c11	3
006b5c25	006b5c2f	11
006b5ed6	006b5edf	10
006b5f9f	006b5fa1	3
006b5fbe	006b5fc0	3
006b5fd4	006b5fdf	12
006b60ce	006b60d0	3
006b60e4	006b60e6	3
006b6136	006b6138	3
006b614c	006b614e	3
006b619e	006b61a0	3
006b61b4	006b61b6	3
006b620d	006b620f	3
006b6222	006b6224	3
006b6276	006b6278	3
006b628b	006b628d	3
006b62df	006b62e1	3
006b6300	006b6302	3
006b6316	006b631f	10
006b68ba	006b68bf	6
006b69ae	006b69b0	3
006b69c4	006b69c6	3
006b6a16	006b6a18	3
006b6a2c	006b6a2e	3
006b6a7e	006b6a80	3
006b6a94	006b6a96	3
006b6aed	006b6aef	3
006b6b02	006b6b04	3
006b6b56	006b6b58	3
006b6b6b	006b6b6d	3
006b6bbf	006b6bc1	3
006b6be0	006b6be2	3
006b6bf6	006b6bff	10
006b719a	006b719f	6
006b7288	006b728a	3
006b729d	006b729f	3
006b72ee	006b72f0	3
006b7303	006b7305	3
006b7354	006b7356	3
006b7375	006b7377	3
006b738b	006b738f	5
006b73dd	006b73df	3
006b73f6	006b73ff	10
006b7639	006b763f	7
006b772b	006b772d	3
006b7741	006b7743	3
006b778f	006b7791	3
006b77a5	006b77a7	3
006b77f3	006b77f5	3
006b7809	006b780b	3
006b785e	006b7860	3
006b7874	006b7876	3
006b78cd	006b78cf	3
006b78ee	006b78f0	3
006b7904	006b790f	12
006b797f	006b797f	1
006b7d03	006b7d0f	13
006b7df1	006b7df3	3
006b7e07	006b7e09	3
006b7e55	006b7e57	3
006b7e6b	006b7e6d	3
006b7eb9	006b7ebb	3
006b7edb	006b7edd	3
006b7ef1	006b7eff	15
006b8168	006b816f	8
006b81ed	006b81ef	3
006b827f	006b827f	1
006b82a3	006b82af	13
006b8385	006b8387	3
006b83a4	006b83a6	3
006b83b7	006b83bf	9
006b8423	006b842f	13
006b850c	006b850f	4
006b85e5	006b85e7	3
006b8604	006b8606	3
006b8617	006b861f	9
006b8632	006b863f	14
006b8694	006b869f	12
006b877c	006b877f	4
006b8855	006b8857	3
006b8874	006b8876	3
006b8887	006b888f	9
006b88e4	006b88ef	12
006b89cc	006b89cf	4
006b8ab1	006b8ab3	3
006b8ac6	006b8ac8	3
006b8b17	006b8b19	3
006b8b35	006b8b37	3
006b8b48	006b8b4f	8
006b8d13	006b8d1f	13
006b8da0	006b8da2	3
006b8db5	006b8dbf	11
006b8e95	006b8e97	3
006b8eb4	006b8eb6	3
006b8ec7	006b8ecf	9
006b8f24	006b8f2f	12
006b900c	006b900f	4
006b90e5	006b90e7	3
006b9104	006b9106	3
006b9117	006b911f	9
006b9174	006b917f	12
006b925c	006b925f	4
006b9335	006b9337	3
006b9354	006b9356	3
006b9367	006b936f	9
006b93cd	006b93cf	3
006b94ac	006b94af	4
006b9585	006b9587	3
006b95a4	006b95a6	3
006b95b7	006b95bf	9
006b961d	006b961f	3
006b96fc	006b96ff	4
006b97d5	006b97d7	3
006b97f4	006b97f6	3
006b9807	006b980f	9
006b986d	006b986f	3
006b994c	006b994f	4
006b9a25	006b9a27	3
006b9a44	006b9a46	3
006b9a57	006b9a5f	9
006b9abd	006b9abf	3
006b9b9c	006b9b9f	4
006b9c75	006b9c77	3
006b9c94	006b9c96	3
006b9ca7	006b9caf	9
006b9d0d	006b9d0f	3
006b9dec	006b9def	4
006b9ec5	006b9ec7	3
006b9ee4	006b9ee6	3
006b9ef7	006b9eff	9
006b9f5d	006b9f5f	3
006ba03c	006ba03f	4
006ba115	006ba117	3
006ba134	006ba136	3
006ba147	006ba14f	9
006ba15e	006ba15f	2
006ba1b1	006ba1bf	15
006ba29c	006ba29f	4
006ba375	006ba377	3
006ba394	006ba396	3
006ba3a7	006ba3af	9
006ba40d	006ba40f	3
006ba4ec	006ba4ef	4
006ba5c5	006ba5c7	3
006ba5e4	006ba5e6	3
006ba5f7	006ba5ff	9
006ba70c	006ba70f	4
006ba7e5	006ba7e7	3
006ba804	006ba806	3
006ba817	006ba81f	9
006ba92c	006ba92f	4
006baa05	006baa07	3
006baa24	006baa26	3
006baa37	006baa3f	9
006bab4c	006bab4f	4
006babcf	006babcf	1
006bac1a	006bac1f	6
006bacd6	006bacdf	10
006bad5f	006bad5f	1
006badaa	006badaf	6
006bae85	006bae87	3
006baea4	006baea6	3
006baeb7	006baebf	9
006baf1d	006baf1f	3
006baffc	006bafff	4
006bb07f	006bb07f	1
006bb0a3	006bb0af	13
006bb185	006bb187	3
006bb1a4	006bb1a6	3
006bb1b7	006bb1bf	9
006bb206	006bb20f	10
006bb2ec	006bb2ef	4
006bb36f	006bb36f	1
006bb399	006bb39f	7
006bb41f	006bb41f	1
006bb42e	006bb42f	2
006bb459	006bb45f	7
006bb4df	006bb4df	1
006bb509	006bb50f	7
006bb5e5	006bb5e7	3
006bb604	006bb606	3
006bb617	006bb61f	9
006bb62e	006bb62f	2
006bb687	006bb68f	9
006bb77c	006bb77f	4
006bb82c	006bb82e	3
006bb915	006bb917	3
006bb934	006bb936	3
006bb947	006bb94f	9
006bb95e	006bb95f	2
006bb9b7	006bb9bf	9
006bba9c	006bba9f	4
006bbb76	006bbb78	3
006bbb8c	006bbb8e	3
006bbbda	006bbbdc	3
006bbbf9	006bbbfb	3
006bbc0c	006bbc0f	4
006bbc4b	006bbc4f	5
006bbdd4	006bbddf	12
006bbeb5	006bbeb7	3
006bbed4	006bbed6	3
006bbee7	006bbeef	9
006bbf47	006bbf4f	9
006bc02c	006bc02f	4
006bc105	006bc107	3
006bc124	006bc126	3
006bc137	006bc13f	9
006bc197	006bc19f	9
006bc27c	006bc27f	4
006bc355	006bc357	3
006bc374	006bc376	3
006bc387	006bc38f	9
006bc3e7	006bc3ef	9
006bc4cc	006bc4cf	4
006bc5a5	006bc5a7	3
006bc5c4	006bc5c6	3
006bc5d7	006bc5df	9
006bc637	006bc63f	9
006bc71c	006bc71f	4
006bc7f5	006bc7f7	3
006bc814	006bc816	3
006bc827	006bc82f	9
006bc887	006bc88f	9
006bc96c	006bc96f	4
006bca51	006bca53	3
006bca66	006bca68	3
006bcab7	006bcab9	3
006bcad5	006bcad7	3
006bcae8	006bcaef	8
006bcb23	006bcb2f	13
006bccb4	006bccbf	12
006bcd95	006bcd97	3
006bcdb4	006bcdb6	3
006bcdc7	006bcdcf	9
006bce05	006bce0f	11
006bceec	006bceef	4
006bcfd1	006bcfd3	3
006bcfe6	006bcfe8	3
006bd037	006bd039	3
006bd055	006bd057	3
006bd068	006bd06f	8
006bd0a3	006bd0af	13
006bd234	006bd23f	12
006bd315	006bd317	3
006bd334	006bd336	3
006bd347	006bd34f	9
006bd385	006bd38f	11
006bd46c	006bd46f	4
006bd551	006bd553	3
006bd566	006bd568	3
006bd5b7	006bd5b9	3
006bd5d5	006bd5d7	3
006bd5e8	006bd5ef	8
006bd623	006bd62f	13
006bd7b4	006bd7bf	12
006bd895	006bd897	3
006bd8b4	006bd8b6	3
006bd8c7	006bd8cf	9
006bd905	006bd90f	11
006bd9ec	006bd9ef	4
006bda6f	006bda6f	1
006bda8f	006bda8f	1
006bdb65	006bdb67	3
006bdb84	006bdb86	3
006bdb97	006bdb9f	9
006bdbee	006bdbef	2
006bdccc	006bdccf	4
006bddbb	006bddbd	3
006bddda	006bdddc	3
006bdded	006bddef	3
006bdecc	006bdecf	4
006bdf21	006bdf23	3
006bdf32	006bdf3f	14
006be02b	006be02d	3
006be04a	006be04c	3
006be05d	006be05f	3
006be13c	006be13f	4
006be191	006be193	3
006be1a2	006be1af	14
006be29b	006be29d	3
006be2ba	006be2bc	3
006be2cd	006be2cf	3
006be3ac	006be3af	4
006be401	006be403	3
006be412	006be41f	14
006be501	006be503	3
006be517	006be519	3
006be565	006be567	3
006be57b	006be57d	3
006be5c9	006be5cb	3
006be5eb	006be5ed	3
006be601	006be60f	15
006be878	006be87f	8
006be8f3	006be8f5	3
006be916	006be91f	10
006be9dd	006be9df	3
006beadf	006beae1	3
006beaf5	006beaf7	3
006beb47	006beb49	3
006beb5d	006beb5f	3
006bebab	006bebad	3
006bebc1	006bebc3	3
006bec12	006bec14	3
006bec28	006bec2a	3
006bec79	006bec7b	3
006bec8f	006bec91	3
006bece0	006bece2	3
006becf6	006becf8	3
006bed4b	006bed4d	3
006bed61	006bed63	3
006bedba	006bedbc	3
006bedcf	006bedd1	3
006bee23	006bee25	3
006bee38	006bee3a	3
006bee8c	006bee8e	3
006beead	006beeaf	3
006beec3	006beecf	13
006bf5cd	006bf5cf	3
006bf6bf	006bf6c1	3
006bf6d2	006bf6df	14
006bf75f	006bf75f	1
006bf77c	006bf77f	4
006bf7ff	006bf7ff	1
006bf81c	006bf81f	4
006bf89f	006bf89f	1
006bf8bc	006bf8bf	4
006bf93f	006bf93f	1
006bf95c	006bf95f	4
006bf9df	006bf9df	1
006bf9fc	006bf9ff	4
006bfad5	006bfad7	3
006bfaf4	006bfaf6	3
006bfb07	006bfb0f	9
006bfb31	006bfb3f	15
006bfc1c	006bfc1f	4
006bfcf5	006bfcf7	3
006bfd14	006bfd16	3
006bfd27	006bfd2f	9
006bfd51	006bfd5f	15
006bfe3c	006bfe3f	4
006bff15	006bff17	3
006bff34	006bff36	3
006bff47	006bff4f	9
006bff71	006bff7f	15
006c005c	006c005f	4
006c00df	006c00df	1
006c00fc	006c00ff	4
006c017f	006c017f	1
006c019c	006c019f	4
006c021f	006c021f	1
006c023c	006c023f	4
006c02bf	006c02bf	1
006c02dc	006c02df	4
006c035f	006c035f	1
006c037c	006c037f	4
006c0456	006c0458	3
006c046c	006c046e	3
006c04ba	006c04bc	3
006c04d9	006c04db	3
006c04ec	006c04ef	4
006c0517	006c051f	9
006c06a4	006c06af	12
006c0785	006c0787	3
006c07a4	006c07a6	3
006c07b7	006c07bf	9
006c07f3	006c07ff	13
006c08dc	006c08df	4
006c09b6	006c09b8	3
006c09cc	006c09ce	3
006c0a1a	006c0a1c	3
006c0a39	006c0a3b	3
006c0a4c	006c0a4f	4
006c0a77	006c0a7f	9
006c0c04	006c0c0f	12
006c0ce5	006c0ce7	3
006c0d04	006c0d06	3
006c0d17	006c0d1f	9
006c0d53	006c0d5f	13
006c0e3c	006c0e3f	4
006c0f21	006c0f23	3
006c0f36	006c0f38	3
006c0f87	006c0f89	3
006c0fa5	006c0fa7	3
006c0fb8	006c0fbf	8
006c1172	006c117f	14
006c11c8	006c11cf	8
006c12b1	006c12b3	3
006c12c6	006c12c8	3
006c1316	006c1318	3
006c1334	006c1336	3
006c1347	006c134f	9
006c150e	006c150f	2
006c1588	006c1593	12
006c1595	006c159f	11
006c1635	006c163f	11
006c1687	006c1689	3
006c1698	006c169f	8
006c1775	006c1777	3
006c1794	006c1796	3
006c17a7	006c17af	9
006c1804	006c180f	12
006c18ec	006c18ef	4
006c19c5	006c19c7	3
006c19e4	006c19e6	3
006c19f7	006c19ff	9
006c1a54	006c1a5f	12
006c1b3c	006c1b3f	4
006c1c15	006c1c17	3
006c1c34	006c1c36	3
006c1c47	006c1c4f	9
006c1c83	006c1c8f	13
006c1d6c	006c1d6f	4
006c1e45	006c1e47	3
006c1e64	006c1e66	3
006c1e77	006c1e7f	9
006c1eb3	006c1ebf	13
006c1f9c	006c1f9f	4
006c208b	006c208d	3
006c20aa	006c20ac	3
006c20bd	006c20bf	3
006c219c	006c219f	4
006c21f1	006c21f3	3
006c2202	006c220f	14
006c22e5	006c22e7	3
006c2304	006c2306	3
006c2317	006c231f	9
006c2353	006c235f	13
006c243c	006c243f	4
006c252b	006c252d	3
006c254a	006c254c	3
006c255d	006c255f	3
006c263c	006c263f	4
006c2691	006c2693	3
006c26a2	006c26af	14
006c279c	006c279e	3
006c27b2	006c27b4	3
006c2800	006c2802	3
006c281f	006c2821	3
006c2832	006c283f	14
006c29c4	006c29cf	12
006c2a22	006c2a24	3
006c2a33	006c2a3f	13
006c2b15	006c2b17	3
006c2b34	006c2b36	3
006c2b47	006c2b4f	9
006c2b83	006c2b8f	13
006c2c6c	006c2c6f	4
006c2d51	006c2d53	3
006c2d66	006c2d68	3
006c2db7	006c2db9	3
006c2dd5	006c2dd7	3
006c2de8	006c2def	8
006c2e3d	006c2e3f	3
006c2fc4	006c2fcf	12
006c3086	006c308f	10
006c317b	006c317d	3
006c319a	006c319c	3
006c31ad	006c31af	3
006c328c	006c328f	4
006c32e1	006c32e3	3
006c32f2	006c32ff	14
006c33eb	006c33ed	3
006c340a	006c340c	3
006c341d	006c341f	3
006c342e	006c342f	2
006c350c	006c350f	4
006c3561	006c3563	3
006c3572	006c357f	14
006c366b	006c366d	3
006c3681	006c3683	3
006c36cf	006c36d1	3
006c36e5	006c36e7	3
006c3737	006c3739	3
006c374d	006c374f	3
006c37a6	006c37a8	3
006c37bb	006c37bd	3
006c380f	006c3811	3
006c3824	006c3826	3
006c3878	006c387a	3
006c3899	006c389b	3
006c38af	006c38af	1
006c3dab	006c3daf	5
006c3eab	006c3ead	3
006c3eca	006c3ecc	3
006c3eec	006c3eee	3
006c3f0f	006c3f0f	1
006c3fe5	006c3fe7	3
006c4004	006c4006	3
006c4017	006c401f	9
006c402e	006c402f	2
006c4063	006c406f	13
006c414c	006c414f	4
006c4229	006c422b	3
006c423f	006c4241	3
006c428d	006c428f	3
006c42a3	006c42a5	3
006c42f1	006c42f3	3
006c4313	006c4315	3
006c4329	006c432f	7
006c4361	006c436f	15
006c4599	006c459f	7
006c4679	006c467b	3
006c468f	006c4691	3
006c46dd	006c46df	3
006c46f3	006c46f5	3
006c4741	006c4743	3
006c4763	006c4765	3
006c4779	006c477f	7
006c47b1	006c47bf	15
006c49e9	006c49ef	7
006c4ac9	006c4acb	3
006c4adf	006c4ae1	3
006c4b2d	006c4b2f	3
006c4b43	006c4b45	3
006c4b91	006c4b93	3
006c4bb3	006c4bb5	3
006c4bc9	006c4bcf	7
006c4c1c	006c4c1f	4
006c4e49	006c4e4f	7
006c4f29	006c4f2b	3
006c4f3f	006c4f41	3
006c4f8d	006c4f8f	3
006c4fa3	006c4fa5	3
006c4ff1	006c4ff3	3
006c5013	006c5015	3
006c5029	006c502f	7
006c507c	006c507f	4
006c52a9	006c52af	7
006c5386	006c5388	3
006c539c	006c539e	3
006c53ea	006c53ec	3
006c5409	006c540b	3
006c541c	006c541f	4
006c5449	006c544f	7
006c55d4	006c55df	12
006c56b6	006c56b8	3
006c56cc	006c56ce	3
006c571a	006c571c	3
006c5739	006c573b	3
006c574c	006c574f	4
006c5779	006c577f	7
006c5904	006c590f	12
006c59e9	006c59eb	3
006c59ff	006c5a01	3
006c5a4d	006c5a4f	3
006c5a63	006c5a65	3
006c5ab1	006c5ab3	3
006c5ad3	006c5ad5	3
006c5ae9	006c5aef	7
006c5b21	006c5b2f	15
006c5d59	006c5d5f	7
006c5ddf	006c5ddf	1
006c5e0a	006c5e0f	6
006c5e8f	006c5e8f	1
006c5eba	006c5ebf	6
006c5f3f	006c5f3f	1
006c5f6a	006c5f6f	6
006c5fef	006c5fef	1
006c601a	006c601f	6
006c609f	006c609f	1
006c60ca	006c6175	172
006c618b	006c618f	5
006c620f	006c620f	1
006c623a	006c623f	6
006c62bf	006c62bf	1
006c62ea	006c62ef	6
006c636f	006c636f	1
006c639a	006c639f	6
006c641f	006c641f	1
006c644a	006c644f	6
006c658f	006c658f	1
006c65ba	006c65bf	6
006c663f	006c663f	1
006c666a	006c666f	6
006c66ef	006c66ef	1
006c671a	006c671f	6
006c679f	006c679f	1
006c67ca	006c67cf	6
006c684f	006c684f	1
006c687a	006c687f	6
006c68ff	006c68ff	1
006c692a	006c692f	6
006c696c	006c696d	2
006c6978	006c69af	56
006c69da	006c69df	6
006c6a5f	006c6a5f	1
006c6a8a	006c6a8f	6
006c6b0f	006c6b0f	1
006c6b3a	006c6b3f	6
006c6bbf	006c6bbf	1
006c6bea	006c6bef	6
006c6cc5	006c6cc7	3
006c6ce4	006c6ce6	3
006c6cf7	006c6cff	9
006c6d0e	006c6d0f	2
006c6d3c	006c6d3f	4
006c6e1c	006c6e1f	4
006c6f0b	006c6f0d	3
006c6f21	006c6f23	3
006c6f6f	006c6f71	3
006c6f85	006c6f87	3
006c6fd7	006c6fd9	3
006c6fed	006c6fef	3
006c7046	006c7048	3
006c705b	006c705d	3
006c70af	006c70b1	3
006c70d0	006c70d2	3
006c70e6	006c70ef	10
006c70fc	006c70ff	4
006c7515	006c751f	11
006c760c	006c7613	8
006c76e8	006c76ea	3
006c7707	006c7709	3
006c7805	006c7807	3
006c7824	006c7826	3
006c7837	006c783f	9
006c795b	006c795f	5
006c79e7	006c79e9	3
006c7a0c	006c7a0f	4
006c7aa5	006c7aaf	11
006c7ae7	006c7aef	9
006c7bc5	006c7bc7	3
006c7be4	006c7be6	3
006c7bf7	006c7bff	9
006c7d1b	006c7d1f	5
006c7da7	006c7da9	3
006c7dcc	006c7dcf	4
006c7e65	006c7e6f	11
006c7eb8	006c7eba	3
006c7ec9	006c7ecf	7
006c7fa5	006c7fa7	3
006c7fc4	006c7fc6	3
006c7fd7	006c7fdf	9
006c8024	006c802f	12
006c810c	006c810f	4
006c818f	006c818f	1
006c81ad	006c81af	3
006c8285	006c8287	3
006c82a4	006c82a6	3
006c82b7	006c82bf	9
006c8313	006c831f	13
006c843b	006c843f	5
006c84bf	006c84bf	1
006c8503	006c850f	13
006c85e6	006c85ef	10
006c86c5	006c86c7	3
006c86e4	006c86e6	3
006c86f7	006c86ff	9
006c8753	006c875f	13
006c887b	006c887f	5
006c88ff	006c88ff	1
006c893c	006c893f	4
006c89d5	006c89df	11
006c8a28	006c8a2a	3
006c8a39	006c8a3f	7
006c8b15	006c8b17	3
006c8b34	006c8b36	3
006c8b47	006c8b4f	9
006c8b84	006c8b8f	12
006c8c6c	006c8c6f	4
006c8d45	006c8d47	3
006c8d64	006c8d66	3
006c8d77	006c8d7f	9
006c8db4	006c8dbf	12
006c8e9c	006c8e9f	4
006c8f1f	006c8f1f	1
006c8f4a	006c8f4f	6
006c9025	006c9027	3
006c9044	006c9046	3
006c9057	006c905f	9
006c9094	006c909f	12
006c917c	006c917f	4
006c9261	006c9263	3
006c9276	006c9278	3
006c92c7	006c92c9	3
006c92e5	006c92e7	3
006c92f8	006c92ff	8
006c94c4	006c94cf	12
006c95a5	006c95a7	3
006c95c4	006c95c6	3
006c95d7	006c95df	9
006c9638	006c963f	8
006c971c	006c971f	4
006c97db	006c97df	5
006c98b5	006c98b7	3
006c98d4	006c98d6	3
006c98e7	006c98ef	9
006c9951	006c995f	15
006c9a3c	006c9a3f	4
006c9b21	006c9b23	3
006c9b36	006c9b38	3
006c9b87	006c9b89	3
006c9ba5	006c9ba7	3
006c9bb8	006c9bbf	8
006c9bf1	006c9bff	15
006c9d84	006c9d8f	12
006c9e65	006c9e67	3
006c9e84	006c9e86	3
006c9e97	006c9e9f	9
006c9edf	006c9edf	1
006c9fbc	006c9fbf	4
006ca03f	006ca03f	1
006ca05d	006ca05f	3
006ca0f5	006ca0ff	11
006ca148	006ca14a	3
006ca159	006ca15f	7
006ca1df	006ca1df	1
006ca213	006ca21f	13
006ca2f5	006ca2f7	3
006ca314	006ca316	3
006ca327	006ca32f	9
006ca35f	006ca35f	1
006ca43c	006ca43f	4
006ca4bf	006ca4bf	1
006ca4e9	006ca4ef	7
006ca5d1	006ca5d3	3
006ca5e6	006ca5e8	3
006ca637	006ca639	3
006ca655	006ca657	3
006ca668	006ca66f	8
006ca872	006ca87f	14
006ca91c	006ca91e	3
006ca941	006ca94f	15
006ca9e5	006ca9ef	11
006caa38	006caa3a	3
006caa49	006caa4f	7
006cab25	006cab27	3
006cab44	006cab46	3
006cab57	006cab5f	9
006cab89	006cab8f	7
006cac6c	006cac6f	4
006cacef	006cacef	1
006cad21	006cad2f	15
006cae05	006cae07	3
006cae24	006cae26	3
006cae37	006cae3f	9
006cae72	006cae7f	14
006caf5c	006caf5f	4
006cb035	006cb037	3
006cb054	006cb056	3
006cb067	006cb06f	9
006cb18b	006cb18f	5
006cb1f3	006cb1f5	3
006cb206	006cb20f	10
006cb2e5	006cb2e7	3
006cb304	006cb306	3
006cb317	006cb31f	9
006cb43b	006cb43f	5
006cb4a3	006cb4a5	3
006cb4b6	006cb4bf	10
006cb595	006cb597	3
006cb5b4	006cb5b6	3
006cb5c7	006cb5cf	9
006cb6eb	006cb6ef	5
006cb75b	006cb75d	3
006cb76e	006cb76f	2
006cb845	006cb847	3
006cb864	006cb866	3
006cb877	006cb87f	9
006cb8a9	006cb8af	7
006cb98c	006cb98f	4
006cba65	006cba67	3
006cba84	006cba86	3
006cba97	006cba9f	9
006cbacf	006cbacf	1
006cbbac	006cbbaf	4
006cbc85	006cbc87	3
006cbca4	006cbca6	3
006cbcb7	006cbcbf	9
006cbcd3	006cbcdf	13
006cbd0f	006cbd0f	1
006cbdec	006cbdef	4
006cbec5	006cbec7	3
006cbee4	006cbee6	3
006cbef7	006cbeff	9
006cc01b	006cc01f	5
006cc083	006cc085	3
006cc096	006cc09f	10
006cc175	006cc177	3
006cc194	006cc196	3
006cc1a7	006cc1af	9
006cc2cb	006cc2cf	5
006cc346	006cc348	3
006cc359	006cc35b	3
006cc36c	006cc36f	4
006cc405	006cc40f	11
006cc45f	006cc461	3
006cc545	006cc547	3
006cc564	006cc566	3
006cc577	006cc57f	9
006cc5bf	006cc5bf	1
006cc69c	006cc69f	4
006cc775	006cc777	3
006cc794	006cc796	3
006cc7a7	006cc7af	9
006cc7ec	006cc7ef	4
006cc8cc	006cc8cf	4
006cc986	006cc98f	10
006cca65	006cca67	3
006cca84	006cca86	3
006cca97	006cca9f	9
006ccadb	006ccadf	5
006ccbbc	006ccbbf	4
006ccc95	006ccc97	3
006cccb4	006cccb6	3
006cccc7	006ccccf	9
006ccd0b	006ccd0f	5
006ccdec	006ccdef	4
006ccec5	006ccec7	3
006ccee4	006ccee6	3
006ccef7	006cceff	9
006ccf3b	006ccf3f	5
006cd01c	006cd01f	4
006cd0f5	006cd0f7	3
006cd114	006cd116	3
006cd127	006cd12f	9
006cd16b	006cd16f	5
006cd24c	006cd24f	4
006cd33b	006cd33d	3
006cd35a	006cd35c	3
006cd36d	006cd36f	3
006cd44c	006cd44f	4
006cd491	006cd49f	15
006cd575	006cd577	3
006cd594	006cd596	3
006cd5a7	006cd5af	9
006cd6cb	006cd6cf	5
006cd738	006cd73a	3
006cd75b	006cd75f	5
006cd835	006cd837	3
006cd854	006cd856	3
006cd867	006cd86f	9
006cd98b	006cd98f	5
006cd9f4	006cd9f6	3
006cda07	006cda0f	9
006cdae5	006cdae7	3
006cdb04	006cdb06	3
006cdb17	006cdb1f	9
006cdb78	006cdb7f	8
006cdc5c	006cdc5f	4
006cdd4a	006cdd4c	3
006cdd69	006cdd6b	3
006cdd7c	006cdd7f	4
006cde9b	006cde9f	5
006cdf4f	006cdf51	3
006cdf72	006cdf7f	14
006ce068	006ce06a	3
006ce07e	006ce080	3
006ce0cc	006ce0ce	3
006ce0e2	006ce0e4	3
006ce134	006ce136	3
006ce14a	006ce14c	3
006ce1a3	006ce1a5	3
006ce1c4	006ce1c6	3
006ce1da	006ce1df	6
006ce56c	006ce56f	4
006ce607	006ce609	3
006ce61a	006ce61f	6
006ce6b5	006ce6bf	11
006ce6ce	006ce6cf	2
006ce717	006ce719	3
006ce728	006ce72f	8
006ce805	006ce807	3
006ce824	006ce826	3
006ce837	006ce83f	9
006ce852	006ce85f	14
006ce8d7	006ce8df	9
006ce9fb	006ce9ff	5
006cead5	006cead7	3
006ceaf4	006ceaf6	3
006ceb07	006ceb0f	9
006ceb87	006ceb8f	9
006cecab	006cecaf	5
006ced85	006ced87	3
006ceda4	006ceda6	3
006cedb7	006cedbf	9
006cee14	006cee1f	12
006ceefc	006ceeff	4
006cefb6	006cefbf	10
006cf095	006cf097	3
006cf0b4	006cf0b6	3
006cf0c7	006cf0cf	9
006cf1fc	006cf1ff	4
006cf2eb	006cf2ed	3
006cf30a	006cf30c	3
006cf31d	006cf31f	3
006cf32e	006cf32f	2
006cf44b	006cf44f	5
006cf4e4	006cf4e6	3
006cf4f8	006cf4fa	3
006cf51d	006cf51f	3
006cf60b	006cf60d	3
006cf62a	006cf62c	3
006cf63d	006cf63f	3
006cf75b	006cf75f	5
006cf7b2	006cf7b4	3
006cf82c	006cf82e	3
006cf915	006cf917	3
006cf934	006cf936	3
006cf947	006cf94f	9
006cf962	006cf96f	14
006cfa9c	006cfa9f	4
006cfb75	006cfb77	3
006cfb94	006cfb96	3
006cfba7	006cfbaf	9
006cfc09	006cfc0f	7
006cfcec	006cfcef	4
006cfdc5	006cfdc7	3
006cfde4	006cfde6	3
006cfdf7	006cfdff	9
006cfe59	006cfe5f	7
006cff3c	006cff3f	4
006d0015	006d0017	3
006d0034	006d0036	3
006d0047	006d004f	9
006d00a9	006d00af	7
006d018c	006d018f	4
006d0265	006d0267	3
006d0284	006d0286	3
006d0297	006d029f	9
006d03cc	006d03cf	4
006d04a5	006d04a7	3
006d04c4	006d04c6	3
006d04d7	006d04df	9
006d060c	006d060f	4
006d06e5	006d06e7	3
006d0704	006d0706	3
006d0717	006d071f	9
006d0752	006d075f	14
006d083c	006d083f	4
006d092b	006d092d	3
006d094a	006d094c	3
006d095d	006d095f	3
006d0a7b	006d0a7f	5
006d0b14	006d0b16	3
006d0b28	006d0b2a	3
006d0b4d	006d0b4f	3
006d0c38	006d0c3a	3
006d0c4e	006d0c50	3
006d0c98	006d0c9a	3
006d0cb7	006d0cb9	3
006d0cca	006d0ccf	6
006d0cde	006d0cdf	2
006d0ee1	006d0eef	15
006d0fbc	006d0fbe	3
006d0fd0	006d0fd2	3
006d0ff0	006d0ff2	3
006d1017	006d101f	9
006d110b	006d110d	3
006d112a	006d112c	3
006d113d	006d113f	3
006d125b	006d125f	5
006d12b2	006d12b4	3
006d132c	006d132e	3
006d1415	006d1417	3
006d1434	006d1436	3
006d1447	006d144f	9
006d1487	006d148f	9
006d160c	006d160f	4
006d16e5	006d16e7	3
006d1704	006d1706	3
006d1717	006d171f	9
006d189c	006d189f	4
006d1975	006d1977	3
006d1994	006d1996	3
006d19a7	006d19af	9
006d1a47	006d1a4f	9
006d1b2c	006d1b2f	4
006d1c05	006d1c07	3
006d1c24	006d1c26	3
006d1c37	006d1c3f	9
006d1ce6	006d1cef	10
006d1dcc	006d1dcf	4
006d1ea5	006d1ea7	3
006d1ec4	006d1ec6	3
006d1ed7	006d1edf	9
006d1f1a	006d1f1f	6
006d1fc6	006d1fcf	10
006d20ac	006d20af	4
006d2185	006d2187	3
006d21a4	006d21a6	3
006d21b7	006d21bf	9
006d2266	006d226f	10
006d234c	006d234f	4
006d2425	006d2427	3
006d2444	006d2446	3
006d2457	006d245f	9
006d2506	006d250f	10
006d25ec	006d25ef	4
006d26c5	006d26c7	3
006d26e4	006d26e6	3
006d26f7	006d26ff	9
006d27b2	006d27bf	14
006d289c	006d289f	4
006d2975	006d2977	3
006d2994	006d2996	3
006d29a7	006d29af	9
006d2a56	006d2a5f	10
006d2b3c	006d2b3f	4
006d2c15	006d2c17	3
006d2c34	006d2c36	3
006d2c47	006d2c4f	9
006d2ce8	006d2cef	8
006d2dcc	006d2dcf	4
006d2ea6	006d2ea8	3
006d2ebc	006d2ebe	3
006d2f0a	006d2f0c	3
006d2f29	006d2f2b	3
006d2f3c	006d2f3f	4
006d3124	006d312f	12
006d3206	006d3208	3
006d321c	006d321e	3
006d326a	006d326c	3
006d3289	006d328b	3
006d329c	006d329f	4
006d3484	006d348f	12
006d350f	006d350f	1
006d3567	006d356f	9
006d3645	006d3647	3
006d3664	006d3666	3
006d3677	006d367f	9
006d36b8	006d36bf	8
006d3703	006d370f	13
006d37ec	006d37ef	4
006d38c5	006d38c7	3
006d38e4	006d38e6	3
006d38f7	006d38ff	9
006d3945	006d394f	11
006d3a2c	006d3a2f	4
006d3b05	006d3b07	3
006d3b24	006d3b26	3
006d3b37	006d3b3f	9
006d3b85	006d3b8f	11
006d3c6c	006d3c6f	4
006d3d45	006d3d47	3
006d3d64	006d3d66	3
006d3d77	006d3d7f	9
006d3dba	006d3dbf	6
006d3e25	006d3e2f	11
006d3f1c	006d3f1f	4
006d3ff5	006d3ff7	3
006d4014	006d4016	3
006d4027	006d402f	9
006d40c7	006d40cf	9
006d41ac	006d41af	4
006d4286	006d4288	3
006d429c	006d429e	3
006d42ea	006d42ec	3
006d4309	006d430b	3
006d431c	006d431f	4
006d44a4	006d44af	12
006d450b	006d450f	5
006d4521	006d452f	15
006d4606	006d4608	3
006d461c	006d461e	3
006d466a	006d466c	3
006d4689	006d468b	3
006d469c	006d469f	4
006d4824	006d482f	12
006d488b	006d488f	5
006d48a1	006d48af	15
006d4985	006d4987	3
006d49a4	006d49a6	3
006d49b7	006d49bf	9
006d49fa	006d49ff	6
006d4a97	006d4a9f	9
006d4b7c	006d4b7f	4
006d4c36	006d4c3f	10
006d4d15	006d4d17	3
006d4d34	006d4d36	3
006d4d47	006d4d4f	9
006d4d95	006d4d9f	11
006d4e7c	006d4e7f	4
006d4f55	006d4f57	3
006d4f74	006d4f76	3
006d4f87	006d4f8f	9
006d4fd5	006d4fdf	11
006d50bc	006d50bf	4
006d5195	006d5197	3
006d51b4	006d51b6	3
006d51c7	006d51cf	9
006d5215	006d521f	11
006d52fc	006d52ff	4
006d5383	006d538f	13
006d53dd	006d53df	3
006d5463	006d546f	13
006d54bd	006d54bf	3
006d5543	006d554f	13
006d559d	006d559f	3
006d5675	006d5677	3
006d5694	006d5696	3
006d56a7	006d56af	9
006d5756	006d575f	10
006d583c	006d583f	4
006d5915	006d5917	3
006d5934	006d5936	3
006d5947	006d594f	9
006d59f6	006d59ff	10
006d5adc	006d5adf	4
006d5bb5	006d5bb7	3
006d5bd4	006d5bd6	3
006d5be7	006d5bef	9
006d5c2a	006d5c2f	6
006d5cd6	006d5cdf	10
006d5dbc	006d5dbf	4
006d5e95	006d5e97	3
006d5eb4	006d5eb6	3
006d5ec7	006d5ecf	9
006d5f76	006d5f7f	10
006d605c	006d605f	4
006d6135	006d6137	3
006d6154	006d6156	3
006d6167	006d616f	9
006d6216	006d621f	10
006d62fc	006d62ff	4
006d63d5	006d63d7	3
006d63f4	006d63f6	3
006d6407	006d6473	109
006d64b6	006d6551	156
006d659c	006d659f	4
006d6675	006d6677	3
006d6694	006d6696	3
006d66a7	006d66af	9
006d6756	006d675f	10
006d683c	006d683f	4
006d6915	006d6917	3
006d6934	006d6936	3
006d6947	006d694f	9
006d69f6	006d69ff	10
006d6adc	006d6adf	4
006d6bb5	006d6bb7	3
006d6bd4	006d6bd6	3
006d6be7	006d6bef	9
006d6c96	006d6c9f	10
006d6d7c	006d6d7f	4
006d6e55	006d6e57	3
006d6e74	006d6e76	3
006d6e87	006d6e8f	9
006d6f36	006d6f3f	10
006d701c	006d701f	4
006d70f5	006d70f7	3
006d7114	006d7116	3
006d7127	006d712f	9
006d71d6	006d71df	10
006d72bc	006d72bf	4
006d7395	006d7397	3
006d73b4	006d73b6	3
006d73c7	006d73cf	9
006d7476	006d747f	10
006d755c	006d755f	4
006d7635	006d7637	3
006d7654	006d7656	3
006d7667	006d766f	9
006d7716	006d771f	10
006d77fc	006d77ff	4
006d78d5	006d78d7	3
006d78f4	006d78f6	3
006d7907	006d790f	9
006d79b6	006d79bf	10
006d7a9c	006d7a9f	4
006d7b75	006d7b77	3
006d7b94	006d7b96	3
006d7ba7	006d7baf	9
006d7c56	006d7c5f	10
006d7d3c	006d7d3f	4
006d7e15	006d7e17	3
006d7e34	006d7e36	3
006d7e47	006d7e4f	9
006d7ef6	006d7eff	10
006d7fdc	006d7fdf	4
006d80b5	006d80b7	3
006d80d4	006d80d6	3
006d80e7	006d80ef	9
006d8196	006d819f	10
006d827c	006d827f	4
006d8355	006d8357	3
006d8374	006d8376	3
006d8387	006d838f	9
006d8436	006d843f	10
006d851c	006d851f	4
006d85f5	006d85f7	3
006d8614	006d8616	3
006d8627	006d862f	9
006d86d6	006d86df	10
006d87bc	006d87bf	4
006d8895	006d8897	3
006d88b4	006d88b6	3
006d88c7	006d88cf	9
006d8967	006d896f	9
006d8a4c	006d8a4f	4
006d8b25	006d8b27	3
006d8b44	006d8b46	3
006d8b57	006d8b5f	9
006d8bf7	006d8bff	9
006d8cdc	006d8cdf	4
006d8db5	006d8db7	3
006d8dd4	006d8dd6	3
006d8de7	006d8def	9
006d8e87	006d8e8f	9
006d8f6c	006d8f6f	4
006d9045	006d9047	3
006d9064	006d9066	3
006d9077	006d907f	9
006d9117	006d911f	9
006d91fc	006d91ff	4
006d92d5	006d92d7	3
006d92f4	006d92f6	3
006d9307	006d930f	9
006d93a7	006d93af	9
006d948c	006d948f	4
006d9565	006d9567	3
006d9584	006d9586	3
006d9597	006d959f	9
006d9637	006d963f	9
006d971c	006d971f	4
006d97f5	006d97f7	3
006d9814	006d9816	3
006d9827	006d982f	9
006d98a2	006d98af	14
006d999c	006d999f	4
006d9a75	006d9a77	3
006d9a94	006d9a96	3
006d9aa7	006d9aaf	9
006d9b22	006d9b2f	14
006d9c1c	006d9c1f	4
006d9cf5	006d9cf7	3
006d9d14	006d9d16	3
006d9d27	006d9d2f	9
006d9eac	006d9eaf	4
006d9f85	006d9f87	3
006d9fa4	006d9fa6	3
006d9fb7	006d9fbf	9
006da057	006da05f	9
006da13c	006da13f	4
006da215	006da217	3
006da234	006da236	3
006da247	006da24f	9
006da3cc	006da3cf	4
006da4a5	006da4a7	3
006da4c4	006da4c6	3
006da4d7	006da4df	9
006da65c	006da65f	4
006da735	006da737	3
006da754	006da756	3
006da767	006da76f	9
006da807	006da80f	9
006da8ec	006da8ef	4
006da9c5	006da9c7	3
006da9e4	006da9e6	3
006da9f7	006da9ff	9
006daa97	006daa9f	9
006dab7c	006dab7f	4
006dac55	006dac57	3
006dac74	006dac76	3
006dac87	006dac8f	9
006dacc5	006daccf	11
006dad67	006dad6f	9
006dae4c	006dae4f	4
006daf25	006daf27	3
006daf44	006daf46	3
006daf57	006daf5f	9
006daff7	006dafff	9
006db0dc	006db0df	4
006db1b5	006db1b7	3
006db1d4	006db1d6	3
006db1e7	006db1ef	9
006db1fe	006db1ff	2
006db221	006db22f	15
006db30c	006db30f	4
006db3f1	006db3f3	3
006db406	006db408	3
006db457	006db459	3
006db475	006db477	3
006db488	006db48f	8
006db4bf	006db4bf	1
006db644	006db64f	12
006db731	006db733	3
006db747	006db749	3
006db795	006db797	3
006db7ab	006db7ad	3
006db7f9	006db7fb	3
006db81b	006db81d	3
006db831	006db83f	15
006db883	006db88f	13
006dbab9	006dbabf	7
006dbba1	006dbba3	3
006dbbb6	006dbbb8	3
006dbc07	006dbc09	3
006dbc25	006dbc27	3
006dbc38	006dbc3f	8
006dbc6f	006dbc6f	1
006dbdf4	006dbdff	12
006dbee1	006dbee3	3
006dbef6	006dbef8	3
006dbf47	006dbf49	3
006dbf65	006dbf67	3
006dbf78	006dbf7f	8
006dbfaf	006dbfaf	1
006dc134	006dc13f	12
006dc22b	006dc22d	3
006dc24a	006dc24c	3
006dc25d	006dc25f	3
006dc26e	006dc26f	2
006dc38b	006dc38f	5
006dc424	006dc426	3
006dc438	006dc43a	3
006dc45d	006dc45f	3
006dc54b	006dc54d	3
006dc56a	006dc56c	3
006dc57d	006dc57f	3
006dc69b	006dc69f	5
006dc6f2	006dc6f4	3
006dc76c	006dc76e	3
006dc855	006dc857	3
006dc874	006dc876	3
006dc887	006dc88f	9
006dc8de	006dc8df	2
006dc9bc	006dc9bf	4
006dca95	006dca97	3
006dcab4	006dcab6	3
006dcac7	006dcacf	9
006dcb28	006dcb2f	8
006dcc0c	006dcc0f	4
006dcce5	006dcce7	3
006dcd04	006dcd06	3
006dcd17	006dcd1f	9
006dcd9a	006dcd9f	6
006dce7c	006dce7f	4
006dcf55	006dcf57	3
006dcf74	006dcf76	3
006dcf87	006dcf8f	9
006dcfcd	006dcfcf	3
006dd0ac	006dd0af	4
006dd185	006dd187	3
006dd1a4	006dd1a6	3
006dd1b7	006dd1bf	9
006dd2ec	006dd2ef	4
006dd3c5	006dd3c7	3
006dd3e4	006dd3e6	3
006dd3f7	006dd3ff	9
006dd489	006dd48f	7
006dd56c	006dd56f	4
006dd645	006dd647	3
006dd664	006dd666	3
006dd677	006dd67f	9
006dd7ac	006dd7af	4
006dd885	006dd887	3
006dd8a4	006dd8a6	3
006dd8b7	006dd8bf	9
006dd91d	006dd91f	3
006dd9fc	006dd9ff	4
006ddad5	006ddad7	3
006ddaf4	006ddaf6	3
006ddb07	006ddb0f	9
006ddc3c	006ddc3f	4
006ddd15	006ddd17	3
006ddd34	006ddd36	3
006ddd47	006ddd4f	9
006ddda9	006dddaf	7
006dde8c	006dde8f	4
006ddf65	006ddf67	3
006ddf84	006ddf86	3
006ddf97	006ddf9f	9
006ddfb2	006ddfbf	14
006de019	006de01f	7
006de0fc	006de0ff	4
006de1d5	006de1d7	3
006de1f4	006de1f6	3
006de207	006de20f	9
006de269	006de26f	7
006de34c	006de34f	4
006de425	006de427	3
006de444	006de446	3
006de457	006de45f	9
006de4b9	006de4bf	7
006de59c	006de59f	4
006de675	006de677	3
006de694	006de696	3
006de6a7	006de6af	9
006de7dc	006de7df	4
006de8b5	006de8b7	3
006de8d4	006de8d6	3
006de8e7	006de8ef	9
006dea1c	006dea1f	4
006deaf5	006deaf7	3
006deb14	006deb16	3
006deb27	006deb2f	9
006deb8d	006deb8f	3
006dec6c	006dec6f	4
006ded45	006ded47	3
006ded64	006ded66	3
006ded77	006ded7f	9
006dedd9	006deddf	7
006deebc	006deebf	4
006def95	006def97	3
006defb4	006defb6	3
006defc7	006defcf	9
006df029	006df02f	7
006df10c	006df10f	4
006df1e5	006df1e7	3
006df204	006df206	3
006df217	006df21f	9
006df23b	006df23f	5
006df31c	006df31f	4
006df401	006df403	3
006df416	006df418	3
006df467	006df469	3
006df485	006df487	3
006df498	006df49f	8
006df4cf	006df4cf	1
006df654	006df65f	12
006df757	006df759	3
006df76c	006df76e	3
006df7bd	006df7bf	3
006df7db	006df7dd	3
006df7ee	006df7ef	2
006df9b3	006df9bf	13
006dfa5a	006dfa5c	3
006dfa6e	006dfa70	3
006dfa93	006dfa9f	13
006dfb8b	006dfb8d	3
006dfbaa	006dfbac	3
006dfbbd	006dfbbf	3
006dfbce	006dfbcf	2
006dfceb	006dfcef	5
006dfd42	006dfd44	3
006dfdbc	006dfdbe	3
006dfea5	006dfea7	3
006dfec4	006dfec6	3
006dfed7	006dfedf	9
006dfefb	006dfeff	5
006dffdc	006dffdf	4
006e00b6	006e00b8	3
006e00cc	006e00ce	3
006e011a	006e011c	3
006e0139	006e013b	3
006e014c	006e014f	4
006e0162	006e016f	14
006e019e	006e019f	2
006e0324	006e032f	12
006e0405	006e0407	3
006e0424	006e0426	3
006e0437	006e043f	9
006e051c	006e051f	4
006e0601	006e0603	3
006e0616	006e0618	3
006e0667	006e0669	3
006e0685	006e0687	3
006e0698	006e069f	8
006e06cf	006e06cf	1
006e0854	006e085f	12
006e08df	006e08df	1
006e090f	006e090f	1
006e09c6	006e09cf	10
006e0abb	006e0abd	3
006e0ada	006e0adc	3
006e0aed	006e0aef	3
006e0afc	006e0aff	4
006e0c1b	006e0c1f	5
006e0c9f	006e0ca1	3
006e0cb3	006e0cb5	3
006e0cd6	006e0cdf	10
006e0d5f	006e0d5f	1
006e0d83	006e0d8f	13
006e0e7b	006e0e7d	3
006e0e9a	006e0e9c	3
006e0ead	006e0eaf	3
006e0fcb	006e0fcf	5
006e1045	006e1047	3
006e1068	006e106f	8
006e115b	006e115d	3
006e117a	006e117c	3
006e118d	006e118f	3
006e12ab	006e12af	5
006e1325	006e1327	3
006e1348	006e134f	8
006e13e5	006e13ef	11
006e1426	006e142f	10
006e14ef	006e14ef	1
006e15db	006e15dd	3
006e15fa	006e15fc	3
006e160d	006e160f	3
006e16ec	006e16ef	4
006e181b	006e181d	3
006e183a	006e183c	3
006e184d	006e184f	3
006e192c	006e192f	4
006e1a5b	006e1a5d	3
006e1a7a	006e1a7c	3
006e1a8d	006e1a8f	3
006e1b6c	006e1b6f	4
006e1c9b	006e1c9d	3
006e1cba	006e1cbc	3
006e1ccd	006e1ccf	3
006e1deb	006e1def	5
006e1e85	006e1e8f	11
006e1ec6	006e1ecf	10
006e1fc7	006e1fc9	3
006e1fdc	006e1fde	3
006e202d	006e202f	3
006e204b	006e204d	3
006e205e	006e205f	2
006e2223	006e222f	13
006e22ad	006e22af	3
006e23bb	006e23bd	3
006e23d1	006e23d3	3
006e241b	006e241d	3
006e2431	006e2433	3
006e247b	006e247d	3
006e249d	006e249f	3
006e24b3	006e24bf	13
006e27a2	006e27af	14
006e2869	006e286b	3
006e2889	006e288b	3
006e28ab	006e28ad	3
006e28ce	006e28cf	2
006e29bb	006e29bd	3
006e29d1	006e29d3	3
006e2a1b	006e2a1d	3
006e2a31	006e2a33	3
006e2a7b	006e2a7d	3
006e2a9d	006e2a9f	3
006e2ab3	006e2abf	13
006e2da2	006e2daf	14
006e2e69	006e2e6b	3
006e2e89	006e2e8b	3
006e2eab	006e2ead	3
006e2ece	006e2ecf	2
006e2fa5	006e2fa7	3
006e2fc4	006e2fc6	3
006e2fd7	006e2fdf	9
006e2fec	006e2fef	4
006e3034	006e303f	12
006e311c	006e311f	4
006e31f5	006e31f7	3
006e3214	006e3216	3
006e3227	006e322f	9
006e323e	006e323f	2
006e331c	006e331f	4
006e340b	006e340d	3
006e342a	006e342c	3
006e343d	006e343f	3
006e344e	006e344f	2
006e356b	006e356f	5
006e35e8	006e35ea	3
006e360b	006e360f	5
006e368f	006e368f	1
006e36a1	006e36af	15
006e36fe	006e36ff	2
006e37d5	006e37d7	3
006e37f4	006e37f6	3
006e3807	006e380f	9
006e396b	006e396f	5
006e39fa	006e39fc	3
006e3a0d	006e3a0f	3
006e3ae5	006e3ae7	3
006e3b04	006e3b06	3
006e3b17	006e3b1f	9
006e3b31	006e3b3f	15
006e3c5b	006e3c5f	5
006e3cec	006e3cee	3
006e3cff	006e3cff	1
006e3dd5	006e3dd7	3
006e3df4	006e3df6	3
006e3e07	006e3e0f	9
006e3e21	006e3e2f	15
006e3e66	006e3e6f	10
006e3f8b	006e3f8f	5
006e401c	006e401e	3
006e402f	006e402f	1
006e4105	006e4107	3
006e4124	006e4126	3
006e4137	006e413f	9
006e4151	006e415f	15
006e4195	006e419f	11
006e42bb	006e42bf	5
006e434b	006e434d	3
006e435e	006e435f	2
006e4435	006e4437	3
006e4454	006e4456	3
006e4467	006e446f	9
006e44b1	006e44bf	15
006e4524	006e452f	12
006e460c	006e460f	4
006e46e5	006e46e7	3
006e4704	006e4706	3
006e4717	006e471f	9
006e474a	006e474f	6
006e482c	006e482f	4
006e491a	006e491c	3
006e4939	006e493b	3
006e494c	006e494f	4
006e495c	006e495f	4
006e4a7b	006e4a7f	5
006e4b31	006e4b33	3
006e4b54	006e4b5f	12
006e4c57	006e4c59	3
006e4c6c	006e4c6e	3
006e4cbd	006e4cbf	3
006e4cdb	006e4cdd	3
006e4cee	006e4cef	2
006e4eb3	006e4ebf	13
006e4f3e	006e4f40	3
006e4f61	006e4f6f	15
006e5067	006e5069	3
006e507c	006e507e	3
006e50cd	006e50cf	3
006e50eb	006e50ed	3
006e50fe	006e50ff	2
006e52c3	006e52cf	13
006e534e	006e5350	3
006e5371	006e537f	15
006e5477	006e5479	3
006e548c	006e548e	3
006e54dd	006e54df	3
006e54fb	006e54fd	3
006e550e	006e550f	2
006e56d3	006e56df	13
006e575e	006e5760	3
006e5781	006e578f	15
006e5887	006e5889	3
006e589c	006e589e	3
006e58ed	006e58ef	3
006e590b	006e590d	3
006e591e	006e591f	2
006e5ae3	006e5aef	13
006e5b6e	006e5b70	3
006e5b91	006e5b9f	15
006e5c97	006e5c99	3
006e5cac	006e5cae	3
006e5cfd	006e5cff	3
006e5d1b	006e5d1d	3
006e5d2e	006e5d2f	2
006e5ef3	006e5eff	13
006e5f7e	006e5f80	3
006e5fa1	006e5faf	15
006e60a7	006e60a9	3
006e60bc	006e60be	3
006e610d	006e610f	3
006e612b	006e612d	3
006e613e	006e613f	2
006e614c	006e616b	32
006e620f	006e62ed	223
006e6313	006e631f	13
006e639e	006e63a0	3
006e63c1	006e63cf	15
006e64bb	006e64bd	3
006e64da	006e64dc	3
006e64ed	006e64ef	3
006e64fe	006e64ff	2
006e661b	006e661f	5
006e6695	006e6697	3
006e66b8	006e66bf	8
006e6755	006e675f	11
006e6825	006e682f	11
006e68f5	006e68ff	11
006e695c	006e6960	5
006e69c5	006e69cf	11
006e6a95	006e6a9f	11
006e6ab4	006e6abf	12
006e6bdb	006e6bdd	3
006e6bfa	006e6bfc	3
006e6c0d	006e6c0f	3
006e6cec	006e6cef	4
006e6d29	006e6d2f	7
006e6dc5	006e6dcf	11
006e6e95	006e6e9f	11
006e6f65	006e6f6f	11
006e7035	006e703f	11
006e7105	006e710f	11
006e71d5	006e71df	11
006e72a5	006e72af	11
006e73cb	006e73cd	3
006e73ea	006e73ec	3
006e73fd	006e73ff	3
006e74dc	006e74df	4
006e75cb	006e75cd	3
006e75ea	006e75ec	3
006e75fd	006e75ff	3
006e76dc	006e76df	4
006e7719	006e771f	7
006e780b	006e780d	3
006e782a	006e782c	3
006e783d	006e783f	3
006e795b	006e795f	5
006e79ce	006e79d0	3
006e79f1	006e79ff	15
006e7ad5	006e7ad7	3
006e7af4	006e7af6	3
006e7b07	006e7b0f	9
006e7b2c	006e7b2f	4
006e7c0c	006e7c0f	4
006e7ce5	006e7ce7	3
006e7d04	006e7d06	3
006e7d17	006e7d1f	9
006e7d43	006e7d4f	13
006e7e2c	006e7e2f	4
006e7f05	006e7f07	3
006e7f24	006e7f26	3
006e7f37	006e7f3f	9
006e7f5c	006e7f5f	4
006e803c	006e803f	4
006e8115	006e8117	3
006e8134	006e8136	3
006e8147	006e814f	9
006e8186	006e818f	10
006e827c	006e827f	4
006e8355	006e8357	3
006e8374	006e8376	3
006e8387	006e838f	9
006e83c6	006e83cf	10
006e8466	006e846f	10
006e854c	006e854f	4
006e8598	006e859f	8
006e8647	006e864f	9
006e86e6	006e86ef	10
006e8723	006e872f	13
006e87a8	006e87b3	12
006e87b5	006e87bf	11
006e8836	006e8838	3
006e885b	006e885d	3
006e8864	006e888f	44
006e88a3	006e88af	13
006e88c7	006e88cf	9
006e88d4	006e88df	12
006e88fe	006e88ff	2
006e8923	006e892f	13
006e8957	006e895f	9
006e89d4	006e89df	12
006e8bd8	006e8bdf	8
006e8d0f	006e8d0f	1
006e8d35	006e8d40	12
006e8d47	006e8d4f	9
006e8dce	006e8dd9	12
006e8ddb	006e8ddf	5
006e8e73	006e8e7e	12
006e8eef	006e8eef	1
006e8f9c	006e8f9f	4
006e90d4	006e90df	12
006e90fb	006e90ff	5
006e961a	006e961f	6
006e9687	006e968f	9
006e96f9	006e96ff	7
006e9729	006e972f	7
006e980f	006e980f	1
006e98c7	006e98cf	9
006e9a7c	006e9a7f	4
006e9b1f	006e9b1f	1
006e9dde	006e9ddf	2
006e9e46	006e9e4f	10
006e9f09	006e9f0f	7
006e9f6a	006e9f6f	6
006ea0ea	006ea0ec	3
006ea120	006ea12b	12
006ea204	006ea20f	12
006ea346	006ea34f	10
006ea3aa	006ea3af	6
006ea417	006ea41f	9
006ea452	006ea454	3
006ea465	006ea46f	11
006ea78c	006ea7cf	68
006ea901	006ea90f	15
006ea964	006ea96f	12
006eaa05	006eaa07	3
006eaa0e	006eaa0f	2
006eaa9b	006eaaa6	12
006eaac4	006eaacf	12
006eac67	006eac6f	9
006eadbd	006eadbf	3
006eb2ed	006eb2ef	3
006eb32a	006eb32f	6
006eb3d5	006eb3df	11
006eb482	006eb48f	14
006eb4a9	006eb4af	7
006eb4c7	006eb4cf	9
006eb4da	006eb4df	6
006eb504	006eb50f	12
006eb58a	006eb58f	6
006eb5a4	006eb5af	12
006eb5c4	006eb5cf	12
006eb5e4	006eb5ef	12
006eb608	006eb60f	8
006eb63a	006eb63f	6
006eb6a3	006eb6af	13
006eb73c	006eb73f	4
006eb783	006eb78f	13
006eb829	006eb82f	7
006eb84e	006eb84f	2
006eb87d	006eb87f	3
006eb9a8	006eb9af	8
006eba2e	006eba39	12
006eba3b	006eba3f	5
006ebad3	006ebade	12
006ebb5e	006ebb69	12
006ebb6b	006ebb6f	5
006ebb95	006ebba0	12
006ebba7	006ebbaf	9
006ebd5c	006ebd5f	4
006ebf0c	006ebf0f	4
006ebfad	006ebfaf	3
006ec069	006ec06f	7
006ec129	006ec1ef	199
006ec24a	006ec24f	6
006ec2aa	006ec2af	6
006ec419	006ec41f	7
006ec589	006ec58f	7
006ec6f9	006ec6ff	7
006ec779	006ec77f	7
006ec809	006ec80f	7
006ec886	006ec88f	10
006ec926	006ec9cf	170
006ec9fc	006eca03	8
006eca0d	006ecaff	243
006ecb49	006ecb4f	7
006ecba6	006ecbaf	10
006ecefe	006eceff	2
006ed044	006ed04f	12
006ed07a	006ed07f	6
006ed0aa	006ed0af	6
006ed1f3	006ed1f5	3
006ed1fc	006ed1ff	4
006ed473	006ed484	18
006ed4bf	006ed4cc	14
006ed507	006ed514	14
006ed533	006ed53f	13
006ed59a	006ed59f	6
006ed73f	006ed73f	1
006ee171	006ee19f	47
006ee1c0	006ee1c2	3
006ee1c9	006ee1cf	7
006ee1de	006ee1df	2
006ee234	006ee23f	12
006ee2b4	006ee2bf	12
006ee334	006ee33f	12
006ee3af	006ee3af	1
006ee41f	006ee41f	1
006ee43c	006ee43f	4
006ee45b	006ee45f	5
006ee47b	006ee47f	5
006ee4a9	006ee4af	7
006ee4d6	006ee4df	10
006ee61f	006ee621	3
006ee64f	006ee65a	12
006ee70e	006ee70f	2
006ee88a	006ee88c	3
006ee8c0	006ee8cb	12
006ee9a4	006ee9af	12
006eea19	006eea1f	7
006eeac2	006eeacf	14
006eeb37	006eeb3f	9
006eec58	006eec5f	8
006eeda2	006eeda4	3
006eeeb6	006eeeb8	3
006eeef2	006eeef4	3
006eeeff	006eeeff	1
006ef20d	006ef22f	35
006ef250	006ef252	3
006ef259	006ef25f	7
006ef26e	006ef26f	2
006ef2e8	006ef2f3	12
006ef2f5	006ef2ff	11
006ef313	006ef315	3
006ef334	006ef336	3
006ef353	006ef355	3
006ef366	006ef36f	10
006ef3fd	006ef3ff	3
006ef47f	006ef47f	1
006ef48c	006ef48f	4
006ef4b3	006ef4bf	13
006ef525	006ef52f	11
006ef5a6	006ef5b1	12
006ef5b3	006ef5bf	13
006ef6c1	006ef6cf	15
006ef8d0	006ef8d2	3
006ef96c	006ef96e	3
006efd4d	006efd56	10
006efe66	006efe68	3
006efe91	006efe93	3
006efeb6	006efeb8	3
006efedb	006efedd	3
006eff03	006eff05	3
006eff22	006eff24	3
006effbc	006effbe	3
006f00af	006f00b1	3
006f0122	006f012f	14
006f015d	006f015f	3
006f0177	006f017f	9
006f0197	006f019f	9
006f01ba	006f01bf	6
006f0384	006f03ef	108
006f03fc	006f03ff	4
006f0431	006f043f	15
006f0466	006f046f	10
006f04a3	006f04af	13
006f0544	006f054f	12
006f05a7	006f05af	9
006f067b	006f067f	5
006f06a5	006f06b0	12
006f06b7	006f06bf	9
006f06e5	006f06f0	12
006f06f7	006f06ff	9
006f0725	006f0730	12
006f0737	006f073f	9
006f0765	006f0770	12
006f0777	006f077f	9
006f0813	006f081e	12
006f089e	006f08a9	12
006f08ab	006f08af	5
006f091a	006f091f	6
006f0938	006f093a	3
006f094c	006f094f	4
006f0b84	006f0b8f	12
006f0cee	006f0cef	2
006f0d54	006f0d5f	12
006f0db7	006f0db9	3
006f0dc1	006f0dcf	15
006f0e24	006f0e26	3
006f0e2e	006f0e2f	2
006f0e85	006f0e87	3
006f0e8e	006f0e8f	2
006f0ed7	006f0ed9	3
006f0f3c	006f0f3e	3
006f0f45	006f0f4f	11
006f0fb3	006f0fb5	3
006f0fbc	006f0fbf	4
006f1015	006f1017	3
006f101e	006f101f	2
006f108a	006f108c	3
006f1093	006f109f	13
006f10b8	006f10ba	3
006f10d7	006f10d9	3
006f1190	006f1192	3
006f1199	006f119f	7
006f120a	006f120c	3
006f1213	006f121f	13
006f128a	006f128c	3
006f1293	006f129f	13
006f12f1	006f12f3	3
006f12fa	006f12ff	6
006f135b	006f135d	3
006f1364	006f136f	12
006f13bc	006f13be	3
006f13c5	006f13cf	11
006f1430	006f1432	3
006f1439	006f143f	7
006f14d2	006f14d4	3
006f14db	006f14df	5
006f1540	006f1542	3
006f1549	006f154f	7
006f15b0	006f15b2	3
006f15b9	006f15bf	7
006f1611	006f1613	3
006f161a	006f161f	6
006f167b	006f167d	3
006f1684	006f168f	12
006f16dc	006f16de	3
006f16e5	006f16ef	11
006f1750	006f1752	3
006f1759	006f175f	7
006f17f2	006f17f4	3
006f17fb	006f17ff	5
006f1860	006f1862	3
006f1869	006f186f	7
006f18d0	006f18d2	3
006f18d9	006f18df	7
006f1931	006f1933	3
006f193a	006f193f	6
006f199b	006f199d	3
006f19a4	006f19af	12
006f19fc	006f19fe	3
006f1a05	006f1a0f	11
006f1a70	006f1a72	3
006f1a79	006f1a7f	7
006f1b12	006f1b14	3
006f1b1b	006f1b1f	5
006f1b35	006f1b37	3
006f1b3e	006f1b3f	2
006f1ba0	006f1ba2	3
006f1ba9	006f1baf	7
006f1c10	006f1c12	3
006f1c19	006f1c1f	7
006f1c71	006f1c73	3
006f1c7a	006f1c7f	6
006f1cdb	006f1cdd	3
006f1ce4	006f1cef	12
006f1d3c	006f1d3e	3
006f1d45	006f1d4f	11
006f1db0	006f1db2	3
006f1db9	006f1dbf	7
006f1e52	006f1e54	3
006f1e5b	006f1e5f	5
006f1ec0	006f1ec2	3
006f1ec9	006f1ecf	7
006f1f30	006f1f32	3
006f1f39	006f1f3f	7
006f20ec	006f20ef	4
006f22a4	006f22af	12
006f23e8	006f23ef	8
006f259c	006f259f	4
006f274c	006f28bf	372
006f2977	006f297f	9
006f2a37	006f2a3f	9
006f2b79	006f2b7b	3
006f2ba9	006f2bb4	12
006f2c6a	006f2c6f	6
006f2d29	006f2def	199
006f2ea7	006f2eaf	9
006f2f69	006f2f6f	7
006f2fca	006f2fcf	6
006f302a	006f302f	6
006f3199	006f319f	7
006f3309	006f330f	7
006f3337	006f3345	15
006f334b	006f334f	5
006f337b	006f3389	15
006f33dd	006f33df	3
006f3459	006f345f	7
006f34d9	006f34df	7
006f354c	006f354f	4
006f35a6	006f35af	10
006f35d5	006f360f	59
006f3672	006f367f	14
006f36e1	006f36ef	15
006f395f	006f395f	1
006f3bcf	006f3bcf	1
006f3e3f	006f3e3f	1
006f40af	006f40af	1
006f4557	006f455f	9
006f473e	006f473f	2
006f48ba	006f48bf	6
006f4c86	006f4c8f	10
006f4dec	006f4def	4
006f5145	006f514f	11
006f531c	006f531f	4
006f56f5	006f56ff	11
006f6518	006f651f	8
006f6a60	006f6b3f	224
006f6bdf	006f6be1	3
006f6c14	006f6c1f	12
006f6c35	006f6c37	3
006f6c3e	006f6c3f	2
006f6c99	006f6c9f	7
006f6d33	006f6d3e	12
006f6d4f	006f6d4f	1
006f6d69	006f6d6f	7
006f6da0	006f6da2	3
006f6dbe	006f6dc0	3
006f6dc8	006f6dcf	8
006f7065	006f7067	3
006f7080	006f70af	48
006f70e7	006f70ee	8
006f70fe	006f7100	3
006f7106	006f710f	10
006f7155	006f715f	11
006f7191	006f7193	3
006f71a7	006f71b2	12
006f71ba	006f71bf	6
006f71f1	006f71f3	3
006f7207	006f7212	12
006f721a	006f721f	6
006f7359	006f735b	3
006f7389	006f7394	12
006f744a	006f744f	6
006f74ce	006f74d9	12
006f74db	006f74df	5
006f755e	006f7569	12
006f756b	006f756f	5
006f75f3	006f76bf	205
006f786c	006f786f	4
006f7927	006f792f	9
006f7adc	006f7adf	4
006f7b09	006f7b0b	3
006f7b72	006f7b7f	14
006f7bbd	006f7bbf	3
006f7cf1	006f7cff	15
006f7db9	006f7dbf	7
006f7f67	006f7f6f	9
006f80d9	006f80df	7
006f8119	006f811b	3
006f8138	006f813a	3
006f8163	006f819f	61
006f822d	006f822f	3
006f823c	006f823f	4
006f82e5	006f82e7	3
006f8308	006f830a	3
006f8317	006f831f	9
006f839d	006f839f	3
006f83b5	006f83b7	3
006f83be	006f83bf	2
006f8412	006f8414	3
006f843e	006f844b	14
006f84ae	006f84b0	3
006f84da	006f84e8	15
006f8550	006f8552	3
006f857c	006f858a	15
006f8627	006f8629	3
006f864f	006f8651	3
006f865e	006f865f	2
006f86b6	006f86bf	10
006f86cb	006f86df	21
006f874d	006f874f	3
006f875c	006f875f	4
006f87b7	006f87bf	9
006f8853	006f885e	12
006f8890	006f8892	3
006f88b1	006f88b3	3
006f88bb	006f88bf	5
006f88f1	006f88f3	3
006f8907	006f8912	12
006f891a	006f891f	6
006f89c4	006f89c6	3
006f89e7	006f89e9	3
006f8a29	006f8a2b	3
006f8a37	006f8a3f	9
006f8a77	006f8a7e	8
006f8a96	006f8a98	3
006f8a9e	006f8a9f	2
006f8ad1	006f8ad3	3
006f8ae7	006f8af2	12
006f8afa	006f8aff	6
006f8b7e	006f8b89	12
006f8b8b	006f8b8f	5
006f8c0e	006f8c19	12
006f8c1b	006f8cdf	197
006f8e8c	006f8e8f	4
006f8f47	006f8f4f	9
006f90fc	006f90ff	4
006f9130	006f9132	3
006f9149	006f914b	3
006f915f	006f9161	3
006f91a4	006f91af	12
006f91ed	006f91ef	3
006f9321	006f932f	15
006f93e9	006f93ef	7
006f9597	006f959f	9
006f9709	006f970f	7
006f9748	006f977f	56
006f980d	006f980f	3
006f981c	006f981f	4
006f98c5	006f98c7	3
006f98e8	006f98ea	3
006f98f7	006f98ff	9
006f996e	006f996f	2
006f9985	006f9987	3
006f998e	006f998f	2
006f99fb	006f99fd	3
006f9a22	006f9a2f	14
006f9b05	006f9b07	3
006f9b28	006f9b2a	3
006f9b36	006f9b3f	10
006f9bd3	006f9bde	12
006f9c0f	006f9c0f	1
006f9c41	006f9c43	3
006f9c57	006f9c62	12
006f9c6a	006f9c6f	6
006f9ca1	006f9ca3	3
006f9cb7	006f9cc2	12
006f9cca	006f9ccf	6
006f9d4e	006f9d59	12
006f9d5b	006f9d5f	5
006f9dde	006f9de9	12
006f9deb	006f9eaf	197
006fa05c	006fa05f	4
006fa117	006fa11f	9
006fa2cc	006fa37f	180
006fa3bd	006fa3bf	3
006fa4f1	006fa4ff	15
006fa5b9	006fa5bf	7
006fa767	006fa76f	9
006fa8d9	006fa8df	7
006fa913	006fa94f	61
006fa9dd	006fa9df	3
006fa9ec	006fa9ef	4
006faa95	006faa97	3
006faab8	006faaba	3
006faac7	006faacf	9
006fab47	006fab4f	9
006fab65	006fab67	3
006fab6e	006fab6f	2
006fabdb	006fabdd	3
006fac02	006fac0f	14
006face4	006face6	3
006fad07	006fad09	3
006fad15	006fad2f	27
006fad34	006fad3f	12
006fad4a	006fad4f	6
006fad54	006fad5f	12
006faddd	006faddf	3
006fae55	006fae5f	11
006faef3	006faeff	13
006fafe9	006fafef	7
006faffd	006fafff	3
006fb027	006fb029	3
006fb03e	006fb03f	2
006fb087	006fb08f	9
006fb185	006fb18f	11
006fb218	006fb21f	8
006fb2b3	006fb2be	12
006fb313	006fb31f	13
006fb35f	006fb35f	1
006fb391	006fb393	3
006fb3a7	006fb3b2	12
006fb3ba	006fb3bf	6
006fb43e	006fb449	12
006fb44b	006fb44f	5
006fb4ce	006fb4d9	12
006fb4db	006fb4df	5
006fb511	006fb513	3
006fb527	006fb532	12
006fb53a	006fb53f	6
006fb6ec	006fb6ef	4
006fb7a7	006fb7af	9
006fb95c	006fb95f	4
006fb98b	006fb98d	3
006fb9a1	006fb9a3	3
006fb9e6	006fb9ef	10
006fba2d	006fba2f	3
006fbb61	006fbc2f	207
006fbce9	006fbcef	7
006fbe59	006fbe5f	7
006fbf05	006fbf07	3
006fbf28	006fbf2a	3
006fbf37	006fbf3f	9
006fbf78	006fbfaf	56
006fc023	006fc025	3
006fc047	006fc049	3
006fc070	006fc07e	15
006fc29b	006fc29d	3
006fc2ba	006fc2bc	3
006fc328	006fc32a	3
006fc34c	006fc34e	3
006fc371	006fc373	3
006fc396	006fc398	3
006fc3ac	006fc3ae	3
006fc403	006fc40f	13
006fc47e	006fc47f	2
006fc495	006fc497	3
006fc49e	006fc49f	2
006fc518	006fc523	12
006fc525	006fc52f	11
006fc5a2	006fc5ad	12
006fc5af	006fc5af	1
006fc643	006fc64e	12
006fc680	006fc682	3
006fc69f	006fc6a1	3
006fc6a9	006fc6af	7
006fc6e1	006fc6e3	3
006fc6f7	006fc702	12
006fc70a	006fc70f	6
006fc7ab	006fc7b3	9
006fc7ba	006fc7cf	22
006fc818	006fc821	10
006fc828	006fc83f	24
006fc888	006fc891	10
006fc898	006fc8af	24
006fc9dd	006fc9e5	9
006fc9ec	006fc9ff	20
006fca9b	006fcaa3	9
006fcaaa	006fcabf	22
006fcb5b	006fcb63	9
006fcb6a	006fcb7f	22
006fcc1b	006fcc23	9
006fcc2a	006fcc3f	22
006fccdb	006fcce3	9
006fccea	006fccff	22
006fcd9b	006fcda3	9
006fcdaa	006fcdbf	22
006fce3b	006fce3f	5
006fce73	006fce7f	13
006fcefe	006fcf09	12
006fcf0b	006fcf0f	5
006fcf41	006fcf43	3
006fcf57	006fcf62	12
006fcf6a	006fcf6f	6
006fd006	006fd00f	10
006fd0c7	006fd0cf	9
006fd27c	006fd27f	4
006fd29c	006fd29f	4
006fd33a	006fd33f	6
006fd37d	006fd37f	3
006fd4b1	006fd57f	207
006fd6c0	006fd6c8	9
006fd6cf	006fd6df	17
006fd86c	006fd874	9
006fd87b	006fd88f	21
006fd988	006fd990	9
006fd997	006fd9af	25
006fdaa8	006fdab0	9
006fdab7	006fdacf	25
006fdba8	006fdbb0	9
006fdbb7	006fdbcf	25
006fdc7c	006fdc84	9
006fdc8b	006fdc9f	21
006fdd4c	006fdd54	9
006fdd5b	006fdd6f	21
006fde0e	006fde16	9
006fde1d	006fde2f	19
006fdf28	006fdf30	9
006fdf37	006fdf4f	25
006fdffc	006fe004	9
006fe00b	006fe01f	21
006fe0cc	006fe0d4	9
006fe0db	006fe0ef	21
006fe19c	006fe1a4	9
006fe1ab	006fe1bf	21
006fe367	006fe36f	9
006fe413	006fe415	3
006fe426	006fe42f	10
006fe4bd	006fe4bf	3
006fe4cc	006fe4cf	4
006fe50a	006fe50c	3
006fe535	006fe59f	107
006fe5c8	006fe5cf	8
006fe635	006fe637	3
006fe63d	006fe63f	3
006fe6d3	006fe6d5	3
006fe6f3	006fe6f5	3
006fe706	006fe708	3
006fe71f	006fe721	3
006fe74e	006fe750	3
006fe781	006fe78f	15
006fe85e	006fe866	9
006fe86d	006fe908	156
006fe968	006fe970	9
006fe977	006fea1f	169
006fea7e	006fea7f	2
006feae3	006feaef	13
006feb5d	006feb5f	3
006fec49	006fec4b	3
006feca5	006feca7	3
006fed01	006fed03	3
006fed5d	006fed5f	3
006fedb9	006fedbb	3
006fee15	006fee17	3
006fee71	006fee73	3
006feebb	006feebd	3
006fef05	006fef07	3
006fef4f	006fef51	3
006fef99	006fef9b	3
006fefe3	006fefe5	3
006ff02d	006ff02f	3
006ff077	006ff079	3
006ff0c1	006ff0c3	3
006ff10b	006ff10d	3
006ff155	006ff157	3
006ff19f	006ff1a1	3
006ff1e9	006ff1eb	3
006ff239	006ff23b	3
006ff27e	006ff280	3
006ff28b	006ff28f	5
006ff2a5	006ff2a7	3
006ff2ae	006ff2af	2
006ff2e2	006ff2ef	14
006ff35d	006ff35f	3
006ff3f3	006ff3fe	12
006ff471	006ff47f	15
006ff4e8	006ff4ef	8
006ff500	006ff502	3
006ff51a	006ff51f	6
006ff578	006ff57f	8
006ff59d	006ff59f	3
006ff5d1	006ff5d3	3
006ff5e7	006ff5f2	12
006ff5fa	006ff5ff	6
006ff663	006ff665	3
006ff66d	006ff66f	3
006ff6d3	006ff6df	13
006ff6fb	006ff700	6
006ff751	006ff751	1
006ff755	006ff75f	11
006ff7b9	006ff7bf	7
006ff82a	006ff82f	6
006ff8a2	006ff8a4	3
006ff8ca	006ff8cc	3
006ff8ec	006ff8ee	3
006ff905	006ff907	3
006ff91e	006ff920	3
006ff93b	006ff950	22
006ffa83	006ffa8f	13
006ffab6	006ffabb	6
006ffae5	006ffae5	1
006ffae9	006ffaef	7
006ffb72	006ffb7f	14
006ffb92	006ffb9f	14
006ffbb2	006ffbbf	14
006ffbd2	006ffbdf	14
006ffbf2	006ffbff	14
006ffcc4	006ffccf	12
006ffd94	006ffd9f	12
006ffdec	006ffdef	4
006ffe23	006ffe2f	13
006ffe71	006ffe7f	15
006ffecf	006ffecf	1
006fff7f	006fff7f	1
006fffc5	006fffcf	11
00700021	00700023	3
00700035	0070003f	11
00700091	00700093	3
007000a5	007000af	11
00700101	00700103	3
00700115	0070011f	11
00700150	00700152	3
00700190	00700192	3
007001d0	007001d2	3
00700213	00700215	3
00700223	0070022f	13
00700263	00700265	3
00700273	0070027f	13
00700300	00700307	8
0070031c	0070031e	3
00700324	0070032f	12
00700398	0070039f	8
007003c5	007003d2	14
0070041d	0070041f	3
0070044b	0070044d	3
00700457	0070045f	9
00700484	0070048a	7
007004e2	007004e4	3
007004e9	007004ef	7
007005af	007005b1	3
0070066c	0070066e	3
00700686	0070068f	10
007006d1	007006d7	7
00700725	00700727	3
0070072c	0070072f	4
007007ab	007007af	5
007007ee	007007ef	2
00700817	0070081f	9
00700847	0070084f	9
00700877	0070087f	9
007008fe	00700909	12
0070090b	0070090f	5
00700941	00700943	3
00700957	00700962	12
0070096a	0070096f	6
00700b8a	00700b8f	6
00700d77	00700d7f	9
00700efd	00700eff	3
007011fa	007011fc	3
007012f8	007012fa	3
0070138d	0070138f	3
0070149c	0070149f	4
0070180e	00701810	3
007018f2	007018ff	14
00701b95	00701b97	3
00701bb0	00701bdf	48
00701caa	00701caf	6
00701ce1	00701ce3	3
00701cf7	00701d02	12
00701d0a	00701d0f	6
00701ebc	00701ebf	4
00701ef1	00701ef3	3
00701f07	00701f12	12
00701f1a	00701fdf	198
0070222c	00702238	13
0070223f	00702273	53
007022a2	007022af	14
007023dd	007023e9	13
007023f0	007023f4	5
007023fc	007023ff	4
00702520	0070253e	31
00702568	00702574	13
0070257b	0070257f	5
00702587	0070258f	9
00702678	00702684	13
0070268b	0070268d	3
00702695	0070269f	11
00702798	007027a4	13
007027ab	007027ad	3
007027b5	007027bf	11
0070287f	00702881	3
00702f5a	00702f5f	6
00703135	00703137	3
00703152	00703154	3
00703178	0070317a	3
00703296	00703298	3
0070334a	0070334c	3
007033be	007033c0	3
0070346b	0070346d	3
007034df	007034e1	3
0070358c	0070358e	3
00703600	00703602	3
007036ad	007036af	3
00703715	00703717	3
007037b0	007037b2	3
0070381b	0070381d	3
007038c8	007038ca	3
00703923	00703925	3
0070393f	0070393f	1
00703967	00703969	3
0070399d	0070399f	3
007039d4	007039d6	3
00703a01	00703a0f	15
00703a4d	00703a4f	3
00703b81	00703b8f	15
00703d37	00703ebf	393
00703f77	00703f7f	9
00703fb8	00703fc4	13
0070401d	0070401f	3
00704090	00704092	3
007040e5	007040e7	3
00704104	00704106	3
00704137	00704139	3
00704144	0070414f	12
007041dd	007041df	3
007041ec	007041ef	4
00704214	00704219	6
00704237	00704237	1
0070423b	0070423f	5
0070426c	0070426e	3
00704283	0070428b	9
007042f4	007042f6	3
00704307	0070430f	9
0070435a	0070435f	6
007044d2	007044d4	3
00704529	0070452b	3
00704548	0070454c	5
00704568	0070456a	3
00704577	0070457f	9
007045ae	007045af	2
007045fe	007045ff	2
007046d7	0070475f	137
00704791	00704793	3
007047b5	007047b7	3
007047c8	007047ca	3
007047ee	007047fb	14
0070494b	0070494d	3
0070496f	00704971	3
00704982	00704984	3
007049a4	007049a6	3
007049b2	007049bf	14
007049e8	007049ea	3
00704a0b	00704a0d	3
00704a22	00704a2e	13
00704b31	00704b33	3
00704b54	00704b56	3
00704b67	00704b69	3
00704b74	00704b7f	12
00704c91	00704c93	3
00704cea	00704cec	3
00704d43	00704d45	3
00704d9c	00704d9e	3
00704df5	00704df7	3
00704e4e	00704e50	3
00704ea7	00704ea9	3
00704eff	00704f01	3
00704f58	00704f5a	3
00704fb1	00704fb3	3
0070500a	0070500c	3
00705063	00705065	3
007050bc	007050be	3
00705115	00705117	3
0070516e	00705170	3
007051c7	007051c9	3
00705220	00705222	3
00705279	0070527b	3
007052d2	007052d4	3
0070532b	0070532d	3
00705384	00705386	3
007053dd	007053df	3
00705436	00705438	3
00705487	00705489	3
007054d1	007054d3	3
0070551b	0070551d	3
00705565	00705567	3
007055af	007055b1	3
007055f9	007055fb	3
00705643	00705645	3
0070568d	0070568f	3
007056d7	007056d9	3
00705721	00705723	3
0070576b	0070576d	3
007057b5	007057b7	3
007057ff	00705801	3
00705849	0070584b	3
00705893	00705895	3
007058dd	007058df	3
00705927	00705929	3
00705971	00705973	3
007059bb	007059bd	3
00705a05	00705a07	3
00705a4f	00705a51	3
00705a99	00705a9b	3
00705ab1	00705abf	15
00705ad5	00705ad7	3
00705ade	00705adf	2
00705b33	00705b35	3
00705b5f	00705b61	3
00705b7e	00705b8a	13
00705ba8	00705baa	3
00705bc7	00705bc9	3
00705bd4	00705bdf	12
00705c33	00705c35	3
00705c5f	00705c61	3
00705c7e	00705c8a	13
00705cad	00705caf	3
00705ccc	00705cce	3
00705cd9	00705cdf	7
00705d33	00705d35	3
00705d5f	00705d61	3
00705d7e	00705d8a	13
00705dad	00705daf	3
00705dcc	00705dce	3
00705dd9	00705ddf	7
00705def	00705def	1
00705e0f	00705e0f	1
00705e59	00705e5f	7
00705ef3	00705efe	12
00705f12	00705f1f	14
00705f59	00705f5f	7
00705fd4	00705fdf	12
00706047	0070604f	9
00706087	0070608f	9
007060ba	007060bf	6
0070613e	00706149	12
0070614b	0070614c	2
0070614e	0070614f	2
00706289	0070628b	3
007062b9	007062c4	12
0070637a	0070637f	6
00706579	0070657b	3
0070660f	0070660f	1
007067bc	007067bf	4
00706843	0070684f	13
00706881	00706883	3
00706897	007068a2	12
007068aa	007068af	6
007068ed	007068ef	3
00706a21	00706a2f	15
00706b1e	00706b20	3
00706b3e	00706b40	3
00706b4d	00706b4f	3
00706b73	00706b75	3
00706baf	00706baf	1
00706c67	00706c6f	9
00706ca3	00706ca5	3
00706cc0	00706cc2	3
00706cdd	00706cdf	3
00706d08	00706d1f	24
00706d8f	00706d8f	1
00706da5	00706da7	3
00706dae	00706daf	2
00706dd4	00706ddf	12
00706e05	00706e0f	11
00706e95	00706e9f	11
00706f2c	00706f2f	4
00707008	0070700f	8
00707034	0070703f	12
00707066	0070706f	10
007070fa	007070ff	6
0070717c	0070717f	4
007072a0	007072a2	3
00707329	0070732f	7
0070742a	0070742f	6
0070747f	00707481	3
00707538	0070753a	3
007075cd	007075cf	3
0070775c	0070775f	4
00707779	0070777f	7
0070778e	0070778f	2
007077d3	007077df	13
007077ee	007077ef	2
00707829	0070782f	7
00707855	00707864	16
007078a1	007078a3	3
007078aa	007078af	6
007078d5	007078df	11
00707910	00707912	3
00707919	0070791f	7
00707926	0070792f	10
00707982	0070798f	14
00707996	0070799f	10
007079f2	007079ff	14
00707a06	00707a0f	10
00707a62	00707a6f	14
00707a76	00707a7f	10
00707ad2	00707adf	14
00707ae6	00707aef	10
00707b42	00707b4f	14
00707b56	00707b5f	10
00707bb2	00707bbf	14
00707bc6	00707bcf	10
00707c22	00707c2f	14
00707c36	00707c3f	10
00707c92	00707c9f	14
00707ca6	00707caf	10
00707d02	00707d0f	14
00707d16	00707d1f	10
00707d72	00707d7f	14
00707d86	00707d8f	10
00707de2	00707def	14
00707df6	00707dff	10
00707e52	00707e5f	14
00707e66	00707e6f	10
00707ec2	00707ecf	14
00707ed6	00707edf	10
00707f32	00707f3f	14
00707f46	00707f4f	10
00707fa2	00707faf	14
00707fb6	00707fbf	10
00708012	0070801f	14
00708026	0070802f	10
00708082	0070808f	14
0070809c	0070809f	4
007080c6	007080cf	10
007086d6	007086df	10
00708703	0070870f	13
00708716	0070871f	10
00708743	0070874f	13
00708756	0070875f	10
00708783	0070878f	13
00708796	0070879f	10
007087c3	007087cf	13
007087d6	007087df	10
00708803	0070880f	13
00708816	0070881f	10
00708843	0070884f	13
00708856	0070885f	10
00708883	0070888f	13
00708896	0070889f	10
007088c3	007088cf	13
007088d6	007088df	10
00708903	0070890f	13
00708916	0070891f	10
00708943	0070894f	13
00708956	0070895f	10
00708983	0070898f	13
00708996	0070899f	10
007089c3	007089cf	13
007089d6	007089df	10
00708a03	00708a0f	13
00708a16	00708a1f	10
00708a43	00708a4f	13
00708a56	00708a5f	10
00708a83	00708a8f	13
00708a96	00708a9f	10
00708ac3	00708acf	13
00708ad6	00708adf	10
00708b03	00708b0f	13
00708b3e	00708b3f	2
00708ba1	00708baf	15
00708c58	00708c5f	8
00708c7f	00708c81	3
00708c88	00708c8f	8
00708d38	00708d3f	8
00708de8	00708def	8
00708e98	00708e9f	8
00708f48	00708f4f	8
0070901c	0070901f	4
00709046	0070904f	10
0070911c	0070911f	4
00709173	00709175	3
0070917e	0070917f	2
0070924c	0070924f	4
007092a3	007092a5	3
007092ae	007092af	2
007092d6	007092df	10
007093ac	007093af	4
00709403	00709405	3
0070940e	0070940f	2
00709436	0070943f	10
0070950c	0070950f	4
00709563	00709565	3
0070956e	0070956f	2
00709596	0070959f	10
0070966c	0070966f	4
007096c3	007096c5	3
007096ce	007096cf	2
007096f6	007096ff	10
007097cc	007097cf	4
00709823	00709825	3
0070982e	0070982f	2
00709856	0070985f	10
0070992c	0070992f	4
00709983	00709985	3
0070998e	0070998f	2
007099b6	007099bf	10
00709a8c	00709a8f	4
00709ae3	00709ae5	3
00709aee	00709aef	2
00709b16	00709b1f	10
00709bec	00709bef	4
00709c43	00709c45	3
00709c4e	00709c4f	2
00709c76	00709c7f	10
00709d4c	00709d4f	4
00709da3	00709da5	3
00709dae	00709daf	2
00709dd6	00709ddf	10
00709eac	00709eaf	4
00709f03	00709f05	3
00709f0e	00709f0f	2
00709f36	00709f3f	10
00709fe8	00709fef	8
0070a0a9	0070a0af	7
0070a0b8	0070a0bf	8
0070a0e7	0070a0e9	3
0070a1a9	0070a1af	7
0070a20a	0070a214	11
0070a236	0070a23f	10
0070a2f9	0070a2ff	7
0070a35a	0070a364	11
0070a386	0070a38f	10
0070a449	0070a44f	7
0070a4aa	0070a4b4	11
0070a4d6	0070a4df	10
0070a599	0070a59f	7
0070a5fa	0070a604	11
0070a626	0070a62f	10
0070a6e9	0070a6ef	7
0070a74a	0070a754	11
0070a776	0070a77f	10
0070a839	0070a83f	7
0070a89a	0070a8a4	11
0070a8c6	0070a8cf	10
0070a989	0070a98f	7
0070a9ea	0070a9f4	11
0070aa16	0070aa1f	10
0070aad9	0070aadf	7
0070ab3a	0070ab44	11
0070ab66	0070ab6f	10
0070ac29	0070ac2f	7
0070ac8a	0070ac94	11
0070acb6	0070acbf	10
0070ad79	0070ad7f	7
0070adda	0070ade4	11
0070ae06	0070ae0f	10
0070aec9	0070aecf	7
0070af2a	0070af34	11
0070af56	0070af5f	10
0070b019	0070b01f	7
0070b07a	0070b084	11
0070b0a6	0070b0af	10
0070b1d9	0070b1df	7
0070b1ff	0070b201	3
0070b208	0070b20f	8
0070b254	0070b25f	12
0070b31f	0070b31f	1
0070b3df	0070b3df	1
0070b49f	0070b49f	1
0070b55f	0070b55f	1
0070b61f	0070b61f	1
0070b6df	0070b6df	1
0070b79f	0070b79f	1
0070b85f	0070b85f	1
0070b91f	0070b91f	1
0070b9df	0070b9df	1
0070ba9f	0070ba9f	1
0070bb5f	0070bb5f	1
0070bc1f	0070bc1f	1
0070bcdf	0070bcdf	1
0070bd9f	0070bd9f	1
0070be5f	0070be5f	1
0070bf1f	0070bf1f	1
0070bfdf	0070bfdf	1
0070c09f	0070c09f	1
0070c15f	0070c15f	1
0070c21f	0070c21f	1
0070c2df	0070c2df	1
0070c39f	0070c39f	1
0070c45f	0070c45f	1
0070c51f	0070c51f	1
0070c5df	0070c5df	1
0070c69f	0070c69f	1
0070c75f	0070c75f	1
0070c81f	0070c81f	1
0070c8df	0070c8df	1
0070c99f	0070c99f	1
0070ca5f	0070ca5f	1
0070cb1f	0070cb1f	1
0070cbdf	0070cbdf	1
0070cc9f	0070cc9f	1
0070cd5f	0070cd5f	1
0070ce1f	0070ce1f	1
0070cedf	0070cedf	1
0070cf9f	0070cf9f	1
0070d05f	0070d05f	1
0070d11f	0070d11f	1
0070d1df	0070d1df	1
0070d29f	0070d29f	1
0070d35f	0070d35f	1
0070d41f	0070d41f	1
0070d4df	0070d4df	1
0070e21d	0070e21f	3
0070e225	0070e22f	11
0070e236	0070e23f	10
0070e261	0070e26f	15
0070e292	0070e29f	14
0070e30a	0070e30f	6
0070e34d	0070e34f	3
0070e3d5	0070e3df	11
0070e473	0070e47e	12
0070e4ad	0070e4af	3
0070e501	0070e50f	15
0070e544	0070e54f	12
0070e55f	0070e55f	1
0070e583	0070e58f	13
0070e5c4	0070e5cf	12
0070e5e6	0070e5ef	10
0070e604	0070e60f	12
0070e626	0070e62f	10
0070e637	0070e63f	9
0070e68f	0070e691	3
0070e6c9	0070e6cb	3
0070e6d4	0070e6df	12
0070e715	0070e717	3
0070e72e	0070e730	3
0070e738	0070e73f	8
0070e771	0070e773	3
0070e787	0070e792	12
0070e79a	0070e79f	6
0070e7af	0070e7af	1
0070e7f3	0070e7f5	3
0070e872	0070e874	3
0070e87e	0070e87f	2
0070e88f	0070e88f	1
0070e8aa	0070e8af	6
0070e9e9	0070e9eb	3
0070ea19	0070ea24	12
0070eada	0070eadf	6
0070eb11	0070eb13	3
0070eb27	0070eb32	12
0070eb3a	0070eb3f	6
0070ebbe	0070ebc9	12
0070ebcb	0070ebcf	5
0070ec4e	0070ec59	12
0070ec5b	0070ec5f	5
0070edab	0070edad	3
0070ef9b	0070ef9d	3
0070f00a	0070f00c	3
0070f0ab	0070f0af	5
0070f22a	0070f22f	6
0070f2b3	0070f37f	205
0070f52c	0070f5ef	196
0070f79c	0070f79f	4
0070f7d3	0070f7df	13
0070f813	0070f81f	13
0070f915	0070f917	3
0070f936	0070f938	3
0070f94d	0070f94f	3
0070f98d	0070f98f	3
0070fac1	0070facf	15
0070fb89	0070fb8f	7
0070fba5	0070fbaf	11
0070fc2d	0070fc2f	3
0070fc48	0070fc4f	8
0070fd16	0070fd1f	10
0070fd89	0070fd8f	7
0070ff37	0070ff3f	9
007100a9	007100af	7
00710180	0071018f	16
0071021d	0071021f	3
0071022c	0071022f	4
007102d5	007102d7	3
007102f8	007102fa	3
00710307	0071030f	9
0071032b	0071032f	5
007103a3	007103a5	3
007103ce	0071047f	178
007104b6	007104b8	3
00710519	0071051b	3
007105cf	007105d1	3
007105db	007105df	5
0071060a	0071060f	6
00710625	00710627	3
0071062e	0071062f	2
00710780	00710782	3
007107b1	007107bc	12
00710894	00710896	3
007108aa	007108af	6
00710923	00710923	1
00710927	0071092f	9
00710a24	00710a2f	12
00710afc	00710aff	4
00710bd2	00710bd4	3
00710bf6	00710bf8	3
00710c3e	00710c3f	2
00710c46	00710c4f	10
00710c5d	00710c5f	3
00710c67	00710c6f	9
00710c7d	00710c7f	3
00710c8c	00710c8f	4
00710d08	00710d13	12
00710d15	00710d1f	11
00710d98	00710da3	12
00710da5	00710daf	11
00710e22	00710e2d	12
00710e2f	00710e2f	1
00710ec3	00710ece	12
00710edf	00710edf	1
00710f04	00710f0f	12
00710f83	00710f8f	13
00710fb8	00710fbf	8
00711007	0071100f	9
00711041	00711043	3
00711057	00711062	12
0071106a	0071106f	6
0071109e	007110a0	3
007110bc	007110be	3
007110c6	007110cf	10
00711163	00711165	3
00711179	0071117f	7
007111c8	007111ca	3
007111d2	007111df	14
00711228	0071122a	3
00711232	0071123f	14
0071126e	00711270	3
0071128c	0071128e	3
00711296	0071129f	10
00711333	00711335	3
00711349	0071134f	7
007113a9	007113af	7
007113ee	007113f0	3
007113f8	007113ff	8
0071142e	00711430	3
0071144c	0071144e	3
00711456	0071145f	10
007114f3	007114f5	3
00711509	0071150f	7
007115d9	007115db	3
00711653	00711655	3
00711672	00711674	3
0071168a	0071168f	6
0071169e	0071169f	2
00711716	00711721	12
00711723	0071172f	13
007117ae	007117b9	12
007117bb	007117bf	5
007117f1	007117f3	3
00711807	00711812	12
0071181a	0071181f	6
007118be	007118c0	3
00711935	00711937	3
0071194b	0071194d	3
00711959	0071195f	7
007119a5	007119a7	3
007119ac	007119af	4
00711a4d	00711a4f	3
00711ac4	00711ac6	3
00711ada	00711adc	3
00711ae8	00711aef	8
00711b3a	00711b3c	3
00711b41	00711b4f	15
00711b9a	00711b9c	3
00711ba1	00711baf	15
00711d5c	00711e1f	196
00711e5a	00711e5c	3
00711ee4	00711ee6	3
00711f03	00711f05	3
00711f24	00711f26	3
00711fbf	00711fc1	3
00711fde	00711fe0	3
0071205b	0071205f	5
0071209d	0071209f	3
007121d1	0071229f	207
00712325	00712327	3
0071234e	00712350	3
00712362	0071236f	14
00712461	00712463	3
00712482	00712484	3
00712495	00712497	3
007124b6	007124b8	3
007124c3	007124cf	13
007125b9	007125bb	3
007125da	007125dc	3
007125ed	007125ef	3
0071260e	00712610	3
0071261b	0071261f	5
00712711	00712713	3
00712732	00712734	3
00712745	00712747	3
00712766	00712768	3
00712773	0071277f	13
00712861	00712863	3
00712880	00712882	3
007128c8	007128ca	3
007128ee	007128f0	3
00712916	00712918	3
00712940	00712942	3
0071294e	0071294f	2
00712af7	00712aff	9
00712b8d	00712b8f	3
00712b9c	00712b9f	4
00712bd5	00712cbf	235
00712d38	00712d3a	3
00712d6a	00712d6c	3
00712d75	00712d7f	11
00712df5	00712df7	3
00712e11	00712e13	3
00712e1c	00712e1f	4
00712efd	00712eff	3
00712f15	00712f17	3
00712f1e	00712f1f	2
00712f34	00712f3f	12
00712f6d	00712f6f	3
00712f84	00712f8f	12
00712f9c	00712f9f	4
00712fb1	00712fbf	15
00713064	0071306f	12
007130b6	007130bf	10
00713132	0071313f	14
00713144	0071314f	12
0071322c	0071322f	4
00713234	0071323f	12
00713244	0071324f	12
0071325a	0071325f	6
00713264	0071326f	12
00713274	0071327f	12
00713284	0071328f	12
007132a1	007132af	15
007132c1	007132cf	15
007132db	007132df	5
007132eb	007132ef	5
0071331d	0071331f	3
0071334f	0071334f	1
0071335c	0071335f	4
0071336e	0071336f	2
00713391	0071339f	15
007133af	007133af	1
007133bf	007133bf	1
007133ed	007133ed	1
007133f1	007133ff	15
0071342f	0071342f	1
00713461	0071346f	15
00713474	0071347f	12
00713484	0071348f	12
007134af	007134af	1
007134c1	007134cf	15
007134f4	007134ff	12
0071351d	0071351f	3
00713544	0071354f	12
00713573	0071357f	13
007135a8	007135af	8
007135d8	007135df	8
00713608	0071360f	8
0071362a	0071362f	6
00713645	0071364f	11
0071367d	0071367f	3
007136c8	007136ca	3
007136dc	007136e7	12
0071371a	0071371c	3
00713731	00713733	3
00713745	00713747	3
00713777	00713779	3
0071378f	00713791	3
007137cf	007137d1	3
007137f2	007137f4	3
0071382c	007138df	180
007138ea	007138ef	6
007138fa	007138ff	6
00713908	0071390f	8
007139e1	007139e3	3
00713a00	00713a02	3
00713a0d	00713a0f	3
00713b82	00713b8f	14
00713ba5	00713ba7	3
00713bae	00713baf	2
00713bd1	00713bd8	8
00713c49	00713c50	8
00713c62	00713c64	3
00713c6a	00713c6f	6
00713ccd	00713ccf	3
00713ce1	00713ce3	3
00713d16	00713d18	3
00713d2d	00713d2f	3
00713d41	00713d43	3
00713d73	00713d75	3
00713e16	00713e1f	10
00713e28	00713e2f	8
00713e61	00713e6f	15
00714336	00714338	3
0071434a	0071434f	6
00714413	00714415	3
00714427	0071442f	9
0071486f	00714871	3
00714883	0071488f	13
00714b32	00714bff	206
007150e4	007150e6	3
007150f8	007150ff	8
00715689	0071568b	3
0071569d	0071569f	3
0071594b	0071594d	3
0071595f	0071595f	1
007159db	007159ff	37
00715b05	00715b07	3
00715b19	00715b1f	7
00715bca	00715bcc	3
00715bde	00715bdf	2
00715c8a	00715c8c	3
00715c9e	00715c9f	2
00715e66	00715ecf	106
0071622e	00716230	3
00716242	0071624f	14
007164b3	007164b5	3
007164c7	007164cf	9
00716b7f	00716b81	3
00716b93	00716b9f	13
00716d15	00716d17	3
00716d29	00716d2f	7
00717527	00717529	3
0071753b	0071753f	5
007175a9	007175bf	23
007177bf	007177c1	3
007177d3	007177df	13
00717837	0071784f	25
007178f4	007178ff	12
00717916	00717918	3
007179b2	007179bf	14
00717a2b	00717a2f	5
00717a34	00717a3f	12
00717a4e	00717a4f	2
00717a69	00717a6f	7
00717a7c	00717a7f	4
00717aad	00717aaf	3
00717aca	00717acf	6
00717ade	00717adf	2
00717af9	00717aff	7
00717b14	00717b1f	12
00717b27	00717b2f	9
00717b5d	00717b5f	3
00717bb7	00717bbf	9
00717c3e	00717c49	12
00717c4b	00717c4f	5
00717ce3	00717cee	12
00717d15	00717d20	12
00717d27	00717d2f	9
00717d98	00717d9f	8
00717f4c	00717f4f	4
00717fd2	00717fdf	14
00718005	0071800f	11
0071802f	0071802f	1
00718048	0071804f	8
00718064	0071806f	12
007180a8	007180af	8
00718169	0071822f	199
0071825e	0071825f	2
0071828e	0071828f	2
0071829e	0071834f	178
007183be	007183bf	2
00718494	0071849f	12
007184ae	007184af	2
007184ba	007184bf	6
007184ca	007184cf	6
00718527	0071852f	9
0071854e	00718550	3
00718557	00718572	28
0071866d	007186b2	70
0071876e	007187ef	130
00718873	0071887f	13
007188a6	007188af	10
007188cf	007188cf	1
007188ef	007188ef	1
007188f7	007188ff	9
00718964	0071896f	12
007189d2	007189df	14
007189ee	007189ef	2
007189fd	007189ff	3
00718a5c	00718a5f	4
00718abc	00718abf	4
00718ac7	00718acf	9
00718adb	00718adf	5
00718ae7	00718aef	9
00718afd	00718aff	3
00718b0d	00718b0f	3
00718b17	00718b1f	9
00718b2d	00718b2f	3
00718b37	00718b3f	9
00718b4d	00718b4f	3
00718b57	00718b5f	9
00718b6d	00718b6f	3
00718b77	00718b7f	9
00718b8d	00718b8f	3
00718b97	00718b9f	9
00718bad	00718baf	3
00718bb7	00718bbf	9
00718be5	00718bef	11
00718c09	00718c0f	7
00718c23	00718c2f	13
00718c37	00718c3f	9
00718c72	00718c7f	14
00718c8f	00718c8f	1
00718cfe	00718cff	2
00718d34	00718d3f	12
00718d82	00718d8f	14
00718e0c	00718e0f	4
00718e67	00718e6f	9
00718eda	00718edf	6
00718f05	00718f10	12
00718f17	00718f1f	9
00718f94	00718f9f	12
00719018	00719023	12
00719025	0071902f	11
007190ae	007190b9	12
007190bb	007190bf	5
00719153	0071915e	12
007191cf	007191cf	1
0071920a	0071920f	6
0071927b	0071927f	5
007193b3	007193bf	13
007193e6	007193ef	10
00719856	0071985f	10
00719a0c	00719acf	196
00719b5c	00719b5e	3
00719b72	00719b7f	14
00719baa	00719baf	6
00719c04	00719c0f	12
00719c5d	00719c5f	3
00719c92	00719c96	5
00719cb7	00719eff	585
00719fb9	00719fbf	7
0071a0ff	0071a101	3
0071a12f	0071a13a	12
0071a1ee	0071a1ef	2
0071a538	0071a53a	3
0071a60b	0071a60d	3
0071a616	0071a61f	10
0071a65d	0071a661	5
0071a682	0071a81f	414
0071a824	0071a82f	12
0071a837	0071a83f	9
0071a84a	0071a84f	6
0071a854	0071a85f	12
0071a864	0071a86f	12
0071a878	0071a87f	8
0071a894	0071a89f	12
0071a8b6	0071a8bf	10
0071a8e7	0071a8ef	9
0071a8f8	0071a8ff	8
0071a939	0071a93f	7
0071a948	0071a94f	8
0071a96a	0071a96f	6
0071a9d2	0071a9df	14
0071acf7	0071acff	9
0071ad15	0071ad17	3
0071ad1e	0071ad1f	2
0071ae31	0071ae3f	15
0071af85	0071af8f	11
0071aff0	0071b00f	32
0071b030	0071b032	3
0071b039	0071b03f	7
0071b04e	0071b06f	34
0071b090	0071b092	3
0071b099	0071b09f	7
0071b0ae	0071b0cf	34
0071b0f0	0071b0f2	3
0071b0f9	0071b0ff	7
0071b10e	0071b10f	2
0071b139	0071b13f	7
0071b169	0071b16f	7
0071b187	0071b18f	9
0071b20c	0071b20f	4
0071b2b3	0071b2bf	13
0071b30a	0071b30f	6
0071b34c	0071b34f	4
0071b383	0071b38f	13
0071b3ae	0071b3af	2
0071b3c8	0071b3cf	8
0071b3de	0071b3df	2
0071b3e7	0071b3ef	9
0071b42e	0071b42f	2
0071b491	0071b49f	15
0071b4c3	0071b4cf	13
0071b4f7	0071b4ff	9
0071b5e1	0071b5ef	15
0071b625	0071b62f	11
0071b643	0071b64f	13
0071b666	0071b66f	10
0071b6cd	0071b6cf	3
0071b6f2	0071b6ff	14
0071b72b	0071b72f	5
0071b76d	0071b76f	3
0071b79b	0071b79f	5
0071b7dd	0071b7df	3
0071b858	0071b863	12
0071b865	0071b86f	11
0071b8e8	0071b8f3	12
0071b8f5	0071b8ff	11
0071b978	0071b983	12
0071b985	0071b98f	11
0071b9b5	0071b9c0	12
0071b9c7	0071b9cf	9
0071ba48	0071ba53	12
0071ba55	0071ba5f	11
0071bad6	0071bae1	12
0071bae3	0071baef	13
0071bb66	0071bb71	12
0071bb73	0071bb7f	13
0071bbf6	0071bc01	12
0071bc03	0071bc0f	13
0071bc8e	0071bc99	12
0071bc9b	0071bc9f	5
0071bd12	0071bd1d	12
0071bd1f	0071bd1f	1
0071bd96	0071bda1	12
0071bda3	0071bdaf	13
0071be43	0071be4e	12
0071bee3	0071beee	12
0071bf08	0071bf0f	8
0071bf7e	0071bf7f	2
0071bff7	0071bfff	9
0071c02b	0071c02f	5
0071c089	0071c08f	7
0071c0b6	0071c0bf	10
0071c10c	0071c10f	4
0071c178	0071c17f	8
0071c1ca	0071c1d8	15
0071c1e1	0071c1f0	16
0071c1fc	0071c1fe	3
0071c218	0071c23f	40
0071c275	0071c27f	11
0071c326	0071c32f	10
0071c352	0071c35f	14
0071c50c	0071c50f	4
0071c58f	0071c58f	1
0071c59c	0071c59f	4
0071c5cb	0071c5cf	5
0071c6f4	0071c6ff	12
0071c8dd	0071c8df	3
0071c998	0071c9a4	13
0071c9ab	0071c9b7	13
0071c9c2	0071ca8f	206
0071cac3	0071cacf	13
0071cb03	0071cbcf	205
0071cc66	0071cc6f	10
0071cd16	0071cd1f	10
0071cdf2	0071cdf4	3
0071ce54	0071ce56	3
0071cef6	0071ceff	10
0071cf32	0071cf3f	14
0071cf88	0071cf93	12
0071cf9d	0071cfb6	26
0071cfbd	0071cfbf	3
0071cfdc	0071cfdf	4
0071d047	0071d04f	9
0071d18e	0071d18f	2
0071d5e9	0071d5f5	13
0071d5fc	0071d60f	20
0071d96d	0071d96f	3
0071dcb8	0071dcd6	31
0071dd00	0071dd0c	13
0071dd13	0071dd1f	13
0071df1a	0071df1f	6
0071e02c	0071e038	13
0071e03f	0071e04f	17
0071e0ea	0071e1af	198
0071e25a	0071e25f	6
0071e8d6	0071e8d8	3
0071eb79	0071eb81	9
0071eb88	0071eb9f	24
0071ebdf	0071ebdf	1
0071ec1f	0071ec1f	1
0071ecbf	0071ecbf	1
0071ed59	0071ed5f	7
0071ee18	0071ee1f	8
0071ee5d	0071ef0f	179
0071ef8e	0071ef99	12
0071ef9b	0071f1cf	565
0071f37c	0071f37f	4
0071f7c4	0071f7cf	12
0071f854	0071f85f	12
0071f86b	0071f86f	5
0071f88d	0071f88f	3
0071f897	0071f94f	185
0071f968	0071fb0f	424
0071fbc9	0071fbcf	7
0071fbe5	0071fbe7	3
0071fbee	0071fbef	2
0071fc38	0071fc40	9
0071fc68	0071fc70	9
0071fc77	0071fca8	50
0071fd36	0072019f	1130
00720272	0072027f	14
00720304	0072030f	12
007203bd	007203bf	3
007205d3	007205df	13
007208be	007208bf	2
007208df	007208df	1
007208f2	007208ff	14
0072090e	0072090f	2
00720938	0072093f	8
0072096e	0072096f	2
0072097e	0072097f	2
0072098e	0072098f	2
0072099e	0072099f	2
007209aa	007209af	6
00720a21	00720a2f	15
00720a37	00720a3f	9
00720a5e	00720a5f	2
00720a73	00720a7f	13
00720aa7	00720aaf	9
00720ace	00720acf	2
00720aee	00720aef	2
00720afe	00720aff	2
00720b0e	00720b0f	2
00720b1e	00720b1f	2
00720b61	00720b6f	15
00720c3b	00720c3f	5
00720ca8	00720caf	8
00720d64	00720d6f	12
00720da3	00720daf	13
00720e33	00720e3f	13
00720eac	00720eaf	4
00720ed5	00720edf	11
00720f19	00720f1f	7
00720f7b	00720f7d	3
00720f8b	00720f8d	3
00720f9b	00720f9d	3
00720fab	00720fad	3
00720fd4	007210bf	236
007210c6	007210cf	10
00721105	0072110f	11
00721135	0072113f	11
00721161	0072116f	15
007211c5	007211cf	11
00721212	0072121f	14
00721269	0072126f	7
0072163a	0072164f	22
00721665	00721667	3
0072166e	0072166f	2
00721681	0072168f	15
007216a2	007216af	14
00721790	0072179f	16
007217ea	007217ef	6
00721844	0072184f	12
0072186a	0072186f	6
007218c7	007218cf	9
007218e2	007218e4	3
007218f6	007218ff	10
007219f4	007219ff	12
00721a26	00721a2f	10
00721ab2	00721abf	14
00721ad6	00721ad8	3
00721adf	00721adf	1
00721b2c	00721b2f	4
00721b41	00721b4f	15
00721b61	00721b6f	15
00721bb3	00721bbf	13
00721bc7	00721bcf	9
00721beb	00721bef	5
00721c0b	00721c0f	5
00721c2b	00721c2f	5
00721e96	00721e9f	10
00721f8d	00721f95	9
00721f9c	00721fa1	6
00721fac	00721faf	4
00721fc2	00721fcf	14
00721ffb	00721fff	5
0072201e	0072201f	2
0072206a	0072206f	6
0072207e	0072207f	2
0072208e	0072208f	2
0072209e	0072209f	2
007220ab	007220af	5
007220be	007220bf	2
007220ce	007220cf	2
007220de	007220df	2
007220ee	007220ef	2
007220fe	007220ff	2
0072210e	0072210f	2
0072211e	0072211f	2
0072212e	0072212f	2
0072213e	0072213f	2
0072214e	0072214f	2
0072215e	0072215f	2
0072216e	0072216f	2
0072217e	0072217f	2
0072218e	0072218f	2
0072219e	0072219f	2
007221c4	007221df	28
007221f6	007221f8	3
007221ff	007221ff	1
00722218	0072221f	8
0072222b	0072222f	5
0072224b	0072224d	3
00722254	0072225f	12
00722279	0072227f	7
007223e4	007223e6	3
007223f9	007223ff	7
00722428	0072242f	8
0072243b	0072243f	5
007224b8	007224c3	12
007224c5	007224cf	11
00722542	0072254d	12
0072254f	0072254f	1
00722563	007225af	77
007225c5	007225c7	3
007225ce	007225cf	2
0072261a	0072261f	6
007227b4	007227b6	3
007227c9	007227cf	7
00722802	0072280f	14
00722908	0072290a	3
00722930	00722932	3
0072293f	0072293f	1
007229b3	007229b5	3
00722a10	00722a12	3
00722abf	00722ac1	3
00722ae7	00722ae9	3
00722af9	00722aff	7
00722b3a	00722b3f	6
00722b61	00722b6f	15
00722be8	00722bf3	12
00722bf5	00722bff	11
00722c72	00722c7d	12
00722c7f	00722c7f	1
00722c9d	00722ccf	51
00722d72	00722d7f	14
00722e63	00722e65	3
00722e78	00722e7f	8
00722f9d	00722f9f	3
007230ee	007230fa	13
00723101	0072310c	12
007231e0	007231ec	13
007231f3	007231fb	9
0072329b	007232bf	37
007232d8	007232da	3
007232ec	007232ef	4
00723308	0072330a	3
00723327	00723329	3
00723365	0072336f	11
007234f8	007234fa	3
0072350d	0072350f	3
00723523	0072352f	13
0072354a	0072354f	6
00723554	0072355f	12
00723564	0072356f	12
0072358d	0072358f	3
007235b9	007235bf	7
007235e9	007235ef	7
00723619	0072361f	7
00723649	0072364f	7
00723679	0072367f	7
007236b7	007236bf	9
007236f2	007236ff	14
00723732	0072373f	14
00723772	0072377f	14
007237b2	007237bf	14
007237f2	007237ff	14
0072381b	0072381d	3
00723824	0072382f	12
0072384b	0072384d	3
00723854	0072385f	12
0072387b	0072387d	3
00723884	0072388f	12
007238ab	007238ad	3
007238b4	007238bf	12
007238db	007238dd	3
007238e4	007238ef	12
0072390b	0072390d	3
00723914	0072391f	12
0072393b	0072393d	3
00723944	0072394f	12
0072396b	0072396d	3
00723974	0072397f	12
0072399b	0072399d	3
007239a4	007239af	12
007239cb	007239cd	3
007239d4	007239df	12
007239fb	007239fd	3
00723a04	00723a0f	12
00723a73	00723a7f	13
00723b13	00723b1e	12
00723b92	00723b9f	14
00723bcc	00723bcf	4
00723c09	00723c0f	7
00723c53	00723c5f	13
00723c8a	00723c8f	6
00723d62	00723d7f	30
00723e52	00723e6f	30
00723f7a	00723f9f	38
0072406c	0072408f	36
007240bf	007240bf	1
007241b1	007241b3	3
007241e4	007241ef	12
007242b6	007242c0	11
007242ee	007242ef	2
00724358	0072435a	3
00724366	0072436f	10
0072442e	00724430	3
0072444d	0072444f	3
007245bd	007245bf	3
007245e0	007245e2	3
007245fc	007245fe	3
00724661	00724663	3
00724680	00724682	3
0072469f	007246a1	3
007246b7	007246cf	25
00724734	00724736	3
00724757	00724759	3
007247c3	007247c5	3
007247ea	007247f8	15
0072492e	00724930	3
00724951	00724953	3
007249ae	007249b0	3
007249d1	007249d3	3
007249e0	007249ff	32
00724a68	00724a6a	3
00724a8f	00724a9b	13
00724b02	00724b04	3
00724b29	00724b36	14
00724c36	00724c5f	42
00724cfe	00724d00	3
00724d23	00724d25	3
00724d43	00724d45	3
00724d67	00724d78	18
00724e0b	00724e0d	3
00724e30	00724e32	3
00724e50	00724e52	3
00724e74	00724e85	18
00724f39	00724f3b	3
00724f5e	00724f60	3
00724f7e	00724f80	3
00724fa4	00724fa6	3
00724fcd	00724fcf	3
00724ff7	00725008	18
0072525b	0072527f	37
007252e5	007252e7	3
00725309	0072530b	3
0072537f	00725381	3
007253a3	007253a5	3
007255a7	007255a9	3
007255cc	007255ce	3
007255ec	007255ee	3
007255fb	007255ff	5
0072567e	00725689	12
0072568b	0072568f	5
007256f2	007256f4	3
0072571a	0072571c	3
00725753	0072575f	13
007257c2	007257c4	3
007257ea	007257ec	3
0072582d	0072582f	3
00725892	00725894	3
007258ba	007258bc	3
007258f8	007258ff	8
007259c0	007259c2	3
00725a19	00725a1f	7
00725af1	00725af3	3
00725b4a	00725b4f	6
00725cfc	00725cff	4
00725d31	00725d33	3
00725d47	00725d52	12
00725d5a	00725d5f	6
00725d91	00725d93	3
00725da7	00725db2	12
00725dba	00725dbf	6
00725eb4	00725ebf	12
00725f4e	00725f50	3
00725fb6	00725fb8	3
00725fd9	00725fdb	3
00726034	00726036	3
0072605b	00726069	15
007260c4	007260c6	3
007260e7	007260e9	3
007260f6	007260ff	10
00726171	00726173	3
00726199	0072619b	3
00726362	00726364	3
0072638a	0072638c	3
00726399	0072639f	7
00726402	00726404	3
0072642a	0072642c	3
00726481	00726483	3
007264f2	007264f4	3
0072651a	0072651c	3
0072657b	0072657d	3
0072658a	0072658f	6
007265f2	007265f4	3
0072661a	0072661c	3
00726676	00726678	3
00726685	0072668f	11
00726735	00726737	3
0072675c	0072675e	3
00726781	00726783	3
0072682b	0072682d	3
00726896	00726898	3
007268b9	007268bb	3
00726914	00726916	3
0072693e	00726940	3
00726978	0072697a	3
0072699b	0072699d	3
007269ad	00726a6f	195
00726b27	00726b2f	9
00726c16	00726c2c	23
00726c52	00726c6f	30
00726f2a	00726f2c	3
00726f48	00726f6f	40
00727000	00727002	3
00727016	0072701f	10
00727053	007270bf	109
0072716f	0072716f	1
00727185	00727187	3
0072718e	0072718f	2
007271ad	007271af	3
007271ce	007271cf	2
007271ee	007271ef	2
00727204	0072720f	12
0072723b	0072723f	5
0072724d	0072724f	3
0072726e	0072726f	2
007272ac	007272af	4
007272e7	007272e9	3
007273a4	007273af	12
007273cd	007273cf	3
007273e7	007273ef	9
007273f9	007273ff	7
00727418	0072741f	8
00727433	0072743f	13
0072749a	0072749c	3
007274a3	007274af	13
007274d1	007274df	15
007275bc	007275bf	4
007275da	007275df	6
007275f7	007275ff	9
00727609	0072760f	7
00727628	0072762f	8
00727643	0072764f	13
007276aa	007276ac	3
007276b3	007276bf	13
007276e1	007276ef	15
007277bc	007277bf	4
007277db	007277df	5
007277eb	007277ef	5
007277ff	007277ff	1
0072781b	0072781d	3
00727824	0072782f	12
00727a6b	00727a6d	3
00727a80	00727acf	80
00727b04	00727b0f	12
00727b1f	00727b1f	1
00727b27	00727b2f	9
00727b39	00727b3f	7
00727b4f	00727b4f	1
00727b5f	00727b5f	1
00727b69	00727b6f	7
00727b79	00727b7f	7
00727b95	00727b9f	11
00727bb7	00727bbf	9
00727bcd	00727bcf	3
00727bdd	00727bdf	3
00727bed	00727bef	3
00727bfd	00727bff	3
00727c09	00727c0f	7
00727c17	00727c1f	9
00727c6a	00727c6f	6
00727ccf	00727ccf	1
00727d28	00727d2f	8
00727d4a	00727d4f	6
00727d76	00727d7f	10
00727dbf	00727dbf	1
00727dd6	00727dd8	3
00727ddf	00727ddf	1
00727df9	00727dff	7
00727e2b	00727e2f	5
00727e54	00727e5f	12
00727e6f	00727e6f	1
00727ea6	00727eaf	10
00727ee4	00727eef	12
00727f84	00727f8f	12
00727fef	00727fef	1
0072805f	0072805f	1
007280ee	007280ef	2
0072810b	0072810f	5
00728145	0072814f	11
00728176	0072817f	10
007281b9	007281bf	7
00728237	0072823f	9
007282a7	007282af	9
007283ef	007283f1	3
0072841f	0072842a	12
007284de	007284df	2
00728518	0072851f	8
00728582	0072858f	14
0072886f	0072888f	33
007288b0	007288b2	3
007288b9	007288bf	7
007288ce	007288cf	2
007288fc	007288ff	4
00728a43	00728a4f	13
00728b0b	00728b0f	5
00728c81	00728c8f	15
00728e1f	00728e1f	1
00728e47	00728e4f	9
00728e94	00728ebf	44
00728ee0	00728ee2	3
00728ee9	00728eef	7
00728efe	00728eff	2
00728f19	00728f1f	7
00728f2d	00728f2f	3
00728f44	00728f4f	12
00728f5f	00728f5f	1
00728f72	00728f7f	14
00728f8d	00728f8f	3
00728fab	00728faf	5
00729024	0072902f	12
0072909f	0072909f	1
007290f1	007290ff	15
007291bb	007291bf	5
0072922f	0072922f	1
007292d1	007292df	15
00729347	0072934f	9
0072936b	0072936f	5
00729573	0072957f	13
007295be	007295bf	2
007295e6	007295ef	10
00729691	0072969f	15
007296e8	007296ef	8
007297d4	007297df	12
00729919	0072991b	3
00729949	00729954	12
00729a08	00729a0f	8
00729a98	00729eff	1128
00729f20	00729f22	3
00729f29	00729f2f	7
00729f3e	00729f3f	2
00729f9b	00729f9f	5
0072a006	0072a008	3
0072a00f	0072a00f	1
0072a025	0072a027	3
0072a02e	0072a02f	2
0072a045	0072a047	3
0072a04e	0072a04f	2
0072a079	0072a07f	7
0072a10b	0072a10f	5
0072a189	0072a18f	7
0072a1bd	0072a1bf	3
0072a1d3	0072a1d5	3
0072a20e	0072a20f	2
0072a225	0072a227	3
0072a22e	0072a22f	2
0072a243	0072a245	3
0072a27e	0072a27f	2
0072a295	0072a297	3
0072a29e	0072a29f	2
0072a2bf	0072a2c1	3
0072a2c8	0072a2cf	8
0072a36d	0072a36f	3
0072a3af	0072a3b1	3
0072a3b9	0072a3bf	7
0072a419	0072a41b	3
0072a42f	0072a42f	1
0072a573	0072a57f	13
0072a595	0072a597	3
0072a59e	0072a59f	2
0072a5d7	0072a5df	9
0072a60d	0072a60f	3
0072a617	0072a61f	9
0072a627	0072a62f	9
0072a641	0072a64f	15
0072a65d	0072a65f	3
0072a66d	0072a66f	3
0072a69a	0072a69f	6
0072a6c6	0072a6cf	10
0072a6db	0072a6df	5
0072a6eb	0072a6ef	5
0072a707	0072a70f	9
0072a71b	0072a71f	5
0072a72b	0072a72f	5
0072a73a	0072a73f	6
0072a748	0072a74f	8
0072a758	0072a75f	8
0072a797	0072a79f	9
0072a7c3	0072a7cf	13
0072a7d4	0072a7df	12
0072a7ed	0072a7ef	3
0072a816	0072a81f	10
0072a82b	0072a82f	5
0072a851	0072a85f	15
0072a86b	0072a86f	5
0072a884	0072a88f	12
0072a8bb	0072a8bf	5
0072a8f7	0072a8ff	9
0072a968	0072a96f	8
0072a9c9	0072a9cf	7
0072a9d8	0072a9df	8
0072a9e4	0072a9ef	12
0072aa07	0072aa0f	9
0072aa14	0072aa1f	12
0072aa33	0072aa3f	13
0072aa56	0072aa58	3
0072ab39	0072ab3f	7
0072ab9c	0072ab9f	4
0072ac8e	0072ac8f	2
0072aca8	0072acaf	8
0072acb4	0072acbf	12
0072acd7	0072acdf	9
0072acf6	0072acff	10
0072ad16	0072ad18	3
0072ad53	0072ad5f	13
0072ae87	0072ae8f	9
0072af7d	0072af7f	3
0072afd4	0072afdf	12
0072b033	0072b03f	13
0072b09b	0072b09f	5
0072b0c5	0072b0cf	11
0072b123	0072b12f	13
0072b158	0072b15f	8
0072b19a	0072b19f	6
0072b1e2	0072b1ef	14
0072b224	0072b22f	12
0072b367	0072b369	3
0072b388	0072b38f	8
0072b398	0072b39f	8
0072b3ab	0072b3af	5
0072b3b7	0072b3bf	9
0072b3cb	0072b3cf	5
0072b3d7	0072b3df	9
0072b3e8	0072b3ef	8
0072b549	0072b54b	3
0072b579	0072b584	12
0072b63a	0072b63f	6
0072b6c3	0072b6cf	13
0072b711	0072b71f	15
0072b756	0072b75f	10
0072b764	0072b76f	12
0072b7ba	0072b7bf	6
0072b809	0072b80f	7
0072b863	0072b86f	13
0072b895	0072b89f	11
0072b8c8	0072b8cf	8
0072b908	0072b90f	8
0072b952	0072b95f	14
0072b994	0072b99f	12
0072ba29	0072ba2b	3
0072ba49	0072ba4f	7
0072ba58	0072ba5f	8
0072ba64	0072ba6f	12
0072ba78	0072ba7f	8
0072ba8f	0072ba8f	1
0072ba97	0072ba9f	9
0072baab	0072baaf	5
0072bab7	0072babf	9
0072bae4	0072baef	12
0072baf8	0072baff	8
0072bb61	0072bb6f	15
0072bba6	0072bbaf	10
0072bbb5	0072bbbf	11
0072bbe3	0072bbef	13
0072bbf4	0072bbff	12
0072bc61	0072bc6f	15
0072bca3	0072bcaf	13
0072bcca	0072bccf	6
0072bd4b	0072bd4f	5
0072bf44	0072bf4f	12
0072bf55	0072bf5f	11
0072bf83	0072bf8f	13
0072bfc3	0072bfcf	13
0072bfea	0072bfef	6
0072c17c	0072c17f	4
0072c1d9	0072c1df	7
0072c219	0072c21f	7
0072c23b	0072c23d	3
0072c244	0072c24f	12
0072c281	0072c28f	15
0072c2a2	0072c2cf	46
0072c329	0072c32f	7
0072c3a4	0072c3af	12
0072c3fb	0072c3ff	5
0072c4bc	0072c4bf	4
0072c4f1	0072c4ff	15
0072c51d	0072c51f	3
0072c551	0072c55f	15
0072c5bd	0072c5bf	3
0072c75a	0072c75f	6
0072c775	0072c77f	11
0072c7d1	0072c7df	15
0072c8da	0072c8df	6
0072c907	0072c90f	9
0072c92e	0072c930	3
0072c940	0072c963	36
0072c971	0072c973	3
0072c97d	0072c97f	3
0072c995	0072c997	3
0072c99e	0072c99f	2
0072c9e4	0072c9ef	12
0072ca21	0072ca2f	15
0072ca6b	0072ca6d	3
0072cb5e	0072d016	1209
0072d02d	0072d02f	3
0072d043	0072d04f	13
0072d063	0072d06f	13
0072d07f	0072d07f	1
0072d146	0072d14f	10
0072d159	0072d15f	7
0072d172	0072d19f	46
0072d1bb	0072d1bf	5
0072d1da	0072d1df	6
0072d1f9	0072d1ff	7
0072d21b	0072d21d	3
0072d224	0072d22f	12
0072d242	0072d26f	46
0072d493	0072d49f	13
0072d50a	0072d50f	6
0072d53b	0072d53f	5
0072d552	0072d57f	46
0072d5fd	0072d5ff	3
0072d635	0072d63f	11
0072d779	0072d77b	3
0072d7a9	0072d7b4	12
0072d86a	0072d86f	6
0072d8bd	0072d8bf	3
0072e2e8	0072e2ea	3
0072e2fd	0072e2ff	3
0072e37f	0072e37f	1
0072e39d	0072e39f	3
0072e3bb	0072e3bd	3
0072e3c4	0072e3cf	12
0072e43b	0072e43f	5
0072e454	0072e45f	12
0072e476	0072e478	3
0072e47f	0072e47f	1
0072e494	0072e49f	12
0072e4c1	0072e4cf	15
0072e4e4	0072e4ef	12
0072e509	0072e50f	7
0072e52a	0072e52f	6
0072e552	0072e554	3
0072e55b	0072e55f	5
0072e574	0072e57f	12
0072e735	0072e73f	11
0072e754	0072e75f	12
0072e774	0072e77f	12
0072e794	0072e79f	12
0072e7c1	0072e7cf	15
0072e7e7	0072e7ef	9
0072e808	0072e80f	8
0072e842	0072e84f	14
0072e872	0072e874	3
0072e87b	0072e87f	5
0072e8e1	0072e8ef	15
0072ec16	0072ec1f	10
0072ec39	0072ec3f	7
0072ec5b	0072ec5d	3
0072ec64	0072ec6f	12
0072ee21	0072ee2f	15
0072ee86	0072ee8f	10
0072eeb1	0072eebf	15
0072eedb	0072eedd	3
0072eee4	0072eeef	12
0072efea	0072efef	6
0072f004	0072f00f	12
0072f024	0072f02f	12
0072f04b	0072f04f	5
0072f06b	0072f06d	3
0072f074	0072f07f	12
0072f24e	0072f24f	2
0072f267	0072f26f	9
0072f2eb	0072f2ef	5
0072f337	0072f33f	9
0072f371	0072f37f	15
0072f3c2	0072f3cf	14
0072f436	0072f43f	10
0072f698	0072f69f	8
0072f72f	0072f72f	1
0072f743	0072f78f	77
0072f7a5	0072f7a7	3
0072f7ae	0072f7af	2
0072f858	0072f85f	8
00730d9b	00730d9f	5
00730db4	00730dbf	12
00730dd4	00730ddf	12
00730df4	00730dff	12
00730e14	00730e1f	12
00730e34	00730e3f	12
00730e54	00730e5f	12
00730e74	00730e7f	12
00730e94	00730e9f	12
00730eb4	00730ebf	12
00730ed4	00730edf	12
00730ef4	00730eff	12
00730f14	00730f1f	12
00730f34	00730f3f	12
00730f54	00730f5f	12
00730f74	00730f7f	12
00730f97	00730f9f	9
00730fb2	00730fdf	46
0073102c	0073102f	4
00732225	0073222f	11
00732299	0073229f	7
007322cb	007322cf	5
007322e2	0073230f	46
00732c0e	00732c16	9
00732c1d	00732c2f	19
00732c42	00732c6f	46
00732cbc	00732cbf	4
00733189	0073318f	7
007331bb	007331bf	5
007331d2	007331ff	46
007339b8	007339c0	9
007339c7	007339df	25
007339f4	007339ff	12
00733a46	00733a4f	10
00733a62	00733a8f	46
00733adc	00733adf	4
00733f6a	00733f6f	6
00733f87	00733f8f	9
00734001	0073400f	15
0073406b	0073406f	5
0073408d	0073408f	3
007340a2	007340ef	78
007341ba	007341bf	6
00734261	0073426f	15
00734b45	00734c0f	203
00734c24	00734c2f	12
00734c44	00734c4f	12
00734c64	00734c6f	12
00734c84	00734c8f	12
00734ca4	00734caf	12
00734cc4	00734ccf	12
00734ce4	00734cef	12
00734d06	00734d08	3
00734d0f	00734d0f	1
00734d28	00734d7f	88
00734d92	00734dbf	46
00734dd6	00734dd8	3
00734df7	00734dff	9
00734e16	00734e18	3
00734e37	00734e3f	9
00734eb2	00734ebd	12
00734ebf	00734ebf	1
00734f0f	00734f0f	1
00735dbb	00735dbf	5
00735ddc	00735ddf	4
00735ec4	00735ecf	12
00735ed1	00735edf	15
0073610c	0073610f	4
00736122	0073616f	78
007361ef	007361ef	1
007361fc	007361ff	4
00736233	0073623f	13
0073632d	0073632f	3
00736338	00736340	9
00736347	0073635f	25
007364ed	007364ef	3
007365ff	00736601	3
0073660c	0073660f	4
00736ea4	00736eaf	12
00736ec4	00736ecf	12
00736ee4	00736eef	12
00736f04	00736f0f	12
00736f4f	00736f4f	1
00736f96	00736f9f	10
00736fba	00736fbf	6
00736fd2	00736fff	46
00737078	00737083	12
00737085	0073708f	11
00737102	0073710d	12
0073710f	0073710f	1
00737121	0073712f	15
00737146	0073714f	10
00737185	0073718f	11
007371c3	007371cf	13
00737202	0073720f	14
0073731f	0073732b	13
00737332	00737380	79
00737f0f	00737f3f	49
00737fd4	00737fdf	12
00737ff2	0073801f	46
00738058	0073805f	8
007385f8	00738604	13
0073860b	0073864c	66
007386bd	007386bf	3
007386c8	007386d4	13
007386db	0073871f	69
00738732	0073875f	46
00738795	0073879f	11
00738d14	00738d1f	12
00738d3b	00738d3d	3
00738d44	00738d4f	12
00738e2d	00738e35	9
00738e3c	00738e4f	20
00738e63	00738e6f	13
00739368	0073936a	3
00739371	0073937f	15
00739394	0073939f	12
007393bb	007393bf	5
00739414	0073941f	12
00739435	00739437	3
0073943e	0073943f	2
0073a0ff	0073a0ff	1
0073a11b	0073a11f	5
0073a135	0073a137	3
0073a13e	0073a13f	2
0073a526	0073a52f	10
0073a544	0073a54f	12
0073a564	0073a56f	12
0073a58b	0073a58f	5
0073a5e4	0073a5ef	12
0073b29c	0073b2af	20
0073b2cb	0073b2cf	5
0073c1c7	0073c1cf	9
0073c1e6	0073c1e8	3
0073c1ef	0073c1ef	1
0073c259	0073c25f	7
0073c2b5	0073c2bf	11
0073c2e8	0073c2ef	8
0073c31d	0073c31f	3
0073c36b	0073c36f	5
0073c42d	0073c49f	115
0073c516	0073c521	12
0073c523	0073c52f	13
0073c545	0073c547	3
0073c54e	0073c54f	2
0073c5c8	0073c5d3	12
0073c5d5	0073c5df	11
0073c67b	0073c67f	5
0073c851	0073c87f	47
0073c8a4	0073c8ad	10
0073c8b9	0073c8bf	7
0073ca1a	0073ca1f	6
0073ca53	0073ca5f	13
0073caf6	0073caff	10
0073cb38	0073cb3f	8
0073cd7f	0073cd87	9
0073cd8e	0073cd9f	18
0073cdbc	0073cdbf	4
0073ce5a	0073ce5f	6
0073df84	0073dfcd	74
0073e04c	0073e09c	81
0073e21b	0073e26f	85
0073e286	0073e288	3
0073e28f	0073e28f	1
0073e2ba	0073e2bc	3
0073e2c3	0073e2cf	13
0073e2e4	0073e2ef	12
0073e304	0073e30f	12
0073e329	0073e32f	7
0073e34b	0073e34d	3
0073e354	0073e35f	12
0073e395	0073e39f	11
0073e89f	0073e89f	1
0073e8b4	0073e8bf	12
0073e8d8	0073e8df	8
0073e8f7	0073e90f	25
0073e927	0073e94f	41
0073e966	0073e968	3
0073e987	0073e98f	9
0073e9a6	0073e9a8	3
0073e9c7	0073e9cf	9
0073ea2d	0073ea2f	3
0073ea68	0073ea6f	8
0073eb5e	0073eb5f	2
0073f18e	0073f18f	2
0073f1b6	0073f1bf	10
0073f1d7	0073f1df	9
0073f1ff	0073f1ff	1
0073f21f	0073f21f	1
0073f23d	0073f23f	3
0073f29d	0073f29f	3
0073f2c5	0073f2d0	12
0073f2d7	0073f2df	9
0073f35e	0073f369	12
0073f36b	0073f36f	5
0073f403	0073f40e	12
0073f5bc	0073f67f	196
0073f739	0073f73f	7
0073f7a8	0073f7af	8
0073f7c4	0073f82f	108
0073f9a8	0073f9b0	9
0073f9b7	0073f9cf	25
0073f9e5	0073f9e7	3
0073f9ee	0073f9ef	2
0073fba0	0073fbb8	25
00741259	0074125b	3
007412ca	007412cc	3
007412f4	007412ff	12
00741314	0074131f	12
00741334	0074133f	12
00741356	00741358	3
0074135f	0074135f	1
00741374	0074137f	12
00741394	0074139f	12
007413b4	007413bf	12
007413d4	007413df	12
007413f4	007413ff	12
00741414	0074141f	12
00741434	0074143f	12
00741454	0074145f	12
00741474	0074147f	12
00741494	0074149f	12
007414b4	007414bf	12
007414d4	007414df	12
007414f4	007414ff	12
00741517	0074151f	9
00741537	0074153f	9
0074155f	0074155f	1
0074157f	0074157f	1
0074159f	0074159f	1
007415bf	007415bf	1
007415d4	007415df	12
007415f4	007415ff	12
00741614	0074161f	12
0074169e	0074169f	2
007416ec	007416ef	4
007416f6	007416ff	10
00741738	0074173f	8
00741753	0074175f	13
007417ab	007417af	5
007417d1	007417df	15
007417f6	007417f8	3
00741817	0074181f	9
00741898	007418a3	12
007418a5	007418af	11
00741922	0074192d	12
0074192f	0074192f	1
007419c3	007419ce	12
00741a4e	00741a59	12
00741a5b	00741a5f	5
00741a85	00741a90	12
00741a97	00741a9f	9
00741ac2	00741acb	10
00741ace	00741acf	2
00741af3	00741aff	13
00741ceb	00741cef	5
00741fe1	00741fef	15
007421b1	0074228f	223
007422a2	007422cf	46
0074247c	0074247f	4
007424e4	007424ef	12
007425f6	007425ff	10
00742932	0074293f	14
007429a8	007429af	8
00742a67	00742a6f	9
00742aa4	00742aaf	12
00742d23	00742d25	3
00742d3a	00742d3f	6
00743c28	00743c2f	8
00744016	00744023	14
0074580a	0074580f	6
0074674a	0074674f	6
0074696a	0074696a	1
00746f61	0074700d	173
00747026	00747077	82
007472fa	007472fc	3
007478a9	007478ab	3
007479f5	00747a06	18
00747a53	00747abf	109
00747b28	00747b2f	8
00747b44	00747b4f	12
00747b7e	00747b7f	2
00747b92	00747bbf	46
00747be3	00747bef	13
00747c46	00747c48	3
00747c67	00747c6f	9
00747cbb	00747cbf	5
00747cf2	00747cff	14
007492a1	007492bf	31
007492df	007492df	1
00749372	0074937f	14
007493a5	007493b0	12
007493b7	007493bf	9
0074943e	00749449	12
0074944b	0074944f	5
007494e3	007494ee	12
0074969c	0074975f	196
00749819	0074981f	7
00749888	0074988f	8
007498a4	007498ef	76
00749a39	00749a41	9
00749a48	00749a5f	24
00749a75	00749a77	3
00749a7e	00749a7f	2
00749c40	00749c5b	28
0074b769	0074b76b	3
0074bacd	0074bacf	3
0074bb2e	0074bb2f	2
0074bb42	0074bb7f	62
0074bcdf	0074bcdf	1
0074be3f	0074be47	9
0074be4e	0074be5f	18
0074be72	0074be9f	46
0074bed2	0074bedf	14
0074d122	0074d12f	14
0074d181	0074d18f	15
0074d1b5	0074d1c0	12
0074d1c7	0074d1cf	9
0074d24e	0074d259	12
0074d25b	0074d25f	5
0074d2f3	0074d2fe	12
0074d4ac	0074d56f	196
0074d629	0074d62f	7
0074d698	0074d69f	8
0074d6b4	0074d6ff	76
0074d7fa	0074d7ff	6
0074d849	0074d851	9
0074d858	0074d86f	24
0074d885	0074d887	3
0074d88e	0074d88f	2
0074d9fa	0074d9ff	6
0074da30	0074da48	25
0074faef	0074faf1	3
0074fcd2	0074fcd4	3
0074fe91	0074fe93	3
0074fea6	0074feaf	10
0074fec4	0074fecf	12
0074fee7	0074feef	9
0074ff0b	0074ff0f	5
0074ff64	0074ff6f	12
0074ff8b	0074ff8d	3
0074ff94	0074ff9f	12
007506d9	007506ef	23
007513ad	007513af	3
00751fc2	00751fdf	30
00752482	0075248f	14
00752495	0075249f	11
007524bb	007524bd	3
007524c4	007524cf	12
00752528	00752530	9
00752537	0075254f	25
00752562	0075258f	46
0075267a	00752682	9
00752689	0075269f	23
00752d1e	00752d20	3
00752d78	00752d7a	3
00752d8e	00752d8f	2
00752dc5	00752dcf	11
00752e02	00752e0f	14
00752e22	00752e4f	46
007531cb	007531cf	5
007531eb	007531ef	5
00753235	0075323f	11
0075325b	0075325d	3
00753264	0075326f	12
00753482	0075348f	14
007534c4	007534df	28
00753536	0075353f	10
00753555	00753557	3
0075355e	0075355f	2
007535bd	007535bf	3
0075368a	00753692	9
00753699	007536af	23
0075437d	0075437f	3
0075490b	0075490d	3
00754bd5	00754bdf	11
00754bf4	00754bff	12
00754c12	00754c5f	78
00754c81	00754c8f	15
00754cfb	00754cff	5
0075547b	0075547f	5
007554b4	0075551f	108
00755535	00755537	3
0075553e	0075553f	2
00755577	00755579	3
00755592	00755594	3
0075559b	0075559f	5
007556bd	007556bf	3
007557d9	007557ff	39
0075585d	0075585f	3
0075596d	0075596f	3
007559c8	007559d0	9
007559d7	007559ef	25
00756569	0075656b	3
00756577	0075657f	9
0075705e	00757062	5
0075753d	0075753f	3
0075755a	0075755f	6
0075766a	0075766f	6
00757cba	00757cbf	6
00757d79	00757d7f	7
00757d9a	00757d9f	6
00757ef3	00757ef5	3
00757f1a	00757f1f	6
00757f3a	00757f3f	6
007580d9	007580df	7
007580fa	007580ff	6
0075812d	0075812f	3
0075814a	0075814f	6
00758169	0075816f	7
00758201	0075820f	15
00758222	0075826f	78
00758365	0075836f	11
007583db	007583df	5
00759a4b	00759a4f	5
00759a62	00759a8f	46
00759f27	00759f2f	9
00759ff3	00759fff	13
0075a02d	0075a035	9
0075a03c	0075a04f	20
0075a06b	0075a06f	5
0075a092	0075a094	3
0075a09b	0075a09f	5
0075a4ed	0075a4ef	3
0075a4f8	0075a500	9
0075a507	0075a545	63
0075a5a6	0075a5af	10
0075a5c6	0075a5c8	3
0075a5cf	0075a5cf	1
0075a5e2	0075a5ff	30
0075a619	0075a64f	55
0075a677	0075a6af	57
0075a6cb	0075a6cf	5
0075a799	0075a79f	7
0075a7c7	0075a7c9	3
0075a7dc	0075a7ef	20
0075a7fd	0075a7ff	3
0075a817	0075a81f	9
0075a84f	0075a84f	1
0075a85e	0075a85f	2
0075a8ba	0075a8bf	6
0075a8e3	0075a8ef	13
0075a95c	0075a95f	4
0075a978	0075a97a	3
0075a98f	0075a991	3
0075a9a6	0075a9a8	3
0075a9bd	0075a9bf	3
0075a9d4	0075a9d6	3
0075a9eb	0075a9ed	3
0075aa02	0075aa04	3
0075aa19	0075aa1b	3
0075aa30	0075aa32	3
0075aa47	0075aa49	3
0075aa5e	0075aa60	3
0075aa75	0075aa77	3
0075aa8c	0075aa8e	3
0075aaa6	0075aaa8	3
0075aac0	0075aac2	3
0075aacc	0075ab3f	116
0075acc9	0075accf	7
0075b436	0075b47f	74
0075b8ea	0075b8ef	6
0075b9e9	0075b9ef	7
0075c40d	0075c40f	3
0075c43d	0075c43f	3
0075c74a	0075c776	45
0075c7a1	0075c80f	111
0075c81a	0075c81f	6
0075c824	0075c82f	12
0075c846	0075c848	3
0075c84f	0075c84f	1
0075c87d	0075c87f	3
0075c89d	0075c8cf	51
0075cbcc	0075cbcf	4
0075ccbd	0075ccbf	3
0075cd77	0075cd7f	9
0075cdad	0075cdaf	3
0075cdcd	0075cdff	51
0075d047	0075d04f	9
0075d0e6	0075d0ef	10
0075d10c	0075d10f	4
0075d187	0075d18f	9
0075d1b1	0075d1bf	15
0075d1dd	0075d20f	51
0075d2c7	0075d2cf	9
0075d35e	0075d367	10
0075d37a	0075d37f	6
0075d3a1	0075d3af	15
0075d3cd	0075d3ff	51
0075d45d	0075d45f	3
0075d51d	0075d51f	3
0075d542	0075d54f	14
0075d55d	0075d59f	67
0075d609	0075d60f	7
0075d61a	0075d61f	6
0075d62b	0075d62f	5
0075d639	0075d63f	7
0075dd54	0075dd5f	12
0075dd69	0075dd6f	7
0075e28b	0075e28f	5
0075e299	0075e86f	1495
0075e879	0075ee7f	1543
0075ee89	0075ee8f	7
0075f3eb	0075f3ef	5
0075f3f9	0075faaf	1719
0075fab9	007601bf	1799
007601c9	007601cf	7
0076065c	0076065f	4
00760669	00760a2f	967
00760a39	00760a3f	7
00760bd4	00760bdf	12
00760be9	00760c8f	167
00760c99	00760e2f	407
00760e39	007612bf	1159
007612c9	007612cf	7
0076136a	007619bf	1622
007619c9	00761c5f	663
00761c69	00761f8f	807
00761f99	00761f9f	7
00761fa9	0076206f	199
00762079	0076278f	1815
00762799	00762aaf	791
00762ab9	00762d9f	743
00762da9	00762e7f	215
00762e89	007634bf	1591
007634c9	0076372f	615
00763739	0076399f	615
007639a9	00763c0f	615
00763c19	00763d1f	263
00763d29	0076449f	1911
007644a9	007647bf	791
007647c9	007647cf	7
00764837	0076556f	3385
00765579	007656bf	327
007656c9	007657cf	263
007657d9	0076593f	359
00765949	00765c1f	727
00765c29	00765d3f	279
00765d49	00765d4f	7
00765d66	00765d68	3
00765d6f	0076640f	1697
00766419	007664ef	215
007664f9	007664ff	7
007667b7	007667bf	9
007667c9	007667cf	7
007667d9	007667df	7
00766a5f	00766a5f	1
00766a69	00766d7f	791
00766d89	00766e5f	215
00766e69	00766f4d	229
0076780f	0076780f	1
00767819	00767b3f	807
00767b49	00767e5f	791
00767e76	00767e78	3
00767e7f	00767e7f	1
00767ea7	00767eaf	9
00767ec6	00767ec8	3
00767ecf	00767ecf	1
00767ed7	00767edf	9
00767ee7	00767eef	9
00767ef6	00767eff	10
00767f1c	00767f1f	4
00767f9f	00767f9f	1
00767fbb	00767fbf	5
00767fd6	00767fdf	10
00767fea	00767fef	6
00767ffa	00767fff	6
0076800c	0076800f	4
00768046	0076804f	10
0076805b	0076805f	5
0076806b	0076806f	5
0076808e	0076808f	2
00768094	0076809f	12
007680aa	007680af	6
007680b7	007680bf	9
007680c5	007680cf	11
007680d7	007680df	9
007680e7	007680ef	9
007680fb	007680ff	5
00768104	0076810f	12
00768115	0076811f	11
0076812e	0076812f	2
00768137	0076813f	9
00768147	0076814f	9
00768157	0076815f	9
00768167	0076816f	9
007681b5	007681bf	11
007682d3	007682df	13
00768307	0076830f	9
0076831a	0076831f	6
00768324	0076832f	12
0076833a	0076833f	6
0076834b	0076834f	5
0076835b	0076835f	5
00768389	0076838f	7
007683b7	007683bf	9
007683f5	007683ff	11
00768421	0076842f	15
007684b9	007684bf	7
00768518	0076851f	8
00768527	0076852f	9
00768537	0076853f	9
0076854d	0076854f	3
00768557	0076855f	9
00768573	0076857f	13
00768587	0076858f	9
007685a3	007685af	13
007685bb	007685bf	5
007685c4	007685cf	12
007685da	007685df	6
007685eb	007685ef	5
00768607	0076860f	9
00768617	0076861f	9
00768635	0076863f	11
007686a8	007686af	8
007686b7	007686bf	9
007686c7	007686cf	9
007686d8	007686df	8
00768713	0076871f	13
0076875e	0076875f	2
0076876d	0076876f	3
00768787	0076878f	9
0076879d	0076879f	3
007687b8	007687bf	8
007687e9	007687ef	7
0076880c	0076880f	4
00768862	0076886f	14
007688b6	007688bf	10
0076890f	0076890f	1
00768935	00768940	12
00768947	0076894f	9
00768975	00768980	12
00768987	0076898f	9
00768a01	00768a0f	15
00768a84	00768a8f	12
00768b04	00768b0f	12
00768be8	00768bef	8
00768d1c	00768d1f	4
00768d45	00768d50	12
00768d57	00768d5f	9
00768d85	00768d90	12
00768d97	00768d9f	9
00768e18	00768e23	12
00768e25	00768e2f	11
00768ea8	00768eb3	12
00768eb5	00768ebf	11
00768ee5	00768ef0	12
00768ef7	00768eff	9
00768f42	00768f44	3
00768f57	00768f59	3
00768f63	00768f6f	13
00768fe6	00768ff1	12
00768ff3	00768fff	13
00769072	0076907d	12
0076907f	0076907f	1
00769113	0076911e	12
0076919e	007691a9	12
007691ab	007691af	5
0076921f	0076921f	1
0076928f	0076928f	1
00769301	0076930f	15
00769379	0076937f	7
007693ba	007693bf	6
007694ac	007694af	4
007694cb	007694cf	5
007694ea	007694ef	6
0076952d	0076952f	3
0076954b	0076954f	5
0076956b	0076956f	5
00769777	0076977f	9
007697ba	007697bf	6
00769804	0076980f	12
0076992c	0076992f	4
00769989	0076998f	7
00769c7b	00769c7f	5
00769ca6	00769caf	10
00769cd9	00769cdf	7
00769cfd	00769cff	3
00769d6b	00769d6f	5
00769d99	00769d9b	3
00769da2	00769daf	14
00769dc5	00769ddf	27
00769fbd	00769fbf	3
0076a014	0076a01f	12
0076a0d7	0076a0df	9
0076a28c	0076a34f	196
0076a48f	0076a491	3
0076a4bf	0076a4ca	12
0076a57e	0076a6ff	386
0076a7e4	0076a7ef	12
0076a81d	0076a828	12
0076a832	0076a840	15
0076a846	0076a84f	10
0076a91b	0076a91f	5
0076a9d9	0076a9df	7
0076aa85	0076aa8f	11
0076ab02	0076ab0f	14
0076addb	0076addf	5
0076ae2c	0076ae2f	4
0076ae73	0076ae7f	13
0076aec8	0076aecf	8
0076af4c	0076af4f	4
0076b153	0076b15f	13
0076b430	0076b432	3
0076b448	0076b44f	8
0076b91b	0076b91d	3
0076b933	0076b93f	13
0076b9fa	0076ba0f	22
0076bbcf	0076bbcf	1
0076bc79	0076bc7f	7
0076bca6	0076bcaf	10
0076bcff	0076bcff	1
0076bfde	0076bfdf	2
0076bff2	0076bfff	14
0076c05a	0076c05f	6
0076c103	0076c105	3
0076c133	0076c13e	12
0076c1e3	0076c1e5	3
0076c213	0076c21e	12
0076c288	0076c28f	8
0076c347	0076c34f	9
0076c3b9	0076c3bf	7
0076c53a	0076c53c	3
0076c570	0076c57b	12
0076c654	0076c65f	12
0076c6e3	0076c6ef	13
0076c820	0076c822	3
0076c83a	0076c83f	6
0076c8f9	0076c8ff	7
0076c996	0076c99f	10
0076ca36	0076ca3f	10
0076ccf9	0076ccff	7
0076cdfa	0076cdff	6
0076ce9e	0076cea0	3
0076cee4	0076ceef	12
0076cf3b	0076cf49	15
0076cfa8	0076cfb6	15
0076cfe4	0076cfef	12
0076d03c	0076d04a	15
0076d05c	0076d05e	3
0076d098	0076d09f	8
0076d2a6	0076d2af	10
0076d30a	0076d30f	6
0076d34c	0076d34f	4
0076d3b2	0076d3bf	14
0076d427	0076d42f	9
0076d49b	0076d49f	5
0076d50c	0076d50f	4
0076d679	0076d67f	7
0076d696	0076d69f	10
0076d6bc	0076d6bf	4
0076d89b	0076d89f	5
0076d8c1	0076d8cf	15
0076d923	0076d93f	29
0076d9ea	0076d9ef	6
0076dbd9	0076dbe1	9
0076dbe8	0076dbf5	14
0076dc89	0076dc8f	7
0076dd0f	0076dd18	10
0076de1c	0076de25	10
0076defa	0076df07	14
0076e1d8	0076e1e0	9
0076e1e7	0076e1ff	25
0076e26c	0076e26f	4
0076e598	0076e59f	8
0076f06d	0076f06f	3
0076f1c0	0076f1c2	3
0076f206	0076f208	3
0076f222	0076f23f	30
0076f3b7	0076f3bf	9
0076f470	0076f479	10
0076f62e	0076f639	12
0076f684	0076f68f	12
0076f6df	0076f6df	1
0076fae5	0076faef	11
0076fd3f	0076fd5f	33
0076fe56	0076fe58	3
0076ffed	0076ffef	3
0077011a	0077011f	6
0077027d	0077027f	3
0077030f	0077030f	1
00770527	00770529	3
00770534	0077053f	12
007705b9	007705bf	7
007706da	007706df	6
0077094e	0077094f	2
00771320	00771322	3
00771377	00771379	3
00771429	00771433	11
007716bd	007716cc	16
00771871	0077187f	15
0077194a	0077195f	22
007722bd	007722bf	3
007723b3	007723bf	13
0077265a	0077265f	6
007729e1	007729ef	15
00772d7e	00772d7f	2
00772dbd	00772dbf	3
00772dc8	00772dd7	16
00772e0e	00772e0f	2
00772e59	00772e68	16
00772e99	00772e9f	7
00772eb5	00772ebf	11
00772f3d	00772f3f	3
00772f58	00772f5f	8
0077357c	0077358b	16
007738e3	007738ff	29
0077390a	0077390f	6
00773917	0077391f	9
00773927	0077392f	9
00773957	00773cff	937
00773d66	00773d7f	26
00773dbf	00773dce	16
00773df2	00773dff	14
00773e90	00773e9f	16
00773eb5	00773eb7	3
00773ebe	00773ebf	2
00773f1b	00773f1f	5
00773f49	00773f4f	7
007740dd	007740df	3
0077410f	0077411a	12
00774220	00774228	9
0077422f	0077424f	33
007742f8	00774300	9
00774307	0077430f	9
007743a9	007743b1	9
007743b8	007743ba	3
00774428	0077442f	8
007745cc	007745cf	4
00774648	00774653	12
00774655	0077465f	11
007746d6	007746e1	12
007746e3	007746ef	13
00774702	00774704	3
00774727	0077473f	25
0077477a	0077477f	6
007747ff	007747ff	1
0077480c	0077480f	4
00774913	0077492f	29
0077497c	0077497f	4
007749cf	007749cf	1
007749e9	007749eb	3
00774a10	00774a12	3
00774a23	00774a2f	13
00774a36	00774a3f	10
00774a55	00774a57	3
00774a5e	00774a5f	2
00774ab4	00774abf	12
00774b1c	00774b1f	4
00774b5b	00774b5f	5
00774b78	00774b7a	3
00774b97	00774b99	3
00774ba0	00774bdf	64
00774c14	00774c1f	12
00774c26	00774c8f	106
00774ccb	00774d2f	101
00774d46	00774d48	3
00774d4f	00774d4f	1
00774d8d	00774da1	21
00774dab	00774dcf	37
00774e48	00774e4f	8
00774eb6	00774ebf	10
00774efa	00774eff	6
00774f2f	00774f2f	1
00774fb5	00774fbf	11
00774fd5	00774fd7	3
00774fde	00774fdf	2
00774fef	00774fef	1
007751d8	007751df	8
00775202	0077520f	14
0077526c	0077526f	4
00775291	0077529f	15
007752c1	007752cf	15
0077532a	0077532f	6
0077538a	0077538f	6
007753a7	007753af	9
007753b7	007753bf	9
007753c7	007753cf	9
007753d7	007753df	9
007753e7	007753ef	9
007753f7	007753ff	9
00775407	0077540f	9
00775417	0077541f	9
00775427	0077542f	9
00775437	0077543f	9
00775447	0077544f	9
00775463	0077546f	13
0077553b	0077553f	5
007755d3	007755df	13
007755fd	007755ff	3
00775604	0077560f	12
007756da	007756df	6
00775726	0077572f	10
00775776	0077577f	10
007757c6	007757cf	10
00775827	0077582f	9
00775887	0077588f	9
007758e7	007758ef	9
007758fd	007758ff	3
00775935	0077593f	11
0077596e	0077596f	2
007759e8	007759f3	12
007759f5	007759ff	11
00775a25	00775a30	12
00775a37	00775a3f	9
00775ab2	00775abd	12
00775abf	00775abf	1
00775b3e	00775b49	12
00775b4b	00775b4f	5
00775be3	00775bee	12
00775c18	00775c1f	8
00775c91	00775c9f	15
00775cce	00775ccf	2
00775d88	00775d8f	8
00775daf	00775daf	1
00775dd9	00775ddf	7
00775e8d	00775e8f	3
00775f11	00775f1f	15
00775f77	00775f7f	9
00776262	0077626f	14
007762d6	007762df	10
007762fd	007762ff	3
0077637e	0077637f	2
0077652c	0077652f	4
00776669	0077666b	3
00776699	007766a4	12
0077675a	0077675f	6
007767ab	007767af	5
00776812	0077681f	14
00776832	0077683f	14
00776883	0077688f	13
007768c8	007768cf	8
007768e3	007768ef	13
00776903	0077690f	13
00776923	0077692f	13
00776943	0077694f	13
00776963	0077696f	13
00776983	0077698f	13
007769a3	007769af	13
007769c3	007769cf	13
007769e3	007769ef	13
00776a03	00776a0f	13
00776a23	00776a2f	13
00776ad3	00776ad5	3
00776b03	00776b0e	12
00776bc9	00776bcf	7
00776c53	00776c5f	13
00776d17	00776d1f	9
00776d9e	00776d9f	2
00776e1e	00776e1f	2
00776e9e	00776e9f	2
00777009	0077700f	7
007770a8	007770b6	15
007773b9	007773bf	7
0077769d	0077769f	3
007777d7	007777e0	10
00777850	00777859	10
007778ea	007778ef	6
0077797d	00777986	10
00777a5f	00777a5f	1
00777a7a	00777a7f	6
00777b20	00777b29	10
00777b43	00777b4f	13
00777d70	00777d79	10
00778008	00778011	10
00778060	00778062	3
00778099	0077809f	7
007784e1	007784ef	15
0077885f	0077885f	1
00778ab0	00778abd	14
00778b51	00778b5a	10
00778b9c	00778b9f	4
00778bcd	00778bcf	3
00778bf9	00778bfb	3
00778c0b	00778c0d	3
00778c22	00778c24	3
00778c34	00778c36	3
00778c4b	00778c4d	3
00778c5d	00778c5f	3
00778c7d	00778c88	12
00778ca8	00778cb3	12
00778cdd	00778ceb	15
00778e0e	00778e0f	2
00778ee8	00778eef	8
00778f22	00778f24	3
00778f34	00778f36	3
00778f4b	00778f4d	3
00778f5d	00778f5f	3
00778f74	00778f76	3
00778f86	00778f88	3
00778f9d	00778f9f	3
00778faf	00778fb1	3
00778fc2	00778fc4	3
00778ffc	0077913f	324
0077914d	0077914f	3
00779157	0077915f	9
0077916d	0077916f	3
00779178	0077917f	8
00779188	0077918f	8
007791bf	007791bf	1
00779209	0077920f	7
00779218	0077921f	8
00779236	0077923f	10
00779444	0077944f	12
00779819	00779826	14
00779845	0077984f	11
00779865	00779867	3
0077986e	0077986f	2
00779878	0077987f	8
00779889	0077988f	7
00779899	0077989f	7
007798be	007798bf	2
007798de	007798df	2
00779953	0077995f	13
00779967	0077996f	9
0077998d	0077998f	3
007799e7	007799ef	9
00779a27	00779a2f	9
00779a67	00779a6f	9
00779aab	00779aaf	5
00779aeb	00779aef	5
00779b5e	00779b5f	2
00779be5	00779bef	11
00779d14	00779d1f	12
00779d98	00779da3	12
00779da5	00779daf	11
00779e26	00779e31	12
00779e33	00779e3f	13
00779ed3	00779ede	12
00779f54	00779f5f	12
00779f7d	00779f7f	3
00779fa8	00779faf	8
00779fcf	00779fcf	1
00779fef	00779fef	1
0077a00d	0077a00f	3
0077a01a	0077a01f	6
0077a06a	0077a073	10
0077a086	0077a08f	10
0077a0ff	0077a0ff	1
0077a196	0077a19f	10
0077a1c9	0077a1cf	7
0077a203	0077a20f	13
0077a22b	0077a22f	5
0077a259	0077a25f	7
0077a2a3	0077a2af	13
0077a2e9	0077a2ef	7
0077a363	0077a36f	13
0077a464	0077a46f	12
0077a527	0077a52f	9
0077a65d	0077a65f	3
0077a800	0077a802	3
0077a837	0077a842	12
0077a91d	0077a91f	3
0077aa59	0077aa5b	3
0077aa89	0077aa94	12
0077ab4a	0077ab4f	6
0077aecd	0077aecf	3
0077b1ed	0077b1ef	3
0077b318	0077b31a	3
0077b3a2	0077b3af	14
0077b3e8	0077b3ef	8
0077b45a	0077b45f	6
0077b4c7	0077b4cf	9
0077b52f	0077b52f	1
0077b5ca	0077b5cf	6
0077b66d	0077b66f	3
0077b719	0077b71f	7
0077b789	0077b78f	7
0077b813	0077b81f	13
0077b941	0077b94f	15
0077bae4	0077baef	12
0077bcf8	0077bcff	8
0077bf3d	0077bf3f	3
0077bf94	0077bf9f	12
0077c2fd	0077c2ff	3
0077c36d	0077c36f	3
0077c49e	0077c49f	2
0077cae4	0077cb6f	140
0077cc3f	0077cc47	9
0077cc4e	0077cc83	54
0077cc9a	0077cc9f	6
0077cd49	0077cd51	9
0077cd58	0077cd8f	56
0077cd95	0077cd9f	11
0077cef5	0077ceff	11
0077cf47	0077cf4f	9
0077cf89	0077cf8f	7
0077d368	0077d38f	40
0077d45c	0077d45f	4
0077d4e2	0077d4ef	14
0077d53d	0077d53f	3
0077d589	0077d58f	7
0077d5e1	0077d5ef	15
0077d60b	0077d60f	5
0077d73c	0077d73f	4
0077d78c	0077d79d	18
0077d7c1	0077d7c3	3
0077d7d4	0077d7df	12
0077d834	0077d83f	12
0077debf	0077deff	65
0077e05a	0077e05c	3
0077e13e	0077e14c	15
0077e1be	0077e1cc	15
0077e34b	0077e35f	21
0077e43a	0077e43c	3
0077e46c	0077e46e	3
0077e4b2	0077e4bf	14
0077e508	0077e50f	8
0077e586	0077e58f	10
0077e633	0077e63f	13
0077e645	0077e64f	11
0077e828	0077e832	11
0077e83b	0077e870	54
0077e879	0077e87f	7
0077e9a8	0077e9b0	9
0077e9b7	0077e9c3	13
0077ea79	0077ea84	12
0077eaa8	0077eab0	9
0077eab7	0077eac3	13
0077eb5d	0077eb65	9
0077eb6c	0077eb78	13
0077eb8c	0077eb94	9
0077eb9b	0077eba7	13
0077ed01	0077ed03	3
0077ed1b	0077ed27	13
0077ed32	0077ed3f	14
0077ed9d	0077ed9f	3
0077ee68	0077ee70	9
0077ee77	0077eeb3	61
0077ef79	0077ef84	12
0077efdf	0077efe7	9
0077efee	0077f027	58
0077f0d0	0077f0d8	9
0077f0df	0077f114	54
0077f128	0077f130	9
0077f137	0077f173	61
0077f20d	0077f218	12
0077f24d	0077f24f	3
0077f2aa	0077f2af	6
0077f433	0077f435	3
0077f449	0077f451	9
0077f458	0077f49f	72
0077f506	0077f50f	10
0077f576	0077f57f	10
0077f5ed	0077f5ef	3
00780143	0078058f	1101
007805e4	007805e6	3
0078060c	00780a2f	1060
00781011	0078101f	15
00781035	00781037	3
0078103e	0078103f	2
00781085	0078108f	11
007810bb	007810bf	5
00781138	00781143	12
00781145	0078114f	11
007811c8	007811d3	12
007811d5	007811df	11
00781258	00781263	12
00781265	0078126f	11
007812a1	007812a3	3
007812b7	007812c3	13
007812c8	007812cf	8
007812ef	0078135f	113
007813bc	007813bf	4
007813de	0078143f	98
00781455	00781457	3
0078145e	0078145f	2
00781493	0078149f	13
007814b1	007814bf	15
007814ff	007814ff	1
00781546	0078154f	10
00781566	0078156f	10
007815a9	007815af	7
007815e9	007815ef	7
00781606	0078160f	10
0078162b	0078162f	5
00781682	0078168f	14
007816c3	007816cf	13
007816db	007816df	5
007816fd	007816ff	3
0078174f	0078174f	1
0078177c	0078177f	4
007817cf	007817cf	1
007817fc	007817ff	4
0078184f	0078184f	1
0078187c	0078187f	4
007818cf	007818cf	1
007818fc	007818ff	4
00781952	0078195f	14
0078198c	0078198f	4
007819aa	007819af	6
00781a05	00781a0f	11
00781a69	00781a6f	7
00781aa1	00781aaf	15
00781ac1	00781acf	15
00781b3b	00781b3f	5
00781b7a	00781b7f	6
00781bee	00781bef	2
00781ce4	00781cef	12
00781d97	00781d9f	9
00781df5	00781dff	11
00781e74	00781e7f	12
00781f13	00781f1e	12
00781f45	00781f50	12
00781f57	00781f5f	9
00781fef	00781fef	1
0078204a	0078204f	6
007820f9	007820ff	7
0078214d	0078214f	3
007821a3	007821af	13
007821c2	007821c4	3
007821de	007821df	2
007821f2	007821f4	3
0078220e	0078220f	2
0078237d	0078237f	3
0078270f	0078270f	1
0078299e	0078299f	2
00782a2f	00782a2f	1
00782c94	00782c9f	12
00782d0f	00782d0f	1
00782dda	00782ddf	6
00782e78	00782e7f	8
00782e8b	00782e8f	5
00782e9b	00782e9f	5
00782eab	00782eaf	5
00782ebb	00782ebf	5
00782ecb	00782ecf	5
00782edb	00782edf	5
00782efd	00782eff	3
00782f2e	00782f2f	2
00782ffc	00782fff	4
00783026	0078302f	10
007830da	007830df	6
00783177	0078317f	9
007832b9	007832bb	3
007832e9	007832f4	12
007833aa	007833af	6
00783467	0078346f	9
00783528	0078352f	8
00783549	0078354b	3
007835d1	007835df	15
007835f5	007835f7	3
00783621	0078362f	15
00783707	0078370f	9
00783bb9	00783bbf	7
00783d19	00783d1f	7
00783d3c	00783d41	6
00783d9e	00783da0	3
00783db1	00783db3	3
00783dd6	00783dd8	3
00783e0a	00783ebf	182
00783f41	00783f4f	15
00784255	00784257	3
0078425e	0078425f	2
00784285	0078428f	11
007842ed	007842ef	3
00784372	0078437f	14
007843a2	007843af	14
007843db	007843df	5
0078440b	0078440f	5
00784431	0078443f	15
00784444	0078444f	12
00784471	0078447f	15
0078448d	0078448f	3
007844b1	007844bf	15
007844c9	007844cf	7
007844f1	007844ff	15
0078450a	0078450f	6
00784531	0078453f	15
0078454a	0078454f	6
00784571	0078457f	15
0078458a	0078458f	6
007845e8	007845ef	8
00784603	0078460f	13
00784623	0078462f	13
00784643	0078464f	13
007846ac	007846af	4
00784747	0078474f	9
00784769	0078476f	7
007847e4	007847ef	12
00784864	0078486f	12
00784903	0078490e	12
0078497f	0078497f	1
007849ef	007849ef	1
00784a52	00784a5f	14
00784b19	00784b1f	7
00784b3b	00784b3f	5
00784b5b	00784b5f	5
00784d2e	00784d2f	2
00784d56	00784d5f	10
00784d89	00784d8f	7
00784ddf	00784ddf	1
00784e51	00784e5f	15
00784ed5	00784edf	11
00784f1d	00784f1f	3
00784fa2	00784faf	14
00785028	0078502f	8
007852b2	007852bf	14
0078537f	0078537f	1
007853d4	007853df	12
007853ef	007853ef	1
00785415	0078541f	11
00785444	0078544f	12
0078546a	0078546f	6
0078549f	0078549f	1
007854c7	007854cf	9
007854ef	007854ef	1
00785549	0078554f	7
0078556f	0078556f	1
007855f3	007855f5	3
00785608	0078560f	8
007856d1	007856d3	3
007856e6	007856ef	10
00785773	00785775	3
00785788	0078578f	8
007857de	007857df	2
00785813	0078581f	13
0078586f	0078586f	1
0078587d	0078587f	3
007858cb	007858cf	5
007858f2	007858ff	14
0078592b	0078592f	5
00785963	0078596f	13
007859cf	007859cf	1
00785a4b	00785a4f	5
00785af6	00785aff	10
00785bc4	00785bcf	12
00785cb7	00785cbf	9
00785e9a	00785e9f	6
00785f5f	00785f5f	1
00786105	0078610f	11
0078614b	00786154	10
00786196	0078619f	10
007861b3	007861bf	13
007861e5	007861ef	11
00786215	0078621f	11
00786255	00786257	3
00786266	0078626f	10
0078629d	0078629f	3
007862d2	007862df	14
0078630d	0078630f	3
00786342	0078634f	14
00786379	0078637f	7
007863ae	007863af	2
00786425	0078642f	11
00786569	0078656b	3
00786599	007865a4	12
0078665a	0078665f	6
0078679f	007867a1	3
007867cf	007867da	12
0078688e	0078688f	2
00786a0a	00786a0c	3
00786a40	00786a4b	12
00786b24	00786b2f	12
00786ba3	00786baf	13
00786d4e	00786d4f	2
00786dd8	00786ddf	8
00786eea	00786eec	3
00786f2e	00786f30	3
00786f73	00786f7f	13
00787041	00787043	3
00787085	00787087	3
00787228	0078722a	3
00787252	00787254	3
00787299	0078729b	3
0078733b	0078733f	5
007875c1	007875c3	3
007875de	007875df	2
00787765	00787767	3
007877a5	007877a7	3
0078784d	0078784f	3
007878e8	007878ea	3
00787928	0078792a	3
007879ca	007879cc	3
00787bda	00787bdc	3
00787c71	00787c7f	15
00787cba	00787cbf	6
00787cea	00787cef	6
00787d41	00787d4f	15
00787de4	00787def	12
00787ebf	00787ebf	1
00787ee4	00787eef	12
00787fa3	00787faf	13
007880e9	007880ef	7
0078821f	0078821f	1
007882fd	007882ff	3
00788407	0078840f	9
00788477	0078847f	9
007884b1	007884b3	3
007884c7	007884d2	12
007884da	007884df	6
00788577	0078857f	9
0078858a	0078858f	6
00788597	0078859f	9
007885a8	007885af	8
007885b8	007885bf	8
007885c8	007885cf	8
007885d8	007885df	8
007885e8	007885ef	8
007885f8	007885ff	8
00788608	0078860f	8
0078864e	00788650	3
00788670	00788672	3
007886ce	007886dc	15
007886e9	00788731	73
0078876f	00788771	3
00788799	0078879b	3
007887af	007887b1	3
007887c2	007887cf	14
007887fa	007887fc	3
00788862	0078886f	14
007888bd	007888bf	3
0078896b	0078896d	3
0078898b	00788a0f	133
00788c63	00788c6f	13
00788d77	00788d7f	9
00788db6	00788db8	3
00788df9	00788e02	10
00789335	0078933f	11
0078943a	0078943c	3
00789538	0078953a	3
00789547	0078954f	9
00789607	0078960f	9
00789625	00789627	3
0078962e	0078962f	2
00789686	0078968f	10
007896cd	007896cf	3
007896e5	007896e7	3
007896ee	007896ef	2
007898aa	007898ac	3
007898f0	007898f2	3
00789998	0078999f	8
00789ba0	00789ba2	3
00789bbe	00789bbf	2
00789bdf	00789be9	11
00789bf3	00789bff	13
00789c3d	00789c3f	3
00789c6a	00789c6f	6
00789c8d	00789c8f	3
00789ce1	00789cef	15
00789d4d	00789d4f	3
00789d77	00789d7f	9
00789d8d	00789d8f	3
00789dba	00789dbf	6
00789dd5	00789dd7	3
00789dde	00789ddf	2
00789e54	00789e5f	12
00789ecf	00789ecf	1
00789f7d	00789f7f	3
00789f9b	00789f9f	5
0078a023	0078a02f	13
0078a209	0078a20f	7
0078a48b	0078a48f	5
0078a4ba	0078a4bf	6
0078a4f7	0078a4ff	9
0078a805	0078a80f	11
0078a87f	0078a87f	1
0078a905	0078a907	3
0078aa22	0078aa2f	14
0078aab4	0078aabf	12
0078ac08	0078ac0a	3
0078ac3a	0078ac45	12
0078b1f1	0078b1ff	15
0078b247	0078b24f	9
0078b2b2	0078b2bf	14
0078b345	0078b34f	11
0078b92a	0078b92f	6
0078b99b	0078b99f	5
0078bf7a	0078bf7f	6
0078c008	0078c00f	8
0078c5ea	0078c5ef	6
0078c66e	0078c66f	2
0078c686	0078c68f	10
0078c6a6	0078c6af	10
0078c6c2	0078c6ef	46
0078c721	0078c72f	15
0078c77e	0078c77f	2
0078c7e6	0078c7ef	10
0078c81d	0078c81f	3
0078c841	0078c84f	15
0078c8ad	0078c8af	3
0078c95a	0078c95f	6
0078c9af	0078c9af	1
0078ca03	0078ca0f	13
0078ca1d	0078ca1f	3
0078ca39	0078ca3f	7
0078ca7e	0078ca7f	2
0078ca9b	0078ca9f	5
0078cac4	0078cacf	12
0078cd0f	0078cd0f	1
0078cd69	0078cd6f	7
0078cfa8	0078cfaf	8
0078d039	0078d042	10
0078d132	0078d13f	14
0078d15d	0078d18f	51
0078d1fd	0078d1ff	3
0078d296	0078d29f	10
0078d2bc	0078d2bf	4
0078d35a	0078d35f	6
0078d40c	0078d40f	4
0078d481	0078d48f	15
0078d497	0078d49f	9
0078d4e2	0078d4ef	14
0078d522	0078d52f	14
0078d6b7	0078d6bf	9
0078d739	0078d73f	7
0078d76a	0078d76f	6
0078d7aa	0078d7af	6
0078d811	0078d81f	15
0078d846	0078d84f	10
0078d8be	0078d8cf	18
0078d909	0078d90f	7
0078d91a	0078d91f	6
0078d93e	0078d93f	2
0078d947	0078d94f	9
0078d957	0078d95f	9
0078d967	0078d96f	9
0078d998	0078d99f	8
0078d9be	0078d9bf	2
0078d9de	0078d9df	2
0078da01	0078da0f	15
0078da9f	0078da9f	1
0078db0d	0078db0f	3
0078db4e	0078db4f	2
0078db9d	0078db9f	3
0078dc17	0078dc1f	9
0078dc5f	0078dc67	9
0078dc6e	0078dc77	10
0078dcd1	0078dcdc	12
0078dd88	0078dd90	9
0078dd97	0078dda1	11
0078ddb8	0078dddf	40
0078dee7	0078deef	9
0078df06	0078df08	3
0078df0f	0078df0f	1
0078df29	0078df2f	7
0078df51	0078df5f	15
0078df81	0078df8f	15
0078e001	0078e00f	15
0078e031	0078e03f	15
0078e3ce	0078e3cf	2
0078e5b1	0078e5bf	15
0078e5e7	0078e5ef	9
0078e64c	0078e64f	4
0078e693	0078e69f	13
0078e8a1	0078e8af	15
0078e8b7	0078e8bf	9
0078e8d6	0078e8d8	3
0078e8df	0078e8df	1
0078e8ed	0078e8ef	3
0078e926	0078e92f	10
0078e97b	0078e97f	5
0078ea16	0078ea1f	10
0078ea6a	0078ea6f	6
0078eb77	0078eb7f	9
0078ec64	0078ec6f	12
0078ef02	0078ef0f	14
0078ef88	0078ef93	12
0078ef95	0078ef9f	11
0078f01f	0078f01f	1
0078f02c	0078f02f	4
0078f169	0078f16b	3
0078f199	0078f1a4	12
0078f25a	0078f25f	6
0078f28f	0078f291	3
0078f2a1	0078f2ad	13
0078f2b2	0078f2bf	14
0078f343	0078f34f	13
0078f3d9	0078f3df	7
0078f46b	0078f46f	5
0078f493	0078f49f	13
0078f5cd	0078f5cf	3
0078f5f3	0078f5ff	13
0078f61d	0078f63f	35
0078f6bd	0078f6d7	27
0078f843	0078f845	3
0078f855	0078f862	14
0078f923	0078f925	3
0078f969	0078f96b	3
0078f995	0078f997	3
0078f9b8	0078f9ba	3
0078fa02	0078fa04	3
0078fa14	0078fa21	14
0078fa75	0078fa77	3
0078fa98	0078fa9a	3
0078fb09	0078fb0b	3
0078fb2c	0078fb2e	3
0078fb6d	0078fb6f	3
0078fb7f	0078fb88	10
0078fbb8	0078fbba	3
0078fbd4	0078fbdf	12
0078fc49	0078fc4b	3
0078fc7a	0078fc7f	6
0078fd5e	0078fd60	3
0078fd86	0078fd88	3
0078fe02	0078fe04	3
0078fe2a	0078fe2c	3
0078fedf	0078fee1	3
0078fef2	0078fef4	3
0078ff08	0078ff0f	8
0078ff86	0078ff91	12
0078ff93	0078ff9f	13
0078ffed	0078ffef	3
0078fff6	0078ffff	10
0079000b	0079000f	5
0079003f	0079003f	1
00790056	00790058	3
00790082	00790084	3
0079008b	0079008f	5
007900fb	007900fd	3
00790122	0079012d	12
00790178	0079017a	3
0079019b	0079019d	3
007901a7	007901af	9
00790283	0079028e	12
0079029c	0079029f	4
007902ac	007902af	4
007902da	007902df	6
00790419	0079041b	3
00790449	00790454	12
0079050a	0079050f	6
0079058e	00790599	12
0079059b	0079059f	5
0079074c	0079074f	4
00790781	00790783	3
00790797	007907a2	12
007907aa	007907af	6
007907ed	007907ef	3
00790921	0079092f	15
00790995	00790997	3
007909f9	007909fb	3
00790a19	00790a1b	3
00790a3c	00790a3f	4
00790a8e	00790a8f	2
00790b47	00790b4f	9
00790c05	00790c3f	59
00790ca5	00790ca7	3
00790cae	00790caf	2
00790cd2	00790cdf	14
00790cfb	00790cfd	3
00790d04	00790d0f	12
00790d86	00790d8f	10
00790db2	00790dbf	14
00790ddb	00790ddd	3
00790de4	00790def	12
00790ecd	00790ecf	3
00790ef2	00790eff	14
00790f1b	00790f1d	3
00790f24	00790f2f	12
00790fc3	00790fcf	13
00790ff2	00790fff	14
0079101b	0079101d	3
00791024	0079102f	12
0079108c	0079108f	4
007910a8	007910aa	3
007910c7	007910c9	3
00791105	0079110f	11
0079112f	0079112f	1
0079115d	0079115f	3
00791194	0079119f	12
007911de	007911df	2
00791217	00791219	3
00791238	0079123f	8
00791255	00791257	3
0079125e	0079125f	2
00791323	0079132f	13
00791387	00791389	3
007913a8	007913af	8
007913c5	007913c7	3
007913ce	007913cf	2
0079146d	0079146f	3
007914e2	007914ef	14
00791508	0079150a	3
0079152e	00791530	3
00791537	0079153f	9
007916af	007916af	1
00791726	00791728	3
0079174e	00791759	12
0079182b	00791837	13
0079183e	00791840	3
007918c4	007918cf	12
007918e2	007918ef	14
0079190d	0079190f	3
00791914	0079191f	12
00791937	0079193f	9
00791957	0079195f	9
00791977	0079197f	9
0079199f	0079199f	1
007919c1	007919cf	15
00791a1f	00791a1f	1
00791a37	00791a3f	9
00791a52	00791a5f	14
00791a86	00791a8f	10
00791a9d	00791a9f	3
00791ab7	00791abf	9
00791ae3	00791aef	13
00791b09	00791b0f	7
00791b27	00791b2f	9
00791b47	00791b4f	9
00791b67	00791b6f	9
00791b87	00791b8f	9
00791ba7	00791baf	9
00791bcf	00791bcf	1
00791bef	00791bef	1
00791c11	00791c1f	15
00791c59	00791c5f	7
00791c76	00791c7f	10
00791caf	00791caf	1
00791ce9	00791cef	7
00791d13	00791d15	3
00791d1c	00791d1f	4
00791d3d	00791d3f	3
00791d5d	00791d5f	3
00791db8	00791dbf	8
00791e8f	00791e8f	1
00791f5f	00791f5f	1
00791fe9	00791fef	7
0079206c	0079206f	4
00792217	0079221f	9
007922ca	007922cf	6
0079236d	0079236f	3
00792572	0079257f	14
007925a5	007925af	11
007925ca	007925cf	6
007925ea	007925ef	6
00792616	0079261f	10
00792662	0079266f	14
007926b4	007926bf	12
00792741	0079274f	15
007927d2	007927df	14
0079282d	0079282f	3
00792875	0079287f	11
0079294f	0079294f	1
00792b1d	00792b2f	19
00792b95	00792b9f	11
00792be9	00792bef	7
00792c2b	00792c2f	5
00792c6b	00792c6f	5
00792e73	00792e7f	13
00792ebb	00792ebf	5
00792edf	00792edf	1
00792f08	00792f0f	8
00792f29	00792f2f	7
00792fa8	00792faf	8
0079303f	0079303f	1
00793114	0079311f	12
0079314b	0079314f	5
0079316a	0079316f	6
007931e4	007931ef	12
0079323d	0079323f	3
007932be	007932c9	12
007932cb	007932cf	5
00793346	00793351	12
00793353	0079335f	13
007933f3	007933fe	12
00793425	00793430	12
00793437	0079343f	9
00793465	00793470	12
00793477	0079347f	9
007934f8	00793503	12
00793505	0079350f	11
0079357f	0079357f	1
00793701	0079370f	15
0079377d	0079377f	3
007937ae	007937af	2
00793ad7	00793b0f	57
00793dda	00793ddf	6
00793f0b	00793f0f	5
00793f2b	00793f2f	5
00793f6d	00793f6f	3
0079412f	0079412f	1
007941ab	007941af	5
0079421d	0079421f	3
0079424a	0079424f	6
00794297	0079429f	9
0079433f	0079433f	1
0079456c	0079456f	4
0079458d	0079458f	3
00794638	0079463f	8
007946bd	007946bf	3
007947a1	007947af	15
0079480e	00794810	3
00794855	00794857	3
007948a2	007948a4	3
007948b7	007948bf	9
007949f7	007949ff	9
00794a8f	00794a8f	1
00794ad3	00794adf	13
00794aed	00794aef	3
00794bc7	00794bcf	9
00794c87	00794c8f	9
00794d47	00794d4f	9
00794ec5	00794ec7	3
00794efa	00794f05	12
00794fd4	00794fdf	12
00795219	0079523f	39
007953cd	007953ef	35
00795427	0079542f	9
007957ac	007957af	4
00795a2d	00795a2f	3
00795afd	00795aff	3
00795ce8	00795cea	3
00795d2e	00795d30	3
00795dc4	00795dc6	3
00795e13	00795e15	3
00795e31	00795e3f	15
00795ea6	00795eaf	10
00795f29	00795f2f	7
00795f96	00795f9f	10
0079608f	0079608f	1
00796112	0079611f	14
00796238	00796248	17
007964fc	00796504	9
00796518	0079652f	24
0079657b	0079657f	5
00796679	0079667d	5
00796686	0079668f	10
00796a1a	00796a1f	6
00796b7d	00796b7f	3
007978f7	007978f9	3
0079791d	00797921	5
0079794e	00797950	3
0079795e	00797987	42
007979ad	007979af	3
007979c9	007979cf	7
00797bdf	00797be7	9
00797c0d	00797c17	11
00797ca6	00797caf	10
00797e5b	00797e5d	3
00797e87	00797e91	11
00797f02	00797f0f	14
00797f39	00797f3b	3
00797f52	00797f54	3
00797f64	00797f66	3
00797f96	00797faf	26
00798058	0079805f	8
00798271	0079827f	15
007983ff	00798401	3
00798506	0079850f	10
00798a08	00798a14	13
00798a1b	00798a29	15
00798a50	00798a5c	13
00798a65	00798a6f	11
00798ab9	00798ac1	9
00798acc	00798adf	20
00798b18	00798b1a	3
00798b2f	00798b31	3
00798b41	00798b43	3
00798bc4	00798bcc	9
00798d95	00798d9f	11
00798dd6	00798ddf	10
00798e0b	00798e0f	5
00798f44	00798f4f	12
00798fc8	00798fd3	12
00798fd5	00798fdf	11
00799056	00799061	12
00799063	0079906f	13
007990df	007990df	1
00799151	0079915f	15
0079917b	0079917f	5
007991aa	007991af	6
007991cd	007991cf	3
0079924f	0079924f	1
0079925c	0079925f	4
00799369	0079936f	7
00799472	0079947f	14
00799539	0079953f	7
007995a5	007995af	11
00799846	0079984f	10
00799a17	00799a2f	25
00799a9e	00799a9f	2
00799b44	00799b4f	12
00799bf3	00799bf5	3
00799c23	00799c2e	12
00799d78	00799d7a	3
00799daa	00799db5	12
00799f5c	00799f5f	4
0079a072	0079a07f	14
0079a163	0079a17f	29
0079a1fa	0079a1ff	6
0079a24e	0079a24f	2
0079a271	0079a273	3
0079a27a	0079a27f	6
0079a56a	0079a56f	6
0079a5c7	0079a5cf	9
0079a684	0079a68f	12
0079aa25	0079aa30	12
0079aaba	0079aabc	3
0079aad8	0079aae0	9
0079aae7	0079aaf8	18
0079ab23	0079ab29	7
0079ab48	0079ab50	9
0079ab5b	0079ab6f	21
0079ae8c	0079ae8f	4
0079b22e	0079b22f	2
0079b39b	0079b39f	5
0079b47f	0079b47f	1
0079b4f1	0079b4ff	15
0079b60a	0079b60f	6
0079b80d	0079b80f	3
0079e608	0079e60f	8
0079e623	0079e62f	13
0079e64f	0079e64f	1
0079e65c	0079e65f	4
0079e6ef	0079e6ef	1
0079e702	0079e70f	14
0079e771	0079e77f	15
0079e792	0079e7bf	46
0079e94f	0079e94f	1
0079e95a	0079e95f	6
0079e968	0079e96f	8
0079e9a2	0079e9af	14
0079e9c2	0079e9cf	14
0079ea0a	0079ea0f	6
0079ea22	0079ea4f	46
0079ebc9	0079ebcf	7
0079ec09	0079ec0f	7
0079ec48	0079ec4f	8
0079ec7f	0079ec7f	1
0079ecaa	0079ecaf	6
0079ecd6	0079ecdf	10
0079ece8	0079ecef	8
0079edac	0079edaf	4
0079edba	0079edbf	6
0079eddc	0079eddf	4
0079ee47	0079ee4f	9
0079ee69	0079ee6f	7
0079ee8b	0079ee8f	5
0079eed6	0079eedf	10
0079ef15	0079ef1f	11
0079ef35	0079ef37	3
0079ef3e	0079ef3f	2
0079efe9	0079efef	7
0079f0c9	0079f0cf	7
0079f121	0079f12f	15
0079f194	0079f19f	12
0079f1c6	0079f1cf	10
0079f211	0079f21f	15
0079f3ff	0079f3ff	1
0079f60e	0079f60f	2
0079f617	0079f61f	9
0079f665	0079f66f	11
0079f675	0079f67f	11
0079f684	0079f68f	12
0079f691	0079f69f	15
0079f6ea	0079f6ef	6
0079f71d	0079f71f	3
0079f75b	0079f75f	5
0079f775	0079f777	3
0079f77e	0079f77f	2
0079f7dd	0079f7df	3
0079f812	0079f81f	14
0079f846	0079f84f	10
0079f87f	0079f87f	1
0079f8a5	0079f8af	11
0079f8e1	0079f8ef	15
0079f914	0079f91f	12
0079f928	0079f92f	8
0079f9dc	0079f9df	4
0079f9fc	0079f9ff	4
0079fa67	0079fa6f	9
0079fa94	0079fa9f	12
0079fabb	0079fabf	5
0079fac8	0079facf	8
0079faea	0079faef	6
0079fb3b	0079fb3f	5
0079fb55	0079fb57	3
0079fb5e	0079fb5f	2
0079fb9d	0079fb9f	3
0079fc32	0079fc3f	14
0079fd21	0079fd2f	15
0079fe93	0079fe9f	13
0079fee8	0079feef	8
0079fef8	0079feff	8
0079ff08	0079ff0f	8
0079ff18	0079ff1f	8
0079ff8a	0079ff8f	6
0079ff9d	0079ff9f	3
0079ffc8	0079ffcf	8
0079fff6	0079ffff	10
007a0074	007a007f	12
007a019a	007a019f	6
007a023f	007a023f	1
007a025c	007a025f	4
007a027d	007a027f	3
007a0284	007a028f	12
007a0294	007a029f	12
007a03b9	007a03bf	7
007a045a	007a045f	6
007a047e	007a047f	2
007a04a6	007a04af	10
007a0502	007a050f	14
007a0625	007a062f	11
007a06cf	007a06cf	1
007a0735	007a073f	11
007a076d	007a076f	3
007a0795	007a079f	11
007a07f4	007a07ff	12
007a0832	007a0834	3
007a083d	007a083f	3
007a085d	007a085f	3
007a0897	007a089f	9
007a08ed	007a08ef	3
007a097b	007a097f	5
007a09dc	007a0a2f	84
007a0ab1	007a0abf	15
007a0bf9	007a0bfb	3
007a0c29	007a0c34	12
007a0cea	007a0cef	6
007a0d82	007a0d8f	14
007a0e13	007a0e1f	13
007a0e4b	007a0e7f	53
007a0eb1	007a0eb3	3
007a0f34	007a0f36	3
007a0fc7	007a0fcf	9
007a1058	007a105f	8
007a10ee	007a10ef	2
007a1109	007a110f	7
007a1118	007a111f	8
007a1128	007a112f	8
007a1138	007a113f	8
007a1148	007a114f	8
007a1171	007a117f	15
007a11b4	007a11bf	12
007a1213	007a121f	13
007a124b	007a124f	5
007a1268	007a126f	8
007a1288	007a128f	8
007a1326	007a132f	10
007a189a	007a189f	6
007a1ac0	007a1bef	304
007a1c49	007a1c4f	7
007a1cd8	007a1ce3	12
007a1d0b	007a1d16	12
007a1d48	007a1d50	9
007a1d57	007a1d6f	25
007a1d86	007a1d88	3
007a1d8f	007a1d8f	1
007a1da9	007a1daf	7
007a1dc9	007a1dcf	7
007a1e09	007a1e0f	7
007a1e29	007a1e2f	7
007a1eed	007a1eef	3
007a1f29	007a1f2f	7
007a1fb7	007a1fb9	3
007a1fc7	007a1fc9	3
007a1fd7	007a1fd9	3
007a1fed	007a1fff	19
007a2015	007a2017	3
007a201e	007a201f	2
007a20ec	007a20ef	4
007a2199	007a219f	7
007a21af	007a21bf	17
007a21d2	007a21ef	30
007a223e	007a223f	2
007a2287	007a228f	9
007a2297	007a22bf	41
007a22fc	007a22ff	4
007a2335	007a233f	11
007a238b	007a238f	5
007a2398	007a239f	8
007a23a6	007a23af	10
007a23fb	007a23ff	5
007a244e	007a244f	2
007a2518	007a251f	8
007a2577	007a257f	9
007a259b	007a259f	5
007a25ab	007a25af	5
007a25cb	007a25cd	3
007a25d4	007a25df	12
007a2658	007a2663	12
007a2665	007a266f	11
007a26b8	007a26c3	12
007a26c7	007a26cf	9
007a26e6	007a26ef	10
007a272c	007a272f	4
007a284c	007a284f	4
007a2899	007a289f	7
007a28ab	007a28af	5
007a28cd	007a290f	67
007a2972	007a297f	14
007a29cf	007a29da	12
007a29e4	007a2a0f	44
007a2acc	007a2acf	4
007a2b66	007a2b6f	10
007a2bd6	007a2bdf	10
007a2c7a	007a2c7f	6
007a2cbd	007a2cbf	3
007a2cc8	007a2ccf	8
007a2d06	007a2d0f	10
007a2d39	007a2d3f	7
007a2d75	007a2d7f	11
007a2dd3	007a2ddf	13
007a2e1c	007a2e1f	4
007a2e7a	007a2e7f	6
007a2e86	007a2e8f	10
007a2ee7	007a2eef	9
007a2ff3	007a2ff5	3
007a302b	007a302f	5
007a307e	007a307f	2
007a30e7	007a30ef	9
007a3291	007a329f	15
007a34cd	007a34cf	3
007a37da	007a37df	6
007a383d	007a383f	3
007a3c5c	007a3c5e	3
007a3e89	007a3e8b	3
007a4231	007a4233	3
007a4293	007a429f	13
007a4504	007a450f	12
007a4588	007a4593	12
007a4595	007a459f	11
007a4612	007a461d	12
007a461f	007a461f	1
007a4692	007a469f	14
007a4715	007a471f	11
007a479d	007a479d	1
007a47aa	007a47af	6
007a47f8	007a4803	12
007a480d	007a486f	99
007a4976	007a497f	10
007a4a26	007a4a2f	10
007a4a36	007a4a3f	10
007a4a62	007a4a64	3
007a4a6b	007a4a6f	5
007a4a9d	007a4a9f	3
007a4af9	007a4aff	7
007a4b3b	007a4b3f	5
007a4b4e	007a4b4f	2
007a4b58	007a4b5f	8
007a4b68	007a4b6f	8
007a4bcb	007a4bcf	5
007a5439	007a543f	7
007a5553	007a555f	13
007a56a8	007a56af	8
007a56ec	007a578f	164
007a585b	007a585f	5
007a58a9	007a58af	7
007a58ec	007a58ef	4
007a591d	007a591f	3
007a5973	007a597f	13
007a59b8	007a59bf	8
007a59ce	007a59cf	2
007a5b74	007a5b7f	12
007a5cdb	007a5cdf	5
007a5ce8	007a5cef	8
007a5d2d	007a5d2f	3
007a5d6d	007a5d6f	3
007a5d93	007a5d9f	13
007a5dbd	007a5def	51
007a5e27	007a5e2f	9
007a5e7f	007a5e8a	12
007a5e94	007a5eaf	28
007a5f46	007a5f4f	10
007a5fe5	007a5fef	11
007a602d	007a602f	3
007a6053	007a605f	13
007a6097	007a609f	9
007a60ef	007a60fa	12
007a6104	007a611f	28
007a617a	007a617f	6
007a61ad	007a61af	3
007a61e6	007a61ef	10
007a6217	007a621f	9
007a6241	007a624f	15
007a63b8	007a63bf	8
007a63f9	007a63ff	7
007a643d	007a643f	3
007a6461	007a646f	15
007a665a	007a665f	6
007a6679	007a667f	7
007a66a1	007a66af	15
007a672e	007a672f	2
007a6754	007a675f	12
007a6781	007a678f	15
007a681f	007a681f	1
007a6839	007a683f	7
007a6846	007a684f	10
007a6871	007a687f	15
007a6917	007a691f	9
007a6972	007a697f	14
007a69c8	007a69cf	8
007a69d6	007a69df	10
007a69ff	007a6a2f	49
007a6b49	007a6b4f	7
007a6b85	007a6b8f	11
007a6bb3	007a6bbf	13
007a6be9	007a6bef	7
007a6c25	007a6c2f	11
007a6c55	007a6c5f	11
007a6cac	007a6caf	4
007a6cb6	007a6cbf	10
007a6cf3	007a6cff	13
007a6d49	007a6d4f	7
007a6d8d	007a6d8f	3
007a6e26	007a6e2f	10
007a6f0a	007a6f0f	6
007a6f31	007a6f3f	15
007a6f61	007a6f6f	15
007a6ff6	007a6fff	10
007a703f	007a703f	1
007a7046	007a704f	10
007a70af	007a70af	1
007a7161	007a716f	15
007a7212	007a7214	3
007a7235	007a7237	3
007a7249	007a725b	19
007a727c	007a727f	4
007a72e5	007a72ef	11
007a73f8	007a73ff	8
007a7443	007a744f	13
007a7486	007a748f	10
007a74d2	007a74df	14
007a7517	007a751f	9
007a756f	007a757a	12
007a7584	007a759f	28
007a7691	007a769f	15
007a76e3	007a76ef	13
007a7709	007a770f	7
007a7731	007a773f	15
007a77a3	007a77af	13
007a77f1	007a77ff	15
007a7883	007a788f	13
007a78b7	007a78bf	9
007a78e1	007a78ef	15
007a79c9	007a79cf	7
007a7ac2	007a7acf	14
007a7b8e	007a7b8f	2
007a7c01	007a7c0f	15
007a7c4c	007a7c4f	4
007a7c7d	007a7c7f	3
007a7cb8	007a7cbf	8
007a7cc7	007a7ccf	9
007a7d81	007a7d8f	15
007a7e0d	007a7e0f	3
007a7e18	007a7e1f	8
007a7e5d	007a7e5f	3
007a7e9c	007a7e9f	4
007a7f17	007a7f1f	9
007a7f28	007a7f2f	8
007a7fb1	007a7fbf	15
007a8058	007a805f	8
007a80c9	007a80cf	7
007a80f6	007a80ff	10
007a8121	007a812f	15
007a81c9	007a81cf	7
007a81e2	007a81ff	30
007a8212	007a824f	62
007a82b3	007a82bf	13
007a8496	007a849f	10
007a8651	007a865f	15
007a86c9	007a86cf	7
007a8711	007a871f	15
007a89b1	007a89bf	15
007a89fd	007a89ff	3
007a8a36	007a8a3f	10
007a8ac4	007a8acf	12
007a8b14	007a8b1f	12
007a8b56	007a8b5f	10
007a8b9c	007a8b9f	4
007a8c0b	007a8c0f	5
007a8c75	007a8c7f	11
007a8da5	007a8daf	11
007a8e4f	007a8e4f	1
007a8eea	007a8eef	6
007a8ef6	007a8eff	10
007a8f09	007a8f0f	7
007a8f17	007a8f1f	9
007a8f27	007a8f2f	9
007a8f4e	007a8f4f	2
007a8f95	007a8f9f	11
007a8fbe	007a8fc0	3
007a8fed	007a8fef	3
007a8ff6	007a8fff	10
007a9013	007a901f	13
007a906c	007a906f	4
007a90a6	007a90af	10
007a90ec	007a90ef	4
007a9187	007a918f	9
007a9237	007a923f	9
007a9261	007a926f	15
007a948a	007a948f	6
007a94cd	007a94cf	3
007a9506	007a950f	10
007a952f	007a952f	1
007a9555	007a955f	11
007a95ac	007a95af	4
007a95e6	007a95ef	10
007a9603	007a960f	13
007a963a	007a963f	6
007a9665	007a966f	11
007a971b	007a972f	21
007a9816	007a981f	10
007a985b	007a985d	3
007a98e4	007a98ef	12
007a9922	007a992f	14
007a9942	007a995f	30
007a9972	007a999f	46
007a99aa	007a99af	6
007a99f6	007a99ff	10
007a9a28	007a9a2f	8
007a9a58	007a9a5f	8
007a9a72	007a9a9f	46
007a9c7a	007a9c7f	6
007a9d7e	007a9d7f	2
007a9e02	007a9e0f	14
007a9e4e	007a9e4f	2
007a9f6a	007a9f6f	6
007a9fa5	007a9faf	11
007aa1f7	007aa1ff	9
007aa23b	007aa23d	3
007aa244	007aa24f	12
007aa281	007aa28f	15
007aa327	007aa32f	9
007aa6f1	007aa6ff	15
007aa75d	007aa75f	3
007aa767	007aa76f	9
007aa79e	007aa79f	2
007aa7ce	007aa7cf	2
007aa7f7	007aa7ff	9
007aa865	007aa86f	11
007aa8cc	007aa8cf	4
007aaa43	007aaa4f	13
007aafba	007aafbf	6
007ab01d	007ab01f	3
007ab128	007ab12f	8
007ab246	007ab24f	10
007ab286	007ab28f	10
007ab2c7	007ab2cf	9
007ab305	007ab30f	11
007ab34e	007ab34f	2
007ab3a9	007ab3af	7
007ab3d1	007ab3df	15
007ab518	007ab51f	8
007ab544	007ab54f	12
007ab578	007ab57f	8
007ab5a1	007ab5af	15
007ab66b	007ab66f	5
007ab7e7	007ab7ef	9
007ab811	007ab81f	15
007ab8c9	007ab8cf	7
007abc0b	007abc0f	5
007abc9b	007abc9f	5
007abcca	007abccf	6
007abd7b	007abd7f	5
007abda4	007abdaf	12
007abdd8	007abddf	8
007abe01	007abe0f	15
007abe7d	007abe7f	3
007abe86	007abe8f	10
007abf1d	007abf1f	3
007abf45	007abf47	3
007abf66	007abf6f	10
007abfbe	007abfbf	2
007abfe1	007abfef	15
007ac298	007ac29f	8
007ac2a5	007ac2af	11
007ac2ee	007ac2ef	2
007ac3ee	007ac3ef	2
007ac439	007ac43f	7
007ac4dd	007ac4df	3
007ac87f	007ac87f	1
007ac8ba	007ac8bf	6
007ac901	007ac90f	15
007ac959	007ac95f	7
007ac99e	007ac99f	2
007ac9d5	007ac9df	11
007aca1e	007aca1f	2
007aca72	007aca7f	14
007acab6	007acabf	10
007acafc	007acaff	4
007acb21	007acb2f	15
007acc6e	007acc70	3
007acc7c	007acc7f	4
007accbc	007accbf	4
007accfd	007accff	3
007acd49	007acd4f	7
007ace53	007ace55	3
007ace8b	007ace8f	5
007acf1e	007acf1f	2
007acf3b	007acf3f	5
007acf7d	007acf7f	3
007acf86	007acf8f	10
007acfb9	007acfbf	7
007ad00e	007ad00f	2
007ad031	007ad03f	15
007ad222	007ad22f	14
007ad27b	007ad27f	5
007ad2a1	007ad2af	15
007ad5b1	007ad5bf	15
007ad601	007ad60f	15
007ad7ac	007ad7af	4
007ad7c9	007ad7cf	7
007ad7f1	007ad7ff	15
007ad8b8	007ad8bf	8
007ad9dc	007ad9df	4
007ada94	007ada9f	12
007adb2f	007adb2f	1
007adb79	007adb7f	7
007adb87	007adb8f	9
007adbb5	007adbbf	11
007adbe5	007adbef	11
007adc05	007adc0f	11
007adc4b	007adc4d	3
007adc54	007adc5f	12
007adcbc	007adcbf	4
007add4a	007add4f	6
007ae1fb	007ae1ff	5
007ae25a	007ae25f	6
007ae279	007ae27f	7
007ae2c3	007ae2cf	13
007ae2f1	007ae2ff	15
007ae32d	007ae32f	3
007ae366	007ae36f	10
007ae382	007ae38f	14
007ae3a2	007ae3cf	46
007ae3ff	007ae3ff	1
007ae40f	007ae40f	1
007ae451	007ae45f	15
007ae4ce	007ae4cf	2
007ae506	007ae50f	10
007ae514	007ae51f	12
007ae530	007ae532	3
007ae54a	007ae54f	6
007ae626	007ae62f	10
007ae66c	007ae66f	4
007ae676	007ae68f	26
007ae7b7	007ae7bf	9
007ae80c	007ae80f	4
007ae835	007ae83f	11
007aeac6	007aeb6f	170
007aeb97	007aeb9f	9
007aeba5	007aebaf	11
007aec21	007aec2f	15
007aec39	007aec3f	7
007aec65	007aec6f	11
007aecc7	007aeccf	9
007aed44	007aed4f	12
007aedba	007aedbf	6
007aee2f	007aee2f	1
007aee4b	007aee4f	5
007aee76	007aee7f	10
007aef1d	007aef1f	3
007af675	007af67f	11
007af7bf	007af7c1	3
007af7ef	007af7fa	12
007af8ae	007af8af	2
007afaf9	007afafb	3
007afb06	007afb0f	10
007afb38	007afb3f	8
007afb4c	007afb4f	4
007aff44	007aff4f	12
007b00a4	007b00af	12
007b01f3	007b0ecf	3293
007b1003	007b100f	13
007b103b	007b103f	5
007b1048	007b104f	8
007b108e	007b1090	3
007b1097	007b109f	9
007b1138	007b113f	8
007b114a	007b114f	6
007b1795	007b179f	11
007b1800	007b1a7f	640
007b277f	007b43af	7217
007b4d44	007b4d4f	12
007b4ddf	007b4ddf	1
007b503c	007b5048	13
007b504f	007b505f	17
007b5148	007b514f	8
007b65d8	007b65e7	16
007b65ee	007b65fb	14
007b6607	007b662f	41
007b664e	007b664f	2
007b666c	007b666f	4
007b669d	007b669f	3
007b6709	007b670f	7
007b6726	007b6728	3
007b672f	007b672f	1
007b674d	007b674f	3
007b67a7	007b67af	9
007b67d5	007b67e0	12
007b67e7	007b67ef	9
007b6883	007b688e	12
007b68f8	007b68ff	8
007b6959	007b695f	7
007b6971	007b697f	15
007b69ba	007b69c3	10
007b69f4	007b69ff	12
007b6ab0	007b6ab2	3
007b6ac5	007b6b9f	219
007b6bcc	007b6bcf	4
007b6c03	007b6c0f	13
007b6c2f	007b6c9f	113
007b6d1c	007b6d1f	4
007b6d35	007b6d37	3
007b6d3e	007b6d3f	2
007b6d73	007b6d7f	13
007b6da4	007b6daf	12
007b6dcc	007b6dcf	4
007b6de7	007b6def	9
007b6e07	007b6e0f	9
007b6e52	007b6e5f	14
007b6eab	007b6eaf	5
007b6f07	007b6f0f	9
007b6f44	007b6f4f	12
007b6f77	007b6f7f	9
007b6ff3	007b6fff	13
007b7004	007b700f	12
007b708c	007b708f	4
007b724f	007b724f	1
007b73c3	007b73cf	13
007b7904	007b790f	12
007b7b15	007b7b30	28
007b7b3d	007b7b3f	3
007b7c20	007b7c3f	32
007b7c56	007b7c58	3
007b7c5f	007b7c5f	1
007b7d49	007b7d4f	7
007b7d75	007b7d80	12
007b7d87	007b7d8f	9
007b7e08	007b7e13	12
007b7e15	007b7e1f	11
007b7e96	007b7ea1	12
007b7ea3	007b7eaf	13
007b7f2e	007b7f39	12
007b7f3b	007b7f3f	5
007b7fd3	007b7fde	12
007b818c	007b818f	4
007b8247	007b824f	9
007b830d	007b830f	3
007b8339	007b8342	10
007b835f	007b835f	1
007b8419	007b841f	7
007b8589	007b858f	7
007b86c9	007b86cb	3
007b86f9	007b8704	12
007b87ba	007b87bf	6
007b88b1	007b88bf	15
007b8939	007b893f	7
007b89c3	007b89cf	13
007b89f9	007b89fb	3
007b8a24	007b8a3f	28
007b8b7d	007b8b7f	3
007b8bc9	007b8bd2	10
007b8c8d	007b8c8f	3
007b8dae	007b8daf	2
007b8e7f	007b8e7f	1
007b8e95	007b8e97	3
007b8e9e	007b8e9f	2
007b8ffd	007b8fff	3
007b90a8	007b90af	8
007b920e	007b920f	2
007b92aa	007b92af	6
007b9466	007b946f	10
007b9aaa	007b9aaf	6
007b9d18	007b9d1f	8
007b9e6a	007b9e8f	38
007b9eb0	007b9eb2	3
007b9eb9	007b9ebf	7
007b9ece	007b9ecf	2
007b9ed8	007b9edf	8
007b9eff	007b9f01	3
007b9f16	007b9f1f	10
007ba048	007ba04f	8
007ba075	007ba07f	11
007ba18e	007ba18f	2
007ba223	007ba22e	12
007ba2ae	007ba2b9	12
007ba2bb	007ba2bf	5
007ba2e5	007ba2f0	12
007ba2f7	007ba2ff	9
007ba310	007ba312	3
007ba322	007ba324	3
007ba339	007ba33f	7
007ba4ec	007ba4ef	4
007ba77e	007ba79f	34
007ba833	007ba835	3
007ba853	007ba855	3
007ba901	007ba903	3
007ba918	007ba91f	8
007ba9b3	007ba9b5	3
007baa83	007baa85	3
007baab3	007baab5	3
007baaca	007baacf	6
007bab32	007bab3f	14
007babf7	007babff	9
007bad6a	007bad6c	3
007bad95	007bad97	3
007bada4	007badaf	12
007baed7	007baed9	3
007baee9	007baeef	7
007bafe6	007bafef	10
007bb03b	007bb04b	17
007bb3cc	007bb3d4	9
007bb3e8	007bb3f0	9
007bb3f7	007bb407	17
007bb41b	007bb42f	21
007bb568	007bb578	17
007bb8c1	007bb8c9	9
007bb8dd	007bb8e5	9
007bb8ec	007bb8fc	17
007bb918	007bb92f	24
007bba48	007bba4f	8
007bbd62	007bbd6f	14
007bbdc9	007bbdcf	7
007bbe8d	007bbe8f	3
007bc1ed	007bc1ef	3
007bc400	007bc402	3
007bc423	007bc44f	45
007bc4dd	007bc4df	3
007bc668	007bc66f	8
007bc68a	007bc68f	6
007bc797	007bc79f	9
007bc7aa	007bc7af	6
007bca1e	007bca1f	2
007bca6f	007bca6f	1
007bcae1	007bcaef	15
007bcb0d	007bcb0f	3
007bcb46	007bcb4b	6
007bcb59	007bcb5e	6
007bcb7c	007bcb7e	3
007bcb95	007bcb97	3
007bcba4	007bcbaf	12
007bcce9	007bcceb	3
007bcd19	007bcd24	12
007bcdda	007bcddf	6
007bcf4c	007bcf4f	4
007bcfcb	007bcfcf	5
007bd00d	007bd00f	3
007bd034	007bd03f	12
007bd04d	007bd04f	3
007bd0ba	007bd0bf	6
007bd0cd	007bd0cf	3
007bd1c5	007bd1cf	11
007bd26b	007bd26f	5
007bd313	007bd315	3
007bd343	007bd34e	12
007bd3d3	007bd3df	13
007bd519	007bd51b	3
007bd533	007bd53f	13
007bd5dc	007bd5df	4
007bd685	007bd68f	11
007bd6dd	007bd6df	3
007bd7d5	007bd7df	11
007bd83d	007bd83f	3
007bd898	007bd89f	8
007bd90a	007bd90f	6
007bd989	007bd98f	7
007bde2d	007bde2f	3
007bdebd	007bdebf	3
007bdec5	007bdecf	11
007bdef8	007bdeff	8
007bdf2a	007bdf2f	6
007bdf5d	007bdf5f	3
007be03e	007be03f	2
007be08e	007be08f	2
007be0e7	007be0ef	9
007be196	007be198	3
007be1be	007be1bf	2
007be23e	007be249	12
007be24b	007be24f	5
007be3fc	007be3ff	4
007be43d	007be43f	3
007be571	007be57f	15
007be5aa	007be5bf	22
007be61f	007be621	3
007be6c8	007be6ca	3
007be74f	007be74f	1
007be76f	007be76f	1
007be7aa	007be7af	6
007be7c7	007be7cf	9
007be7e2	007be7ef	14
007be807	007be80f	9
007be827	007be82f	9
007be847	007be84f	9
007be871	007be87f	15
007be88c	007be88f	4
007be907	007be90f	9
007be9ab	007be9af	5
007be9d4	007be9df	12
007bea17	007bea1f	9
007bea41	007bea4f	15
007bea58	007bea5f	8
007beac2	007beacf	14
007beae8	007beaea	3
007beafc	007beaff	4
007beb18	007beb1a	3
007beb37	007beb39	3
007beb6e	007beb6f	2
007beb7b	007beb7f	5
007beb9b	007beb9d	3
007beba4	007bebaf	12
007bec86	007bec8f	10
007beca8	007becaf	8
007bed38	007bed3f	8
007bed52	007bed5f	14
007bedc4	007bedcf	12
007beeda	007beedf	6
007bef3a	007bef3f	6
007befc9	007befcb	3
007befdb	007befdd	3
007beff8	007beffa	3
007bf007	007bf00f	9
007bf049	007bf04f	7
007bf0ec	007bf0ef	4
007bf137	007bf13f	9
007bf171	007bf17f	15
007bf195	007bf197	3
007bf19e	007bf19f	2
007bf25b	007bf25d	3
007bf27b	007bf27d	3
007bf31d	007bf31f	3
007bf395	007bf397	3
007bf3b6	007bf3bf	10
007bf456	007bf458	3
007bf476	007bf478	3
007bf539	007bf56f	55
007bf646	007bf648	3
007bf667	007bf669	3
007bf6ad	007bf6af	3
007bf727	007bf77f	89
007bf864	007bf86f	12
007bf922	007bf92f	14
007bf9c2	007bf9c4	3
007bfa05	007bfa07	3
007bfb63	007bfb65	3
007bfb95	007bfb97	3
007bfbad	007bfbaf	3
007bfd27	007bfd2f	9
007bfd42	007bfd4f	14
007bfd58	007bfd5f	8
007bfd74	007bfd7f	12
007bfdb3	007bfdbf	13
007bfdd7	007bfddf	9
007bfe04	007bfe0f	12
007bfe34	007bfe3f	12
007bfe7e	007bfe7f	2
007bfea1	007bfeaf	15
007bfecf	007bfecf	1
007bfefd	007bfeff	3
007bff17	007bff1f	9
007bff37	007bff3f	9
007bff45	007bff4f	11
007bff87	007bff89	3
007bffa8	007bffaf	8
007bffc7	007bffcf	9
007bffe7	007bffef	9
007c018d	007c018f	3
007c01ef	007c01ef	1
007c0204	007c020f	12
007c0224	007c022f	12
007c025a	007c025f	6
007c027e	007c0280	3
007c02b8	007c02ba	3
007c02eb	007c02ef	5
007c0381	007c038b	11
007c0397	007c03af	25
007c03f3	007c03ff	13
007c0435	007c043f	11
007c049d	007c049f	3
007c04a7	007c04af	9
007c04ba	007c04bf	6
007c04c4	007c04cf	12
007c056e	007c056f	2
007c0586	007c0588	3
007c058f	007c058f	1
007c0657	007c065f	9
007c069c	007c069f	4
007c06f6	007c06ff	10
007c073c	007c073f	4
007c078b	007c078f	5
007c07cc	007c07cf	4
007c081b	007c081f	5
007c085c	007c085f	4
007c08b9	007c08bf	7
007c0b4e	007c0b4f	2
007c0b8c	007c0b8f	4
007c0bf5	007c0bff	11
007c0c65	007c0c6f	11
007c0cbe	007c0cbf	2
007c0d35	007c0d3f	11
007c0d67	007c0d6f	9
007c0dd4	007c0ddf	12
007c106e	007c106f	2
007c1105	007c110f	11
007c1197	007c119f	9
007c121a	007c121f	6
007c125d	007c125f	3
007c1307	007c130f	9
007c1493	007c149f	13
007c16ad	007c16af	3
007c1a1a	007c1e0f	1014
007c1e7c	007c1e7f	4
007c2092	007c209f	14
007c20ba	007c20bf	6
007c20c7	007c20cf	9
007c2601	007c2618	24
007c262d	007c262f	3
007c263f	007c2645	7
007c2686	007c269a	21
007c26a9	007c26ab	3
007c26cf	007c26d1	3
007c26ec	007c26ee	3
007c270d	007c270f	3
007c2716	007c271f	10
007c275b	007c275f	5
007c279e	007c279f	2
007c289b	007c289f	5
007c2c5a	007c2dbf	358
007c2e85	007c2e8f	11
007c2f95	007c2f9f	11
007c301c	007c301f	4
007c3079	007c307f	7
007c316a	007c316f	6
007c322b	007c322f	5
007c335b	007c335f	5
007c33f2	007c33ff	14
007c3912	007c41af	2206
007c434a	007c434f	6
007c4393	007c4eef	2909
007c4fda	007c527f	678
007c5445	007c5d5f	2331
007c61a5	007c61a7	3
007c6202	007c6207	6
007c628e	007c628f	2
007c62d7	007c62d7	1
007c6359	007c635f	7
007c63a1	007c63a7	7
007c63d4	007c63d7	4
007c6435	007c643b	7
007c6458	007c645f	8
007c64c2	007c6a8f	1486
007c6c55	007c73ef	1947
007c7741	007c784f	271
007c7b8d	007c7c8f	259
007c7fcd	007c80c7	251
007c80fe	007c80ff	2
007c817f	007c817f	1
007c81d1	007c81d7	7
007c81f5	007c81f7	3
007c8224	007c8227	4
007c8272	007c8278	7
007c8287	007c828f	9
007c85e1	007c86ef	271
007c873a	007c873f	6
007c8834	007c883f	12
007c88ff	007c88ff	1
007c89bb	007c89bf	5
007c8aed	007c8aef	3
007c8b76	007c8b7f	10
007c8c72	007c8c7f	14
007c8d04	007c8d0f	12
007c9086	007c926f	490
007c928d	007c928f	3
007c9633	007c96af	125
007c9753	007c975f	13
007c9854	007c985f	12
007c991f	007c991f	1
007c9a4d	007c9a4f	3
007c9ad6	007c9adf	10
007c9ba1	007c9baf	15
007c9cad	007c9caf	3
007c9fb9	007c9fef	55
007ca098	007ca09f	8
007ca46a	007ca49f	54
007ca51a	007ca51f	6
007ca7ba	007ca7bf	6
007ca92b	007ca95f	53
007ca9da	007ca9df	6
007cabcd	007cabcf	3
007cac79	007cac7f	7
007caf3d	007caf6f	51
007cb01d	007cb01f	3
007cb1dd	007cb1df	3
007cb3b6	007cb3ef	58
007cb468	007cb46f	8
007cb8fb	007cb92f	53
007cbddb	007cbe0f	53
007cbebd	007cbebf	3
007cc240	007cc26f	48
007cc4ed	007cc4ef	3
007cc61f	007cc64f	49
007cca1c	007ccc3f	548
007ccf72	007ccfaf	62
007cd02b	007cd02f	5
007cd124	007cd12f	12
007cd1e6	007cd1ef	10
007cd2a4	007cd2af	12
007cd3d8	007cd3df	8
007cd466	007cd46f	10
007cd52a	007cd52f	6
007cd8cb	007cd8ff	53
007cdd54	007cdd8f	60
007ce1cd	007ce1ff	51
007ce59d	007ce59f	3
007ce7cc	007ce7ff	52
007cec97	007ceccf	57
007cf19f	007cf1cf	49
007cf5c7	007cf5ff	57
007cf6aa	007cf6af	6
007cfa2c	007cfa5f	52
007cfdce	007cfdff	50
007d0178	007d037f	520
007d0677	007d06af	57
007d0a1a	007d0a1f	6
007d0ab5	007d0c6f	443
007d0d1d	007d0d1f	3
007d0d89	007d0d8f	7
007d103b	007d109f	101
007d132a	007d132f	6
007d1474	007d15ef	380
007d162a	007d162f	6
007d1688	007d168f	8
007d16fa	007d16ff	6
007d171c	007d171f	4
007d1994	007d19ff	108
007d1bc9	007d1bcf	7
007d1bed	007d1bef	3
007d1c99	007d1c9f	7
007d1cfd	007d1cff	3
007d1d9d	007d1d9f	3
007d1dcd	007d1dcf	3
007d1dfa	007d1dff	6
007d1ecb	007d1ecf	5
007d1f34	007d1f3f	12
007d200a	007d200f	6
007d21bd	007d21bf	3
007d2243	007d224f	13
007d232a	007d232f	6
007d237a	007d237f	6
007d23aa	007d23af	6
007d283c	007d283f	4
007d29e6	007d29ef	10
007d2aac	007d2aaf	4
007d2acd	007d2acf	3
007d2ed3	007d2edf	13
007d2f61	007d2f6f	15
007d2fef	007d2fef	1
007d305d	007d305f	3
007d30e4	007d30ef	12
007d3152	007d315f	14
007d31ea	007d31ef	6
007d32ea	007d32ef	6
007d33dc	007d33df	4
007d341a	007d341f	6
007d344c	007d344f	4
007d34ed	007d34ef	3
007d36df	007d36df	1
007d38bc	007d38bf	4
007d38d1	007d38df	15
007d38e8	007d38ef	8
007d3921	007d392f	15
007d3999	007d399f	7
007d39b9	007d39bf	7
007d3a78	007d3a7f	8
007d3afb	007d3aff	5
007d3b7e	007d3b89	12
007d3b8b	007d3b8f	5
007d3c23	007d3c2e	12
007d3c55	007d3c60	12
007d3c67	007d3c6f	9
007d3ce1	007d3cef	15
007d3dc9	007d3dcf	7
007d3dfd	007d3dff	3
007d3e35	007d3e3f	11
007d3e73	007d3e7f	13
007d3ecd	007d3ecf	3
007d3f1c	007d3f1f	4
007d408a	007d408f	6
007d40fd	007d40ff	3
007d4142	007d414f	14
007d4209	007d420f	7
007d430b	007d430f	5
007d4425	007d442f	11
007d4554	007d455f	12
007d465d	007d465f	3
007d480c	007d480f	4
007d48b3	007d48b5	3
007d48e3	007d48ee	12
007d49a9	007d49af	7
007d4ae9	007d4aeb	3
007d4b19	007d4b24	12
007d4bda	007d4bdf	6
007d4c97	007d4c9f	9
007d4d23	007d4d2f	13
007d4e26	007d4e2f	10
007d51d0	007d5205	54
007d5264	007d526f	12
007d53dd	007d53df	3
007d5ba5	007d5ba7	3
007d5bb6	007d5bb8	3
007d5bc7	007d5bc9	3
007d5bd8	007d5bda	3
007d5be1	007d5bef	15
007d5d0e	007d5d10	3
007d5d2b	007d5d2d	3
007d5d4d	007d5d4f	3
007d5e36	007d5e38	3
007d5e48	007d5e5c	21
007d5f37	007d5f3f	9
007d6023	007d6031	15
007d603c	007d605f	36
007d60a8	007d60af	8
007d660a	007d660f	6
007d6bd8	007d6bdf	8
007d6cf5	007d6cf7	3
007d6fe9	007d6fef	7
007d7265	007d7273	15
007d727e	007d7282	5
007d7295	007d7297	3
007d729e	007d729f	2
007d72db	007d72df	5
007d766d	007d766f	3
007d7b7d	007d7b7f	3
007d7b8f	007d7b91	3
007d7bf0	007d7bf2	3
007d7c08	007d7c0a	3
007d7c2b	007d7c4f	37
007d7d27	007d7d29	3
007d7d39	007d7d3b	3
007d7d77	007d7d7d	7
007d7d91	007d7d93	3
007d7d9e	007d7da0	3
007d7db3	007d7db5	3
007d7dbc	007d7dbf	4
007d7e2e	007d7e2f	2
007d7ec2	007d7ecf	14
007d8297	007d829f	9
007d8317	007d831f	9
007d89d5	007d8a0f	59
007d8a7e	007d8a7f	2
007d8a8c	007d8aff	116
007d8b2d	007d8b2f	3
007d8c13	007d8c1f	13
007d8c38	007d8c3f	8
007d8d9a	007d8d9f	6
007d9346	007d936f	42
007d937a	007d937f	6
007d93e9	007d93ef	7
007d942d	007d942f	3
007d947d	007d947f	3
007d97ad	007d97af	3
007d986c	007d986f	4
007d990f	007d990f	1
007d9a6a	007d9a6f	6
007d9a98	007d9a9f	8
007d9cf9	007d9cff	7
007d9fa4	007d9faf	12
007da02e	007da030	3
007da053	007da055	3
007da05c	007da05f	4
007da0a4	007da0af	12
007da0f1	007da0ff	15
007da141	007da14f	15
007da1cf	007da1d1	3
007da1ee	007da1f0	3
007da258	007da25a	3
007da277	007da279	3
007da2e1	007da2e3	3
007da306	007da308	3
007da30f	007da30f	1
007da313	007da31f	13
007da341	007da34f	15
007da4ae	007da4af	2
007da4b7	007da4bf	9
007da4d8	007da4df	8
007da4f8	007da4ff	8
007da504	007da50f	12
007da528	007da52f	8
007da54d	007da54f	3
007da578	007da57f	8
007da584	007da58f	12
007da5b8	007da5bf	8
007da5e5	007da5ef	11
007da655	007da65f	11
007da704	007da70f	12
007da897	007da89f	9
007da94f	007da94f	1
007da975	007da97f	11
007da996	007da998	3
007da99f	007da99f	1
007daa6f	007daa6f	1
007daa78	007daa7f	8
007daaad	007daaaf	3
007daad1	007daad3	3
007daaf7	007daaff	9
007dab16	007dab18	3
007dab2c	007dab2e	3
007dab35	007dab3f	11
007dab64	007dab6f	12
007dab98	007dab9f	8
007dabe3	007dabef	13
007dac00	007dac10	17
007dac45	007dac47	3
007dac6d	007dac6f	3
007dad83	007dad8f	13
007dada2	007dadaf	14
007dade3	007dadef	13
007dae1d	007dae1f	3
007dae36	007dae38	3
007dae4c	007dae4e	3
007dae55	007dae5f	11
007dae84	007dae8f	12
007daea0	007daea2	3
007daed8	007daedf	8
007daf58	007daf63	12
007daf65	007daf6f	11
007dafe2	007dafed	12
007dafef	007dafef	1
007db038	007db043	12
007db047	007db04f	9
007db136	007db138	3
007db14c	007db14f	4
007db178	007db17f	8
007db1d6	007db1d8	3
007db23f	007db25f	33
007db29c	007db2a4	9
007db31f	007db321	3
007db328	007db32f	8
007db371	007db37f	15
007db3aa	007db3af	6
007db3b8	007db3bf	8
007db3c8	007db3cf	8
007db402	007db40f	14
007db41e	007db41f	2
007db42c	007db42f	4
007db448	007db44f	8
007db45e	007db45f	2
007db491	007db4bf	47
007db4cf	007db4df	17
007db5b5	007db5b7	3
007db5d1	007db5ef	31
007db60d	007db60f	3
007db65b	007db65f	5
007db672	007db68f	30
007db7bc	007db7bf	4
007db9fd	007db9ff	3
007dbd1e	007dbd1f	2
007dc225	007dc22f	11
007dc56d	007dc56f	3
007dc66c	007dc66f	4
007dc6c2	007dc6cf	14
007dcb02	007dcb0f	14
007dccbc	007dccbf	4
007dce6c	007dce6f	4
007dce94	007dce9f	12
007dcefa	007dceff	6
007ddc96	007ddc9f	10
007ddd04	007ddd0f	12
007ddd1c	007ddd4f	52
007dddec	007dddef	4
007dde26	007dde2f	10
007ddeba	007ddebf	6
007ddef5	007ddeff	11
007ddf1a	007ddf1f	6
007ddf93	007ddf9f	13
007de09e	007de0bf	34
007de192	007de19f	14
007de1c4	007de1cf	12
007de2f2	007de2ff	14
007de39a	007de39f	6
007de524	007de52f	12
007de55c	007de55f	4
007de56c	007de56f	4
007de588	007de5cf	72
007de5e6	007de5e8	3
007de5ef	007de5ef	1
007de606	007de608	3
007de60f	007de60f	1
007de641	007de64f	15
007de681	007de68f	15
007de6da	007de6df	6
007de6ee	007de6ef	2
007de6fd	007de6ff	3
007de70a	007de70f	6
007de749	007de74f	7
007de7aa	007de7af	6
007de7c5	007de7cf	11
007de80a	007de80f	6
007de845	007de847	3
007de861	007de863	3
007de87b	007de87d	3
007de894	007de896	3
007de89e	007de89f	2
007de8c4	007de8c6	3
007de8da	007de8dc	3
007de8e3	007de8ef	13
007de90d	007de90f	3
007de97f	007de97f	1
007de99d	007de99f	3
007dea0f	007dea0f	1
007dea42	007dea4f	14
007dea7d	007dea7f	3
007deb82	007deb8f	14
007dec0a	007dec0f	6
007decef	007decef	1
007decfe	007decff	2
007ded33	007ded3f	13
007def42	007def4f	14
007df012	007df014	3
007df0a6	007df0a8	3
007df0d2	007df0d4	3
007df0fe	007df100	3
007df1e0	007df1e2	3
007df1fa	007df1ff	6
007df25f	007df261	3
007df28b	007df28d	3
007df2b7	007df2b9	3
007df2fd	007df2ff	3
007df410	007df412	3
007df42b	007df42f	5
007df4d6	007df4d8	3
007df501	007df503	3
007df547	007df549	3
007df558	007df55a	3
007df567	007df56f	9
007df658	007df65f	8
007df705	007df7dc	216
007dfa75	007dfa7f	11
007dfb67	007dfbb0	74
007dfbb7	007dfbb9	3
007dfbfd	007dfbff	3
007dfcb8	007dfcbf	8
007dfe17	007dfe19	3
007dfe30	007dfe43	20
007dfee9	007dfeeb	3
007dfefe	007dff11	20
007dff3b	007dff3d	3
007dff48	007dff4f	8
007dffe4	007dffe6	3
007dffed	007dfff5	9
007e011d	007e011f	3
007e0126	007e014f	42
007e01e3	007e01e5	3
007e020c	007e020e	3
007e0238	007e023a	3
007e0274	007e027f	12
007e031a	007e031f	6
007e03a7	007e03a9	3
007e054a	007e0560	23
007e0ab3	007e0abf	13
007e0bf5	007e0bff	11
007e0c0a	007e0c0f	6
007e0c1a	007e0c1f	6
007e0c2a	007e0c2f	6
007e0c3a	007e0c3f	6
007e0c4a	007e0c4f	6
007e0c5a	007e0c5f	6
007e0c6a	007e0c6f	6
007e0c7a	007e0c7f	6
007e0c8a	007e0c8f	6
007e0c9a	007e0c9f	6
007e0caa	007e0caf	6
007e0cba	007e0cbf	6
007e0cca	007e0ccf	6
007e0cda	007e0cdf	6
007e0cea	007e0cef	6
007e0cfa	007e0cff	6
007e0d0a	007e0d0f	6
007e0d1a	007e0d1f	6
007e0d2a	007e0d2f	6
007e0d3a	007e0d3f	6
007e0d4a	007e0d4f	6
007e0d5a	007e0d5f	6
007e0d6a	007e0d6f	6
007e0d7a	007e0d7f	6
007e0d8a	007e0d8f	6
007e0d9a	007e0d9f	6
007e0daa	007e0daf	6
007e0dba	007e0dbf	6
007e0dca	007e0dcf	6
007e0dda	007e0ddf	6
007e0dea	007e0def	6
007e0dfa	007e0dff	6
007e0e0a	007e0e0f	6
007e0e1a	007e0e1f	6
007e0e2a	007e0e2f	6
007e0e3a	007e0e3f	6
007e0e4a	007e0e4f	6
007e0e5a	007e0e5f	6
007e0e6a	007e0e6f	6
007e0e7a	007e0e7f	6
007e0e8a	007e0e8f	6
007e0e9a	007e0e9f	6
007e0eaa	007e0eaf	6
007e0eba	007e0ebf	6
007e0eca	007e0ecf	6
007e0eda	007e0edf	6
007e0eea	007e0eef	6
007e0efa	007e0eff	6
007e0f0a	007e0f0f	6
007e0f1a	007e0f1f	6
007e0f2a	007e0f2f	6
007e0f3a	007e0f3f	6
007e0f4a	007e0f4f	6
007e0f5a	007e0f5f	6
007e0f6a	007e0f6f	6
007e0f7a	007e0f7f	6
007e0f8a	007e0f8f	6
007e0f9a	007e0f9f	6
007e0faa	007e0faf	6
007e0fba	007e0fbf	6
007e0fca	007e0fcf	6
007e0fda	007e0fdf	6
007e0fea	007e0fef	6
007e0ffa	007e0fff	6
007e100a	007e100f	6
007e101a	007e101f	6
007e102a	007e102f	6
007e103a	007e103f	6
007e104a	007e104f	6
007e105a	007e105f	6
007e106a	007e106f	6
007e107a	007e107f	6
007e108a	007e108f	6
007e109a	007e109f	6
007e10aa	007e10af	6
007e10ba	007e10bf	6
007e10ca	007e10cf	6
007e10da	007e10df	6
007e10ea	007e10ef	6
007e10fa	007e10ff	6
007e110a	007e110f	6
007e111a	007e111f	6
007e112a	007e112f	6
007e113a	007e113f	6
007e114a	007e114f	6
007e115a	007e115f	6
007e116a	007e116f	6
007e117a	007e117f	6
007e118a	007e118f	6
007e119a	007e119f	6
007e11aa	007e11af	6
007e11ba	007e11bf	6
007e11ca	007e11cf	6
007e11da	007e11df	6
007e11ea	007e11ef	6
007e11fa	007e11ff	6
007e120a	007e120f	6
007e121a	007e121f	6
007e122a	007e122f	6
007e123a	007e123f	6
007e124a	007e124f	6
007e125a	007e125f	6
007e126a	007e126f	6
007e127a	007e127f	6
007e128a	007e128f	6
007e129a	007e129f	6
007e12aa	007e12af	6
007e12ba	007e12bf	6
007e12ca	007e12cf	6
007e12da	007e12df	6
007e12ea	007e12ef	6
007e12fa	007e12ff	6
007e130a	007e130f	6
007e131a	007e131f	6
007e132a	007e132f	6
007e133a	007e133f	6
007e134a	007e134f	6
007e135a	007e135f	6
007e136a	007e136f	6
007e137a	007e137f	6
007e138a	007e138f	6
007e139a	007e139f	6
007e13aa	007e13af	6
007e13ba	007e13bf	6
007e13ca	007e13cf	6
007e13da	007e13df	6
007e13ea	007e13ef	6
007e13fa	007e13ff	6
007e140a	007e140f	6
007e141a	007e141f	6
007e142a	007e142f	6
007e143a	007e143f	6
007e144a	007e144f	6
007e145a	007e145f	6
007e146a	007e146f	6
007e147a	007e147f	6
007e148a	007e148f	6
007e149a	007e149f	6
007e14aa	007e14af	6
007e14ba	007e14bf	6
007e14ca	007e14cf	6
007e14da	007e14df	6
007e14ea	007e14ef	6
007e14fa	007e14ff	6
007e150a	007e150f	6
007e151a	007e151f	6
007e152a	007e152f	6
007e153a	007e153f	6
007e154a	007e154f	6
007e155a	007e155f	6
007e156a	007e156f	6
007e157a	007e157f	6
007e158a	007e158f	6
007e159a	007e159f	6
007e15aa	007e15af	6
007e15ba	007e15bf	6
007e15ca	007e15cf	6
007e15da	007e15df	6
007e15ea	007e15ef	6
007e15fa	007e15ff	6
007e160a	007e160f	6
007e161a	007e161f	6
007e162a	007e162f	6
007e163a	007e163f	6
007e164a	007e164f	6
007e165a	007e165f	6
007e166a	007e166f	6
007e167a	007e167f	6
007e168a	007e168f	6
007e169a	007e169f	6
007e16aa	007e16af	6
007e16ba	007e16bf	6
007e16ca	007e16cf	6
007e16da	007e16df	6
007e16ea	007e16ef	6
007e16fa	007e16ff	6
007e170a	007e170f	6
007e171a	007e171f	6
007e172a	007e172f	6
007e173a	007e173f	6
007e174a	007e174f	6
007e175a	007e175f	6
007e176a	007e176f	6
007e177a	007e177f	6
007e178a	007e178f	6
007e179a	007e179f	6
007e17aa	007e17af	6
007e17ba	007e17bf	6
007e17ca	007e17cf	6
007e17da	007e17df	6
007e17ea	007e17ef	6
007e17fa	007e17ff	6
007e180a	007e180f	6
007e181a	007e181f	6
007e182a	007e182f	6
007e183a	007e183f	6
007e184a	007e184f	6
007e185a	007e185f	6
007e186a	007e186f	6
007e187a	007e187f	6
007e188a	007e188f	6
007e189a	007e189f	6
007e18aa	007e18af	6
007e18ba	007e18bf	6
007e18ca	007e18cf	6
007e18da	007e18df	6
007e18ea	007e18ef	6
007e18fa	007e18ff	6
007e190a	007e190f	6
007e191a	007e191f	6
007e192a	007e192f	6
007e193a	007e193f	6
007e194a	007e194f	6
007e195a	007e195f	6
007e196a	007e196f	6
007e197a	007e197f	6
007e198a	007e198f	6
007e199a	007e199f	6
007e19aa	007e19af	6
007e19ba	007e19bf	6
007e19ca	007e19cf	6
007e19da	007e19df	6
007e19ea	007e19ef	6
007e19fa	007e19ff	6
007e1a0a	007e1a0f	6
007e1a1a	007e1a1f	6
007e1a2a	007e1a2f	6
007e1a3a	007e1a3f	6
007e1a4a	007e1a4f	6
007e1a5a	007e1a5f	6
007e1a6a	007e1a6f	6
007e1a7a	007e1a7f	6
007e1a8a	007e1a8f	6
007e1a9a	007e1a9f	6
007e1aaa	007e1aaf	6
007e1aba	007e1abf	6
007e1aca	007e1acf	6
007e1ada	007e1adf	6
007e1aea	007e1aef	6
007e1afa	007e1aff	6
007e1b0a	007e1b0f	6
007e1b1a	007e1b1f	6
007e1b2a	007e1b2f	6
007e1b3a	007e1b3f	6
007e1b4a	007e1b4f	6
007e1b5a	007e1b5f	6
007e1b6a	007e1b6f	6
007e1b7a	007e1b7f	6
007e1b8a	007e1b8f	6
007e1b9a	007e1b9f	6
007e1baa	007e1baf	6
007e1bba	007e1bbf	6
007e1bca	007e1bcf	6
007e1bda	007e1bdf	6
007e1bea	007e1bef	6
007e1bfa	007e1bff	6
007e1c0a	007e1c0f	6
007e1c1a	007e1c1f	6
007e1c2a	007e1c2f	6
007e1c3a	007e1c3f	6
007e1c4a	007e1c4f	6
007e1c5a	007e1c5f	6
007e1c6a	007e1c6f	6
007e1c7a	007e1c7f	6
007e1c8a	007e1c8f	6
007e1c9a	007e1c9f	6
007e1caa	007e1caf	6
007e1cba	007e1cbf	6
007e1cca	007e1ccf	6
007e1cda	007e1cdf	6
007e1cea	007e1cef	6
007e1cfa	007e1cff	6
007e1d0a	007e1d0f	6
007e1d1a	007e1d1f	6
007e1d2a	007e1d2f	6
007e1d3a	007e1d3f	6
007e1d4a	007e1d4f	6
007e1d5a	007e1d5f	6
007e1d6a	007e1d6f	6
007e1d7a	007e1d7f	6
007e1d8a	007e1d8f	6
007e1d9a	007e1d9f	6
007e1daa	007e1daf	6
007e1dba	007e1dbf	6
007e1dca	007e1dcf	6
007e1dda	007e1ddf	6
007e1dea	007e1def	6
007e1dfa	007e1dff	6
007e1e0a	007e1e0f	6
007e1e1a	007e1e1f	6
007e1e2a	007e1e2f	6
007e1e3a	007e1e3f	6
007e1e4a	007e1e4f	6
007e1e5a	007e1e5f	6
007e1e6a	007e1e6f	6
007e1e7a	007e1e7f	6
007e1e8a	007e1e8f	6
007e1e9a	007e1e9f	6
007e1eaa	007e1eaf	6
007e1eba	007e1ebf	6
007e1eca	007e1ecf	6
007e1eda	007e1edf	6
007e1eea	007e1eef	6
007e1efa	007e1eff	6
007e1f0a	007e1f0f	6
007e1f1a	007e1f1f	6
007e1f2a	007e1f2f	6
007e1f3a	007e1f3f	6
007e1f4a	007e1f4f	6
007e1f5a	007e1f5f	6
007e1f6a	007e1f6f	6
007e1f7a	007e1f7f	6
007e1f8a	007e1f8f	6
007e1f9a	007e1f9f	6
007e1faa	007e1faf	6
007e1fba	007e1fbf	6
007e1fca	007e1fcf	6
007e1fda	007e1fdf	6
007e1fea	007e1fef	6
007e1ffa	007e1fff	6
007e200a	007e200f	6
007e201a	007e201f	6
007e202a	007e202f	6
007e203a	007e203f	6
007e204a	007e204f	6
007e205a	007e205f	6
007e206a	007e206f	6
007e207a	007e207f	6
007e208a	007e208f	6
007e209a	007e209f	6
007e20aa	007e20af	6
007e20ba	007e20bf	6
007e20ca	007e20cf	6
007e20da	007e20df	6
007e20ea	007e20ef	6
007e20fa	007e20ff	6
007e210a	007e210f	6
007e211a	007e211f	6
007e212a	007e212f	6
007e213a	007e213f	6
007e214a	007e214f	6
007e215a	007e215f	6
007e216a	007e216f	6
007e217a	007e217f	6
007e218a	007e218f	6
007e219a	007e219f	6
007e21aa	007e21af	6
007e21ba	007e21bf	6
007e21ca	007e21cf	6
007e21da	007e21df	6
007e21ea	007e21ef	6
007e21fa	007e21ff	6
007e220a	007e220f	6
007e221a	007e221f	6
007e222a	007e222f	6
007e223a	007e223f	6
007e224a	007e224f	6
007e225a	007e225f	6
007e226a	007e226f	6
007e227a	007e227f	6
007e228a	007e228f	6
007e229a	007e229f	6
007e22aa	007e22af	6
007e22ba	007e22bf	6
007e22ca	007e22cf	6
007e22da	007e22df	6
007e22ea	007e22ef	6
007e22fa	007e22ff	6
007e230a	007e230f	6
007e231a	007e231f	6
007e232a	007e232f	6
007e233a	007e233f	6
007e234a	007e234f	6
007e235a	007e235f	6
007e236a	007e236f	6
007e237a	007e237f	6
007e238a	007e238f	6
007e239a	007e239f	6
007e23aa	007e23af	6
007e23ba	007e23bf	6
007e23ca	007e23cf	6
007e23da	007e23df	6
007e23ea	007e23ef	6
007e23fa	007e23ff	6
007e240a	007e240f	6
007e241a	007e241f	6
007e242a	007e242f	6
007e243a	007e243f	6
007e244a	007e244f	6
007e245a	007e245f	6
007e246a	007e246f	6
007e247a	007e247f	6
007e248a	007e248f	6
007e249a	007e249f	6
007e24aa	007e24af	6
007e24ba	007e24bf	6
007e24ca	007e24cf	6
007e24da	007e24df	6
007e24ea	007e24ef	6
007e24fa	007e24ff	6
007e250a	007e250f	6
007e251a	007e251f	6
007e252a	007e252f	6
007e253a	007e253f	6
007e254a	007e254f	6
007e255a	007e255f	6
007e256a	007e256f	6
007e257a	007e257f	6
007e258a	007e258f	6
007e259a	007e259f	6
007e25aa	007e25af	6
007e25ba	007e25bf	6
007e25ca	007e25cf	6
007e25da	007e25df	6
007e25ea	007e25ef	6
007e25fa	007e25ff	6
007e260a	007e260f	6
007e261a	007e261f	6
007e262a	007e262f	6
007e263a	007e263f	6
007e264a	007e264f	6
007e265a	007e265f	6
007e266a	007e266f	6
007e267a	007e267f	6
007e268a	007e268f	6
007e269a	007e269f	6
007e26aa	007e26af	6
007e26ba	007e26bf	6
007e26ca	007e26cf	6
007e26da	007e26df	6
007e26ea	007e26ef	6
007e26fa	007e26ff	6
007e270a	007e270f	6
007e271a	007e271f	6
007e272a	007e272f	6
007e273a	007e273f	6
007e274a	007e274f	6
007e275a	007e275f	6
007e276a	007e276f	6
007e277a	007e277f	6
007e278a	007e278f	6
007e279a	007e279f	6
007e27aa	007e27af	6
007e27ba	007e27bf	6
007e27ca	007e27cf	6
007e27da	007e27df	6
007e27ea	007e27ef	6
007e27fa	007e27ff	6
007e280a	007e280f	6
007e281a	007e281f	6
007e282a	007e282f	6
007e283a	007e283f	6
007e284a	007e284f	6
007e285a	007e285f	6
007e286a	007e286f	6
007e287a	007e287f	6
007e288a	007e288f	6
007e289a	007e289f	6
007e28aa	007e28af	6
007e28ba	007e28bf	6
007e28ca	007e28cf	6
007e28da	007e28df	6
007e28ea	007e28ef	6
007e28fa	007e28ff	6
007e290a	007e290f	6
007e291a	007e291f	6
007e292a	007e292f	6
007e293a	007e293f	6
007e294a	007e294f	6
007e295a	007e295f	6
007e296a	007e296f	6
007e297a	007e297f	6
007e298a	007e298f	6
007e299a	007e299f	6
007e29aa	007e29af	6
007e29ba	007e29bf	6
007e29ca	007e29cf	6
007e29da	007e29df	6
007e29ea	007e29ef	6
007e29fa	007e29ff	6
007e2a0a	007e2a0f	6
007e2a1a	007e2a1f	6
007e2a2a	007e2a2f	6
007e2a3a	007e2a3f	6
007e2a4a	007e2a4f	6
007e2a5a	007e2a5f	6
007e2a6a	007e2a6f	6
007e2a7a	007e2a7f	6
007e2a8a	007e2a8f	6
007e2a9a	007e2a9f	6
007e2aaa	007e2aaf	6
007e2aba	007e2abf	6
007e2aca	007e2acf	6
007e2ada	007e2adf	6
007e2aea	007e2aef	6
007e2afa	007e2aff	6
007e2b0a	007e2b0f	6
007e2b1a	007e2b1f	6
007e2b2a	007e2b2f	6
007e2b3a	007e2b3f	6
007e2b4a	007e2b4f	6
007e2b5a	007e2b5f	6
007e2b6a	007e2b6f	6
007e2b7a	007e2b7f	6
007e2b8a	007e2b8f	6
007e2b9a	007e2b9f	6
007e2baa	007e2baf	6
007e2bba	007e2bbf	6
007e2bca	007e2bcf	6
007e2bda	007e2bdf	6
007e2bea	007e2bef	6
007e2bfa	007e2bff	6
007e2c0a	007e2c0f	6
007e2c1a	007e2c1f	6
007e2c2a	007e2c2f	6
007e2c3a	007e2c3f	6
007e2c4a	007e2c4f	6
007e2c5a	007e2c5f	6
007e2c6a	007e2c6f	6
007e2c7a	007e2c7f	6
007e2c8a	007e2c8f	6
007e2c9a	007e2c9f	6
007e2caa	007e2caf	6
007e2cba	007e2cbf	6
007e2cca	007e2ccf	6
007e2cda	007e2cdf	6
007e2cea	007e2cef	6
007e2cfa	007e2cff	6
007e2d0a	007e2d0f	6
007e2d1a	007e2d1f	6
007e2d2a	007e2d2f	6
007e2d3a	007e2d3f	6
007e2d4a	007e2d4f	6
007e2ddf	007e2de0	2
007e2e34	007e2e3f	12
007e2e4a	007e2e4f	6
007e2e5a	007e2e5f	6
007e2e6a	007e2e6f	6
007e2e7a	007e2e7f	6
007e2e8a	007e2e8f	6
007e2e9a	007e2e9f	6
007e2eaa	007e2eaf	6
007e2eba	007e2ebf	6
007e2eca	007e2ecf	6
007e2eda	007e2edf	6
007e2eea	007e2eef	6
007e2efa	007e2eff	6
007e2f0a	007e2f0f	6
007e2f1a	007e2f1f	6
007e2f2a	007e2f2f	6
007e2f3a	007e2f3f	6
007e2f4a	007e2f4f	6
007e2f5a	007e2f5f	6
007e2f6a	007e2f6f	6
007e2f7a	007e2f7f	6
007e2f8a	007e2f8f	6
007e2f9a	007e2f9f	6
007e2faa	007e2faf	6
007e2fba	007e2fbf	6
007e2fca	007e2fcf	6
007e2fda	007e2fdf	6
007e2fea	007e2fef	6
007e2ffa	007e2fff	6
007e300a	007e300f	6
007e301a	007e301f	6
007e302a	007e302f	6
007e303a	007e303f	6
007e304a	007e304f	6
007e305a	007e305f	6
007e306a	007e306f	6
007e307a	007e307f	6
007e308a	007e308f	6
007e309a	007e309f	6
007e30aa	007e30af	6
007e30ba	007e30bf	6
007e30ca	007e30cf	6
007e30da	007e30df	6
007e30ea	007e30ef	6
007e30fa	007e30ff	6
007e310a	007e310f	6
007e311a	007e311f	6
007e312a	007e312f	6
007e313a	007e313f	6
007e314a	007e314f	6
007e315a	007e315f	6
007e316a	007e316f	6
007e317a	007e317f	6
007e318a	007e318f	6
007e319a	007e319f	6
007e31aa	007e31af	6
007e31ba	007e31bf	6
007e31ca	007e31cf	6
007e31da	007e31df	6
007e31ea	007e31ef	6
007e31fa	007e31ff	6
007e320a	007e320f	6
007e321a	007e321f	6
007e322a	007e322f	6
007e323a	007e323f	6
007e324a	007e324f	6
007e325a	007e325f	6
007e326a	007e326f	6
007e327a	007e327f	6
007e328a	007e328f	6
007e329a	007e329f	6
007e32aa	007e32af	6
007e32ba	007e32bf	6
007e32ca	007e32cf	6
007e32da	007e32df	6
007e32ea	007e32ef	6
007e32fa	007e32ff	6
007e330a	007e330f	6
007e331a	007e331f	6
007e332a	007e332f	6
007e333a	007e333f	6
007e334a	007e334f	6
007e335a	007e335f	6
007e336a	007e336f	6
007e337a	007e337f	6
007e338a	007e338f	6
007e339a	007e339f	6
007e33aa	007e33af	6
007e33ba	007e33bf	6
007e33ca	007e33cf	6
007e33da	007e33df	6
007e33ea	007e33ef	6
007e33fa	007e33ff	6
007e340a	007e340f	6
007e341a	007e341f	6
007e342a	007e342f	6
007e343a	007e343f	6
007e344a	007e344f	6
007e345a	007e345f	6
007e346a	007e346f	6
007e347a	007e347f	6
007e348a	007e348f	6
007e349a	007e349f	6
007e34aa	007e34af	6
007e34ba	007e34bf	6
007e34ca	007e34cf	6
007e34da	007e34df	6
007e34ea	007e34ef	6
007e34fa	007e34ff	6
007e350a	007e350f	6
007e351a	007e351f	6
007e352a	007e352f	6
007e353a	007e353f	6
007e354a	007e354f	6
007e355a	007e355f	6
007e356a	007e356f	6
007e357a	007e357f	6
007e358a	007e358f	6
007e359a	007e359f	6
007e35aa	007e35af	6
007e35ba	007e35bf	6
007e35ca	007e35cf	6
007e35da	007e35df	6
007e35ea	007e35ef	6
007e35fa	007e35ff	6
007e360a	007e360f	6
007e361a	007e361f	6
007e362a	007e362f	6
007e363a	007e363f	6
007e364a	007e364f	6
007e365a	007e365f	6
007e366a	007e366f	6
007e367a	007e367f	6
007e368a	007e368f	6
007e369a	007e369f	6
007e36aa	007e36af	6
007e36ba	007e36bf	6
007e36ca	007e36cf	6
007e36da	007e36df	6
007e36ea	007e36ef	6
007e36fa	007e36ff	6
007e370a	007e370f	6
007e371a	007e371f	6
007e372a	007e372f	6
007e373a	007e373f	6
007e374a	007e374f	6
007e375a	007e375f	6
007e376a	007e376f	6
007e377a	007e377f	6
007e378a	007e378f	6
007e379a	007e379f	6
007e37aa	007e37af	6
007e37ba	007e37bf	6
007e37ca	007e37cf	6
007e37da	007e37df	6
007e37ea	007e37ef	6
007e37fa	007e37ff	6
007e380a	007e380f	6
007e381a	007e381f	6
007e382a	007e382f	6
007e383a	007e383f	6
007e384a	007e384f	6
007e385a	007e385f	6
007e386a	007e386f	6
007e387a	007e387f	6
007e388a	007e388f	6
007e389a	007e389f	6
007e38aa	007e38af	6
007e38ba	007e38bf	6
007e38ca	007e38cf	6
007e38da	007e38df	6
007e38ea	007e38ef	6
007e38fa	007e38ff	6
007e390a	007e390f	6
007e391a	007e391f	6
007e392a	007e392f	6
007e393a	007e393f	6
007e394a	007e394f	6
007e395a	007e395f	6
007e396a	007e396f	6
007e397a	007e397f	6
007e398a	007e398f	6
007e399a	007e399f	6
007e39aa	007e39af	6
007e39ba	007e39bf	6
007e39ca	007e39cf	6
007e39da	007e39df	6
007e39ea	007e39ef	6
007e39fa	007e39ff	6
007e3a0a	007e3a0f	6
007e3a1a	007e3a1f	6
007e3a2a	007e3a2f	6
007e3a3a	007e3a3f	6
007e3a4a	007e3a4f	6
007e3a5a	007e3a5f	6
007e3a6a	007e3a6f	6
007e3a7a	007e3a7f	6
007e3a8a	007e3a8f	6
007e3a9a	007e3a9f	6
007e3aaa	007e3aaf	6
007e3aba	007e3abf	6
007e3aca	007e3acf	6
007e3ada	007e3adf	6
007e3aea	007e3aef	6
007e3afa	007e3aff	6
007e3b0a	007e3b0f	6
007e3b1a	007e3b1f	6
007e3b2a	007e3b2f	6
007e3b3a	007e3b3f	6
007e3b4a	007e3b4f	6
007e3b5a	007e3b5f	6
007e3b6a	007e3b6f	6
007e3b7a	007e3b7f	6
007e3b8a	007e3b8f	6
007e3b9a	007e3b9f	6
007e3baa	007e3baf	6
007e3bba	007e3bbf	6
007e3bca	007e3bcf	6
007e3bda	007e3bdf	6
007e3bea	007e3bef	6
007e3bfa	007e3bff	6
007e3c0a	007e3c0f	6
007e3c1a	007e3c1f	6
007e3c2a	007e3c2f	6
007e3c3a	007e3c3f	6
007e3c4a	007e3c4f	6
007e3c5a	007e3c5f	6
007e3c6a	007e3c6f	6
007e3c7a	007e3c7f	6
007e3c8a	007e3c8f	6
007e3c9a	007e3c9f	6
007e3caa	007e3caf	6
007e3cba	007e3cbf	6
007e3cca	007e3ccf	6
007e3cda	007e3cdf	6
007e3cea	007e3cef	6
007e3cfa	007e3cff	6
007e3d0a	007e3d0f	6
007e3d1a	007e3d1f	6
007e3d2a	007e3d2f	6
007e3d3a	007e3d3f	6
007e3d4a	007e3d4f	6
007e3d5a	007e3d5f	6
007e3d6a	007e3d6f	6
007e3d7a	007e3d7f	6
007e3d8a	007e3d8f	6
007e3d9a	007e3d9f	6
007e3daa	007e3daf	6
007e3dba	007e3dbf	6
007e3dca	007e3dcf	6
007e3dda	007e3ddf	6
007e3dea	007e3def	6
007e3dfa	007e3dff	6
007e3e0a	007e3e0f	6
007e3e1a	007e3e1f	6
007e3e2a	007e3e2f	6
007e3e3a	007e3e3f	6
007e3e4a	007e3e4f	6
007e3e5a	007e3e5f	6
007e3e6a	007e3e6f	6
007e3e7a	007e3e7f	6
007e3e8a	007e3e8f	6
007e3e9a	007e3e9f	6
007e3eaa	007e3eaf	6
007e3eba	007e3ebf	6
007e3eca	007e3ecf	6
007e3eda	007e3edf	6
007e3eea	007e3eef	6
007e3efa	007e3eff	6
007e3f0a	007e3f0f	6
007e3f1a	007e3f1f	6
007e3f2a	007e3f2f	6
007e3f3a	007e3f3f	6
007e3f4a	007e3f4f	6
007e3f5a	007e3f5f	6
007e3f6a	007e3f6f	6
007e3f7a	007e3f7f	6
007e3f8a	007e3f8f	6
007e3f9a	007e3f9f	6
007e3faa	007e3faf	6
007e3fba	007e3fbf	6
007e3fca	007e3fcf	6
007e3fda	007e3fdf	6
007e3fea	007e3fef	6
007e3ffa	007e3fff	6
007e400a	007e400f	6
007e401a	007e401f	6
007e402a	007e402f	6
007e403a	007e403f	6
007e404a	007e404f	6
007e405a	007e405f	6
007e406a	007e406f	6
007e407a	007e407f	6
007e408a	007e408f	6
007e409a	007e409f	6
007e40aa	007e40af	6
007e40ba	007e40bf	6
007e40ca	007e40cf	6
007e40da	007e40df	6
007e40ea	007e40ef	6
007e40fa	007e40ff	6
007e410a	007e410f	6
007e411a	007e411f	6
007e412a	007e412f	6
007e413a	007e413f	6
007e414a	007e414f	6
007e415a	007e415f	6
007e416a	007e416f	6
007e417a	007e417f	6
007e418a	007e418f	6
007e419a	007e419f	6
007e41aa	007e41af	6
007e41ba	007e41bf	6
007e41ca	007e41cf	6
007e41da	007e41df	6
007e41ea	007e41ef	6
007e41fa	007e41ff	6
007e420a	007e420f	6
007e421a	007e421f	6
007e422a	007e422f	6
007e423a	007e423f	6
007e424a	007e424f	6
007e425a	007e425f	6
007e426a	007e426f	6
007e427a	007e427f	6
007e428a	007e428f	6
007e429a	007e429f	6
007e42aa	007e42af	6
007e42ba	007e42bf	6
007e42ca	007e42cf	6
007e42e8	007e42ef	8
007e4316	007e431f	10
007e4338	007e433f	8
007e4365	007e436f	11
007e4382	007e438f	14
007e43a6	007e43af	10
007e43c6	007e43cf	10
007e43e6	007e43ef	10
007e4406	007e440f	10
007e4426	007e442f	10
007e4446	007e444f	10
007e4462	007e446f	14
007e4486	007e448f	10
007e44a6	007e44af	10
007e44c6	007e44cf	10
007e44e6	007e44ef	10
007e4506	007e450f	10
007e4526	007e452f	10
007e4546	007e454f	10
007e4566	007e456f	10
007e4586	007e458f	10
007e45a6	007e45af	10
007e45c6	007e45cf	10
007e45e6	007e45ef	10
007e4602	007e460f	14
007e4626	007e462f	10
007e4646	007e464f	10
007e4666	007e466f	10
007e4686	007e468f	10
007e46a6	007e46af	10
007e46c6	007e46cf	10
007e46e6	007e46ef	10
007e4706	007e470f	10
007e4726	007e472f	10
007e4746	007e474f	10
007e4766	007e476f	10
007e4786	007e478f	10
007e47a6	007e47af	10
007e47c6	007e47cf	10
007e47e6	007e47ef	10
007e4806	007e480f	10
007e4826	007e482f	10
007e4846	007e484f	10
007e4866	007e486f	10
007e4886	007e488f	10
007e48a6	007e48af	10
007e48c6	007e48cf	10
007e48e2	007e48ef	14
007e4906	007e490f	10
007e4926	007e492f	10
007e4946	007e494f	10
007e4966	007e496f	10
007e4986	007e498f	10
007e49a6	007e49af	10
007e49bc	007e49bf	4
007e49e4	007e49ef	12
007e4a06	007e4a0f	10
007e4a78	007e4a7f	8
007e4ace	007e4acf	2
007e4aef	007e4aef	1
007e4afc	007e4aff	4
007e4b0b	007e4b0f	5
007e4b28	007e4b2f	8
007e4b3c	007e4b3f	4
007e4b4c	007e4b4f	4
007e4b5c	007e4b5f	4
007e5065	007e506f	11
007e50da	007e50dc	3
007e50eb	007e50ef	5
007e5195	007e5197	3
007e51b7	007e51b9	3
007e51c8	007e51cf	8
007e51e8	007e51ef	8
007e51fc	007e51ff	4
007e5218	007e521f	8
007e5245	007e524f	11
007e5262	007e526f	14
007e5286	007e528f	10
007e52a6	007e52af	10
007e52c2	007e52cf	14
007e52e2	007e52ef	14
007e5306	007e530f	10
007e5326	007e532f	10
007e5346	007e534f	10
007e5366	007e536f	10
007e5382	007e538f	14
007e53a6	007e53af	10
007e53c6	007e53cf	10
007e53e6	007e53ef	10
007e5406	007e540f	10
007e5426	007e542f	10
007e5446	007e544f	10
007e5466	007e546f	10
007e5486	007e548f	10
007e54a6	007e54af	10
007e54c6	007e54cf	10
007e54e6	007e54ef	10
007e5506	007e550f	10
007e5522	007e552f	14
007e5546	007e554f	10
007e5566	007e556f	10
007e5586	007e558f	10
007e55a6	007e55af	10
007e55c6	007e55cf	10
007e55e6	007e55ef	10
007e5606	007e560f	10
007e5626	007e562f	10
007e5646	007e564f	10
007e5666	007e566f	10
007e5686	007e568f	10
007e56a6	007e56af	10
007e56c6	007e56cf	10
007e56e6	007e56ef	10
007e5706	007e570f	10
007e5726	007e572f	10
007e5746	007e574f	10
007e5766	007e576f	10
007e5786	007e578f	10
007e57a6	007e57af	10
007e57c6	007e57cf	10
007e57e6	007e57ef	10
007e5806	007e580f	10
007e5826	007e582f	10
007e5846	007e584f	10
007e5866	007e586f	10
007e5886	007e588f	10
007e58a6	007e58af	10
007e58c6	007e58cf	10
007e58e6	007e58ef	10
007e5906	007e590f	10
007e5926	007e592f	10
007e5946	007e594f	10
007e5966	007e596f	10
007e5986	007e598f	10
007e59a6	007e59af	10
007e59c6	007e59cf	10
007e59e6	007e59ef	10
007e5a06	007e5a0f	10
007e5a26	007e5a2f	10
007e5a46	007e5a4f	10
007e5a66	007e5a6f	10
007e5a86	007e5a8f	10
007e5aa6	007e5aaf	10
007e5ac6	007e5acf	10
007e5ae6	007e5aef	10
007e5b06	007e5b0f	10
007e5b26	007e5b2f	10
007e5b46	007e5b4f	10
007e5b66	007e5b6f	10
007e5b86	007e5b8f	10
007e5ba6	007e5baf	10
007e5bc6	007e5bcf	10
007e5be6	007e5bef	10
007e5c06	007e5c0f	10
007e5c26	007e5c2f	10
007e5c46	007e5c4f	10
007e5c66	007e5c6f	10
007e5c86	007e5c8f	10
007e5ca6	007e5caf	10
007e5cc6	007e5ccf	10
007e5ce6	007e5cef	10
007e5d06	007e5d0f	10
007e5d26	007e5d2f	10
007e5d46	007e5d4f	10
007e5d66	007e5d6f	10
007e5d86	007e5d8f	10
007e5da6	007e5daf	10
007e5dc6	007e5dcf	10
007e5de6	007e5def	10
007e5e06	007e5e0f	10
007e5e26	007e5e2f	10
007e5e46	007e5e4f	10
007e5e66	007e5e6f	10
007e5e86	007e5e8f	10
007e5ea6	007e5eaf	10
007e5ec6	007e5ecf	10
007e5ee6	007e5eef	10
007e5f06	007e5f0f	10
007e5f26	007e5f2f	10
007e5f46	007e5f4f	10
007e5f66	007e5f6f	10
007e5f86	007e5f8f	10
007e5fa6	007e5faf	10
007e5fc6	007e5fcf	10
007e5fe6	007e5fef	10
007e6006	007e600f	10
007e6026	007e602f	10
007e6046	007e604f	10
007e6066	007e606f	10
007e6086	007e608f	10
007e60a6	007e60af	10
007e60c6	007e60cf	10
007e60e6	007e60ef	10
007e6106	007e610f	10
007e6126	007e612f	10
007e6146	007e614f	10
007e6166	007e616f	10
007e6186	007e618f	10
007e61a6	007e61af	10
007e61c6	007e61cf	10
007e61e6	007e61ef	10
007e6206	007e620f	10
007e6226	007e622f	10
007e6246	007e624f	10
007e6266	007e626f	10
007e6286	007e628f	10
007e62a6	007e62af	10
007e62c6	007e62cf	10
007e62e6	007e62ef	10
007e6306	007e630f	10
007e6326	007e632f	10
007e6346	007e634f	10
007e6366	007e636f	10
007e6386	007e638f	10
007e63a6	007e63af	10
007e63c6	007e63cf	10
007e63e6	007e63ef	10
007e6406	007e640f	10
007e6426	007e642f	10
007e6446	007e644f	10
007e6466	007e646f	10
007e6486	007e648f	10
007e64a6	007e64af	10
007e64c6	007e64cf	10
007e64e6	007e64ef	10
007e6506	007e650f	10
007e6526	007e652f	10
007e6546	007e654f	10
007e6566	007e656f	10
007e6586	007e658f	10
007e65a6	007e65af	10
007e65c6	007e65cf	10
007e65e6	007e65ef	10
007e6606	007e660f	10
007e6626	007e662f	10
007e6646	007e664f	10
007e6666	007e666f	10
007e6686	007e668f	10
007e66a6	007e66af	10
007e66c6	007e66cf	10
007e66e6	007e66ef	10
007e6706	007e670f	10
007e6726	007e672f	10
007e6746	007e674f	10
007e6766	007e676f	10
007e6786	007e678f	10
007e67a6	007e67af	10
007e67c6	007e67cf	10
007e67e6	007e67ef	10
007e6806	007e680f	10
007e6826	007e682f	10
007e6846	007e684f	10
007e6866	007e686f	10
007e6886	007e688f	10
007e68a6	007e68af	10
007e68c6	007e68cf	10
007e68e6	007e68ef	10
007e6906	007e690f	10
007e6926	007e692f	10
007e6946	007e694f	10
007e6966	007e696f	10
007e6986	007e698f	10
007e69a6	007e69af	10
007e69c6	007e69cf	10
007e69e6	007e69ef	10
007e6a06	007e6a0f	10
007e6a26	007e6a2f	10
007e6a46	007e6a4f	10
007e6a66	007e6a6f	10
007e6a86	007e6a8f	10
007e6aa6	007e6aaf	10
007e6ac6	007e6acf	10
007e6ae6	007e6aef	10
007e6b06	007e6b0f	10
007e6b26	007e6b2f	10
007e6b46	007e6b4f	10
007e6b66	007e6b6f	10
007e6b86	007e6b8f	10
007e6ba6	007e6baf	10
007e6bc6	007e6bcf	10
007e6be6	007e6bef	10
007e6c06	007e6c0f	10
007e6c26	007e6c2f	10
007e6c46	007e6c4f	10
007e6c66	007e6c6f	10
007e6c86	007e6c8f	10
007e6ca6	007e6caf	10
007e6cc2	007e6ccf	14
007e6ce6	007e6cef	10
007e6d06	007e6d0f	10
007e6d26	007e6d2f	10
007e6d46	007e6d4f	10
007e6d66	007e6d6f	10
007e6d86	007e6d8f	10
007e6da6	007e6daf	10
007e6dc6	007e6dcf	10
007e6de6	007e6def	10
007e6e06	007e6e0f	10
007e6e26	007e6e2f	10
007e6e46	007e6e4f	10
007e6e66	007e6e6f	10
007e6e86	007e6e8f	10
007e6ea6	007e6eaf	10
007e6ec6	007e6ecf	10
007e6ee6	007e6eef	10
007e6f06	007e6f0f	10
007e6f26	007e6f2f	10
007e6f46	007e6f4f	10
007e6f66	007e6f6f	10
007e6f86	007e6f8f	10
007e6fa6	007e6faf	10
007e6fc6	007e6fcf	10
007e6fe6	007e6fef	10
007e7006	007e700f	10
007e7026	007e702f	10
007e7046	007e704f	10
007e7066	007e706f	10
007e7086	007e708f	10
007e70a6	007e70af	10
007e70c6	007e70cf	10
007e70e6	007e70ef	10
007e7106	007e710f	10
007e7126	007e712f	10
007e7146	007e714f	10
007e7166	007e716f	10
007e7186	007e718f	10
007e71a6	007e71af	10
007e71c6	007e71cf	10
007e71e6	007e71ef	10
007e7206	007e720f	10
007e7226	007e722f	10
007e7246	007e724f	10
007e7266	007e726f	10
007e7286	007e728f	10
007e72a6	007e72af	10
007e72c6	007e72cf	10
007e72e6	007e72ef	10
007e7306	007e730f	10
007e7326	007e732f	10
007e7346	007e734f	10
007e7366	007e736f	10
007e7386	007e738f	10
007e73a6	007e73af	10
007e73c6	007e73cf	10
007e73e6	007e73ef	10
007e7406	007e740f	10
007e7426	007e742f	10
007e7446	007e744f	10
007e7462	007e746f	14
007e7482	007e748f	14
007e74a6	007e74af	10
007e74c6	007e74cf	10
007e74e6	007e74ef	10
007e7502	007e750f	14
007e7522	007e752f	14
007e7546	007e754f	10
007e7566	007e756f	10
007e7586	007e758f	10
007e75a6	007e75af	10
007e75c6	007e75cf	10
007e75e6	007e75ef	10
007e7606	007e760f	10
007e7628	007e762f	8
007e7648	007e764f	8
007e766d	007e766f	3
007e7688	007e768f	8
007e76a6	007e76af	10
007e76c6	007e76cf	10
007e76e8	007e76ef	8
007e7715	007e771f	11
007e7732	007e773f	14
007e7756	007e775f	10
007e7776	007e777f	10
007e7796	007e779f	10
007e77b6	007e77bf	10
007e77d6	007e77df	10
007e77f6	007e77ff	10
007e7816	007e781f	10
007e7836	007e783f	10
007e7856	007e785f	10
007e7876	007e787f	10
007e7896	007e789f	10
007e78b6	007e78bf	10
007e78d6	007e78df	10
007e78f6	007e78ff	10
007e7916	007e791f	10
007e7936	007e793f	10
007e7956	007e795f	10
007e7976	007e797f	10
007e7996	007e799f	10
007e79b6	007e79bf	10
007e79d6	007e79df	10
007e79f6	007e79ff	10
007e7a16	007e7a1f	10
007e7a36	007e7a3f	10
007e7a65	007e7a6f	11
007e7a82	007e7a8f	14
007e7aa6	007e7aaf	10
007e7ac6	007e7acf	10
007e7ae6	007e7aef	10
007e7b06	007e7b0f	10
007e7b26	007e7b2f	10
007e7b46	007e7b4f	10
007e7b66	007e7b6f	10
007e7b86	007e7b8f	10
007e7ba6	007e7baf	10
007e7bc6	007e7bcf	10
007e7be6	007e7bef	10
007e7c06	007e7c0f	10
007e7c26	007e7c2f	10
007e7c46	007e7c4f	10
007e7c75	007e7c7f	11
007e7c92	007e7c9f	14
007e7cb6	007e7cbf	10
007e7cd6	007e7cdf	10
007e7cf6	007e7cff	10
007e7d16	007e7d1f	10
007e7d36	007e7d3f	10
007e7d56	007e7d5f	10
007e7d76	007e7d7f	10
007e7d96	007e7d9f	10
007e7dc5	007e7dcf	11
007e7de2	007e7def	14
007e7e06	007e7e0f	10
007e7e26	007e7e2f	10
007e7e46	007e7e4f	10
007e7e66	007e7e6f	10
007e7e86	007e7e8f	10
007e7ea6	007e7eaf	10
007e7ec6	007e7ecf	10
007e7ee6	007e7eef	10
007e7f06	007e7f0f	10
007e7f26	007e7f2f	10
007e7f46	007e7f4f	10
007e7f66	007e7f6f	10
007e7f86	007e7f8f	10
007e7fa2	007e7faf	14
007e7fc6	007e7fcf	10
007e7fe6	007e7fef	10
007e8006	007e800f	10
007e8026	007e802f	10
007e8046	007e804f	10
007e8066	007e806f	10
007e8086	007e808f	10
007e80a6	007e80af	10
007e80c6	007e80cf	10
007e80e6	007e80ef	10
007e8106	007e810f	10
007e8126	007e812f	10
007e8146	007e814f	10
007e8166	007e816f	10
007e8186	007e818f	10
007e819c	007e819f	4
007e81b8	007e81bf	8
007e81d8	007e81df	8
007e81f8	007e81ff	8
007e821d	007e821f	3
007e82e6	007e82ef	10
007e8308	007e830f	8
007e8328	007e832f	8
007e8348	007e834f	8
007e8366	007e836f	10
007e8388	007e838f	8
007e83e8	007e83ef	8
007e8408	007e840f	8
007e8428	007e842f	8
007e8488	007e848f	8
007e84a8	007e84af	8
007e84c8	007e84cf	8
007e84e8	007e84ef	8
007e8508	007e850f	8
007e8528	007e852f	8
007e8548	007e854f	8
007e8568	007e856f	8
007e8588	007e858f	8
007e85ad	007e85af	3
007e85bb	007e85bf	5
007e85ee	007e85ef	2
007e861e	007e861f	2
007e8645	007e864f	11
007e8662	007e866f	14
007e8686	007e868f	10
007e86a6	007e86af	10
007e86c6	007e86cf	10
007e86e6	007e86ef	10
007e8706	007e870f	10
007e8726	007e872f	10
007e8746	007e874f	10
007e8766	007e876f	10
007e8786	007e878f	10
007e87a6	007e87af	10
007e87c6	007e87cf	10
007e87e6	007e87ef	10
007e8802	007e880f	14
007e8826	007e882f	10
007e8846	007e884f	10
007e8866	007e886f	10
007e8886	007e888f	10
007e88a6	007e88af	10
007e88c6	007e88cf	10
007e88e6	007e88ef	10
007e8906	007e890f	10
007e8926	007e892f	10
007e8946	007e894f	10
007e8966	007e896f	10
007e8986	007e898f	10
007e89a6	007e89af	10
007e89c6	007e89cf	10
007e89e2	007e89ef	14
007e8a06	007e8a0f	10
007e8a26	007e8a2f	10
007e8a46	007e8a4f	10
007e8a66	007e8a6f	10
007e8a86	007e8a8f	10
007e8aa6	007e8aaf	10
007e8ac6	007e8acf	10
007e8ae6	007e8aef	10
007e8b06	007e8b0f	10
007e8b26	007e8b2f	10
007e8b42	007e8b4f	14
007e8b66	007e8b6f	10
007e8b86	007e8b8f	10
007e8ba6	007e8baf	10
007e8bc6	007e8bcf	10
007e8be2	007e8bef	14
007e8c06	007e8c0f	10
007e8c26	007e8c2f	10
007e8c46	007e8c4f	10
007e8c66	007e8c6f	10
007e8c88	007e8c8f	8
007e8ca8	007e8caf	8
007e8cc8	007e8ccf	8
007e8cf5	007e8cff	11
007e8d12	007e8d1f	14
007e8d32	007e8d3f	14
007e8d56	007e8d5f	10
007e8d78	007e8d7f	8
007e8da5	007e8daf	11
007e8dc2	007e8dcf	14
007e8de6	007e8def	10
007e8e06	007e8e0f	10
007e8e26	007e8e2f	10
007e8e46	007e8e4f	10
007e8e62	007e8e6f	14
007e8e82	007e8e8f	14
007e8ea6	007e8eaf	10
007e8ec6	007e8ecf	10
007e8ee6	007e8eef	10
007e8f06	007e8f0f	10
007e8f26	007e8f2f	10
007e8f46	007e8f4f	10
007e8f66	007e8f6f	10
007e8f86	007e8f8f	10
007e8fa6	007e8faf	10
007e8fc6	007e8fcf	10
007e8fe6	007e8fef	10
007e9006	007e900f	10
007e9026	007e902f	10
007e9046	007e904f	10
007e9066	007e906f	10
007e9086	007e908f	10
007e90a6	007e90af	10
007e90c6	007e90cf	10
007e90e6	007e90ef	10
007e9106	007e910f	10
007e9126	007e912f	10
007e9146	007e914f	10
007e9166	007e916f	10
007e9186	007e918f	10
007e91a6	007e91af	10
007e91c6	007e91cf	10
007e91e6	007e91ef	10
007e9206	007e920f	10
007e9226	007e922f	10
007e9246	007e924f	10
007e9266	007e926f	10
007e9286	007e928f	10
007e92a6	007e92af	10
007e92c6	007e92cf	10
007e92e6	007e92ef	10
007e9306	007e930f	10
007e9326	007e932f	10
007e9346	007e934f	10
007e9366	007e936f	10
007e9386	007e938f	10
007e93a6	007e93af	10
007e93c6	007e93cf	10
007e93e6	007e93ef	10
007e9406	007e940f	10
007e9426	007e942f	10
007e9446	007e944f	10
007e9466	007e946f	10
007e9486	007e948f	10
007e94a6	007e94af	10
007e94c6	007e94cf	10
007e94e6	007e94ef	10
007e9506	007e950f	10
007e9526	007e952f	10
007e9546	007e954f	10
007e9566	007e956f	10
007e9586	007e958f	10
007e95a6	007e95af	10
007e95c6	007e95cf	10
007e95e6	007e95ef	10
007e9606	007e960f	10
007e9626	007e962f	10
007e9646	007e964f	10
007e9666	007e966f	10
007e9686	007e968f	10
007e96a6	007e96af	10
007e96c8	007e96cf	8
007e96f5	007e96ff	11
007e9712	007e971f	14
007e9736	007e973f	10
007e9756	007e975f	10
007e9776	007e977f	10
007e9796	007e979f	10
007e97b6	007e97bf	10
007e97d6	007e97df	10
007e97f6	007e97ff	10
007e9816	007e981f	10
007e9836	007e983f	10
007e9856	007e985f	10
007e9876	007e987f	10
007e9896	007e989f	10
007e98b6	007e98bf	10
007e98d6	007e98df	10
007e98f6	007e98ff	10
007e9916	007e991f	10
007e9936	007e993f	10
007e9956	007e995f	10
007e9976	007e997f	10
007e9996	007e999f	10
007e99b6	007e99bf	10
007e99d6	007e99df	10
007e99f6	007e99ff	10
007e9a16	007e9a1f	10
007e9a36	007e9a3f	10
007e9a56	007e9a5f	10
007e9a76	007e9a7f	10
007e9a96	007e9a9f	10
007e9ab6	007e9abf	10
007e9ad6	007e9adf	10
007e9af6	007e9aff	10
007e9b16	007e9b1f	10
007e9b36	007e9b3f	10
007e9b56	007e9b5f	10
007e9b76	007e9b7f	10
007e9b96	007e9b9f	10
007e9bb6	007e9bbf	10
007e9bd6	007e9bdf	10
007e9bf6	007e9bff	10
007e9c16	007e9c1f	10
007e9c36	007e9c3f	10
007e9c56	007e9c5f	10
007e9c76	007e9c7f	10
007e9c96	007e9c9f	10
007e9cb6	007e9cbf	10
007e9cd6	007e9cdf	10
007e9cf6	007e9cff	10
007e9d16	007e9d1f	10
007e9d36	007e9d3f	10
007e9d56	007e9d5f	10
007e9d76	007e9d7f	10
007e9d96	007e9d9f	10
007e9db6	007e9dbf	10
007e9dd6	007e9ddf	10
007e9df6	007e9dff	10
007e9e16	007e9e1f	10
007e9e36	007e9e3f	10
007e9e56	007e9e5f	10
007e9e76	007e9e7f	10
007e9e96	007e9e9f	10
007e9eb6	007e9ebf	10
007e9ed6	007e9edf	10
007e9ef6	007e9eff	10
007e9f16	007e9f1f	10
007e9f36	007e9f3f	10
007e9f56	007e9f5f	10
007e9f76	007e9f7f	10
007e9f96	007e9f9f	10
007e9fb6	007e9fbf	10
007e9fd6	007e9fdf	10
007e9ff6	007e9fff	10
007ea016	007ea01f	10
007ea036	007ea03f	10
007ea056	007ea05f	10
007ea076	007ea07f	10
007ea096	007ea09f	10
007ea0b6	007ea0bf	10
007ea0d6	007ea0df	10
007ea0f6	007ea0ff	10
007ea116	007ea11f	10
007ea136	007ea13f	10
007ea156	007ea15f	10
007ea176	007ea17f	10
007ea196	007ea19f	10
007ea1b6	007ea1bf	10
007ea1d6	007ea1df	10
007ea1f6	007ea1ff	10
007ea216	007ea21f	10
007ea236	007ea23f	10
007ea256	007ea25f	10
007ea276	007ea27f	10
007ea296	007ea29f	10
007ea2b6	007ea2bf	10
007ea2d6	007ea2df	10
007ea2f6	007ea2ff	10
007ea316	007ea31f	10
007ea336	007ea33f	10
007ea356	007ea35f	10
007ea376	007ea37f	10
007ea396	007ea39f	10
007ea3b6	007ea3bf	10
007ea3d6	007ea3df	10
007ea3f6	007ea3ff	10
007ea416	007ea41f	10
007ea436	007ea43f	10
007ea456	007ea45f	10
007ea476	007ea47f	10
007ea496	007ea49f	10
007ea4b6	007ea4bf	10
007ea4d6	007ea4df	10
007ea4f2	007ea4ff	14
007ea516	007ea51f	10
007ea532	007ea53f	14
007ea556	007ea55f	10
007ea576	007ea57f	10
007ea596	007ea59f	10
007ea5b6	007ea5bf	10
007ea5d6	007ea5df	10
007ea5f6	007ea5ff	10
007ea616	007ea61f	10
007ea636	007ea63f	10
007ea656	007ea65f	10
007ea672	007ea67f	14
007ea696	007ea69f	10
007ea6b2	007ea6bf	14
007ea6d6	007ea6df	10
007ea6f6	007ea6ff	10
007ea718	007ea71f	8
007ea745	007ea74f	11
007ea762	007ea76f	14
007ea786	007ea78f	10
007ea7a2	007ea7af	14
007ea7c6	007ea7cf	10
007ea7e8	007ea7ef	8
007ea815	007ea81f	11
007ea832	007ea83f	14
007ea856	007ea85f	10
007ea872	007ea87f	14
007ea896	007ea89f	10
007ea8b6	007ea8bf	10
007ea8d6	007ea8df	10
007ea8f6	007ea8ff	10
007ea916	007ea91f	10
007ea936	007ea93f	10
007ea956	007ea95f	10
007ea978	007ea97f	8
007ea9a5	007ea9af	11
007ea9c2	007ea9cf	14
007ea9e6	007ea9ef	10
007eaa06	007eaa0f	10
007eaa26	007eaa2f	10
007eaa46	007eaa4f	10
007eaa66	007eaa6f	10
007eaa86	007eaa8f	10
007eaaa6	007eaaaf	10
007eaac6	007eaacf	10
007eaae6	007eaaef	10
007eab06	007eab0f	10
007eab26	007eab2f	10
007eab46	007eab4f	10
007eab66	007eab6f	10
007eab86	007eab8f	10
007eaba6	007eabaf	10
007eabc2	007eabcf	14
007eabe6	007eabef	10
007eac06	007eac0f	10
007eac26	007eac2f	10
007eac46	007eac4f	10
007eac66	007eac6f	10
007eac86	007eac8f	10
007eaca6	007eacaf	10
007eacc6	007eaccf	10
007eace6	007eacef	10
007ead06	007ead0f	10
007ead26	007ead2f	10
007ead46	007ead4f	10
007ead66	007ead6f	10
007ead86	007ead8f	10
007eada6	007eadaf	10
007eadc6	007eadcf	10
007eade6	007eadef	10
007eae06	007eae0f	10
007eae26	007eae2f	10
007eae46	007eae4f	10
007eae66	007eae6f	10
007eae86	007eae8f	10
007eaea6	007eaeaf	10
007eaec6	007eaecf	10
007eaee6	007eaeef	10
007eaf06	007eaf0f	10
007eaf26	007eaf2f	10
007eaf46	007eaf4f	10
007eaf66	007eaf6f	10
007eaf86	007eaf8f	10
007eafa6	007eafaf	10
007eafc6	007eafcf	10
007eafe6	007eafef	10
007eb006	007eb00f	10
007eb026	007eb02f	10
007eb046	007eb04f	10
007eb066	007eb06f	10
007eb086	007eb08f	10
007eb0a6	007eb0af	10
007eb0c6	007eb0cf	10
007eb0e6	007eb0ef	10
007eb106	007eb10f	10
007eb126	007eb12f	10
007eb146	007eb14f	10
007eb166	007eb16f	10
007eb186	007eb18f	10
007eb1a6	007eb1af	10
007eb1c6	007eb1cf	10
007eb1e6	007eb1ef	10
007eb206	007eb20f	10
007eb226	007eb22f	10
007eb246	007eb24f	10
007eb266	007eb26f	10
007eb286	007eb28f	10
007eb2a6	007eb2af	10
007eb2c6	007eb2cf	10
007eb2e6	007eb2ef	10
007eb306	007eb30f	10
007eb326	007eb32f	10
007eb346	007eb34f	10
007eb366	007eb36f	10
007eb386	007eb38f	10
007eb3a6	007eb3af	10
007eb3c6	007eb3cf	10
007eb3e6	007eb3ef	10
007eb406	007eb40f	10
007eb426	007eb42f	10
007eb446	007eb44f	10
007eb466	007eb46f	10
007eb486	007eb48f	10
007eb4a6	007eb4af	10
007eb4c6	007eb4cf	10
007eb4e6	007eb4ef	10
007eb506	007eb50f	10
007eb526	007eb52f	10
007eb546	007eb54f	10
007eb566	007eb56f	10
007eb586	007eb58f	10
007eb5a6	007eb5af	10
007eb5c6	007eb5cf	10
007eb5e6	007eb5ef	10
007eb606	007eb60f	10
007eb626	007eb62f	10
007eb646	007eb64f	10
007eb666	007eb66f	10
007eb686	007eb68f	10
007eb6a6	007eb6af	10
007eb6c6	007eb6cf	10
007eb6e6	007eb6ef	10
007eb706	007eb70f	10
007eb726	007eb72f	10
007eb746	007eb74f	10
007eb766	007eb76f	10
007eb786	007eb78f	10
007eb7a6	007eb7af	10
007eb7c6	007eb7cf	10
007eb7e6	007eb7ef	10
007eb806	007eb80f	10
007eb826	007eb82f	10
007eb846	007eb84f	10
007eb866	007eb86f	10
007eb886	007eb88f	10
007eb8a6	007eb8af	10
007eb8c6	007eb8cf	10
007eb8e6	007eb8ef	10
007eb906	007eb90f	10
007eb926	007eb92f	10
007eb946	007eb94f	10
007eb966	007eb96f	10
007eb986	007eb98f	10
007eb9a6	007eb9af	10
007eb9c6	007eb9cf	10
007eb9e6	007eb9ef	10
007eba06	007eba0f	10
007eba26	007eba2f	10
007eba46	007eba4f	10
007eba66	007eba6f	10
007eba86	007eba8f	10
007ebaa6	007ebaaf	10
007ebac6	007ebacf	10
007ebae6	007ebaef	10
007ebb06	007ebb0f	10
007ebb26	007ebb2f	10
007ebb46	007ebb4f	10
007ebb66	007ebb6f	10
007ebb86	007ebb8f	10
007ebba6	007ebbaf	10
007ebbc6	007ebbcf	10
007ebbe6	007ebbef	10
007ebc06	007ebc0f	10
007ebc26	007ebc2f	10
007ebc46	007ebc4f	10
007ebc66	007ebc6f	10
007ebc86	007ebc8f	10
007ebca6	007ebcaf	10
007ebcc6	007ebccf	10
007ebce6	007ebcef	10
007ebd06	007ebd0f	10
007ebd26	007ebd2f	10
007ebd46	007ebd4f	10
007ebd66	007ebd6f	10
007ebd86	007ebd8f	10
007ebda6	007ebdaf	10
007ebdc6	007ebdcf	10
007ebde6	007ebdef	10
007ebe06	007ebe0f	10
007ebe26	007ebe2f	10
007ebe46	007ebe4f	10
007ebe66	007ebe6f	10
007ebe86	007ebe8f	10
007ebea6	007ebeaf	10
007ebec6	007ebecf	10
007ebee6	007ebeef	10
007ebf06	007ebf0f	10
007ebf26	007ebf2f	10
007ebf46	007ebf4f	10
007ebf66	007ebf6f	10
007ebf86	007ebf8f	10
007ebfa6	007ebfaf	10
007ebfc6	007ebfcf	10
007ebfe6	007ebfef	10
007ec006	007ec00f	10
007ec026	007ec02f	10
007ec046	007ec04f	10
007ec066	007ec06f	10
007ec086	007ec08f	10
007ec0a6	007ec0af	10
007ec0c6	007ec0cf	10
007ec0e6	007ec0ef	10
007ec106	007ec10f	10
007ec126	007ec12f	10
007ec146	007ec14f	10
007ec166	007ec16f	10
007ec186	007ec18f	10
007ec1a6	007ec1af	10
007ec1c6	007ec1cf	10
007ec1e6	007ec1ef	10
007ec206	007ec20f	10
007ec226	007ec22f	10
007ec246	007ec24f	10
007ec266	007ec26f	10
007ec286	007ec28f	10
007ec2a6	007ec2af	10
007ec2c6	007ec2cf	10
007ec2e6	007ec2ef	10
007ec306	007ec30f	10
007ec326	007ec32f	10
007ec346	007ec34f	10
007ec366	007ec36f	10
007ec386	007ec38f	10
007ec3a6	007ec3af	10
007ec3c6	007ec3cf	10
007ec3e6	007ec3ef	10
007ec406	007ec40f	10
007ec426	007ec42f	10
007ec446	007ec44f	10
007ec466	007ec46f	10
007ec486	007ec48f	10
007ec4a6	007ec4af	10
007ec4c6	007ec4cf	10
007ec4e6	007ec4ef	10
007ec506	007ec50f	10
007ec526	007ec52f	10
007ec546	007ec54f	10
007ec566	007ec56f	10
007ec586	007ec58f	10
007ec5a6	007ec5af	10
007ec5c6	007ec5cf	10
007ec5e6	007ec5ef	10
007ec606	007ec60f	10
007ec626	007ec62f	10
007ec646	007ec64f	10
007ec666	007ec66f	10
007ec686	007ec68f	10
007ec6a6	007ec6af	10
007ec6c6	007ec6cf	10
007ec6e6	007ec6ef	10
007ec706	007ec70f	10
007ec726	007ec72f	10
007ec746	007ec74f	10
007ec766	007ec76f	10
007ec786	007ec78f	10
007ec7a6	007ec7af	10
007ec7c6	007ec7cf	10
007ec7e6	007ec7ef	10
007ec806	007ec80f	10
007ec826	007ec82f	10
007ec846	007ec84f	10
007ec866	007ec86f	10
007ec886	007ec88f	10
007ec8a6	007ec8af	10
007ec8c6	007ec8cf	10
007ec8e6	007ec8ef	10
007ec906	007ec90f	10
007ec926	007ec92f	10
007ec946	007ec94f	10
007ec966	007ec96f	10
007ec986	007ec98f	10
007ec9a6	007ec9af	10
007ec9c6	007ec9cf	10
007ec9e6	007ec9ef	10
007eca06	007eca0f	10
007eca26	007eca2f	10
007eca46	007eca4f	10
007eca66	007eca6f	10
007eca86	007eca8f	10
007ecaa6	007ecaaf	10
007ecac6	007ecacf	10
007ecae6	007ecaef	10
007ecb06	007ecb0f	10
007ecb26	007ecb2f	10
007ecb46	007ecb4f	10
007ecb66	007ecb6f	10
007ecb86	007ecb8f	10
007ecba6	007ecbaf	10
007ecbc6	007ecbcf	10
007ecbe6	007ecbef	10
007ecc06	007ecc0f	10
007ecc26	007ecc2f	10
007ecc46	007ecc4f	10
007ecc66	007ecc6f	10
007ecc86	007ecc8f	10
007ecca6	007eccaf	10
007eccc6	007ecccf	10
007ecce6	007eccef	10
007ecd06	007ecd0f	10
007ecd26	007ecd2f	10
007ecd46	007ecd4f	10
007ecd66	007ecd6f	10
007ecd86	007ecd8f	10
007ecda6	007ecdaf	10
007ecdc6	007ecdcf	10
007ecde6	007ecdef	10
007ece06	007ece0f	10
007ece26	007ece2f	10
007ece46	007ece4f	10
007ece66	007ece6f	10
007ece86	007ece8f	10
007ecea6	007eceaf	10
007ecec6	007ececf	10
007ecee6	007eceef	10
007ecf06	007ecf0f	10
007ecf26	007ecf2f	10
007ecf46	007ecf4f	10
007ecf66	007ecf6f	10
007ecf86	007ecf8f	10
007ecfa6	007ecfaf	10
007ecfc6	007ecfcf	10
007ecfe6	007ecfef	10
007ed006	007ed00f	10
007ed026	007ed02f	10
007ed046	007ed04f	10
007ed066	007ed06f	10
007ed086	007ed08f	10
007ed0a6	007ed0af	10
007ed0c6	007ed0cf	10
007ed0e6	007ed0ef	10
007ed106	007ed10f	10
007ed126	007ed12f	10
007ed146	007ed14f	10
007ed166	007ed16f	10
007ed186	007ed18f	10
007ed1a6	007ed1af	10
007ed1c6	007ed1cf	10
007ed1e6	007ed1ef	10
007ed206	007ed20f	10
007ed226	007ed22f	10
007ed246	007ed24f	10
007ed266	007ed26f	10
007ed286	007ed28f	10
007ed2a6	007ed2af	10
007ed2c6	007ed2cf	10
007ed2e6	007ed2ef	10
007ed306	007ed30f	10
007ed326	007ed32f	10
007ed346	007ed34f	10
007ed366	007ed36f	10
007ed386	007ed38f	10
007ed3a6	007ed3af	10
007ed3c6	007ed3cf	10
007ed3e6	007ed3ef	10
007ed406	007ed40f	10
007ed426	007ed42f	10
007ed446	007ed44f	10
007ed466	007ed46f	10
007ed486	007ed48f	10
007ed4a6	007ed4af	10
007ed4c6	007ed4cf	10
007ed4e6	007ed4ef	10
007ed506	007ed50f	10
007ed526	007ed52f	10
007ed546	007ed54f	10
007ed566	007ed56f	10
007ed586	007ed58f	10
007ed5a6	007ed5af	10
007ed5c6	007ed5cf	10
007ed5e6	007ed5ef	10
007ed606	007ed60f	10
007ed626	007ed62f	10
007ed646	007ed64f	10
007ed666	007ed66f	10
007ed686	007ed68f	10
007ed6a6	007ed6af	10
007ed6c6	007ed6cf	10
007ed6e6	007ed6ef	10
007ed706	007ed70f	10
007ed726	007ed72f	10
007ed746	007ed74f	10
007ed766	007ed76f	10
007ed786	007ed78f	10
007ed7a6	007ed7af	10
007ed7c6	007ed7cf	10
007ed7e6	007ed7ef	10
007ed806	007ed80f	10
007ed826	007ed82f	10
007ed846	007ed84f	10
007ed866	007ed86f	10
007ed886	007ed88f	10
007ed8a6	007ed8af	10
007ed8c6	007ed8cf	10
007ed8e6	007ed8ef	10
007ed906	007ed90f	10
007ed926	007ed92f	10
007ed946	007ed94f	10
007ed966	007ed96f	10
007ed986	007ed98f	10
007ed9a6	007ed9af	10
007ed9c2	007ed9cf	14
007ed9e6	007ed9ef	10
007eda08	007eda0f	8
007eda35	007eda3f	11
007eda52	007eda5f	14
007eda78	007eda7f	8
007edaa5	007edaaf	11
007edac2	007edacf	14
007edae2	007edaef	14
007edb06	007edb0f	10
007edb26	007edb2f	10
007edb46	007edb4f	10
007edb66	007edb6f	10
007edb86	007edb8f	10
007edba6	007edbaf	10
007edbc6	007edbcf	10
007edbe6	007edbef	10
007edc06	007edc0f	10
007edc26	007edc2f	10
007edc46	007edc4f	10
007edc66	007edc6f	10
007edc86	007edc8f	10
007edca6	007edcaf	10
007edcc6	007edccf	10
007edce6	007edcef	10
007edd06	007edd0f	10
007edd26	007edd2f	10
007edd46	007edd4f	10
007edd66	007edd6f	10
007edd86	007edd8f	10
007edda6	007eddaf	10
007eddc6	007eddcf	10
007edde6	007eddef	10
007ede02	007ede0f	14
007ede26	007ede2f	10
007ede55	007ede5f	11
007ede72	007ede7f	14
007ede96	007ede9f	10
007edeb6	007edebf	10
007eded8	007ededf	8
007edf84	007edf8f	12
007ee034	007ee03f	12
007ee0e6	007ee0ef	10
007ee108	007ee10f	8
007ee161	007ee16f	15
007ee188	007ee18f	8
007ee1a8	007ee1af	8
007ee1c8	007ee1cf	8
007ee1dc	007ee1df	4
007ee1ec	007ee1ef	4
007ee208	007ee20f	8
007ee228	007ee22f	8
007ee248	007ee24f	8
007ee268	007ee26f	8
007ee288	007ee28f	8
007ee2a8	007ee2af	8
007ee2c8	007ee2cf	8
007ee2e8	007ee2ef	8
007ee308	007ee30f	8
007ee328	007ee32f	8
007ee348	007ee34f	8
007ee368	007ee36f	8
007ee388	007ee38f	8
007ee3ad	007ee3af	3
007ee3cd	007ee3cf	3
007ee3e8	007ee3ef	8
007ee408	007ee40f	8
007ee428	007ee42f	8
007ee448	007ee44f	8
007ee468	007ee46f	8
007ee4bd	007ee4cb	15
007ee4d8	007ee4df	8
007ee4f8	007ee4ff	8
007ee516	007ee51f	10
007ee538	007ee53f	8
007ee558	007ee55f	8
007ee578	007ee57f	8
007ee598	007ee59f	8
007ee5b8	007ee5bf	8
007ee5d8	007ee5df	8
007ee5f8	007ee5ff	8
007ee618	007ee61f	8
007ee638	007ee63f	8
007ee658	007ee65f	8
007ee678	007ee67f	8
007ee698	007ee69f	8
007ee6b8	007ee6bf	8
007ee6d8	007ee6df	8
007ee6f8	007ee6ff	8
007ee718	007ee71f	8
007ee738	007ee73f	8
007ee758	007ee75f	8
007ee778	007ee77f	8
007ee798	007ee79f	8
007ee7b8	007ee7bf	8
007ee7d8	007ee7df	8
007ee8b8	007ee8bf	8
007ee964	007ee96f	12
007eea14	007eea1f	12
007eea38	007eea3f	8
007eea58	007eea5f	8
007eea78	007eea7f	8
007eea98	007eea9f	8
007eeab8	007eeabf	8
007eead8	007eeadf	8
007eeaf8	007eeaff	8
007eeb18	007eeb1f	8
007eeb38	007eeb3f	8
007eeb58	007eeb5f	8
007eeb78	007eeb7f	8
007eeb98	007eeb9f	8
007eebb8	007eebbf	8
007eebd8	007eebdf	8
007eebf8	007eebff	8
007eec18	007eec1f	8
007eec38	007eec3f	8
007eec58	007eec5f	8
007eec6c	007eec6f	4
007eec88	007eec8f	8
007eec9c	007eec9f	4
007eecac	007eecaf	4
007eecc8	007eeccf	8
007eece8	007eecef	8
007eed08	007eed0f	8
007eed28	007eed2f	8
007eed48	007eed4f	8
007eed68	007eed6f	8
007eedbb	007eedbf	5
007eede6	007eedef	10
007eee08	007eee0f	8
007eee28	007eee2f	8
007eee48	007eee4f	8
007eee68	007eee6f	8
007eee88	007eee8f	8
007eeea8	007eeeaf	8
007eeec8	007eeecf	8
007eeee8	007eeeef	8
007eef08	007eef0f	8
007eef28	007eef2f	8
007eef48	007eef4f	8
007eef68	007eef6f	8
007eef88	007eef8f	8
007eefa8	007eefaf	8
007eefc6	007eefcf	10
007eeff5	007eefff	11
007ef012	007ef01f	14
007ef036	007ef03f	10
007ef056	007ef05f	10
007ef076	007ef07f	10
007ef096	007ef09f	10
007ef0b2	007ef0bf	14
007ef0d6	007ef0df	10
007ef0f8	007ef0ff	8
007ef135	007ef13f	11
007ef152	007ef15f	14
007ef176	007ef17f	10
007ef196	007ef19f	10
007ef1b6	007ef1bf	10
007ef1d6	007ef1df	10
007ef1f6	007ef1ff	10
007ef216	007ef21f	10
007ef236	007ef23f	10
007ef256	007ef25f	10
007ef276	007ef27f	10
007ef292	007ef29f	14
007ef2b6	007ef2bf	10
007ef2d6	007ef2df	10
007ef2f6	007ef2ff	10
007ef316	007ef31f	10
007ef336	007ef33f	10
007ef352	007ef35f	14
007ef376	007ef37f	10
007ef392	007ef39f	14
007ef3b2	007ef3bf	14
007ef3e5	007ef3ef	11
007ef402	007ef40f	14
007ef426	007ef42f	10
007ef446	007ef44f	10
007ef466	007ef46f	10
007ef486	007ef48f	10
007ef4a6	007ef4af	10
007ef4c6	007ef4cf	10
007ef4e6	007ef4ef	10
007ef506	007ef50f	10
007ef526	007ef52f	10
007ef546	007ef54f	10
007ef566	007ef56f	10
007ef586	007ef58f	10
007ef5a6	007ef5af	10
007ef5c6	007ef5cf	10
007ef5e6	007ef5ef	10
007ef606	007ef60f	10
007ef626	007ef62f	10
007ef646	007ef64f	10
007ef666	007ef66f	10
007ef686	007ef68f	10
007ef6a6	007ef6af	10
007ef6c2	007ef6cf	14
007ef6e6	007ef6ef	10
007ef706	007ef70f	10
007ef726	007ef72f	10
007ef746	007ef74f	10
007ef766	007ef76f	10
007ef786	007ef78f	10
007ef7a2	007ef7af	14
007ef7c6	007ef7cf	10
007ef7e6	007ef7ef	10
007ef806	007ef80f	10
007ef826	007ef82f	10
007ef846	007ef84f	10
007ef866	007ef86f	10
007ef882	007ef88f	14
007ef8a6	007ef8af	10
007ef8c6	007ef8cf	10
007ef8e6	007ef8ef	10
007ef906	007ef90f	10
007ef926	007ef92f	10
007ef946	007ef94f	10
007ef975	007ef97f	11
007ef992	007ef99f	14
007ef9b6	007ef9bf	10
007ef9d6	007ef9df	10
007ef9f6	007ef9ff	10
007efa16	007efa1f	10
007efa36	007efa3f	10
007efa56	007efa5f	10
007efa76	007efa7f	10
007efa96	007efa9f	10
007efab6	007efabf	10
007efad6	007efadf	10
007efaf6	007efaff	10
007efb16	007efb1f	10
007efb36	007efb3f	10
007efb56	007efb5f	10
007efb76	007efb7f	10
007efb96	007efb9f	10
007efbb6	007efbbf	10
007efbd6	007efbdf	10
007efbf6	007efbff	10
007efc16	007efc1f	10
007efc36	007efc3f	10
007efc56	007efc5f	10
007efc76	007efc7f	10
007efc96	007efc9f	10
007efcb6	007efcbf	10
007efcd6	007efcdf	10
007efcf6	007efcff	10
007efd16	007efd1f	10
007efd36	007efd3f	10
007efd56	007efd5f	10
007efd76	007efd7f	10
007efd96	007efd9f	10
007efdb6	007efdbf	10
007efdd6	007efddf	10
007efdf6	007efdff	10
007efe16	007efe1f	10
007efe36	007efe3f	10
007efe56	007efe5f	10
007efe76	007efe7f	10
007efe96	007efe9f	10
007efeb6	007efebf	10
007efed6	007efedf	10
007efef8	007efeff	8
007eff18	007eff1f	8
007eff45	007eff4f	11
007eff75	007eff7f	11
007eff98	007eff9f	8
007f0044	007f004f	12
007f00f6	007f00ff	10
007f010c	007f010f	4
007f0128	007f012f	8
007f0148	007f014f	8
007f0168	007f016f	8
007f0188	007f018f	8
007f019c	007f019f	4
007f01ac	007f01af	4
007f01bc	007f01bf	4
007f01cc	007f01cf	4
007f01dc	007f01df	4
007f01ec	007f01ef	4
007f01fc	007f01ff	4
007f024c	007f024f	4
007f025b	007f025f	5
007f026b	007f026f	5
007f02bc	007f02bf	4
007f02cb	007f02cf	5
007f02db	007f02df	5
007f0305	007f030f	11
007f0322	007f032f	14
007f0346	007f034f	10
007f0366	007f036f	10
007f0386	007f038f	10
007f03a6	007f03af	10
007f03c6	007f03cf	10
007f03e6	007f03ef	10
007f0406	007f040f	10
007f0426	007f042f	10
007f0446	007f044f	10
007f0466	007f046f	10
007f0486	007f048f	10
007f04a6	007f04af	10
007f04c6	007f04cf	10
007f04e6	007f04ef	10
007f0502	007f050f	14
007f0526	007f052f	10
007f0546	007f054f	10
007f0566	007f056f	10
007f0586	007f058f	10
007f05a6	007f05af	10
007f05c6	007f05cf	10
007f05e6	007f05ef	10
007f0606	007f060f	10
007f0622	007f062f	14
007f0648	007f064f	8
007f0666	007f066f	10
007f068d	007f068f	3
007f06ad	007f06af	3
007f06cd	007f06cf	3
007f06f5	007f06ff	11
007f0712	007f071f	14
007f0736	007f073f	10
007f0756	007f075f	10
007f0776	007f077f	10
007f0796	007f079f	10
007f07b6	007f07bf	10
007f07d6	007f07df	10
007f07f6	007f07ff	10
007f0816	007f081f	10
007f087a	007f087f	6
007f088c	007f088f	4
007f089c	007f089f	4
007f08ec	007f08ef	4
007f08fb	007f08ff	5
007f090c	007f090f	4
007f091b	007f091f	5
007f092c	007f092f	4
007f093c	007f093f	4
007f0965	007f096f	11
007f0982	007f098f	14
007f09a6	007f09af	10
007f09c6	007f09cf	10
007f09e6	007f09ef	10
007f0a06	007f0a0f	10
007f0a26	007f0a2f	10
007f0a46	007f0a4f	10
007f0a66	007f0a6f	10
007f0a86	007f0a8f	10
007f0aa6	007f0aaf	10
007f0ac6	007f0acf	10
007f0ae6	007f0aef	10
007f0b06	007f0b0f	10
007f0b26	007f0b2f	10
007f0b46	007f0b4f	10
007f0b62	007f0b6f	14
007f0b86	007f0b8f	10
007f0ba6	007f0baf	10
007f0bc6	007f0bcf	10
007f0be6	007f0bef	10
007f0c06	007f0c0f	10
007f0c26	007f0c2f	10
007f0c46	007f0c4f	10
007f0c66	007f0c6f	10
007f0c86	007f0c8f	10
007f0ca6	007f0caf	10
007f0cc6	007f0ccf	10
007f0ce6	007f0cef	10
007f0d06	007f0d0f	10
007f0d22	007f0d2f	14
007f0d46	007f0d4f	10
007f0d66	007f0d6f	10
007f0d82	007f0d8f	14
007f0da6	007f0daf	10
007f0dc6	007f0dcf	10
007f0de6	007f0def	10
007f0e06	007f0e0f	10
007f0e26	007f0e2f	10
007f0e46	007f0e4f	10
007f0e66	007f0e6f	10
007f0e86	007f0e8f	10
007f0ea6	007f0eaf	10
007f0ec6	007f0ecf	10
007f0ee6	007f0eef	10
007f0f06	007f0f0f	10
007f0f22	007f0f2f	14
007f0f46	007f0f4f	10
007f0f66	007f0f6f	10
007f0f86	007f0f8f	10
007f0fa6	007f0faf	10
007f0fc6	007f0fcf	10
007f0fe6	007f0fef	10
007f1006	007f100f	10
007f1026	007f102f	10
007f1042	007f104f	14
007f1066	007f106f	10
007f1086	007f108f	10
007f10a2	007f10af	14
007f10c6	007f10cf	10
007f10e6	007f10ef	10
007f1102	007f110f	14
007f1126	007f112f	10
007f1159	007f115f	7
007f1189	007f118f	7
007f119b	007f119f	5
007f11ac	007f11af	4
007f11d5	007f11df	11
007f11f8	007f11ff	8
007f1225	007f122f	11
007f1248	007f124f	8
007f125c	007f125f	4
007f12ab	007f12af	5
007f12d6	007f12df	10
007f1306	007f130f	10
007f1336	007f133f	10
007f1368	007f136f	8
007f1396	007f139f	10
007f13c6	007f13cf	10
007f13f9	007f13ff	7
007f1424	007f142f	12
007f1455	007f145f	11
007f1472	007f147f	14
007f1496	007f149f	10
007f14b6	007f14bf	10
007f14d6	007f14df	10
007f14f6	007f14ff	10
007f1516	007f151f	10
007f1536	007f153f	10
007f1556	007f155f	10
007f1576	007f157f	10
007f1596	007f159f	10
007f15b6	007f15bf	10
007f15d6	007f15df	10
007f15f6	007f15ff	10
007f1616	007f161f	10
007f1636	007f163f	10
007f1656	007f165f	10
007f1676	007f167f	10
007f1696	007f169f	10
007f16b6	007f16bf	10
007f16d6	007f16df	10
007f16f6	007f16ff	10
007f1716	007f171f	10
007f1736	007f173f	10
007f1756	007f175f	10
007f1776	007f177f	10
007f1796	007f179f	10
007f17b6	007f17bf	10
007f17d6	007f17df	10
007f17f6	007f17ff	10
007f1816	007f181f	10
007f1836	007f183f	10
007f1856	007f185f	10
007f1876	007f187f	10
007f1896	007f189f	10
007f18b6	007f18bf	10
007f18d6	007f18df	10
007f18f6	007f18ff	10
007f1916	007f191f	10
007f1936	007f193f	10
007f1956	007f195f	10
007f1976	007f197f	10
007f1996	007f199f	10
007f19b6	007f19bf	10
007f19d6	007f19df	10
007f19f6	007f19ff	10
007f1a16	007f1a1f	10
007f1a36	007f1a3f	10
007f1a56	007f1a5f	10
007f1a72	007f1a7f	14
007f1a96	007f1a9f	10
007f1ab6	007f1abf	10
007f1ad6	007f1adf	10
007f1af6	007f1aff	10
007f1b16	007f1b1f	10
007f1b36	007f1b3f	10
007f1b56	007f1b5f	10
007f1b76	007f1b7f	10
007f1b96	007f1b9f	10
007f1bb6	007f1bbf	10
007f1bd6	007f1bdf	10
007f1bf6	007f1bff	10
007f1c16	007f1c1f	10
007f1c36	007f1c3f	10
007f1c56	007f1c5f	10
007f1c76	007f1c7f	10
007f1c96	007f1c9f	10
007f1cb6	007f1cbf	10
007f1cd6	007f1cdf	10
007f1cf6	007f1cff	10
007f1d16	007f1d1f	10
007f1d36	007f1d3f	10
007f1d56	007f1d5f	10
007f1d76	007f1d7f	10
007f1d96	007f1d9f	10
007f1db6	007f1dbf	10
007f1dd6	007f1ddf	10
007f1df6	007f1dff	10
007f1e16	007f1e1f	10
007f1e36	007f1e3f	10
007f1e56	007f1e5f	10
007f1e76	007f1e7f	10
007f1e96	007f1e9f	10
007f1eb6	007f1ebf	10
007f1ed6	007f1edf	10
007f1ef6	007f1eff	10
007f1f16	007f1f1f	10
007f1f36	007f1f3f	10
007f1f56	007f1f5f	10
007f1f76	007f1f7f	10
007f1f96	007f1f9f	10
007f1fb6	007f1fbf	10
007f1fd6	007f1fdf	10
007f1ff2	007f1fff	14
007f2016	007f201f	10
007f2036	007f203f	10
007f2056	007f205f	10
007f2076	007f207f	10
007f2096	007f209f	10
007f20b6	007f20bf	10
007f20d6	007f20df	10
007f20f6	007f20ff	10
007f2116	007f211f	10
007f2136	007f213f	10
007f2156	007f215f	10
007f2176	007f217f	10
007f2196	007f219f	10
007f21b6	007f21bf	10
007f21d6	007f21df	10
007f21f6	007f21ff	10
007f2216	007f221f	10
007f2236	007f223f	10
007f2256	007f225f	10
007f2276	007f227f	10
007f2296	007f229f	10
007f22b6	007f22bf	10
007f22d6	007f22df	10
007f22f6	007f22ff	10
007f2316	007f231f	10
007f2336	007f233f	10
007f2356	007f235f	10
007f2376	007f237f	10
007f2396	007f239f	10
007f23b6	007f23bf	10
007f23d6	007f23df	10
007f23f6	007f23ff	10
007f2416	007f241f	10
007f2436	007f243f	10
007f2456	007f245f	10
007f2476	007f247f	10
007f2496	007f249f	10
007f24b6	007f24bf	10
007f24d6	007f24df	10
007f24f6	007f24ff	10
007f2516	007f251f	10
007f2536	007f253f	10
007f2556	007f255f	10
007f2576	007f257f	10
007f2596	007f259f	10
007f25b6	007f25bf	10
007f25d6	007f25df	10
007f25f6	007f25ff	10
007f2616	007f261f	10
007f2636	007f263f	10
007f2656	007f265f	10
007f2676	007f267f	10
007f2696	007f269f	10
007f26b6	007f26bf	10
007f26d6	007f26df	10
007f26f6	007f26ff	10
007f2716	007f271f	10
007f2736	007f273f	10
007f2756	007f275f	10
007f2776	007f277f	10
007f2796	007f279f	10
007f27b6	007f27bf	10
007f27d6	007f27df	10
007f27f6	007f27ff	10
007f2816	007f281f	10
007f2836	007f283f	10
007f2856	007f285f	10
007f2876	007f287f	10
007f2896	007f289f	10
007f28b6	007f28bf	10
007f28d6	007f28df	10
007f28f6	007f28ff	10
007f2916	007f291f	10
007f2936	007f293f	10
007f2956	007f295f	10
007f2976	007f297f	10
007f2996	007f299f	10
007f29b6	007f29bf	10
007f29d6	007f29df	10
007f29f6	007f29ff	10
007f2a16	007f2a1f	10
007f2a36	007f2a3f	10
007f2a56	007f2a5f	10
007f2a76	007f2a7f	10
007f2a96	007f2a9f	10
007f2ab6	007f2abf	10
007f2ad6	007f2adf	10
007f2af6	007f2aff	10
007f2b16	007f2b1f	10
007f2b36	007f2b3f	10
007f2b56	007f2b5f	10
007f2b76	007f2b7f	10
007f2b96	007f2b9f	10
007f2bb6	007f2bbf	10
007f2bd6	007f2bdf	10
007f2bf6	007f2bff	10
007f2c16	007f2c1f	10
007f2c36	007f2c3f	10
007f2c56	007f2c5f	10
007f2c76	007f2c7f	10
007f2c96	007f2c9f	10
007f2cb6	007f2cbf	10
007f2cd6	007f2cdf	10
007f2cf6	007f2cff	10
007f2d16	007f2d1f	10
007f2d36	007f2d3f	10
007f2d52	007f2d5f	14
007f2d76	007f2d7f	10
007f2d96	007f2d9f	10
007f2db6	007f2dbf	10
007f2dd6	007f2ddf	10
007f2df6	007f2dff	10
007f2e16	007f2e1f	10
007f2e36	007f2e3f	10
007f2e56	007f2e5f	10
007f2e76	007f2e7f	10
007f2e96	007f2e9f	10
007f2eb6	007f2ebf	10
007f2ed6	007f2edf	10
007f2ef6	007f2eff	10
007f2f16	007f2f1f	10
007f2f36	007f2f3f	10
007f2f56	007f2f5f	10
007f2f76	007f2f7f	10
007f2f96	007f2f9f	10
007f2fb6	007f2fbf	10
007f2fd6	007f2fdf	10
007f2ff6	007f2fff	10
007f3016	007f301f	10
007f3036	007f303f	10
007f3056	007f305f	10
007f3076	007f307f	10
007f3096	007f309f	10
007f30b6	007f30bf	10
007f30d2	007f30df	14
007f30f6	007f30ff	10
007f3116	007f311f	10
007f3136	007f313f	10
007f3156	007f315f	10
007f3176	007f317f	10
007f3196	007f319f	10
007f31b6	007f31bf	10
007f31d6	007f31df	10
007f31f6	007f31ff	10
007f3216	007f321f	10
007f3236	007f323f	10
007f3256	007f325f	10
007f3276	007f327f	10
007f3296	007f329f	10
007f32b6	007f32bf	10
007f32d6	007f32df	10
007f32f6	007f32ff	10
007f3316	007f331f	10
007f3336	007f333f	10
007f3356	007f335f	10
007f3376	007f337f	10
007f3396	007f339f	10
007f33b6	007f33bf	10
007f33d6	007f33df	10
007f33f6	007f33ff	10
007f3416	007f341f	10
007f3436	007f343f	10
007f3456	007f345f	10
007f3476	007f347f	10
007f3496	007f349f	10
007f34b6	007f34bf	10
007f34d6	007f34df	10
007f34f6	007f34ff	10
007f3516	007f351f	10
007f3536	007f353f	10
007f3556	007f355f	10
007f3576	007f357f	10
007f3596	007f359f	10
007f35b6	007f35bf	10
007f35d6	007f35df	10
007f35f6	007f35ff	10
007f3616	007f361f	10
007f3636	007f363f	10
007f3656	007f365f	10
007f3676	007f367f	10
007f3696	007f369f	10
007f36b6	007f36bf	10
007f36d6	007f36df	10
007f36f6	007f36ff	10
007f3716	007f371f	10
007f3732	007f373f	14
007f3756	007f375f	10
007f3776	007f377f	10
007f3796	007f379f	10
007f37b6	007f37bf	10
007f37d6	007f37df	10
007f37f6	007f37ff	10
007f3812	007f381f	14
007f3836	007f383f	10
007f3856	007f385f	10
007f3876	007f387f	10
007f3896	007f389f	10
007f38b6	007f38bf	10
007f38d6	007f38df	10
007f38f6	007f38ff	10
007f3916	007f391f	10
007f3936	007f393f	10
007f3956	007f395f	10
007f3976	007f397f	10
007f3992	007f399f	14
007f39b6	007f39bf	10
007f39d6	007f39df	10
007f39f6	007f39ff	10
007f3a16	007f3a1f	10
007f3a36	007f3a3f	10
007f3a56	007f3a5f	10
007f3a76	007f3a7f	10
007f3a96	007f3a9f	10
007f3ab6	007f3abf	10
007f3ad6	007f3adf	10
007f3af6	007f3aff	10
007f3b16	007f3b1f	10
007f3b36	007f3b3f	10
007f3b56	007f3b5f	10
007f3b76	007f3b7f	10
007f3b96	007f3b9f	10
007f3bb6	007f3bbf	10
007f3bd6	007f3bdf	10
007f3bf6	007f3bff	10
007f3c16	007f3c1f	10
007f3c36	007f3c3f	10
007f3c56	007f3c5f	10
007f3c76	007f3c7f	10
007f3c96	007f3c9f	10
007f3cb6	007f3cbf	10
007f3cd6	007f3cdf	10
007f3cf6	007f3cff	10
007f3d16	007f3d1f	10
007f3d36	007f3d3f	10
007f3d56	007f3d5f	10
007f3d76	007f3d7f	10
007f3d96	007f3d9f	10
007f3db6	007f3dbf	10
007f3dd6	007f3ddf	10
007f3df6	007f3dff	10
007f3e16	007f3e1f	10
007f3e36	007f3e3f	10
007f3e56	007f3e5f	10
007f3e76	007f3e7f	10
007f3e96	007f3e9f	10
007f3eb6	007f3ebf	10
007f3ed6	007f3edf	10
007f3ef6	007f3eff	10
007f3f16	007f3f1f	10
007f3f36	007f3f3f	10
007f3f56	007f3f5f	10
007f3f76	007f3f7f	10
007f3f96	007f3f9f	10
007f3fb6	007f3fbf	10
007f3fd6	007f3fdf	10
007f3ff6	007f3fff	10
007f4016	007f401f	10
007f4036	007f403f	10
007f4056	007f405f	10
007f4076	007f407f	10
007f4096	007f409f	10
007f40b6	007f40bf	10
007f40d6	007f40df	10
007f40f6	007f40ff	10
007f4116	007f411f	10
007f4136	007f413f	10
007f4156	007f415f	10
007f4176	007f417f	10
007f4196	007f419f	10
007f41b2	007f41bf	14
007f41d6	007f41df	10
007f41f6	007f41ff	10
007f4216	007f421f	10
007f4236	007f423f	10
007f4256	007f425f	10
007f4272	007f427f	14
007f4296	007f429f	10
007f42b6	007f42bf	10
007f42d6	007f42df	10
007f42f6	007f42ff	10
007f4316	007f431f	10
007f4336	007f433f	10
007f4356	007f435f	10
007f4376	007f437f	10
007f4396	007f439f	10
007f43b6	007f43bf	10
007f43d6	007f43df	10
007f43f6	007f43ff	10
007f4416	007f441f	10
007f4436	007f443f	10
007f4456	007f445f	10
007f4476	007f447f	10
007f4496	007f449f	10
007f44b6	007f44bf	10
007f44d6	007f44df	10
007f44f6	007f44ff	10
007f4516	007f451f	10
007f4536	007f453f	10
007f4552	007f455f	14
007f4576	007f457f	10
007f4596	007f459f	10
007f45b6	007f45bf	10
007f45d6	007f45df	10
007f45f6	007f45ff	10
007f4616	007f461f	10
007f4636	007f463f	10
007f4652	007f465f	14
007f4676	007f467f	10
007f4692	007f469f	14
007f46b6	007f46bf	10
007f46d6	007f46df	10
007f46f6	007f46ff	10
007f4716	007f471f	10
007f4736	007f473f	10
007f4756	007f475f	10
007f4776	007f477f	10
007f4796	007f479f	10
007f47b6	007f47bf	10
007f47d6	007f47df	10
007f47f6	007f47ff	10
007f4816	007f481f	10
007f4836	007f483f	10
007f4856	007f485f	10
007f4876	007f487f	10
007f4896	007f489f	10
007f48b6	007f48bf	10
007f48d6	007f48df	10
007f48f6	007f48ff	10
007f4916	007f491f	10
007f4936	007f493f	10
007f4956	007f495f	10
007f4976	007f497f	10
007f4996	007f499f	10
007f49b6	007f49bf	10
007f49d6	007f49df	10
007f49f6	007f49ff	10
007f4a16	007f4a1f	10
007f4a36	007f4a3f	10
007f4a56	007f4a5f	10
007f4a76	007f4a7f	10
007f4a96	007f4a9f	10
007f4ab6	007f4abf	10
007f4ad6	007f4adf	10
007f4af6	007f4aff	10
007f4b16	007f4b1f	10
007f4b36	007f4b3f	10
007f4b56	007f4b5f	10
007f4b76	007f4b7f	10
007f4b96	007f4b9f	10
007f4bb6	007f4bbf	10
007f4bd6	007f4bdf	10
007f4bf6	007f4bff	10
007f4c16	007f4c1f	10
007f4c36	007f4c3f	10
007f4c56	007f4c5f	10
007f4c76	007f4c7f	10
007f4c96	007f4c9f	10
007f4cb6	007f4cbf	10
007f4cd6	007f4cdf	10
007f4cf2	007f4cff	14
007f4d12	007f4d1f	14
007f4d36	007f4d3f	10
007f4d58	007f4d5f	8
007f4d6c	007f4d6f	4
007f4d7c	007f4d7f	4
007f4da6	007f4daf	10
007f4dc6	007f4dcf	10
007f4dfa	007f4dff	6
007f4e2a	007f4e2f	6
007f4e5a	007f4e5f	6
007f4e8a	007f4e8f	6
007f4ea8	007f4eaf	8
007f4ec8	007f4ecf	8
007f4ef6	007f4eff	10
007f4f26	007f4f2f	10
007f4f56	007f4f5f	10
007f4f78	007f4f7f	8
007f4f98	007f4f9f	8
007f4fbd	007f4fbf	3
007f4fd8	007f4fdf	8
007f5006	007f500f	10
007f5028	007f502f	8
007f5056	007f505f	10
007f5078	007f507f	8
007f50a6	007f50af	10
007f50c8	007f50cf	8
007f50f9	007f50ff	7
007f5118	007f511f	8
007f5149	007f514f	7
007f5176	007f517f	10
007f51a6	007f51af	10
007f51d6	007f51df	10
007f5206	007f520f	10
007f5228	007f522f	8
007f5248	007f524f	8
007f5276	007f527f	10
007f52a6	007f52af	10
007f52d6	007f52df	10
007f5306	007f530f	10
007f5336	007f533f	10
007f5366	007f536f	10
007f5396	007f539f	10
007f53c6	007f53cf	10
007f53f6	007f53ff	10
007f5426	007f542f	10
007f5485	007f548f	11
007f54b6	007f54bf	10
007f54d8	007f54df	8
007f54ec	007f54ef	4
007f5508	007f550f	8
007f5528	007f552f	8
007f5548	007f554f	8
007f5576	007f557f	10
007f55a6	007f55af	10
007f55d6	007f55df	10
007f5606	007f560f	10
007f5636	007f563f	10
007f5658	007f565f	8
007f5678	007f567f	8
007f5698	007f569f	8
007f56b8	007f56bf	8
007f56d8	007f56df	8
007f5706	007f570f	10
007f5739	007f573f	7
007f5758	007f575f	8
007f5786	007f578f	10
007f57b6	007f57bf	10
007f57e6	007f57ef	10
007f5816	007f581f	10
007f5846	007f584f	10
007f5876	007f587f	10
007f58a6	007f58af	10
007f58d6	007f58df	10
007f5906	007f590f	10
007f5936	007f593f	10
007f5966	007f596f	10
007f5996	007f599f	10
007f59c9	007f59cf	7
007f59f9	007f59ff	7
007f5a29	007f5a2f	7
007f5a56	007f5a5f	10
007f5a86	007f5a8f	10
007f5ab6	007f5abf	10
007f5ae3	007f5aef	13
007f5b16	007f5b1f	10
007f5b43	007f5b4f	13
007f5b76	007f5b7f	10
007f5ba3	007f5baf	13
007f5bd6	007f5bdf	10
007f5c06	007f5c0f	10
007f5c36	007f5c3f	10
007f5c66	007f5c6f	10
007f5c96	007f5c9f	10
007f5cc6	007f5ccf	10
007f5cf6	007f5cff	10
007f5d26	007f5d2f	10
007f5d56	007f5d5f	10
007f5d86	007f5d8f	10
007f5db3	007f5dbf	13
007f5de6	007f5def	10
007f5e16	007f5e1f	10
007f5e46	007f5e4f	10
007f5e76	007f5e7f	10
007f5ea6	007f5eaf	10
007f5ed6	007f5edf	10
007f5f06	007f5f0f	10
007f5f36	007f5f3f	10
007f5f66	007f5f6f	10
007f5f96	007f5f9f	10
007f5fc6	007f5fcf	10
007f5ff6	007f5fff	10
007f6026	007f602f	10
007f6056	007f605f	10
007f6089	007f608f	7
007f60b6	007f60bf	10
007f60e6	007f60ef	10
007f6119	007f61af	151
007f61d6	007f61df	10
007f6206	007f620f	10
007f6239	007f623f	7
007f6269	007f62cf	103
007f62f6	007f62ff	10
007f6326	007f632f	10
007f6356	007f635f	10
007f6389	007f63ef	103
007f6416	007f641f	10
007f6446	007f644f	10
007f6476	007f647f	10
007f64a6	007f64af	10
007f64d3	007f64df	13
007f6503	007f650f	13
007f6539	007f653f	7
007f6569	007f656f	7
007f6593	007f659f	13
007f65c6	007f65cf	10
007f65f3	007f65ff	13
007f6626	007f662f	10
007f6656	007f665f	10
007f6689	007f668f	7
007f66b6	007f66bf	10
007f66e6	007f66ef	10
007f6716	007f671f	10
007f6746	007f674f	10
007f6766	007f676f	10
007f6786	007f678f	10
007f67a8	007f67af	8
007f67d3	007f67df	13
007f6806	007f680f	10
007f6833	007f683f	13
007f6863	007f686f	13
007f6888	007f688f	8
007f68b6	007f68bf	10
007f68e6	007f68ef	10
007f6916	007f691f	10
007f6968	007f696f	8
007f6ab2	007f6abf	14
007f6acb	007f6acf	5
007f6adb	007f6adf	5
007f6aeb	007f6aef	5
007f6afb	007f6aff	5
007f6b0b	007f6b0f	5
007f6b1b	007f6b1f	5
007f6b2b	007f6b2f	5
007f6b3b	007f6b3f	5
007f6b4b	007f6b4f	5
007f6b5b	007f6b5f	5
007f6b6b	007f6b6f	5
007f6b7b	007f6b7f	5
007f6b8b	007f6b8f	5
007f6b9b	007f6b9f	5
007f6bab	007f6baf	5
007f6bbb	007f6bbf	5
007f6bcb	007f6bcf	5
007f6bdb	007f6bdf	5
007f6beb	007f6bef	5
007f6bfb	007f6bff	5
007f6c0b	007f6c0f	5
007f6c1b	007f6c1f	5
007f6c2b	007f6c2f	5
007f6c3b	007f6c3f	5
007f6c4b	007f6c4f	5
007f6c5b	007f6c5f	5
007f6c6b	007f6c6f	5
007f6c7b	007f6c7f	5
007f6c8b	007f6c8f	5
007f6c9b	007f6c9f	5
007f6cab	007f6caf	5
007f6cbb	007f6cbf	5
007f6ccb	007f6ccf	5
007f6cdb	007f6cdf	5
007f6ceb	007f6cef	5
007f6cfb	007f6cff	5
007f6d14	007f6d16	3
007f6d2e	007f6d2f	2
007f6d44	007f6d46	3
007f6d5e	007f6d5f	2
007f6d74	007f6d76	3
007f6d8e	007f6d8f	2
007f6da4	007f6da6	3
007f6dbe	007f6dbf	2
007f6dd4	007f6dd6	3
007f6dee	007f6def	2
007f6e04	007f6e06	3
007f6e1e	007f6e1f	2
007f6e34	007f6e36	3
007f6e4e	007f6e4f	2
007f6e64	007f6e66	3
007f6e7e	007f6edf	98
007f6ef4	007f6ef6	3
007f6f18	007f6f1f	8
007f6f34	007f6f36	3
007f6f58	007f6f5f	8
007f6f74	007f6f76	3
007f6f98	007f6f9f	8
007f6fb4	007f6fb6	3
007f6fd8	007f6fdf	8
007f6ff4	007f6ff6	3
007f7018	007f701f	8
007f7034	007f7036	3
007f7058	007f705f	8
007f7074	007f7076	3
007f7098	007f709f	8
007f70b4	007f70b6	3
007f70d8	007f70df	8
007f70f4	007f70f6	3
007f7118	007f711f	8
007f7134	007f7136	3
007f7158	007f715f	8
007f716a	007f716f	6
007f717a	007f717f	6
007f718f	007f7191	3
007f71b1	007f71bf	15
007f71ca	007f71cf	6
007f71f2	007f723f	78
007f724b	007f724f	5
007f7264	007f7266	3
007f727e	007f727f	2
007f7294	007f7296	3
007f72ae	007f72af	2
007f72c4	007f72c6	3
007f72de	007f72df	2
007f72f4	007f72f6	3
007f7326	007f7328	3
007f7341	007f734f	15
007f735a	007f735f	6
007f7385	007f739f	27
007f73b4	007f73b6	3
007f73ce	007f73cf	2
007f73db	007f73df	5
007f73eb	007f73ef	5
007f73fb	007f73ff	5
007f740b	007f740f	5
007f741b	007f741f	5
007f742b	007f742f	5
007f743b	007f743f	5
007f744b	007f744f	5
007f745b	007f745f	5
007f746b	007f746f	5
007f747b	007f747f	5
007f748b	007f748f	5
007f749b	007f749f	5
007f74ab	007f74af	5
007f74bb	007f74bf	5
007f74cb	007f74cf	5
007f74db	007f74df	5
007f74eb	007f74ef	5
007f74fb	007f74ff	5
007f750b	007f750f	5
007f751b	007f751f	5
007f752b	007f752f	5
007f753b	007f753f	5
007f754b	007f754f	5
007f755b	007f755f	5
007f756b	007f756f	5
007f757b	007f757f	5
007f758b	007f758f	5
007f759b	007f759f	5
007f75ab	007f75af	5
007f75bb	007f75bf	5
007f75cb	007f75cf	5
007f75db	007f75df	5
007f75eb	007f75ef	5
007f75fb	007f75ff	5
007f760b	007f760f	5
007f761b	007f761f	5
007f762b	007f762f	5
007f763b	007f763f	5
007f764b	007f764f	5
007f765b	007f765f	5
007f766b	007f766f	5
007f767b	007f767f	5
007f768b	007f768f	5
007f769b	007f769f	5
007f76ab	007f76af	5
007f76bb	007f76bf	5
007f76cb	007f76cf	5
007f76db	007f76df	5
007f76eb	007f76ef	5
007f76fb	007f76ff	5
007f770b	007f770f	5
007f771b	007f771f	5
007f772b	007f772f	5
007f773b	007f773f	5
007f774b	007f774f	5
007f775b	007f775f	5
007f776b	007f776f	5
007f777b	007f777f	5
007f778b	007f778f	5
007f779b	007f779f	5
007f77ab	007f77af	5
007f77bb	007f77bf	5
007f77cb	007f77cf	5
007f77db	007f77df	5
007f77eb	007f77ef	5
007f77fb	007f77ff	5
007f780b	007f780f	5
007f781b	007f781f	5
007f782b	007f782f	5
007f783b	007f783f	5
007f784b	007f784f	5
007f785b	007f785f	5
007f786b	007f786f	5
007f787b	007f787f	5
007f788b	007f788f	5
007f789b	007f789f	5
007f78ab	007f78af	5
007f78bb	007f78bf	5
007f78cb	007f78cf	5
007f78db	007f78df	5
007f78eb	007f78ef	5
007f78fb	007f78ff	5
007f790b	007f790f	5
007f791b	007f791f	5
007f792b	007f792f	5
007f793b	007f793f	5
007f794b	007f794f	5
007f795b	007f795f	5
007f796b	007f796f	5
007f797b	007f797f	5
007f798b	007f798f	5
007f799b	007f799f	5
007f79ab	007f79af	5
007f79bb	007f79bf	5
007f79cb	007f79cf	5
007f79db	007f79df	5
007f79eb	007f79ef	5
007f79fb	007f79ff	5
007f7a0b	007f7a0f	5
007f7a1b	007f7a1f	5
007f7a2b	007f7a2f	5
007f7a3b	007f7a3f	5
007f7a4b	007f7a4f	5
007f7a5b	007f7a5f	5
007f7a6b	007f7a6f	5
007f7a7b	007f7a7f	5
007f7a8b	007f7a8f	5
007f7a9b	007f7a9f	5
007f7aab	007f7aaf	5
007f7abb	007f7abf	5
007f7acb	007f7acf	5
007f7adb	007f7adf	5
007f7aeb	007f7aef	5
007f7afb	007f7aff	5
007f7b0b	007f7b0f	5
007f7b1b	007f7b1f	5
007f7b2b	007f7b2f	5
007f7b3b	007f7b3f	5
007f7b4b	007f7b4f	5
007f7b5b	007f7b5f	5
007f7b6b	007f7b6f	5
007f7b7b	007f7b7f	5
007f7b8b	007f7b8f	5
007f7b9b	007f7b9f	5
007f7bab	007f7baf	5
007f7bbb	007f7bbf	5
007f7bcb	007f7bcf	5
007f7bdb	007f7bdf	5
007f7beb	007f7bef	5
007f7bfb	007f7bff	5
007f7c0b	007f7c0f	5
007f7c1b	007f7c1f	5
007f7c2b	007f7c2f	5
007f7c3b	007f7c3f	5
007f7c4b	007f7c4f	5
007f7c5b	007f7c5f	5
007f7c6b	007f7c6f	5
007f7c7b	007f7c7f	5
007f7c8b	007f7c8f	5
007f7c9b	007f7c9f	5
007f7cab	007f7caf	5
007f7cbb	007f7cbf	5
007f7ccb	007f7ccf	5
007f7cdb	007f7cdf	5
007f7ceb	007f7cef	5
007f7cfb	007f7cff	5
007f7d0b	007f7d0f	5
007f7d1b	007f7d1f	5
007f7d2b	007f7d2f	5
007f7d3b	007f7d3f	5
007f7d4b	007f7d4f	5
007f7d5b	007f7d5f	5
007f7d6b	007f7d6f	5
007f7d7b	007f7d7f	5
007f7d8b	007f7d8f	5
007f7d9b	007f7d9f	5
007f7dab	007f7daf	5
007f7dbb	007f7dbf	5
007f7dcb	007f7dcf	5
007f7ddb	007f7ddf	5
007f7deb	007f7def	5
007f7dfb	007f7dff	5
007f7e0b	007f7e0f	5
007f7e1b	007f7e1f	5
007f7e2b	007f7e2f	5
007f7e3b	007f7e3f	5
007f7e4b	007f7e4f	5
007f7e5b	007f7e5f	5
007f7e6b	007f7e6f	5
007f7e7b	007f7e7f	5
007f7e8b	007f7e8f	5
007f7e9b	007f7e9f	5
007f7eab	007f7eaf	5
007f7ebb	007f7ebf	5
007f7ecb	007f7ecf	5
007f7edb	007f7edf	5
007f7eeb	007f7eef	5
007f7efb	007f7eff	5
007f7f0b	007f7f0f	5
007f7f1b	007f7f1f	5
007f7f2b	007f7f2f	5
007f7f3b	007f7f3f	5
007f7f4b	007f7f4f	5
007f7f5b	007f7f5f	5
007f7f6b	007f7f6f	5
007f7f7b	007f7f7f	5
007f7f8b	007f7f8f	5
007f7f9b	007f7f9f	5
007f7fab	007f7faf	5
007f7fbb	007f7fbf	5
007f7fcb	007f7fcf	5
007f7fdb	007f7fdf	5
007f7feb	007f7fef	5
007f7ffb	007f7fff	5
007f800b	007f800f	5
007f801b	007f801f	5
007f802b	007f802f	5
007f803b	007f803f	5
007f804b	007f804f	5
007f805b	007f805f	5
007f806b	007f806f	5
007f807b	007f807f	5
007f808b	007f808f	5
007f809b	007f809f	5
007f80ab	007f80af	5
007f80bb	007f80bf	5
007f80cb	007f80cf	5
007f80db	007f80df	5
007f80eb	007f80ef	5
007f80fb	007f80ff	5
007f810b	007f810f	5
007f811b	007f811f	5
007f812b	007f812f	5
007f813b	007f813f	5
007f814b	007f814f	5
007f815b	007f815f	5
007f816b	007f816f	5
007f817b	007f817f	5
007f818b	007f818f	5
007f819b	007f819f	5
007f81ab	007f81af	5
007f81bb	007f81bf	5
007f81cb	007f81cf	5
007f81db	007f81df	5
007f81eb	007f81ef	5
007f81fb	007f81ff	5
007f820b	007f820f	5
007f821b	007f821f	5
007f822b	007f822f	5
007f823b	007f823f	5
007f824b	007f824f	5
007f825b	007f825f	5
007f826b	007f826f	5
007f827b	007f827f	5
007f828b	007f828f	5
007f829b	007f829f	5
007f82ab	007f82af	5
007f82bb	007f82bf	5
007f82cb	007f82cf	5
007f82db	007f82df	5
007f82eb	007f82ef	5
007f82fb	007f82ff	5
007f830b	007f830f	5
007f831b	007f831f	5
007f832b	007f832f	5
007f833b	007f833f	5
007f834b	007f834f	5
007f835b	007f835f	5
007f836b	007f836f	5
007f837b	007f837f	5
007f838b	007f838f	5
007f839b	007f839f	5
007f83ab	007f83af	5
007f83bb	007f83bf	5
007f83cb	007f83cf	5
007f83db	007f83df	5
007f83eb	007f83ef	5
007f8404	007f8406	3
007f841e	007f841f	2
007f8434	007f8436	3
007f844e	007f844f	2
007f8464	007f8466	3
007f847e	007f847f	2
007f8494	007f8496	3
007f84ae	007f84af	2
007f84c4	007f84c6	3
007f84de	007f84df	2
007f84f4	007f84f6	3
007f850e	007f850f	2
007f8524	007f8526	3
007f853e	007f853f	2
007f8554	007f8556	3
007f856e	007f856f	2
007f8584	007f8586	3
007f859e	007f859f	2
007f85b4	007f85b6	3
007f85ce	007f85cf	2
007f85e4	007f85e6	3
007f85fe	007f85ff	2
007f8614	007f8616	3
007f862e	007f862f	2
007f8644	007f8646	3
007f865e	007f865f	2
007f8674	007f8676	3
007f868e	007f868f	2
007f86a4	007f86a6	3
007f86be	007f86bf	2
007f86d4	007f86d6	3
007f86ee	007f86ef	2
007f8704	007f8706	3
007f871e	007f871f	2
007f8734	007f8736	3
007f874e	007f874f	2
007f8764	007f8766	3
007f877e	007f877f	2
007f8794	007f8796	3
007f87ae	007f87af	2
007f87c4	007f87c6	3
007f87de	007f87df	2
007f87f4	007f87f6	3
007f880e	007f880f	2
007f8824	007f8826	3
007f883e	007f883f	2
007f8854	007f8856	3
007f886e	007f886f	2
007f8884	007f8886	3
007f889e	007f889f	2
007f88b4	007f88b6	3
007f88ce	007f88cf	2
007f88e4	007f88e6	3
007f88fe	007f88ff	2
007f8914	007f8916	3
007f892e	007f892f	2
007f8944	007f8946	3
007f895e	007f895f	2
007f8974	007f8976	3
007f898e	007f898f	2
007f89a4	007f89a6	3
007f89be	007f89bf	2
007f89d4	007f89d6	3
007f89ee	007f89ef	2
007f8a04	007f8a06	3
007f8a1e	007f8a1f	2
007f8a34	007f8a36	3
007f8a4e	007f8a4f	2
007f8a64	007f8a66	3
007f8a7e	007f8a7f	2
007f8a94	007f8a96	3
007f8aae	007f8aaf	2
007f8ac4	007f8ac6	3
007f8ade	007f8adf	2
007f8af4	007f8af6	3
007f8b0e	007f8b0f	2
007f8b24	007f8b26	3
007f8b3e	007f8b3f	2
007f8b54	007f8b56	3
007f8b6e	007f8b6f	2
007f8b84	007f8b86	3
007f8b9e	007f8b9f	2
007f8bb4	007f8bb6	3
007f8bce	007f8bcf	2
007f8be4	007f8be6	3
007f8bfe	007f8bff	2
007f8c14	007f8c16	3
007f8c2e	007f8c2f	2
007f8c44	007f8c46	3
007f8c5e	007f8c5f	2
007f8c74	007f8c76	3
007f8c8e	007f8c8f	2
007f8ca4	007f8ca6	3
007f8cbe	007f8cbf	2
007f8cd4	007f8cd6	3
007f8cee	007f8cef	2
007f8d04	007f8d06	3
007f8d1e	007f8d1f	2
007f8d34	007f8d36	3
007f8d4e	007f8d4f	2
007f8d64	007f8d66	3
007f8d7e	007f8d7f	2
007f8d94	007f8d96	3
007f8dae	007f8daf	2
007f8dc4	007f8dc6	3
007f8dde	007f8ddf	2
007f8df4	007f8df6	3
007f8e0e	007f8e0f	2
007f8e24	007f8e26	3
007f8e3e	007f8e3f	2
007f8e54	007f8e56	3
007f8e6e	007f8e6f	2
007f8e84	007f8e86	3
007f8e9e	007f8e9f	2
007f8eb4	007f8eb6	3
007f8ece	007f8ecf	2
007f8ee4	007f8ee6	3
007f8efe	007f8eff	2
007f8f14	007f8f16	3
007f8f2e	007f8f2f	2
007f8f44	007f8f46	3
007f8f5e	007f8f5f	2
007f8f74	007f8f76	3
007f8f8e	007f8f8f	2
007f8fa4	007f8fa6	3
007f8fbe	007f8fbf	2
007f8fd4	007f8fd6	3
007f8fee	007f8fef	2
007f9004	007f9006	3
007f901e	007f901f	2
007f9034	007f9036	3
007f904e	007f904f	2
007f9064	007f9066	3
007f907e	007f907f	2
007f9094	007f9096	3
007f90ae	007f90af	2
007f90c4	007f90c6	3
007f90de	007f90df	2
007f90f4	007f90f6	3
007f910e	007f910f	2
007f9124	007f9126	3
007f913e	007f913f	2
007f9154	007f9156	3
007f916e	007f916f	2
007f9184	007f9186	3
007f919e	007f919f	2
007f91b4	007f91b6	3
007f91ce	007f91cf	2
007f91e4	007f91e6	3
007f91fe	007f91ff	2
007f9214	007f9216	3
007f922e	007f922f	2
007f9244	007f9246	3
007f925e	007f925f	2
007f9274	007f9276	3
007f9298	007f929f	8
007f92b4	007f92b6	3
007f92d8	007f92df	8
007f92f4	007f92f6	3
007f9318	007f931f	8
007f9334	007f9336	3
007f9358	007f935f	8
007f9374	007f9376	3
007f9398	007f939f	8
007f93b4	007f93b6	3
007f93d8	007f93df	8
007f93f4	007f93f6	3
007f9418	007f941f	8
007f9434	007f9436	3
007f9458	007f945f	8
007f9474	007f9476	3
007f9498	007f949f	8
007f94b4	007f94b6	3
007f94d8	007f94df	8
007f94f4	007f94f6	3
007f9518	007f951f	8
007f9534	007f9536	3
007f9558	007f955f	8
007f9574	007f9576	3
007f9598	007f959f	8
007f95b4	007f95b6	3
007f95d8	007f95df	8
007f95f4	007f95f6	3
007f9618	007f961f	8
007f9634	007f9636	3
007f9658	007f965f	8
007f966a	007f966f	6
007f9684	007f9686	3
007f96a8	007f96af	8
007f96c4	007f96c6	3
007f96e8	007f974f	104
007f9764	007f9766	3
007f977e	007f977f	2
007f978a	007f978f	6
007f979a	007f979f	6
007f97ab	007f97af	5
007f97bb	007f97bf	5
007f97cb	007f97cf	5
007f97db	007f97df	5
007f97eb	007f97ef	5
007f97fb	007f97ff	5
007f980b	007f980f	5
007f981b	007f981f	5
007f982b	007f982f	5
007f983b	007f983f	5
007f984b	007f984f	5
007f985b	007f985f	5
007f986b	007f986f	5
007f987b	007f987f	5
007f988b	007f988f	5
007f989b	007f989f	5
007f98ab	007f98af	5
007f98bb	007f98bf	5
007f98cb	007f98cf	5
007f98db	007f98df	5
007f98eb	007f98ef	5
007f98fb	007f98ff	5
007f990b	007f990f	5
007f991b	007f991f	5
007f9934	007f9936	3
007f994e	007f994f	2
007f9964	007f9966	3
007f997e	007f997f	2
007f9994	007f9996	3
007f99ae	007f99af	2
007f99c4	007f99c6	3
007f99de	007f99df	2
007f99f4	007f99f6	3
007f9a0e	007f9a0f	2
007f9a24	007f9a26	3
007f9a3e	007f9a3f	2
007f9a54	007f9a56	3
007f9a6e	007f9a6f	2
007f9a84	007f9a86	3
007f9a9e	007f9a9f	2
007f9ab4	007f9ab6	3
007f9ace	007f9acf	2
007f9ae4	007f9ae6	3
007f9afe	007f9aff	2
007f9b14	007f9b16	3
007f9b2e	007f9b2f	2
007f9b44	007f9b46	3
007f9b5e	007f9b5f	2
007f9b74	007f9b76	3
007f9b8e	007f9b8f	2
007f9ba4	007f9ba6	3
007f9bbe	007f9bbf	2
007f9bd4	007f9bd6	3
007f9bee	007f9bef	2
007f9c04	007f9c06	3
007f9c1e	007f9c1f	2
007f9c34	007f9c36	3
007f9c4e	007f9c4f	2
007f9c64	007f9c66	3
007f9c7e	007f9c7f	2
007f9c94	007f9c96	3
007f9cae	007f9caf	2
007f9cc4	007f9cc6	3
007f9cde	007f9cdf	2
007f9cf4	007f9cf6	3
007f9d0e	007f9d0f	2
007f9d24	007f9d26	3
007f9d3e	007f9d3f	2
007f9d54	007f9d56	3
007f9d6e	007f9dcf	98
007f9ddb	007f9ddf	5
007f9deb	007f9def	5
007f9dfb	007f9dff	5
007f9e0b	007f9e0f	5
007f9e1b	007f9e1f	5
007f9e2b	007f9e2f	5
007f9e3b	007f9e3f	5
007f9e4b	007f9e4f	5
007f9e5b	007f9e5f	5
007f9e6b	007f9e6f	5
007f9e7b	007f9e7f	5
007f9e8b	007f9e8f	5
007f9e9b	007f9e9f	5
007f9eab	007f9eaf	5
007f9ec4	007f9ec6	3
007f9ede	007f9edf	2
007f9ef4	007f9ef6	3
007f9f0e	007f9f6f	98
007f9f7b	007f9f7f	5
007f9f8b	007f9f8f	5
007f9f9b	007f9f9f	5
007f9fab	007f9faf	5
007f9fbb	007f9fbf	5
007f9fcb	007f9fcf	5
007f9fdb	007f9fdf	5
007f9feb	007fa04f	101
007fa05b	007fa05f	5
007fa06b	007fa06f	5
007fa07b	007fa07f	5
007fa08b	007fa08f	5
007fa09b	007fa09f	5
007fa0ab	007fa0af	5
007fa0bb	007fa0bf	5
007fa0cb	007fa0cf	5
007fa0db	007fa0df	5
007fa0eb	007fa0ef	5
007fa0fb	007fa0ff	5
007fa10b	007fa10f	5
007fa11b	007fa11f	5
007fa12b	007fa12f	5
007fa13b	007fa13f	5
007fa14b	007fa14f	5
007fa15b	007fa15f	5
007fa16b	007fa16f	5
007fa17b	007fa17f	5
007fa18b	007fa18f	5
007fa19b	007fa19f	5
007fa1ab	007fa1af	5
007fa1bb	007fa1bf	5
007fa1cb	007fa1cf	5
007fa1e4	007fa1e6	3
007fa1fe	007fa25f	98
007fa274	007fa276	3
007fa298	007fa29f	8
007fa2b4	007fa2b6	3
007fa2d8	007fa2df	8
007fa2f4	007fa2f6	3
007fa318	007fa31f	8
007fa334	007fa336	3
007fa358	007fa35f	8
007fa3b5	007fa3ff	75
007fa414	007fa416	3
007fa42e	007fa42f	2
007fa43f	007fa441	3
007fa461	007fa46f	15
007fa495	007fa54f	187
007fa564	007fa566	3
007fa57e	007fa57f	2
007fa58b	007fa58f	5
007fa59b	007fa59f	5
007fa5ab	007fa5af	5
007fa5bb	007fa5bf	5
007fa5cb	007fa5cf	5
007fa5db	007fa5df	5
007fa5eb	007fa5ef	5
007fa5fb	007fa5ff	5
007fa60b	007fa60f	5
007fa61b	007fa61f	5
007fa62b	007fa62f	5
007fa63b	007fa63f	5
007fa64b	007fa64f	5
007fa65b	007fa65f	5
007fa66b	007fa66f	5
007fa67b	007fa67f	5
007fa68b	007fa68f	5
007fa69b	007fa69f	5
007fa6ab	007fa6af	5
007fa6bb	007fa6bf	5
007fa6cb	007fa6cf	5
007fa6db	007fa6df	5
007fa6eb	007fa6ef	5
007fa6fb	007fa6ff	5
007fa70b	007fa70f	5
007fa71b	007fa71f	5
007fa72b	007fa72f	5
007fa73b	007fa73f	5
007fa74b	007fa74f	5
007fa75b	007fa75f	5
007fa76b	007fa76f	5
007fa77b	007fa77f	5
007fa78b	007fa78f	5
007fa79b	007fa79f	5
007fa7ab	007fa7af	5
007fa7c4	007fa7c6	3
007fa7de	007fa7df	2
007fa7f4	007fa7f6	3
007fa80e	007fa80f	2
007fa824	007fa826	3
007fa83e	007fa83f	2
007fa854	007fa856	3
007fa86e	007fa86f	2
007fa884	007fa886	3
007fa89e	007fa8ff	98
007fa914	007fa916	3
007fa938	007fa93f	8
007fa954	007fa956	3
007fa978	007fa97f	8
007fa994	007fa996	3
007fa9b8	007fa9bf	8
007fa9d4	007fa9d6	3
007fa9f8	007fa9ff	8
007faa14	007faa16	3
007faa38	007faa3f	8
007faa54	007faa56	3
007faa78	007faa7f	8
007faa94	007faa96	3
007faab8	007faabf	8
007faad4	007faad6	3
007faaf8	007faaff	8
007fab14	007fab16	3
007fab38	007fab3f	8
007fab4b	007fabaf	101
007fabbb	007fabbf	5
007fabcb	007fabcf	5
007fabdb	007fabdf	5
007fabeb	007fabef	5
007fabfb	007fabff	5
007fac0b	007fac0f	5
007fac1b	007fac1f	5
007fac2b	007fac2f	5
007fac3b	007fac3f	5
007fac4b	007fac4f	5
007fac5b	007fac5f	5
007fac6b	007fac6f	5
007fac7b	007fac7f	5
007fac8b	007fac8f	5
007fac9b	007fac9f	5
007facab	007facaf	5
007facbb	007facbf	5
007faccb	007faccf	5
007facdb	007facdf	5
007faceb	007facef	5
007facfb	007facff	5
007fad0b	007fad0f	5
007fad1b	007fad1f	5
007fad2b	007fad2f	5
007fad3b	007fad3f	5
007fad4b	007fad4f	5
007fad5b	007fad5f	5
007fad6b	007fad6f	5
007fad7b	007fad7f	5
007fad8b	007fad8f	5
007fad9b	007fad9f	5
007fadab	007fadaf	5
007fadbb	007fadbf	5
007fadcb	007fadcf	5
007faddb	007faddf	5
007fadeb	007fadef	5
007fadfb	007fadff	5
007fae0b	007fae0f	5
007fae1b	007fae1f	5
007fae2b	007fae2f	5
007fae3b	007fae3f	5
007fae4b	007fae4f	5
007fae5b	007fae5f	5
007fae6b	007fae6f	5
007fae7b	007fae7f	5
007fae8b	007fae8f	5
007fae9b	007fae9f	5
007faeab	007faeaf	5
007faebb	007faebf	5
007faecb	007faecf	5
007faedb	007faedf	5
007faeeb	007faeef	5
007faefb	007faeff	5
007faf0b	007faf0f	5
007faf1b	007faf1f	5
007faf2b	007faf2f	5
007faf3b	007faf3f	5
007faf4b	007faf4f	5
007faf5b	007faf5f	5
007faf6b	007faf6f	5
007faf7b	007faf7f	5
007faf8b	007faf8f	5
007faf9b	007faf9f	5
007fafab	007fafaf	5
007fafbb	007fafbf	5
007fafd4	007fafd6	3
007fafee	007fafef	2
007fb004	007fb006	3
007fb01e	007fb01f	2
007fb034	007fb036	3
007fb04e	007fb04f	2
007fb064	007fb066	3
007fb07e	007fb0df	98
007fb0f4	007fb0f6	3
007fb118	007fb11f	8
007fb134	007fb136	3
007fb158	007fb15f	8
007fb174	007fb176	3
007fb198	007fb19f	8
007fb1b4	007fb1b6	3
007fb1d8	007fb1df	8
007fb1eb	007fb1ef	5
007fb1fb	007fb1ff	5
007fb20b	007fb20f	5
007fb21b	007fb21f	5
007fb22b	007fb22f	5
007fb23b	007fb23f	5
007fb24b	007fb24f	5
007fb25b	007fb25f	5
007fb26b	007fb26f	5
007fb27b	007fb27f	5
007fb28b	007fb28f	5
007fb29b	007fb29f	5
007fb2ab	007fb2af	5
007fb2bb	007fb2bf	5
007fb2cb	007fb2cf	5
007fb2db	007fb2df	5
007fb2eb	007fb2ef	5
007fb2fb	007fb2ff	5
007fb30b	007fb30f	5
007fb31b	007fb31f	5
007fb32b	007fb32f	5
007fb33b	007fb33f	5
007fb34b	007fb34f	5
007fb35b	007fb35f	5
007fb36b	007fb36f	5
007fb37b	007fb37f	5
007fb38b	007fb38f	5
007fb39b	007fb39f	5
007fb3ab	007fb3af	5
007fb3bb	007fb3bf	5
007fb3cb	007fb3cf	5
007fb3db	007fb3df	5
007fb3eb	007fb3ef	5
007fb3fb	007fb3ff	5
007fb40b	007fb40f	5
007fb41b	007fb41f	5
007fb42b	007fb42f	5
007fb43b	007fb43f	5
007fb44b	007fb44f	5
007fb45b	007fb45f	5
007fb46b	007fb46f	5
007fb47b	007fb47f	5
007fb48b	007fb48f	5
007fb49b	007fb49f	5
007fb4ab	007fb4af	5
007fb4bb	007fb4bf	5
007fb4cb	007fb4cf	5
007fb4db	007fb4df	5
007fb4eb	007fb4ef	5
007fb4fb	007fb4ff	5
007fb50b	007fb50f	5
007fb51b	007fb51f	5
007fb52b	007fb52f	5
007fb53b	007fb53f	5
007fb54b	007fb54f	5
007fb55b	007fb55f	5
007fb56b	007fb56f	5
007fb57b	007fb57f	5
007fb58b	007fb58f	5
007fb59b	007fb59f	5
007fb5ab	007fb5af	5
007fb5bb	007fb5bf	5
007fb5cb	007fb5cf	5
007fb5db	007fb5df	5
007fb5eb	007fb5ef	5
007fb5fb	007fb5ff	5
007fb60b	007fb60f	5
007fb61b	007fb61f	5
007fb62b	007fb62f	5
007fb63b	007fb63f	5
007fb64b	007fb64f	5
007fb65b	007fb65f	5
007fb66b	007fb66f	5
007fb67b	007fb67f	5
007fb68b	007fb68f	5
007fb69b	007fb69f	5
007fb6ab	007fb6af	5
007fb6bb	007fb6bf	5
007fb6cb	007fb6cf	5
007fb6db	007fb6df	5
007fb6eb	007fb6ef	5
007fb6fb	007fb6ff	5
007fb70b	007fb70f	5
007fb71b	007fb71f	5
007fb72b	007fb72f	5
007fb73b	007fb73f	5
007fb74b	007fb74f	5
007fb75b	007fb75f	5
007fb76b	007fb76f	5
007fb77b	007fb77f	5
007fb78b	007fb78f	5
007fb79b	007fb79f	5
007fb7ab	007fb7af	5
007fb7bb	007fb7bf	5
007fb7cb	007fb7cf	5
007fb7db	007fb7df	5
007fb7eb	007fb7ef	5
007fb7fb	007fb7ff	5
007fb80b	007fb80f	5
007fb81b	007fb81f	5
007fb82b	007fb82f	5
007fb83b	007fb83f	5
007fb84b	007fb84f	5
007fb85b	007fb85f	5
007fb86b	007fb86f	5
007fb87b	007fb87f	5
007fb88b	007fb88f	5
007fb89b	007fb89f	5
007fb8ab	007fb8af	5
007fb8bb	007fb8bf	5
007fb8cb	007fb8cf	5
007fb8db	007fb8df	5
007fb8eb	007fb8ef	5
007fb8fb	007fb8ff	5
007fb90b	007fb90f	5
007fb91b	007fb91f	5
007fb92b	007fb92f	5
007fb93b	007fb93f	5
007fb94b	007fb94f	5
007fb95b	007fb95f	5
007fb974	007fb976	3
007fb98e	007fb98f	2
007fb9a4	007fb9a6	3
007fb9be	007fb9bf	2
007fb9d4	007fb9d6	3
007fb9ee	007fb9ef	2
007fba04	007fba06	3
007fba1e	007fba1f	2
007fba34	007fba36	3
007fba4e	007fba4f	2
007fba64	007fba66	3
007fba7e	007fba7f	2
007fba94	007fba96	3
007fbaae	007fbb0f	98
007fbb24	007fbb26	3
007fbb48	007fbb4f	8
007fbb64	007fbb66	3
007fbb88	007fbb8f	8
007fbba4	007fbba6	3
007fbbc8	007fbbcf	8
007fbbdb	007fbc3f	101
007fbc54	007fbc56	3
007fbc78	007fbc7f	8
007fbc8b	007fbc8f	5
007fbc9b	007fbc9f	5
007fbcab	007fbcaf	5
007fbcbb	007fbcbf	5
007fbccb	007fbccf	5
007fbcdb	007fbcdf	5
007fbceb	007fbcef	5
007fbcfb	007fbcff	5
007fbd14	007fbd16	3
007fbd2e	007fbd2f	2
007fbd44	007fbd46	3
007fbd5e	007fbdbf	98
007fbdcb	007fbdcf	5
007fbddb	007fbddf	5
007fbdeb	007fbdef	5
007fbdfb	007fbdff	5
007fbe0b	007fbe0f	5
007fbe1b	007fbe1f	5
007fbe2b	007fbe2f	5
007fbe3b	007fbe3f	5
007fbe4b	007fbe4f	5
007fbe5b	007fbe5f	5
007fbe6b	007fbe6f	5
007fbe7b	007fbe7f	5
007fbe8b	007fbe8f	5
007fbe9b	007fbe9f	5
007fbeab	007fbeaf	5
007fbebb	007fbebf	5
007fbecb	007fbecf	5
007fbedb	007fbedf	5
007fbeeb	007fbeef	5
007fbefb	007fbeff	5
007fbf0b	007fbf0f	5
007fbf1b	007fbf1f	5
007fbf2b	007fbf2f	5
007fbf3b	007fbf3f	5
007fbf4b	007fbf4f	5
007fbf5b	007fbf5f	5
007fbf6b	007fbf6f	5
007fbf7b	007fbf7f	5
007fbf8b	007fbf8f	5
007fbf9b	007fbf9f	5
007fbfab	007fbfaf	5
007fbfbb	007fbfbf	5
007fbfcb	007fbfcf	5
007fbfdb	007fbfdf	5
007fbfeb	007fbfef	5
007fbffb	007fbfff	5
007fc00b	007fc00f	5
007fc01b	007fc01f	5
007fc02b	007fc02f	5
007fc03b	007fc03f	5
007fc04b	007fc04f	5
007fc05b	007fc05f	5
007fc06b	007fc06f	5
007fc07b	007fc07f	5
007fc08b	007fc08f	5
007fc09b	007fc09f	5
007fc0ab	007fc0af	5
007fc0bb	007fc0bf	5
007fc0cb	007fc0cf	5
007fc0db	007fc0df	5
007fc0eb	007fc0ef	5
007fc0fb	007fc0ff	5
007fc10b	007fc10f	5
007fc11b	007fc11f	5
007fc12b	007fc12f	5
007fc13b	007fc13f	5
007fc14b	007fc14f	5
007fc15b	007fc15f	5
007fc16b	007fc16f	5
007fc17b	007fc17f	5
007fc18b	007fc18f	5
007fc19b	007fc19f	5
007fc1ab	007fc1af	5
007fc1bb	007fc1bf	5
007fc1cb	007fc1cf	5
007fc1db	007fc1df	5
007fc1eb	007fc1ef	5
007fc1fb	007fc1ff	5
007fc20b	007fc20f	5
007fc21b	007fc21f	5
007fc22b	007fc22f	5
007fc23b	007fc23f	5
007fc24b	007fc24f	5
007fc25b	007fc25f	5
007fc26b	007fc26f	5
007fc27b	007fc27f	5
007fc28b	007fc28f	5
007fc29b	007fc29f	5
007fc2ab	007fc2af	5
007fc2bb	007fc2bf	5
007fc2cb	007fc2cf	5
007fc2db	007fc2df	5
007fc2eb	007fc2ef	5
007fc2fb	007fc2ff	5
007fc30b	007fc30f	5
007fc31b	007fc31f	5
007fc32b	007fc32f	5
007fc33b	007fc33f	5
007fc34b	007fc34f	5
007fc35b	007fc35f	5
007fc36b	007fc36f	5
007fc37b	007fc37f	5
007fc38b	007fc38f	5
007fc39b	007fc39f	5
007fc3ab	007fc3af	5
007fc3bb	007fc3bf	5
007fc3cb	007fc3cf	5
007fc3db	007fc3df	5
007fc3eb	007fc3ef	5
007fc3fb	007fc3ff	5
007fc40b	007fc40f	5
007fc41b	007fc41f	5
007fc42b	007fc42f	5
007fc43b	007fc43f	5
007fc44b	007fc44f	5
007fc45b	007fc45f	5
007fc46b	007fc46f	5
007fc47b	007fc47f	5
007fc48b	007fc48f	5
007fc49b	007fc49f	5
007fc4ab	007fc4af	5
007fc4bb	007fc4bf	5
007fc4cb	007fc4cf	5
007fc4db	007fc4df	5
007fc4eb	007fc4ef	5
007fc4fb	007fc4ff	5
007fc50b	007fc50f	5
007fc51b	007fc51f	5
007fc52b	007fc52f	5
007fc53b	007fc53f	5
007fc54b	007fc54f	5
007fc55b	007fc55f	5
007fc56b	007fc56f	5
007fc57b	007fc57f	5
007fc58b	007fc58f	5
007fc59b	007fc59f	5
007fc5ab	007fc5af	5
007fc5bb	007fc5bf	5
007fc5cb	007fc5cf	5
007fc5db	007fc5df	5
007fc5eb	007fc5ef	5
007fc5fb	007fc5ff	5
007fc60b	007fc60f	5
007fc61b	007fc61f	5
007fc62b	007fc62f	5
007fc63b	007fc63f	5
007fc64b	007fc64f	5
007fc65b	007fc65f	5
007fc66b	007fc66f	5
007fc67b	007fc67f	5
007fc68b	007fc68f	5
007fc69b	007fc69f	5
007fc6ab	007fc6af	5
007fc6bb	007fc6bf	5
007fc6cb	007fc6cf	5
007fc6db	007fc6df	5
007fc6eb	007fc6ef	5
007fc6fb	007fc6ff	5
007fc70b	007fc70f	5
007fc71b	007fc71f	5
007fc72b	007fc72f	5
007fc73b	007fc73f	5
007fc74b	007fc74f	5
007fc75b	007fc75f	5
007fc76b	007fc76f	5
007fc77b	007fc77f	5
007fc78b	007fc78f	5
007fc79b	007fc79f	5
007fc7ab	007fc7af	5
007fc7bb	007fc7bf	5
007fc7cb	007fc7cf	5
007fc7db	007fc7df	5
007fc7eb	007fc7ef	5
007fc7fb	007fc7ff	5
007fc80b	007fc80f	5
007fc81b	007fc81f	5
007fc82b	007fc82f	5
007fc83b	007fc83f	5
007fc84b	007fc84f	5
007fc85b	007fc85f	5
007fc86b	007fc86f	5
007fc87b	007fc87f	5
007fc88b	007fc88f	5
007fc89b	007fc89f	5
007fc8ab	007fc8af	5
007fc8bb	007fc8bf	5
007fc8cb	007fc8cf	5
007fc8db	007fc8df	5
007fc8eb	007fc8ef	5
007fc8fb	007fc8ff	5
007fc90b	007fc90f	5
007fc91b	007fc91f	5
007fc92b	007fc92f	5
007fc93b	007fc93f	5
007fc94b	007fc94f	5
007fc95b	007fc95f	5
007fc96b	007fc96f	5
007fc97b	007fc97f	5
007fc98b	007fc98f	5
007fc99b	007fc99f	5
007fc9ab	007fc9af	5
007fc9bb	007fc9bf	5
007fc9cb	007fc9cf	5
007fc9db	007fc9df	5
007fc9eb	007fc9ef	5
007fc9fb	007fc9ff	5
007fca0b	007fca0f	5
007fca1b	007fca1f	5
007fca2b	007fca2f	5
007fca3b	007fca3f	5
007fca4b	007fca4f	5
007fca5b	007fca5f	5
007fca6b	007fca6f	5
007fca7b	007fca7f	5
007fca8b	007fca8f	5
007fca9b	007fca9f	5
007fcaab	007fcaaf	5
007fcabb	007fcabf	5
007fcacb	007fcacf	5
007fcadb	007fcadf	5
007fcaeb	007fcaef	5
007fcafb	007fcaff	5
007fcb0b	007fcb0f	5
007fcb1b	007fcb1f	5
007fcb2b	007fcb2f	5
007fcb3b	007fcb3f	5
007fcb4b	007fcb4f	5
007fcb5b	007fcb5f	5
007fcb6b	007fcb6f	5
007fcb7b	007fcb7f	5
007fcb8b	007fcb8f	5
007fcb9b	007fcb9f	5
007fcbab	007fcbaf	5
007fcbbb	007fcbbf	5
007fcbcb	007fcbcf	5
007fcbdb	007fcbdf	5
007fcbeb	007fcbef	5
007fcbfb	007fcbff	5
007fcc0b	007fcc0f	5
007fcc1b	007fcc1f	5
007fcc2b	007fcc2f	5
007fcc3b	007fcc3f	5
007fcc4b	007fcc4f	5
007fcc5b	007fcc5f	5
007fcc6b	007fcc6f	5
007fcc7b	007fcc7f	5
007fcc8b	007fcc8f	5
007fcc9b	007fcc9f	5
007fccab	007fccaf	5
007fccbb	007fccbf	5
007fcccb	007fcccf	5
007fccdb	007fccdf	5
007fcceb	007fccef	5
007fccfb	007fccff	5
007fcd0b	007fcd0f	5
007fcd1b	007fcd1f	5
007fcd2b	007fcd2f	5
007fcd3b	007fcd3f	5
007fcd4b	007fcd4f	5
007fcd5b	007fcd5f	5
007fcd6b	007fcd6f	5
007fcd7b	007fcd7f	5
007fcd8b	007fcd8f	5
007fcd9b	007fcd9f	5
007fcdab	007fcdaf	5
007fcdbb	007fcdbf	5
007fcdcb	007fcdcf	5
007fcddb	007fcddf	5
007fcdeb	007fcdef	5
007fcdfb	007fcdff	5
007fce0b	007fce0f	5
007fce1b	007fce1f	5
007fce2b	007fce2f	5
007fce3b	007fce3f	5
007fce4b	007fce4f	5
007fce5b	007fce5f	5
007fce6b	007fce6f	5
007fce7b	007fce7f	5
007fce8b	007fce8f	5
007fce9b	007fce9f	5
007fceab	007fceaf	5
007fcebb	007fcebf	5
007fcecb	007fcecf	5
007fcedb	007fcedf	5
007fceeb	007fceef	5
007fcefb	007fceff	5
007fcf0b	007fcf0f	5
007fcf1b	007fcf1f	5
007fcf2b	007fcf2f	5
007fcf3b	007fcf3f	5
007fcf4b	007fcf4f	5
007fcf5b	007fcf5f	5
007fcf6b	007fcf6f	5
007fcf7b	007fcf7f	5
007fcf8b	007fcf8f	5
007fcf9b	007fcf9f	5
007fcfab	007fcfaf	5
007fcfbb	007fcfbf	5
007fcfcb	007fcfcf	5
007fcfdb	007fcfdf	5
007fcfeb	007fcfef	5
007fcffb	007fcfff	5
007fd00b	007fd00f	5
007fd01b	007fd01f	5
007fd02b	007fd02f	5
007fd03b	007fd03f	5
007fd04b	007fd04f	5
007fd05b	007fd05f	5
007fd06b	007fd06f	5
007fd07b	007fd07f	5
007fd08b	007fd08f	5
007fd09b	007fd09f	5
007fd0ab	007fd0af	5
007fd0bb	007fd0bf	5
007fd0cb	007fd0cf	5
007fd0db	007fd0df	5
007fd0eb	007fd0ef	5
007fd0fb	007fd0ff	5
007fd10b	007fd10f	5
007fd11b	007fd11f	5
007fd12b	007fd12f	5
007fd13b	007fd13f	5
007fd14b	007fd14f	5
007fd15b	007fd15f	5
007fd16b	007fd16f	5
007fd17b	007fd17f	5
007fd18b	007fd18f	5
007fd19b	007fd19f	5
007fd1ab	007fd1af	5
007fd1bb	007fd1bf	5
007fd1cb	007fd1cf	5
007fd1db	007fd1df	5
007fd1eb	007fd1ef	5
007fd1fb	007fd1ff	5
007fd20b	007fd20f	5
007fd21b	007fd21f	5
007fd22b	007fd22f	5
007fd23b	007fd23f	5
007fd24b	007fd24f	5
007fd25b	007fd25f	5
007fd26b	007fd26f	5
007fd27b	007fd27f	5
007fd28b	007fd28f	5
007fd29b	007fd29f	5
007fd2ab	007fd2af	5
007fd2bb	007fd2bf	5
007fd2cb	007fd2cf	5
007fd2db	007fd2df	5
007fd2eb	007fd2ef	5
007fd2fb	007fd2ff	5
007fd30b	007fd30f	5
007fd31b	007fd31f	5
007fd32b	007fd32f	5
007fd33b	007fd33f	5
007fd34b	007fd34f	5
007fd35b	007fd35f	5
007fd36b	007fd36f	5
007fd37b	007fd37f	5
007fd38b	007fd38f	5
007fd39b	007fd39f	5
007fd3ab	007fd3af	5
007fd3bb	007fd3bf	5
007fd3cb	007fd3cf	5
007fd3db	007fd3df	5
007fd3eb	007fd3ef	5
007fd404	007fd406	3
007fd41e	007fd41f	2
007fd434	007fd436	3
007fd44e	007fd44f	2
007fd464	007fd466	3
007fd47e	007fd47f	2
007fd494	007fd496	3
007fd4ae	007fd4af	2
007fd4c4	007fd4c6	3
007fd4de	007fd4df	2
007fd4f4	007fd4f6	3
007fd50e	007fd50f	2
007fd524	007fd526	3
007fd53e	007fd53f	2
007fd554	007fd556	3
007fd56e	007fd56f	2
007fd584	007fd586	3
007fd59e	007fd59f	2
007fd5b4	007fd5b6	3
007fd5ce	007fd5cf	2
007fd5e4	007fd5e6	3
007fd5fe	007fd5ff	2
007fd614	007fd616	3
007fd62e	007fd62f	2
007fd644	007fd646	3
007fd65e	007fd65f	2
007fd674	007fd676	3
007fd68e	007fd68f	2
007fd6a4	007fd6a6	3
007fd6be	007fd6bf	2
007fd6d4	007fd6d6	3
007fd6ee	007fd6ef	2
007fd704	007fd706	3
007fd71e	007fd71f	2
007fd734	007fd736	3
007fd74e	007fd74f	2
007fd764	007fd766	3
007fd77e	007fd77f	2
007fd794	007fd796	3
007fd7ae	007fd7af	2
007fd7c4	007fd7c6	3
007fd7de	007fd7df	2
007fd7f4	007fd7f6	3
007fd80e	007fd80f	2
007fd824	007fd826	3
007fd83e	007fd83f	2
007fd854	007fd856	3
007fd86e	007fd86f	2
007fd884	007fd886	3
007fd89e	007fd89f	2
007fd8b4	007fd8b6	3
007fd8ce	007fd8cf	2
007fd8e4	007fd8e6	3
007fd8fe	007fd8ff	2
007fd914	007fd916	3
007fd92e	007fd92f	2
007fd944	007fd946	3
007fd95e	007fd95f	2
007fd974	007fd976	3
007fd98e	007fd98f	2
007fd9a4	007fd9a6	3
007fd9be	007fd9bf	2
007fd9d4	007fd9d6	3
007fd9ee	007fd9ef	2
007fda04	007fda06	3
007fda1e	007fda1f	2
007fda34	007fda36	3
007fda4e	007fda4f	2
007fda64	007fda66	3
007fda7e	007fda7f	2
007fda94	007fda96	3
007fdaae	007fdaaf	2
007fdac4	007fdac6	3
007fdade	007fdadf	2
007fdaf4	007fdaf6	3
007fdb0e	007fdb0f	2
007fdb24	007fdb26	3
007fdb3e	007fdb3f	2
007fdb54	007fdb56	3
007fdb6e	007fdb6f	2
007fdb84	007fdb86	3
007fdb9e	007fdb9f	2
007fdbb4	007fdbb6	3
007fdbce	007fdbcf	2
007fdbe4	007fdbe6	3
007fdbfe	007fdbff	2
007fdc14	007fdc16	3
007fdc2e	007fdc2f	2
007fdc44	007fdc46	3
007fdc5e	007fdc5f	2
007fdc74	007fdc76	3
007fdc8e	007fdc8f	2
007fdca4	007fdca6	3
007fdcbe	007fdcbf	2
007fdcd4	007fdcd6	3
007fdcee	007fdcef	2
007fdd04	007fdd06	3
007fdd1e	007fdd1f	2
007fdd34	007fdd36	3
007fdd4e	007fdd4f	2
007fdd64	007fdd66	3
007fdd7e	007fdd7f	2
007fdd94	007fdd96	3
007fddae	007fddaf	2
007fddc4	007fddc6	3
007fddde	007fdddf	2
007fddf4	007fddf6	3
007fde0e	007fde0f	2
007fde24	007fde26	3
007fde3e	007fde3f	2
007fde54	007fde56	3
007fde6e	007fde6f	2
007fde84	007fde86	3
007fde9e	007fde9f	2
007fdeb4	007fdeb6	3
007fdece	007fdecf	2
007fdee4	007fdee6	3
007fdefe	007fdeff	2
007fdf14	007fdf16	3
007fdf2e	007fdf2f	2
007fdf44	007fdf46	3
007fdf5e	007fdf5f	2
007fdf74	007fdf76	3
007fdf8e	007fdf8f	2
007fdfa4	007fdfa6	3
007fdfbe	007fdfbf	2
007fdfd4	007fdfd6	3
007fdfee	007fdff6	9
007fe004	007fe006	3
007fe01e	007fe07f	98
007fe094	007fe096	3
007fe0b8	007fe0bf	8
007fe0d4	007fe0d6	3
007fe0f8	007fe0ff	8
007fe114	007fe116	3
007fe138	007fe13f	8
007fe154	007fe156	3
007fe178	007fe17f	8
007fe194	007fe196	3
007fe1b8	007fe1bf	8
007fe1d4	007fe1d6	3
007fe1f8	007fe1ff	8
007fe214	007fe216	3
007fe238	007fe23f	8
007fe254	007fe256	3
007fe278	007fe27f	8
007fe294	007fe296	3
007fe2b8	007fe2bf	8
007fe2d4	007fe2d6	3
007fe2f8	007fe2ff	8
007fe314	007fe316	3
007fe338	007fe33f	8
007fe354	007fe356	3
007fe378	007fe37f	8
007fe394	007fe396	3
007fe3b8	007fe3bf	8
007fe3d4	007fe3d6	3
007fe3f8	007fe3ff	8
007fe414	007fe416	3
007fe438	007fe43f	8
007fe454	007fe456	3
007fe478	007fe47f	8
007fe494	007fe496	3
007fe4b8	007fe4bf	8
007fe4d4	007fe4d6	3
007fe4f8	007fe4ff	8
007fe514	007fe516	3
007fe538	007fe53f	8
007fe554	007fe556	3
007fe578	007fe57f	8
007fe594	007fe596	3
007fe5b8	007fe5bf	8
007fe5d4	007fe5d6	3
007fe5f8	007fe5ff	8
007fe614	007fe616	3
007fe638	007fe63f	8
007fe654	007fe656	3
007fe678	007fe67f	8
007fe694	007fe696	3
007fe6b8	007fe6bf	8
007fe6d4	007fe6d6	3
007fe6f8	007fe6ff	8
007fe714	007fe716	3
007fe738	007fe73f	8
007fe754	007fe756	3
007fe778	007fe7df	104
007fe7eb	007fe7ef	5
007fe7fb	007fe7ff	5
007fe80b	007fe80f	5
007fe81b	007fe81f	5
007fe82b	007fe82f	5
007fe83b	007fe83f	5
007fe84b	007fe84f	5
007fe85b	007fe85f	5
007fe86b	007fe86f	5
007fe87b	007fe87f	5
007fe88b	007fe88f	5
007fe89b	007fe89f	5
007fe8ab	007fe8af	5
007fe8bb	007fe8bf	5
007fe8cb	007fe8cf	5
007fe8db	007fe8df	5
007fe8eb	007fe8ef	5
007fe8fb	007fe8ff	5
007fe90b	007fe90f	5
007fe91b	007fe91f	5
007fe92b	007fe92f	5
007fe944	007fe946	3
007fe95e	007fe95f	2
007fe974	007fe976	3
007fe98e	007fe98f	2
007fe9a4	007fe9a6	3
007fe9be	007fe9bf	2
007fe9d4	007fe9d6	3
007fe9ee	007fe9ef	2
007fea04	007fea06	3
007fea1e	007fea1f	2
007fea34	007fea36	3
007fea58	007fea5f	8
007fea74	007fea76	3
007fea98	007fea9f	8
007feab4	007feab6	3
007fead8	007feadf	8
007feaf4	007feaf6	3
007feb18	007feb7f	104
007feb8b	007feb8f	5
007feb9b	007fecbf	293
007fece5	007fed0f	43
007fed1f	007fed21	3
007fed41	007fed4f	15
007fed5f	007fed61	3
007fed81	007fedef	111
007fedff	007fee01	3
007fee21	007fee2f	15
007fee3f	007fee41	3
007fee61	007fefef	399
007ff015	007ff02f	27
007ff044	007ff046	3
007ff05e	007ff05f	2
007ff074	007ff076	3
007ff08e	007ff08f	2
007ff0a4	007ff0a6	3
007ff0be	007ff0bf	2
007ff0d4	007ff0d6	3
007ff0ee	007ff14f	98
007ff15a	007ff15f	6
007ff174	007ff176	3
007ff18e	007ff18f	2
007ff19f	007ff1a1	3
007ff1c1	007ff1cf	15
007ff1f5	007ff20f	27
007ff235	007ff24f	27
007ff275	007ff28f	27
007ff29f	007ff2a1	3
007ff2c1	007ff2cf	15
007ff2df	007ff2e1	3
007ff301	007ff30f	15
007ff31f	007ff321	3
007ff341	007ff34f	15
007ff35f	007ff361	3
007ff381	007ff38f	15
007ff3a4	007ff3a6	3
007ff3be	007ff3ff	66
007ff40b	007ff40f	5
007ff41b	007ff41f	5
007ff42b	007ff42f	5
007ff43b	007ff43f	5
007ff454	007ff456	3
007ff46e	007ff46f	2
007ff484	007ff486	3
007ff49e	007ff49f	2
007ff4b4	007ff4b6	3
007ff4d8	007ff53f	104
007ff54b	007ff54f	5
007ff55b	007ff55f	5
007ff56b	007ff56f	5
007ff57b	007ff57f	5
007ff58b	007ff58f	5
007ff59b	007ff59f	5
007ff5ab	007ff5af	5
007ff5bb	007ff5bf	5
007ff5cb	007ff5cf	5
007ff5db	007ff5df	5
007ff5eb	007ff5ef	5
007ff5fb	007ff5ff	5
007ff60b	007ff60f	5
007ff61b	007ff61f	5
007ff62b	007ff62f	5
007ff644	007ff646	3
007ff65e	007ff65f	2
007ff674	007ff676	3
007ff68e	007ff6ef	98
007ff6fb	007ff6ff	5
007ff70b	007ff70f	5
007ff71b	007ff71f	5
007ff72b	007ff72f	5
007ff73b	007ff73f	5
007ff74b	007ff74f	5
007ff75b	007ff75f	5
007ff76b	007ff76f	5
007ff77b	007ff77f	5
007ff78b	007ff78f	5
007ff79b	007ff79f	5
007ff7ab	007ff7af	5
007ff7bb	007ff7bf	5
007ff7cb	007ff7cf	5
007ff7db	007ff7df	5
007ff7eb	007ff7ef	5
007ff7fb	007ff7ff	5
007ff80b	007ff80f	5
007ff81b	007ff81f	5
007ff82b	007ff82f	5
007ff83b	007ff83f	5
007ff84b	007ff84f	5
007ff85b	007ff85f	5
007ff86b	007ff86f	5
007ff87b	007ff87f	5
007ff88b	007ff88f	5
007ff89b	007ff89f	5
007ff8ab	007ff8af	5
007ff8bb	007ff8bf	5
007ff8cb	007ff8cf	5
007ff8db	007ff8df	5
007ff8eb	007ff8ef	5
007ff8fb	007ff8ff	5
007ff914	007ff916	3
007ff92e	007ff92f	2
007ff944	007ff946	3
007ff95e	007ff95f	2
007ff974	007ff976	3
007ff98e	007ff98f	2
007ff9a4	007ff9a6	3
007ff9be	007ff9bf	2
007ff9d4	007ff9d6	3
007ff9ee	007ffa4f	98
007ffa64	007ffa66	3
007ffa88	007ffa8f	8
007ffaa4	007ffaa6	3
007ffac8	007ffacf	8
007ffae4	007ffae6	3
007ffb08	007ffb0f	8
007ffb24	007ffb26	3
007ffb48	007ffb4f	8
007ffb64	007ffb66	3
007ffb88	007ffb8f	8
007ffba4	007ffba6	3
007ffbc8	007ffbcf	8
007ffbdb	007ffbdf	5
007ffbeb	007ffbef	5
007ffbfb	007ffbff	5
007ffc0b	007ffc0f	5
007ffc1b	007ffc1f	5
007ffc2b	007ffc2f	5
007ffc3b	007ffc3f	5
007ffc4b	007ffc4f	5
007ffc5b	007ffc5f	5
007ffc6b	007ffc6f	5
007ffc7b	007ffc7f	5
007ffc8b	007ffc8f	5
007ffc9b	007ffc9f	5
007ffcab	007ffcaf	5
007ffcbb	007ffcbf	5
007ffccb	007ffccf	5
007ffcdb	007ffcdf	5
007ffceb	007ffcef	5
007ffcfb	007ffcff	5
007ffd0b	007ffd0f	5
007ffd1b	007ffd1f	5
007ffd2b	007ffd2f	5
007ffd3b	007ffd3f	5
007ffd4b	007ffd4f	5
007ffd5b	007ffd5f	5
007ffd6b	007ffd6f	5
007ffd7b	007ffd7f	5
007ffd8b	007ffd8f	5
007ffd9b	007ffd9f	5
007ffdab	007ffdaf	5
007ffdbb	007ffdbf	5
007ffdcb	007ffdcf	5
007ffddb	007ffddf	5
007ffdeb	007ffdef	5
007ffdfb	007ffdff	5
007ffe0b	007ffe0f	5
007ffe1b	007ffe1f	5
007ffe2b	007ffe2f	5
007ffe3b	007ffe3f	5
007ffe4b	007ffe4f	5
007ffe5b	007ffe5f	5
007ffe6b	007ffe6f	5
007ffe84	007ffe86	3
007ffe9e	007ffe9f	2
007ffeb4	007ffeb6	3
007ffece	007ffecf	2
007ffee4	007ffee6	3
007ffefe	007ffeff	2
007fff14	007fff16	3
007fff2e	007fff2f	2
007fff44	007fff46	3
007fff5e	007fff5f	2
007fff74	007fff76	3
007fff8e	007fff8f	2
007fffa4	007fffa6	3
007fffbe	007fffbf	2
007fffd4	007fffd6	3
007fffee	0080001f	50
00800034	00800036	3
0080004e	0080004f	2
00800064	00800066	3
0080007e	0080007f	2
00800094	00800096	3
008000ae	008000af	2
008000c4	008000c6	3
008000de	008000df	2
008000f4	008000f6	3
0080010e	0080010f	2
00800124	00800126	3
0080013e	0080013f	2
00800154	00800156	3
0080016e	0080016f	2
00800184	00800186	3
0080019e	0080019f	2
008001b4	008001b6	3
008001ce	008001cf	2
008001e4	008001e6	3
008001fe	008001ff	2
00800214	00800216	3
0080022e	0080028f	98
0080029a	0080035f	198
00800374	00800376	3
0080038e	0080038f	2
008003b4	008003b6	3
008003ce	008003cf	2
008003df	008003e1	3
00800401	0080040f	15
0080041f	00800421	3
00800441	0080044f	15
0080045f	00800461	3
00800481	008004ef	111
00800504	00800506	3
0080051e	0080051f	2
00800545	0080055f	27
0080056b	0080057f	21
0080058b	0080058f	5
0080059b	0080059f	5
008005ab	008005af	5
008005bb	008005bf	5
008005cb	008005cf	5
008005db	008005df	5
008005eb	008005ef	5
008005fb	008005ff	5
0080060b	0080060f	5
0080061b	0080061f	5
0080062b	0080062f	5
0080063b	0080063f	5
0080064b	0080064f	5
0080065b	0080065f	5
0080066b	0080066f	5
00800684	00800686	3
0080069e	0080069f	2
008006b4	008006b6	3
008006ce	0080072f	98
00800744	00800746	3
00800768	0080076f	8
00800784	00800786	3
008007a8	008007af	8
008007c4	008007c6	3
008007e8	008007ef	8
00800804	00800806	3
00800828	0080082f	8
00800844	00800846	3
00800868	0080086f	8
00800884	00800886	3
008008a8	008008af	8
008008c4	008008c6	3
008008e8	008008ef	8
00800904	00800906	3
0080091e	0080091f	2
00800934	00800936	3
0080094e	0080094f	2
00800964	00800966	3
0080097e	0080097f	2
0080098a	0080098f	6
0080099b	0080099f	5
008009ab	008009af	5
008009bb	008009bf	5
008009cb	008009cf	5
008009db	008009df	5
008009eb	008009ef	5
008009fb	008009ff	5
00800a0b	00800a0f	5
00800a1b	00800a1f	5
00800a34	00800a36	3
00800a4e	00800aa3	86
00800acc	00800acf	4
00800adf	00800ae1	3
00800b01	00800b0f	15
00800b1f	00800b21	3
00800b41	00800b4f	15
00800b75	00800b8f	27
00800b9a	00800b9f	6
00800bc5	00800bcf	11
00800be4	00800be6	3
00800bfe	00800bff	2
00800c14	00800c16	3
00800c2e	00800c2f	2
00800c3b	00800c3f	5
00800c4b	00800c4f	5
00800c5b	00800c5f	5
00800c6b	00800c6f	5
00800c7b	00800c7f	5
00800c8b	00800c8f	5
00800c9b	00800c9f	5
00800cab	00800caf	5
00800cbb	00800cbf	5
00800ccb	00800ccf	5
00800cdb	00800cdf	5
00800ceb	00800cef	5
00800cfb	00800cff	5
00800d0b	00800d0f	5
00800d1b	00800d1f	5
00800d2b	00800d2f	5
00800d3b	00800d3f	5
00800d4b	00800d4f	5
00800d5b	00800d5f	5
00800d6b	00800d6f	5
00800d7b	00800d7f	5
00800d8b	00800d8f	5
00800d9b	00800d9f	5
00800dab	00800daf	5
00800dbb	00800dbf	5
00800dcb	00800dcf	5
00800ddb	00800ddf	5
00800deb	00800def	5
00800dfb	00800dff	5
00800e0b	00800e0f	5
00800e1b	00800e1f	5
00800e2b	00800e2f	5
00800e3b	00800e3f	5
00800e4b	00800e4f	5
00800e5b	00800e5f	5
00800e6b	00800e6f	5
00800e7b	00800e7f	5
00800e8b	00800e8f	5
00800e9b	00800e9f	5
00800eab	00800eaf	5
00800ebb	00800ebf	5
00800ecb	00800ecf	5
00800edb	00800edf	5
00800eeb	00800eef	5
00800efb	00800eff	5
00800f0b	00800f0f	5
00800f1b	00800f1f	5
00800f34	00800f36	3
00800f4e	00800f4f	2
00800f64	00800f66	3
00800f7e	00800f7f	2
00800f94	00800f96	3
00800fae	00800faf	2
00800fc4	00800fc6	3
00800fde	00800fdf	2
00800ff4	00800ff6	3
0080100e	0080100f	2
00801024	00801026	3
0080103e	0080103f	2
00801054	00801056	3
0080106e	0080106f	2
00801084	00801086	3
0080109e	0080109f	2
008010b4	008010b6	3
008010ce	008010cf	2
008010e4	008010e6	3
008010fe	008010ff	2
00801114	00801116	3
0080112e	0080112f	2
00801144	00801146	3
0080115e	0080115f	2
00801174	00801176	3
0080118e	0080118f	2
008011a4	008011a6	3
008011be	008011bf	2
008011d4	008011d6	3
008011ee	008011ef	2
00801204	00801206	3
0080121e	0080121f	2
00801234	00801236	3
0080124e	0080124f	2
00801264	00801266	3
0080127e	0080127f	2
00801294	00801296	3
008012ae	008012af	2
008012c4	008012c6	3
008012de	008012df	2
008012f4	008012f6	3
0080130e	0080130f	2
00801324	00801326	3
0080133e	0080133f	2
00801354	00801356	3
0080136e	0080136f	2
00801384	00801386	3
0080139e	0080139f	2
008013b4	008013b6	3
008013ce	008013cf	2
008013e4	008013e6	3
008013fe	008013ff	2
00801414	00801416	3
0080142e	0080142f	2
00801444	00801446	3
0080145e	0080145f	2
00801474	00801476	3
0080148e	0080148f	2
008014a4	008014a6	3
008014be	008014bf	2
008014d4	008014d6	3
008014ee	008014ef	2
00801504	00801506	3
0080151e	0080151f	2
00801534	00801536	3
0080154e	0080154f	2
00801564	00801566	3
0080157e	008015df	98
008015f4	008015f6	3
00801618	0080161f	8
00801634	00801636	3
00801658	0080165f	8
00801674	00801676	3
00801698	0080169f	8
008016b4	008016b6	3
008016d8	008016df	8
008016f4	008016f6	3
00801718	0080171f	8
00801734	00801736	3
00801758	0080175f	8
00801774	00801776	3
00801798	0080179f	8
008017b4	008017b6	3
008017ce	008017cf	2
008017e5	008017ff	27
0080180f	00801811	3
00801831	0080183f	15
0080184f	00801851	3
00801871	0080187f	15
0080188f	00801891	3
008018b1	0080191f	111
00801934	00801936	3
0080194e	0080194f	2
00801964	00801966	3
0080197e	0080197f	2
0080198f	00801991	3
008019b1	008019bf	15
008019cb	008019cf	5
008019db	008019df	5
008019eb	008019ef	5
008019fb	008019ff	5
00801a0b	00801a0f	5
00801a1b	00801a1f	5
00801a2b	00801a2f	5
00801a3b	00801a3f	5
00801a4b	00801a4f	5
00801a5b	00801a5f	5
00801a6b	00801a6f	5
00801a7b	00801a7f	5
00801a8b	00801a8f	5
00801a9b	00801a9f	5
00801aab	00801aaf	5
00801abb	00801abf	5
00801acb	00801acf	5
00801adb	00801adf	5
00801aeb	00801aef	5
00801afb	00801aff	5
00801b0b	00801b0f	5
00801b1b	00801b1f	5
00801b2b	00801b2f	5
00801b3b	00801b3f	5
00801b4b	00801b4f	5
00801b5b	00801b5f	5
00801b6b	00801b6f	5
00801b7b	00801b7f	5
00801b8b	00801b8f	5
00801b9b	00801b9f	5
00801bab	00801baf	5
00801bbb	00801bbf	5
00801bcb	00801bcf	5
00801bdb	00801bdf	5
00801beb	00801bef	5
00801bfb	00801bff	5
00801c0b	00801c0f	5
00801c1b	00801c1f	5
00801c2b	00801c2f	5
00801c3b	00801c3f	5
00801c4b	00801c4f	5
00801c5b	00801c5f	5
00801c6b	00801c6f	5
00801c7b	00801c7f	5
00801c8b	00801c8f	5
00801c9b	00801c9f	5
00801cab	00801caf	5
00801cbb	00801cbf	5
00801ccb	00801ccf	5
00801cdb	00801cdf	5
00801ceb	00801cef	5
00801cfb	00801cff	5
00801d0b	00801d0f	5
00801d1b	00801d1f	5
00801d2b	00801d2f	5
00801d3b	00801d3f	5
00801d4b	00801d4f	5
00801d5b	00801d5f	5
00801d6b	00801d6f	5
00801d7b	00801d7f	5
00801d8b	00801d8f	5
00801d9b	00801d9f	5
00801dab	00801daf	5
00801dbb	00801dbf	5
00801dcb	00801dcf	5
00801ddb	00801ddf	5
00801deb	00801def	5
00801dfb	00801dff	5
00801e0b	00801e0f	5
00801e1b	00801e1f	5
00801e2b	00801e2f	5
00801e3b	00801e3f	5
00801e4b	00801e4f	5
00801e5b	00801e5f	5
00801e6b	00801e6f	5
00801e7b	00801e7f	5
00801e8b	00801e8f	5
00801e9b	00801e9f	5
00801eab	00801eaf	5
00801ebb	00801ebf	5
00801ecb	00801ecf	5
00801edb	00801edf	5
00801eeb	00801eef	5
00801efb	00801eff	5
00801f0b	00801f0f	5
00801f1b	00801f1f	5
00801f2b	00801f2f	5
00801f3b	00801f3f	5
00801f4b	00801f4f	5
00801f5b	00801f5f	5
00801f6b	00801f6f	5
00801f7b	00801f7f	5
00801f8b	00801f8f	5
00801f9b	00801f9f	5
00801fab	00801faf	5
00801fbb	00801fbf	5
00801fcb	00801fcf	5
00801fdb	00801fdf	5
00801feb	00801fef	5
00801ffb	00801fff	5
0080200b	0080200f	5
0080201b	0080201f	5
0080202b	0080202f	5
0080203b	0080203f	5
0080204b	0080204f	5
0080205b	0080205f	5
0080206b	0080206f	5
0080207b	0080207f	5
0080208b	0080208f	5
0080209b	0080209f	5
008020ab	008020af	5
008020bb	008020bf	5
008020cb	008020cf	5
008020db	008020df	5
008020eb	008020ef	5
008020fb	008020ff	5
0080210b	0080210f	5
0080211b	0080211f	5
0080212b	0080212f	5
0080213b	0080213f	5
0080214b	0080214f	5
0080215b	0080215f	5
0080216b	0080216f	5
0080217b	0080217f	5
0080218b	0080218f	5
0080219b	0080219f	5
008021ab	008021af	5
008021bb	008021bf	5
008021cb	008021cf	5
008021db	008021df	5
008021eb	008021ef	5
008021fb	008021ff	5
0080220b	0080220f	5
0080221b	0080221f	5
0080222b	0080222f	5
0080223b	0080223f	5
0080224b	0080224f	5
0080225b	0080225f	5
0080226b	0080226f	5
0080227b	0080227f	5
0080228b	0080228f	5
0080229b	0080229f	5
008022ab	008022af	5
008022bb	008022bf	5
008022cb	008022cf	5
008022db	008022df	5
008022eb	008022ef	5
008022fb	008022ff	5
0080230b	0080230f	5
0080231b	0080231f	5
0080232b	0080232f	5
0080233b	0080233f	5
0080234b	0080234f	5
0080235b	0080235f	5
0080236b	0080236f	5
0080237b	0080237f	5
0080238b	0080238f	5
0080239b	0080239f	5
008023ab	008023af	5
008023bb	008023bf	5
008023cb	008023cf	5
008023db	008023df	5
008023eb	008023ef	5
008023fb	008023ff	5
0080240b	0080240f	5
0080241b	0080241f	5
0080242b	0080242f	5
0080243b	0080243f	5
0080244b	0080244f	5
0080245b	0080245f	5
0080246b	0080246f	5
0080247b	0080247f	5
0080248b	0080248f	5
0080249b	0080249f	5
008024ab	008024af	5
008024bb	008024bf	5
008024cb	008024cf	5
008024db	008024df	5
008024eb	008024ef	5
008024fb	008024ff	5
0080250b	0080250f	5
0080251b	0080251f	5
0080252b	0080252f	5
0080253b	0080253f	5
0080254b	0080254f	5
0080255b	0080255f	5
0080256b	0080256f	5
0080257b	0080257f	5
0080258b	0080258f	5
0080259b	0080259f	5
008025ab	008025af	5
008025bb	008025bf	5
008025cb	008025cf	5
008025db	008025df	5
008025eb	008025ef	5
008025fb	008025ff	5
0080260b	0080260f	5
0080261b	0080261f	5
0080262b	0080262f	5
0080263b	0080263f	5
0080264b	0080264f	5
0080265b	0080265f	5
0080266b	0080266f	5
0080267b	0080267f	5
0080268b	0080268f	5
0080269b	0080269f	5
008026ab	008026af	5
008026bb	008026bf	5
008026cb	008026cf	5
008026db	008026df	5
008026eb	008026ef	5
008026fb	008026ff	5
0080270b	0080270f	5
0080271b	0080271f	5
0080272b	0080272f	5
0080273b	0080273f	5
0080274b	0080274f	5
0080275b	0080275f	5
0080276b	0080276f	5
0080277b	0080277f	5
0080278b	0080278f	5
0080279b	0080279f	5
008027ab	008027af	5
008027bb	008027bf	5
008027cb	008027cf	5
008027db	008027df	5
008027eb	008027ef	5
008027fb	008027ff	5
0080280b	0080280f	5
0080281b	0080281f	5
0080282b	0080282f	5
0080283b	0080283f	5
0080284b	0080284f	5
0080285b	0080285f	5
0080286b	0080286f	5
0080287b	0080287f	5
0080288b	0080288f	5
0080289b	0080289f	5
008028ab	008028af	5
008028bb	008028bf	5
008028cb	008028cf	5
008028db	008028df	5
008028eb	008028ef	5
008028fb	008028ff	5
0080290b	0080290f	5
0080291b	0080291f	5
0080292b	0080292f	5
0080293b	0080293f	5
0080294b	0080294f	5
0080295b	0080295f	5
0080296b	0080296f	5
0080297b	0080297f	5
0080298b	0080298f	5
0080299b	0080299f	5
008029ab	008029af	5
008029bb	008029bf	5
008029cb	008029cf	5
008029db	008029df	5
008029eb	008029ef	5
008029fb	008029ff	5
00802a0b	00802a0f	5
00802a1b	00802a1f	5
00802a2b	00802a2f	5
00802a3b	00802a3f	5
00802a4b	00802a4f	5
00802a5b	00802a5f	5
00802a6b	00802a6f	5
00802a7b	00802a7f	5
00802a8b	00802a8f	5
00802a9b	00802a9f	5
00802aab	00802aaf	5
00802abb	00802abf	5
00802acb	00802acf	5
00802adb	00802adf	5
00802aeb	00802aef	5
00802afb	00802aff	5
00802b0b	00802b0f	5
00802b1b	00802b1f	5
00802b2b	00802b2f	5
00802b3b	00802b3f	5
00802b4b	00802b4f	5
00802b5b	00802b5f	5
00802b6b	00802b6f	5
00802b7b	00802b7f	5
00802b8b	00802b8f	5
00802b9b	00802b9f	5
00802bab	00802baf	5
00802bbb	00802bbf	5
00802bcb	00802bcf	5
00802bdb	00802bdf	5
00802beb	00802bef	5
00802bfb	00802bff	5
00802c0b	00802c0f	5
00802c1b	00802c1f	5
00802c2b	00802c2f	5
00802c3b	00802c3f	5
00802c4b	00802c4f	5
00802c5b	00802c5f	5
00802c6b	00802c6f	5
00802c7b	00802c7f	5
00802c8b	00802c8f	5
00802c9b	00802c9f	5
00802cab	00802caf	5
00802cbb	00802cbf	5
00802ccb	00802ccf	5
00802cdb	00802cdf	5
00802ceb	00802cef	5
00802cfb	00802cff	5
00802d0b	00802d0f	5
00802d1b	00802d1f	5
00802d2b	00802d2f	5
00802d3b	00802d3f	5
00802d4b	00802d4f	5
00802d5b	00802d5f	5
00802d6b	00802d6f	5
00802d7b	00802d7f	5
00802d8b	00802d8f	5
00802d9b	00802d9f	5
00802dab	00802daf	5
00802dbb	00802dbf	5
00802dcb	00802dcf	5
00802ddb	00802ddf	5
00802deb	00802def	5
00802dfb	00802dff	5
00802e0b	00802e0f	5
00802e1b	00802e1f	5
00802e2b	00802e2f	5
00802e3b	00802e3f	5
00802e4b	00802e4f	5
00802e5b	00802e5f	5
00802e6b	00802e6f	5
00802e7b	00802e7f	5
00802e8b	00802e8f	5
00802e9b	00802e9f	5
00802eab	00802eaf	5
00802ebb	00802ebf	5
00802ecb	00802ecf	5
00802edb	00802edf	5
00802eeb	00802eef	5
00802efb	00802eff	5
00802f0b	00802f0f	5
00802f1b	00802f1f	5
00802f2b	00802f2f	5
00802f3b	00802f3f	5
00802f4b	00802f4f	5
00802f5b	00802f5f	5
00802f6b	00802f6f	5
00802f7b	00802f7f	5
00802f8b	00802f8f	5
00802f9b	00802f9f	5
00802fab	00802faf	5
00802fbb	00802fbf	5
00802fcb	00802fcf	5
00802fdb	00802fdf	5
00802feb	00802fef	5
00802ffb	00802fff	5
0080300b	0080300f	5
0080301b	0080301f	5
0080302b	0080302f	5
00803044	00803046	3
0080305e	0080305f	2
00803074	00803076	3
0080308e	0080308f	2
008030a4	008030a6	3
008030be	008030bf	2
008030d4	008030d6	3
008030ee	008030ef	2
00803104	00803106	3
0080311e	0080311f	2
00803134	00803136	3
0080314e	0080314f	2
00803164	00803166	3
0080317e	0080317f	2
00803194	00803196	3
008031ae	008031af	2
008031c4	008031c6	3
008031de	008031df	2
008031f4	008031f6	3
0080320e	0080320f	2
00803224	00803226	3
0080323e	0080323f	2
00803254	00803256	3
0080326e	0080326f	2
00803284	00803286	3
0080329e	0080329f	2
008032b4	008032b6	3
008032ce	008032cf	2
008032e4	008032e6	3
008032fe	008032ff	2
00803314	00803316	3
0080332e	0080332f	2
00803344	00803346	3
0080335e	0080335f	2
00803374	00803376	3
0080338e	0080338f	2
008033a4	008033a6	3
008033be	008033bf	2
008033d4	008033d6	3
008033ee	008033ef	2
00803404	00803406	3
0080341e	0080341f	2
00803434	00803436	3
0080344e	0080344f	2
00803464	00803466	3
0080347e	0080347f	2
00803494	00803496	3
008034ae	008034af	2
008034c4	008034c6	3
008034de	008034df	2
008034f4	008034f6	3
0080350e	0080350f	2
00803524	00803526	3
0080353e	0080353f	2
00803554	00803556	3
0080356e	0080356f	2
00803584	00803586	3
0080359e	0080359f	2
008035b4	008035b6	3
008035ce	008035cf	2
008035e4	008035e6	3
008035fe	008035ff	2
00803614	00803616	3
0080362e	0080362f	2
00803644	00803646	3
0080365e	0080365f	2
00803674	00803676	3
0080368e	0080368f	2
008036a4	008036a6	3
008036be	008036bf	2
008036d4	008036d6	3
008036ee	008036ef	2
00803704	00803706	3
0080371e	0080371f	2
00803734	00803736	3
0080374e	0080374f	2
00803764	00803766	3
0080377e	0080377f	2
00803794	00803796	3
008037ae	008037af	2
008037c4	008037c6	3
008037de	008037df	2
008037f4	008037f6	3
0080380e	0080380f	2
00803824	00803826	3
0080383e	0080383f	2
00803854	00803856	3
0080386e	0080386f	2
00803884	00803886	3
0080389e	0080389f	2
008038b4	008038b6	3
008038ce	008038cf	2
008038e4	008038e6	3
008038fe	008038ff	2
00803914	00803916	3
0080392e	0080392f	2
00803944	00803946	3
0080395e	0080395f	2
00803974	00803976	3
0080398e	0080398f	2
008039a4	008039a6	3
008039be	008039bf	2
008039d4	008039d6	3
008039ee	008039ef	2
00803a04	00803a06	3
00803a1e	00803a1f	2
00803a34	00803a36	3
00803a4e	00803a4f	2
00803a64	00803a66	3
00803a7e	00803a7f	2
00803a94	00803a96	3
00803aae	00803aaf	2
00803ac4	00803ac6	3
00803ade	00803adf	2
00803af4	00803af6	3
00803b0e	00803b0f	2
00803b24	00803b26	3
00803b3e	00803b3f	2
00803b54	00803b56	3
00803b6e	00803b6f	2
00803b84	00803b86	3
00803b9e	00803b9f	2
00803bb4	00803bb6	3
00803bce	00803bcf	2
00803be4	00803be6	3
00803bfe	00803bff	2
00803c14	00803c16	3
00803c2e	00803c2f	2
00803c44	00803c46	3
00803c5e	00803c5f	2
00803c74	00803c76	3
00803c8e	00803c8f	2
00803ca4	00803ca6	3
00803cbe	00803cbf	2
00803cd4	00803cd6	3
00803cee	00803cef	2
00803d04	00803d06	3
00803d1e	00803d1f	2
00803d34	00803d36	3
00803d4e	00803d4f	2
00803d64	00803d66	3
00803d7e	00803d7f	2
00803d94	00803d96	3
00803dae	00803daf	2
00803dc4	00803dc6	3
00803dde	00803ddf	2
00803df4	00803df6	3
00803e0e	00803e0f	2
00803e24	00803e26	3
00803e3e	00803e3f	2
00803e54	00803e56	3
00803e6e	00803e6f	2
00803e84	00803e86	3
00803e9e	00803e9f	2
00803eb4	00803eb6	3
00803ece	00803ecf	2
00803ee4	00803ee6	3
00803efe	00803eff	2
00803f14	00803f16	3
00803f2e	00803f2f	2
00803f44	00803f46	3
00803f5e	00803f5f	2
00803f74	00803f76	3
00803f8e	00803f8f	2
00803fa4	00803fa6	3
00803fbe	00803fbf	2
00803fd4	00803fd6	3
00803fee	00803fef	2
00804004	00804006	3
0080401e	0080401f	2
00804034	00804036	3
0080404e	0080404f	2
00804064	00804066	3
0080407e	0080407f	2
00804094	00804096	3
008040ae	008040af	2
008040c4	008040c6	3
008040de	008040df	2
008040f4	008040f6	3
0080410e	0080410f	2
00804124	00804126	3
0080413e	0080413f	2
00804154	00804156	3
0080416e	0080416f	2
00804184	00804186	3
0080419e	0080419f	2
008041b4	008041b6	3
008041ce	008041cf	2
008041e4	008041e6	3
008041fe	008041ff	2
00804214	00804216	3
0080422e	0080422f	2
00804244	00804246	3
0080425e	0080425f	2
00804274	00804276	3
0080428e	0080428f	2
008042a4	008042a6	3
008042be	008042bf	2
008042d4	008042d6	3
008042ee	008042ef	2
00804304	00804306	3
0080431e	0080431f	2
00804334	00804336	3
0080434e	0080434f	2
00804364	00804366	3
0080437e	0080437f	2
00804394	00804396	3
008043ae	008043af	2
008043c4	008043c6	3
008043de	008043df	2
008043f4	008043f6	3
0080440e	0080443f	50
00804454	00804456	3
0080446e	0080446f	2
00804484	00804486	3
0080449e	008044ff	98
00804514	00804516	3
00804538	0080453f	8
00804554	00804556	3
00804578	0080457f	8
00804594	00804596	3
008045b8	008045bf	8
008045d4	008045d6	3
008045f8	008045ff	8
00804614	00804616	3
00804638	0080463f	8
00804654	00804656	3
00804678	0080467f	8
00804694	00804696	3
008046b8	008046bf	8
008046d4	008046d6	3
008046f8	008046ff	8
00804714	00804716	3
00804738	0080473f	8
00804754	00804756	3
00804778	0080477f	8
00804794	00804796	3
008047b8	008047bf	8
008047d4	008047d6	3
008047f8	008047ff	8
00804814	00804816	3
00804838	0080483f	8
00804854	00804856	3
00804878	0080487f	8
00804894	00804896	3
008048b8	008048bf	8
008048d4	008048d6	3
008048f8	008048ff	8
00804914	00804916	3
00804938	0080493f	8
00804954	00804956	3
00804978	0080497f	8
00804994	00804996	3
008049b8	008049bf	8
008049d4	008049d6	3
008049f8	008049ff	8
00804a0a	00804a0f	6
00804a1a	00804a1f	6
00804a34	00804a36	3
00804a58	00804a5f	8
00804a74	00804a76	3
00804a98	00804a9f	8
00804ab4	00804ab6	3
00804ad8	00804adf	8
00804af4	00804af6	3
00804b18	00804b1f	8
00804b34	00804b36	3
00804b58	00804b5f	8
00804b74	00804b76	3
00804b98	00804b9f	8
00804bb4	00804bb6	3
00804bd8	00804bdf	8
00804bf4	00804bf6	3
00804c18	00804c1f	8
00804c34	00804c36	3
00804c58	00804c5f	8
00804c74	00804c76	3
00804c98	00804c9f	8
00804cb4	00804cb6	3
00804cd8	00804cdf	8
00804cf4	00804cf6	3
00804d18	00804d1f	8
00804d34	00804d36	3
00804d58	00804d5f	8
00804d74	00804d76	3
00804d98	00804d9f	8
00804db4	00804db6	3
00804dd8	00804ddf	8
00804df4	00804df6	3
00804e18	00804e1f	8
00804e34	00804e36	3
00804e58	00804e5f	8
00804e74	00804e76	3
00804e98	00804e9f	8
00804eb4	00804eb6	3
00804ed8	00804edf	8
00804ef4	00804ef6	3
00804f18	00804f1f	8
00804f34	00804f36	3
00804f58	00804f5f	8
00804f74	00804f76	3
00804f98	00804f9f	8
00804fb4	00804fb6	3
00804fd8	00804fdf	8
00804ff4	00804ff6	3
00805018	0080501f	8
00805034	00805036	3
00805058	0080505f	8
00805074	00805076	3
00805098	0080509f	8
008050b4	008050b6	3
008050d8	008050df	8
008050f4	008050f6	3
00805118	0080511f	8
00805134	00805136	3
00805158	0080515f	8
00805174	00805176	3
00805198	0080519f	8
008051b4	008051b6	3
008051d8	008051df	8
008051f4	008051f6	3
00805218	0080521f	8
00805234	00805236	3
00805258	0080525f	8
00805274	00805276	3
00805298	0080529f	8
008052b4	008052b6	3
008052d8	008052df	8
008052f4	008052f6	3
00805318	0080531f	8
00805334	00805336	3
00805358	0080535f	8
00805374	00805376	3
00805398	0080539f	8
008053b4	008053b6	3
008053d8	008053df	8
008053f4	008053f6	3
00805418	0080541f	8
00805434	00805436	3
00805458	0080545f	8
00805474	00805476	3
00805498	0080549f	8
008054b4	008054b6	3
008054d8	008054df	8
008054f4	008054f6	3
00805518	0080551f	8
00805534	00805536	3
00805558	0080555f	8
00805574	00805576	3
00805598	0080559f	8
008055b4	008055b6	3
008055d8	008055df	8
008055f4	008055f6	3
00805618	0080561f	8
00805634	00805636	3
00805658	0080565f	8
00805674	00805676	3
00805698	0080569f	8
008056b4	008056b6	3
008056d8	008056df	8
008056f4	008056f6	3
00805718	0080571f	8
00805734	00805736	3
00805758	0080575f	8
00805774	00805776	3
00805798	0080579f	8
008057b4	008057b6	3
008057d8	008057df	8
008057f4	008057f6	3
00805818	0080581f	8
00805834	00805836	3
00805858	0080585f	8
00805874	00805876	3
00805898	0080589f	8
008058b4	008058b6	3
008058d8	008058df	8
008058f4	008058f6	3
00805918	0080591f	8
00805934	00805936	3
00805958	0080595f	8
0080596f	00805971	3
00805991	0080599f	15
008059af	008059b1	3
008059d1	008059df	15
008059ea	008059ef	6
008059fa	008059ff	6
00805a0a	00805a0f	6
00805a1a	00805a1f	6
00805a2a	00805a2f	6
00805a44	00805a46	3
00805a5e	00805a5f	2
00805a6a	00805a6f	6
00805a7a	00805a7f	6
00805a8a	00805a8f	6
00805a9a	00805a9f	6
00805aaa	00805aaf	6
00805aba	00805abf	6
00805aca	00805acf	6
00805ada	00805adf	6
00805aea	00805aef	6
00805afa	00805aff	6
00805b0a	00805b0f	6
00805b1a	00805b1f	6
00805b2a	00805b2f	6
00805b3a	00805b3f	6
00805b4a	00805b4f	6
00805b5a	00805b5f	6
00805b6a	00805b6f	6
00805b7a	00805b7f	6
00805b8a	00805b8f	6
00805b9f	00805ba1	3
00805bc1	00805bcf	15
00805bdf	00805be1	3
00805c01	00805c0f	15
00805c1a	00805c1f	6
00805c2a	00805c2f	6
00805c3a	00805c3f	6
00805c4a	00805c4f	6
00805c5a	00805c5f	6
00805c6a	00805c6f	6
00805c7a	00805c7f	6
00805c8a	00805c8f	6
00805c9a	00805c9f	6
00805caa	00805caf	6
00805cba	00805cbf	6
00805cca	00805ccf	6
00805cda	00805cdf	6
00805cea	00805cef	6
00805cfa	00805cff	6
00805d0a	00805d0f	6
00805d1a	00805d1f	6
00805d2a	00805d2f	6
00805d3a	00805d3f	6
00805d4a	00805d4f	6
00805d5a	00805d5f	6
00805d6a	00805d6f	6
00805d7a	00805d7f	6
00805d8a	00805d8f	6
00805d9a	00805d9f	6
00805daa	00805daf	6
00805dba	00805dbf	6
00805dca	00805dcf	6
00805dda	00805ddf	6
00805dea	00805def	6
00805dfa	00805dff	6
00805e0a	00805e0f	6
00805e1a	00805e1f	6
00805e2a	00805e2f	6
00805e3a	00805e3f	6
00805e4a	00805e4f	6
00805e5a	00805e5f	6
00805e6a	00805e6f	6
00805e7a	00805e7f	6
00805e8a	00805e8f	6
00805e9a	00805e9f	6
00805eaa	00805eaf	6
00805eba	00805ebf	6
00805eca	00805ecf	6
00805eda	00805edf	6
00805eea	00805eef	6
00805efa	00805eff	6
00805f0a	00805f0f	6
00805f1a	00805f1f	6
00805f2a	00805f2f	6
00805f3a	00805f3f	6
00805f4a	00805f4f	6
00805f5a	00805f5f	6
00805f6a	00805f6f	6
00805f7a	00805f7f	6
00805f8a	00805f8f	6
00805f9a	00805f9f	6
00805faa	00805faf	6
00805fba	00805fef	54
00805ffa	00805fff	6
0080600a	0080600f	6
0080601a	0080601f	6
0080602a	0080604f	38
0080605a	0080605f	6
0080606a	0080606f	6
0080607a	0080607f	6
0080608a	008060af	38
008060ba	008060bf	6
008060ca	008060cf	6
008060da	008060df	6
008060ea	008060ef	6
008060fa	008060ff	6
0080610a	0080610f	6
0080611a	0080611f	6
0080612a	0080612f	6
0080613a	0080613f	6
0080614a	0080614f	6
0080615a	0080615f	6
0080616a	0080616f	6
0080617a	0080617f	6
0080618a	0080618f	6
0080619a	0080619f	6
008061aa	008061af	6
008061ba	008061cf	22
008061da	008061df	6
008061ea	008061ef	6
008061fa	008061ff	6
0080620a	0080620f	6
0080621a	0080621f	6
0080622a	0080622f	6
0080623a	0080623f	6
0080624a	0080624f	6
0080625a	0080625f	6
0080626a	0080626f	6
00806294	00806296	3
008062aa	008062af	6
008062cf	008063ff	305
