00409fd0	gameplay	BFSoldier__v348_slot25	RTTI:00836adc	BFSoldier__v348_slot25;BFSoldier__v348_slot26;BFSoldier__v348_slot27;BFSoldier__v348_slot37;BFSoldier__v0_slot73;PhysicsNode__v0_slot62;StaticResponsePhysics__v0_slot28;StaticPhysicsNode__v0_slot52;StaticPhysicsNode__v0_slot56;StaticPhysicsNode__v0_slot61;StaticPhysicsNode__v0_slot62;StaticPhysicsNode__v0_slot63;PointResponsePhysics__v0_slot28;PhysicsEngine__v0_slot62;PhysicsFloatingBundle__v0_slot62;PhysicsSpring__v0_slot62;PhysicsWing__v0_slot62;PhysicsWinch__v0_slot62;AIObject__v0_slot29;AIObjectReal__v0_slot29;AIObjectShared__v0_slot29;AIObjectSecondaryReal__v0_slot28;AIObjectSecondaryReal__v0_slot29;AIObjectSecondaryShared__v0_slot28;AIObjectSecondaryShared__v0_slot29;AIPredWrapper__v0_slot03;ISVUBot__v0_slot04;SVUBotVehicle__v0_slot04;SVUBotPos__v0_slot04;SVUBotHealth__v0_slot04;SVUBotExists__v0_slot04;BAPAResetControls__v0_slot04;BAPAMoveTo3d__v0_slot04;BAPATrigger__v0_slot04;BAPAMoveTo__v0_slot04;BAPAMoveTo__v0_slot10;BAPAMoveToObject__v0_slot04;BAPAMoveToObject__v0_slot10;BAPAMoveToObjectFinding__v0_slot04;BAPAMoveToObjectFinding__v0_slot10;BAPAMoveTo3dObject__v0_slot04;BAPAMoveToFinding__v0_slot04;BAPAMoveToFinding__v0_slot10;BAPALook__v0_slot04;BAPALookAtObject__v0_slot04;BAPAMoveToDirect__v0_slot04;BAPAMoveToDirect__v0_slot13;BAPASoldierPose__v0_slot04;BAPALookAhead__v0_slot04;BAPATriggerContinously__v0_slot04;BAPALookInDir__v0_slot04;BAPASense__v0_slot04;BAPATurn__v0_slot04;BAPATurnTowardsDirection__v0_slot04;BAPAAimAt__v0_slot04;BAPAAimAtPoint__v0_slot04;BAPAAimAtObject__v0_slot04;BAPATurnTowardsObject__v0_slot04;BAPASendMessage__v0_slot04;BAPAMoveTo3dDirection__v0_slot04;BAPAAimAt3d__v0_slot04;BAPAAimAtObject3d__v0_slot04;BAPARoll3d__v0_slot04
0040a260	gameplay	PhysicsModule__v0_slot07	RTTI:00809e90	PhysicsModule__v0_slot07;NetworkModule__v0_slot07;AIDifficulty__v0_slot02;AIDifficulty__v0_slot03;NoBotRespawningForTeam__v0_slot02;NoBotRespawningForTeam__v0_slot03;PlayerControlPoint__v0_slot02;PlayerControlPoint__v0_slot03;BotTeamControlPoint__v0_slot02;BotTeamControlPoint__v0_slot03;BotTeamSpawnGroup__v0_slot02;BotTeamSpawnGroup__v0_slot03;BotControlPoint__v0_slot02;BotControlPoint__v0_slot03;BotSpawnGroup__v0_slot02;BotSpawnGroup__v0_slot03;ControlPointCapture__v0_slot03;ControlPointPossession__v0_slot03;ControlPointDefense__v0_slot02;HandFireArms__v0_slot69;PhysicsNode__v0_slot61;StaticPhysicsNode__v0_slot69;PointResponsePhysics__v0_slot21;PointPhysicsNode__v0_slot61;PointPhysicsNode__v0_slot62;PointPhysicsNode__v0_slot69;PhysicsEngine__v0_slot61;PhysicsFloatingBundle__v0_slot61;PhysicsSpring__v0_slot61;PhysicsWing__v0_slot61;PhysicsWinch__v0_slot61;AIObjectPrimaryReal__v0_slot28;AIObjectPrimaryShared__v0_slot28;BAPICScout__v0_slot04;ISVUBot__v0_slot02;ISVUBot__v0_slot03;SVUBotVehicle__v0_slot02;SVUBotVehicle__v0_slot03;SVUBotPos__v0_slot02;SVUBotPos__v0_slot03;SVUBotHealth__v0_slot02;SVUBotHealth__v0_slot03;SVUBotExists__v0_slot02;SVUBotExists__v0_slot03;BAPFlowCWhile__v0_slot04;BAPCombinerSerial__v0_slot04;BAPInfoWrapper__v0_slot04;BAPIWIdle__v0_slot04;BAPAUpdateVehicle__v0_slot04;BAPCombinerParallel__v0_slot04;BAPAMoveToObjectFinding__v0_slot13;BAPAMoveToFinding__v0_slot13;BAPIWChange__v0_slot04;BAPICTurnLock__v0_slot04;BAPICChangeVehicle__v0_slot04;BAPFlowCWait__v0_slot04;BAPIWFire__v0_slot04;BAPFlowCIf__v0_slot04;BAPIWMoveTo__v0_slot04;BAPIWScout__v0_slot04;BAPAChangeWeapon__v0_slot04;BAPANotifyBot__v0_slot04;BAPFlowCEnd__v0_slot04;BAPWrapperAiming__v0_slot04;BAPWrapperFinished__v0_slot04;BAPWrapperWeapon__v0_slot04;BAPAEvaluate__v0_slot04;BAPIWRoam__v0_slot04;BAPIWTakeCover__v0_slot04
0043e3f0	ai	BotManager__v4_slot09	RTTI:008768d4	BotManager__v4_slot09
0046bc80	ai	AIPathfinding__v4_slot55	RTTI:0087747c	AIPathfinding__v4_slot55
0048b5e0	ai	BAPConTrue__v0_slot01	RTTI:00873c84	BAPConTrue__v0_slot01
00499b30	ai	AIObjectUnit__v0_slot04	RTTI:0087763c	AIObjectUnit__v0_slot04
0049d4c0	gameplay	PlayerControlPoint__v0_slot00	RTTI:0081ace4	PlayerControlPoint__v0_slot00;BotControlPoint__v0_slot00;ControlPointCapture__v0_slot00;ControlPointPossession__v0_slot00;ControlPointDefense__v0_slot00
0049d5a0	ai	BotTeamControlPoint__v0_slot00	RTTI:0081ad20	BotTeamControlPoint__v0_slot00
0049d950	ai	AIDifficulty__v0_slot00	RTTI:0081ac80	AIDifficulty__v0_slot00;NoBotRespawningForTeam__v0_slot00;BotTeamSpawnGroup__v0_slot00;BotSpawnGroup__v0_slot00
004b05f0	ai	BotManager__v4_slot08	RTTI:008768d4	BotManager__v4_slot08
004b7c70	gameplay	PointPhysicsNode__v0_slot54	RTTI:0084704c	PointPhysicsNode__v0_slot54;AIPathfinding__v4_slot35
004b7c80	ai	AIPathfinding__v4_slot37	RTTI:0087747c	AIPathfinding__v4_slot37
004b7d60	ai	BotMain__v0_slot55	RTTI:00876504	BotMain__v0_slot55
004b9f00	ai	AIPathfinding__v0_slot05	RTTI:008773a4	AIPathfinding__v0_slot05
004b9f60	ai	AIScriptManager__v0_slot23	RTTI:00872b94	AIScriptManager__v0_slot23
004b9f80	ai	AIScriptManager__v0_slot26	RTTI:00872b94	AIScriptManager__v0_slot26
004beb30	gameplay	BFSpawnPointTemplate__v0_slot18	RTTI:0081f03c	BFSpawnPointTemplate__v0_slot18;PlayerControlObjectTemplate__v0_slot18;ControlPointTemplate__v0_slot18;HandFireArmsTemplate__v0_slot18;BFSoldierTemplate__v0_slot18;ProjectileTemplate__v0_slot18;ClusterProjectileTemplate__v0_slot18;SpawnPointTemplate__v0_slot18;BAPAMoveToDirect__v0_slot10
004bfbf0	gameplay	KitNetworkable__v0_slot10	RTTI:008287cc	KitNetworkable__v0_slot10;BAPInfoWrapper__v0_slot06;BAPAMoveTo3dDirection__v0_slot03
004bfcc0	ai	BAPATurn__v0_slot03	RTTI:0087bc98	BAPATurn__v0_slot03;BAPATurnTowardsDirection__v0_slot03;BAPATurnTowardsObject__v0_slot03;BAPConObjectInsideFrustum__v0_slot01
004bfdc0	ai	BAPAResetControls__v0_slot03	RTTI:00878660	BAPAResetControls__v0_slot03;BAPConObjectDistance__v0_slot01
004bfe30	ai	BAPConObjectBehind__v0_slot01	RTTI:00878fc4	BAPConObjectBehind__v0_slot01
004c0020	gameplay	EntrySoldierPose__v0_slot02	RTTI:00875114	EntrySoldierPose__v0_slot02;BAPConObjectMoved__v0_slot01;BAPASoldierPose__v0_slot03
004c0350	ai	BAPASense__v0_slot03	RTTI:00879e70	BAPASense__v0_slot03;BAPConObjectInFront__v0_slot01
004c0440	ai	BAPALook__v0_slot03	RTTI:0087bc18	BAPALook__v0_slot03;BAPALookAtObject__v0_slot03;BAPALookAhead__v0_slot03;BAPALookInDir__v0_slot03
004c0600	ai	BAPICChangeVehicle__v0_slot03	RTTI:0087931c	BAPICChangeVehicle__v0_slot03
004c06b0	ai	BAPICScout__v0_slot03	RTTI:008744d0	BAPICScout__v0_slot03;BAPConObjectValidAiming__v0_slot01;BAPConObjectValidYawAiming__v0_slot01;BAPConObjectValidPitchAiming__v0_slot01
004c0730	gameplay	BFSoldierNetworkable__v0_slot10	RTTI:008286ac	BFSoldierNetworkable__v0_slot10;BAPConWeaponHeat__v0_slot01
004c07f0	ai	BAPAEvaluate__v0_slot03	RTTI:0087a9e4	BAPAEvaluate__v0_slot03;BAPConObjectVisible__v0_slot01
004c0b00	gameplay	ItemNetworkable__v0_slot10	RTTI:008286f4	ItemNetworkable__v0_slot10;ControlPointNetworkable__v0_slot10;AISettings__v0_slot11;BAPConFalse__v0_slot01;BAPAAimAt__v0_slot03;BAPAAimAtPoint__v0_slot03;BAPAAimAtObject__v0_slot03;BAPAAimAt3d__v0_slot03;BAPAAimAtObject3d__v0_slot03;BAPIWTakeCover__v0_slot06
004c0ba0	gameplay	RotationalBundleNetworkable__v0_slot10	RTTI:0082861c	RotationalBundleNetworkable__v0_slot10;EntryMoveToMediumSoldier__v0_slot02;EntryMoveToLightSoldier__v0_slot02;BAPAMoveTo3d__v0_slot03;BAPAMoveTo__v0_slot03;BAPAMoveToFinding__v0_slot03;BAPIWChange__v0_slot06;BAPAMoveToDirect__v0_slot03
004c0c20	ai	AITemplateControlInfo__v0_slot02	RTTI:00871f48	AITemplateControlInfo__v0_slot02;AITemplateControlInfo3d__v0_slot02;BBPFireInfantery__v0_slot06;BAPConEndOfPath__v0_slot01;AIObjectControlInfo__v0_slot01;BAPIWScout__v0_slot06
004c0e20	gameplay	EngineNetworkable__v0_slot10	RTTI:008288ec	EngineNetworkable__v0_slot10;WinchNetworkable__v0_slot10;BAPATriggerContinously__v0_slot03;BAPConLineOfFire__v0_slot01
004c0fd0	gameplay	ProjectileNetworkable__v0_slot10	RTTI:00828814	ProjectileNetworkable__v0_slot10;BAPConNot__v0_slot01;BAPASendMessage__v0_slot03
004c10e0	ai	BAPInfoWrapper__v0_slot03	RTTI:0087ba7c	BAPInfoWrapper__v0_slot03;BAPIWIdle__v0_slot03;BAPIWChange__v0_slot03;BAPIWFire__v0_slot03;BAPIWMoveTo__v0_slot03;BAPIWScout__v0_slot03;BAPConObjectDistanceToPoint__v0_slot01;BAPIWRoam__v0_slot03;BAPIWTakeCover__v0_slot03
004c1170	ai	BAPConObjectExists__v0_slot01	RTTI:008796dc	BAPConObjectExists__v0_slot01;BAPWrapperFinished__v0_slot03
004c1200	ai	BAPConOr__v0_slot01	RTTI:00878eb4	BAPConOr__v0_slot01;BAPANotifyBot__v0_slot03
004c1290	ai	BAPConRandTime__v0_slot01	RTTI:00879448	BAPConRandTime__v0_slot01
004c13c0	gameplay	BFSpawnPointManager__v4_slot10	RTTI:0081ef98	BFSpawnPointManager__v4_slot10;ControlPointCapturedEvent__v0_slot00;BAPConWeaponMagAmmo__v0_slot01
004c16d0	gameplay	NetworkableBase__v0_slot09	RTTI:00817650	NetworkableBase__v0_slot09;BFSpawnPointManager__v4_slot09;FreeCameraNetworkable__v0_slot09;ItemNetworkable__v0_slot09;SpringNetworkable__v0_slot09;PlayerControlObjectNetworkable__v0_slot09;KitNetworkable__v0_slot09;ProjectileNetworkable__v0_slot09;FireArmsNetworkable__v0_slot09;ControlPointNetworkable__v0_slot09;MusicPlayerNetworkable__v0_slot09;WinchNetworkable__v0_slot09;WireLinkNetworkable__v0_slot09;HookNetworkable__v0_slot09;BotBehaviour__v0_slot12;BBAirLift__v0_slot12;BBMoveToFixed__v0_slot12;BBFireUnarmed__v0_slot12;BBIdle__v0_slot12;BAPConTrue__v0_slot00;BBBailOut__v0_slot12;BBChange__v0_slot12;BBChangeLandingCraft__v0_slot12;BBChangeTeleport__v0_slot12;BBAvoid__v0_slot12;BBMoveTo__v0_slot12;BBScout__v0_slot12;BBFire__v0_slot12;BBFireLargeBore__v0_slot12;BBFireArtilleryDriver__v0_slot12;BBFire3d__v0_slot12;BBFireInfantery__v0_slot12;BBRoam__v0_slot12;BBTakeCover__v0_slot12;BBTakeCoverInfantry__v0_slot12;BBTakeCover3d__v0_slot12;AIPredWrapper__v0_slot02;AIPathfinding__v4_slot02;AIPathfinding__v4_slot03
004c1cd0	ai	BAPConObjectHealth__v0_slot01	RTTI:00879764	BAPConObjectHealth__v0_slot01;BAPWrapperWeapon__v0_slot03
004c20e0	ai	BAPAUpdateVehicle__v0_slot03	RTTI:0087899c	BAPAUpdateVehicle__v0_slot03;BAPConObjectOccupied__v0_slot01
004c24f0	ai	BAPICTurnLock__v0_slot03	RTTI:008792cc	BAPICTurnLock__v0_slot03
004c72b0	gameplay	GameEventManager__v0_slot04	RTTI:0081f928	GameEventManager__v0_slot04;BotMain__v0_slot23
004d5b40	ai	AIObject__v0_slot15	RTTI:008781d4	AIObject__v0_slot15;AIObjectReal__v0_slot15;AIObjectPrimaryReal__v0_slot15;AIObjectShared__v0_slot15;AIObjectPrimaryShared__v0_slot15;AIObjectSecondaryReal__v0_slot15;AIObjectSecondaryShared__v0_slot15;BotMain__v0_slot01;BAPAComponentSoldierPose__v0_slot04;BAPAMoveTo__v24_slot04;BAPAMoveToObject__v24_slot04;BAPAMoveToObjectFinding__v24_slot04;BAPAMoveToFinding__v24_slot04;BAPAMoveToDirect__v24_slot04;BAPASoldierPose__v24_slot04
004d9130	ai	NoBotRespawningForTeam__v0_slot01	RTTI:0081acbc	NoBotRespawningForTeam__v0_slot01
004dd570	ai	BotTeamControlPoint__v0_slot01	RTTI:0081ad20	BotTeamControlPoint__v0_slot01
004dd5c0	ai	BotTeamSpawnGroup__v0_slot01	RTTI:0081ad5c	BotTeamSpawnGroup__v0_slot01
004df0d0	ai	BotManager__v4_slot20	RTTI:008768d4	BotManager__v4_slot20
004f27d0	ai	BAPAAimAt3d__v0_slot10	RTTI:0087ac6c	BAPAAimAt3d__v0_slot10;BAPAAimAtObject3d__v0_slot10
00518ab0	gameplay	GameEvent__v0_slot02	RTTI:0081780c	GameEvent__v0_slot02;SpecialGameEvent__v0_slot02;ControlPointCapturedEvent__v0_slot02;PlayerControlObject__v0_slot18;BFSpawnPoint__v0_slot18;StaticPhysicsNode__v0_slot27;StaticPhysicsNode__v0_slot28;StaticPhysicsNode__v0_slot29;StaticPhysicsNode__v0_slot30;StaticPhysicsNode__v0_slot31;PointPhysicsNode__v0_slot31;SpawnPoint__v0_slot18;AIMain__v4_slot16;AIDebugRenderer__v0_slot06
0056def0	gameplay	PlayerControlObjectTemplate__v428_slot07	RTTI:008377ec	PlayerControlObjectTemplate__v428_slot07;BotMain__v0_slot51
0056e000	gameplay	PlayerControlObjectTemplate__v428_slot39	RTTI:008377ec	PlayerControlObjectTemplate__v428_slot39;BotManager__v0_slot09
0057dd90	ai	BotManager__v4_slot10	RTTI:008768d4	BotManager__v4_slot10
0057e900	gameplay	PointPhysicsNode__v0_slot60	RTTI:0084704c	PointPhysicsNode__v0_slot60;BotMain__v0_slot56
00580230	ai	BBPAirLift__v0_slot00	RTTI:00873b2c	BBPAirLift__v0_slot00;ISVUBot__v0_slot08;SVUBotVehicle__v0_slot08;SVUBotPos__v0_slot08;SVUBotHealth__v0_slot08;SVUBotExists__v0_slot08
00586500	ai	AIObjectSecondaryReal__v0_slot38	RTTI:0087377c	AIObjectSecondaryReal__v0_slot38;AIPathfinding__v4_slot36
00589900	ai	BotMain__v0_slot100	RTTI:00876504	BotMain__v0_slot100
00589930	ai	BotMain__v0_slot101	RTTI:00876504	BotMain__v0_slot101
0058a030	ai	BotMain__v0_slot39	RTTI:00876504	BotMain__v0_slot39
0058a700	ai	AIObject__v0_slot37	RTTI:008781d4	AIObject__v0_slot37;AIObjectReal__v0_slot37;AIObjectPrimaryReal__v0_slot37;AIObjectShared__v0_slot37;AIObjectPrimaryShared__v0_slot37;BotBehaviour__v0_slot07;BBAirLift__v0_slot07;BBMoveToFixed__v0_slot07;BBFireUnarmed__v0_slot07;BBIdle__v0_slot07;BBBailOut__v0_slot07;BBChange__v0_slot07;BBChangeLandingCraft__v0_slot07;BBChangeTeleport__v0_slot07;BBMedicAssist__v0_slot07;BBAvoid__v0_slot07;BBMoveTo__v0_slot07;BBScout__v0_slot07;BBFire__v0_slot07;BBFireLargeBore__v0_slot07;BBFireArtilleryDriver__v0_slot07;BBFire3d__v0_slot07;BBFireInfantery__v0_slot07;BBRoam__v0_slot07;BBTakeCover__v0_slot07;BBTakeCoverInfantry__v0_slot07;BBTakeCover3d__v0_slot07
0058ad40	ai	AIPathfinding__v4_slot22	RTTI:0087747c	AIPathfinding__v4_slot22
00597550	gameplay	HandFireArmsTemplate__v1424_slot05	RTTI:008419d0	HandFireArmsTemplate__v1424_slot05;HandFireArms__v864_slot07;AIObject__v0_slot09;AISettings__v0_slot01;AIObjectReal__v0_slot09;AIObjectPrimaryReal__v0_slot09;AIObjectShared__v0_slot09;AIObjectPrimaryShared__v0_slot09;AIObjectSecondaryReal__v0_slot09;AIObjectSecondaryShared__v0_slot09;Bot__v0_slot80;BotMain__v0_slot80;ISVUBot__v0_slot11;SVUBotVehicle__v0_slot11;SVUBotPos__v0_slot11;SVUBotHealth__v0_slot11;SVUBotExists__v0_slot11;BAPAComponentSoldierPose__v0_slot08;BAPAMoveTo__v24_slot08;BAPAMoveToObject__v24_slot08;BAPAMoveToObjectFinding__v24_slot08;BAPAMoveToFinding__v24_slot08;BAPAMoveToDirect__v24_slot08;BAPASoldierPose__v24_slot08
0059d3b0	ai	AIScriptManager__v0_slot19	RTTI:00872b94	AIScriptManager__v0_slot19
0059d3c0	ai	AIScriptManager__v0_slot24	RTTI:00872b94	AIScriptManager__v0_slot24
005b5f20	gameplay	HandFireArmsTemplate__v1424_slot07	RTTI:008419d0	HandFireArmsTemplate__v1424_slot07;HandFireArms__v864_slot09;PhysicsNode__v0_slot05;StaticPhysicsNode__v0_slot05;PointPhysicsNode__v0_slot05;PhysicsEngine__v0_slot05;PhysicsFloatingBundle__v0_slot05;PhysicsSpring__v0_slot05;PhysicsWing__v0_slot05;PhysicsWinch__v0_slot05;AISettings__v0_slot20;BotMain__v0_slot79
005bd640	gameplay	Projectile__v0_slot39	RTTI:008371d4	Projectile__v0_slot39;ControlPoint__v0_slot39;BFSpawnPoint__v0_slot39;HandFireArms__v0_slot39;ClusterProjectile__v0_slot39;SpawnPoint__v0_slot39;AIMain__v4_slot22
005c67b0	gameplay	PointPhysicsNode__v0_slot53	RTTI:0084704c	PointPhysicsNode__v0_slot53;AIPathfinding__v4_slot34
005c73b0	ai	AIPredWrapper__v0_slot01	RTTI:00877170	AIPredWrapper__v0_slot01
005c9810	gameplay	GameEventManager__v0_slot09	RTTI:0081f928	GameEventManager__v0_slot09;HandFireArmsTemplate__v1424_slot06;HandFireArms__v864_slot08;PhysicsNode__v0_slot04;StaticPhysicsNode__v0_slot04;PointPhysicsNode__v0_slot04;PhysicsEngine__v0_slot04;PhysicsFloatingBundle__v0_slot04;PhysicsSpring__v0_slot04;PhysicsWing__v0_slot04;PhysicsWinch__v0_slot04;BAPAComponentSoldierPose__v0_slot03;BAPAMoveTo__v24_slot03;BAPAMoveToObject__v24_slot03;BAPAMoveToObjectFinding__v24_slot03;BAPAMoveToFinding__v24_slot03;BAPAMoveToDirect__v24_slot03;BAPASoldierPose__v24_slot03
005c9d70	gameplay	PhysicsNode__v0_slot64	RTTI:00846914	PhysicsNode__v0_slot64;PhysicsEngine__v0_slot64;PhysicsFloatingBundle__v0_slot64;PhysicsSpring__v0_slot64;PhysicsWing__v0_slot64;PhysicsWinch__v0_slot64;BotManager__v4_slot21
005c9de0	gameplay	PhysicsNode__v0_slot60	RTTI:00846914	PhysicsNode__v0_slot60;PhysicsEngine__v0_slot60;PhysicsFloatingBundle__v0_slot60;PhysicsSpring__v0_slot60;PhysicsWing__v0_slot60;PhysicsWinch__v0_slot60;BotManager__v4_slot13
005c9df0	gameplay	PhysicsNode__v0_slot63	RTTI:00846914	PhysicsNode__v0_slot63;PhysicsEngine__v0_slot63;PhysicsFloatingBundle__v0_slot63;PhysicsSpring__v0_slot63;PhysicsWing__v0_slot63;PhysicsWinch__v0_slot63;AIMain__v4_slot12
005cf6e0	gameplay	HandFireArmsTemplate__v1424_slot04	RTTI:008419d0	HandFireArmsTemplate__v1424_slot04;HandFireArms__v864_slot06;BasicPhysicsSystem__v0_slot05;BAPAComponentSoldierPose__v0_slot02;BAPAMoveTo__v24_slot02;BAPAMoveToObject__v24_slot02;BAPAMoveToObjectFinding__v24_slot02;BAPAMoveToFinding__v24_slot02;BAPAMoveToDirect__v24_slot02;BAPASoldierPose__v24_slot02
005d0f50	gameplay	StaticPhysicsNode__v0_slot42	RTTI:00846e1c	StaticPhysicsNode__v0_slot42;StaticPhysicsNode__v0_slot54;AIObjectReal__v0_slot18;AIObjectPrimaryReal__v0_slot18;AIObjectShared__v0_slot18;AIObjectPrimaryShared__v0_slot18;AIObjectSecondaryReal__v0_slot18;AIObjectSecondaryShared__v0_slot18
005d1e00	gameplay	PointPhysicsNode__v0_slot63	RTTI:0084704c	PointPhysicsNode__v0_slot63;BotMain__v0_slot27
005da2c0	gameplay	NetworkableInfo__v0_slot08	RTTI:0084826c	NetworkableInfo__v0_slot08;AISettings__v4_slot17
005de4f0	ai	BAPAComponentSoldierPose__v0_slot07	RTTI:0087bb0c	BAPAComponentSoldierPose__v0_slot07;BAPAMoveTo__v24_slot07;BAPAMoveToObject__v24_slot07;BAPAMoveToObjectFinding__v24_slot07;BAPAMoveToFinding__v24_slot07;BAPAMoveToDirect__v24_slot07;BAPASoldierPose__v24_slot07
005de500	gameplay	GameEventManager__v0_slot10	RTTI:0081f928	GameEventManager__v0_slot10;PlayerControlObject__v344_slot07;AIObject__v0_slot14;AISettings__v0_slot02;AIObjectReal__v0_slot14;AIObjectPrimaryReal__v0_slot14;AIObjectShared__v0_slot14;AIObjectPrimaryShared__v0_slot14;AIObjectSecondaryReal__v0_slot14;AIObjectSecondaryShared__v0_slot14;BotMain__v0_slot02;BAPAComponentSoldierPose__v0_slot10;BAPAMoveTo__v24_slot10;BAPAMoveToObject__v24_slot10;BAPAMoveToObjectFinding__v24_slot10;BAPAMoveToFinding__v24_slot10;BAPAMoveToDirect__v24_slot10;BAPASoldierPose__v24_slot10
005de530	ai	BAPAComponentSoldierPose__v0_slot13	RTTI:0087bb0c	BAPAComponentSoldierPose__v0_slot13;BAPAMoveTo__v24_slot13;BAPAMoveToObject__v24_slot13;BAPAMoveToObjectFinding__v24_slot13;BAPAMoveToFinding__v24_slot13;BAPAMoveToDirect__v24_slot13;BAPASoldierPose__v24_slot13
005dee10	ai	AIStrategicObject__v0_slot21	RTTI:00871e44	AIStrategicObject__v0_slot21;AIStrategicObject__v0_slot22
005f7ef0	ai	AISettings__v4_slot15	RTTI:00870764	AISettings__v4_slot15
005fcdc0	gameplay	PlayerControlObjectNetworkable__v0_slot08	RTTI:00828784	PlayerControlObjectNetworkable__v0_slot08;StaticResponsePhysics__v0_slot25;AIDebugRenderer__v0_slot01;AIDebugRenderer__v0_slot02;AIDebugRenderer__v0_slot03;AIDebugRenderer__v0_slot04
006064a0	gameplay	BFSpawnPointTemplate__v0_slot09	RTTI:0081f03c	BFSpawnPointTemplate__v0_slot09;PlayerControlObjectTemplate__v0_slot09;ControlPointTemplate__v0_slot09;HandFireArmsTemplate__v0_slot09;BFSoldierTemplate__v0_slot09;ProjectileTemplate__v0_slot09;ClusterProjectileTemplate__v0_slot09;SpawnPointTemplate__v0_slot09;AIScriptManager__v0_slot29;AIObjectReal__v0_slot05;AIObjectPrimaryReal__v0_slot05;AIObjectSecondaryReal__v0_slot05;AIObjectSecondaryShared__v0_slot37
00607870	ai	AIObjectPrimaryReal__v0_slot31	RTTI:0087355c	AIObjectPrimaryReal__v0_slot31;AIObjectPrimaryReal__v0_slot52
006078a0	ai	BotMain__v0_slot14	RTTI:00876504	BotMain__v0_slot14
00609ec0	gameplay	PointPhysicsNode__v0_slot41	RTTI:0084704c	PointPhysicsNode__v0_slot41;AIObjectShared__v0_slot04;AIObjectPrimaryShared__v0_slot04;AIObjectSecondaryShared__v0_slot04
0060ae80	gameplay	NetworkableInfo__v0_slot06	RTTI:0084826c	NetworkableInfo__v0_slot06;AIMain__v4_slot10
0060ae90	gameplay	PlayerControlObject__v344_slot12	RTTI:00837a04	PlayerControlObject__v344_slot12;NetworkableInfo__v0_slot09;AIScript__v0_slot04
0060fb60	ai	AIScriptManager__v0_slot20	RTTI:00872b94	AIScriptManager__v0_slot20
0060fbb0	ai	BotMain__v0_slot52	RTTI:00876504	BotMain__v0_slot52
0063bd00	gameplay	IPlayerControlObject__v0_slot01	RTTI:00821fe4	IPlayerControlObject__v0_slot01;IPlayerControlObject__v0_slot02;IPlayerControlObject__v0_slot03;IPlayerControlObject__v0_slot04;IPlayerControlObject__v0_slot06;IPlayerControlObject__v0_slot07;IPlayerControlObject__v0_slot08;IPlayerControlObject__v0_slot09;IPlayerControlObject__v0_slot10;IPlayerControlObject__v0_slot11;IPlayerControlObject__v0_slot12;IPlayerControlObject__v0_slot13;IPlayerControlObject__v0_slot14;IPlayerControlObject__v0_slot15;IPlayerControlObject__v0_slot16;IPlayerControlObject__v0_slot17;IPlayerControlObject__v0_slot18;IPlayerControlObject__v0_slot19;IPlayerControlObject__v0_slot20;IPlayerControlObject__v0_slot21;IPlayerControlObject__v0_slot22;IPlayerControlObject__v0_slot23;IPlayerControlObject__v0_slot24;IPlayerControlObject__v0_slot25;IPlayerControlObject__v0_slot26;IPlayerControlObject__v0_slot27;IPlayerControlObject__v0_slot28;IPlayerControlObject__v0_slot29;IPlayerControlObject__v0_slot30;IPlayerControlObject__v0_slot31;IPlayerControlObject__v0_slot32;IPlayerControlObject__v0_slot33;IPlayerControlObject__v0_slot34;IPlayerControlObject__v0_slot35;IPlayerControlObject__v0_slot36;IPlayerControlObject__v0_slot37;IPlayerControlObject__v0_slot38;IPlayerControlObject__v0_slot39;IPlayerControlObject__v0_slot40;IPlayerControlObject__v0_slot41;IPlayerControlObject__v0_slot42;IPlayerControlObject__v0_slot43;IPlayerControlObject__v0_slot44;IPlayerControlObject__v0_slot46;IPlayerControlObject__v0_slot47;NetworkableBase__v0_slot01;NetworkableBase__v0_slot02;NetworkableBase__v0_slot03;NetworkableBase__v0_slot04;NetworkableBase__v0_slot07;NetworkableBase__v0_slot08;GameEvent__v0_slot00;ISpawnPoint__v0_slot01;ISpawnPoint__v0_slot02;ISpawnPoint__v0_slot03;ISpawnPoint__v0_slot04;ISpawnPoint__v0_slot05;ISpawnPoint__v0_slot06;ISpawnPoint__v0_slot07;ISpawnPoint__v0_slot08;ISpawnPoint__v0_slot09;ISpawnPoint__v0_slot10;NetworkableObjectBase__v0_slot01;NetworkableObjectBase__v0_slot02;NetworkableObjectBase__v0_slot03;NetworkableObjectBase__v0_slot04;IPlayerControlObjectTemplate__v0_slot01;IPlayerControlObjectTemplate__v0_slot02;IPlayerControlObjectTemplate__v0_slot03;IPlayerControlObjectTemplate__v0_slot04;IPlayerControlObjectTemplate__v0_slot05;IPlayerControlObjectTemplate__v0_slot06;IPlayerControlObjectTemplate__v0_slot07;IPlayerControlObjectTemplate__v0_slot08;IPlayerControlObjectTemplate__v0_slot09;IPlayerControlObjectTemplate__v0_slot10;IPlayerControlObjectTemplate__v0_slot11;IPlayerControlObjectTemplate__v0_slot12;IPlayerControlObjectTemplate__v0_slot13;IPlayerControlObjectTemplate__v0_slot14;IPlayerControlObjectTemplate__v0_slot15;IPlayerControlObjectTemplate__v0_slot16;IPlayerControlObjectTemplate__v0_slot17;IPlayerControlObjectTemplate__v0_slot18;IPlayerControlObjectTemplate__v0_slot19;IPlayerControlObjectTemplate__v0_slot20;IPlayerControlObjectTemplate__v0_slot21;IPlayerControlObjectTemplate__v0_slot22;IPlayerControlObjectTemplate__v0_slot23;IPlayerControlObjectTemplate__v0_slot24;IPlayerControlObjectTemplate__v0_slot25;IPlayerControlObjectTemplate__v0_slot26;IPlayerControlObjectTemplate__v0_slot27;IPlayerControlObjectTemplate__v0_slot28;IPlayerControlObjectTemplate__v0_slot29;IPlayerControlObjectTemplate__v0_slot30;IPlayerControlObjectTemplate__v0_slot31;IPlayerControlObjectTemplate__v0_slot32;IPlayerControlObjectTemplate__v0_slot33;IPlayerControlObjectTemplate__v0_slot34;IPlayerControlObjectTemplate__v0_slot35;IPlayerControlObjectTemplate__v0_slot36;IPlayerControlObjectTemplate__v0_slot37;IPlayerControlObjectTemplate__v0_slot38;IPlayerControlObjectTemplate__v0_slot39;IPlayerControlObjectTemplate__v0_slot40;IPlayerControlObjectTemplate__v0_slot41;IPlayerControlObjectTemplate__v0_slot42;IPlayerControlObjectTemplate__v0_slot43;IPlayerControlObjectTemplate__v0_slot44;IPlayerControlObjectTemplate__v0_slot45;IPlayerControlObjectTemplate__v0_slot46;IPlayerControlObjectTemplate__v0_slot47;IPlayerControlObjectTemplate__v0_slot48;IPlayerControlObjectTemplate__v0_slot49;IPlayerControlObjectTemplate__v0_slot50;IPlayerControlObjectTemplate__v0_slot51;IPlayerControlObjectTemplate__v0_slot52;IPlayerControlObjectTemplate__v0_slot53;IPlayerControlObjectTemplate__v0_slot54;IPlayerControlObjectTemplate__v0_slot55;IPlayerControlObjectTemplate__v0_slot56;IPlayerControlObjectTemplate__v0_slot57;IPlayerControlObjectTemplate__v0_slot58;IPlayerControlObjectTemplate__v0_slot59;IPlayerControlObjectTemplate__v0_slot60;IPlayerControlObjectTemplate__v0_slot61;IPlayerControlObjectTemplate__v0_slot62;IPlayerControlObjectTemplate__v0_slot63;IPlayerControlObjectTemplate__v0_slot64;IPlayerControlObjectTemplate__v0_slot65;IPlayerControlObjectTemplate__v0_slot66;IPlayerControlObjectTemplate__v0_slot67;IPlayerControlObjectTemplate__v0_slot68;IPlayerControlObjectTemplate__v0_slot69;IPlayerControlObjectTemplate__v0_slot70;IPlayerControlObjectTemplate__v0_slot71;IPlayerControlObjectTemplate__v0_slot72;IPlayerControlObjectTemplate__v0_slot73;IPlayerControlObjectTemplate__v0_slot74;IBotManager__v0_slot01;IBotManager__v0_slot02;IBotManager__v0_slot03;IBotManager__v0_slot04;IBotManager__v0_slot05;IBotManager__v0_slot06;IBotManager__v0_slot07;IBotManager__v0_slot08;IBotManager__v0_slot09;IBotManager__v0_slot10;IBotManager__v0_slot11;IBotManager__v0_slot12;IBotManager__v0_slot13;IBotManager__v0_slot14;IBotManager__v0_slot15;IBotManager__v0_slot16;IBotManager__v0_slot17;IBotManager__v0_slot18;IBotManager__v0_slot19;IBotManager__v0_slot20;IBotManager__v0_slot21;AIObject__v0_slot04;AIObject__v0_slot05;AIObject__v0_slot06;AIObject__v0_slot07;AIObject__v0_slot08;AIObject__v0_slot11;AIObject__v0_slot12;AIObject__v0_slot13;AIObject__v0_slot16;AIObject__v0_slot17;AIObject__v0_slot18;AIObject__v0_slot19;AIObject__v0_slot20;AIObject__v0_slot21;AIObject__v0_slot22;AIObject__v0_slot23;AIObject__v0_slot24;AIObject__v0_slot25;AIObject__v0_slot26;AIObject__v0_slot27;AIObject__v0_slot28;AIObject__v0_slot39;AIObject__v0_slot40;AIObject__v0_slot41;AIObject__v0_slot42;AIObject__v0_slot45;AIObject__v0_slot46;AIObject__v0_slot47;AIObject__v0_slot48;AIObject__v0_slot49;AIObject__v0_slot50;AIObject__v0_slot51;AIStrategicObject__v0_slot04;AIStrategicObject__v0_slot05;AIStrategicObject__v0_slot06;AIStrategicObject__v0_slot07;AIStrategicObject__v0_slot08;AIStrategicObject__v0_slot09;AIStrategicObject__v0_slot10;AIStrategicObject__v0_slot11;AIStrategicObject__v0_slot12;AIStrategicObject__v0_slot13;AIStrategicObject__v0_slot17;AIStrategicObject__v0_slot18;AIStrategicObject__v0_slot19;AIStrategicObject__v0_slot20;AIStrategicObject__v0_slot23;AIStrategicObject__v0_slot26;AIStrategicObject__v0_slot27;StrategyCondition__v0_slot02;IBotManagerModifier__v0_slot01;IBotManagerModifier__v0_slot02;IBotManagerModifier__v0_slot03;IBotManagerModifier__v0_slot04;IBotManagerModifier__v0_slot05;IBotManagerModifier__v0_slot06;IBotManagerModifier__v0_slot07;IBotManagerModifier__v0_slot08;IBotManagerModifier__v0_slot09;IBotManagerModifier__v0_slot10;IBotManagerModifier__v0_slot11;IBotManagerModifier__v0_slot12;IBotManagerModifier__v0_slot13;IBotManagerModifier__v0_slot14;IBotManagerModifier__v0_slot15;IBotManagerModifier__v0_slot16;IBotManagerModifier__v0_slot17;IBotManagerModifier__v0_slot18;IBotManagerModifier__v0_slot19;IBotManagerModifier__v0_slot20;IBotManagerModifier__v0_slot21;IBotManagerModifier__v0_slot22;IBotManagerModifier__v0_slot23;IBotManagerModifier__v0_slot24;IBotManagerModifier__v0_slot25;IBotManagerModifier__v0_slot26;IBotManagerModifier__v0_slot27;IBotManagerModifier__v0_slot28;IBotManagerModifier__v0_slot29;IBotManagerModifier__v0_slot30;IBotManagerModifier__v0_slot31;IBotManagerModifier__v0_slot32;IBotManagerModifier__v0_slot33;IBotManagerModifier__v0_slot34;IBotManagerModifier__v0_slot35;IBotManagerModifier__v0_slot36;IBotManagerModifier__v0_slot37;IBotManagerModifier__v0_slot38;IBotManagerModifier__v0_slot39;IBotManagerModifier__v0_slot40;IBotManagerModifier__v0_slot41;AITemplatePlugIn__v0_slot01;AITemplatePlugIn__v0_slot02;AIObjectPlugIn__v0_slot01;AIObjectPlugIn__v0_slot02;AIObjectPlugIn__v0_slot03;AIObjectReal__v0_slot12;AIObjectReal__v0_slot13;AIObjectReal__v0_slot28;AIObjectShared__v0_slot12;AIObjectShared__v0_slot13;AIObjectShared__v0_slot28;BotBehaviour__v0_slot09;BBPPattern__v0_slot00;BAPCondition__v0_slot00;BAPCondition__v0_slot01;BBPIdle__v0_slot00;BBPAvoidCollision__v0_slot00;BBPAvoidCollision__v0_slot05;BBPGotoWaypoint__v0_slot00;BBPGotoWaypoint__v0_slot05;BotScript__v0_slot00;BAPStatement__v0_slot00;BAPStatement__v0_slot03;BAPStatement__v0_slot04;BAPExpression__v0_slot01;BAPExpression__v0_slot02;BBPFire__v0_slot00;BBPFire__v0_slot05;BBPRoam__v0_slot00;BAPEntry__v0_slot01;BAPEntry__v0_slot02;Bot__v0_slot01;Bot__v0_slot02;Bot__v0_slot03;Bot__v0_slot04;Bot__v0_slot05;Bot__v0_slot06;Bot__v0_slot07;Bot__v0_slot08;Bot__v0_slot09;Bot__v0_slot10;Bot__v0_slot11;Bot__v0_slot12;Bot__v0_slot13;Bot__v0_slot14;Bot__v0_slot15;Bot__v0_slot16;Bot__v0_slot17;Bot__v0_slot18;Bot__v0_slot19;Bot__v0_slot20;Bot__v0_slot21;Bot__v0_slot22;Bot__v0_slot23;Bot__v0_slot24;Bot__v0_slot25;Bot__v0_slot26;Bot__v0_slot27;Bot__v0_slot28;Bot__v0_slot29;Bot__v0_slot30;Bot__v0_slot31;Bot__v0_slot32;Bot__v0_slot33;Bot__v0_slot34;Bot__v0_slot35;Bot__v0_slot36;Bot__v0_slot37;Bot__v0_slot38;Bot__v0_slot39;Bot__v0_slot40;Bot__v0_slot41;Bot__v0_slot42;Bot__v0_slot43;Bot__v0_slot44;Bot__v0_slot45;Bot__v0_slot46;Bot__v0_slot47;Bot__v0_slot48;Bot__v0_slot49;Bot__v0_slot50;Bot__v0_slot51;Bot__v0_slot52;Bot__v0_slot53;Bot__v0_slot55;Bot__v0_slot56;Bot__v0_slot57;Bot__v0_slot58;Bot__v0_slot59;Bot__v0_slot60;Bot__v0_slot61;Bot__v0_slot62;Bot__v0_slot63;Bot__v0_slot64;Bot__v0_slot65;Bot__v0_slot66;Bot__v0_slot67;Bot__v0_slot68;Bot__v0_slot69;Bot__v0_slot70;Bot__v0_slot71;Bot__v0_slot72;Bot__v0_slot73;Bot__v0_slot74;Bot__v0_slot75;Bot__v0_slot76;Bot__v0_slot77;Bot__v0_slot78;Bot__v0_slot79;Bot__v0_slot81;Bot__v0_slot82;Bot__v0_slot83;Bot__v0_slot84;Bot__v0_slot85;Bot__v0_slot86;Bot__v0_slot87;Bot__v0_slot88;Bot__v0_slot89;Bot__v0_slot90;Bot__v0_slot91;Bot__v0_slot92;Bot__v0_slot93;Bot__v0_slot94;Bot__v0_slot95;Bot__v0_slot96;Bot__v0_slot97;Bot__v0_slot98;Bot__v0_slot99;Bot__v0_slot100;Bot__v0_slot101;Bot__v0_slot102;Bot__v0_slot103;Bot__v0_slot104;ISVUBot__v0_slot06;BAPAction__v0_slot00;BAPAction__v0_slot03;BAPAction__v0_slot04;BAPCombiner__v0_slot00;BAPCombiner__v0_slot02;BAPCombiner__v0_slot03;BAPCombiner__v0_slot04;BAPCombiner__v0_slot06;BAPAMoveTo__v0_slot00;BAPAMoveTo__v0_slot06;BAPAMoveTo__v0_slot07;BAPAMoveTo__v0_slot08;BAPAMoveTo__v0_slot09;BAPAMoveTo__v0_slot11;BAPAMoveTo__v0_slot13;BAPAMoveToObject__v0_slot06;BAPAMoveToObject__v0_slot07;BAPAMoveToObject__v0_slot08;BAPAMoveToObject__v0_slot09;BAPAMoveToObject__v0_slot11;BAPAMoveToObject__v0_slot13;BAPBoleanOp__v0_slot00;BAPBoleanOp__v0_slot01;BAPBoleanOp__v0_slot03;BAPALook__v0_slot06;BAPATurn__v0_slot06;BAPAAimAt__v0_slot06;BAPAAimAt__v0_slot07;BAPAAimAt__v0_slot08;BAPAAimAt__v0_slot09;BAPAAimAt__v0_slot10;BAPAAimAt__v0_slot11;BAPAAimAt__v0_slot12;BAPAAimAt__v0_slot13;BAPAAimAt__v0_slot14;BAPAAimAt3d__v0_slot06;BAPAAimAt3d__v0_slot07;BAPAAimAt3d__v0_slot08;BotScriptDebugger__v0_slot01;BotScriptDebugger__v0_slot02
006535c0	ai	BAPAMoveTo__v0_slot12	RTTI:0087b0f4	BAPAMoveTo__v0_slot12;BAPAMoveToObject__v0_slot12;BAPAMoveToDirect__v0_slot12
00654b50	ai	StrategyCondition__v0_slot01	RTTI:00871794	StrategyCondition__v0_slot01;AITemplateArmament__v0_slot02;BBPFire3d__v0_slot06;AIObjectArmament__v0_slot01;BAPConAnd__v0_slot01;BAPIWRoam__v0_slot06
00654f20	gameplay	FireArmsNetworkable__v0_slot10	RTTI:0082885c	FireArmsNetworkable__v0_slot10;WireLinkNetworkable__v0_slot10;AISettings__v0_slot12;AITemplateMobile__v0_slot02;AStarStrategicSearch__v0_slot05;BBPIdle3d__v0_slot05;BBPFire2d__v0_slot06;BBPRoam3d__v0_slot05;AIObjectMobile__v0_slot01;ISVUBot__v0_slot01;SVUBotVehicle__v0_slot01;SVUBotPos__v0_slot01;SVUBotHealth__v0_slot01;SVUBotExists__v0_slot01;BAPFlowCEnd__v0_slot03;BAPCConPrecision3d__v0_slot01
006888e0	ai	BotManager__v4_slot12	RTTI:008768d4	BotManager__v4_slot12
0068cd60	gameplay	ObjTemplNetworkModule__v0_slot02	RTTI:00809ddc	ObjTemplNetworkModule__v0_slot02;PhysicsModule__v0_slot02;NetworkModule__v0_slot02;SpawnPointManager__v0_slot02;NetworkableInfoManager__v0_slot02;BasicPhysicsSystem__v0_slot02;PhysicsNodeManager__v0_slot02;ResponsePhysicsManager__v0_slot02;AIObject__v0_slot02
0068eea0	gameplay	NetworkableInfoManager__v0_slot10	RTTI:00840e6c	NetworkableInfoManager__v0_slot10;AISettings__v4_slot18
0068eeb0	gameplay	ObjTemplNetworkModule__v0_slot01	RTTI:00809ddc	ObjTemplNetworkModule__v0_slot01;PhysicsModule__v0_slot01;NetworkModule__v0_slot01;SpawnPointManager__v0_slot01;NetworkableInfoManager__v0_slot01;BasicPhysicsSystem__v0_slot01;PhysicsNodeManager__v0_slot01;ResponsePhysicsManager__v0_slot01;AIObject__v0_slot01
006993d0	gameplay	IPlayerControlObject__v0_slot05	RTTI:00821fe4	IPlayerControlObject__v0_slot05;BFSoldier__v348_slot05;BFSoldier__v348_slot12;BFSoldier__v348_slot41;BFSoldier__v348_slot42;BFSoldier__v348_slot43;BFSoldier__v348_slot44;BFSoldier__v348_slot47;BFSoldier__v0_slot69;BFSoldier__v0_slot71;NetworkableBase__v0_slot10;FreeCameraNetworkable__v0_slot10;SpringNetworkable__v0_slot05;SpringNetworkable__v0_slot10;PlayerControlObjectNetworkable__v0_slot10;WinchNetworkable__v0_slot05;StaticResponsePhysics__v0_slot12;StaticPhysicsNode__v0_slot64;PointResponsePhysics__v0_slot17;PointResponsePhysics__v0_slot18;PointPhysicsNode__v0_slot07;PointPhysicsNode__v0_slot64;AIObject__v0_slot31;AIStrategicArea__v0_slot01;AITemplatePlugIn__v0_slot03;AITemplateMobile__v0_slot03;AITemplateControlInfo__v0_slot03;AIObjectReal__v0_slot31;AIObjectPrimaryReal__v0_slot36;AIObjectShared__v0_slot31;AIObjectPrimaryShared__v0_slot36;AIObjectSecondaryReal__v0_slot31;AIObjectSecondaryShared__v0_slot31;AITemplateUnit__v0_slot03;AITemplateArmament__v0_slot03;AITemplatePhysical__v0_slot03;AITemplateCover__v0_slot02;AITemplateCover__v0_slot03;BBPIdle__v0_slot05;BBPFire__v0_slot06;BBPRoam__v0_slot05;BotMain__v0_slot54;AIObjectCover__v0_slot01;BAPCombinerParallel__v0_slot03;BAPIWFire__v0_slot06;BAPCConLookDeviation__v0_slot01;BAPAAimAtPoint__v0_slot06;BotScriptDebugger__v0_slot03
006a0710	ai	AISettings__v0_slot31	RTTI:008707d4	AISettings__v0_slot31
006a2a00	ai	IBotManager__v0_slot00	RTTI:00860354	IBotManager__v0_slot00
006af790	gameplay	StaticResponsePhysics__v0_slot27	RTTI:00846d54	StaticResponsePhysics__v0_slot27;PointResponsePhysics__v0_slot27;AIStrategicObject__v0_slot15;AIStrategicObject__v0_slot16;BotBehaviour__v0_slot11;BBAirLift__v0_slot11;BBMoveToFixed__v0_slot11;BBFireUnarmed__v0_slot11;BBIdle__v0_slot11;BAPConFalse__v0_slot00;BBBailOut__v0_slot11;BBChange__v0_slot11;BBChangeLandingCraft__v0_slot11;BBChangeTeleport__v0_slot11;BBMedicAssist__v0_slot11;BBAvoid__v0_slot11;BBMoveTo__v0_slot11;BBScout__v0_slot11;BBFire__v0_slot11;BBFireLargeBore__v0_slot11;BBFireArtilleryDriver__v0_slot11;BBFire3d__v0_slot11;BBFireInfantery__v0_slot11;BBRoam__v0_slot11;BBTakeCover__v0_slot11;BBTakeCoverInfantry__v0_slot11;BBTakeCover3d__v0_slot11;ISVUBot__v0_slot05;SVUBotVehicle__v0_slot05;SVUBotPos__v0_slot05;SVUBotHealth__v0_slot05;SVUBotExists__v0_slot05
006ea9f0	ai	AILODManager__v0_slot00	RTTI:0086d62c	AILODManager__v0_slot00
006eb2f0	ai	AILODManager__v0_slot01	RTTI:0086d62c	AILODManager__v0_slot01
006f9100	ai	AITemplateManager__v0_slot01	RTTI:0086dd38	AITemplateManager__v0_slot01
006f9970	ai	AITemplateManager__v0_slot00	RTTI:0086dd38	AITemplateManager__v0_slot00
006fb960	ai	AITemplatePlugInManager__v0_slot01	RTTI:0086ddfc	AITemplatePlugInManager__v0_slot01
006fc480	ai	AITemplatePlugInManager__v0_slot00	RTTI:0086ddfc	AITemplatePlugInManager__v0_slot00
006fc710	ai	BBCreateFunctionAirLift__v0_slot00	RTTI:0086dea4	BBCreateFunctionAirLift__v0_slot00
006fc7d0	ai	BBCreateFunctionMoveToFixed__v0_slot00	RTTI:0086debc	BBCreateFunctionMoveToFixed__v0_slot00
006fc840	ai	BBCreateFunctionFireUnarmed__v0_slot00	RTTI:0086def4	BBCreateFunctionFireUnarmed__v0_slot00
006fc8b0	ai	BBCreateFunctionIdle__v0_slot00	RTTI:0086decc	BBCreateFunctionIdle__v0_slot00
006fca00	ai	BBCreateFunctionBailOut__v0_slot00	RTTI:0086df2c	BBCreateFunctionBailOut__v0_slot00
006fcac0	ai	BBCreateFunctionChange__v0_slot00	RTTI:0086df34	BBCreateFunctionChange__v0_slot00
006fcb80	ai	BBCreateFunctionChangeLandingCraft__v0_slot00	RTTI:0086df3c	BBCreateFunctionChangeLandingCraft__v0_slot00
006fcc40	ai	BBCreateFunctionChangeTeleport__v0_slot00	RTTI:0086df44	BBCreateFunctionChangeTeleport__v0_slot00
006fcd00	ai	BBCreateFunctionMedicAssist__v0_slot00	RTTI:0086dec4	BBCreateFunctionMedicAssist__v0_slot00
006fd580	ai	BBCreateFunctionAvoid__v0_slot00	RTTI:0086deac	BBCreateFunctionAvoid__v0_slot00
006fd6e0	ai	BBCreateFunctionMoveTo__v0_slot00	RTTI:0086deb4	BBCreateFunctionMoveTo__v0_slot00
006fd890	ai	BBCreateFunctionScout__v0_slot00	RTTI:0086ded4	BBCreateFunctionScout__v0_slot00
006fd9b0	ai	BBCreateFunctionFire__v0_slot00	RTTI:0086dedc	BBCreateFunctionFire__v0_slot00
006fdad0	ai	BBCreateFunctionFireLargeBore__v0_slot00	RTTI:0086defc	BBCreateFunctionFireLargeBore__v0_slot00
006fdbd0	ai	BBCreateFunctionFireDriver__v0_slot00	RTTI:0086df04	BBCreateFunctionFireDriver__v0_slot00
006fdca0	ai	BBCreateFunctionFire3d__v0_slot00	RTTI:0086dee4	BBCreateFunctionFire3d__v0_slot00
006fdd70	ai	BBCreateFunctionFireInfantery__v0_slot00	RTTI:0086deec	BBCreateFunctionFireInfantery__v0_slot00
006fde30	ai	BBCreateFunctionRoam__v0_slot00	RTTI:0086df0c	BBCreateFunctionRoam__v0_slot00
006fdf50	ai	BBCreateFunctionTakeCover__v0_slot00	RTTI:0086df14	BBCreateFunctionTakeCover__v0_slot00
006fe020	ai	BBCreateFunctionTakeCoverInfantry__v0_slot00	RTTI:0086df1c	BBCreateFunctionTakeCoverInfantry__v0_slot00
006fe0f0	ai	BBCreateFunctionTakeCover3d__v0_slot00	RTTI:0086df24	BBCreateFunctionTakeCover3d__v0_slot00
006fe370	ai	BotBehaviourManager__v0_slot01	RTTI:0086e120	BotBehaviourManager__v0_slot01
006ff290	ai	BotBehaviourManager__v0_slot00	RTTI:0086e120	BotBehaviourManager__v0_slot00
00703940	ai	AIConsole__v0_slot01	RTTI:0086e9b8	AIConsole__v0_slot01
00705ac0	ai	AIConsole__v0_slot00	RTTI:0086e9b8	AIConsole__v0_slot00
00706b50	ai	AILandingZoneManager__v0_slot01	RTTI:0086ed1c	AILandingZoneManager__v0_slot01
00706d90	ai	AILandingZoneManager__v0_slot00	RTTI:0086ed1c	AILandingZoneManager__v0_slot00
0070e510	ai	AIStrategicObjectManager__v0_slot02	RTTI:0087067c	AIStrategicObjectManager__v0_slot02
00710610	ai	AIStrategicObjectManager__v0_slot00	RTTI:0087067c	AIStrategicObjectManager__v0_slot00
00710a30	ai	AIStrategicObjectManager__v0_slot01	RTTI:0087067c	AIStrategicObjectManager__v0_slot01
00711e20	ai	StrategyManager__v0_slot01	RTTI:00870730	StrategyManager__v0_slot01
00712f00	ai	StrategyManager__v0_slot00	RTTI:00870730	StrategyManager__v0_slot00
00712f20	ai	AISettings__v0_slot05	RTTI:008707d4	AISettings__v0_slot05
00712f40	ai	AISettings__v0_slot06	RTTI:008707d4	AISettings__v0_slot06
00712f60	ai	AISettings__v0_slot07	RTTI:008707d4	AISettings__v0_slot07
00712f70	ai	AISettings__v0_slot08	RTTI:008707d4	AISettings__v0_slot08
00712f90	ai	AISettings__v4_slot11	RTTI:00870764	AISettings__v4_slot11
00712fa0	ai	AISettings__v4_slot12	RTTI:00870764	AISettings__v4_slot12
00713140	ai	AISettings__v0_slot09	RTTI:008707d4	AISettings__v0_slot09;BAPAComponentSoldierPose__v0_slot12;BAPAMoveTo__v24_slot12;BAPAMoveToObject__v24_slot12;BAPAMoveToObjectFinding__v24_slot12;BAPAMoveToFinding__v24_slot12;BAPAMoveToDirect__v24_slot12;BAPASoldierPose__v24_slot12
00713150	ai	AISettings__v4_slot13	RTTI:00870764	AISettings__v4_slot13
00713230	ai	AISettings__v0_slot13	RTTI:008707d4	AISettings__v0_slot13
00713240	ai	AISettings__v0_slot10	RTTI:008707d4	AISettings__v0_slot10
00713250	ai	AISettings__v4_slot16	RTTI:00870764	AISettings__v4_slot16
00713260	ai	AISettings__v0_slot14	RTTI:008707d4	AISettings__v0_slot14;BotMain__v0_slot53
00713270	ai	AISettings__v0_slot15	RTTI:008707d4	AISettings__v0_slot15
00713280	ai	AISettings__v0_slot16	RTTI:008707d4	AISettings__v0_slot16;BotMain__v0_slot13
00713290	ai	AISettings__v4_slot19	RTTI:00870764	AISettings__v4_slot19
007132b0	ai	AISettings__v4_slot20	RTTI:00870764	AISettings__v4_slot20
007132d0	ai	AISettings__v0_slot27	RTTI:008707d4	AISettings__v0_slot27
007132e0	ai	AISettings__v0_slot28	RTTI:008707d4	AISettings__v0_slot28
007132f0	ai	AISettings__v0_slot17	RTTI:008707d4	AISettings__v0_slot17
00713320	ai	AISettings__v4_slot21	RTTI:00870764	AISettings__v4_slot21
00713350	ai	AISettings__v0_slot29	RTTI:008707d4	AISettings__v0_slot29
00713360	ai	AISettings__v0_slot32	RTTI:008707d4	AISettings__v0_slot32
00713370	ai	AISettings__v0_slot23	RTTI:008707d4	AISettings__v0_slot23
007133a0	ai	AISettings__v0_slot25	RTTI:008707d4	AISettings__v0_slot25
007133b0	ai	AISettings__v0_slot26	RTTI:008707d4	AISettings__v0_slot26
007133c0	ai	AISettings__v4_slot25	RTTI:00870764	AISettings__v4_slot25
00713400	ai	AISettings__v0_slot22	RTTI:008707d4	AISettings__v0_slot22
00713430	ai	AISettings__v0_slot21	RTTI:008707d4	AISettings__v0_slot21
00713470	gameplay	NetworkableInfo__v0_slot11	RTTI:0084826c	NetworkableInfo__v0_slot11;AISettings__v0_slot03
00713480	ai	AISettings__v0_slot04	RTTI:008707d4	AISettings__v0_slot04;BAPAComponentSoldierPose__v0_slot11;BAPAMoveTo__v24_slot11;BAPAMoveToObject__v24_slot11;BAPAMoveToObjectFinding__v24_slot11;BAPAMoveToFinding__v24_slot11;BAPAMoveToDirect__v24_slot11;BAPASoldierPose__v24_slot11
00713490	ai	AISettings__v4_slot01	RTTI:00870764	AISettings__v4_slot01
007134b0	ai	AISettings__v4_slot03	RTTI:00870764	AISettings__v4_slot03
007134d0	ai	AISettings__v4_slot04	RTTI:00870764	AISettings__v4_slot04
00713500	ai	AISettings__v4_slot05	RTTI:00870764	AISettings__v4_slot05
00713520	ai	AISettings__v4_slot10	RTTI:00870764	AISettings__v4_slot10
00713550	ai	AISettings__v4_slot07	RTTI:00870764	AISettings__v4_slot07
00713580	ai	AISettings__v4_slot06	RTTI:00870764	AISettings__v4_slot06
007135b0	ai	AISettings__v4_slot08	RTTI:00870764	AISettings__v4_slot08
007135e0	ai	AISettings__v4_slot09	RTTI:00870764	AISettings__v4_slot09
00713610	ai	AISettings__v0_slot24	RTTI:008707d4	AISettings__v0_slot24
00713630	ai	AISettings__v4_slot22	RTTI:00870764	AISettings__v4_slot22
007138e0	ai	AISettings__v0_slot18	RTTI:008707d4	AISettings__v0_slot18
007138f0	ai	AISettings__v0_slot19	RTTI:008707d4	AISettings__v0_slot19
00713900	ai	AISettings__v4_slot00	RTTI:00870764	AISettings__v4_slot00
00713910	ai	AISettings__v4_slot24	RTTI:00870764	AISettings__v4_slot24
00713b90	ai	AISettings__v0_slot00	RTTI:008707d4	AISettings__v0_slot00
00713bb0	ai	AISettings__v4_slot23	RTTI:00870764	AISettings__v4_slot23
00713c70	ai	AISettings__v0_slot30	RTTI:008707d4	AISettings__v0_slot30
00713e20	ai	AISettings__v4_slot26	RTTI:00870764	AISettings__v4_slot26
007184b0	gameplay	NetworkableInfo__v0_slot07	RTTI:0084826c	NetworkableInfo__v0_slot07;AISettings__v4_slot14;BAPAComponentSoldierPose__v0_slot06;BAPAMoveTo__v24_slot06;BAPAMoveToObject__v24_slot06;BAPAMoveToObjectFinding__v24_slot06;BAPAMoveToFinding__v24_slot06;BAPAMoveToDirect__v24_slot06;BAPASoldierPose__v24_slot06
00718530	ai	StrategyCondition__v0_slot00	RTTI:00871794	StrategyCondition__v0_slot00
007188b0	ai	AIMain__v4_slot15	RTTI:008719cc	AIMain__v4_slot15
007188d0	ai	AIMain__v4_slot18	RTTI:008719cc	AIMain__v4_slot18
00718900	ai	AIMain__v4_slot05	RTTI:008719cc	AIMain__v4_slot05
00718970	ai	AIMain__v4_slot04	RTTI:008719cc	AIMain__v4_slot04
007189e0	ai	AIMain__v4_slot13	RTTI:008719cc	AIMain__v4_slot13
00718ad0	ai	AIMain__v0_slot03	RTTI:00871a58	AIMain__v0_slot03
00718c80	ai	AIMain__v4_slot19	RTTI:008719cc	AIMain__v4_slot19
00718c90	ai	AIMain__v4_slot21	RTTI:008719cc	AIMain__v4_slot21
00718d00	ai	AIMain__v4_slot28	RTTI:008719cc	AIMain__v4_slot28
00718d40	ai	AIMain__v4_slot31	RTTI:008719cc	AIMain__v4_slot31
00718d90	ai	AIMain__v4_slot33	RTTI:008719cc	AIMain__v4_slot33
00718e70	ai	AIMain__v4_slot32	RTTI:008719cc	AIMain__v4_slot32
007193f0	ai	AIMain__v4_slot11	RTTI:008719cc	AIMain__v4_slot11
00719b80	ai	AIMain__v4_slot26	RTTI:008719cc	AIMain__v4_slot26
00719c60	ai	AIMain__v0_slot04	RTTI:00871a58	AIMain__v0_slot04
0071a1f0	ai	AIMain__v4_slot17	RTTI:008719cc	AIMain__v4_slot17
0071a820	ai	AIMain__v0_slot02	RTTI:00871a58	AIMain__v0_slot02
0071a830	ai	AIMain__v4_slot06	RTTI:008719cc	AIMain__v4_slot06
0071a840	ai	AIMain__v4_slot24	RTTI:008719cc	AIMain__v4_slot24
0071a850	ai	AIMain__v4_slot25	RTTI:008719cc	AIMain__v4_slot25
0071a860	ai	AIMain__v4_slot27	RTTI:008719cc	AIMain__v4_slot27
0071a870	ai	AIMain__v4_slot07	RTTI:008719cc	AIMain__v4_slot07
0071a880	ai	AIMain__v4_slot08	RTTI:008719cc	AIMain__v4_slot08
0071a8a0	ai	AIMain__v4_slot09	RTTI:008719cc	AIMain__v4_slot09
0071a8c0	ai	AIMain__v4_slot29	RTTI:008719cc	AIMain__v4_slot29
0071a8e0	ai	AIMain__v4_slot30	RTTI:008719cc	AIMain__v4_slot30
0071a8f0	ai	AIMain__v4_slot00	RTTI:008719cc	AIMain__v4_slot00
0071a900	ai	AIMain__v4_slot02	RTTI:008719cc	AIMain__v4_slot02
0071a940	ai	AIMain__v4_slot20	RTTI:008719cc	AIMain__v4_slot20
0071a950	ai	AIMain__v4_slot01	RTTI:008719cc	AIMain__v4_slot01
0071ad00	ai	AIMain__v0_slot00	RTTI:00871a58	AIMain__v0_slot00
0071af90	ai	AIMain__v4_slot03	RTTI:008719cc	AIMain__v4_slot03
0071b0d0	ai	IBotManagerModifier__v0_slot00	RTTI:00871ca4	IBotManagerModifier__v0_slot00
0071b190	ai	AIStrategicArea__v0_slot07	RTTI:00871dac	AIStrategicArea__v0_slot07
0071b210	ai	AIStrategicArea__v0_slot08	RTTI:00871dac	AIStrategicArea__v0_slot08
0071b2c0	ai	AIStrategicArea__v0_slot09	RTTI:00871dac	AIStrategicArea__v0_slot09
0071b350	ai	AIStrategicArea__v0_slot04	RTTI:00871dac	AIStrategicArea__v0_slot04
0071b390	ai	AIStrategicArea__v0_slot15	RTTI:00871dac	AIStrategicArea__v0_slot15
0071b3b0	ai	AIStrategicArea__v0_slot16	RTTI:00871dac	AIStrategicArea__v0_slot16
0071b3d0	ai	AIStrategicArea__v0_slot17	RTTI:00871dac	AIStrategicArea__v0_slot17
0071b430	ai	AIStrategicArea__v0_slot26	RTTI:00871dac	AIStrategicArea__v0_slot26
0071b5f0	ai	AIStrategicArea__v0_slot28	RTTI:00871dac	AIStrategicArea__v0_slot28
0071b630	ai	AIStrategicArea__v0_slot24	RTTI:00871dac	AIStrategicArea__v0_slot24
0071b650	ai	AIStrategicArea__v0_slot25	RTTI:00871dac	AIStrategicArea__v0_slot25
0071b700	ai	AIStrategicArea__v0_slot10	RTTI:00871dac	AIStrategicArea__v0_slot10
0071b730	ai	AIStrategicArea__v0_slot11	RTTI:00871dac	AIStrategicArea__v0_slot11
0071b770	ai	AIStrategicArea__v0_slot12	RTTI:00871dac	AIStrategicArea__v0_slot12
0071b7a0	ai	AIStrategicArea__v0_slot13	RTTI:00871dac	AIStrategicArea__v0_slot13
0071c000	ai	AIStrategicArea__v0_slot22	RTTI:00871dac	AIStrategicArea__v0_slot22
0071c240	ai	AIStrategicArea__v0_slot21	RTTI:00871dac	AIStrategicArea__v0_slot21
0071c5d0	ai	AIStrategicArea__v0_slot05	RTTI:00871dac	AIStrategicArea__v0_slot05
0071c700	ai	AIStrategicArea__v0_slot20	RTTI:00871dac	AIStrategicArea__v0_slot20
0071c8e0	ai	AIStrategicArea__v0_slot23	RTTI:00871dac	AIStrategicArea__v0_slot23
0071e1b0	ai	AIStrategicArea__v0_slot06	RTTI:00871dac	AIStrategicArea__v0_slot06
0071ecc0	ai	AIStrategicArea__v0_slot27	RTTI:00871dac	AIStrategicArea__v0_slot27
0071f860	ai	AIStrategicObject__v0_slot02	RTTI:00871e44	AIStrategicObject__v0_slot02;AIStrategicArea__v0_slot02
0071f870	ai	AIStrategicObject__v0_slot03	RTTI:00871e44	AIStrategicObject__v0_slot03;AIStrategicArea__v0_slot03
0071f890	ai	AIStrategicArea__v0_slot14	RTTI:00871dac	AIStrategicArea__v0_slot14
0071fbd0	ai	AIStrategicArea__v0_slot00	RTTI:00871dac	AIStrategicArea__v0_slot00
00720310	ai	AIStrategicArea__v0_slot18	RTTI:00871dac	AIStrategicArea__v0_slot18
007205e0	ai	AIStrategicArea__v0_slot19	RTTI:00871dac	AIStrategicArea__v0_slot19
007210c0	ai	AIStrategicObject__v0_slot14	RTTI:00871e44	AIStrategicObject__v0_slot14
007210d0	ai	AIStrategicObject__v0_slot24	RTTI:00871e44	AIStrategicObject__v0_slot24;AIStrategicObject__v0_slot25
00721650	ai	AIStrategicObject__v0_slot00	RTTI:00871e44	AIStrategicObject__v0_slot00
00721ac0	ai	AITemplatePlugIn__v0_slot00	RTTI:00871efc	AITemplatePlugIn__v0_slot00;AITemplateMobile__v0_slot00;AITemplateControlInfo__v0_slot00;AITemplateArmament__v0_slot00;AITemplatePhysical__v0_slot00
00721b70	ai	AITemplateMobile__v0_slot01	RTTI:00871f10	AITemplateMobile__v0_slot01
00721bd0	ai	AITemplateControlInfo__v0_slot05	RTTI:00871f48	AITemplateControlInfo__v0_slot05
00721bf0	ai	AITemplateControlInfo__v0_slot06	RTTI:00871f48	AITemplateControlInfo__v0_slot06
00721c10	ai	AITemplateControlInfo__v0_slot07	RTTI:00871f48	AITemplateControlInfo__v0_slot07;AITemplateControlInfo3d__v0_slot07
00721ea0	ai	AITemplateControlInfo__v0_slot04	RTTI:00871f48	AITemplateControlInfo__v0_slot04;AITemplateControlInfo3d__v0_slot04
00723530	ai	AIScriptManager__v0_slot22	RTTI:00872b94	AIScriptManager__v0_slot22
00723550	ai	AIScriptManager__v0_slot25	RTTI:00872b94	AIScriptManager__v0_slot25
00723560	ai	AIScriptManager__v0_slot27	RTTI:00872b94	AIScriptManager__v0_slot27
00723bd0	ai	AIScriptManager__v0_slot28	RTTI:00872b94	AIScriptManager__v0_slot28
00724090	ai	AIScriptManager__v0_slot01	RTTI:00872b94	AIScriptManager__v0_slot01
007240c0	ai	AIScriptManager__v0_slot03	RTTI:00872b94	AIScriptManager__v0_slot03
007241f0	ai	AIScriptManager__v0_slot16	RTTI:00872b94	AIScriptManager__v0_slot16
007242f0	ai	AIScriptManager__v0_slot04	RTTI:00872b94	AIScriptManager__v0_slot04
007246d0	ai	AIScriptManager__v0_slot08	RTTI:00872b94	AIScriptManager__v0_slot08
00725690	ai	AIScriptManager__v0_slot09	RTTI:00872b94	AIScriptManager__v0_slot09
00725760	ai	AIScriptManager__v0_slot11	RTTI:00872b94	AIScriptManager__v0_slot11
00725830	ai	AIScriptManager__v0_slot13	RTTI:00872b94	AIScriptManager__v0_slot13
00725900	ai	AIScriptManager__v0_slot18	RTTI:00872b94	AIScriptManager__v0_slot18
00725a20	ai	AIScriptManager__v0_slot17	RTTI:00872b94	AIScriptManager__v0_slot17
00725ec0	ai	AIScriptManager__v0_slot02	RTTI:00872b94	AIScriptManager__v0_slot02
007263a0	ai	AIScriptManager__v0_slot10	RTTI:00872b94	AIScriptManager__v0_slot10
00726490	ai	AIScriptManager__v0_slot12	RTTI:00872b94	AIScriptManager__v0_slot12
00726590	ai	AIScriptManager__v0_slot14	RTTI:00872b94	AIScriptManager__v0_slot14
00726690	ai	AIScriptManager__v0_slot15	RTTI:00872b94	AIScriptManager__v0_slot15
00726b30	ai	AIScriptManager__v0_slot05	RTTI:00872b94	AIScriptManager__v0_slot05
00726c70	ai	AIScriptManager__v0_slot06	RTTI:00872b94	AIScriptManager__v0_slot06
00726f70	ai	AIScriptManager__v0_slot07	RTTI:00872b94	AIScriptManager__v0_slot07
00727170	ai	AIScriptManager__v0_slot00	RTTI:00872b94	AIScriptManager__v0_slot00
007277f0	ai	AIObject__v0_slot32	RTTI:008781d4	AIObject__v0_slot32;AIObject__v0_slot33;AIObject__v0_slot34;AIObject__v0_slot35;AIObjectReal__v0_slot32;AIObjectReal__v0_slot33;AIObjectReal__v0_slot34;AIObjectReal__v0_slot35;AIObjectShared__v0_slot32;AIObjectShared__v0_slot33;AIObjectShared__v0_slot34;AIObjectShared__v0_slot35;AIObjectSecondaryReal__v0_slot32;AIObjectSecondaryReal__v0_slot33;AIObjectSecondaryReal__v0_slot34;AIObjectSecondaryReal__v0_slot35;AIObjectSecondaryShared__v0_slot32;AIObjectSecondaryShared__v0_slot33;AIObjectSecondaryShared__v0_slot34;AIObjectSecondaryShared__v0_slot35;ISVUBot__v0_slot09;ISVUBot__v0_slot10;SVUBotVehicle__v0_slot09;SVUBotVehicle__v0_slot10;SVUBotPos__v0_slot09;SVUBotPos__v0_slot10;SVUBotHealth__v0_slot09;SVUBotHealth__v0_slot10;SVUBotExists__v0_slot09;SVUBotExists__v0_slot10
00727dc0	ai	AIObjectPlugIn__v0_slot00	RTTI:00872efc	AIObjectPlugIn__v0_slot00
00728060	ai	AIObjectPhysical__v0_slot00	RTTI:00872f18	AIObjectPhysical__v0_slot00
00728180	ai	AIObjectPhysical__v0_slot03	RTTI:00872f18	AIObjectPhysical__v0_slot03
007281c0	ai	AIObjectPhysical__v0_slot02	RTTI:00872f18	AIObjectPhysical__v0_slot02
00729ff0	ai	AStarStrategicSearch__v0_slot00	RTTI:008731bc	AStarStrategicSearch__v0_slot00
0072a010	ai	TaskAStarStrategicSearch__v0_slot00	RTTI:008731a8	TaskAStarStrategicSearch__v0_slot00
0072a0e0	ai	AStarStrategicSearch__v0_slot01	RTTI:008731bc	AStarStrategicSearch__v0_slot01
0072a280	ai	TaskStrategicPlayerMapSearch__v0_slot00	RTTI:00873208	TaskStrategicPlayerMapSearch__v0_slot00
0072a2a0	ai	TaskGetStrategicCellInfoNo__v0_slot00	RTTI:0087321c	TaskGetStrategicCellInfoNo__v0_slot00
0072a370	ai	TaskStrategicSearch__v0_slot00	RTTI:00873230	TaskStrategicSearch__v0_slot00
0072af80	ai	AIObjectPrimaryReal__v0_slot12	RTTI:0087355c	AIObjectPrimaryReal__v0_slot12
0072afe0	ai	AIObjectPrimaryReal__v0_slot13	RTTI:0087355c	AIObjectPrimaryReal__v0_slot13
0072b0a0	ai	AIObjectPrimaryReal__v0_slot29	RTTI:0087355c	AIObjectPrimaryReal__v0_slot29
0072b130	ai	AIObjectPrimaryReal__v0_slot10	RTTI:0087355c	AIObjectPrimaryReal__v0_slot10
0072b160	ai	AIObjectPrimaryReal__v0_slot08	RTTI:0087355c	AIObjectPrimaryReal__v0_slot08
0072b1a0	ai	AIObjectPrimaryReal__v0_slot32	RTTI:0087355c	AIObjectPrimaryReal__v0_slot32;AIObjectPrimaryReal__v0_slot33
0072b1f0	ai	AIObjectPrimaryReal__v0_slot34	RTTI:0087355c	AIObjectPrimaryReal__v0_slot34;AIObjectPrimaryReal__v0_slot35
0072b380	ai	AIObjectReal__v0_slot06	RTTI:008780dc	AIObjectReal__v0_slot06;AIObjectPrimaryReal__v0_slot06;AIObjectSecondaryReal__v0_slot06
0072b390	ai	AIObjectReal__v0_slot07	RTTI:008780dc	AIObjectReal__v0_slot07;AIObjectPrimaryReal__v0_slot07;AIObjectSecondaryReal__v0_slot07
0072b3a0	ai	AIObjectReal__v0_slot40	RTTI:008780dc	AIObjectReal__v0_slot40;AIObjectPrimaryReal__v0_slot40;AIObjectShared__v0_slot40;AIObjectPrimaryShared__v0_slot40;AIObjectSecondaryReal__v0_slot40;AIObjectSecondaryShared__v0_slot40
0072b3b0	ai	AIObjectReal__v0_slot51	RTTI:008780dc	AIObjectReal__v0_slot51;AIObjectPrimaryReal__v0_slot51;AIObjectSecondaryReal__v0_slot51
0072b3c0	ai	AIObjectReal__v0_slot16	RTTI:008780dc	AIObjectReal__v0_slot16;AIObjectReal__v0_slot39;AIObjectPrimaryReal__v0_slot16;AIObjectPrimaryReal__v0_slot39;AIObjectSecondaryReal__v0_slot16;AIObjectSecondaryReal__v0_slot39
0072b3d0	ai	AIObjectReal__v0_slot17	RTTI:008780dc	AIObjectReal__v0_slot17;AIObjectPrimaryReal__v0_slot17;AIObjectSecondaryReal__v0_slot17
0072b3e0	ai	AIObjectPrimaryReal__v0_slot01	RTTI:0087355c	AIObjectPrimaryReal__v0_slot01;AIObjectSecondaryReal__v0_slot01
0072b3f0	ai	AIObjectPrimaryReal__v0_slot00	RTTI:0087355c	AIObjectPrimaryReal__v0_slot00
0072b720	ai	AIObjectPrimaryReal__v0_slot30	RTTI:0087355c	AIObjectPrimaryReal__v0_slot30
0072b760	gameplay	PhysicsNode__v0_slot36	RTTI:00846914	PhysicsNode__v0_slot36;PhysicsEngine__v0_slot36;PhysicsFloatingBundle__v0_slot36;PhysicsSpring__v0_slot36;PhysicsWing__v0_slot36;PhysicsWinch__v0_slot36;AIObjectPrimaryShared__v0_slot31;AIObjectPrimaryShared__v0_slot52
0072b770	ai	AIObjectPrimaryShared__v0_slot12	RTTI:0087366c	AIObjectPrimaryShared__v0_slot12
0072b7c0	ai	AIObjectPrimaryShared__v0_slot13	RTTI:0087366c	AIObjectPrimaryShared__v0_slot13
0072b870	ai	AIObjectPrimaryShared__v0_slot29	RTTI:0087366c	AIObjectPrimaryShared__v0_slot29
0072b8a0	ai	AIObjectPrimaryShared__v0_slot10	RTTI:0087366c	AIObjectPrimaryShared__v0_slot10
0072b8d0	ai	AIObjectPrimaryShared__v0_slot08	RTTI:0087366c	AIObjectPrimaryShared__v0_slot08
0072b910	ai	AIObjectPrimaryShared__v0_slot32	RTTI:0087366c	AIObjectPrimaryShared__v0_slot32;AIObjectPrimaryShared__v0_slot33
0072b960	ai	AIObjectPrimaryShared__v0_slot34	RTTI:0087366c	AIObjectPrimaryShared__v0_slot34;AIObjectPrimaryShared__v0_slot35
0072ba50	ai	AIObjectShared__v0_slot06	RTTI:008782cc	AIObjectShared__v0_slot06;AIObjectPrimaryShared__v0_slot06;AIObjectSecondaryShared__v0_slot06
0072ba60	ai	AIObjectShared__v0_slot05	RTTI:008782cc	AIObjectShared__v0_slot05;AIObjectPrimaryShared__v0_slot05;AIObjectSecondaryShared__v0_slot05
0072ba70	ai	AIObjectShared__v0_slot07	RTTI:008782cc	AIObjectShared__v0_slot07;AIObjectPrimaryShared__v0_slot07;AIObjectSecondaryShared__v0_slot07
0072ba80	ai	AIObjectReal__v0_slot41	RTTI:008780dc	AIObjectReal__v0_slot41;AIObjectPrimaryReal__v0_slot41;AIObjectShared__v0_slot41;AIObjectPrimaryShared__v0_slot41;AIObjectSecondaryReal__v0_slot41;AIObjectSecondaryShared__v0_slot41
0072ba90	ai	AIObjectShared__v0_slot51	RTTI:008782cc	AIObjectShared__v0_slot51;AIObjectPrimaryShared__v0_slot51;AIObjectSecondaryShared__v0_slot51
0072baa0	ai	AIObjectShared__v0_slot16	RTTI:008782cc	AIObjectShared__v0_slot16;AIObjectShared__v0_slot39;AIObjectPrimaryShared__v0_slot16;AIObjectPrimaryShared__v0_slot39;AIObjectSecondaryShared__v0_slot16;AIObjectSecondaryShared__v0_slot39
0072bab0	ai	AIObjectShared__v0_slot17	RTTI:008782cc	AIObjectShared__v0_slot17;AIObjectPrimaryShared__v0_slot17;AIObjectSecondaryShared__v0_slot17
0072bac0	ai	AIObjectShared__v0_slot26	RTTI:008782cc	AIObjectShared__v0_slot26;AIObjectPrimaryShared__v0_slot26;AIObjectSecondaryShared__v0_slot26
0072baf0	gameplay	BFSpawnPointManager__v0_slot01	RTTI:0081efc8	BFSpawnPointManager__v0_slot01;AIObjectPrimaryShared__v0_slot01;AIObjectSecondaryShared__v0_slot01
0072bb00	ai	AIObjectPrimaryShared__v0_slot00	RTTI:0087366c	AIObjectPrimaryShared__v0_slot00
0072bb70	ai	AIObjectPrimaryShared__v0_slot30	RTTI:0087366c	AIObjectPrimaryShared__v0_slot30
0072bbb0	ai	AIObjectSecondaryReal__v0_slot10	RTTI:0087377c	AIObjectSecondaryReal__v0_slot10
0072bbc0	ai	AIObjectSecondaryReal__v0_slot08	RTTI:0087377c	AIObjectSecondaryReal__v0_slot08
0072bbf0	ai	AIObjectSecondaryReal__v0_slot37	RTTI:0087377c	AIObjectSecondaryReal__v0_slot37
0072bcb0	ai	AIObjectPrimaryReal__v0_slot02	RTTI:0087355c	AIObjectPrimaryReal__v0_slot02;AIObjectSecondaryReal__v0_slot02
0072bd50	ai	AIObjectSecondaryReal__v0_slot00	RTTI:0087377c	AIObjectSecondaryReal__v0_slot00
0072bd70	ai	AIObjectSecondaryReal__v0_slot21	RTTI:0087377c	AIObjectSecondaryReal__v0_slot21
0072bf50	ai	AIObjectSecondaryShared__v0_slot10	RTTI:0087388c	AIObjectSecondaryShared__v0_slot10
0072bf60	ai	AIObjectSecondaryShared__v0_slot08	RTTI:0087388c	AIObjectSecondaryShared__v0_slot08
0072bfd0	gameplay	BFSpawnPointManager__v0_slot02	RTTI:0081efc8	BFSpawnPointManager__v0_slot02;AIObjectPrimaryShared__v0_slot02;AIObjectSecondaryShared__v0_slot02
0072bff0	ai	AIObjectSecondaryShared__v0_slot00	RTTI:0087388c	AIObjectSecondaryShared__v0_slot00
0072c050	ai	AIObjectSecondaryShared__v0_slot21	RTTI:0087388c	AIObjectSecondaryShared__v0_slot21
0072c1a0	ai	AITemplateControlInfo3d__v0_slot05	RTTI:0087399c	AITemplateControlInfo3d__v0_slot05
0072c1e0	ai	AITemplateControlInfo3d__v0_slot06	RTTI:0087399c	AITemplateControlInfo3d__v0_slot06
0072c220	ai	AITemplateControlInfo3d__v0_slot00	RTTI:0087399c	AITemplateControlInfo3d__v0_slot00
0072c250	ai	AITemplateControlInfo__v0_slot01	RTTI:00871f48	AITemplateControlInfo__v0_slot01;AITemplateControlInfo3d__v0_slot01
0072c290	ai	AITemplateUnit__v0_slot00	RTTI:008739e4	AITemplateUnit__v0_slot00
0072c4c0	ai	AITemplateUnit__v0_slot01	RTTI:008739e4	AITemplateUnit__v0_slot01
0072c520	ai	AITemplateArmament__v0_slot01	RTTI:00873a1c	AITemplateArmament__v0_slot01
0072c7a0	ai	AITemplatePhysical__v0_slot01	RTTI:00873a54	AITemplatePhysical__v0_slot01
0072c980	ai	AITemplateCover__v0_slot00	RTTI:00873a8c	AITemplateCover__v0_slot00
0072c9f0	ai	AITemplateCover__v0_slot01	RTTI:00873a8c	AITemplateCover__v0_slot01
0072d150	ai	BBAirLift__v0_slot09	RTTI:00873ad4	BBAirLift__v0_slot09
0072d160	ai	BBAirLift__v0_slot00	RTTI:00873ad4	BBAirLift__v0_slot00
0072d1c0	ai	BBPPattern__v0_slot02	RTTI:0087860c	BBPPattern__v0_slot02;BBPAirLift__v0_slot02;BBPIdle__v0_slot02;BBPIdleInfantery__v0_slot02;BBPIdle3d__v0_slot02;BBPIdle2d__v0_slot02;BBPBailOut__v0_slot02;BBPChange__v0_slot02;BBPChangeLandingCraft__v0_slot02;BBPChangeTeleport__v0_slot02;BBPMedicAssist__v0_slot02;BBPAvoidCollision__v0_slot02;BBPAvoidCollisionInfantery__v0_slot02;BBPAvoidCollision3d__v0_slot02;BBPAvoidCollision2d__v0_slot02;BBPGotoWaypoint__v0_slot02;BBPGotoWaypointSoldier__v0_slot02;BBPGotoWaypoint3d__v0_slot02;BBPGotoWaypointBoat__v0_slot02;BBPGotoWaypoint2d__v0_slot02;BBPScout__v0_slot02;BBPScoutInfantery__v0_slot02;BBPFire__v0_slot02;BBPFireInfantery__v0_slot02;BBPFire2d__v0_slot02;BBPFire2dDriver__v0_slot02;BBPFire3d__v0_slot02;BBPRoam__v0_slot02;BBPRoam3d__v0_slot02;BBPRoam2d__v0_slot02;BBPTakeCover__v0_slot02;BBPTakeCoverInfantry__v0_slot02;BBPTakeCover3d__v0_slot02
0072d1e0	ai	BBPPattern__v0_slot01	RTTI:0087860c	BBPPattern__v0_slot01;BBPAirLift__v0_slot01;BBPIdle__v0_slot01;BBPIdleInfantery__v0_slot01;BBPIdle3d__v0_slot01;BBPIdle2d__v0_slot01;BBPBailOut__v0_slot01;BBPChange__v0_slot01;BBPChangeLandingCraft__v0_slot01;BBPChangeTeleport__v0_slot01;BBPMedicAssist__v0_slot01;BBPAvoidCollision__v0_slot01;BBPAvoidCollisionInfantery__v0_slot01;BBPAvoidCollision3d__v0_slot01;BBPAvoidCollision2d__v0_slot01;BBPGotoWaypoint__v0_slot01;BBPGotoWaypointSoldier__v0_slot01;BBPGotoWaypoint3d__v0_slot01;BBPGotoWaypointBoat__v0_slot01;BBPGotoWaypoint2d__v0_slot01;BBPScout__v0_slot01;BBPScoutInfantery__v0_slot01;BBPFire__v0_slot01;BBPFireInfantery__v0_slot01;BBPFire2d__v0_slot01;BBPFire2dDriver__v0_slot01;BBPFire3d__v0_slot01;BBPRoam__v0_slot01;BBPRoam3d__v0_slot01;BBPRoam2d__v0_slot01;BBPTakeCover__v0_slot01;BBPTakeCoverInfantry__v0_slot01;BBPTakeCover3d__v0_slot01
0072d200	ai	BBPAirLift__v0_slot04	RTTI:00873b2c	BBPAirLift__v0_slot04
0072d230	ai	BBMoveToFixed__v0_slot00	RTTI:00873b64	BBMoveToFixed__v0_slot00
0072d270	ai	BBMoveToFixed__v0_slot09	RTTI:00873b64	BBMoveToFixed__v0_slot09
0072d540	ai	BBFireUnarmed__v0_slot00	RTTI:00873bbc	BBFireUnarmed__v0_slot00
0072d8c0	ai	BBFireUnarmed__v0_slot09	RTTI:00873bbc	BBFireUnarmed__v0_slot09
0072e380	ai	BBIdle__v0_slot08	RTTI:00873c1c	BBIdle__v0_slot08
0072e3a0	ai	BBIdle__v0_slot00	RTTI:00873c1c	BBIdle__v0_slot00
0072e3d0	ai	BBIdle__v0_slot09	RTTI:00873c1c	BBIdle__v0_slot09
0072e460	ai	BAPCondition__v0_slot02	RTTI:00873c74	BAPCondition__v0_slot02
0072e4a0	ai	BAPConTrue__v0_slot02	RTTI:00873c84	BAPConTrue__v0_slot02
0072e510	ai	BBPPattern__v0_slot03	RTTI:0087860c	BBPPattern__v0_slot03;BBPAirLift__v0_slot03;BBPIdle__v0_slot03;BBPIdleInfantery__v0_slot03;BBPIdle3d__v0_slot03;BBPIdle2d__v0_slot03;BBPBailOut__v0_slot03;BBPChange__v0_slot03;BBPChangeLandingCraft__v0_slot03;BBPChangeTeleport__v0_slot03;BBPMedicAssist__v0_slot03;BBPAvoidCollision__v0_slot03;BBPAvoidCollisionInfantery__v0_slot03;BBPAvoidCollision3d__v0_slot03;BBPAvoidCollision2d__v0_slot03;BBPGotoWaypoint__v0_slot03;BBPGotoWaypointSoldier__v0_slot03;BBPGotoWaypointSoldier__v0_slot05;BBPGotoWaypoint3d__v0_slot03;BBPGotoWaypoint3d__v0_slot05;BBPGotoWaypointBoat__v0_slot03;BBPGotoWaypointBoat__v0_slot05;BBPGotoWaypoint2d__v0_slot03;BBPGotoWaypoint2d__v0_slot05;BBPScout__v0_slot03;BBPScoutInfantery__v0_slot03;BBPFire__v0_slot03;BBPFireInfantery__v0_slot03;BBPFire2d__v0_slot03;BBPFire2dDriver__v0_slot03;BBPFire3d__v0_slot03;BBPRoam__v0_slot03;BBPRoam3d__v0_slot03;BBPRoam2d__v0_slot03;BBPTakeCover__v0_slot03;BBPTakeCoverInfantry__v0_slot03;BBPTakeCover3d__v0_slot03
0072e530	ai	BBPIdleInfantery__v0_slot04	RTTI:00873c94	BBPIdleInfantery__v0_slot04
0072e580	ai	BBPIdleInfantery__v0_slot00	RTTI:00873c94	BBPIdleInfantery__v0_slot00
0072e7a0	ai	BAPConFalse__v0_slot02	RTTI:00873cd4	BAPConFalse__v0_slot02
0072e850	ai	BBPIdle3d__v0_slot04	RTTI:00873ce4	BBPIdle3d__v0_slot04
0072e8f0	ai	BBPIdle3d__v0_slot00	RTTI:00873ce4	BBPIdle3d__v0_slot00
0072ec40	ai	BBPIdle2d__v0_slot04	RTTI:00873d24	BBPIdle2d__v0_slot04
0072ec70	ai	BBPIdle2d__v0_slot00	RTTI:00873d24	BBPIdle2d__v0_slot00
0072eec0	ai	BBBailOut__v0_slot00	RTTI:00873d64	BBBailOut__v0_slot00
0072eef0	ai	BBBailOut__v0_slot09	RTTI:00873d64	BBBailOut__v0_slot09
0072f050	ai	BBPBailOut__v0_slot04	RTTI:00873dbc	BBPBailOut__v0_slot04
0072f080	ai	BBPBailOut__v0_slot00	RTTI:00873dbc	BBPBailOut__v0_slot00
0072f790	ai	BBChange__v0_slot00	RTTI:00873e04	BBChange__v0_slot00
0072f9e0	ai	BBChange__v0_slot09	RTTI:00873e04	BBChange__v0_slot09
00730fa0	ai	BBPChange__v0_slot04	RTTI:00873e6c	BBPChange__v0_slot04
00731030	ai	BBPChange__v0_slot00	RTTI:00873e6c	BBPChange__v0_slot00
007322d0	ai	BBChangeLandingCraft__v0_slot00	RTTI:00873eac	BBChangeLandingCraft__v0_slot00
00732310	ai	BBChangeLandingCraft__v0_slot09	RTTI:00873eac	BBChangeLandingCraft__v0_slot09
00732c30	ai	BBPChangeLandingCraft__v0_slot04	RTTI:00873f0c	BBPChangeLandingCraft__v0_slot04
00732cc0	ai	BBPChangeLandingCraft__v0_slot00	RTTI:00873f0c	BBPChangeLandingCraft__v0_slot00
007331c0	ai	BBChangeTeleport__v0_slot00	RTTI:00873f44	BBChangeTeleport__v0_slot00
00733200	ai	BBChangeTeleport__v0_slot09	RTTI:00873f44	BBChangeTeleport__v0_slot09
00733a50	ai	BBPChangeTeleport__v0_slot04	RTTI:00873f9c	BBPChangeTeleport__v0_slot04
00733ae0	ai	BBPChangeTeleport__v0_slot00	RTTI:00873f9c	BBPChangeTeleport__v0_slot00
00734010	ai	BBMedicAssist__v0_slot12	RTTI:00873fd4	BBMedicAssist__v0_slot12
00734090	ai	BBMedicAssist__v0_slot00	RTTI:00873fd4	BBMedicAssist__v0_slot00
00734270	ai	BBMedicAssist__v0_slot09	RTTI:00873fd4	BBMedicAssist__v0_slot09
00734cf0	ai	BotScriptVariable__v0_slot00	RTTI:0087402c	BotScriptVariable__v0_slot00
00734d80	ai	BBPMedicAssist__v0_slot04	RTTI:00874034	BBPMedicAssist__v0_slot04
00734ff0	ai	BBPMedicAssist__v0_slot00	RTTI:00874034	BBPMedicAssist__v0_slot00
00736110	ai	BBAvoid__v0_slot00	RTTI:00874094	BBAvoid__v0_slot00
00736610	ai	BBAvoid__v0_slot09	RTTI:00874094	BBAvoid__v0_slot09
00736f10	ai	BBPAvoidCollisionInfantery__v0_slot05	RTTI:008740ec	BBPAvoidCollisionInfantery__v0_slot05;BBPAvoidCollision2d__v0_slot05
00736fc0	ai	BBPAvoidCollisionInfantery__v0_slot04	RTTI:008740ec	BBPAvoidCollisionInfantery__v0_slot04
00737210	ai	BBPAvoidCollisionInfantery__v0_slot00	RTTI:008740ec	BBPAvoidCollisionInfantery__v0_slot00
00737f40	ai	BBPAvoidCollision3d__v0_slot05	RTTI:0087412c	BBPAvoidCollision3d__v0_slot05
00737fe0	ai	BBPAvoidCollision3d__v0_slot04	RTTI:0087412c	BBPAvoidCollision3d__v0_slot04
00738060	ai	BBPAvoidCollision3d__v0_slot00	RTTI:0087412c	BBPAvoidCollision3d__v0_slot00
00738720	ai	BBPAvoidCollision2d__v0_slot04	RTTI:0087416c	BBPAvoidCollision2d__v0_slot04
007387a0	ai	BBPAvoidCollision2d__v0_slot00	RTTI:0087416c	BBPAvoidCollision2d__v0_slot00
00738d20	ai	BBMoveTo__v0_slot00	RTTI:008741b0	BBMoveTo__v0_slot00
00738e70	ai	BBMoveTo__v0_slot09	RTTI:008741b0	BBMoveTo__v0_slot09
00739330	ai	BBPGotoWaypoint__v0_slot04	RTTI:0087420c	BBPGotoWaypoint__v0_slot04
00739420	ai	BBPGotoWaypointSoldier__v0_slot04	RTTI:00874274	BBPGotoWaypointSoldier__v0_slot04
007394b0	ai	BBPGotoWaypointSoldier__v0_slot00	RTTI:00874274	BBPGotoWaypointSoldier__v0_slot00
0073a120	ai	BBPGotoWaypoint3d__v0_slot04	RTTI:008742f0	BBPGotoWaypoint3d__v0_slot04;BBPGotoWaypointBoat__v0_slot04;BBPGotoWaypoint2d__v0_slot04
0073a140	ai	BBPGotoWaypoint3d__v0_slot00	RTTI:008742f0	BBPGotoWaypoint3d__v0_slot00
0073a5f0	ai	BBPGotoWaypointBoat__v0_slot00	RTTI:0087432c	BBPGotoWaypointBoat__v0_slot00
0073b2d0	ai	BBPGotoWaypoint2d__v0_slot00	RTTI:0087436c	BBPGotoWaypoint2d__v0_slot00
0073c260	ai	BBScout__v0_slot08	RTTI:00874420	BBScout__v0_slot08
0073c530	ai	BBScout__v0_slot00	RTTI:00874420	BBScout__v0_slot00
0073ce60	ai	BBScout__v0_slot09	RTTI:00874420	BBScout__v0_slot09
0073e270	ai	BotScript__v0_slot01	RTTI:0087448c	BotScript__v0_slot01
0073e290	ai	BAPStatement__v0_slot01	RTTI:00874498	BAPStatement__v0_slot01;BAPAction__v0_slot01;BAPALook__v0_slot01;BAPATurn__v0_slot01
0073e330	ai	BBPScoutInfantery__v0_slot04	RTTI:008744b4	BBPScoutInfantery__v0_slot04
0073e360	ai	BAPICScout__v0_slot01	RTTI:008744d0	BAPICScout__v0_slot01
0073e3a0	ai	BBPScoutInfantery__v0_slot00	RTTI:008744b4	BBPScoutInfantery__v0_slot00
0073e910	ai	BBPScout__v0_slot04	RTTI:00874514	BBPScout__v0_slot04
0073e9d0	ai	BBPScout__v0_slot05	RTTI:00874514	BBPScout__v0_slot05;BBPScoutInfantery__v0_slot05
0073eb60	ai	BBPScout__v0_slot00	RTTI:00874514	BBPScout__v0_slot00
0073f9d0	ai	BBFire__v0_slot00	RTTI:00874574	BBFire__v0_slot00
0073f9f0	ai	BBFire__v0_slot09	RTTI:00874574	BBFire__v0_slot09;BBFireInfantery__v0_slot09
00741340	ai	BAPExpression__v0_slot00	RTTI:008745d8	BAPExpression__v0_slot00
00741620	ai	BBPFireInfantery__v0_slot05	RTTI:00874610	BBPFireInfantery__v0_slot05
00742290	ai	BBPFireInfantery__v0_slot04	RTTI:00874610	BBPFireInfantery__v0_slot04
00745810	ai	BBPFireInfantery__v0_slot00	RTTI:00874610	BBPFireInfantery__v0_slot00
00747b80	ai	BBPFire2d__v0_slot04	RTTI:00874694	BBPFire2d__v0_slot04
00747bc0	ai	BBPFire2d__v0_slot05	RTTI:00874694	BBPFire2d__v0_slot05;BBPFire2dDriver__v0_slot05
00747d70	ai	BBPFire2d__v0_slot00	RTTI:00874694	BBPFire2d__v0_slot00
007492e0	ai	BBFireLargeBore__v0_slot13	RTTI:008746f0	BBFireLargeBore__v0_slot13
00749a60	ai	BBFireLargeBore__v0_slot00	RTTI:008746f0	BBFireLargeBore__v0_slot00
0074bad0	ai	BBFireLargeBore__v0_slot09	RTTI:008746f0	BBFireLargeBore__v0_slot09
0074bb30	ai	BBFireArtilleryDriver__v0_slot00	RTTI:00874754	BBFireArtilleryDriver__v0_slot00
0074bb80	ai	BBFireArtilleryDriver__v0_slot09	RTTI:00874754	BBFireArtilleryDriver__v0_slot09
0074be60	ai	BBPFire2dDriver__v0_slot04	RTTI:008747ac	BBPFire2dDriver__v0_slot04
0074bee0	ai	BBPFire2dDriver__v0_slot00	RTTI:008747ac	BBPFire2dDriver__v0_slot00
0074d130	ai	BBFire__v0_slot13	RTTI:00874574	BBFire__v0_slot13;BBFire3d__v0_slot13
0074d870	ai	BBFire3d__v0_slot00	RTTI:008747f0	BBFire3d__v0_slot00
0074d890	ai	BBFire3d__v0_slot09	RTTI:008747f0	BBFire3d__v0_slot09
0074ff10	ai	BBPFire3d__v0_slot05	RTTI:0087484c	BBPFire3d__v0_slot05
0074ff70	ai	BBPFire3d__v0_slot04	RTTI:0087484c	BBPFire3d__v0_slot04
00751fe0	ai	BBPFire3d__v0_slot00	RTTI:0087484c	BBPFire3d__v0_slot00
00752490	ai	BBFireInfantery__v0_slot13	RTTI:0087488c	BBFireInfantery__v0_slot13
007524a0	ai	BBFireInfantery__v0_slot00	RTTI:0087488c	BBFireInfantery__v0_slot00
00752550	ai	BBRoam__v0_slot00	RTTI:008748ec	BBRoam__v0_slot00
007526a0	ai	BBRoam__v0_slot09	RTTI:008748ec	BBRoam__v0_slot09
00752e10	ai	BBPRoam3d__v0_slot04	RTTI:00874944	BBPRoam3d__v0_slot04
00752e50	ai	BBPRoam3d__v0_slot00	RTTI:00874944	BBPRoam3d__v0_slot00
00753240	ai	BBPRoam2d__v0_slot04	RTTI:00874984	BBPRoam2d__v0_slot04
00753270	ai	BBPRoam2d__v0_slot00	RTTI:00874984	BBPRoam2d__v0_slot00
007534e0	ai	BBTakeCover__v0_slot08	RTTI:008749c4	BBTakeCover__v0_slot08
00753540	ai	BBTakeCover__v0_slot00	RTTI:008749c4	BBTakeCover__v0_slot00
007536b0	ai	BBTakeCover__v0_slot09	RTTI:008749c4	BBTakeCover__v0_slot09
00754c00	ai	BBPTakeCover__v0_slot04	RTTI:00874a24	BBPTakeCover__v0_slot04
00754c60	ai	BAPConEndOfPath__v0_slot02	RTTI:00874a3c	BAPConEndOfPath__v0_slot02
00754d00	ai	BBPTakeCover__v0_slot00	RTTI:00874a24	BBPTakeCover__v0_slot00
00755520	ai	BBTakeCoverInfantry__v0_slot00	RTTI:00874a74	BBTakeCoverInfantry__v0_slot00
00756580	ai	BBTakeCoverInfantry__v0_slot09	RTTI:00874a74	BBTakeCoverInfantry__v0_slot09
00758210	ai	BBPTakeCoverInfantry__v0_slot04	RTTI:00874acc	BBPTakeCoverInfantry__v0_slot04
007583e0	ai	BBPTakeCoverInfantry__v0_slot00	RTTI:00874acc	BBPTakeCoverInfantry__v0_slot00
00759a50	ai	BBTakeCover3d__v0_slot00	RTTI:00874b0c	BBTakeCover3d__v0_slot00
00759a90	ai	BBTakeCover3d__v0_slot09	RTTI:00874b0c	BBTakeCover3d__v0_slot09
0075a070	ai	BBPTakeCover3d__v0_slot04	RTTI:00874b64	BBPTakeCover3d__v0_slot04
0075a0a0	ai	BBPTakeCover3d__v0_slot00	RTTI:00874b64	BBPTakeCover3d__v0_slot00
00765d50	ai	BAPEntry__v0_slot00	RTTI:00874dd0	BAPEntry__v0_slot00;EntryMoveToObjectMediumSoldier__v0_slot00;EntryMoveToMediumSoldier__v0_slot00;EntryMoveToLightSoldier__v0_slot00;EntrySoldierPose__v0_slot00
00767e60	ai	Bot__v0_slot00	RTTI:00876164	Bot__v0_slot00
00767f00	ai	BotMain__v0_slot06	RTTI:00876504	BotMain__v0_slot06
00767f70	ai	BotMain__v0_slot16	RTTI:00876504	BotMain__v0_slot16
00767fa0	ai	BotMain__v0_slot19	RTTI:00876504	BotMain__v0_slot19
00767fc0	ai	BotMain__v0_slot28	RTTI:00876504	BotMain__v0_slot28
00768050	ai	BotMain__v0_slot42	RTTI:00876504	BotMain__v0_slot42
00768060	ai	BotMain__v0_slot43	RTTI:00876504	BotMain__v0_slot43
00768070	ai	BotMain__v0_slot46	RTTI:00876504	BotMain__v0_slot46
00768090	ai	BotMain__v0_slot49	RTTI:00876504	BotMain__v0_slot49
007680a0	ai	BotMain__v0_slot50	RTTI:00876504	BotMain__v0_slot50
007680b0	ai	BotMain__v0_slot44	RTTI:00876504	BotMain__v0_slot44
007680d0	gameplay	BFSoldier__v0_slot11	RTTI:00836bd4	BFSoldier__v0_slot11;PlayerControlObject__v0_slot11;Projectile__v0_slot11;ControlPoint__v0_slot11;BFSpawnPoint__v0_slot11;HandFireArms__v0_slot11;ClusterProjectile__v0_slot11;SpawnPoint__v0_slot11;BotMain__v0_slot33
007680e0	ai	BotMain__v0_slot35	RTTI:00876504	BotMain__v0_slot35
007680f0	ai	BotMain__v0_slot20	RTTI:00876504	BotMain__v0_slot20
00768100	ai	BotMain__v0_slot21	RTTI:00876504	BotMain__v0_slot21
00768110	ai	BotMain__v0_slot22	RTTI:00876504	BotMain__v0_slot22
00768130	ai	BotMain__v0_slot37	RTTI:00876504	BotMain__v0_slot37
00768140	ai	BotMain__v0_slot38	RTTI:00876504	BotMain__v0_slot38
00768150	ai	BotMain__v0_slot40	RTTI:00876504	BotMain__v0_slot40
00768160	ai	BotMain__v0_slot41	RTTI:00876504	BotMain__v0_slot41
00768170	ai	BotMain__v0_slot82	RTTI:00876504	BotMain__v0_slot82
007681c0	ai	BotMain__v0_slot83	RTTI:00876504	BotMain__v0_slot83
007682e0	ai	BotMain__v0_slot106	RTTI:00876504	BotMain__v0_slot106
00768310	ai	BotMain__v0_slot68	RTTI:00876504	BotMain__v0_slot68
00768320	ai	BotMain__v0_slot25	RTTI:00876504	BotMain__v0_slot25
00768330	ai	BotMain__v0_slot26	RTTI:00876504	BotMain__v0_slot26
00768340	ai	BotMain__v0_slot73	RTTI:00876504	BotMain__v0_slot73
00768350	ai	BotMain__v0_slot74	RTTI:00876504	BotMain__v0_slot74
00768360	ai	BotMain__v0_slot75	RTTI:00876504	BotMain__v0_slot75
00768390	ai	BotMain__v0_slot76	RTTI:00876504	BotMain__v0_slot76
007683c0	ai	BotMain__v0_slot77	RTTI:00876504	BotMain__v0_slot77
00768430	ai	BotMain__v0_slot107	RTTI:00876504	BotMain__v0_slot107
007684c0	ai	BotMain__v0_slot30	RTTI:00876504	BotMain__v0_slot30
00768520	ai	BotMain__v0_slot31	RTTI:00876504	BotMain__v0_slot31
00768530	ai	BotMain__v0_slot32	RTTI:00876504	BotMain__v0_slot32
00768550	ai	BotMain__v0_slot89	RTTI:00876504	BotMain__v0_slot89
00768560	ai	BotMain__v0_slot87	RTTI:00876504	BotMain__v0_slot87
00768580	ai	BotMain__v0_slot90	RTTI:00876504	BotMain__v0_slot90
00768590	ai	BotMain__v0_slot88	RTTI:00876504	BotMain__v0_slot88
007685b0	ai	BotMain__v0_slot57	RTTI:00876504	BotMain__v0_slot57
007685c0	ai	BotMain__v0_slot85	RTTI:00876504	BotMain__v0_slot85
007685d0	ai	BotMain__v0_slot86	RTTI:00876504	BotMain__v0_slot86
007685e0	ai	BotMain__v0_slot48	RTTI:00876504	BotMain__v0_slot48
007685f0	ai	BotMain__v0_slot93	RTTI:00876504	BotMain__v0_slot93
00768610	ai	BotMain__v0_slot95	RTTI:00876504	BotMain__v0_slot95
00768620	ai	BotMain__v0_slot96	RTTI:00876504	BotMain__v0_slot96
00768640	ai	BotMain__v0_slot97	RTTI:00876504	BotMain__v0_slot97
007686b0	ai	BotMain__v0_slot98	RTTI:00876504	BotMain__v0_slot98
007686c0	ai	BotMain__v0_slot99	RTTI:00876504	BotMain__v0_slot99
007686d0	ai	BotMain__v0_slot102	RTTI:00876504	BotMain__v0_slot102
00768760	ai	BotMain__v0_slot62	RTTI:00876504	BotMain__v0_slot62
00768770	ai	BotMain__v0_slot63	RTTI:00876504	BotMain__v0_slot63
00768790	ai	BotMain__v0_slot65	RTTI:00876504	BotMain__v0_slot65
007687a0	ai	BotMain__v0_slot66	RTTI:00876504	BotMain__v0_slot66
007687c0	ai	BotMain__v0_slot69	RTTI:00876504	BotMain__v0_slot69
00768810	ai	BotMain__v0_slot47	RTTI:00876504	BotMain__v0_slot47
00768870	ai	BotMain__v0_slot94	RTTI:00876504	BotMain__v0_slot94
00769380	ai	BotMain__v0_slot18	RTTI:00876504	BotMain__v0_slot18
007693c0	ai	BotMain__v0_slot61	RTTI:00876504	BotMain__v0_slot61
00769780	ai	BotMain__v0_slot34	RTTI:00876504	BotMain__v0_slot34
007697c0	ai	BotMain__v0_slot105	RTTI:00876504	BotMain__v0_slot105
0076ade0	ai	BotMain__v0_slot29	RTTI:00876504	BotMain__v0_slot29
0076ae30	ai	BotMain__v0_slot64	RTTI:00876504	BotMain__v0_slot64
0076ae80	ai	BotMain__v0_slot67	RTTI:00876504	BotMain__v0_slot67
0076aed0	ai	BotMain__v0_slot45	RTTI:00876504	BotMain__v0_slot45
0076bc80	ai	BotMain__v0_slot91	RTTI:00876504	BotMain__v0_slot91
0076bcb0	ai	BotMain__v0_slot78	RTTI:00876504	BotMain__v0_slot78
0076ca40	ai	BotMain__v0_slot03	RTTI:00876504	BotMain__v0_slot03
0076ce00	ai	BotMain__v0_slot10	RTTI:00876504	BotMain__v0_slot10
0076d0a0	ai	BotMain__v0_slot11	RTTI:00876504	BotMain__v0_slot11
0076d9f0	ai	BotMain__v0_slot04	RTTI:00876504	BotMain__v0_slot04
0076e200	ai	BotMain__v0_slot17	RTTI:00876504	BotMain__v0_slot17
0076e270	ai	BotMain__v0_slot07	RTTI:00876504	BotMain__v0_slot07
0076f240	ai	BotMain__v0_slot84	RTTI:00876504	BotMain__v0_slot84
0076f690	ai	BotMain__v0_slot81	RTTI:00876504	BotMain__v0_slot81
0076faf0	ai	BotMain__v0_slot59	RTTI:00876504	BotMain__v0_slot59
0076fd60	ai	BotMain__v0_slot72	RTTI:00876504	BotMain__v0_slot72
00770310	ai	BotMain__v0_slot92	RTTI:00876504	BotMain__v0_slot92
007706e0	ai	BotMain__v0_slot104	RTTI:00876504	BotMain__v0_slot104
00770950	ai	BotMain__v0_slot08	RTTI:00876504	BotMain__v0_slot08
00771880	ai	BotMain__v0_slot09	RTTI:00876504	BotMain__v0_slot09
007723c0	ai	BotMain__v0_slot60	RTTI:00876504	BotMain__v0_slot60
007729f0	ai	BotMain__v0_slot71	RTTI:00876504	BotMain__v0_slot71
00773900	ai	BotMain__v0_slot24	RTTI:00876504	BotMain__v0_slot24
00773910	ai	BotMain__v0_slot70	RTTI:00876504	BotMain__v0_slot70
00773920	ai	BotMain__v0_slot103	RTTI:00876504	BotMain__v0_slot103
00773d00	ai	BotMain__v0_slot58	RTTI:00876504	BotMain__v0_slot58
00773ea0	ai	BotMain__v0_slot00	RTTI:00876504	BotMain__v0_slot00
00774430	ai	BotMain__v0_slot12	RTTI:00876504	BotMain__v0_slot12
00774a30	gameplay	MusicPlayerNetworkable__v0_slot10	RTTI:00828934	MusicPlayerNetworkable__v0_slot10;HookNetworkable__v0_slot10;AIStrategicObject__v0_slot01;AITemplateUnit__v0_slot02;BBPIdleInfantery__v0_slot05;BBPFire2dDriver__v0_slot06;AIObjectUnit__v0_slot01;BAPIWIdle__v0_slot06;BAPCConBombPrecision3d__v0_slot01
00774c20	gameplay	StaticPhysicsNode__v0_slot67	RTTI:00846e1c	StaticPhysicsNode__v0_slot67;PointPhysicsNode__v0_slot67;AIObjectPhysical__v0_slot01;AITemplateControlInfo3d__v0_slot03;AITemplatePhysical__v0_slot02;BBPIdle2d__v0_slot05;BBPRoam2d__v0_slot05;Bot__v0_slot54;BAPCombinerSerial__v0_slot03;BAPIWMoveTo__v0_slot06;BAPAAimAtObject__v0_slot06;BAPCConPrecision__v0_slot01;BAPAAimAtObject3d__v0_slot06;BAPDebugger__v0_slot03
00774fc0	ai	BAPInterpreter__v0_slot00	RTTI:00876818	BAPInterpreter__v0_slot00
00774ff0	ai	BAPInterpreter__v0_slot01	RTTI:00876818	BAPInterpreter__v0_slot01
00775270	ai	BotManager__v4_slot01	RTTI:008768d4	BotManager__v4_slot01
007752a0	ai	BotManager__v4_slot02	RTTI:008768d4	BotManager__v4_slot02
007752d0	ai	BotManager__v4_slot03	RTTI:008768d4	BotManager__v4_slot03
00775330	ai	BotManager__v4_slot04	RTTI:008768d4	BotManager__v4_slot04
00775390	ai	BotManager__v4_slot05	RTTI:008768d4	BotManager__v4_slot05
007753b0	ai	BotManager__v4_slot14	RTTI:008768d4	BotManager__v4_slot14
007753c0	ai	BotManager__v4_slot15	RTTI:008768d4	BotManager__v4_slot15
007753d0	ai	BotManager__v4_slot16	RTTI:008768d4	BotManager__v4_slot16
007753e0	ai	BotManager__v4_slot17	RTTI:008768d4	BotManager__v4_slot17
007753f0	ai	BotManager__v4_slot18	RTTI:008768d4	BotManager__v4_slot18
00775400	ai	BotManager__v4_slot19	RTTI:008768d4	BotManager__v4_slot19
00775410	ai	BotManager__v4_slot22	RTTI:008768d4	BotManager__v4_slot22
00775420	ai	BotManager__v4_slot23	RTTI:008768d4	BotManager__v4_slot23
00775430	ai	BotManager__v4_slot24	RTTI:008768d4	BotManager__v4_slot24
00775440	ai	BotManager__v4_slot25	RTTI:008768d4	BotManager__v4_slot25
00775450	ai	BotManager__v4_slot26	RTTI:008768d4	BotManager__v4_slot26
00775470	ai	BotManager__v0_slot10	RTTI:00876984	BotManager__v0_slot10
00775540	ai	BotManager__v0_slot11	RTTI:00876984	BotManager__v0_slot11
007755c0	ai	BotManager__v0_slot01	RTTI:00876984	BotManager__v0_slot01
007755e0	ai	BotManager__v0_slot02	RTTI:00876984	BotManager__v0_slot02
00775600	ai	BotManager__v0_slot03	RTTI:00876984	BotManager__v0_slot03
00775610	ai	BotManager__v0_slot12	RTTI:00876984	BotManager__v0_slot12
007758f0	ai	BotManager__v4_slot29	RTTI:008768d4	BotManager__v4_slot29
00775940	ai	BotManager__v4_slot41	RTTI:008768d4	BotManager__v4_slot41
00775ca0	ai	BotManager__v0_slot06	RTTI:00876984	BotManager__v0_slot06
00775cd0	ai	BotManager__v0_slot08	RTTI:00876984	BotManager__v0_slot08
00775d90	ai	BotManager__v0_slot07	RTTI:00876984	BotManager__v0_slot07
00775db0	ai	BotManager__v0_slot13	RTTI:00876984	BotManager__v0_slot13
00775e90	ai	BotManager__v0_slot14	RTTI:00876984	BotManager__v0_slot14
00776270	ai	BotManager__v0_slot15	RTTI:00876984	BotManager__v0_slot15
00776760	ai	BotManager__v4_slot06	RTTI:008768d4	BotManager__v4_slot06
007767b0	ai	BotManager__v4_slot07	RTTI:008768d4	BotManager__v4_slot07
00776820	ai	BotManager__v0_slot05	RTTI:00876984	BotManager__v0_slot05
00776840	ai	BotManager__v0_slot04	RTTI:00876984	BotManager__v0_slot04
00776890	ai	BotManager__v4_slot28	RTTI:008768d4	BotManager__v4_slot28
007768d0	ai	BotManager__v4_slot30	RTTI:008768d4	BotManager__v4_slot30
007768f0	ai	BotManager__v4_slot31	RTTI:008768d4	BotManager__v4_slot31
00776910	ai	BotManager__v4_slot32	RTTI:008768d4	BotManager__v4_slot32
00776930	ai	BotManager__v4_slot33	RTTI:008768d4	BotManager__v4_slot33
00776950	ai	BotManager__v4_slot34	RTTI:008768d4	BotManager__v4_slot34
00776970	ai	BotManager__v4_slot35	RTTI:008768d4	BotManager__v4_slot35
00776990	ai	BotManager__v4_slot36	RTTI:008768d4	BotManager__v4_slot36
007769b0	ai	BotManager__v4_slot37	RTTI:008768d4	BotManager__v4_slot37
007769d0	ai	BotManager__v4_slot38	RTTI:008768d4	BotManager__v4_slot38
007769f0	ai	BotManager__v4_slot39	RTTI:008768d4	BotManager__v4_slot39
00776a10	ai	BotManager__v0_slot22	RTTI:00876984	BotManager__v0_slot22
00778ba0	ai	BotManager__v0_slot16	RTTI:00876984	BotManager__v0_slot16
00779140	ai	BotManager__v0_slot17	RTTI:00876984	BotManager__v0_slot17
00779150	ai	BotManager__v0_slot18	RTTI:00876984	BotManager__v0_slot18
00779160	ai	BotManager__v0_slot21	RTTI:00876984	BotManager__v0_slot21
00779170	ai	BotManager__v4_slot00	RTTI:008768d4	BotManager__v4_slot00
00779180	ai	BotManager__v4_slot27	RTTI:008768d4	BotManager__v4_slot27
00779190	ai	BotManager__v0_slot19	RTTI:00876984	BotManager__v0_slot19
00779210	ai	BotManager__v4_slot40	RTTI:008768d4	BotManager__v4_slot40
00779220	ai	BotManager__v0_slot20	RTTI:00876984	BotManager__v0_slot20
00779850	ai	BotManager__v0_slot00	RTTI:00876984	BotManager__v0_slot00
007812d0	ai	AIDebugRenderer__v0_slot05	RTTI:008770e4	AIDebugRenderer__v0_slot05
00781440	ai	AIDebugRenderer__v0_slot00	RTTI:008770e4	AIDebugRenderer__v0_slot00
00781b40	ai	AIPredWrapper__v0_slot00	RTTI:00877170	AIPredWrapper__v0_slot00
00784350	ai	AIPathfinding__v4_slot21	RTTI:0087747c	AIPathfinding__v4_slot21
00784380	ai	AIPathfinding__v0_slot15	RTTI:008773a4	AIPathfinding__v0_slot15
007843b0	ai	AIPathfinding__v0_slot19	RTTI:008773a4	AIPathfinding__v0_slot19
007843e0	ai	AIPathfinding__v0_slot21	RTTI:008773a4	AIPathfinding__v0_slot21
00784410	ai	AIPathfinding__v4_slot39	RTTI:0087747c	AIPathfinding__v4_slot39
00784440	ai	AIPathfinding__v4_slot40	RTTI:0087747c	AIPathfinding__v4_slot40
00784450	ai	AIPathfinding__v4_slot42	RTTI:0087747c	AIPathfinding__v4_slot42
00784480	ai	AIPathfinding__v4_slot43	RTTI:0087747c	AIPathfinding__v4_slot43
00784490	ai	AIPathfinding__v4_slot44	RTTI:0087747c	AIPathfinding__v4_slot44
007844c0	ai	AIPathfinding__v4_slot45	RTTI:0087747c	AIPathfinding__v4_slot45
007844d0	ai	AIPathfinding__v4_slot46	RTTI:0087747c	AIPathfinding__v4_slot46
00784500	ai	AIPathfinding__v4_slot47	RTTI:0087747c	AIPathfinding__v4_slot47
00784510	ai	AIPathfinding__v4_slot48	RTTI:0087747c	AIPathfinding__v4_slot48
00784540	ai	AIPathfinding__v4_slot49	RTTI:0087747c	AIPathfinding__v4_slot49
00784550	ai	AIPathfinding__v4_slot50	RTTI:0087747c	AIPathfinding__v4_slot50
00784580	ai	AIPathfinding__v4_slot51	RTTI:0087747c	AIPathfinding__v4_slot51
007845f0	ai	AIPathfinding__v0_slot01	RTTI:008773a4	AIPathfinding__v0_slot01
00784610	ai	AIPathfinding__v0_slot02	RTTI:008773a4	AIPathfinding__v0_slot02
00784630	ai	AIPathfinding__v0_slot03	RTTI:008773a4	AIPathfinding__v0_slot03
00784650	ai	AIPathfinding__v0_slot49	RTTI:008773a4	AIPathfinding__v0_slot49
007846b0	ai	AIPathfinding__v0_slot13	RTTI:008773a4	AIPathfinding__v0_slot13
00784a60	ai	AIPathfinding__v0_slot07	RTTI:008773a4	AIPathfinding__v0_slot07
007853e0	ai	AIPathfinding__v0_slot06	RTTI:008773a4	AIPathfinding__v0_slot06
007853f0	ai	AIPathfinding__v0_slot08	RTTI:008773a4	AIPathfinding__v0_slot08
00785420	ai	AIPathfinding__v0_slot09	RTTI:008773a4	AIPathfinding__v0_slot09
00785450	ai	AIPathfinding__v0_slot04	RTTI:008773a4	AIPathfinding__v0_slot04
00785470	ai	AIPathfinding__v4_slot19	RTTI:0087747c	AIPathfinding__v4_slot19
007854a0	ai	AIPathfinding__v4_slot15	RTTI:0087747c	AIPathfinding__v4_slot15
007854d0	ai	AIPathfinding__v0_slot10	RTTI:008773a4	AIPathfinding__v0_slot10
007854f0	ai	AIPathfinding__v4_slot17	RTTI:0087747c	AIPathfinding__v4_slot17
00785550	ai	AIPathfinding__v0_slot11	RTTI:008773a4	AIPathfinding__v0_slot11
00785570	ai	AIPathfinding__v4_slot24	RTTI:0087747c	AIPathfinding__v4_slot24
00785610	ai	AIPathfinding__v4_slot23	RTTI:0087747c	AIPathfinding__v4_slot23
007856f0	ai	AIPathfinding__v4_slot25	RTTI:0087747c	AIPathfinding__v4_slot25
00785790	ai	AIPathfinding__v0_slot40	RTTI:008773a4	AIPathfinding__v0_slot40
007857e0	ai	AIPathfinding__v0_slot36	RTTI:008773a4	AIPathfinding__v0_slot36
00785820	ai	AIPathfinding__v0_slot37	RTTI:008773a4	AIPathfinding__v0_slot37
00785870	ai	AIPathfinding__v0_slot41	RTTI:008773a4	AIPathfinding__v0_slot41
007858d0	ai	AIPathfinding__v0_slot47	RTTI:008773a4	AIPathfinding__v0_slot47
00785900	ai	AIPathfinding__v0_slot48	RTTI:008773a4	AIPathfinding__v0_slot48
00785930	ai	AIPathfinding__v0_slot31	RTTI:008773a4	AIPathfinding__v0_slot31
00785970	ai	AIPathfinding__v0_slot35	RTTI:008773a4	AIPathfinding__v0_slot35
007859d0	ai	AIPathfinding__v0_slot34	RTTI:008773a4	AIPathfinding__v0_slot34
00785a50	ai	AIPathfinding__v0_slot33	RTTI:008773a4	AIPathfinding__v0_slot33
00785b00	ai	AIPathfinding__v0_slot32	RTTI:008773a4	AIPathfinding__v0_slot32
00785bd0	ai	AIPathfinding__v0_slot12	RTTI:008773a4	AIPathfinding__v0_slot12
00785cc0	ai	AIPathfinding__v0_slot14	RTTI:008773a4	AIPathfinding__v0_slot14
00785ea0	ai	AIPathfinding__v0_slot46	RTTI:008773a4	AIPathfinding__v0_slot46
00785f60	ai	AIPathfinding__v0_slot26	RTTI:008773a4	AIPathfinding__v0_slot26
00786010	ai	AIPathfinding__v0_slot29	RTTI:008773a4	AIPathfinding__v0_slot29
00786110	ai	AIPathfinding__v0_slot22	RTTI:008773a4	AIPathfinding__v0_slot22
007861c0	ai	AIPathfinding__v0_slot16	RTTI:008773a4	AIPathfinding__v0_slot16
007861f0	ai	AIPathfinding__v0_slot17	RTTI:008773a4	AIPathfinding__v0_slot17
00786220	ai	AIPathfinding__v0_slot50	RTTI:008773a4	AIPathfinding__v0_slot50
00786270	ai	AIPathfinding__v4_slot09	RTTI:0087747c	AIPathfinding__v4_slot09
007862a0	ai	AIPathfinding__v4_slot10	RTTI:0087747c	AIPathfinding__v4_slot10
007862e0	ai	AIPathfinding__v4_slot11	RTTI:0087747c	AIPathfinding__v4_slot11
00786310	ai	AIPathfinding__v4_slot12	RTTI:0087747c	AIPathfinding__v4_slot12
00786350	ai	AIPathfinding__v4_slot13	RTTI:0087747c	AIPathfinding__v4_slot13
00786380	ai	AIPathfinding__v4_slot14	RTTI:0087747c	AIPathfinding__v4_slot14
007863b0	ai	AIPathfinding__v0_slot44	RTTI:008773a4	AIPathfinding__v0_slot44
00786de0	ai	AIPathfinding__v4_slot26	RTTI:0087747c	AIPathfinding__v4_slot26
00786f80	ai	AIPathfinding__v4_slot29	RTTI:0087747c	AIPathfinding__v4_slot29
007870c0	ai	AIPathfinding__v4_slot31	RTTI:0087747c	AIPathfinding__v4_slot31
00787340	ai	AIPathfinding__v4_slot28	RTTI:0087747c	AIPathfinding__v4_slot28
007875e0	ai	AIPathfinding__v4_slot32	RTTI:0087747c	AIPathfinding__v4_slot32
00787a40	ai	AIPathfinding__v4_slot33	RTTI:0087747c	AIPathfinding__v4_slot33
00787c80	ai	AIPathfinding__v0_slot39	RTTI:008773a4	AIPathfinding__v0_slot39
00787cc0	ai	AIPathfinding__v0_slot38	RTTI:008773a4	AIPathfinding__v0_slot38
00787cf0	ai	AIPathfinding__v0_slot42	RTTI:008773a4	AIPathfinding__v0_slot42
00787d50	ai	AIPathfinding__v0_slot25	RTTI:008773a4	AIPathfinding__v0_slot25
00787df0	ai	AIPathfinding__v0_slot24	RTTI:008773a4	AIPathfinding__v0_slot24
00787ec0	ai	AIPathfinding__v0_slot45	RTTI:008773a4	AIPathfinding__v0_slot45
00787ef0	ai	AIPathfinding__v0_slot28	RTTI:008773a4	AIPathfinding__v0_slot28
00787fb0	ai	AIPathfinding__v0_slot27	RTTI:008773a4	AIPathfinding__v0_slot27
007880f0	ai	AIPathfinding__v0_slot30	RTTI:008773a4	AIPathfinding__v0_slot30
00788220	ai	AIPathfinding__v0_slot18	RTTI:008773a4	AIPathfinding__v0_slot18
00788300	ai	AIPathfinding__v0_slot20	RTTI:008773a4	AIPathfinding__v0_slot20
00788580	ai	AIPathfinding__v4_slot53	RTTI:0087747c	AIPathfinding__v4_slot53
00788590	ai	BotMain__v0_slot15	RTTI:00876504	BotMain__v0_slot15;AIPathfinding__v0_slot51
007885a0	ai	AIPathfinding__v4_slot00	RTTI:0087747c	AIPathfinding__v4_slot00
007885b0	ai	AIPathfinding__v4_slot54	RTTI:0087747c	AIPathfinding__v4_slot54
007885c0	ai	AIPathfinding__v4_slot01	RTTI:0087747c	AIPathfinding__v4_slot01
007885d0	ai	AIPathfinding__v4_slot07	RTTI:0087747c	AIPathfinding__v4_slot07
007885e0	ai	AIPathfinding__v4_slot16	RTTI:0087747c	AIPathfinding__v4_slot16
007885f0	ai	AIPathfinding__v4_slot18	RTTI:0087747c	AIPathfinding__v4_slot18
00788600	ai	AIPathfinding__v4_slot38	RTTI:0087747c	AIPathfinding__v4_slot38
00788610	ai	AIPathfinding__v4_slot08	RTTI:0087747c	AIPathfinding__v4_slot08
007887d0	ai	AIPathfinding__v0_slot23	RTTI:008773a4	AIPathfinding__v0_slot23
00788a10	ai	AIPathfinding__v4_slot06	RTTI:0087747c	AIPathfinding__v4_slot06
00788c70	ai	AIPathfinding__v4_slot05	RTTI:0087747c	AIPathfinding__v4_slot05
00788d80	ai	AIPathfinding__v4_slot04	RTTI:0087747c	AIPathfinding__v4_slot04
00788f70	ai	AIPathfinding__v0_slot43	RTTI:008773a4	AIPathfinding__v0_slot43
00789610	ai	AIPathfinding__v0_slot00	RTTI:008773a4	AIPathfinding__v0_slot00
00789630	ai	AIPathfinding__v4_slot20	RTTI:0087747c	AIPathfinding__v4_slot20
007896d0	ai	AIMeshLoader__v0_slot00	RTTI:00877560	AIMeshLoader__v0_slot00
007896f0	ai	AIPathfinding__v4_slot30	RTTI:0087747c	AIPathfinding__v4_slot30
007899a0	ai	AIPathfinding__v4_slot27	RTTI:0087747c	AIPathfinding__v4_slot27
00789c00	ai	AICollisionHandler__v0_slot05	RTTI:008775c8	AICollisionHandler__v0_slot05
00789c40	ai	AICollisionHandler__v0_slot07	RTTI:008775c8	AICollisionHandler__v0_slot07
00789c90	ai	AICollisionHandler__v0_slot08	RTTI:008775c8	AICollisionHandler__v0_slot08
00789dc0	ai	AICollisionHandler__v0_slot00	RTTI:008775c8	AICollisionHandler__v0_slot00
00789ed0	ai	AICollisionHandler__v0_slot06	RTTI:008775c8	AICollisionHandler__v0_slot06
0078a500	ai	AICollisionHandler__v0_slot01	RTTI:008775c8	AICollisionHandler__v0_slot01
0078a880	ai	AICollisionHandler__v0_slot04	RTTI:008775c8	AICollisionHandler__v0_slot04
0078b200	ai	AICollisionHandler__v0_slot03	RTTI:008775c8	AICollisionHandler__v0_slot03
0078b2c0	ai	AICollisionHandler__v0_slot02	RTTI:008775c8	AICollisionHandler__v0_slot02
0078c6b0	ai	AIObjectUnit__v0_slot00	RTTI:0087763c	AIObjectUnit__v0_slot00
0078c850	ai	AIObjectUnit__v0_slot03	RTTI:0087763c	AIObjectUnit__v0_slot03
0078c9b0	ai	AIObjectUnit__v0_slot02	RTTI:0087763c	AIObjectUnit__v0_slot02
0078da10	ai	AIObjectMobile__v0_slot00	RTTI:0087772c	AIObjectMobile__v0_slot00
0078daa0	ai	AIObjectMobile__v0_slot05	RTTI:0087772c	AIObjectMobile__v0_slot05
0078dba0	ai	AIObjectMobile__v0_slot02	RTTI:0087772c	AIObjectMobile__v0_slot02
0078dde0	ai	AIObjectMobile__v0_slot03	RTTI:0087772c	AIObjectMobile__v0_slot03
0078df60	ai	AIObjectControlInfo__v0_slot00	RTTI:00877798	AIObjectControlInfo__v0_slot00
0078e5c0	ai	AIObjectControlInfo__v0_slot03	RTTI:00877798	AIObjectControlInfo__v0_slot03
0078e5f0	ai	AIObjectControlInfo__v0_slot02	RTTI:00877798	AIObjectControlInfo__v0_slot02
0078f600	ai	AIScriptExecuter__v0_slot00	RTTI:008778ac	AIScriptExecuter__v0_slot00
00790290	ai	AIScript__v0_slot02	RTTI:008779dc	AIScript__v0_slot02
007902a0	ai	AIScript__v0_slot03	RTTI:008779dc	AIScript__v0_slot03
007902b0	ai	AIScript__v0_slot01	RTTI:008779dc	AIScript__v0_slot01
00790c90	ai	AIScript__v0_slot00	RTTI:008779dc	AIScript__v0_slot00
00790ce0	ai	SVUBotVehicle__v0_slot00	RTTI:00877a14	SVUBotVehicle__v0_slot00
00790d10	ai	SVUBotVehicle__v0_slot06	RTTI:00877a14	SVUBotVehicle__v0_slot06
00790dc0	ai	SVUBotPos__v0_slot00	RTTI:00877a6c	SVUBotPos__v0_slot00
00790df0	ai	SVUBotPos__v0_slot06	RTTI:00877a6c	SVUBotPos__v0_slot06
00790f00	ai	SVUBotHealth__v0_slot00	RTTI:00877ac4	SVUBotHealth__v0_slot00
00790f30	ai	SVUBotHealth__v0_slot06	RTTI:00877ac4	SVUBotHealth__v0_slot06
00791000	ai	SVUBotExists__v0_slot00	RTTI:00877b1c	SVUBotExists__v0_slot00
00791030	ai	SVUBotExists__v0_slot06	RTTI:00877b1c	SVUBotExists__v0_slot06
00791090	ai	AIScriptSubroutine__v0_slot00	RTTI:00877b74	AIScriptSubroutine__v0_slot00
00791c80	ai	TaskAStarStrategicSearch__v0_slot03	RTTI:008731a8	TaskAStarStrategicSearch__v0_slot03;TaskStrategicPlayerMapSearch__v0_slot03;TaskGetStrategicCellInfoNo__v0_slot03;TaskStrategicSearch__v0_slot03
00791e90	ai	TaskAStarStrategicSearch__v0_slot01	RTTI:008731a8	TaskAStarStrategicSearch__v0_slot01
00791ff0	ai	TaskStrategicPlayerMapSearch__v0_slot01	RTTI:00873208	TaskStrategicPlayerMapSearch__v0_slot01
00792070	ai	TaskStrategicSearch__v0_slot01	RTTI:00873230	TaskStrategicSearch__v0_slot01
00792370	ai	TaskGetStrategicCellInfoNo__v0_slot01	RTTI:0087321c	TaskGetStrategicCellInfoNo__v0_slot01
007925b0	ai	AStarStrategicSearch__v0_slot06	RTTI:008731bc	AStarStrategicSearch__v0_slot06
007925d0	ai	AStarStrategicSearch__v0_slot07	RTTI:008731bc	AStarStrategicSearch__v0_slot07
007925f0	ai	AStarStrategicSearch__v0_slot02	RTTI:008731bc	AStarStrategicSearch__v0_slot02
007927e0	ai	AStarStrategicSearch__v0_slot04	RTTI:008731bc	AStarStrategicSearch__v0_slot04
00792b30	ai	AStarStrategicSearch__v0_slot03	RTTI:008731bc	AStarStrategicSearch__v0_slot03
0079ec10	ai	AIObjectReal__v0_slot10	RTTI:008780dc	AIObjectReal__v0_slot10
0079ec80	ai	AIObjectReal__v0_slot42	RTTI:008780dc	AIObjectReal__v0_slot42;AIObjectPrimaryReal__v0_slot42;AIObjectSecondaryReal__v0_slot42
0079ecb0	ai	AIObjectReal__v0_slot22	RTTI:008780dc	AIObjectReal__v0_slot22;AIObjectPrimaryReal__v0_slot22;AIObjectShared__v0_slot22;AIObjectPrimaryShared__v0_slot22;AIObjectSecondaryReal__v0_slot22;AIObjectSecondaryShared__v0_slot22
0079ece0	ai	AIObjectReal__v0_slot19	RTTI:008780dc	AIObjectReal__v0_slot19;AIObjectPrimaryReal__v0_slot19;AIObjectSecondaryReal__v0_slot19
0079ecf0	ai	AIObjectReal__v0_slot45	RTTI:008780dc	AIObjectReal__v0_slot45;AIObjectPrimaryReal__v0_slot45;AIObjectSecondaryReal__v0_slot45
0079ed10	ai	AIObjectReal__v0_slot46	RTTI:008780dc	AIObjectReal__v0_slot46;AIObjectPrimaryReal__v0_slot46;AIObjectSecondaryReal__v0_slot46
0079ed30	ai	AIObjectReal__v0_slot47	RTTI:008780dc	AIObjectReal__v0_slot47;AIObjectPrimaryReal__v0_slot47;AIObjectSecondaryReal__v0_slot47
0079edb0	gameplay	PointPhysicsNode__v0_slot49	RTTI:0084704c	PointPhysicsNode__v0_slot49;AIObjectReal__v0_slot04;AIObjectPrimaryReal__v0_slot04;AIObjectSecondaryReal__v0_slot04;AIObjectSecondaryShared__v0_slot38
0079edc0	ai	AIObjectReal__v0_slot20	RTTI:008780dc	AIObjectReal__v0_slot20;AIObjectPrimaryReal__v0_slot20;AIObjectSecondaryReal__v0_slot20
0079ede0	ai	AIObjectReal__v0_slot48	RTTI:008780dc	AIObjectReal__v0_slot48;AIObjectPrimaryReal__v0_slot48;AIObjectSecondaryReal__v0_slot48
0079ee50	ai	AIObjectReal__v0_slot49	RTTI:008780dc	AIObjectReal__v0_slot49;AIObjectPrimaryReal__v0_slot49;AIObjectSecondaryReal__v0_slot49
0079ee70	ai	AIObjectReal__v0_slot27	RTTI:008780dc	AIObjectReal__v0_slot27;AIObjectPrimaryReal__v0_slot27;AIObjectSecondaryReal__v0_slot27
0079ef20	ai	AIObjectReal__v0_slot00	RTTI:008780dc	AIObjectReal__v0_slot00
0079ef40	ai	AIObjectReal__v0_slot24	RTTI:008780dc	AIObjectReal__v0_slot24;AIObjectPrimaryReal__v0_slot24;AIObjectSecondaryReal__v0_slot24
0079eff0	ai	AIObjectReal__v0_slot25	RTTI:008780dc	AIObjectReal__v0_slot25;AIObjectPrimaryReal__v0_slot25;AIObjectSecondaryReal__v0_slot25
0079f0d0	ai	AIObjectReal__v0_slot50	RTTI:008780dc	AIObjectReal__v0_slot50;AIObjectPrimaryReal__v0_slot50;AIObjectSecondaryReal__v0_slot50
0079f130	ai	AIObjectReal__v0_slot26	RTTI:008780dc	AIObjectReal__v0_slot26;AIObjectPrimaryReal__v0_slot26;AIObjectSecondaryReal__v0_slot26
0079f1d0	ai	AIObjectReal__v0_slot23	RTTI:008780dc	AIObjectReal__v0_slot23;AIObjectPrimaryReal__v0_slot23;AIObjectSecondaryReal__v0_slot23
0079f220	ai	AIObjectReal__v0_slot21	RTTI:008780dc	AIObjectReal__v0_slot21;AIObjectPrimaryReal__v0_slot21
0079f400	ai	AIObjectReal__v0_slot08	RTTI:008780dc	AIObjectReal__v0_slot08
0079f620	ai	AIObject__v0_slot43	RTTI:008781d4	AIObject__v0_slot43;AIObjectReal__v0_slot43;AIObjectPrimaryReal__v0_slot43;AIObjectShared__v0_slot43;AIObjectPrimaryShared__v0_slot43;AIObjectSecondaryReal__v0_slot43;AIObjectSecondaryShared__v0_slot43
0079f670	ai	AIObject__v0_slot38	RTTI:008781d4	AIObject__v0_slot38;AIObjectReal__v0_slot38;AIObjectPrimaryReal__v0_slot38;AIObjectShared__v0_slot38;AIObjectPrimaryShared__v0_slot38
0079f680	gameplay	IPlayerControlObject__v0_slot45	RTTI:00821fe4	IPlayerControlObject__v0_slot45;BFSoldier__v348_slot07;BFSoldier__v348_slot35;BFSoldier__v348_slot45;NetworkableBase__v0_slot05;BFSpawnPointManager__v4_slot05;FreeCameraNetworkable__v0_slot05;ItemNetworkable__v0_slot05;PlayerControlObjectNetworkable__v0_slot05;KitNetworkable__v0_slot05;ProjectileNetworkable__v0_slot05;FireArmsNetworkable__v0_slot05;ControlPointNetworkable__v0_slot05;EngineNetworkable__v0_slot05;MusicPlayerNetworkable__v0_slot05;WireLinkNetworkable__v0_slot05;HookNetworkable__v0_slot05;StaticPhysicsNode__v0_slot60;AIObject__v0_slot36;AIObjectReal__v0_slot36;AIObjectShared__v0_slot36;AIObjectSecondaryReal__v0_slot36;AIObjectSecondaryShared__v0_slot36;ISVUBot__v0_slot07;SVUBotVehicle__v0_slot07;SVUBotPos__v0_slot07;SVUBotHealth__v0_slot07;SVUBotExists__v0_slot07
0079f690	gameplay	BFSoldier__v348_slot15	RTTI:00836adc	BFSoldier__v348_slot15;BFSoldier__v0_slot50;AIDifficulty__v0_slot01;BotControlPoint__v0_slot01;BotSpawnGroup__v0_slot01;PlayerControlObject__v0_slot50;Projectile__v0_slot50;ControlPoint__v0_slot50;BFSpawnPoint__v0_slot50;HandFireArms__v0_slot50;ClusterProjectile__v0_slot50;StaticResponsePhysics__v0_slot06;StaticPhysicsNode__v0_slot55;StaticPhysicsNode__v0_slot57;StaticPhysicsNode__v0_slot58;StaticPhysicsNode__v0_slot66;StaticPhysicsNode__v0_slot71;PointResponsePhysics__v0_slot06;PointResponsePhysics__v0_slot16;PointResponsePhysics__v0_slot20;PointPhysicsNode__v0_slot66;PointPhysicsNode__v0_slot71;SpawnPoint__v0_slot50;AIObject__v0_slot10;AIObjectPlugIn__v0_slot04;AIObjectPlugIn__v0_slot05;AIObjectPhysical__v0_slot04;AIObjectPhysical__v0_slot05;TaskAStarStrategicSearch__v0_slot02;TaskStrategicPlayerMapSearch__v0_slot02;TaskGetStrategicCellInfoNo__v0_slot02;TaskStrategicSearch__v0_slot02;AIObjectSecondaryReal__v0_slot12;AIObjectSecondaryReal__v0_slot13;AIObjectSecondaryShared__v0_slot12;AIObjectSecondaryShared__v0_slot13;BotMain__v0_slot05;AIDebugRenderer__v0_slot07;AIDebugRenderer__v0_slot08;AIPathfinding__v4_slot52;AIObjectUnit__v0_slot05;AIObjectMobile__v0_slot04;AIObjectControlInfo__v0_slot04;AIObjectControlInfo__v0_slot05;AIObjectArmament__v0_slot05;AIObjectCover__v0_slot04;AIObjectCover__v0_slot05
0079f6f0	ai	AIObject__v0_slot03	RTTI:008781d4	AIObject__v0_slot03;AIObjectReal__v0_slot03;AIObjectPrimaryReal__v0_slot03;AIObjectSecondaryReal__v0_slot03
0079f760	ai	AIObject__v0_slot00	RTTI:008781d4	AIObject__v0_slot00
0079f780	ai	AIObject__v0_slot44	RTTI:008781d4	AIObject__v0_slot44;AIObjectReal__v0_slot44;AIObjectPrimaryReal__v0_slot44;AIObjectShared__v0_slot44;AIObjectPrimaryShared__v0_slot44;AIObjectSecondaryReal__v0_slot44;AIObjectSecondaryShared__v0_slot44
0079f7e0	ai	AIObjectShared__v0_slot10	RTTI:008782cc	AIObjectShared__v0_slot10
0079f820	ai	AIObjectReal__v0_slot11	RTTI:008780dc	AIObjectReal__v0_slot11;AIObjectPrimaryReal__v0_slot11;AIObjectShared__v0_slot11;AIObjectPrimaryShared__v0_slot11;AIObjectSecondaryReal__v0_slot11;AIObjectSecondaryShared__v0_slot11
0079f880	ai	AIObjectShared__v0_slot03	RTTI:008782cc	AIObjectShared__v0_slot03;AIObjectPrimaryShared__v0_slot03;AIObjectSecondaryShared__v0_slot03
0079f8b0	ai	AIObjectShared__v0_slot42	RTTI:008782cc	AIObjectShared__v0_slot42;AIObjectPrimaryShared__v0_slot42;AIObjectSecondaryShared__v0_slot42
0079f8f0	ai	AIObjectShared__v0_slot08	RTTI:008782cc	AIObjectShared__v0_slot08
0079f920	ai	AIObjectShared__v0_slot19	RTTI:008782cc	AIObjectShared__v0_slot19;AIObjectPrimaryShared__v0_slot19;AIObjectSecondaryShared__v0_slot19
0079f930	ai	AIObjectShared__v0_slot45	RTTI:008782cc	AIObjectShared__v0_slot45;AIObjectPrimaryShared__v0_slot45;AIObjectSecondaryShared__v0_slot45
0079f950	ai	AIObjectShared__v0_slot46	RTTI:008782cc	AIObjectShared__v0_slot46;AIObjectPrimaryShared__v0_slot46;AIObjectSecondaryShared__v0_slot46
0079f970	ai	AIObjectShared__v0_slot47	RTTI:008782cc	AIObjectShared__v0_slot47;AIObjectPrimaryShared__v0_slot47;AIObjectSecondaryShared__v0_slot47
0079f9e0	ai	AIObjectShared__v0_slot20	RTTI:008782cc	AIObjectShared__v0_slot20;AIObjectPrimaryShared__v0_slot20;AIObjectSecondaryShared__v0_slot20
0079fa00	ai	AIObjectShared__v0_slot48	RTTI:008782cc	AIObjectShared__v0_slot48;AIObjectPrimaryShared__v0_slot48;AIObjectSecondaryShared__v0_slot48
0079fa70	ai	AIObjectShared__v0_slot49	RTTI:008782cc	AIObjectShared__v0_slot49;AIObjectPrimaryShared__v0_slot49;AIObjectSecondaryShared__v0_slot49
0079faa0	ai	AIObjectShared__v0_slot27	RTTI:008782cc	AIObjectShared__v0_slot27;AIObjectPrimaryShared__v0_slot27;AIObjectSecondaryShared__v0_slot27
0079fac0	ai	AIObjectReal__v0_slot01	RTTI:008780dc	AIObjectReal__v0_slot01;AIObjectShared__v0_slot01
0079fad0	ai	AIObjectReal__v0_slot02	RTTI:008780dc	AIObjectReal__v0_slot02;AIObjectShared__v0_slot02
0079fb40	ai	AIObjectShared__v0_slot00	RTTI:008782cc	AIObjectShared__v0_slot00
0079fb60	ai	AIObjectShared__v0_slot23	RTTI:008782cc	AIObjectShared__v0_slot23;AIObjectPrimaryShared__v0_slot23;AIObjectSecondaryShared__v0_slot23
0079fba0	ai	AIObjectShared__v0_slot24	RTTI:008782cc	AIObjectShared__v0_slot24;AIObjectPrimaryShared__v0_slot24;AIObjectSecondaryShared__v0_slot24
0079fc40	ai	AIObjectShared__v0_slot25	RTTI:008782cc	AIObjectShared__v0_slot25;AIObjectPrimaryShared__v0_slot25;AIObjectSecondaryShared__v0_slot25
0079fcd0	ai	AIObjectShared__v0_slot50	RTTI:008782cc	AIObjectShared__v0_slot50;AIObjectPrimaryShared__v0_slot50;AIObjectSecondaryShared__v0_slot50
0079fd30	ai	AIObjectShared__v0_slot21	RTTI:008782cc	AIObjectShared__v0_slot21;AIObjectPrimaryShared__v0_slot21
007a08f0	ai	AIObjectArmament__v0_slot04	RTTI:008784cc	AIObjectArmament__v0_slot04
007a0cf0	ai	AIObjectArmament__v0_slot02	RTTI:008784cc	AIObjectArmament__v0_slot02
007a0fd0	ai	AIObjectArmament__v0_slot00	RTTI:008784cc	AIObjectArmament__v0_slot00
007a0ff0	ai	AIObjectArmament__v0_slot03	RTTI:008784cc	AIObjectArmament__v0_slot03
007a1150	ai	AIObjectCover__v0_slot00	RTTI:0087851c	AIObjectCover__v0_slot00
007a1180	ai	AIObjectCover__v0_slot03	RTTI:0087851c	AIObjectCover__v0_slot03
007a11c0	ai	AIObjectCover__v0_slot02	RTTI:0087851c	AIObjectCover__v0_slot02
007a1d90	ai	BotBehaviour__v0_slot01	RTTI:008785b4	BotBehaviour__v0_slot01;BBAirLift__v0_slot01;BBMoveToFixed__v0_slot01;BBFireUnarmed__v0_slot01;BBIdle__v0_slot01;BBBailOut__v0_slot01;BBChange__v0_slot01;BBChangeLandingCraft__v0_slot01;BBChangeTeleport__v0_slot01;BBMedicAssist__v0_slot01;BBAvoid__v0_slot01;BBMoveTo__v0_slot01;BBScout__v0_slot01;BBFire__v0_slot01;BBFireLargeBore__v0_slot01;BBFireArtilleryDriver__v0_slot01;BBFire3d__v0_slot01;BBFireInfantery__v0_slot01;BBRoam__v0_slot01;BBTakeCover__v0_slot01;BBTakeCoverInfantry__v0_slot01;BBTakeCover3d__v0_slot01
007a1db0	ai	BotBehaviour__v0_slot02	RTTI:008785b4	BotBehaviour__v0_slot02;BBAirLift__v0_slot02;BBMoveToFixed__v0_slot02;BBFireUnarmed__v0_slot02;BBIdle__v0_slot02;BBBailOut__v0_slot02;BBChange__v0_slot02;BBChangeLandingCraft__v0_slot02;BBChangeTeleport__v0_slot02;BBMedicAssist__v0_slot02;BBAvoid__v0_slot02;BBMoveTo__v0_slot02;BBScout__v0_slot02;BBFire__v0_slot02;BBFireLargeBore__v0_slot02;BBFireArtilleryDriver__v0_slot02;BBFire3d__v0_slot02;BBFireInfantery__v0_slot02;BBRoam__v0_slot02;BBTakeCover__v0_slot02;BBTakeCoverInfantry__v0_slot02;BBTakeCover3d__v0_slot02
007a1dd0	ai	BotBehaviour__v0_slot03	RTTI:008785b4	BotBehaviour__v0_slot03;BBAirLift__v0_slot03;BBMoveToFixed__v0_slot03;BBFireUnarmed__v0_slot03;BBIdle__v0_slot03;BBBailOut__v0_slot03;BBChange__v0_slot03;BBChangeLandingCraft__v0_slot03;BBChangeTeleport__v0_slot03;BBMedicAssist__v0_slot03;BBAvoid__v0_slot03;BBMoveTo__v0_slot03;BBScout__v0_slot03;BBFire__v0_slot03;BBFireLargeBore__v0_slot03;BBFireArtilleryDriver__v0_slot03;BBFire3d__v0_slot03;BBFireInfantery__v0_slot03;BBRoam__v0_slot03;BBTakeCover__v0_slot03;BBTakeCoverInfantry__v0_slot03;BBTakeCover3d__v0_slot03
007a1e10	ai	BotBehaviour__v0_slot04	RTTI:008785b4	BotBehaviour__v0_slot04;BBAirLift__v0_slot04;BBMoveToFixed__v0_slot04;BBFireUnarmed__v0_slot04;BBIdle__v0_slot04;BBBailOut__v0_slot04;BBChange__v0_slot04;BBChangeLandingCraft__v0_slot04;BBChangeTeleport__v0_slot04;BBMedicAssist__v0_slot04;BBAvoid__v0_slot04;BBMoveTo__v0_slot04;BBScout__v0_slot04;BBFire__v0_slot04;BBFireLargeBore__v0_slot04;BBFireArtilleryDriver__v0_slot04;BBFire3d__v0_slot04;BBFireInfantery__v0_slot04;BBRoam__v0_slot04;BBTakeCover__v0_slot04;BBTakeCoverInfantry__v0_slot04;BBTakeCover3d__v0_slot04
007a1e30	ai	BotBehaviour__v0_slot05	RTTI:008785b4	BotBehaviour__v0_slot05;BBAirLift__v0_slot05;BBMoveToFixed__v0_slot05;BBFireUnarmed__v0_slot05;BBIdle__v0_slot05;BBBailOut__v0_slot05;BBChange__v0_slot05;BBChangeLandingCraft__v0_slot05;BBChangeTeleport__v0_slot05;BBMedicAssist__v0_slot05;BBAvoid__v0_slot05;BBMoveTo__v0_slot05;BBScout__v0_slot05;BBFire__v0_slot05;BBFireLargeBore__v0_slot05;BBFireArtilleryDriver__v0_slot05;BBFire3d__v0_slot05;BBFireInfantery__v0_slot05;BBRoam__v0_slot05;BBTakeCover__v0_slot05;BBTakeCoverInfantry__v0_slot05;BBTakeCover3d__v0_slot05
007a1ef0	ai	BotBehaviour__v0_slot06	RTTI:008785b4	BotBehaviour__v0_slot06;BBAirLift__v0_slot06;BBMoveToFixed__v0_slot06;BBFireUnarmed__v0_slot06;BBIdle__v0_slot06;BBBailOut__v0_slot06;BBChange__v0_slot06;BBChangeLandingCraft__v0_slot06;BBChangeTeleport__v0_slot06;BBMedicAssist__v0_slot06;BBAvoid__v0_slot06;BBMoveTo__v0_slot06;BBScout__v0_slot06;BBFire__v0_slot06;BBFireLargeBore__v0_slot06;BBFireArtilleryDriver__v0_slot06;BBFire3d__v0_slot06;BBFireInfantery__v0_slot06;BBRoam__v0_slot06;BBTakeCover__v0_slot06;BBTakeCoverInfantry__v0_slot06;BBTakeCover3d__v0_slot06
007a1f30	ai	BotBehaviour__v0_slot08	RTTI:008785b4	BotBehaviour__v0_slot08;BBAirLift__v0_slot08;BBMoveToFixed__v0_slot08;BBFireUnarmed__v0_slot08;BBBailOut__v0_slot08;BBChange__v0_slot08;BBChangeLandingCraft__v0_slot08;BBChangeTeleport__v0_slot08;BBMedicAssist__v0_slot08;BBAvoid__v0_slot08;BBMoveTo__v0_slot08;BBFire__v0_slot08;BBFireLargeBore__v0_slot08;BBFireArtilleryDriver__v0_slot08;BBFire3d__v0_slot08;BBFireInfantery__v0_slot08;BBRoam__v0_slot08;BBTakeCoverInfantry__v0_slot08;BBTakeCover3d__v0_slot08
007a2000	ai	BotBehaviour__v0_slot00	RTTI:008785b4	BotBehaviour__v0_slot00
007a20f0	ai	BotBehaviour__v0_slot10	RTTI:008785b4	BotBehaviour__v0_slot10;BBAirLift__v0_slot10;BBMoveToFixed__v0_slot10;BBFireUnarmed__v0_slot10;BBIdle__v0_slot10;BBBailOut__v0_slot10;BBChange__v0_slot10;BBChangeLandingCraft__v0_slot10;BBChangeTeleport__v0_slot10;BBMedicAssist__v0_slot10;BBAvoid__v0_slot10;BBMoveTo__v0_slot10;BBScout__v0_slot10;BBFire__v0_slot10;BBFireLargeBore__v0_slot10;BBFireArtilleryDriver__v0_slot10;BBFire3d__v0_slot10;BBFireInfantery__v0_slot10;BBRoam__v0_slot10;BBTakeCover__v0_slot10;BBTakeCoverInfantry__v0_slot10;BBTakeCover3d__v0_slot10
007a21c0	ai	BBPPattern__v0_slot04	RTTI:0087860c	BBPPattern__v0_slot04
007a2290	ai	BAPStatement__v0_slot02	RTTI:00874498	BAPStatement__v0_slot02;BAPICScout__v0_slot02;BAPAction__v0_slot02;BAPAResetControls__v0_slot02;BAPAMoveTo3d__v0_slot02;BAPATrigger__v0_slot02;BAPCombinerParallel__v0_slot02;BAPAMoveTo__v0_slot02;BAPAMoveToObject__v0_slot02;BAPAMoveToObjectFinding__v0_slot02;BAPAMoveTo3dObject__v0_slot02;BAPAMoveToFinding__v0_slot02;BAPICTurnLock__v0_slot02;BAPICChangeVehicle__v0_slot02;BAPALook__v0_slot02;BAPALookAtObject__v0_slot02;BAPAMoveToDirect__v0_slot02;BAPASoldierPose__v0_slot02;BAPALookAhead__v0_slot02;BAPATriggerContinously__v0_slot02;BAPALookInDir__v0_slot02;BAPATurn__v0_slot02;BAPATurnTowardsDirection__v0_slot02;BAPAChangeWeapon__v0_slot02;BAPAAimAt__v0_slot02;BAPAAimAtPoint__v0_slot02;BAPAAimAtObject__v0_slot02;BAPATurnTowardsObject__v0_slot02;BAPANotifyBot__v0_slot02;BAPWrapperAiming__v0_slot02;BAPWrapperFinished__v0_slot02;BAPWrapperWeapon__v0_slot02;BAPASendMessage__v0_slot02;BAPAEvaluate__v0_slot02;BAPAMoveTo3dDirection__v0_slot02;BAPAAimAt3d__v0_slot02;BAPAAimAtObject3d__v0_slot02;BAPARoll3d__v0_slot02
007a22c0	ai	BAPAResetControls__v0_slot00	RTTI:00878660	BAPAResetControls__v0_slot00
007a2300	ai	BAPAResetControls__v0_slot01	RTTI:00878660	BAPAResetControls__v0_slot01
007a2390	ai	BAPFlowCWhile__v0_slot02	RTTI:00878724	BAPFlowCWhile__v0_slot02
007a23a0	ai	BAPFlowCWhile__v0_slot03	RTTI:00878724	BAPFlowCWhile__v0_slot03
007a2450	ai	BAPFlowCWhile__v0_slot00	RTTI:00878724	BAPFlowCWhile__v0_slot00
007a2520	ai	BAPFlowCWhile__v0_slot01	RTTI:00878724	BAPFlowCWhile__v0_slot01
007a25b0	ai	BBPIdle__v0_slot04	RTTI:008787b4	BBPIdle__v0_slot04
007a26f0	ai	BAPAMoveTo3d__v0_slot00	RTTI:00878854	BAPAMoveTo3d__v0_slot00
007a2850	ai	BAPAMoveTo3d__v0_slot01	RTTI:00878854	BAPAMoveTo3d__v0_slot01
007a28a0	ai	BAPCombinerSerial__v0_slot02	RTTI:008788c4	BAPCombinerSerial__v0_slot02
007a28b0	ai	BAPCombiner__v0_slot01	RTTI:008788a4	BAPCombiner__v0_slot01
007a2a10	ai	BAPCombinerSerial__v0_slot00	RTTI:008788c4	BAPCombinerSerial__v0_slot00
007a2b70	ai	BAPCombinerSerial__v0_slot01	RTTI:008788c4	BAPCombinerSerial__v0_slot01
007a2b90	ai	BAPCombinerSerial__v0_slot06	RTTI:008788c4	BAPCombinerSerial__v0_slot06
007a2cc0	ai	BAPInfoWrapper__v0_slot02	RTTI:0087ba7c	BAPInfoWrapper__v0_slot02;BAPIWIdle__v0_slot02;BAPIWChange__v0_slot02;BAPIWFire__v0_slot02;BAPIWMoveTo__v0_slot02;BAPIWScout__v0_slot02;BAPIWRoam__v0_slot02;BAPIWTakeCover__v0_slot02
007a2cd0	ai	BAPIWIdle__v0_slot01	RTTI:0087894c	BAPIWIdle__v0_slot01
007a2d40	ai	BAPAUpdateVehicle__v0_slot01	RTTI:0087899c	BAPAUpdateVehicle__v0_slot01
007a2d80	ai	BAPAUpdateVehicle__v0_slot00	RTTI:0087899c	BAPAUpdateVehicle__v0_slot00
007a2de0	ai	BAPATrigger__v0_slot00	RTTI:00878a74	BAPATrigger__v0_slot00
007a2e80	gameplay	SimpleObjectNetworkable__v0_slot10	RTTI:008285d4	SimpleObjectNetworkable__v0_slot10;BAPATrigger__v0_slot03
007a2e90	ai	BAPATrigger__v0_slot01	RTTI:00878a74	BAPATrigger__v0_slot01
007a2ef0	ai	BAPATrigger__v0_slot05	RTTI:00878a74	BAPATrigger__v0_slot05
007a4870	ai	BAPCombinerParallel__v0_slot00	RTTI:00878af4	BAPCombinerParallel__v0_slot00
007a4980	ai	BAPCombinerParallel__v0_slot01	RTTI:00878af4	BAPCombinerParallel__v0_slot01
007a49a0	ai	BAPCombinerParallel__v0_slot06	RTTI:00878af4	BAPCombinerParallel__v0_slot06
007a4a30	gameplay	EntryMoveToObjectMediumSoldier__v0_slot02	RTTI:00874e14	EntryMoveToObjectMediumSoldier__v0_slot02;BAPAMoveToObject__v0_slot03;BAPAMoveToObjectFinding__v0_slot03;BAPAMoveTo3dObject__v0_slot03;BAPConInsideBattleZone__v0_slot01
007a4a40	ai	BAPAMoveToObject__v0_slot01	RTTI:00878b8c	BAPAMoveToObject__v0_slot01
007a4a70	ai	BAPAMoveToObjectFinding__v0_slot06	RTTI:00878c5c	BAPAMoveToObjectFinding__v0_slot06
007a4aa0	ai	BAPAMoveToObjectFinding__v0_slot07	RTTI:00878c5c	BAPAMoveToObjectFinding__v0_slot07
007a4b00	ai	BAPAMoveToObjectFinding__v0_slot08	RTTI:00878c5c	BAPAMoveToObjectFinding__v0_slot08
007a4b40	ai	BAPAMoveToObjectFinding__v0_slot09	RTTI:00878c5c	BAPAMoveToObjectFinding__v0_slot09
007a4b50	ai	BAPAMoveToObject__v24_slot00	RTTI:00878b4c	BAPAMoveToObject__v24_slot00
007a4b60	ai	BAPAMoveToObjectFinding__v24_slot00	RTTI:00878c1c	BAPAMoveToObjectFinding__v24_slot00
007a4b70	ai	BAPAMoveToObjectFinding__v0_slot01	RTTI:00878c5c	BAPAMoveToObjectFinding__v0_slot01
007a5440	ai	BAPAMoveToObjectFinding__v0_slot12	RTTI:00878c5c	BAPAMoveToObjectFinding__v0_slot12
007a56b0	ai	BAPAMoveTo3dObject__v0_slot00	RTTI:00878d18	BAPAMoveTo3dObject__v0_slot00
007a5860	ai	BAPAMoveTo3dObject__v0_slot01	RTTI:00878d18	BAPAMoveTo3dObject__v0_slot01
007a58b0	ai	BAPAMoveToFinding__v0_slot00	RTTI:00878df4	BAPAMoveToFinding__v0_slot00
007a58f0	ai	BAPAMoveToFinding__v0_slot06	RTTI:00878df4	BAPAMoveToFinding__v0_slot06
007a5920	ai	BAPAMoveToFinding__v0_slot07	RTTI:00878df4	BAPAMoveToFinding__v0_slot07
007a5980	ai	BAPAMoveToFinding__v0_slot08	RTTI:00878df4	BAPAMoveToFinding__v0_slot08
007a59c0	ai	BAPAMoveToFinding__v0_slot09	RTTI:00878df4	BAPAMoveToFinding__v0_slot09
007a59d0	ai	BAPAMoveToFinding__v0_slot12	RTTI:00878df4	BAPAMoveToFinding__v0_slot12
007a5ce0	ai	BAPAMoveToFinding__v24_slot00	RTTI:00878db4	BAPAMoveToFinding__v24_slot00
007a5cf0	ai	BAPAMoveToFinding__v0_slot01	RTTI:00878df4	BAPAMoveToFinding__v0_slot01
007a5d30	ai	BAPConOr__v0_slot00	RTTI:00878eb4	BAPConOr__v0_slot00
007a5da0	ai	BAPBoleanOp__v0_slot02	RTTI:00878ea0	BAPBoleanOp__v0_slot02
007a5f50	ai	BAPConOr__v0_slot02	RTTI:00878eb4	BAPConOr__v0_slot02
007a5ff0	ai	BAPConAnd__v0_slot00	RTTI:00878f30	BAPConAnd__v0_slot00
007a6120	ai	BAPConAnd__v0_slot02	RTTI:00878f30	BAPConAnd__v0_slot02
007a6140	ai	BAPConOr__v0_slot03	RTTI:00878eb4	BAPConOr__v0_slot03;BAPConAnd__v0_slot03
007a61b0	ai	BAPIWChange__v0_slot01	RTTI:00878f74	BAPIWChange__v0_slot01
007a6220	ai	BAPConObjectBehind__v0_slot02	RTTI:00878fc4	BAPConObjectBehind__v0_slot02
007a6250	ai	BAPConObjectBehind__v0_slot00	RTTI:00878fc4	BAPConObjectBehind__v0_slot00
007a6440	ai	BAPConObjectDistance__v0_slot02	RTTI:0087904c	BAPConObjectDistance__v0_slot02
007a6470	ai	BAPConObjectDistance__v0_slot00	RTTI:0087904c	BAPConObjectDistance__v0_slot00
007a6680	ai	BAPConObjectOccupied__v0_slot02	RTTI:008790dc	BAPConObjectOccupied__v0_slot02
007a66b0	ai	BAPConObjectOccupied__v0_slot00	RTTI:008790dc	BAPConObjectOccupied__v0_slot00
007a6760	ai	BAPConObjectMoved__v0_slot02	RTTI:0087916c	BAPConObjectMoved__v0_slot02
007a6790	ai	BAPConObjectMoved__v0_slot00	RTTI:0087916c	BAPConObjectMoved__v0_slot00
007a6840	ai	BAPConObjectEnemyOccupied__v0_slot01	RTTI:008791b4	BAPConObjectEnemyOccupied__v0_slot01;BAPWrapperAiming__v0_slot03
007a6850	ai	BAPConObjectEnemyOccupied__v0_slot02	RTTI:008791b4	BAPConObjectEnemyOccupied__v0_slot02
007a6880	ai	BAPConObjectEnemyOccupied__v0_slot00	RTTI:008791b4	BAPConObjectEnemyOccupied__v0_slot00
007a69d0	ai	BAPConPosition__v0_slot01	RTTI:0087924c	BAPConPosition__v0_slot01
007a69e0	ai	BAPConPosition__v0_slot02	RTTI:0087924c	BAPConPosition__v0_slot02
007a6a30	ai	BAPConPosition__v0_slot00	RTTI:0087924c	BAPConPosition__v0_slot00
007a6b50	ai	BAPICTurnLock__v0_slot01	RTTI:008792cc	BAPICTurnLock__v0_slot01
007a6b90	ai	BAPICTurnLock__v0_slot00	RTTI:008792cc	BAPICTurnLock__v0_slot00
007a6bf0	ai	BAPICChangeVehicle__v0_slot01	RTTI:0087931c	BAPICChangeVehicle__v0_slot01
007a6c30	ai	BAPICChangeVehicle__v0_slot00	RTTI:0087931c	BAPICChangeVehicle__v0_slot00
007a6c60	ai	BAPFlowCWait__v0_slot00	RTTI:008793ac	BAPFlowCWait__v0_slot00
007a6cb0	ai	BAPFlowCWait__v0_slot03	RTTI:008793ac	BAPFlowCWait__v0_slot03
007a6d00	ai	BAPFlowCWait__v0_slot01	RTTI:008793ac	BAPFlowCWait__v0_slot01
007a6d90	ai	BAPConTime__v0_slot00	RTTI:008793fc	BAPConTime__v0_slot00
007a6e20	ai	BAPConTime__v0_slot01	RTTI:008793fc	BAPConTime__v0_slot01
007a6e50	ai	BAPConRandTime__v0_slot00	RTTI:00879448	BAPConRandTime__v0_slot00
007a6f10	ai	BAPConTime__v0_slot02	RTTI:008793fc	BAPConTime__v0_slot02
007a6f40	ai	BAPConRandTime__v0_slot02	RTTI:00879448	BAPConRandTime__v0_slot02
007a6fc0	ai	BAPIWFire__v0_slot01	RTTI:00879494	BAPIWFire__v0_slot01
007a7000	ai	BAPFlowCIf__v0_slot02	RTTI:008794e4	BAPFlowCIf__v0_slot02
007a7040	ai	BAPFlowCIf__v0_slot03	RTTI:008794e4	BAPFlowCIf__v0_slot03
007a70b0	ai	BAPFlowCIf__v0_slot00	RTTI:008794e4	BAPFlowCIf__v0_slot00
007a7170	ai	BAPFlowCIf__v0_slot05	RTTI:008794e4	BAPFlowCIf__v0_slot05
007a7280	ai	BAPFlowCIf__v0_slot01	RTTI:008794e4	BAPFlowCIf__v0_slot01
007a72f0	ai	BAPALookAtObject__v0_slot06	RTTI:00879608	BAPALookAtObject__v0_slot06
007a7450	ai	BAPALookAtObject__v0_slot01	RTTI:00879608	BAPALookAtObject__v0_slot01
007a7490	ai	BAPConNot__v0_slot00	RTTI:00879698	BAPConNot__v0_slot00
007a75a0	ai	BAPConNot__v0_slot02	RTTI:00879698	BAPConNot__v0_slot02
007a76a0	ai	BAPConNot__v0_slot03	RTTI:00879698	BAPConNot__v0_slot03
007a7710	ai	BAPConObjectExists__v0_slot02	RTTI:008796dc	BAPConObjectExists__v0_slot02
007a7740	ai	BAPConObjectExists__v0_slot00	RTTI:008796dc	BAPConObjectExists__v0_slot00
007a77d0	ai	BAPConObjectHealth__v0_slot02	RTTI:00879764	BAPConObjectHealth__v0_slot02
007a7800	ai	BAPConObjectHealth__v0_slot00	RTTI:00879764	BAPConObjectHealth__v0_slot00
007a78c0	ai	BAPConWeaponMagAmmo__v0_slot02	RTTI:008797ec	BAPConWeaponMagAmmo__v0_slot02
007a78f0	ai	BAPConWeaponMagAmmo__v0_slot00	RTTI:008797ec	BAPConWeaponMagAmmo__v0_slot00
007a7c10	ai	BAPAMoveToDirect__v0_slot00	RTTI:00879924	BAPAMoveToDirect__v0_slot00
007a7c50	ai	BAPAMoveToDirect__v0_slot06	RTTI:00879924	BAPAMoveToDirect__v0_slot06
007a7c80	ai	BAPAMoveToDirect__v0_slot08	RTTI:00879924	BAPAMoveToDirect__v0_slot08
007a7cc0	ai	BAPAMoveToDirect__v0_slot09	RTTI:00879924	BAPAMoveToDirect__v0_slot09
007a7cd0	ai	BAPAMoveToDirect__v0_slot07	RTTI:00879924	BAPAMoveToDirect__v0_slot07
007a7e10	ai	BAPAMoveToDirect__v24_slot00	RTTI:008798e4	BAPAMoveToDirect__v24_slot00
007a7e20	ai	BAPAMoveToDirect__v0_slot01	RTTI:00879924	BAPAMoveToDirect__v0_slot01
007a7e60	ai	BAPASoldierPose__v0_slot00	RTTI:00879a1c	BAPASoldierPose__v0_slot00
007a7f20	ai	BAPASoldierPose__v24_slot00	RTTI:008799dc	BAPASoldierPose__v24_slot00
007a8060	ai	BAPASoldierPose__v0_slot01	RTTI:00879a1c	BAPASoldierPose__v0_slot01
007a80f0	ai	BAPConObjectSpeed__v0_slot01	RTTI:00879a6c	BAPConObjectSpeed__v0_slot01;BAPAChangeWeapon__v0_slot03
007a8100	ai	BAPConObjectSpeed__v0_slot02	RTTI:00879a6c	BAPConObjectSpeed__v0_slot02
007a8130	ai	BAPConObjectSpeed__v0_slot00	RTTI:00879a6c	BAPConObjectSpeed__v0_slot00
007a8200	ai	BBPAvoidCollision__v0_slot04	RTTI:00879af4	BBPAvoidCollision__v0_slot04
007a8a00	ai	BAPIWMoveTo__v0_slot01	RTTI:00879bac	BAPIWMoveTo__v0_slot01
007a8a40	ai	BAPALookAhead__v0_slot06	RTTI:00879c3c	BAPALookAhead__v0_slot06
007a8b20	ai	BAPALookAhead__v0_slot01	RTTI:00879c3c	BAPALookAhead__v0_slot01
007a8b60	ai	BAPATriggerContinously__v0_slot00	RTTI:00879cd4	BAPATriggerContinously__v0_slot00
007a8c10	ai	BAPATriggerContinously__v0_slot01	RTTI:00879cd4	BAPATriggerContinously__v0_slot01
007a8f10	ai	BotManager__v4_slot11	RTTI:008768d4	BotManager__v4_slot11
007a9000	ai	BAPStatement__v0_slot05	RTTI:00874498	BAPStatement__v0_slot05;BAPICScout__v0_slot05;BAPAction__v0_slot05;BAPAResetControls__v0_slot05;BAPFlowCWhile__v0_slot05;BAPAMoveTo3d__v0_slot05;BAPCombiner__v0_slot05;BAPCombinerSerial__v0_slot05;BAPInfoWrapper__v0_slot05;BAPIWIdle__v0_slot05;BAPAUpdateVehicle__v0_slot05;BAPCombinerParallel__v0_slot05;BAPAMoveTo__v0_slot05;BAPAMoveToObject__v0_slot05;BAPAMoveToObjectFinding__v0_slot05;BAPAMoveTo3dObject__v0_slot05;BAPAMoveToFinding__v0_slot05;BAPIWChange__v0_slot05;BAPICTurnLock__v0_slot05;BAPICChangeVehicle__v0_slot05;BAPFlowCWait__v0_slot05;BAPIWFire__v0_slot05;BAPALook__v0_slot05;BAPALookAtObject__v0_slot05;BAPAMoveToDirect__v0_slot05;BAPASoldierPose__v0_slot05;BAPIWMoveTo__v0_slot05;BAPALookAhead__v0_slot05;BAPATriggerContinously__v0_slot05;BAPALookInDir__v0_slot05;BAPASense__v0_slot05;BAPIWScout__v0_slot05;BAPATurn__v0_slot05;BAPATurnTowardsDirection__v0_slot05;BAPAChangeWeapon__v0_slot05;BAPAAimAt__v0_slot05;BAPAAimAtPoint__v0_slot05;BAPAAimAtObject__v0_slot05;BAPATurnTowardsObject__v0_slot05;BAPANotifyBot__v0_slot05;BAPFlowCEnd__v0_slot05;BAPWrapperAiming__v0_slot05;BAPWrapperFinished__v0_slot05;BAPWrapperWeapon__v0_slot05;BAPAEvaluate__v0_slot05;BAPAMoveTo3dDirection__v0_slot05;BAPAAimAt3d__v0_slot05;BAPAAimAtObject3d__v0_slot05;BAPIWRoam__v0_slot05;BAPIWTakeCover__v0_slot05;BAPARoll3d__v0_slot05
007a9070	ai	BAPALookInDir__v0_slot01	RTTI:00879de4	BAPALookInDir__v0_slot01
007a90b0	ai	BAPASense__v0_slot00	RTTI:00879e70	BAPASense__v0_slot00
007a9130	ai	BAPASense__v0_slot01	RTTI:00879e70	BAPASense__v0_slot01
007a9240	ai	BAPCConLookDeviation__v0_slot02	RTTI:00879ebc	BAPCConLookDeviation__v0_slot02
007a9270	ai	BAPCConLookDeviation__v0_slot00	RTTI:00879ebc	BAPCConLookDeviation__v0_slot00
007a94d0	ai	BAPIWScout__v0_slot01	RTTI:00879f4c	BAPIWScout__v0_slot01
007a9510	ai	BAPICScout__v0_slot00	RTTI:008744d0	BAPICScout__v0_slot00
007a9530	ai	BAPALookInDir__v0_slot06	RTTI:00879de4	BAPALookInDir__v0_slot06;BAPATurnTowardsDirection__v0_slot06
007a95b0	ai	BAPATurnTowardsDirection__v0_slot01	RTTI:00879fcc	BAPATurnTowardsDirection__v0_slot01
007a9670	ai	BAPConObjectValidYawAiming__v0_slot02	RTTI:0087a02c	BAPConObjectValidYawAiming__v0_slot02
007a9690	ai	BAPConObjectValidYawAiming__v0_slot00	RTTI:0087a02c	BAPConObjectValidYawAiming__v0_slot00
007a9960	ai	BBPFire__v0_slot04	RTTI:0087a0b4	BBPFire__v0_slot04
007a99a0	ai	BAPAComponentSoldierPose__v0_slot05	RTTI:0087bb0c	BAPAComponentSoldierPose__v0_slot05;BAPAMoveTo__v24_slot05;BAPAMoveToObject__v24_slot05;BAPAMoveToObjectFinding__v24_slot05;BAPAMoveToFinding__v24_slot05;BAPAMoveToDirect__v24_slot05;BAPASoldierPose__v24_slot05
007a9f70	ai	BAPAChangeWeapon__v0_slot01	RTTI:0087a134	BAPAChangeWeapon__v0_slot01
007a9fb0	ai	BAPAChangeWeapon__v0_slot00	RTTI:0087a134	BAPAChangeWeapon__v0_slot00
007aa200	ai	BAPAAimAt__v0_slot01	RTTI:0087a184	BAPAAimAt__v0_slot01
007aa250	ai	BAPAAimAtPoint__v0_slot08	RTTI:0087a1c4	BAPAAimAtPoint__v0_slot08
007aa330	ai	BAPAAimAtPoint__v0_slot07	RTTI:0087a1c4	BAPAAimAtPoint__v0_slot07
007aa700	ai	BAPAAimAtPoint__v0_slot01	RTTI:0087a1c4	BAPAAimAtPoint__v0_slot01
007aa760	ai	BAPAAimAtPoint__v0_slot10	RTTI:0087a1c4	BAPAAimAtPoint__v0_slot10;BAPAAimAtObject__v0_slot10
007aa770	ai	BAPAAimAtPoint__v0_slot11	RTTI:0087a1c4	BAPAAimAtPoint__v0_slot11;BAPAAimAtObject__v0_slot11
007aa7a0	ai	BAPAAimAtPoint__v0_slot12	RTTI:0087a1c4	BAPAAimAtPoint__v0_slot12;BAPAAimAtObject__v0_slot12
007aa7d0	ai	BAPAAimAtPoint__v0_slot13	RTTI:0087a1c4	BAPAAimAtPoint__v0_slot13;BAPAAimAtObject__v0_slot13
007aa7f0	ai	BotMain__v0_slot36	RTTI:00876504	BotMain__v0_slot36;BAPAAimAtPoint__v0_slot09;BAPAAimAtObject__v0_slot09
007aa800	ai	BAPAAimAtPoint__v0_slot14	RTTI:0087a1c4	BAPAAimAtPoint__v0_slot14;BAPAAimAtObject__v0_slot14
007aa870	ai	BAPAAimAtObject__v0_slot08	RTTI:0087a234	BAPAAimAtObject__v0_slot08
007aaa50	ai	BAPAAimAtObject__v0_slot07	RTTI:0087a234	BAPAAimAtObject__v0_slot07
007aafc0	ai	BAPAAimAtObject__v0_slot01	RTTI:0087a234	BAPAAimAtObject__v0_slot01
007ab020	ai	BAPATurnTowardsObject__v0_slot06	RTTI:0087a334	BAPATurnTowardsObject__v0_slot06
007ab250	ai	BAPATurnTowardsObject__v0_slot01	RTTI:0087a334	BAPATurnTowardsObject__v0_slot01
007ab2d0	ai	BAPANotifyBot__v0_slot01	RTTI:0087a38c	BAPANotifyBot__v0_slot01
007ab310	ai	BAPANotifyBot__v0_slot00	RTTI:0087a38c	BAPANotifyBot__v0_slot00
007ab3b0	ai	BAPConObjectDistanceToPoint__v0_slot02	RTTI:0087a3dc	BAPConObjectDistanceToPoint__v0_slot02
007ab3e0	ai	BAPConObjectDistanceToPoint__v0_slot00	RTTI:0087a3dc	BAPConObjectDistanceToPoint__v0_slot00
007ab580	ai	BAPConObjectLineOfFire__v0_slot02	RTTI:0087a47c	BAPConObjectLineOfFire__v0_slot02
007ab5b0	ai	BAPConObjectLineOfFire__v0_slot00	RTTI:0087a47c	BAPConObjectLineOfFire__v0_slot00
007ab670	ai	BAPConObjectInsideFrustum__v0_slot00	RTTI:0087a560	BAPConObjectInsideFrustum__v0_slot00
007ab7f0	ai	BAPConObjectInsideFrustum__v0_slot02	RTTI:0087a560	BAPConObjectInsideFrustum__v0_slot02
007ab8a0	ai	BAPConObjectValidAiming__v0_slot02	RTTI:0087a5ac	BAPConObjectValidAiming__v0_slot02
007abc10	ai	BAPConObjectValidAiming__v0_slot00	RTTI:0087a5ac	BAPConObjectValidAiming__v0_slot00
007abcd0	ai	BAPConObjectValidPitchAiming__v0_slot02	RTTI:0087a5f4	BAPConObjectValidPitchAiming__v0_slot02
007abcf0	ai	BAPConObjectValidPitchAiming__v0_slot00	RTTI:0087a5f4	BAPConObjectValidPitchAiming__v0_slot00
007abde0	ai	BAPConWeaponHeat__v0_slot02	RTTI:0087a644	BAPConWeaponHeat__v0_slot02
007abe10	ai	BAPConWeaponHeat__v0_slot00	RTTI:0087a644	BAPConWeaponHeat__v0_slot00
007abe50	ai	BAPConSharedCondition__v0_slot00	RTTI:0087a68c	BAPConSharedCondition__v0_slot00
007abe80	ai	BAPConSharedCondition__v0_slot01	RTTI:0087a68c	BAPConSharedCondition__v0_slot01
007abf20	ai	BAPConSharedCondition__v0_slot02	RTTI:0087a68c	BAPConSharedCondition__v0_slot02
007abfc0	ai	BAPCConPrecision__v0_slot02	RTTI:0087a6d8	BAPCConPrecision__v0_slot02
007abff0	ai	BAPCConPrecision__v0_slot00	RTTI:0087a6d8	BAPCConPrecision__v0_slot00
007ac2a0	ai	BAPAUpdateVehicle__v0_slot02	RTTI:0087899c	BAPAUpdateVehicle__v0_slot02;BAPFlowCWait__v0_slot02;BAPASense__v0_slot02;BAPFlowCEnd__v0_slot02
007ac2f0	ai	BAPFlowCEnd__v0_slot00	RTTI:0087a764	BAPFlowCEnd__v0_slot00
007ac3f0	ai	BAPFlowCEnd__v0_slot01	RTTI:0087a764	BAPFlowCEnd__v0_slot01
007ac4a0	ai	BAPWrapperAiming__v0_slot01	RTTI:0087a7ec	BAPWrapperAiming__v0_slot01
007ac4e0	ai	BAPWrapperAiming__v0_slot00	RTTI:0087a7ec	BAPWrapperAiming__v0_slot00
007ac880	ai	BAPWrapperFinished__v0_slot00	RTTI:0087a83c	BAPWrapperFinished__v0_slot00
007ac910	ai	BAPWrapperFinished__v0_slot01	RTTI:0087a83c	BAPWrapperFinished__v0_slot01
007ac9a0	ai	BAPWrapperWeapon__v0_slot01	RTTI:0087a88c	BAPWrapperWeapon__v0_slot01
007aca20	ai	BAPWrapperWeapon__v0_slot00	RTTI:0087a88c	BAPWrapperWeapon__v0_slot00
007acb00	ai	BAPConLineOfFire__v0_slot02	RTTI:0087a8dc	BAPConLineOfFire__v0_slot02
007acb30	ai	BAPConLineOfFire__v0_slot00	RTTI:0087a8dc	BAPConLineOfFire__v0_slot00
007acc80	ai	BAPASendMessage__v0_slot00	RTTI:0087a968	BAPASendMessage__v0_slot00
007acd00	ai	BAPASendMessage__v0_slot01	RTTI:0087a968	BAPASendMessage__v0_slot01
007acd50	ai	BAPASendMessage__v0_slot05	RTTI:0087a968	BAPASendMessage__v0_slot05
007acf20	ai	BAPAEvaluate__v0_slot00	RTTI:0087a9e4	BAPAEvaluate__v0_slot00
007acf40	ai	BAPAEvaluate__v0_slot01	RTTI:0087a9e4	BAPAEvaluate__v0_slot01
007ad010	ai	BAPCConPrecision3d__v0_slot02	RTTI:0087aa24	BAPCConPrecision3d__v0_slot02
007ad040	ai	BAPCConPrecision3d__v0_slot00	RTTI:0087aa24	BAPCConPrecision3d__v0_slot00
007ad280	ai	BAPCConBombPrecision3d__v0_slot02	RTTI:0087aaac	BAPCConBombPrecision3d__v0_slot02
007ad2b0	ai	BAPCConBombPrecision3d__v0_slot00	RTTI:0087aaac	BAPCConBombPrecision3d__v0_slot00
007ad5e0	ai	BAPConObjectInFront__v0_slot02	RTTI:0087aaf4	BAPConObjectInFront__v0_slot02
007ad610	ai	BAPConObjectInFront__v0_slot00	RTTI:0087aaf4	BAPConObjectInFront__v0_slot00
007ad7d0	ai	BAPConInsideBattleZone__v0_slot02	RTTI:0087ab84	BAPConInsideBattleZone__v0_slot02
007ad800	ai	BAPConInsideBattleZone__v0_slot00	RTTI:0087ab84	BAPConInsideBattleZone__v0_slot00
007ad8c0	ai	BAPAMoveTo3dDirection__v0_slot00	RTTI:0087ac14	BAPAMoveTo3dDirection__v0_slot00
007adb30	ai	BAPAMoveTo3dDirection__v0_slot01	RTTI:0087ac14	BAPAMoveTo3dDirection__v0_slot01
007adb80	ai	BAPAAimAt3d__v0_slot09	RTTI:0087ac6c	BAPAAimAt3d__v0_slot09;BAPAAimAtObject3d__v0_slot09
007adb90	ai	BAPAAimAt3d__v0_slot11	RTTI:0087ac6c	BAPAAimAt3d__v0_slot11;BAPAAimAtObject3d__v0_slot11
007adbc0	ai	BAPAAimAt3d__v0_slot13	RTTI:0087ac6c	BAPAAimAt3d__v0_slot13;BAPAAimAtObject3d__v0_slot13
007adbf0	ai	BAPAAimAt3d__v0_slot14	RTTI:0087ac6c	BAPAAimAt3d__v0_slot14;BAPAAimAtObject3d__v0_slot14
007adc10	ai	BAPAAimAt3d__v0_slot01	RTTI:0087ac6c	BAPAAimAt3d__v0_slot01
007adc60	ai	BAPAAimAtObject3d__v0_slot07	RTTI:0087acb4	BAPAAimAtObject3d__v0_slot07
007add50	ai	BAPAAimAtObject3d__v0_slot08	RTTI:0087acb4	BAPAAimAtObject3d__v0_slot08
007ae200	ai	BAPAAimAtObject3d__v0_slot01	RTTI:0087acb4	BAPAAimAtObject3d__v0_slot01
007ae280	ai	BAPConObjectVisible__v0_slot00	RTTI:0087ad34	BAPConObjectVisible__v0_slot00
007ae2d0	ai	BAPConObjectVisible__v0_slot02	RTTI:0087ad34	BAPConObjectVisible__v0_slot02
007ae330	ai	BAPIWRoam__v0_slot01	RTTI:0087adc4	BAPIWRoam__v0_slot01
007ae390	ai	BBPRoam__v0_slot04	RTTI:0087ae14	BBPRoam__v0_slot04
007ae400	ai	BAPConEndOfPath__v0_slot00	RTTI:00874a3c	BAPConEndOfPath__v0_slot00
007ae4d0	ai	BAPIWTakeCover__v0_slot01	RTTI:0087ae84	BAPIWTakeCover__v0_slot01
007ae630	ai	BAPARoll3d__v0_slot00	RTTI:0087af40	BAPARoll3d__v0_slot00
007ae670	ai	BAPConObjectLineOfFire__v0_slot01	RTTI:0087a47c	BAPConObjectLineOfFire__v0_slot01;BAPARoll3d__v0_slot03
007ae7c0	ai	BAPARoll3d__v0_slot01	RTTI:0087af40	BAPARoll3d__v0_slot01
007b1040	ai	BAPAMoveTo__v24_slot00	RTTI:0087b0b4	BAPAMoveTo__v24_slot00
007b1050	ai	BAPAMoveTo__v0_slot01	RTTI:0087b0f4	BAPAMoveTo__v0_slot01
007b1140	ai	AIScriptManager__v0_slot21	RTTI:00872b94	AIScriptManager__v0_slot21
007b6710	ai	BotScriptDebugger__v0_slot00	RTTI:0087b3bc	BotScriptDebugger__v0_slot00
007b6960	ai	BAPDebugger__v0_slot02	RTTI:0087b3d0	BAPDebugger__v0_slot02
007b6ba0	ai	BAPDebugger__v0_slot01	RTTI:0087b3d0	BAPDebugger__v0_slot01
007b6d20	ai	BAPDebugger__v0_slot00	RTTI:0087b3d0	BAPDebugger__v0_slot00
007b87c0	ai	AIInformationGrid__v0_slot01	RTTI:0087b558	AIInformationGrid__v0_slot01
007b8810	ai	AIInformationGrid__v0_slot02	RTTI:0087b558	AIInformationGrid__v0_slot02
007b8e80	ai	AIInformationGrid__v0_slot09	RTTI:0087b558	AIInformationGrid__v0_slot09
007b8ea0	ai	AIInformationGrid__v0_slot00	RTTI:0087b558	AIInformationGrid__v0_slot00
007b9000	ai	AIInformationGrid__v0_slot03	RTTI:0087b558	AIInformationGrid__v0_slot03
007b90b0	ai	AIInformationGrid__v0_slot04	RTTI:0087b558	AIInformationGrid__v0_slot04
007b9210	ai	AIInformationGrid__v0_slot05	RTTI:0087b558	AIInformationGrid__v0_slot05
007b9470	ai	AIInformationGrid__v0_slot06	RTTI:0087b558	AIInformationGrid__v0_slot06
007b9ab0	ai	AIInformationGrid__v0_slot07	RTTI:0087b558	AIInformationGrid__v0_slot07
007b9d20	ai	AIInformationGrid__v0_slot08	RTTI:0087b558	AIInformationGrid__v0_slot08
007be040	ai	AIMeshLoader__v0_slot03	RTTI:00877560	AIMeshLoader__v0_slot03
007be0f0	ai	AIMeshLoader__v0_slot02	RTTI:00877560	AIMeshLoader__v0_slot02
007be5c0	ai	AIMeshLoader__v0_slot01	RTTI:00877560	AIMeshLoader__v0_slot01
007beb80	ai	ISVUBot__v0_slot00	RTTI:0087b7d4	ISVUBot__v0_slot00
007c0400	ai	BAPInfoWrapper__v0_slot01	RTTI:0087ba7c	BAPInfoWrapper__v0_slot01
007c0440	ai	BAPInfoWrapper__v0_slot00	RTTI:0087ba7c	BAPInfoWrapper__v0_slot00;BAPIWIdle__v0_slot00;BAPIWChange__v0_slot00;BAPIWFire__v0_slot00;BAPIWMoveTo__v0_slot00;BAPIWScout__v0_slot00;BAPIWRoam__v0_slot00;BAPIWTakeCover__v0_slot00
007c04b0	ai	AISettings__v4_slot02	RTTI:00870764	AISettings__v4_slot02;BAPAComponentSoldierPose__v0_slot01;BAPAMoveTo__v24_slot01;BAPAMoveToObject__v24_slot01;BAPAMoveToObjectFinding__v24_slot01;BAPAMoveToFinding__v24_slot01;BAPAMoveToDirect__v24_slot01;BAPASoldierPose__v24_slot01
007c04c0	ai	AIMain__v0_slot01	RTTI:00871a58	AIMain__v0_slot01;BAPAComponentSoldierPose__v0_slot09;BAPAMoveTo__v24_slot09;BAPAMoveToObject__v24_slot09;BAPAMoveToObjectFinding__v24_slot09;BAPAMoveToFinding__v24_slot09;BAPAMoveToDirect__v24_slot09;BAPASoldierPose__v24_slot09
007c0570	ai	BAPAComponentSoldierPose__v0_slot00	RTTI:0087bb0c	BAPAComponentSoldierPose__v0_slot00
007c0590	ai	BAPAComponentSoldierPose__v0_slot14	RTTI:0087bb0c	BAPAComponentSoldierPose__v0_slot14;BAPAMoveTo__v24_slot14;BAPAMoveToObject__v24_slot14;BAPAMoveToObjectFinding__v24_slot14;BAPAMoveToFinding__v24_slot14;BAPAMoveToDirect__v24_slot14;BAPASoldierPose__v24_slot14
007c0660	ai	BAPAMoveToObject__v0_slot00	RTTI:00878b8c	BAPAMoveToObject__v0_slot00;BAPAMoveToObjectFinding__v0_slot00
007c0700	ai	BAPALook__v0_slot00	RTTI:0087bc18	BAPALook__v0_slot00;BAPALookAtObject__v0_slot00;BAPALookAhead__v0_slot00;BAPALookInDir__v0_slot00
007c0790	ai	BAPATurn__v0_slot00	RTTI:0087bc98	BAPATurn__v0_slot00;BAPATurnTowardsDirection__v0_slot00;BAPATurnTowardsObject__v0_slot00
007c0820	ai	BAPAAimAt__v0_slot00	RTTI:0087a184	BAPAAimAt__v0_slot00;BAPAAimAtPoint__v0_slot00;BAPAAimAtObject__v0_slot00
007c0b50	ai	BAPAAimAt3d__v0_slot00	RTTI:0087ac6c	BAPAAimAt3d__v0_slot00;BAPAAimAtObject3d__v0_slot00
007c0b90	ai	BAPAAimAt3d__v0_slot15	RTTI:0087ac6c	BAPAAimAt3d__v0_slot15;BAPAAimAtObject3d__v0_slot15
007c0c00	ai	BAPAAimAt3d__v0_slot16	RTTI:0087ac6c	BAPAAimAt3d__v0_slot16;BAPAAimAtObject3d__v0_slot16
007c0c70	ai	BAPAAimAt3d__v0_slot12	RTTI:0087ac6c	BAPAAimAt3d__v0_slot12;BAPAAimAtObject3d__v0_slot12
007da310	gameplay	ObjTemplNetworkModule__v0_slot05	RTTI:00809ddc	ObjTemplNetworkModule__v0_slot05;PhysicsModule__v0_slot05;NetworkModule__v0_slot04;NetworkModule__v0_slot05;BFSoldier__v348_slot13;BFSoldier__v348_slot29;BFSoldier__v348_slot33;BFSoldier__v348_slot34;BFSoldier__v348_slot36;BFSoldier__v348_slot46;BFSoldier__v0_slot68;BFSoldier__v0_slot72;NetworkableBase__v0_slot06;GameEvent__v0_slot03;BFSpawnPointTemplate__v0_slot23;BFSpawnPointTemplate__v0_slot24;SpecialGameEvent__v0_slot03;ControlPointCapturedEvent__v0_slot03;PlayerControlObject__v0_slot19;Projectile__v0_slot19;PlayerControlObjectTemplate__v0_slot23;PlayerControlObjectTemplate__v0_slot24;ControlPointTemplate__v0_slot23;ControlPointTemplate__v0_slot24;ControlPoint__v0_slot19;BFSpawnPoint__v0_slot19;ItemNetworkable__v56_slot04;SpringNetworkable__v56_slot04;PlayerControlObjectNetworkable__v56_slot04;PlayerControlObjectNetworkable__v0_slot06;KitNetworkable__v56_slot04;FireArmsNetworkable__v56_slot04;ControlPointNetworkable__v56_slot04;MusicPlayerNetworkable__v56_slot04;WinchNetworkable__v56_slot04;HandFireArmsTemplate__v0_slot23;HandFireArmsTemplate__v0_slot24;BFSoldierTemplate__v0_slot23;BFSoldierTemplate__v0_slot24;ProjectileTemplate__v0_slot23;ProjectileTemplate__v0_slot24;ClusterProjectile__v0_slot19;ClusterProjectileTemplate__v0_slot23;ClusterProjectileTemplate__v0_slot24;SpawnPointTemplate__v0_slot23;SpawnPointTemplate__v0_slot24;PhysicsNode__v0_slot06;BasicPhysicsSystem__v0_slot04;StaticResponsePhysics__v0_slot08;StaticResponsePhysics__v0_slot10;StaticResponsePhysics__v0_slot11;StaticResponsePhysics__v0_slot29;StaticResponsePhysics__v0_slot30;StaticPhysicsNode__v0_slot06;StaticPhysicsNode__v0_slot19;StaticPhysicsNode__v0_slot20;StaticPhysicsNode__v0_slot21;StaticPhysicsNode__v0_slot22;StaticPhysicsNode__v0_slot23;StaticPhysicsNode__v0_slot24;StaticPhysicsNode__v0_slot25;StaticPhysicsNode__v0_slot26;StaticPhysicsNode__v0_slot38;StaticPhysicsNode__v0_slot40;StaticPhysicsNode__v0_slot41;StaticPhysicsNode__v0_slot43;StaticPhysicsNode__v0_slot45;StaticPhysicsNode__v0_slot47;StaticPhysicsNode__v0_slot49;StaticPhysicsNode__v0_slot51;StaticPhysicsNode__v0_slot53;StaticPhysicsNode__v0_slot59;StaticPhysicsNode__v0_slot65;StaticPhysicsNode__v0_slot68;StaticPhysicsNode__v0_slot70;PointResponsePhysics__v0_slot19;PointResponsePhysics__v0_slot29;PointResponsePhysics__v0_slot30;PointPhysicsNode__v0_slot06;PointPhysicsNode__v0_slot20;PointPhysicsNode__v0_slot22;PointPhysicsNode__v0_slot24;PointPhysicsNode__v0_slot26;PointPhysicsNode__v0_slot38;PointPhysicsNode__v0_slot45;PointPhysicsNode__v0_slot47;PointPhysicsNode__v0_slot65;PointPhysicsNode__v0_slot68;PointPhysicsNode__v0_slot70;SpawnPoint__v0_slot19;PhysicsEngine__v0_slot06;PhysicsFloatingBundle__v0_slot06;PhysicsSpring__v0_slot06;PhysicsWing__v0_slot06;PhysicsWinch__v0_slot06;AIObject__v0_slot30;AIMain__v4_slot14;AIMain__v4_slot23;AIObjectReal__v0_slot30;AIObjectShared__v0_slot30;AIObjectSecondaryReal__v0_slot30;AIObjectSecondaryShared__v0_slot30;AIPathfinding__v4_slot41;BAPAMoveToObjectFinding__v0_slot11;BAPAMoveToFinding__v0_slot11;BAPAMoveToDirect__v0_slot11
00422b40	gameplay	ObjTemplNetworkModule__v0_slot03	RTTI:00809ddc	ObjTemplNetworkModule__v0_slot03;PhysicsModule__v0_slot03;NetworkModule__v0_slot03
00489500	gameplay	GameEventManager__v0_slot05	RTTI:0081f928	GameEventManager__v0_slot05
0048ed90	gameplay	GameEvent__v0_slot01	RTTI:0081780c	GameEvent__v0_slot01
0048f3a0	gameplay	SpecialGameEvent__v0_slot01	RTTI:0081f1f0	SpecialGameEvent__v0_slot01;ControlPointCapturedEvent__v0_slot01
00494d10	gameplay	PlayerControlObjectTemplate__v428_slot55	RTTI:008377ec	PlayerControlObjectTemplate__v428_slot55
00499b20	gameplay	BFSoldier__v0_slot51	RTTI:00836bd4	BFSoldier__v0_slot51;PlayerControlObject__v0_slot51;Projectile__v0_slot51;ControlPoint__v0_slot51;BFSpawnPoint__v0_slot51;HandFireArms__v0_slot51;ClusterProjectile__v0_slot51;SpawnPoint__v0_slot51
004b7c60	gameplay	PointPhysicsNode__v0_slot44	RTTI:0084704c	PointPhysicsNode__v0_slot44
004b7db0	gameplay	BFSpawnPoint__v344_slot04	RTTI:00820280	BFSpawnPoint__v344_slot04;SpawnPoint__v344_slot04
004b7dc0	gameplay	PlayerControlObjectTemplate__v428_slot22	RTTI:008377ec	PlayerControlObjectTemplate__v428_slot22
004b7de0	gameplay	PlayerControlObjectTemplate__v428_slot30	RTTI:008377ec	PlayerControlObjectTemplate__v428_slot30
004b7e00	gameplay	BFSoldier__v0_slot25	RTTI:00836bd4	BFSoldier__v0_slot25;PlayerControlObject__v0_slot25;Projectile__v0_slot25;ControlPoint__v0_slot25;BFSpawnPoint__v0_slot25;HandFireArms__v0_slot25;ClusterProjectile__v0_slot25;SpawnPoint__v0_slot25
004b7f10	gameplay	PointResponsePhysics__v0_slot11	RTTI:00846f84	PointResponsePhysics__v0_slot11
004b9f20	gameplay	BFSoldier__v0_slot31	RTTI:00836bd4	BFSoldier__v0_slot31;PlayerControlObject__v0_slot31;Projectile__v0_slot31;ControlPoint__v0_slot31;BFSpawnPoint__v0_slot31;HandFireArms__v0_slot31;ClusterProjectile__v0_slot31;SpawnPoint__v0_slot31
004b9fd0	gameplay	BFSpawnPointManager__v4_slot01	RTTI:0081ef98	BFSpawnPointManager__v4_slot01
004b9fe0	gameplay	BFSpawnPointManager__v4_slot02	RTTI:0081ef98	BFSpawnPointManager__v4_slot02
004bb7a0	gameplay	BFSpawnPointManager__v0_slot06	RTTI:0081efc8	BFSpawnPointManager__v0_slot06
004bc310	gameplay	BFSpawnPointManager__v0_slot05	RTTI:0081efc8	BFSpawnPointManager__v0_slot05
004bc3d0	gameplay	BFSpawnPointManager__v4_slot07	RTTI:0081ef98	BFSpawnPointManager__v4_slot07
004bd620	gameplay	BFSpawnPointManager__v0_slot04	RTTI:0081efc8	BFSpawnPointManager__v0_slot04
004bd6f0	gameplay	BFSpawnPointManager__v4_slot04	RTTI:0081ef98	BFSpawnPointManager__v4_slot04
004bdd60	gameplay	BFSpawnPointManager__v4_slot06	RTTI:0081ef98	BFSpawnPointManager__v4_slot06
004bdd80	gameplay	BFSpawnPointManager__v4_slot08	RTTI:0081ef98	BFSpawnPointManager__v4_slot08
004be760	gameplay	BFSpawnPointManager__v0_slot03	RTTI:0081efc8	BFSpawnPointManager__v0_slot03
004be790	gameplay	BFSpawnPointManager__v4_slot00	RTTI:0081ef98	BFSpawnPointManager__v4_slot00
004be7a0	gameplay	BFSpawnPointManager__v4_slot03	RTTI:0081ef98	BFSpawnPointManager__v4_slot03
004bea10	gameplay	BFSpawnPointManager__v0_slot00	RTTI:0081efc8	BFSpawnPointManager__v0_slot00
004bead0	gameplay	BFSpawnPointTemplate__v0_slot07	RTTI:0081f03c	BFSpawnPointTemplate__v0_slot07;PlayerControlObjectTemplate__v0_slot07;ControlPointTemplate__v0_slot07;HandFireArmsTemplate__v0_slot07;BFSoldierTemplate__v0_slot07;ProjectileTemplate__v0_slot07;ClusterProjectileTemplate__v0_slot07;SpawnPointTemplate__v0_slot07;PointPhysicsNode__v0_slot43
004beae0	gameplay	BFSpawnPointTemplate__v0_slot08	RTTI:0081f03c	BFSpawnPointTemplate__v0_slot08;PlayerControlObjectTemplate__v0_slot08;ControlPointTemplate__v0_slot08;HandFireArmsTemplate__v0_slot08;BFSoldierTemplate__v0_slot08;ProjectileTemplate__v0_slot08;ClusterProjectileTemplate__v0_slot08;SpawnPointTemplate__v0_slot08
004beaf0	gameplay	BFSpawnPointTemplate__v0_slot20	RTTI:0081f03c	BFSpawnPointTemplate__v0_slot20;PlayerControlObjectTemplate__v0_slot20;ControlPointTemplate__v0_slot20;HandFireArmsTemplate__v0_slot20;BFSoldierTemplate__v0_slot20;ProjectileTemplate__v0_slot20;ClusterProjectileTemplate__v0_slot20;SpawnPointTemplate__v0_slot20;NetworkManager__v0_slot26
004beb00	gameplay	BFSpawnPointTemplate__v0_slot16	RTTI:0081f03c	BFSpawnPointTemplate__v0_slot16;PlayerControlObjectTemplate__v0_slot16;ControlPointTemplate__v0_slot16;HandFireArmsTemplate__v0_slot16;BFSoldierTemplate__v0_slot16;ProjectileTemplate__v0_slot16;ClusterProjectileTemplate__v0_slot16;SpawnPointTemplate__v0_slot16
004beb10	gameplay	BFSpawnPointTemplate__v0_slot17	RTTI:0081f03c	BFSpawnPointTemplate__v0_slot17;PlayerControlObjectTemplate__v0_slot17;ControlPointTemplate__v0_slot17;HandFireArmsTemplate__v0_slot17;BFSoldierTemplate__v0_slot17;ProjectileTemplate__v0_slot17;ClusterProjectileTemplate__v0_slot17;SpawnPointTemplate__v0_slot17
004beb20	gameplay	BFSpawnPointTemplate__v0_slot21	RTTI:0081f03c	BFSpawnPointTemplate__v0_slot21;PlayerControlObjectTemplate__v0_slot21;ControlPointTemplate__v0_slot21;HandFireArmsTemplate__v0_slot21;BFSoldierTemplate__v0_slot21;ProjectileTemplate__v0_slot21;ClusterProjectileTemplate__v0_slot21;SpawnPointTemplate__v0_slot21
004beb40	gameplay	BFSpawnPointTemplate__v0_slot03	RTTI:0081f03c	BFSpawnPointTemplate__v0_slot03;SpawnPointTemplate__v0_slot03
004beb70	gameplay	BFSpawnPointTemplate__v0_slot04	RTTI:0081f03c	BFSpawnPointTemplate__v0_slot04
004beb80	gameplay	BFSpawnPointTemplate__v0_slot11	RTTI:0081f03c	BFSpawnPointTemplate__v0_slot11
004bebb0	gameplay	BFSpawnPointTemplate__v0_slot19	RTTI:0081f03c	BFSpawnPointTemplate__v0_slot19;PlayerControlObjectTemplate__v0_slot19;ControlPointTemplate__v0_slot19;HandFireArmsTemplate__v0_slot19;BFSoldierTemplate__v0_slot19;ProjectileTemplate__v0_slot19;ClusterProjectileTemplate__v0_slot19;SpawnPointTemplate__v0_slot19
004bebd0	gameplay	BFSpawnPointTemplate__v0_slot22	RTTI:0081f03c	BFSpawnPointTemplate__v0_slot22;PlayerControlObjectTemplate__v0_slot22;ControlPointTemplate__v0_slot22;HandFireArmsTemplate__v0_slot22;BFSoldierTemplate__v0_slot22;SpawnPointTemplate__v0_slot22
004bebf0	gameplay	BFSpawnPointTemplate__v0_slot12	RTTI:0081f03c	BFSpawnPointTemplate__v0_slot12
004bfd90	gameplay	SpecialGameEvent__v0_slot00	RTTI:0081f1f0	SpecialGameEvent__v0_slot00
004c0930	gameplay	__GameEventMakerMaker__v0_slot01	RTTI:0081f244	__GameEventMakerMaker__v0_slot01
004c0980	gameplay	__GameEventMakerMaker__v0_slot00	RTTI:0081f244	__GameEventMakerMaker__v0_slot00
004c09d0	gameplay	__GameEventMakerMaker__v0_slot01	RTTI:0081f250	__GameEventMakerMaker__v0_slot01
004c0a00	gameplay	__GameEventMakerMaker__v0_slot00	RTTI:0081f250	__GameEventMakerMaker__v0_slot00
004c0a50	gameplay	__GameEventMakerMaker__v0_slot01	RTTI:0081f25c	__GameEventMakerMaker__v0_slot01
004c0a80	gameplay	__GameEventMakerMaker__v0_slot00	RTTI:0081f25c	__GameEventMakerMaker__v0_slot00
004c0ad0	gameplay	__GameEventMakerMaker__v0_slot01	RTTI:0081f268	__GameEventMakerMaker__v0_slot01
004c0b10	gameplay	__GameEventMakerMaker__v0_slot00	RTTI:0081f268	__GameEventMakerMaker__v0_slot00
004c0b60	gameplay	__GameEventMakerMaker__v0_slot01	RTTI:0081f274	__GameEventMakerMaker__v0_slot01
004c0bb0	gameplay	__GameEventMakerMaker__v0_slot00	RTTI:0081f274	__GameEventMakerMaker__v0_slot00
004c0bf0	gameplay	__GameEventMakerMaker__v0_slot01	RTTI:0081f280	__GameEventMakerMaker__v0_slot01
004c0c30	gameplay	__GameEventMakerMaker__v0_slot00	RTTI:0081f280	__GameEventMakerMaker__v0_slot00
004c0c90	gameplay	__GameEventMakerMaker__v0_slot01	RTTI:0081f28c	__GameEventMakerMaker__v0_slot01
004c0cf0	gameplay	__GameEventMakerMaker__v0_slot00	RTTI:0081f28c	__GameEventMakerMaker__v0_slot00
004c0d60	gameplay	__GameEventMakerMaker__v0_slot01	RTTI:0081f298	__GameEventMakerMaker__v0_slot01
004c0d90	gameplay	__GameEventMakerMaker__v0_slot00	RTTI:0081f298	__GameEventMakerMaker__v0_slot00
004c0df0	gameplay	__GameEventMakerMaker__v0_slot01	RTTI:0081f2a4	__GameEventMakerMaker__v0_slot01
004c0e30	gameplay	__GameEventMakerMaker__v0_slot00	RTTI:0081f2a4	__GameEventMakerMaker__v0_slot00
004c0e80	gameplay	__GameEventMakerMaker__v0_slot01	RTTI:0081f2b0	__GameEventMakerMaker__v0_slot01
004c0eb0	gameplay	__GameEventMakerMaker__v0_slot00	RTTI:0081f2b0	__GameEventMakerMaker__v0_slot00
004c0f10	gameplay	__GameEventMakerMaker__v0_slot01	RTTI:0081f2bc	__GameEventMakerMaker__v0_slot01
004c0f50	gameplay	__GameEventMakerMaker__v0_slot00	RTTI:0081f2bc	__GameEventMakerMaker__v0_slot00
004c0fa0	gameplay	__GameEventMakerMaker__v0_slot01	RTTI:0081f2c8	__GameEventMakerMaker__v0_slot01
004c0fe0	gameplay	__GameEventMakerMaker__v0_slot00	RTTI:0081f2c8	__GameEventMakerMaker__v0_slot00
004c1030	gameplay	__GameEventMakerMaker__v0_slot01	RTTI:0081f2d4	__GameEventMakerMaker__v0_slot01
004c1060	gameplay	__GameEventMakerMaker__v0_slot00	RTTI:0081f2d4	__GameEventMakerMaker__v0_slot00
004c10b0	gameplay	__GameEventMakerMaker__v0_slot01	RTTI:0081f2e0	__GameEventMakerMaker__v0_slot01
004c10f0	gameplay	__GameEventMakerMaker__v0_slot00	RTTI:0081f2e0	__GameEventMakerMaker__v0_slot00
004c1140	gameplay	__GameEventMakerMaker__v0_slot01	RTTI:0081f2ec	__GameEventMakerMaker__v0_slot01
004c1180	gameplay	__GameEventMakerMaker__v0_slot00	RTTI:0081f2ec	__GameEventMakerMaker__v0_slot00
004c11d0	gameplay	__GameEventMakerMaker__v0_slot01	RTTI:0081f2f8	__GameEventMakerMaker__v0_slot01
004c1210	gameplay	__GameEventMakerMaker__v0_slot00	RTTI:0081f2f8	__GameEventMakerMaker__v0_slot00
004c1260	gameplay	__GameEventMakerMaker__v0_slot01	RTTI:0081f304	__GameEventMakerMaker__v0_slot01
004c12a0	gameplay	__GameEventMakerMaker__v0_slot00	RTTI:0081f304	__GameEventMakerMaker__v0_slot00
004c1300	gameplay	__GameEventMakerMaker__v0_slot01	RTTI:0081f310	__GameEventMakerMaker__v0_slot01
004c1330	gameplay	__GameEventMakerMaker__v0_slot00	RTTI:0081f310	__GameEventMakerMaker__v0_slot00
004c1390	gameplay	__GameEventMakerMaker__v0_slot01	RTTI:0081f31c	__GameEventMakerMaker__v0_slot01
004c13d0	gameplay	__GameEventMakerMaker__v0_slot00	RTTI:0081f31c	__GameEventMakerMaker__v0_slot00
004c1420	gameplay	__GameEventMakerMaker__v0_slot01	RTTI:0081f328	__GameEventMakerMaker__v0_slot01
004c1450	gameplay	__GameEventMakerMaker__v0_slot00	RTTI:0081f328	__GameEventMakerMaker__v0_slot00
004c1490	gameplay	__GameEventMakerMaker__v0_slot01	RTTI:0081f334	__GameEventMakerMaker__v0_slot01
004c14d0	gameplay	__GameEventMakerMaker__v0_slot00	RTTI:0081f334	__GameEventMakerMaker__v0_slot00
004c1520	gameplay	__GameEventMakerMaker__v0_slot01	RTTI:0081f340	__GameEventMakerMaker__v0_slot01
004c1560	gameplay	__GameEventMakerMaker__v0_slot00	RTTI:0081f340	__GameEventMakerMaker__v0_slot00
004c15a0	gameplay	__GameEventMakerMaker__v0_slot01	RTTI:0081f34c	__GameEventMakerMaker__v0_slot01
004c15e0	gameplay	__GameEventMakerMaker__v0_slot00	RTTI:0081f34c	__GameEventMakerMaker__v0_slot00
004c1620	gameplay	__GameEventMakerMaker__v0_slot01	RTTI:0081f358	__GameEventMakerMaker__v0_slot01
004c1660	gameplay	__GameEventMakerMaker__v0_slot00	RTTI:0081f358	__GameEventMakerMaker__v0_slot00
004c16a0	gameplay	__GameEventMakerMaker__v0_slot01	RTTI:0081f364	__GameEventMakerMaker__v0_slot01
004c16f0	gameplay	__GameEventMakerMaker__v0_slot00	RTTI:0081f364	__GameEventMakerMaker__v0_slot00
004c1740	gameplay	__GameEventMakerMaker__v0_slot01	RTTI:0081f370	__GameEventMakerMaker__v0_slot01
004c1770	gameplay	__GameEventMakerMaker__v0_slot00	RTTI:0081f370	__GameEventMakerMaker__v0_slot00
004c17c0	gameplay	__GameEventMakerMaker__v0_slot01	RTTI:0081f37c	__GameEventMakerMaker__v0_slot01
004c1800	gameplay	__GameEventMakerMaker__v0_slot00	RTTI:0081f37c	__GameEventMakerMaker__v0_slot00
004c1860	gameplay	__GameEventMakerMaker__v0_slot01	RTTI:0081f388	__GameEventMakerMaker__v0_slot01
004c18a0	gameplay	__GameEventMakerMaker__v0_slot00	RTTI:0081f388	__GameEventMakerMaker__v0_slot00
004c18f0	gameplay	__GameEventMakerMaker__v0_slot01	RTTI:0081f394	__GameEventMakerMaker__v0_slot01
004c1920	gameplay	__GameEventMakerMaker__v0_slot00	RTTI:0081f394	__GameEventMakerMaker__v0_slot00
004c1970	gameplay	__GameEventMakerMaker__v0_slot01	RTTI:0081f3a0	__GameEventMakerMaker__v0_slot01
004c19a0	gameplay	__GameEventMakerMaker__v0_slot00	RTTI:0081f3a0	__GameEventMakerMaker__v0_slot00
004c19f0	gameplay	__GameEventMakerMaker__v0_slot01	RTTI:0081f3ac	__GameEventMakerMaker__v0_slot01
004c1a30	gameplay	__GameEventMakerMaker__v0_slot00	RTTI:0081f3ac	__GameEventMakerMaker__v0_slot00
004c1a80	gameplay	__GameEventMakerMaker__v0_slot01	RTTI:0081f3b8	__GameEventMakerMaker__v0_slot01
004c1ac0	gameplay	__GameEventMakerMaker__v0_slot00	RTTI:0081f3b8	__GameEventMakerMaker__v0_slot00
004c1b10	gameplay	__GameEventMakerMaker__v0_slot01	RTTI:0081f3c4	__GameEventMakerMaker__v0_slot01
004c1b40	gameplay	__GameEventMakerMaker__v0_slot00	RTTI:0081f3c4	__GameEventMakerMaker__v0_slot00
004c1b90	gameplay	__GameEventMakerMaker__v0_slot01	RTTI:0081f3d0	__GameEventMakerMaker__v0_slot01
004c1bd0	gameplay	__GameEventMakerMaker__v0_slot00	RTTI:0081f3d0	__GameEventMakerMaker__v0_slot00
004c1c20	gameplay	__GameEventMakerMaker__v0_slot01	RTTI:0081f3dc	__GameEventMakerMaker__v0_slot01
004c1c50	gameplay	__GameEventMakerMaker__v0_slot00	RTTI:0081f3dc	__GameEventMakerMaker__v0_slot00
004c1ca0	gameplay	__GameEventMakerMaker__v0_slot01	RTTI:0081f3e8	__GameEventMakerMaker__v0_slot01
004c1ce0	gameplay	__GameEventMakerMaker__v0_slot00	RTTI:0081f3e8	__GameEventMakerMaker__v0_slot00
004c1d40	gameplay	__GameEventMakerMaker__v0_slot01	RTTI:0081f3f4	__GameEventMakerMaker__v0_slot01
004c1d70	gameplay	__GameEventMakerMaker__v0_slot00	RTTI:0081f3f4	__GameEventMakerMaker__v0_slot00
004c1dd0	gameplay	__GameEventMakerMaker__v0_slot01	RTTI:0081f400	__GameEventMakerMaker__v0_slot01
004c1e10	gameplay	__GameEventMakerMaker__v0_slot00	RTTI:0081f400	__GameEventMakerMaker__v0_slot00
004c1e60	gameplay	__GameEventMakerMaker__v0_slot01	RTTI:0081f40c	__GameEventMakerMaker__v0_slot01
004c1e90	gameplay	__GameEventMakerMaker__v0_slot00	RTTI:0081f40c	__GameEventMakerMaker__v0_slot00
004c1ee0	gameplay	__GameEventMakerMaker__v0_slot01	RTTI:0081f418	__GameEventMakerMaker__v0_slot01
004c1f10	gameplay	__GameEventMakerMaker__v0_slot00	RTTI:0081f418	__GameEventMakerMaker__v0_slot00
004c1f50	gameplay	__GameEventMakerMaker__v0_slot01	RTTI:0081f424	__GameEventMakerMaker__v0_slot01
004c1f80	gameplay	__GameEventMakerMaker__v0_slot00	RTTI:0081f424	__GameEventMakerMaker__v0_slot00
004c1fd0	gameplay	__GameEventMakerMaker__v0_slot01	RTTI:0081f430	__GameEventMakerMaker__v0_slot01
004c2000	gameplay	__GameEventMakerMaker__v0_slot00	RTTI:0081f430	__GameEventMakerMaker__v0_slot00
004c2040	gameplay	__GameEventMakerMaker__v0_slot01	RTTI:0081f43c	__GameEventMakerMaker__v0_slot01
004c2070	gameplay	__GameEventMakerMaker__v0_slot00	RTTI:0081f43c	__GameEventMakerMaker__v0_slot00
004c20b0	gameplay	__GameEventMakerMaker__v0_slot01	RTTI:0081f448	__GameEventMakerMaker__v0_slot01
004c20f0	gameplay	__GameEventMakerMaker__v0_slot00	RTTI:0081f448	__GameEventMakerMaker__v0_slot00
004c2140	gameplay	__GameEventMakerMaker__v0_slot01	RTTI:0081f454	__GameEventMakerMaker__v0_slot01
004c2170	gameplay	__GameEventMakerMaker__v0_slot00	RTTI:0081f454	__GameEventMakerMaker__v0_slot00
004c21c0	gameplay	__GameEventMakerMaker__v0_slot01	RTTI:0081f460	__GameEventMakerMaker__v0_slot01
004c2200	gameplay	__GameEventMakerMaker__v0_slot00	RTTI:0081f460	__GameEventMakerMaker__v0_slot00
004c2260	gameplay	__GameEventMakerMaker__v0_slot01	RTTI:0081f46c	__GameEventMakerMaker__v0_slot01
004c2290	gameplay	__GameEventMakerMaker__v0_slot00	RTTI:0081f46c	__GameEventMakerMaker__v0_slot00
004c22e0	gameplay	__GameEventMakerMaker__v0_slot01	RTTI:0081f478	__GameEventMakerMaker__v0_slot01
004c2310	gameplay	__GameEventMakerMaker__v0_slot00	RTTI:0081f478	__GameEventMakerMaker__v0_slot00
004c2350	gameplay	__GameEventMakerMaker__v0_slot01	RTTI:0081f484	__GameEventMakerMaker__v0_slot01
004c2380	gameplay	__GameEventMakerMaker__v0_slot00	RTTI:0081f484	__GameEventMakerMaker__v0_slot00
004c23c0	gameplay	__GameEventMakerMaker__v0_slot01	RTTI:0081f490	__GameEventMakerMaker__v0_slot01
004c23f0	gameplay	__GameEventMakerMaker__v0_slot00	RTTI:0081f490	__GameEventMakerMaker__v0_slot00
004c2450	gameplay	__GameEventMakerMaker__v0_slot01	RTTI:0081f49c	__GameEventMakerMaker__v0_slot01
004c2480	gameplay	__GameEventMakerMaker__v0_slot00	RTTI:0081f49c	__GameEventMakerMaker__v0_slot00
004c24c0	gameplay	__GameEventMakerMaker__v0_slot01	RTTI:0081f4a8	__GameEventMakerMaker__v0_slot01
004c2500	gameplay	__GameEventMakerMaker__v0_slot00	RTTI:0081f4a8	__GameEventMakerMaker__v0_slot00
004c2550	gameplay	__GameEventMakerMaker__v0_slot01	RTTI:0081f4b4	__GameEventMakerMaker__v0_slot01
004c2580	gameplay	__GameEventMakerMaker__v0_slot00	RTTI:0081f4b4	__GameEventMakerMaker__v0_slot00
004c25d0	gameplay	__GameEventMakerMaker__v0_slot01	RTTI:0081f4c0	__GameEventMakerMaker__v0_slot01
004c2600	gameplay	__GameEventMakerMaker__v0_slot00	RTTI:0081f4c0	__GameEventMakerMaker__v0_slot00
004c2660	gameplay	__GameEventMakerMaker__v0_slot01	RTTI:0081f4cc	__GameEventMakerMaker__v0_slot01
004c2690	gameplay	__GameEventMakerMaker__v0_slot00	RTTI:0081f4cc	__GameEventMakerMaker__v0_slot00
004c30a0	gameplay	ControlPointCapturedEvent__v0_slot05	RTTI:0081f740	ControlPointCapturedEvent__v0_slot05
004c3b50	gameplay	ControlPointCapturedEvent__v0_slot04	RTTI:0081f740	ControlPointCapturedEvent__v0_slot04
004c51c0	gameplay	SpecialGameEvent__v0_slot04	RTTI:0081f1f0	SpecialGameEvent__v0_slot04
004c5210	gameplay	SpecialGameEvent__v0_slot05	RTTI:0081f1f0	SpecialGameEvent__v0_slot05
004c72c0	gameplay	GameEventManager__v0_slot06	RTTI:0081f928	GameEventManager__v0_slot06
004c7640	gameplay	GameEventManager__v0_slot00	RTTI:0081f928	GameEventManager__v0_slot00
004c7660	gameplay	GameEventManager__v0_slot08	RTTI:0081f928	GameEventManager__v0_slot08
004c7b40	gameplay	GameEventManager__v0_slot07	RTTI:0081f928	GameEventManager__v0_slot07
004c8310	gameplay	PlayerControlObjectTemplate__v428_slot42	RTTI:008377ec	PlayerControlObjectTemplate__v428_slot42
004d6c30	gameplay	BFSoldier__v0_slot65	RTTI:00836bd4	BFSoldier__v0_slot65
004da850	gameplay	ControlPointCapture__v0_slot01	RTTI:0081ad98	ControlPointCapture__v0_slot01
004dac00	gameplay	ControlPointPossession__v0_slot01	RTTI:0081adac	ControlPointPossession__v0_slot01
004dbd00	gameplay	ControlPointDefense__v0_slot01	RTTI:0081ae4c	ControlPointDefense__v0_slot01
004dd1d0	gameplay	ControlPointCapture__v0_slot02	RTTI:0081ad98	ControlPointCapture__v0_slot02
004dd2b0	gameplay	ControlPointPossession__v0_slot02	RTTI:0081adac	ControlPointPossession__v0_slot02
004dd3a0	gameplay	ControlPointDefense__v0_slot03	RTTI:0081ae4c	ControlPointDefense__v0_slot03
004dd550	gameplay	PlayerControlPoint__v0_slot01	RTTI:0081ace4	PlayerControlPoint__v0_slot01
004ddbc0	gameplay	GameEventManager__v0_slot03	RTTI:0081f928	GameEventManager__v0_slot03
004e16e0	gameplay	BFSpawnPoint__v0_slot06	RTTI:008202b4	BFSpawnPoint__v0_slot06
004e1730	gameplay	BFSpawnPoint__v0_slot04	RTTI:008202b4	BFSpawnPoint__v0_slot04
004e17c0	gameplay	BFSpawnPoint__v344_slot05	RTTI:00820280	BFSpawnPoint__v344_slot05
004e17f0	gameplay	BFSpawnPoint__v344_slot06	RTTI:00820280	BFSpawnPoint__v344_slot06
004e1980	gameplay	BFSpawnPoint__v0_slot10	RTTI:008202b4	BFSpawnPoint__v0_slot10
004e1a60	gameplay	BFSpawnPoint__v0_slot13	RTTI:008202b4	BFSpawnPoint__v0_slot13
004e1a70	gameplay	BFSpawnPoint__v0_slot14	RTTI:008202b4	BFSpawnPoint__v0_slot14
004e1c30	gameplay	BFSoldier__v0_slot38	RTTI:00836bd4	BFSoldier__v0_slot38;PlayerControlObject__v0_slot38;Projectile__v0_slot38;ControlPoint__v0_slot38;BFSpawnPoint__v0_slot38;HandFireArms__v0_slot38;ClusterProjectile__v0_slot38;SpawnPoint__v0_slot38
004e1c40	gameplay	BFSoldier__v0_slot46	RTTI:00836bd4	BFSoldier__v0_slot46;PlayerControlObject__v0_slot46;Projectile__v0_slot46;ControlPoint__v0_slot46;BFSpawnPoint__v0_slot46;HandFireArms__v0_slot46;ClusterProjectile__v0_slot46;SpawnPoint__v0_slot46
004e1c50	gameplay	PlayerControlObject__v0_slot02	RTTI:00837acc	PlayerControlObject__v0_slot02;ControlPoint__v0_slot02;BFSpawnPoint__v0_slot02;SpawnPoint__v0_slot02
004e2bc0	gameplay	StaticResponsePhysics__v0_slot09	RTTI:00846d54	StaticResponsePhysics__v0_slot09;PointResponsePhysics__v0_slot09
004ee960	gameplay	Projectile__v0_slot01	RTTI:008371d4	Projectile__v0_slot01;ClusterProjectile__v0_slot01
004ee970	gameplay	Projectile__v0_slot02	RTTI:008371d4	Projectile__v0_slot02;ClusterProjectile__v0_slot02
004f2800	gameplay	PlayerControlObject__v344_slot14	RTTI:00837a04	PlayerControlObject__v344_slot14;NetworkManager__v0_slot25
004f2820	gameplay	BFSoldier__v0_slot70	RTTI:00836bd4	BFSoldier__v0_slot70
004f2930	gameplay	BFSoldier__v348_slot20	RTTI:00836adc	BFSoldier__v348_slot20
005118c0	gameplay	ObjTemplNetworkModule__v0_slot07	RTTI:00809ddc	ObjTemplNetworkModule__v0_slot07
00511940	gameplay	SimpleObjectNetworkable__v0_slot00	RTTI:008285d4	SimpleObjectNetworkable__v0_slot00
00511960	gameplay	SimpleObjectNetworkable__v56_slot00	RTTI:008285bc	SimpleObjectNetworkable__v56_slot00
00511970	gameplay	SimpleObjectNetworkable__v0_slot02	RTTI:008285d4	SimpleObjectNetworkable__v0_slot02;RotationalBundleNetworkable__v0_slot02;FreeCameraNetworkable__v0_slot02;BFSoldierNetworkable__v0_slot02;ItemNetworkable__v0_slot02;SpringNetworkable__v0_slot02;PlayerControlObjectNetworkable__v0_slot02;KitNetworkable__v0_slot02;ProjectileNetworkable__v0_slot02;FireArmsNetworkable__v0_slot02;ControlPointNetworkable__v0_slot02;EngineNetworkable__v0_slot02;MusicPlayerNetworkable__v0_slot02;WinchNetworkable__v0_slot02;WireLinkNetworkable__v0_slot02;HookNetworkable__v0_slot02
005119f0	gameplay	RotationalBundleNetworkable__v0_slot00	RTTI:0082861c	RotationalBundleNetworkable__v0_slot00
00511a10	gameplay	RotationalBundleNetworkable__v56_slot00	RTTI:00828604	RotationalBundleNetworkable__v56_slot00
00511a80	gameplay	FreeCameraNetworkable__v0_slot00	RTTI:00828664	FreeCameraNetworkable__v0_slot00
00511aa0	gameplay	FreeCameraNetworkable__v56_slot00	RTTI:0082864c	FreeCameraNetworkable__v56_slot00
00511b10	gameplay	BFSoldierNetworkable__v0_slot03	RTTI:008286ac	BFSoldierNetworkable__v0_slot03
00511b50	gameplay	BFSoldierNetworkable__v0_slot00	RTTI:008286ac	BFSoldierNetworkable__v0_slot00
00511b70	gameplay	BFSoldierNetworkable__v56_slot00	RTTI:00828694	BFSoldierNetworkable__v56_slot00
00511b80	gameplay	BFSoldierNetworkable__v56_slot03	RTTI:00828694	BFSoldierNetworkable__v56_slot03
00511bf0	gameplay	ItemNetworkable__v0_slot00	RTTI:008286f4	ItemNetworkable__v0_slot00
00511c10	gameplay	ItemNetworkable__v56_slot00	RTTI:008286dc	ItemNetworkable__v56_slot00
00511c80	gameplay	SpringNetworkable__v0_slot00	RTTI:0082873c	SpringNetworkable__v0_slot00
00511ca0	gameplay	SpringNetworkable__v56_slot00	RTTI:00828724	SpringNetworkable__v56_slot00
00511d10	gameplay	PlayerControlObjectNetworkable__v0_slot07	RTTI:00828784	PlayerControlObjectNetworkable__v0_slot07
00511d20	gameplay	PlayerControlObjectNetworkable__v0_slot00	RTTI:00828784	PlayerControlObjectNetworkable__v0_slot00
00511d40	gameplay	PlayerControlObjectNetworkable__v56_slot00	RTTI:0082876c	PlayerControlObjectNetworkable__v56_slot00
00511db0	gameplay	KitNetworkable__v0_slot00	RTTI:008287cc	KitNetworkable__v0_slot00
00511dd0	gameplay	KitNetworkable__v56_slot00	RTTI:008287b4	KitNetworkable__v56_slot00
00511e40	gameplay	ProjectileNetworkable__v0_slot00	RTTI:00828814	ProjectileNetworkable__v0_slot00
00511e60	gameplay	ProjectileNetworkable__v56_slot00	RTTI:008287fc	ProjectileNetworkable__v56_slot00
00511ed0	gameplay	FireArmsNetworkable__v0_slot00	RTTI:0082885c	FireArmsNetworkable__v0_slot00
00511ef0	gameplay	FireArmsNetworkable__v56_slot00	RTTI:00828844	FireArmsNetworkable__v56_slot00
00511f60	gameplay	ControlPointNetworkable__v0_slot00	RTTI:008288a4	ControlPointNetworkable__v0_slot00
00511f80	gameplay	ControlPointNetworkable__v56_slot00	RTTI:0082888c	ControlPointNetworkable__v56_slot00
00511ff0	gameplay	EngineNetworkable__v0_slot00	RTTI:008288ec	EngineNetworkable__v0_slot00
00512010	gameplay	EngineNetworkable__v56_slot00	RTTI:008288d4	EngineNetworkable__v56_slot00
00512080	gameplay	MusicPlayerNetworkable__v0_slot00	RTTI:00828934	MusicPlayerNetworkable__v0_slot00
005120a0	gameplay	MusicPlayerNetworkable__v56_slot00	RTTI:0082891c	MusicPlayerNetworkable__v56_slot00
00512110	gameplay	WinchNetworkable__v0_slot00	RTTI:0082897c	WinchNetworkable__v0_slot00
00512130	gameplay	WinchNetworkable__v56_slot00	RTTI:00828964	WinchNetworkable__v56_slot00
005121a0	gameplay	WireLinkNetworkable__v0_slot00	RTTI:008289c4	WireLinkNetworkable__v0_slot00
005121c0	gameplay	WireLinkNetworkable__v56_slot00	RTTI:008289ac	WireLinkNetworkable__v56_slot00
00512230	gameplay	SimpleObjectNetworkable__v0_slot03	RTTI:008285d4	SimpleObjectNetworkable__v0_slot03;RotationalBundleNetworkable__v0_slot03;FreeCameraNetworkable__v0_slot03;ItemNetworkable__v0_slot03;SpringNetworkable__v0_slot03;PlayerControlObjectNetworkable__v0_slot03;KitNetworkable__v0_slot03;ProjectileNetworkable__v0_slot03;FireArmsNetworkable__v0_slot03;ControlPointNetworkable__v0_slot03;EngineNetworkable__v0_slot03;MusicPlayerNetworkable__v0_slot03;WinchNetworkable__v0_slot03;WireLinkNetworkable__v0_slot03;HookNetworkable__v0_slot03
00512260	gameplay	HookNetworkable__v0_slot00	RTTI:00828a0c	HookNetworkable__v0_slot00
00512280	gameplay	HookNetworkable__v56_slot00	RTTI:008289f4	HookNetworkable__v56_slot00
00512290	gameplay	SimpleObjectNetworkable__v56_slot03	RTTI:008285bc	SimpleObjectNetworkable__v56_slot03;RotationalBundleNetworkable__v56_slot03;FreeCameraNetworkable__v56_slot03;ItemNetworkable__v56_slot03;SpringNetworkable__v56_slot03;PlayerControlObjectNetworkable__v56_slot03;KitNetworkable__v56_slot03;ProjectileNetworkable__v56_slot03;FireArmsNetworkable__v56_slot03;ControlPointNetworkable__v56_slot03;EngineNetworkable__v56_slot03;MusicPlayerNetworkable__v56_slot03;WinchNetworkable__v56_slot03;WireLinkNetworkable__v56_slot03;HookNetworkable__v56_slot03
005122a0	gameplay	SimpleObjectNetworkable__v0_slot01	RTTI:008285d4	SimpleObjectNetworkable__v0_slot01;RotationalBundleNetworkable__v0_slot01;FreeCameraNetworkable__v0_slot01;BFSoldierNetworkable__v0_slot01;ItemNetworkable__v0_slot01;SpringNetworkable__v0_slot01;PlayerControlObjectNetworkable__v0_slot01;KitNetworkable__v0_slot01;ProjectileNetworkable__v0_slot01;FireArmsNetworkable__v0_slot01;ControlPointNetworkable__v0_slot01;EngineNetworkable__v0_slot01;MusicPlayerNetworkable__v0_slot01;WinchNetworkable__v0_slot01;WireLinkNetworkable__v0_slot01;HookNetworkable__v0_slot01
005122b0	gameplay	ObjTemplNetworkModule__v0_slot06	RTTI:00809ddc	ObjTemplNetworkModule__v0_slot06
005122e0	gameplay	SimpleObjectNetworkable__v56_slot02	RTTI:008285bc	SimpleObjectNetworkable__v56_slot02;RotationalBundleNetworkable__v56_slot02;FreeCameraNetworkable__v56_slot02;BFSoldierNetworkable__v56_slot02;ItemNetworkable__v56_slot02;SpringNetworkable__v56_slot02;PlayerControlObjectNetworkable__v56_slot02;KitNetworkable__v56_slot02;ProjectileNetworkable__v56_slot02;FireArmsNetworkable__v56_slot02;ControlPointNetworkable__v56_slot02;EngineNetworkable__v56_slot02;MusicPlayerNetworkable__v56_slot02;WinchNetworkable__v56_slot02;WireLinkNetworkable__v56_slot02;HookNetworkable__v56_slot02
005122f0	gameplay	SimpleObjectNetworkable__v56_slot01	RTTI:008285bc	SimpleObjectNetworkable__v56_slot01;RotationalBundleNetworkable__v56_slot01;FreeCameraNetworkable__v56_slot01;BFSoldierNetworkable__v56_slot01;ItemNetworkable__v56_slot01;SpringNetworkable__v56_slot01;PlayerControlObjectNetworkable__v56_slot01;KitNetworkable__v56_slot01;ProjectileNetworkable__v56_slot01;FireArmsNetworkable__v56_slot01;ControlPointNetworkable__v56_slot01;EngineNetworkable__v56_slot01;MusicPlayerNetworkable__v56_slot01;WinchNetworkable__v56_slot01;WireLinkNetworkable__v56_slot01;HookNetworkable__v56_slot01
00513a80	gameplay	ObjTemplNetworkModule__v0_slot04	RTTI:00809ddc	ObjTemplNetworkModule__v0_slot04
00548d70	gameplay	BFSpawnPointTemplate__v0_slot02	RTTI:0081f03c	BFSpawnPointTemplate__v0_slot02;SpawnPointTemplate__v0_slot02
005495b0	gameplay	BFSoldierTemplate__v0_slot02	RTTI:00836d64	BFSoldierTemplate__v0_slot02
005495d0	gameplay	BFSoldierTemplate__v400_slot01	RTTI:00836d28	BFSoldierTemplate__v400_slot01
005495e0	gameplay	BFSoldierTemplate__v400_slot02	RTTI:00836d28	BFSoldierTemplate__v400_slot02
005495f0	gameplay	BFSoldierTemplate__v428_slot01	RTTI:00836d0c	BFSoldierTemplate__v428_slot01
00549600	gameplay	BFSoldierTemplate__v428_slot02	RTTI:00836d0c	BFSoldierTemplate__v428_slot02
0054e3a0	gameplay	PhysicsModule__v0_slot06	RTTI:00809e90	PhysicsModule__v0_slot06
0054e590	gameplay	PhysicsModule__v0_slot04	RTTI:00809e90	PhysicsModule__v0_slot04
0054e9a0	gameplay	BFSoldier__v0_slot03	RTTI:00836bd4	BFSoldier__v0_slot03
0054ea30	gameplay	BFSoldier__v0_slot05	RTTI:00836bd4	BFSoldier__v0_slot05
0054ea60	gameplay	BFSoldier__v0_slot06	RTTI:00836bd4	BFSoldier__v0_slot06
0054eaf0	gameplay	BFSoldier__v0_slot60	RTTI:00836bd4	BFSoldier__v0_slot60
0054ec40	gameplay	BFSoldier__v344_slot07	RTTI:00836ba0	BFSoldier__v344_slot07
0054ef50	gameplay	BFSoldier__v348_slot38	RTTI:00836adc	BFSoldier__v348_slot38
0054ef60	gameplay	BFSoldier__v348_slot39	RTTI:00836adc	BFSoldier__v348_slot39
0054ef70	gameplay	BFSoldier__v348_slot40	RTTI:00836adc	BFSoldier__v348_slot40
0054f9d0	gameplay	BFSoldier__v348_slot32	RTTI:00836adc	BFSoldier__v348_slot32
005514a0	gameplay	BFSoldier__v0_slot18	RTTI:00836bd4	BFSoldier__v0_slot18
005516f0	gameplay	BFSoldier__v0_slot19	RTTI:00836bd4	BFSoldier__v0_slot19
00552730	gameplay	BFSoldier__v344_slot05	RTTI:00836ba0	BFSoldier__v344_slot05
00552840	gameplay	BFSoldier__v344_slot04	RTTI:00836ba0	BFSoldier__v344_slot04
005528b0	gameplay	BFSoldier__v0_slot62	RTTI:00836bd4	BFSoldier__v0_slot62
00552920	gameplay	BFSoldier__v0_slot49	RTTI:00836bd4	BFSoldier__v0_slot49
00553980	gameplay	BFSoldier__v348_slot24	RTTI:00836adc	BFSoldier__v348_slot24
00553e10	gameplay	BFSoldier__v348_slot09	RTTI:00836adc	BFSoldier__v348_slot09
00553f80	gameplay	BFSoldier__v348_slot10	RTTI:00836adc	BFSoldier__v348_slot10
00554010	gameplay	BFSoldier__v348_slot11	RTTI:00836adc	BFSoldier__v348_slot11
005540f0	gameplay	BFSoldier__v0_slot39	RTTI:00836bd4	BFSoldier__v0_slot39
00555e40	gameplay	BFSoldier__v0_slot40	RTTI:00836bd4	BFSoldier__v0_slot40
005565d0	gameplay	BFSoldier__v0_slot57	RTTI:00836bd4	BFSoldier__v0_slot57
005568a0	gameplay	BFSoldier__v0_slot56	RTTI:00836bd4	BFSoldier__v0_slot56
00556c10	gameplay	BFSoldier__v0_slot58	RTTI:00836bd4	BFSoldier__v0_slot58
00556cb0	gameplay	BFSoldier__v344_slot06	RTTI:00836ba0	BFSoldier__v344_slot06
00556d00	gameplay	BFSoldier__v344_slot08	RTTI:00836ba0	BFSoldier__v344_slot08
00556da0	gameplay	BFSoldierTemplate__v0_slot13	RTTI:00836d64	BFSoldierTemplate__v0_slot13
00556e20	gameplay	BFSoldier__v0_slot21	RTTI:00836bd4	BFSoldier__v0_slot21
00557f40	gameplay	BFSoldier__v0_slot53	RTTI:00836bd4	BFSoldier__v0_slot53
005586a0	gameplay	BFSoldier__v0_slot20	RTTI:00836bd4	BFSoldier__v0_slot20
005596e0	gameplay	BFSoldier__v0_slot59	RTTI:00836bd4	BFSoldier__v0_slot59
005597b0	gameplay	BFSoldier__v348_slot31	RTTI:00836adc	BFSoldier__v348_slot31
00559a70	gameplay	BFSoldier__v344_slot09	RTTI:00836ba0	BFSoldier__v344_slot09
00559a80	gameplay	BFSoldier__v344_slot10	RTTI:00836ba0	BFSoldier__v344_slot10
00559a90	gameplay	BFSoldier__v348_slot04	RTTI:00836adc	BFSoldier__v348_slot04
00559aa0	gameplay	BFSoldier__v348_slot06	RTTI:00836adc	BFSoldier__v348_slot06
00559ab0	gameplay	BFSoldier__v348_slot08	RTTI:00836adc	BFSoldier__v348_slot08
00559ac0	gameplay	BFSoldier__v348_slot14	RTTI:00836adc	BFSoldier__v348_slot14
00559ad0	gameplay	BFSoldier__v348_slot17	RTTI:00836adc	BFSoldier__v348_slot17
00559ae0	gameplay	BFSoldier__v348_slot18	RTTI:00836adc	BFSoldier__v348_slot18
00559af0	gameplay	BFSoldier__v348_slot19	RTTI:00836adc	BFSoldier__v348_slot19
00559b00	gameplay	BFSoldier__v0_slot66	RTTI:00836bd4	BFSoldier__v0_slot66
00559b10	gameplay	BFSoldier__v0_slot67	RTTI:00836bd4	BFSoldier__v0_slot67
00559b20	gameplay	BFSoldier__v348_slot28	RTTI:00836adc	BFSoldier__v348_slot28
00559b30	gameplay	BFSoldier__v348_slot30	RTTI:00836adc	BFSoldier__v348_slot30
00559b40	gameplay	BFSoldier__v344_slot00	RTTI:00836ba0	BFSoldier__v344_slot00
00559b50	gameplay	BFSoldier__v344_slot03	RTTI:00836ba0	BFSoldier__v344_slot03
00559b60	gameplay	BFSoldier__v348_slot00	RTTI:00836adc	BFSoldier__v348_slot00
00559b70	gameplay	BFSoldier__v348_slot03	RTTI:00836adc	BFSoldier__v348_slot03
00559b80	gameplay	BFSoldier__v0_slot01	RTTI:00836bd4	BFSoldier__v0_slot01
00559b90	gameplay	BFSoldier__v0_slot02	RTTI:00836bd4	BFSoldier__v0_slot02
00559bb0	gameplay	BFSoldier__v0_slot55	RTTI:00836bd4	BFSoldier__v0_slot55
00559bd0	gameplay	BFSoldier__v348_slot22	RTTI:00836adc	BFSoldier__v348_slot22;PlayerControlObjectTemplate__v400_slot06;ControlPointTemplate__v400_slot06;HandFireArmsTemplate__v400_slot06;BFSoldierTemplate__v400_slot06;ProjectileTemplate__v400_slot06;ClusterProjectileTemplate__v400_slot06
00559bf0	gameplay	BFSoldier__v344_slot01	RTTI:00836ba0	BFSoldier__v344_slot01
00559c00	gameplay	BFSoldier__v344_slot02	RTTI:00836ba0	BFSoldier__v344_slot02
00559c10	gameplay	BFSoldier__v348_slot01	RTTI:00836adc	BFSoldier__v348_slot01
00559c20	gameplay	BFSoldier__v348_slot02	RTTI:00836adc	BFSoldier__v348_slot02
00559c30	gameplay	BFSoldier__v348_slot16	RTTI:00836adc	BFSoldier__v348_slot16
00559c40	gameplay	BFSoldier__v0_slot61	RTTI:00836bd4	BFSoldier__v0_slot61
00559cb0	gameplay	BFSoldier__v0_slot63	RTTI:00836bd4	BFSoldier__v0_slot63
00559f60	gameplay	BFSoldier__v0_slot64	RTTI:00836bd4	BFSoldier__v0_slot64
0055a560	gameplay	BFSoldier__v348_slot21	RTTI:00836adc	BFSoldier__v348_slot21
0055ae60	gameplay	BFSoldier__v0_slot00	RTTI:00836bd4	BFSoldier__v0_slot00
0055ae80	gameplay	BFSoldier__v0_slot04	RTTI:00836bd4	BFSoldier__v0_slot04
0055b170	gameplay	BFSoldierTemplate__v0_slot03	RTTI:00836d64	BFSoldierTemplate__v0_slot03
0055b1c0	gameplay	BFSoldierTemplate__v0_slot11	RTTI:00836d64	BFSoldierTemplate__v0_slot11
0055b1e0	gameplay	BFSoldierTemplate__v0_slot04	RTTI:00836d64	BFSoldierTemplate__v0_slot04
0055b1f0	gameplay	BFSoldierTemplate__v428_slot04	RTTI:00836d0c	BFSoldierTemplate__v428_slot04
0055b200	gameplay	PlayerControlObjectTemplate__v0_slot34	RTTI:00837954	PlayerControlObjectTemplate__v0_slot34;BFSoldierTemplate__v0_slot32
0055b210	gameplay	BFSoldierTemplate__v0_slot33	RTTI:00836d64	BFSoldierTemplate__v0_slot33
0055b220	gameplay	BFSoldierTemplate__v0_slot34	RTTI:00836d64	BFSoldierTemplate__v0_slot34
0055b240	gameplay	BFSoldierTemplate__v0_slot36	RTTI:00836d64	BFSoldierTemplate__v0_slot36
0055b260	gameplay	BFSoldierTemplate__v0_slot38	RTTI:00836d64	BFSoldierTemplate__v0_slot38
0055b270	gameplay	BFSoldierTemplate__v116_slot00	RTTI:00836d54	BFSoldierTemplate__v116_slot00
0055b280	gameplay	BFSoldierTemplate__v400_slot00	RTTI:00836d28	BFSoldierTemplate__v400_slot00
0055b290	gameplay	BFSoldierTemplate__v400_slot03	RTTI:00836d28	BFSoldierTemplate__v400_slot03
0055b2a0	gameplay	BFSoldierTemplate__v428_slot00	RTTI:00836d0c	BFSoldierTemplate__v428_slot00
0055b2b0	gameplay	BFSoldierTemplate__v428_slot03	RTTI:00836d0c	BFSoldierTemplate__v428_slot03
0055b2c0	gameplay	BFSoldierTemplate__v0_slot01	RTTI:00836d64	BFSoldierTemplate__v0_slot01
0055b3c0	gameplay	BFSoldierTemplate__v0_slot12	RTTI:00836d64	BFSoldierTemplate__v0_slot12
0055b3f0	gameplay	BFSoldierTemplate__v0_slot00	RTTI:00836d64	BFSoldierTemplate__v0_slot00
0055b410	gameplay	BFSpawnPointTemplate__v0_slot10	RTTI:0081f03c	BFSpawnPointTemplate__v0_slot10;PlayerControlObjectTemplate__v0_slot10;ControlPointTemplate__v0_slot10;HandFireArmsTemplate__v0_slot10;BFSoldierTemplate__v0_slot10;ProjectileTemplate__v0_slot10;ClusterProjectileTemplate__v0_slot10;SpawnPointTemplate__v0_slot10
0055b5c0	gameplay	BFSpawnPointTemplate__v0_slot15	RTTI:0081f03c	BFSpawnPointTemplate__v0_slot15;PlayerControlObjectTemplate__v0_slot15;ControlPointTemplate__v0_slot15;HandFireArmsTemplate__v0_slot15;BFSoldierTemplate__v0_slot15;ProjectileTemplate__v0_slot15;ClusterProjectileTemplate__v0_slot15;SpawnPointTemplate__v0_slot15
0055bac0	gameplay	BFSpawnPointTemplate__v0_slot05	RTTI:0081f03c	BFSpawnPointTemplate__v0_slot05;PlayerControlObjectTemplate__v0_slot05;ControlPointTemplate__v0_slot05;HandFireArmsTemplate__v0_slot05;BFSoldierTemplate__v0_slot05;ProjectileTemplate__v0_slot05;ClusterProjectileTemplate__v0_slot05;SpawnPointTemplate__v0_slot05
0055bec0	gameplay	BFSpawnPointTemplate__v0_slot14	RTTI:0081f03c	BFSpawnPointTemplate__v0_slot14;PlayerControlObjectTemplate__v0_slot14;ControlPointTemplate__v0_slot14;HandFireArmsTemplate__v0_slot14;BFSoldierTemplate__v0_slot14;ProjectileTemplate__v0_slot14;ClusterProjectileTemplate__v0_slot14;SpawnPointTemplate__v0_slot14
0055db80	gameplay	PhysicsNode__v0_slot37	RTTI:00846914	PhysicsNode__v0_slot37;PhysicsEngine__v0_slot37;PhysicsFloatingBundle__v0_slot37;PhysicsSpring__v0_slot37;PhysicsWing__v0_slot37;PhysicsWinch__v0_slot37
00565420	gameplay	Projectile__v0_slot16	RTTI:008371d4	Projectile__v0_slot16;ClusterProjectile__v0_slot16
00565430	gameplay	Projectile__v0_slot14	RTTI:008371d4	Projectile__v0_slot14;ClusterProjectile__v0_slot14
00565440	gameplay	Projectile__v0_slot05	RTTI:008371d4	Projectile__v0_slot05;ClusterProjectile__v0_slot05
00565890	gameplay	Projectile__v0_slot40	RTTI:008371d4	Projectile__v0_slot40;ClusterProjectile__v0_slot40
005660a0	gameplay	Projectile__v0_slot22	RTTI:008371d4	Projectile__v0_slot22;ClusterProjectile__v0_slot22
00566410	gameplay	ProjectileTemplate__v0_slot04	RTTI:008372fc	ProjectileTemplate__v0_slot04
00566420	gameplay	ProjectileTemplate__v0_slot11	RTTI:008372fc	ProjectileTemplate__v0_slot11
00566440	gameplay	ProjectileTemplate__v116_slot00	RTTI:008372ec	ProjectileTemplate__v116_slot00
00566450	gameplay	ProjectileTemplate__v400_slot00	RTTI:008372c0	ProjectileTemplate__v400_slot00
00566460	gameplay	ProjectileTemplate__v0_slot01	RTTI:008372fc	ProjectileTemplate__v0_slot01;ClusterProjectileTemplate__v0_slot01
00566470	gameplay	ProjectileTemplate__v0_slot02	RTTI:008372fc	ProjectileTemplate__v0_slot02;ClusterProjectileTemplate__v0_slot02
00566490	gameplay	ProjectileTemplate__v400_slot01	RTTI:008372c0	ProjectileTemplate__v400_slot01;ClusterProjectileTemplate__v400_slot01
005664a0	gameplay	ProjectileTemplate__v400_slot02	RTTI:008372c0	ProjectileTemplate__v400_slot02;ClusterProjectileTemplate__v400_slot02
005664b0	gameplay	ProjectileTemplate__v0_slot00	RTTI:008372fc	ProjectileTemplate__v0_slot00
005664f0	gameplay	ClusterProjectile__v0_slot58	RTTI:00837384	ClusterProjectile__v0_slot58
00566510	gameplay	ClusterProjectile__v0_slot59	RTTI:00837384	ClusterProjectile__v0_slot59
00566790	gameplay	Projectile__v0_slot55	RTTI:008371d4	Projectile__v0_slot55;ClusterProjectile__v0_slot55
00566a10	gameplay	Projectile__v0_slot18	RTTI:008371d4	Projectile__v0_slot18;ClusterProjectile__v0_slot18
00566ec0	gameplay	ProjectileTemplate__v0_slot12	RTTI:008372fc	ProjectileTemplate__v0_slot12
00566fd0	gameplay	ClusterProjectile__v0_slot00	RTTI:00837384	ClusterProjectile__v0_slot00
00567030	gameplay	ClusterProjectile__v0_slot56	RTTI:00837384	ClusterProjectile__v0_slot56
005671b0	gameplay	Projectile__v0_slot00	RTTI:008371d4	Projectile__v0_slot00
00567270	gameplay	ClusterProjectile__v0_slot20	RTTI:00837384	ClusterProjectile__v0_slot20
00567390	gameplay	Projectile__v0_slot20	RTTI:008371d4	Projectile__v0_slot20
00567950	gameplay	Projectile__v0_slot49	RTTI:008371d4	Projectile__v0_slot49;ClusterProjectile__v0_slot49
00567990	gameplay	ProjectileTemplate__v0_slot22	RTTI:008372fc	ProjectileTemplate__v0_slot22;ClusterProjectileTemplate__v0_slot22
005679e0	gameplay	ProjectileTemplate__v0_slot13	RTTI:008372fc	ProjectileTemplate__v0_slot13
00567f20	gameplay	ClusterProjectileTemplate__v0_slot13	RTTI:008374b4	ClusterProjectileTemplate__v0_slot13
005686d0	gameplay	ClusterProjectile__v0_slot57	RTTI:00837384	ClusterProjectile__v0_slot57
00568ea0	gameplay	Projectile__v0_slot21	RTTI:008371d4	Projectile__v0_slot21;ClusterProjectile__v0_slot21
00569570	gameplay	Projectile__v0_slot04	RTTI:008371d4	Projectile__v0_slot04;ClusterProjectile__v0_slot04
005697a0	gameplay	ClusterProjectileTemplate__v0_slot04	RTTI:008374b4	ClusterProjectileTemplate__v0_slot04
005697b0	gameplay	ClusterProjectileTemplate__v0_slot11	RTTI:008374b4	ClusterProjectileTemplate__v0_slot11
005697e0	gameplay	ClusterProjectileTemplate__v116_slot00	RTTI:008374a8	ClusterProjectileTemplate__v116_slot00
005697f0	gameplay	ClusterProjectileTemplate__v400_slot00	RTTI:0083747c	ClusterProjectileTemplate__v400_slot00
00569800	gameplay	ClusterProjectileTemplate__v0_slot12	RTTI:008374b4	ClusterProjectileTemplate__v0_slot12
00569830	gameplay	ClusterProjectileTemplate__v0_slot00	RTTI:008374b4	ClusterProjectileTemplate__v0_slot00
005699d0	gameplay	BFSpawnPointTemplate__v116_slot01	RTTI:0081f02c	BFSpawnPointTemplate__v116_slot01;PlayerControlObjectTemplate__v116_slot01;ControlPointTemplate__v116_slot01;HandFireArmsTemplate__v116_slot01;BFSoldierTemplate__v116_slot01;ProjectileTemplate__v116_slot01;ClusterProjectileTemplate__v116_slot01;SpawnPointTemplate__v116_slot01
00569a30	gameplay	BFSpawnPointTemplate__v0_slot30	RTTI:0081f03c	BFSpawnPointTemplate__v0_slot30;PlayerControlObjectTemplate__v0_slot30;ControlPointTemplate__v0_slot30;HandFireArmsTemplate__v0_slot30;BFSoldierTemplate__v0_slot30;ProjectileTemplate__v0_slot30;ClusterProjectileTemplate__v0_slot30;SpawnPointTemplate__v0_slot30
00569aa0	gameplay	BFSpawnPointTemplate__v0_slot28	RTTI:0081f03c	BFSpawnPointTemplate__v0_slot28;PlayerControlObjectTemplate__v0_slot28;ControlPointTemplate__v0_slot28;HandFireArmsTemplate__v0_slot28;BFSoldierTemplate__v0_slot28;ProjectileTemplate__v0_slot28;ClusterProjectileTemplate__v0_slot28;SpawnPointTemplate__v0_slot28
00569e90	gameplay	BFSpawnPointTemplate__v0_slot13	RTTI:0081f03c	BFSpawnPointTemplate__v0_slot13;SpawnPointTemplate__v0_slot13
00569f10	gameplay	BFSpawnPointTemplate__v0_slot27	RTTI:0081f03c	BFSpawnPointTemplate__v0_slot27;PlayerControlObjectTemplate__v0_slot27;ControlPointTemplate__v0_slot27;HandFireArmsTemplate__v0_slot27;BFSoldierTemplate__v0_slot27;ProjectileTemplate__v0_slot27;ClusterProjectileTemplate__v0_slot27;SpawnPointTemplate__v0_slot27
00569ff0	gameplay	BFSpawnPointTemplate__v0_slot25	RTTI:0081f03c	BFSpawnPointTemplate__v0_slot25;PlayerControlObjectTemplate__v0_slot25;ControlPointTemplate__v0_slot25;HandFireArmsTemplate__v0_slot25;BFSoldierTemplate__v0_slot25;ProjectileTemplate__v0_slot25;ClusterProjectileTemplate__v0_slot25;SpawnPointTemplate__v0_slot25
0056a5b0	gameplay	BFSpawnPointTemplate__v0_slot29	RTTI:0081f03c	BFSpawnPointTemplate__v0_slot29;PlayerControlObjectTemplate__v0_slot29;ControlPointTemplate__v0_slot29;HandFireArmsTemplate__v0_slot29;BFSoldierTemplate__v0_slot29;ProjectileTemplate__v0_slot29;ClusterProjectileTemplate__v0_slot29;SpawnPointTemplate__v0_slot29
0056aad0	gameplay	BFSpawnPointTemplate__v116_slot00	RTTI:0081f02c	BFSpawnPointTemplate__v116_slot00;SpawnPointTemplate__v116_slot00
0056ace0	gameplay	BFSpawnPointTemplate__v0_slot00	RTTI:0081f03c	BFSpawnPointTemplate__v0_slot00;SpawnPointTemplate__v0_slot00
0056ad00	gameplay	PlayerControlObjectTemplate__v428_slot62	RTTI:008377ec	PlayerControlObjectTemplate__v428_slot62
0056b350	gameplay	ResponsePhysics__v0_slot12	RTTI:00846a8c	ResponsePhysics__v0_slot12
0056b360	gameplay	PlayerControlObjectTemplate__v428_slot70	RTTI:008377ec	PlayerControlObjectTemplate__v428_slot70
0056b3a0	gameplay	PlayerControlObject__v0_slot55	RTTI:00837acc	PlayerControlObject__v0_slot55
0056b3b0	gameplay	PlayerControlObject__v0_slot05	RTTI:00837acc	PlayerControlObject__v0_slot05
0056b3d0	gameplay	PlayerControlObject__v0_slot06	RTTI:00837acc	PlayerControlObject__v0_slot06
0056b400	gameplay	PlayerControlObject__v0_slot40	RTTI:00837acc	PlayerControlObject__v0_slot40
0056b520	gameplay	PlayerControlObject__v344_slot25	RTTI:00837a04	PlayerControlObject__v344_slot25
0056b530	gameplay	PlayerControlObject__v344_slot26	RTTI:00837a04	PlayerControlObject__v344_slot26
0056b540	gameplay	PlayerControlObject__v344_slot27	RTTI:00837a04	PlayerControlObject__v344_slot27
0056b660	gameplay	PlayerControlObject__v344_slot18	RTTI:00837a04	PlayerControlObject__v344_slot18
0056b670	gameplay	PlayerControlObject__v344_slot19	RTTI:00837a04	PlayerControlObject__v344_slot19
0056b790	gameplay	PlayerControlObjectTemplate__v0_slot33	RTTI:00837954	PlayerControlObjectTemplate__v0_slot33
0056b7e0	gameplay	PlayerControlObjectTemplate__v0_slot04	RTTI:00837954	PlayerControlObjectTemplate__v0_slot04
0056b7f0	gameplay	PlayerControlObjectTemplate__v0_slot13	RTTI:00837954	PlayerControlObjectTemplate__v0_slot13
0056b800	gameplay	PlayerControlObjectTemplate__v0_slot11	RTTI:00837954	PlayerControlObjectTemplate__v0_slot11
0056b820	gameplay	PlayerControlObject__v344_slot28	RTTI:00837a04	PlayerControlObject__v344_slot28
0056b870	gameplay	PlayerControlObject__v0_slot57	RTTI:00837acc	PlayerControlObject__v0_slot57
0056b890	gameplay	PlayerControlObject__v0_slot58	RTTI:00837acc	PlayerControlObject__v0_slot58
0056b9b0	gameplay	PlayerControlObject__v0_slot56	RTTI:00837acc	PlayerControlObject__v0_slot56
0056bae0	gameplay	PlayerControlObject__v344_slot11	RTTI:00837a04	PlayerControlObject__v344_slot11
0056bc90	gameplay	PlayerControlObject__v0_slot21	RTTI:00837acc	PlayerControlObject__v0_slot21
0056bef0	gameplay	PlayerControlObject__v344_slot16	RTTI:00837a04	PlayerControlObject__v344_slot16
0056bf30	gameplay	PlayerControlObject__v0_slot20	RTTI:00837acc	PlayerControlObject__v0_slot20
0056c400	gameplay	PlayerControlObject__v344_slot15	RTTI:00837a04	PlayerControlObject__v344_slot15
0056c420	gameplay	PlayerControlObject__v0_slot49	RTTI:00837acc	PlayerControlObject__v0_slot49
0056c470	gameplay	PlayerControlObject__v344_slot09	RTTI:00837a04	PlayerControlObject__v344_slot09
0056cd50	gameplay	PlayerControlObject__v0_slot39	RTTI:00837acc	PlayerControlObject__v0_slot39
0056ce20	gameplay	PlayerControlObject__v344_slot24	RTTI:00837a04	PlayerControlObject__v344_slot24
0056d650	gameplay	PlayerControlObject__v344_slot10	RTTI:00837a04	PlayerControlObject__v344_slot10
0056de80	gameplay	PlayerControlObjectTemplate__v0_slot03	RTTI:00837954	PlayerControlObjectTemplate__v0_slot03
0056ded0	gameplay	PlayerControlObjectTemplate__v428_slot06	RTTI:008377ec	PlayerControlObjectTemplate__v428_slot06
0056df00	gameplay	PlayerControlObjectTemplate__v428_slot09	RTTI:008377ec	PlayerControlObjectTemplate__v428_slot09
0056df10	gameplay	PlayerControlObjectTemplate__v428_slot12	RTTI:008377ec	PlayerControlObjectTemplate__v428_slot12
0056df30	gameplay	PlayerControlObjectTemplate__v428_slot13	RTTI:008377ec	PlayerControlObjectTemplate__v428_slot13
0056df50	gameplay	PlayerControlObjectTemplate__v428_slot15	RTTI:008377ec	PlayerControlObjectTemplate__v428_slot15
0056df60	gameplay	PlayerControlObjectTemplate__v428_slot18	RTTI:008377ec	PlayerControlObjectTemplate__v428_slot18
0056df70	gameplay	PlayerControlObjectTemplate__v428_slot19	RTTI:008377ec	PlayerControlObjectTemplate__v428_slot19
0056df80	gameplay	PlayerControlObjectTemplate__v428_slot24	RTTI:008377ec	PlayerControlObjectTemplate__v428_slot24
0056df90	gameplay	PlayerControlObjectTemplate__v428_slot25	RTTI:008377ec	PlayerControlObjectTemplate__v428_slot25
0056dfa0	gameplay	PlayerControlObjectTemplate__v428_slot26	RTTI:008377ec	PlayerControlObjectTemplate__v428_slot26
0056dfb0	gameplay	PlayerControlObjectTemplate__v428_slot27	RTTI:008377ec	PlayerControlObjectTemplate__v428_slot27
0056dfc0	gameplay	PlayerControlObjectTemplate__v428_slot28	RTTI:008377ec	PlayerControlObjectTemplate__v428_slot28
0056dfd0	gameplay	PlayerControlObjectTemplate__v428_slot29	RTTI:008377ec	PlayerControlObjectTemplate__v428_slot29
0056dfe0	gameplay	PlayerControlObjectTemplate__v428_slot35	RTTI:008377ec	PlayerControlObjectTemplate__v428_slot35
0056dff0	gameplay	PlayerControlObjectTemplate__v428_slot37	RTTI:008377ec	PlayerControlObjectTemplate__v428_slot37
0056e010	gameplay	PlayerControlObjectTemplate__v428_slot43	RTTI:008377ec	PlayerControlObjectTemplate__v428_slot43
0056e020	gameplay	PlayerControlObjectTemplate__v428_slot44	RTTI:008377ec	PlayerControlObjectTemplate__v428_slot44
0056e030	gameplay	PlayerControlObjectTemplate__v428_slot45	RTTI:008377ec	PlayerControlObjectTemplate__v428_slot45
0056e040	gameplay	PlayerControlObjectTemplate__v428_slot46	RTTI:008377ec	PlayerControlObjectTemplate__v428_slot46
0056e080	gameplay	PlayerControlObjectTemplate__v428_slot47	RTTI:008377ec	PlayerControlObjectTemplate__v428_slot47
0056e090	gameplay	PlayerControlObjectTemplate__v428_slot48	RTTI:008377ec	PlayerControlObjectTemplate__v428_slot48
0056e0a0	gameplay	PlayerControlObjectTemplate__v428_slot49	RTTI:008377ec	PlayerControlObjectTemplate__v428_slot49
0056e0b0	gameplay	PlayerControlObjectTemplate__v428_slot50	RTTI:008377ec	PlayerControlObjectTemplate__v428_slot50
0056e0c0	gameplay	PlayerControlObjectTemplate__v428_slot51	RTTI:008377ec	PlayerControlObjectTemplate__v428_slot51
0056e0d0	gameplay	PlayerControlObjectTemplate__v428_slot52	RTTI:008377ec	PlayerControlObjectTemplate__v428_slot52
0056e0e0	gameplay	PlayerControlObjectTemplate__v428_slot53	RTTI:008377ec	PlayerControlObjectTemplate__v428_slot53
0056e0f0	gameplay	PlayerControlObjectTemplate__v428_slot54	RTTI:008377ec	PlayerControlObjectTemplate__v428_slot54
0056e100	gameplay	PlayerControlObjectTemplate__v428_slot56	RTTI:008377ec	PlayerControlObjectTemplate__v428_slot56
0056e110	gameplay	PlayerControlObjectTemplate__v428_slot57	RTTI:008377ec	PlayerControlObjectTemplate__v428_slot57
0056e120	gameplay	PlayerControlObjectTemplate__v428_slot58	RTTI:008377ec	PlayerControlObjectTemplate__v428_slot58
0056e130	gameplay	PlayerControlObjectTemplate__v428_slot59	RTTI:008377ec	PlayerControlObjectTemplate__v428_slot59
0056e140	gameplay	PlayerControlObjectTemplate__v428_slot60	RTTI:008377ec	PlayerControlObjectTemplate__v428_slot60
0056e150	gameplay	PlayerControlObjectTemplate__v428_slot63	RTTI:008377ec	PlayerControlObjectTemplate__v428_slot63
0056e160	gameplay	PlayerControlObjectTemplate__v428_slot64	RTTI:008377ec	PlayerControlObjectTemplate__v428_slot64
0056e170	gameplay	PlayerControlObjectTemplate__v0_slot35	RTTI:00837954	PlayerControlObjectTemplate__v0_slot35
0056e180	gameplay	PlayerControlObjectTemplate__v0_slot36	RTTI:00837954	PlayerControlObjectTemplate__v0_slot36
0056e190	gameplay	PlayerControlObjectTemplate__v0_slot37	RTTI:00837954	PlayerControlObjectTemplate__v0_slot37
0056e1a0	gameplay	PlayerControlObjectTemplate__v428_slot65	RTTI:008377ec	PlayerControlObjectTemplate__v428_slot65
0056e1c0	gameplay	PlayerControlObjectTemplate__v428_slot67	RTTI:008377ec	PlayerControlObjectTemplate__v428_slot67
0056e1e0	gameplay	PlayerControlObjectTemplate__v428_slot71	RTTI:008377ec	PlayerControlObjectTemplate__v428_slot71
0056e1f0	gameplay	PlayerControlObjectTemplate__v428_slot72	RTTI:008377ec	PlayerControlObjectTemplate__v428_slot72
0056e200	gameplay	PlayerControlObjectTemplate__v0_slot38	RTTI:00837954	PlayerControlObjectTemplate__v0_slot38
0056e210	gameplay	PlayerControlObjectTemplate__v0_slot39	RTTI:00837954	PlayerControlObjectTemplate__v0_slot39
0056e220	gameplay	PlayerControlObjectTemplate__v428_slot73	RTTI:008377ec	PlayerControlObjectTemplate__v428_slot73
0056e240	gameplay	PlayerControlObjectTemplate__v428_slot74	RTTI:008377ec	PlayerControlObjectTemplate__v428_slot74
0056e250	gameplay	PlayerControlObjectTemplate__v116_slot00	RTTI:00837948	PlayerControlObjectTemplate__v116_slot00
0056e260	gameplay	PlayerControlObjectTemplate__v400_slot00	RTTI:0083791c	PlayerControlObjectTemplate__v400_slot00
0056e270	gameplay	PlayerControlObjectTemplate__v400_slot03	RTTI:0083791c	PlayerControlObjectTemplate__v400_slot03
0056e280	gameplay	PlayerControlObjectTemplate__v428_slot00	RTTI:008377ec	PlayerControlObjectTemplate__v428_slot00
0056e290	gameplay	PlayerControlObjectTemplate__v428_slot03	RTTI:008377ec	PlayerControlObjectTemplate__v428_slot03
0056e2a0	gameplay	PlayerControlObjectTemplate__v0_slot01	RTTI:00837954	PlayerControlObjectTemplate__v0_slot01
0056e2b0	gameplay	PlayerControlObjectTemplate__v0_slot02	RTTI:00837954	PlayerControlObjectTemplate__v0_slot02
0056e2d0	gameplay	PlayerControlObjectTemplate__v400_slot01	RTTI:0083791c	PlayerControlObjectTemplate__v400_slot01
0056e2e0	gameplay	PlayerControlObjectTemplate__v400_slot02	RTTI:0083791c	PlayerControlObjectTemplate__v400_slot02
0056e2f0	gameplay	PlayerControlObjectTemplate__v428_slot01	RTTI:008377ec	PlayerControlObjectTemplate__v428_slot01
0056e300	gameplay	PlayerControlObjectTemplate__v428_slot02	RTTI:008377ec	PlayerControlObjectTemplate__v428_slot02
0056e310	gameplay	PlayerControlObjectTemplate__v428_slot11	RTTI:008377ec	PlayerControlObjectTemplate__v428_slot11
0056e340	gameplay	PlayerControlObjectTemplate__v428_slot17	RTTI:008377ec	PlayerControlObjectTemplate__v428_slot17
0056e370	gameplay	PlayerControlObjectTemplate__v428_slot21	RTTI:008377ec	PlayerControlObjectTemplate__v428_slot21
0056e3a0	gameplay	PlayerControlObjectTemplate__v428_slot33	RTTI:008377ec	PlayerControlObjectTemplate__v428_slot33
0056e3d0	gameplay	PlayerControlObjectTemplate__v428_slot41	RTTI:008377ec	PlayerControlObjectTemplate__v428_slot41
0056e400	gameplay	PlayerControlObjectTemplate__v428_slot10	RTTI:008377ec	PlayerControlObjectTemplate__v428_slot10
0056e430	gameplay	PlayerControlObjectTemplate__v428_slot16	RTTI:008377ec	PlayerControlObjectTemplate__v428_slot16
0056e460	gameplay	PlayerControlObjectTemplate__v428_slot20	RTTI:008377ec	PlayerControlObjectTemplate__v428_slot20
0056e490	gameplay	PlayerControlObjectTemplate__v428_slot32	RTTI:008377ec	PlayerControlObjectTemplate__v428_slot32
0056e4c0	gameplay	PlayerControlObjectTemplate__v428_slot40	RTTI:008377ec	PlayerControlObjectTemplate__v428_slot40
0056e4f0	gameplay	PlayerControlObjectTemplate__v0_slot00	RTTI:00837954	PlayerControlObjectTemplate__v0_slot00
0056e690	gameplay	PlayerControlObjectTemplate__v0_slot32	RTTI:00837954	PlayerControlObjectTemplate__v0_slot32
0056e9c0	gameplay	PlayerControlObject__v0_slot03	RTTI:00837acc	PlayerControlObject__v0_slot03
0056ea00	gameplay	PlayerControlObject__v344_slot08	RTTI:00837a04	PlayerControlObject__v344_slot08
0056ea10	gameplay	PlayerControlObject__v344_slot13	RTTI:00837a04	PlayerControlObject__v344_slot13
0056ea20	gameplay	PlayerControlObject__v344_slot23	RTTI:00837a04	PlayerControlObject__v344_slot23;PlayerControlObjectTemplate__v428_slot66
0056ea50	gameplay	PlayerControlObject__v344_slot00	RTTI:00837a04	PlayerControlObject__v344_slot00
0056ea60	gameplay	PlayerControlObject__v344_slot03	RTTI:00837a04	PlayerControlObject__v344_slot03
0056ea70	gameplay	PlayerControlObject__v344_slot22	RTTI:00837a04	PlayerControlObject__v344_slot22
0056ea90	gameplay	PlayerControlObject__v344_slot20	RTTI:00837a04	PlayerControlObject__v344_slot20
0056eaa0	gameplay	PlayerControlObject__v344_slot21	RTTI:00837a04	PlayerControlObject__v344_slot21
0056eca0	gameplay	PlayerControlObject__v0_slot00	RTTI:00837acc	PlayerControlObject__v0_slot00
0056ecc0	gameplay	PlayerControlObjectTemplate__v0_slot12	RTTI:00837954	PlayerControlObjectTemplate__v0_slot12
0056f090	gameplay	PlayerControlObject__v0_slot04	RTTI:00837acc	PlayerControlObject__v0_slot04
00570910	gameplay	Projectile__v0_slot03	RTTI:008371d4	Projectile__v0_slot03;ClusterProjectile__v0_slot03
00571110	gameplay	HandFireArms__v0_slot63	RTTI:008418b4	HandFireArms__v0_slot63
00571150	gameplay	HandFireArms__v0_slot64	RTTI:008418b4	HandFireArms__v0_slot64
00571440	gameplay	HandFireArms__v0_slot19	RTTI:008418b4	HandFireArms__v0_slot19
00571610	gameplay	HandFireArms__v0_slot57	RTTI:008418b4	HandFireArms__v0_slot57
00571620	gameplay	HandFireArms__v0_slot61	RTTI:008418b4	HandFireArms__v0_slot61
00571fc0	gameplay	HandFireArms__v0_slot55	RTTI:008418b4	HandFireArms__v0_slot55
00572030	gameplay	HandFireArms__v0_slot56	RTTI:008418b4	HandFireArms__v0_slot56
00572040	gameplay	HandFireArms__v0_slot60	RTTI:008418b4	HandFireArms__v0_slot60
00573200	gameplay	HandFireArmsTemplate__v0_slot13	RTTI:00841a2c	HandFireArmsTemplate__v0_slot13
00573400	gameplay	HandFireArms__v0_slot49	RTTI:008418b4	HandFireArms__v0_slot49
00573b20	gameplay	ControlPoint__v0_slot03	RTTI:00838234	ControlPoint__v0_slot03
00573b60	gameplay	HandFireArms__v0_slot58	RTTI:008418b4	HandFireArms__v0_slot58
00573b70	gameplay	HandFireArms__v0_slot59	RTTI:008418b4	HandFireArms__v0_slot59
00573b80	gameplay	HandFireArms__v0_slot62	RTTI:008418b4	HandFireArms__v0_slot62
00575620	gameplay	ControlPointTemplate__v0_slot03	RTTI:0083839c	ControlPointTemplate__v0_slot03
005756e0	gameplay	ControlPointTemplate__v400_slot03	RTTI:00838364	ControlPointTemplate__v400_slot03
005779a0	gameplay	HandFireArms__v0_slot04	RTTI:008418b4	HandFireArms__v0_slot04
00577a20	gameplay	HandFireArms__v0_slot20	RTTI:008418b4	HandFireArms__v0_slot20
005789a0	gameplay	HandFireArms__v0_slot40	RTTI:008418b4	HandFireArms__v0_slot40
0057ac20	gameplay	ControlPoint__v344_slot00	RTTI:00838208	ControlPoint__v344_slot00
0057ac30	gameplay	ControlPoint__v344_slot03	RTTI:00838208	ControlPoint__v344_slot03
0057ac40	gameplay	ControlPoint__v0_slot00	RTTI:00838234	ControlPoint__v0_slot00
0057b060	gameplay	ControlPoint__v0_slot49	RTTI:00838234	ControlPoint__v0_slot49
0057b160	gameplay	ControlPointTemplate__v0_slot13	RTTI:0083839c	ControlPointTemplate__v0_slot13
0057b1c0	gameplay	ControlPoint__v0_slot04	RTTI:00838234	ControlPoint__v0_slot04
0057b240	gameplay	ControlPoint__v0_slot20	RTTI:00838234	ControlPoint__v0_slot20
0057b8a0	gameplay	ControlPointTemplate__v0_slot04	RTTI:0083839c	ControlPointTemplate__v0_slot04
0057b8b0	gameplay	ControlPointTemplate__v0_slot11	RTTI:0083839c	ControlPointTemplate__v0_slot11
0057b8e0	gameplay	ControlPointTemplate__v116_slot00	RTTI:00838390	ControlPointTemplate__v116_slot00
0057b8f0	gameplay	ControlPointTemplate__v400_slot00	RTTI:00838364	ControlPointTemplate__v400_slot00
0057b900	gameplay	ControlPointTemplate__v0_slot12	RTTI:0083839c	ControlPointTemplate__v0_slot12
0057b930	gameplay	ControlPointTemplate__v0_slot00	RTTI:0083839c	ControlPointTemplate__v0_slot00
0057ba30	gameplay	SpringNetworkable__v0_slot04	RTTI:0082873c	SpringNetworkable__v0_slot04
0057bac0	gameplay	SpringNetworkable__v0_slot06	RTTI:0082873c	SpringNetworkable__v0_slot06
0057bde0	gameplay	SpringNetworkable__v0_slot07	RTTI:0082873c	SpringNetworkable__v0_slot07
0057bed0	gameplay	SpringNetworkable__v0_slot08	RTTI:0082873c	SpringNetworkable__v0_slot08
0057c170	gameplay	ControlPoint__v0_slot05	RTTI:00838234	ControlPoint__v0_slot05;BFSpawnPoint__v0_slot05;HandFireArms__v0_slot05;SpawnPoint__v0_slot05
0057c1c0	gameplay	Projectile__v0_slot06	RTTI:008371d4	Projectile__v0_slot06;ControlPoint__v0_slot06;HandFireArms__v0_slot06;ClusterProjectile__v0_slot06;SpawnPoint__v0_slot06
0057c210	gameplay	BFSoldier__v0_slot10	RTTI:00836bd4	BFSoldier__v0_slot10;PlayerControlObject__v0_slot10;Projectile__v0_slot10;ControlPoint__v0_slot10;HandFireArms__v0_slot10;ClusterProjectile__v0_slot10;SpawnPoint__v0_slot10
0057c590	gameplay	BFSoldier__v0_slot37	RTTI:00836bd4	BFSoldier__v0_slot37;PlayerControlObject__v0_slot37;Projectile__v0_slot37;ControlPoint__v0_slot37;BFSpawnPoint__v0_slot37;HandFireArms__v0_slot37;ClusterProjectile__v0_slot37;SpawnPoint__v0_slot37
0057c5d0	gameplay	BFSoldier__v0_slot34	RTTI:00836bd4	BFSoldier__v0_slot34;PlayerControlObject__v0_slot34;Projectile__v0_slot34;ControlPoint__v0_slot34;BFSpawnPoint__v0_slot34;HandFireArms__v0_slot34;ClusterProjectile__v0_slot34;SpawnPoint__v0_slot34
0057c5f0	gameplay	BFSpawnPoint__v0_slot42	RTTI:008202b4	BFSpawnPoint__v0_slot42;SpawnPoint__v0_slot42
0057c600	gameplay	BFSoldier__v0_slot41	RTTI:00836bd4	BFSoldier__v0_slot41;PlayerControlObject__v0_slot41;Projectile__v0_slot41;ControlPoint__v0_slot41;BFSpawnPoint__v0_slot41;HandFireArms__v0_slot41;ClusterProjectile__v0_slot41;SpawnPoint__v0_slot41
0057c610	gameplay	BFSoldier__v0_slot43	RTTI:00836bd4	BFSoldier__v0_slot43;PlayerControlObject__v0_slot43;Projectile__v0_slot43;ControlPoint__v0_slot43;BFSpawnPoint__v0_slot43;HandFireArms__v0_slot43;ClusterProjectile__v0_slot43;SpawnPoint__v0_slot43
0057c620	gameplay	BFSoldier__v0_slot44	RTTI:00836bd4	BFSoldier__v0_slot44;PlayerControlObject__v0_slot44;Projectile__v0_slot44;ControlPoint__v0_slot44;BFSpawnPoint__v0_slot44;HandFireArms__v0_slot44;ClusterProjectile__v0_slot44;SpawnPoint__v0_slot44
0057c630	gameplay	BFSoldier__v0_slot47	RTTI:00836bd4	BFSoldier__v0_slot47;PlayerControlObject__v0_slot47;Projectile__v0_slot47;ControlPoint__v0_slot47;BFSpawnPoint__v0_slot47;HandFireArms__v0_slot47;ClusterProjectile__v0_slot47;SpawnPoint__v0_slot47
0057c640	gameplay	BFSoldier__v0_slot48	RTTI:00836bd4	BFSoldier__v0_slot48;PlayerControlObject__v0_slot48;Projectile__v0_slot48;ControlPoint__v0_slot48;BFSpawnPoint__v0_slot48;HandFireArms__v0_slot48;ClusterProjectile__v0_slot48;SpawnPoint__v0_slot48
0057c680	gameplay	BFSoldier__v0_slot22	RTTI:00836bd4	BFSoldier__v0_slot22;PlayerControlObject__v0_slot22;ControlPoint__v0_slot22;BFSpawnPoint__v0_slot22;HandFireArms__v0_slot22;SpawnPoint__v0_slot22
0057c700	gameplay	BFSoldier__v0_slot27	RTTI:00836bd4	BFSoldier__v0_slot27;PlayerControlObject__v0_slot27;Projectile__v0_slot27;ControlPoint__v0_slot27;BFSpawnPoint__v0_slot27;HandFireArms__v0_slot27;ClusterProjectile__v0_slot27;SpawnPoint__v0_slot27
0057c760	gameplay	BFSoldier__v0_slot13	RTTI:00836bd4	BFSoldier__v0_slot13;PlayerControlObject__v0_slot13;Projectile__v0_slot13;ControlPoint__v0_slot13;HandFireArms__v0_slot13;ClusterProjectile__v0_slot13;SpawnPoint__v0_slot13
0057c7a0	gameplay	BFSoldier__v0_slot29	RTTI:00836bd4	BFSoldier__v0_slot29;PlayerControlObject__v0_slot29;Projectile__v0_slot29;ControlPoint__v0_slot29;BFSpawnPoint__v0_slot29;HandFireArms__v0_slot29;ClusterProjectile__v0_slot29;SpawnPoint__v0_slot29
0057c800	gameplay	BFSoldier__v0_slot15	RTTI:00836bd4	BFSoldier__v0_slot15;PlayerControlObject__v0_slot15;Projectile__v0_slot15;ControlPoint__v0_slot15;BFSpawnPoint__v0_slot15;HandFireArms__v0_slot15;ClusterProjectile__v0_slot15;SpawnPoint__v0_slot15
0057c8a0	gameplay	BFSoldier__v0_slot09	RTTI:00836bd4	BFSoldier__v0_slot09;PlayerControlObject__v0_slot09;Projectile__v0_slot09;ControlPoint__v0_slot09;BFSpawnPoint__v0_slot09;HandFireArms__v0_slot09;ClusterProjectile__v0_slot09;SpawnPoint__v0_slot09
0057ca30	gameplay	BFSoldier__v0_slot14	RTTI:00836bd4	BFSoldier__v0_slot14;PlayerControlObject__v0_slot14;ControlPoint__v0_slot14;HandFireArms__v0_slot14
0057cb60	gameplay	BFSoldier__v0_slot16	RTTI:00836bd4	BFSoldier__v0_slot16;PlayerControlObject__v0_slot16;ControlPoint__v0_slot16;BFSpawnPoint__v0_slot16;HandFireArms__v0_slot16;SpawnPoint__v0_slot16
0057cc70	gameplay	BFSoldier__v0_slot28	RTTI:00836bd4	BFSoldier__v0_slot28;PlayerControlObject__v0_slot28;Projectile__v0_slot28;ControlPoint__v0_slot28;BFSpawnPoint__v0_slot28;HandFireArms__v0_slot28;ClusterProjectile__v0_slot28;SpawnPoint__v0_slot28
0057cca0	gameplay	BFSoldier__v0_slot30	RTTI:00836bd4	BFSoldier__v0_slot30;PlayerControlObject__v0_slot30;Projectile__v0_slot30;ControlPoint__v0_slot30;BFSpawnPoint__v0_slot30;HandFireArms__v0_slot30;ClusterProjectile__v0_slot30;SpawnPoint__v0_slot30
0057ccd0	gameplay	BFSoldier__v0_slot17	RTTI:00836bd4	BFSoldier__v0_slot17;PlayerControlObject__v0_slot17;Projectile__v0_slot17;ControlPoint__v0_slot17;BFSpawnPoint__v0_slot17;HandFireArms__v0_slot17;ClusterProjectile__v0_slot17;SpawnPoint__v0_slot17
0057d270	gameplay	BFSoldier__v0_slot12	RTTI:00836bd4	BFSoldier__v0_slot12;PlayerControlObject__v0_slot12;Projectile__v0_slot12;ControlPoint__v0_slot12;BFSpawnPoint__v0_slot12;HandFireArms__v0_slot12;ClusterProjectile__v0_slot12;SpawnPoint__v0_slot12
0057d2d0	gameplay	BFSoldier__v0_slot32	RTTI:00836bd4	BFSoldier__v0_slot32;PlayerControlObject__v0_slot32;Projectile__v0_slot32;ControlPoint__v0_slot32;BFSpawnPoint__v0_slot32;HandFireArms__v0_slot32;ClusterProjectile__v0_slot32;SpawnPoint__v0_slot32
0057d3c0	gameplay	BFSoldier__v0_slot33	RTTI:00836bd4	BFSoldier__v0_slot33;PlayerControlObject__v0_slot33;Projectile__v0_slot33;ControlPoint__v0_slot33;BFSpawnPoint__v0_slot33;HandFireArms__v0_slot33;ClusterProjectile__v0_slot33;SpawnPoint__v0_slot33
0057d4c0	gameplay	BFSoldier__v0_slot35	RTTI:00836bd4	BFSoldier__v0_slot35;PlayerControlObject__v0_slot35;Projectile__v0_slot35;ControlPoint__v0_slot35;BFSpawnPoint__v0_slot35;HandFireArms__v0_slot35;ClusterProjectile__v0_slot35;SpawnPoint__v0_slot35
0057d530	gameplay	BFSoldier__v0_slot36	RTTI:00836bd4	BFSoldier__v0_slot36;PlayerControlObject__v0_slot36;Projectile__v0_slot36;ControlPoint__v0_slot36;BFSpawnPoint__v0_slot36;HandFireArms__v0_slot36;ClusterProjectile__v0_slot36;SpawnPoint__v0_slot36
0057d5e0	gameplay	BFSoldier__v0_slot26	RTTI:00836bd4	BFSoldier__v0_slot26;PlayerControlObject__v0_slot26;Projectile__v0_slot26;ControlPoint__v0_slot26;BFSpawnPoint__v0_slot26;HandFireArms__v0_slot26;ClusterProjectile__v0_slot26;SpawnPoint__v0_slot26
0057da10	gameplay	BFSoldier__v0_slot45	RTTI:00836bd4	BFSoldier__v0_slot45;PlayerControlObject__v0_slot45;Projectile__v0_slot45;ControlPoint__v0_slot45;BFSpawnPoint__v0_slot45;HandFireArms__v0_slot45;ClusterProjectile__v0_slot45;SpawnPoint__v0_slot45
0057da20	gameplay	BFSoldier__v0_slot52	RTTI:00836bd4	BFSoldier__v0_slot52;PlayerControlObject__v0_slot52;Projectile__v0_slot52;ControlPoint__v0_slot52;BFSpawnPoint__v0_slot52;HandFireArms__v0_slot52;ClusterProjectile__v0_slot52;SpawnPoint__v0_slot52
0057da50	gameplay	BFSoldier__v0_slot08	RTTI:00836bd4	BFSoldier__v0_slot08;PlayerControlObject__v0_slot08;Projectile__v0_slot08;ControlPoint__v0_slot08;BFSpawnPoint__v0_slot08;HandFireArms__v0_slot08;ClusterProjectile__v0_slot08;SpawnPoint__v0_slot08
0057ddc0	gameplay	BFSoldier__v0_slot54	RTTI:00836bd4	BFSoldier__v0_slot54;PlayerControlObject__v0_slot54;Projectile__v0_slot54;ControlPoint__v0_slot54;BFSpawnPoint__v0_slot54;HandFireArms__v0_slot54;ClusterProjectile__v0_slot54;SpawnPoint__v0_slot54
0057de30	gameplay	PlayerControlObject__v0_slot53	RTTI:00837acc	PlayerControlObject__v0_slot53;Projectile__v0_slot53;ControlPoint__v0_slot53;BFSpawnPoint__v0_slot53;HandFireArms__v0_slot53;ClusterProjectile__v0_slot53;SpawnPoint__v0_slot53
0057de70	gameplay	BFSpawnPoint__v0_slot40	RTTI:008202b4	BFSpawnPoint__v0_slot40;SpawnPoint__v0_slot40
0057df70	gameplay	SpawnPoint__v0_slot04	RTTI:00847714	SpawnPoint__v0_slot04
0057e0d0	gameplay	BFSpawnPoint__v0_slot20	RTTI:008202b4	BFSpawnPoint__v0_slot20;SpawnPoint__v0_slot20
0057e580	gameplay	BFSpawnPoint__v0_slot49	RTTI:008202b4	BFSpawnPoint__v0_slot49;SpawnPoint__v0_slot49
0057e5c0	gameplay	ControlPoint__v0_slot21	RTTI:00838234	ControlPoint__v0_slot21;BFSpawnPoint__v0_slot21;HandFireArms__v0_slot21;SpawnPoint__v0_slot21
00582030	gameplay	BFSoldier__v0_slot42	RTTI:00836bd4	BFSoldier__v0_slot42;PlayerControlObject__v0_slot42;Projectile__v0_slot42;ControlPoint__v0_slot42;HandFireArms__v0_slot42;ClusterProjectile__v0_slot42
005820d0	gameplay	ControlPoint__v0_slot40	RTTI:00838234	ControlPoint__v0_slot40
005823b0	gameplay	SpawnPointManager__v0_slot06	RTTI:008396a4	SpawnPointManager__v0_slot06
00582650	gameplay	SpawnPointManager__v0_slot05	RTTI:008396a4	SpawnPointManager__v0_slot05
00582960	gameplay	SpawnPointManager__v0_slot03	RTTI:008396a4	SpawnPointManager__v0_slot03
00582a50	gameplay	SpawnPointManager__v0_slot00	RTTI:008396a4	SpawnPointManager__v0_slot00
00582a70	gameplay	SpawnPointManager__v0_slot04	RTTI:008396a4	SpawnPointManager__v0_slot04
00586700	gameplay	PlayerControlObjectTemplate__v400_slot07	RTTI:0083791c	PlayerControlObjectTemplate__v400_slot07;ControlPointTemplate__v400_slot07;HandFireArmsTemplate__v400_slot07;BFSoldierTemplate__v400_slot07;ProjectileTemplate__v400_slot07;ClusterProjectileTemplate__v400_slot07
005867d0	gameplay	PlayerControlObjectTemplate__v400_slot09	RTTI:0083791c	PlayerControlObjectTemplate__v400_slot09;ControlPointTemplate__v400_slot09;HandFireArmsTemplate__v400_slot09;BFSoldierTemplate__v400_slot09;ProjectileTemplate__v400_slot09;ClusterProjectileTemplate__v400_slot09
00586910	gameplay	PlayerControlObjectTemplate__v400_slot05	RTTI:0083791c	PlayerControlObjectTemplate__v400_slot05;ControlPointTemplate__v400_slot05;HandFireArmsTemplate__v400_slot05;BFSoldierTemplate__v400_slot05;ProjectileTemplate__v400_slot05;ClusterProjectileTemplate__v400_slot05
00586a80	gameplay	PlayerControlObjectTemplate__v400_slot08	RTTI:0083791c	PlayerControlObjectTemplate__v400_slot08;ControlPointTemplate__v400_slot08;HandFireArmsTemplate__v400_slot08;BFSoldierTemplate__v400_slot08;ProjectileTemplate__v400_slot08;ClusterProjectileTemplate__v400_slot08
00586c70	gameplay	PlayerControlObjectTemplate__v0_slot31	RTTI:00837954	PlayerControlObjectTemplate__v0_slot31;ControlPointTemplate__v0_slot31;HandFireArmsTemplate__v0_slot31;BFSoldierTemplate__v0_slot31;ProjectileTemplate__v0_slot31;ClusterProjectileTemplate__v0_slot31
00587160	gameplay	PlayerControlObjectTemplate__v400_slot04	RTTI:0083791c	PlayerControlObjectTemplate__v400_slot04;ControlPointTemplate__v400_slot04;HandFireArmsTemplate__v400_slot04;BFSoldierTemplate__v400_slot04;ProjectileTemplate__v400_slot04;ClusterProjectileTemplate__v400_slot04
00589830	gameplay	BFSpawnPoint__v344_slot00	RTTI:00820280	BFSpawnPoint__v344_slot00;SpawnPoint__v344_slot00
00589850	gameplay	PlayerControlObject__v344_slot01	RTTI:00837a04	PlayerControlObject__v344_slot01;ControlPoint__v344_slot01;BFSpawnPoint__v344_slot01;SpawnPoint__v344_slot01
00589860	gameplay	PlayerControlObject__v344_slot02	RTTI:00837a04	PlayerControlObject__v344_slot02;ControlPoint__v344_slot02;BFSpawnPoint__v344_slot02;SpawnPoint__v344_slot02
00589aa0	gameplay	SpawnPointTemplate__v0_slot12	RTTI:0083a28c	SpawnPointTemplate__v0_slot12
00589b30	gameplay	SpawnPointTemplate__v0_slot04	RTTI:0083a28c	SpawnPointTemplate__v0_slot04
00589b40	gameplay	SpawnPointTemplate__v0_slot11	RTTI:0083a28c	SpawnPointTemplate__v0_slot11
00589d70	gameplay	ResponsePhysics__v0_slot04	RTTI:00846a8c	ResponsePhysics__v0_slot04;StaticResponsePhysics__v0_slot04;PointResponsePhysics__v0_slot04
00589e30	gameplay	PlayerControlObjectTemplate__v428_slot34	RTTI:008377ec	PlayerControlObjectTemplate__v428_slot34
00589e40	gameplay	PlayerControlObjectTemplate__v428_slot36	RTTI:008377ec	PlayerControlObjectTemplate__v428_slot36
00589e80	gameplay	PlayerControlObjectTemplate__v428_slot38	RTTI:008377ec	PlayerControlObjectTemplate__v428_slot38
0058a0e0	gameplay	BFSoldierTemplate__v0_slot35	RTTI:00836d64	BFSoldierTemplate__v0_slot35
0058a150	gameplay	BFSoldierTemplate__v0_slot37	RTTI:00836d64	BFSoldierTemplate__v0_slot37
0058a370	gameplay	PlayerControlObjectTemplate__v428_slot61	RTTI:008377ec	PlayerControlObjectTemplate__v428_slot61
00596ba0	gameplay	BFSoldierTemplate__v428_slot05	RTTI:00836d0c	BFSoldierTemplate__v428_slot05
00597470	gameplay	BFSpawnPointTemplate__v0_slot06	RTTI:0081f03c	BFSpawnPointTemplate__v0_slot06;PlayerControlObjectTemplate__v0_slot06;ControlPointTemplate__v0_slot06;HandFireArmsTemplate__v0_slot06;BFSoldierTemplate__v0_slot06;ProjectileTemplate__v0_slot06;ClusterProjectileTemplate__v0_slot06;SpawnPointTemplate__v0_slot06;NetworkManager__v0_slot23
0059e200	gameplay	PlayerControlObjectTemplate__v0_slot40	RTTI:00837954	PlayerControlObjectTemplate__v0_slot40
0059e210	gameplay	PlayerControlObjectTemplate__v0_slot41	RTTI:00837954	PlayerControlObjectTemplate__v0_slot41
0059e720	gameplay	BFSpawnPointTemplate__v0_slot26	RTTI:0081f03c	BFSpawnPointTemplate__v0_slot26;PlayerControlObjectTemplate__v0_slot26;ControlPointTemplate__v0_slot26;HandFireArmsTemplate__v0_slot26;BFSoldierTemplate__v0_slot26;ProjectileTemplate__v0_slot26;ClusterProjectileTemplate__v0_slot26;SpawnPointTemplate__v0_slot26
005a2230	gameplay	NetworkableInfoManager__v0_slot08	RTTI:00840e6c	NetworkableInfoManager__v0_slot08
005a2250	gameplay	NetworkableInfoManager__v0_slot07	RTTI:00840e6c	NetworkableInfoManager__v0_slot07
005a24e0	gameplay	NetworkableInfoManager__v0_slot05	RTTI:00840e6c	NetworkableInfoManager__v0_slot05
005a2520	gameplay	NetworkableInfoManager__v0_slot04	RTTI:00840e6c	NetworkableInfoManager__v0_slot04
005a2560	gameplay	NetworkableInfoManager__v0_slot12	RTTI:00840e6c	NetworkableInfoManager__v0_slot12
005a2d40	gameplay	NetworkableInfoManager__v0_slot11	RTTI:00840e6c	NetworkableInfoManager__v0_slot11
005a2eb0	gameplay	NetworkableInfoManager__v0_slot13	RTTI:00840e6c	NetworkableInfoManager__v0_slot13
005a2fa0	gameplay	NetworkableInfoManager__v0_slot06	RTTI:00840e6c	NetworkableInfoManager__v0_slot06
005a30c0	gameplay	NetworkableInfoManager__v0_slot03	RTTI:00840e6c	NetworkableInfoManager__v0_slot03
005a30f0	gameplay	NetworkableInfoManager__v0_slot00	RTTI:00840e6c	NetworkableInfoManager__v0_slot00
005a3330	gameplay	SimpleObjectNetworkable__v0_slot05	RTTI:008285d4	SimpleObjectNetworkable__v0_slot05
005a39f0	gameplay	SimpleObjectNetworkable__v0_slot04	RTTI:008285d4	SimpleObjectNetworkable__v0_slot04
005a3bf0	gameplay	SimpleObjectNetworkable__v0_slot06	RTTI:008285d4	SimpleObjectNetworkable__v0_slot06
005a3f20	gameplay	SimpleObjectNetworkable__v0_slot09	RTTI:008285d4	SimpleObjectNetworkable__v0_slot09
005a4040	gameplay	SimpleObjectNetworkable__v56_slot04	RTTI:008285bc	SimpleObjectNetworkable__v56_slot04
005a4de0	gameplay	SimpleObjectNetworkable__v0_slot07	RTTI:008285d4	SimpleObjectNetworkable__v0_slot07
005a51a0	gameplay	SimpleObjectNetworkable__v0_slot08	RTTI:008285d4	SimpleObjectNetworkable__v0_slot08
005a59a0	gameplay	RotationalBundleNetworkable__v0_slot05	RTTI:0082861c	RotationalBundleNetworkable__v0_slot05
005a59b0	gameplay	RotationalBundleNetworkable__v0_slot06	RTTI:0082861c	RotationalBundleNetworkable__v0_slot06
005a5c30	gameplay	RotationalBundleNetworkable__v0_slot04	RTTI:0082861c	RotationalBundleNetworkable__v0_slot04
005a5d90	gameplay	RotationalBundleNetworkable__v0_slot09	RTTI:0082861c	RotationalBundleNetworkable__v0_slot09
005a5e00	gameplay	RotationalBundleNetworkable__v56_slot04	RTTI:00828604	RotationalBundleNetworkable__v56_slot04
005a6550	gameplay	RotationalBundleNetworkable__v0_slot07	RTTI:0082861c	RotationalBundleNetworkable__v0_slot07
005a6710	gameplay	RotationalBundleNetworkable__v0_slot08	RTTI:0082861c	RotationalBundleNetworkable__v0_slot08
005a6cd0	gameplay	FreeCameraNetworkable__v0_slot06	RTTI:00828664	FreeCameraNetworkable__v0_slot06
005a6e20	gameplay	FreeCameraNetworkable__v0_slot04	RTTI:00828664	FreeCameraNetworkable__v0_slot04
005a6f50	gameplay	FreeCameraNetworkable__v56_slot04	RTTI:0082864c	FreeCameraNetworkable__v56_slot04
005a72c0	gameplay	FreeCameraNetworkable__v0_slot07	RTTI:00828664	FreeCameraNetworkable__v0_slot07
005a7400	gameplay	FreeCameraNetworkable__v0_slot08	RTTI:00828664	FreeCameraNetworkable__v0_slot08
005a7840	gameplay	BFSoldierNetworkable__v0_slot05	RTTI:008286ac	BFSoldierNetworkable__v0_slot05
005a7850	gameplay	BFSoldierNetworkable__v0_slot06	RTTI:008286ac	BFSoldierNetworkable__v0_slot06
005a7d10	gameplay	BFSoldierNetworkable__v0_slot04	RTTI:008286ac	BFSoldierNetworkable__v0_slot04
005a7f70	gameplay	BFSoldierNetworkable__v0_slot09	RTTI:008286ac	BFSoldierNetworkable__v0_slot09
005a8050	gameplay	BFSoldierNetworkable__v56_slot04	RTTI:00828694	BFSoldierNetworkable__v56_slot04
005a8fc0	gameplay	BFSoldierNetworkable__v0_slot07	RTTI:008286ac	BFSoldierNetworkable__v0_slot07
005a94b0	gameplay	BFSoldierNetworkable__v0_slot08	RTTI:008286ac	BFSoldierNetworkable__v0_slot08
005a9cf0	gameplay	ItemNetworkable__v0_slot06	RTTI:008286f4	ItemNetworkable__v0_slot06
005a9e20	gameplay	ItemNetworkable__v0_slot04	RTTI:008286f4	ItemNetworkable__v0_slot04
005a9f20	gameplay	ItemNetworkable__v0_slot07	RTTI:008286f4	ItemNetworkable__v0_slot07
005aa060	gameplay	ItemNetworkable__v0_slot08	RTTI:008286f4	ItemNetworkable__v0_slot08
005aa340	gameplay	PlayerControlObjectNetworkable__v0_slot04	RTTI:00828784	PlayerControlObjectNetworkable__v0_slot04
005aa3a0	gameplay	KitNetworkable__v0_slot06	RTTI:008287cc	KitNetworkable__v0_slot06
005aa4b0	gameplay	KitNetworkable__v0_slot04	RTTI:008287cc	KitNetworkable__v0_slot04
005aa5a0	gameplay	KitNetworkable__v0_slot07	RTTI:008287cc	KitNetworkable__v0_slot07
005aa730	gameplay	KitNetworkable__v0_slot08	RTTI:008287cc	KitNetworkable__v0_slot08
005aaaa0	gameplay	ProjectileNetworkable__v0_slot04	RTTI:00828814	ProjectileNetworkable__v0_slot04
005aad50	gameplay	ProjectileNetworkable__v0_slot06	RTTI:00828814	ProjectileNetworkable__v0_slot06
005ab1a0	gameplay	ProjectileNetworkable__v56_slot04	RTTI:008287fc	ProjectileNetworkable__v56_slot04
005ab810	gameplay	ProjectileNetworkable__v0_slot07	RTTI:00828814	ProjectileNetworkable__v0_slot07
005abbf0	gameplay	ProjectileNetworkable__v0_slot08	RTTI:00828814	ProjectileNetworkable__v0_slot08
005ac510	gameplay	FireArmsNetworkable__v0_slot04	RTTI:0082885c	FireArmsNetworkable__v0_slot04
005ac6d0	gameplay	FireArmsNetworkable__v0_slot06	RTTI:0082885c	FireArmsNetworkable__v0_slot06
005ac9d0	gameplay	FireArmsNetworkable__v0_slot07	RTTI:0082885c	FireArmsNetworkable__v0_slot07
005acc20	gameplay	FireArmsNetworkable__v0_slot08	RTTI:0082885c	FireArmsNetworkable__v0_slot08
005ad1a0	gameplay	ControlPointNetworkable__v0_slot04	RTTI:008288a4	ControlPointNetworkable__v0_slot04
005ad260	gameplay	ControlPointNetworkable__v0_slot06	RTTI:008288a4	ControlPointNetworkable__v0_slot06
005ad340	gameplay	ControlPointNetworkable__v0_slot07	RTTI:008288a4	ControlPointNetworkable__v0_slot07
005ad4b0	gameplay	ControlPointNetworkable__v0_slot08	RTTI:008288a4	ControlPointNetworkable__v0_slot08
005ad780	gameplay	EngineNetworkable__v0_slot04	RTTI:008288ec	EngineNetworkable__v0_slot04
005ad840	gameplay	EngineNetworkable__v0_slot09	RTTI:008288ec	EngineNetworkable__v0_slot09
005ad8a0	gameplay	EngineNetworkable__v0_slot06	RTTI:008288ec	EngineNetworkable__v0_slot06
005adac0	gameplay	EngineNetworkable__v56_slot04	RTTI:008288d4	EngineNetworkable__v56_slot04
005adbf0	gameplay	EngineNetworkable__v0_slot07	RTTI:008288ec	EngineNetworkable__v0_slot07
005adf60	gameplay	EngineNetworkable__v0_slot08	RTTI:008288ec	EngineNetworkable__v0_slot08
005ae560	gameplay	MusicPlayerNetworkable__v0_slot04	RTTI:00828934	MusicPlayerNetworkable__v0_slot04
005ae610	gameplay	MusicPlayerNetworkable__v0_slot06	RTTI:00828934	MusicPlayerNetworkable__v0_slot06
005ae690	gameplay	MusicPlayerNetworkable__v0_slot07	RTTI:00828934	MusicPlayerNetworkable__v0_slot07
005ae7a0	gameplay	MusicPlayerNetworkable__v0_slot08	RTTI:00828934	MusicPlayerNetworkable__v0_slot08
005ae9d0	gameplay	WinchNetworkable__v0_slot06	RTTI:0082897c	WinchNetworkable__v0_slot06
005af0c0	gameplay	WinchNetworkable__v0_slot04	RTTI:0082897c	WinchNetworkable__v0_slot04
005af1a0	gameplay	WinchNetworkable__v0_slot07	RTTI:0082897c	WinchNetworkable__v0_slot07
005af4a0	gameplay	WinchNetworkable__v0_slot08	RTTI:0082897c	WinchNetworkable__v0_slot08
005afb40	gameplay	WireLinkNetworkable__v0_slot06	RTTI:008289c4	WireLinkNetworkable__v0_slot06
005afc30	gameplay	WireLinkNetworkable__v56_slot04	RTTI:008289ac	WireLinkNetworkable__v56_slot04
005afdb0	gameplay	WireLinkNetworkable__v0_slot04	RTTI:008289c4	WireLinkNetworkable__v0_slot04
005afeb0	gameplay	WireLinkNetworkable__v0_slot07	RTTI:008289c4	WireLinkNetworkable__v0_slot07
005b0070	gameplay	WireLinkNetworkable__v0_slot08	RTTI:008289c4	WireLinkNetworkable__v0_slot08
005b04d0	gameplay	HookNetworkable__v0_slot06	RTTI:00828a0c	HookNetworkable__v0_slot06
005b0540	gameplay	HookNetworkable__v0_slot04	RTTI:00828a0c	HookNetworkable__v0_slot04
005b06b0	gameplay	HookNetworkable__v56_slot04	RTTI:008289f4	HookNetworkable__v56_slot04
005b0790	gameplay	HookNetworkable__v0_slot07	RTTI:00828a0c	HookNetworkable__v0_slot07
005b0880	gameplay	HookNetworkable__v0_slot08	RTTI:00828a0c	HookNetworkable__v0_slot08
005b2100	gameplay	ControlPoint__v344_slot07	RTTI:00838208	ControlPoint__v344_slot07;HandFireArms__v344_slot07
005b2130	gameplay	ControlPoint__v344_slot09	RTTI:00838208	ControlPoint__v344_slot09;HandFireArms__v344_slot09
005b22a0	gameplay	ControlPoint__v344_slot08	RTTI:00838208	ControlPoint__v344_slot08;HandFireArms__v344_slot08
005b2890	gameplay	ControlPoint__v344_slot06	RTTI:00838208	ControlPoint__v344_slot06;HandFireArms__v344_slot06
005b2cb0	gameplay	ControlPoint__v344_slot04	RTTI:00838208	ControlPoint__v344_slot04;HandFireArms__v344_slot04
005b2ce0	gameplay	ControlPoint__v344_slot05	RTTI:00838208	ControlPoint__v344_slot05;HandFireArms__v344_slot05
005b4170	gameplay	ControlPoint__v0_slot18	RTTI:00838234	ControlPoint__v0_slot18;HandFireArms__v0_slot18
005b5240	gameplay	HandFireArms__v864_slot04	RTTI:00841848	HandFireArms__v864_slot04
005b5290	gameplay	HandFireArms__v864_slot05	RTTI:00841848	HandFireArms__v864_slot05
005b5300	gameplay	HandFireArms__v864_slot11	RTTI:00841848	HandFireArms__v864_slot11
005b5390	gameplay	HandFireArms__v0_slot65	RTTI:008418b4	HandFireArms__v0_slot65
005b53a0	gameplay	HandFireArms__v864_slot12	RTTI:00841848	HandFireArms__v864_slot12
005b53b0	gameplay	HandFireArms__v0_slot66	RTTI:008418b4	HandFireArms__v0_slot66
005b5420	gameplay	HandFireArms__v0_slot68	RTTI:008418b4	HandFireArms__v0_slot68
005b55b0	gameplay	HandFireArms__v0_slot03	RTTI:008418b4	HandFireArms__v0_slot03
005b5600	gameplay	HandFireArms__v344_slot00	RTTI:00841884	HandFireArms__v344_slot00
005b5610	gameplay	HandFireArms__v344_slot03	RTTI:00841884	HandFireArms__v344_slot03
005b5620	gameplay	HandFireArms__v864_slot00	RTTI:00841848	HandFireArms__v864_slot00
005b5630	gameplay	HandFireArms__v864_slot03	RTTI:00841848	HandFireArms__v864_slot03
005b5640	gameplay	HandFireArms__v864_slot13	RTTI:00841848	HandFireArms__v864_slot13
005b5650	gameplay	HandFireArms__v0_slot01	RTTI:008418b4	HandFireArms__v0_slot01
005b5660	gameplay	HandFireArms__v0_slot02	RTTI:008418b4	HandFireArms__v0_slot02
005b5680	gameplay	HandFireArms__v0_slot00	RTTI:008418b4	HandFireArms__v0_slot00
005b56c0	gameplay	HandFireArms__v344_slot01	RTTI:00841884	HandFireArms__v344_slot01
005b56d0	gameplay	HandFireArms__v344_slot02	RTTI:00841884	HandFireArms__v344_slot02
005b56e0	gameplay	HandFireArms__v864_slot01	RTTI:00841848	HandFireArms__v864_slot01
005b56f0	gameplay	HandFireArms__v864_slot02	RTTI:00841848	HandFireArms__v864_slot02
005b5700	gameplay	HandFireArms__v0_slot67	RTTI:008418b4	HandFireArms__v0_slot67
005b5bd0	gameplay	HandFireArms__v864_slot10	RTTI:00841848	HandFireArms__v864_slot10
005b5e90	gameplay	HandFireArmsTemplate__v0_slot03	RTTI:00841a2c	HandFireArmsTemplate__v0_slot03
005b5ee0	gameplay	HandFireArmsTemplate__v0_slot04	RTTI:00841a2c	HandFireArmsTemplate__v0_slot04
005b5ef0	gameplay	HandFireArmsTemplate__v0_slot11	RTTI:00841a2c	HandFireArmsTemplate__v0_slot11
005b5f30	gameplay	HandFireArmsTemplate__v116_slot00	RTTI:00841a20	HandFireArmsTemplate__v116_slot00
005b5f40	gameplay	HandFireArmsTemplate__v400_slot00	RTTI:008419f4	HandFireArmsTemplate__v400_slot00
005b5f50	gameplay	HandFireArmsTemplate__v400_slot03	RTTI:008419f4	HandFireArmsTemplate__v400_slot03
005b5f60	gameplay	HandFireArmsTemplate__v1424_slot00	RTTI:008419d0	HandFireArmsTemplate__v1424_slot00
005b5f70	gameplay	HandFireArmsTemplate__v1424_slot03	RTTI:008419d0	HandFireArmsTemplate__v1424_slot03
005b5f80	gameplay	HandFireArmsTemplate__v0_slot01	RTTI:00841a2c	HandFireArmsTemplate__v0_slot01
005b5f90	gameplay	HandFireArmsTemplate__v0_slot02	RTTI:00841a2c	HandFireArmsTemplate__v0_slot02
005b5fb0	gameplay	HandFireArmsTemplate__v400_slot01	RTTI:008419f4	HandFireArmsTemplate__v400_slot01
005b5fc0	gameplay	HandFireArmsTemplate__v400_slot02	RTTI:008419f4	HandFireArmsTemplate__v400_slot02
005b5fd0	gameplay	HandFireArmsTemplate__v1424_slot01	RTTI:008419d0	HandFireArmsTemplate__v1424_slot01
005b5fe0	gameplay	HandFireArmsTemplate__v1424_slot02	RTTI:008419d0	HandFireArmsTemplate__v1424_slot02
005b5ff0	gameplay	HandFireArmsTemplate__v0_slot12	RTTI:00841a2c	HandFireArmsTemplate__v0_slot12
005b6020	gameplay	HandFireArmsTemplate__v0_slot00	RTTI:00841a2c	HandFireArmsTemplate__v0_slot00
005b7350	gameplay	PlayerControlObject__v0_slot01	RTTI:00837acc	PlayerControlObject__v0_slot01;ControlPoint__v0_slot01;BFSpawnPoint__v0_slot01;SpawnPoint__v0_slot01
005bcb60	gameplay	ProjectileTemplate__v0_slot03	RTTI:008372fc	ProjectileTemplate__v0_slot03;ClusterProjectileTemplate__v0_slot03
005bcbf0	gameplay	ControlPointTemplate__v0_slot01	RTTI:0083839c	ControlPointTemplate__v0_slot01
005bce70	gameplay	ProjectileTemplate__v400_slot03	RTTI:008372c0	ProjectileTemplate__v400_slot03;ClusterProjectileTemplate__v400_slot03
005bcf50	gameplay	ControlPointTemplate__v400_slot01	RTTI:00838364	ControlPointTemplate__v400_slot01
005bcf60	gameplay	ControlPointTemplate__v400_slot02	RTTI:00838364	ControlPointTemplate__v400_slot02
005bd5b0	gameplay	PlayerControlObjectTemplate__v428_slot69	RTTI:008377ec	PlayerControlObjectTemplate__v428_slot69
005c6890	gameplay	PointPhysicsNode__v0_slot51	RTTI:0084704c	PointPhysicsNode__v0_slot51
005c68a0	gameplay	PointPhysicsNode__v0_slot52	RTTI:0084704c	PointPhysicsNode__v0_slot52
005c9850	gameplay	PhysicsNode__v0_slot58	RTTI:00846914	PhysicsNode__v0_slot58;PhysicsEngine__v0_slot58;PhysicsFloatingBundle__v0_slot58;PhysicsSpring__v0_slot58;PhysicsWing__v0_slot58;PhysicsWinch__v0_slot58
005c99e0	gameplay	StaticPhysicsNode__v0_slot16	RTTI:00846e1c	StaticPhysicsNode__v0_slot16;PointPhysicsNode__v0_slot16
005c9a10	gameplay	StaticPhysicsNode__v0_slot17	RTTI:00846e1c	StaticPhysicsNode__v0_slot17;PointPhysicsNode__v0_slot17
005c9a30	gameplay	PhysicsNode__v0_slot16	RTTI:00846914	PhysicsNode__v0_slot16;PhysicsEngine__v0_slot16;PhysicsFloatingBundle__v0_slot16;PhysicsSpring__v0_slot16;PhysicsWing__v0_slot16;PhysicsWinch__v0_slot16
005c9b80	gameplay	PhysicsNode__v0_slot03	RTTI:00846914	PhysicsNode__v0_slot03;StaticPhysicsNode__v0_slot03;PointPhysicsNode__v0_slot03;PhysicsEngine__v0_slot03;PhysicsFloatingBundle__v0_slot03;PhysicsSpring__v0_slot03;PhysicsWing__v0_slot03;PhysicsWinch__v0_slot03
005c9bb0	gameplay	PhysicsNode__v0_slot19	RTTI:00846914	PhysicsNode__v0_slot19;PointPhysicsNode__v0_slot19;PhysicsEngine__v0_slot19;PhysicsFloatingBundle__v0_slot19;PhysicsSpring__v0_slot19;PhysicsWing__v0_slot19;PhysicsWinch__v0_slot19
005c9bd0	gameplay	PhysicsNode__v0_slot20	RTTI:00846914	PhysicsNode__v0_slot20;PointPhysicsNode__v0_slot23;PhysicsEngine__v0_slot20;PhysicsFloatingBundle__v0_slot20;PhysicsSpring__v0_slot20;PhysicsWing__v0_slot20;PhysicsWinch__v0_slot20
005c9bf0	gameplay	PhysicsNode__v0_slot23	RTTI:00846914	PhysicsNode__v0_slot23;PointPhysicsNode__v0_slot25;PhysicsEngine__v0_slot23;PhysicsFloatingBundle__v0_slot23;PhysicsSpring__v0_slot23;PhysicsWing__v0_slot23;PhysicsWinch__v0_slot23
005c9c10	gameplay	PhysicsNode__v0_slot24	RTTI:00846914	PhysicsNode__v0_slot24;PhysicsEngine__v0_slot24;PhysicsFloatingBundle__v0_slot24;PhysicsSpring__v0_slot24;PhysicsWing__v0_slot24;PhysicsWinch__v0_slot24
005c9c30	gameplay	PhysicsNode__v0_slot25	RTTI:00846914	PhysicsNode__v0_slot25;PhysicsEngine__v0_slot25;PhysicsFloatingBundle__v0_slot25;PhysicsSpring__v0_slot25;PhysicsWing__v0_slot25;PhysicsWinch__v0_slot25
005c9c50	gameplay	PhysicsNode__v0_slot26	RTTI:00846914	PhysicsNode__v0_slot26;PhysicsEngine__v0_slot26;PhysicsFloatingBundle__v0_slot26;PhysicsSpring__v0_slot26;PhysicsWing__v0_slot26;PhysicsWinch__v0_slot26
005c9c70	gameplay	PhysicsNode__v0_slot41	RTTI:00846914	PhysicsNode__v0_slot41;PhysicsEngine__v0_slot41;PhysicsFloatingBundle__v0_slot41;PhysicsSpring__v0_slot41;PhysicsWing__v0_slot41;PhysicsWinch__v0_slot41
005c9c80	gameplay	PhysicsNode__v0_slot42	RTTI:00846914	PhysicsNode__v0_slot42;PhysicsEngine__v0_slot42;PhysicsFloatingBundle__v0_slot42;PhysicsSpring__v0_slot42;PhysicsWing__v0_slot42;PhysicsWinch__v0_slot42
005c9c90	gameplay	PhysicsNode__v0_slot43	RTTI:00846914	PhysicsNode__v0_slot43;PhysicsEngine__v0_slot43;PhysicsFloatingBundle__v0_slot43;PhysicsSpring__v0_slot43;PhysicsWing__v0_slot43;PhysicsWinch__v0_slot43
005c9ca0	gameplay	PhysicsNode__v0_slot44	RTTI:00846914	PhysicsNode__v0_slot44;PhysicsEngine__v0_slot44;PhysicsFloatingBundle__v0_slot44;PhysicsSpring__v0_slot44;PhysicsWing__v0_slot44;PhysicsWinch__v0_slot44
005c9cb0	gameplay	PhysicsNode__v0_slot45	RTTI:00846914	PhysicsNode__v0_slot45;PhysicsEngine__v0_slot45;PhysicsFloatingBundle__v0_slot45;PhysicsSpring__v0_slot45;PhysicsWing__v0_slot45;PhysicsWinch__v0_slot45
005c9cd0	gameplay	PhysicsNode__v0_slot47	RTTI:00846914	PhysicsNode__v0_slot47;PhysicsEngine__v0_slot47;PhysicsFloatingBundle__v0_slot47;PhysicsSpring__v0_slot47;PhysicsWing__v0_slot47;PhysicsWinch__v0_slot47
005c9cf0	gameplay	PhysicsNode__v0_slot48	RTTI:00846914	PhysicsNode__v0_slot48;PhysicsEngine__v0_slot48;PhysicsFloatingBundle__v0_slot48;PhysicsSpring__v0_slot48;PhysicsWing__v0_slot48;PhysicsWinch__v0_slot48
005c9d00	gameplay	PhysicsNode__v0_slot38	RTTI:00846914	PhysicsNode__v0_slot38;PhysicsEngine__v0_slot38;PhysicsFloatingBundle__v0_slot38;PhysicsSpring__v0_slot38;PhysicsWing__v0_slot38;PhysicsWinch__v0_slot38
005c9d20	gameplay	PhysicsNode__v0_slot49	RTTI:00846914	PhysicsNode__v0_slot49;PhysicsEngine__v0_slot49;PhysicsFloatingBundle__v0_slot49;PhysicsSpring__v0_slot49;PhysicsWing__v0_slot49;PhysicsWinch__v0_slot49
005c9d30	gameplay	PhysicsNode__v0_slot50	RTTI:00846914	PhysicsNode__v0_slot50;PhysicsEngine__v0_slot50;PhysicsFloatingBundle__v0_slot50;PhysicsSpring__v0_slot50;PhysicsWing__v0_slot50;PhysicsWinch__v0_slot50
005c9d40	gameplay	PhysicsNode__v0_slot51	RTTI:00846914	PhysicsNode__v0_slot51;PhysicsEngine__v0_slot51;PhysicsFloatingBundle__v0_slot51;PhysicsSpring__v0_slot51;PhysicsWing__v0_slot51;PhysicsWinch__v0_slot51
005c9d50	gameplay	PhysicsNode__v0_slot52	RTTI:00846914	PhysicsNode__v0_slot52;PhysicsEngine__v0_slot52;PhysicsFloatingBundle__v0_slot52;PhysicsSpring__v0_slot52;PhysicsWing__v0_slot52;PhysicsWinch__v0_slot52
005c9d60	gameplay	PhysicsNode__v0_slot54	RTTI:00846914	PhysicsNode__v0_slot54;PhysicsEngine__v0_slot54;PhysicsFloatingBundle__v0_slot54;PhysicsSpring__v0_slot54;PhysicsWing__v0_slot54;PhysicsWinch__v0_slot54
005c9da0	gameplay	PlayerControlObjectTemplate__v428_slot05	RTTI:008377ec	PlayerControlObjectTemplate__v428_slot05
005c9db0	gameplay	PhysicsNode__v0_slot56	RTTI:00846914	PhysicsNode__v0_slot56;PhysicsEngine__v0_slot56;PhysicsFloatingBundle__v0_slot56;PhysicsSpring__v0_slot56;PhysicsWing__v0_slot56;PhysicsWinch__v0_slot56
005c9dc0	gameplay	PhysicsNode__v0_slot57	RTTI:00846914	PhysicsNode__v0_slot57;PhysicsEngine__v0_slot57;PhysicsFloatingBundle__v0_slot57;PhysicsSpring__v0_slot57;PhysicsWing__v0_slot57;PhysicsWinch__v0_slot57
005c9dd0	gameplay	PhysicsNode__v0_slot59	RTTI:00846914	PhysicsNode__v0_slot59;PhysicsEngine__v0_slot59;PhysicsFloatingBundle__v0_slot59;PhysicsSpring__v0_slot59;PhysicsWing__v0_slot59;PhysicsWinch__v0_slot59
005c9e00	gameplay	PhysicsNode__v0_slot55	RTTI:00846914	PhysicsNode__v0_slot55;PhysicsEngine__v0_slot55;PhysicsFloatingBundle__v0_slot55;PhysicsSpring__v0_slot55;PhysicsWing__v0_slot55;PhysicsWinch__v0_slot55
005c9ef0	gameplay	PhysicsNode__v0_slot22	RTTI:00846914	PhysicsNode__v0_slot22;PhysicsEngine__v0_slot22;PhysicsFloatingBundle__v0_slot22;PhysicsSpring__v0_slot22;PhysicsWing__v0_slot22;PhysicsWinch__v0_slot22
005c9f20	gameplay	PhysicsNode__v0_slot33	RTTI:00846914	PhysicsNode__v0_slot33;PhysicsEngine__v0_slot33;PhysicsFloatingBundle__v0_slot33;PhysicsSpring__v0_slot33;PhysicsWing__v0_slot33;PhysicsWinch__v0_slot33
005c9fc0	gameplay	PhysicsNode__v0_slot28	RTTI:00846914	PhysicsNode__v0_slot28;PhysicsEngine__v0_slot28;PhysicsFloatingBundle__v0_slot28;PhysicsSpring__v0_slot28;PhysicsWing__v0_slot28;PhysicsWinch__v0_slot28
005ca530	gameplay	PhysicsNode__v0_slot15	RTTI:00846914	PhysicsNode__v0_slot15;PhysicsEngine__v0_slot15;PhysicsFloatingBundle__v0_slot15;PhysicsSpring__v0_slot15;PhysicsWing__v0_slot15;PhysicsWinch__v0_slot15
005ca580	gameplay	PhysicsNode__v0_slot18	RTTI:00846914	PhysicsNode__v0_slot18;PhysicsEngine__v0_slot18;PhysicsFloatingBundle__v0_slot18;PhysicsSpring__v0_slot18;PhysicsWing__v0_slot18;PhysicsWinch__v0_slot18
005ca5d0	gameplay	PhysicsNode__v0_slot32	RTTI:00846914	PhysicsNode__v0_slot32;PhysicsEngine__v0_slot32;PhysicsFloatingBundle__v0_slot32;PhysicsSpring__v0_slot32;PhysicsWing__v0_slot32;PhysicsWinch__v0_slot32
005ca6b0	gameplay	PhysicsNode__v0_slot17	RTTI:00846914	PhysicsNode__v0_slot17;PhysicsEngine__v0_slot17;PhysicsFloatingBundle__v0_slot17;PhysicsSpring__v0_slot17;PhysicsWing__v0_slot17;PhysicsWinch__v0_slot17
005ca790	gameplay	PhysicsNode__v0_slot27	RTTI:00846914	PhysicsNode__v0_slot27;PhysicsEngine__v0_slot27;PhysicsFloatingBundle__v0_slot27;PhysicsSpring__v0_slot27;PhysicsWing__v0_slot27;PhysicsWinch__v0_slot27
005ca840	gameplay	PhysicsNode__v0_slot29	RTTI:00846914	PhysicsNode__v0_slot29;PhysicsEngine__v0_slot29;PhysicsFloatingBundle__v0_slot29;PhysicsSpring__v0_slot29;PhysicsWing__v0_slot29;PhysicsWinch__v0_slot29
005ca910	gameplay	PhysicsNode__v0_slot30	RTTI:00846914	PhysicsNode__v0_slot30;PhysicsEngine__v0_slot30;PhysicsFloatingBundle__v0_slot30;PhysicsSpring__v0_slot30;PhysicsWing__v0_slot30;PhysicsWinch__v0_slot30
005cb2e0	gameplay	PhysicsNode__v0_slot40	RTTI:00846914	PhysicsNode__v0_slot40
005cb620	gameplay	PhysicsNode__v0_slot10	RTTI:00846914	PhysicsNode__v0_slot10;PhysicsEngine__v0_slot10;PhysicsFloatingBundle__v0_slot10;PhysicsSpring__v0_slot10;PhysicsWing__v0_slot10;PhysicsWinch__v0_slot10
005cb650	gameplay	PhysicsNode__v0_slot13	RTTI:00846914	PhysicsNode__v0_slot13;PhysicsEngine__v0_slot13;PhysicsFloatingBundle__v0_slot13;PhysicsSpring__v0_slot13;PhysicsWing__v0_slot13;PhysicsWinch__v0_slot13
005cb6d0	gameplay	PhysicsNode__v0_slot31	RTTI:00846914	PhysicsNode__v0_slot31;PhysicsEngine__v0_slot31;PhysicsFloatingBundle__v0_slot31;PhysicsSpring__v0_slot31;PhysicsWing__v0_slot31;PhysicsWinch__v0_slot31
005cb8c0	gameplay	ResponsePhysics__v0_slot20	RTTI:00846a8c	ResponsePhysics__v0_slot20
005cb8e0	gameplay	ResponsePhysics__v0_slot19	RTTI:00846a8c	ResponsePhysics__v0_slot19
005cb900	gameplay	ResponsePhysics__v0_slot18	RTTI:00846a8c	ResponsePhysics__v0_slot18
005cb910	gameplay	ResponsePhysics__v0_slot22	RTTI:00846a8c	ResponsePhysics__v0_slot22
005cb920	gameplay	ResponsePhysics__v0_slot05	RTTI:00846a8c	ResponsePhysics__v0_slot05;StaticResponsePhysics__v0_slot05;PointResponsePhysics__v0_slot05
005cb9a0	gameplay	ResponsePhysics__v0_slot21	RTTI:00846a8c	ResponsePhysics__v0_slot21;StaticResponsePhysics__v0_slot21
005cb9f0	gameplay	ResponsePhysics__v0_slot23	RTTI:00846a8c	ResponsePhysics__v0_slot23
005cba80	gameplay	ResponsePhysics__v0_slot24	RTTI:00846a8c	ResponsePhysics__v0_slot24
005cbb30	gameplay	ResponsePhysics__v0_slot33	RTTI:00846a8c	ResponsePhysics__v0_slot33;StaticResponsePhysics__v0_slot33;PointResponsePhysics__v0_slot33
005cbd70	gameplay	ResponsePhysics__v0_slot03	RTTI:00846a8c	ResponsePhysics__v0_slot03;StaticResponsePhysics__v0_slot03;PointResponsePhysics__v0_slot03
005cbda0	gameplay	ResponsePhysics__v0_slot11	RTTI:00846a8c	ResponsePhysics__v0_slot11
005cbdb0	gameplay	ResponsePhysics__v0_slot13	RTTI:00846a8c	ResponsePhysics__v0_slot13
005cbdd0	gameplay	ResponsePhysics__v0_slot14	RTTI:00846a8c	ResponsePhysics__v0_slot14
005cbdf0	gameplay	ResponsePhysics__v0_slot15	RTTI:00846a8c	ResponsePhysics__v0_slot15
005cbe00	gameplay	ResponsePhysics__v0_slot26	RTTI:00846a8c	ResponsePhysics__v0_slot26
005cbe10	gameplay	ResponsePhysics__v0_slot27	RTTI:00846a8c	ResponsePhysics__v0_slot27
005cbe40	gameplay	ResponsePhysics__v0_slot28	RTTI:00846a8c	ResponsePhysics__v0_slot28
005cbe50	gameplay	ResponsePhysics__v0_slot29	RTTI:00846a8c	ResponsePhysics__v0_slot29
005cbe60	gameplay	ResponsePhysics__v0_slot32	RTTI:00846a8c	ResponsePhysics__v0_slot32
005cbe70	gameplay	ResponsePhysics__v0_slot30	RTTI:00846a8c	ResponsePhysics__v0_slot30
005cbe90	gameplay	ResponsePhysics__v0_slot31	RTTI:00846a8c	ResponsePhysics__v0_slot31
005cbea0	gameplay	ResponsePhysics__v0_slot02	RTTI:00846a8c	ResponsePhysics__v0_slot02;StaticResponsePhysics__v0_slot02;PointResponsePhysics__v0_slot02
005cbec0	gameplay	ResponsePhysics__v0_slot00	RTTI:00846a8c	ResponsePhysics__v0_slot00
005cbfa0	gameplay	ResponsePhysics__v0_slot06	RTTI:00846a8c	ResponsePhysics__v0_slot06
005cc030	gameplay	ResponsePhysics__v0_slot07	RTTI:00846a8c	ResponsePhysics__v0_slot07
005cc520	gameplay	ResponsePhysics__v0_slot16	RTTI:00846a8c	ResponsePhysics__v0_slot16
005cc550	gameplay	ResponsePhysics__v0_slot10	RTTI:00846a8c	ResponsePhysics__v0_slot10
005ccf90	gameplay	ResponsePhysics__v0_slot08	RTTI:00846a8c	ResponsePhysics__v0_slot08
005cd690	gameplay	ResponsePhysics__v0_slot09	RTTI:00846a8c	ResponsePhysics__v0_slot09
005ce930	gameplay	ResponsePhysics__v0_slot25	RTTI:00846a8c	ResponsePhysics__v0_slot25
005cf650	gameplay	ResponsePhysics__v0_slot17	RTTI:00846a8c	ResponsePhysics__v0_slot17
005cf6f0	gameplay	BasicPhysicsSystem__v0_slot07	RTTI:00846b94	BasicPhysicsSystem__v0_slot07
005cf710	gameplay	BasicPhysicsSystem__v0_slot08	RTTI:00846b94	BasicPhysicsSystem__v0_slot08
005cf730	gameplay	BasicPhysicsSystem__v0_slot09	RTTI:00846b94	BasicPhysicsSystem__v0_slot09
005cf740	gameplay	BasicPhysicsSystem__v0_slot10	RTTI:00846b94	BasicPhysicsSystem__v0_slot10
005cf790	gameplay	BasicPhysicsSystem__v0_slot03	RTTI:00846b94	BasicPhysicsSystem__v0_slot03
005cf7c0	gameplay	BasicPhysicsSystem__v0_slot11	RTTI:00846b94	BasicPhysicsSystem__v0_slot11
005cf8f0	gameplay	PhysicsNodeManager__v0_slot05	RTTI:00846bec	PhysicsNodeManager__v0_slot05
005cf940	gameplay	PhysicsNodeManager__v0_slot06	RTTI:00846bec	PhysicsNodeManager__v0_slot06
005cfa20	gameplay	PhysicsNodeManager__v0_slot03	RTTI:00846bec	PhysicsNodeManager__v0_slot03
005cfa50	gameplay	PhysicsNodeManager__v0_slot00	RTTI:00846bec	PhysicsNodeManager__v0_slot00
005cfa80	gameplay	PhysicsNodeManager__v0_slot07	RTTI:00846bec	PhysicsNodeManager__v0_slot07
005cfe00	gameplay	PhysicsNodeManager__v0_slot04	RTTI:00846bec	PhysicsNodeManager__v0_slot04
005cfed0	gameplay	ResponsePhysicsManager__v0_slot03	RTTI:00846cec	ResponsePhysicsManager__v0_slot03
005d0020	gameplay	ResponsePhysicsManager__v0_slot04	RTTI:00846cec	ResponsePhysicsManager__v0_slot04
005d0080	gameplay	ResponsePhysicsManager__v0_slot05	RTTI:00846cec	ResponsePhysicsManager__v0_slot05
005d0860	gameplay	ResponsePhysicsManager__v0_slot06	RTTI:00846cec	ResponsePhysicsManager__v0_slot06
005d0b30	gameplay	StaticResponsePhysics__v0_slot20	RTTI:00846d54	StaticResponsePhysics__v0_slot20
005d0b50	gameplay	StaticResponsePhysics__v0_slot19	RTTI:00846d54	StaticResponsePhysics__v0_slot19
005d0b70	gameplay	StaticResponsePhysics__v0_slot18	RTTI:00846d54	StaticResponsePhysics__v0_slot18
005d0b80	gameplay	StaticResponsePhysics__v0_slot22	RTTI:00846d54	StaticResponsePhysics__v0_slot22
005d0b90	gameplay	StaticResponsePhysics__v0_slot23	RTTI:00846d54	StaticResponsePhysics__v0_slot23
005d0c20	gameplay	StaticResponsePhysics__v0_slot24	RTTI:00846d54	StaticResponsePhysics__v0_slot24
005d0d50	gameplay	StaticResponsePhysics__v0_slot15	RTTI:00846d54	StaticResponsePhysics__v0_slot15;PointResponsePhysics__v0_slot15
005d0d60	gameplay	StaticResponsePhysics__v0_slot26	RTTI:00846d54	StaticResponsePhysics__v0_slot26
005d0d70	gameplay	StaticResponsePhysics__v0_slot00	RTTI:00846d54	StaticResponsePhysics__v0_slot00
005d0da0	gameplay	StaticResponsePhysics__v0_slot31	RTTI:00846d54	StaticResponsePhysics__v0_slot31;StaticResponsePhysics__v0_slot32
005d0de0	gameplay	StaticResponsePhysics__v0_slot16	RTTI:00846d54	StaticResponsePhysics__v0_slot16
005d0e60	gameplay	StaticResponsePhysics__v0_slot17	RTTI:00846d54	StaticResponsePhysics__v0_slot17
005d0f10	gameplay	PhysicsNode__v0_slot07	RTTI:00846914	PhysicsNode__v0_slot07;StaticPhysicsNode__v0_slot07;PhysicsEngine__v0_slot07;PhysicsFloatingBundle__v0_slot07;PhysicsSpring__v0_slot07;PhysicsWing__v0_slot07;PhysicsWinch__v0_slot07
005d0f60	gameplay	StaticPhysicsNode__v0_slot44	RTTI:00846e1c	StaticPhysicsNode__v0_slot44
005d0f70	gameplay	StaticPhysicsNode__v0_slot50	RTTI:00846e1c	StaticPhysicsNode__v0_slot50
005d0f80	gameplay	StaticPhysicsNode__v0_slot00	RTTI:00846e1c	StaticPhysicsNode__v0_slot00
005d0fb0	gameplay	StaticPhysicsNode__v0_slot48	RTTI:00846e1c	StaticPhysicsNode__v0_slot48;PointPhysicsNode__v0_slot48
005d0ff0	gameplay	StaticPhysicsNode__v0_slot32	RTTI:00846e1c	StaticPhysicsNode__v0_slot32;StaticPhysicsNode__v0_slot33
005d1070	gameplay	PointResponsePhysics__v0_slot22	RTTI:00846f84	PointResponsePhysics__v0_slot22
005d1080	gameplay	StaticResponsePhysics__v0_slot07	RTTI:00846d54	StaticResponsePhysics__v0_slot07;PointResponsePhysics__v0_slot07
005d1090	gameplay	PointResponsePhysics__v0_slot23	RTTI:00846f84	PointResponsePhysics__v0_slot23
005d1120	gameplay	PointResponsePhysics__v0_slot24	RTTI:00846f84	PointResponsePhysics__v0_slot24
005d1220	gameplay	PointResponsePhysics__v0_slot12	RTTI:00846f84	PointResponsePhysics__v0_slot12
005d1230	gameplay	StaticResponsePhysics__v0_slot13	RTTI:00846d54	StaticResponsePhysics__v0_slot13;PointResponsePhysics__v0_slot13
005d1250	gameplay	StaticResponsePhysics__v0_slot14	RTTI:00846d54	StaticResponsePhysics__v0_slot14;PointResponsePhysics__v0_slot14
005d1270	gameplay	PointResponsePhysics__v0_slot26	RTTI:00846f84	PointResponsePhysics__v0_slot26
005d1280	gameplay	ResponsePhysics__v0_slot01	RTTI:00846a8c	ResponsePhysics__v0_slot01;StaticResponsePhysics__v0_slot01;PointResponsePhysics__v0_slot01
005d1290	gameplay	PointResponsePhysics__v0_slot00	RTTI:00846f84	PointResponsePhysics__v0_slot00
005d12c0	gameplay	PointResponsePhysics__v0_slot31	RTTI:00846f84	PointResponsePhysics__v0_slot31;PointResponsePhysics__v0_slot32
005d1300	gameplay	PointResponsePhysics__v0_slot08	RTTI:00846f84	PointResponsePhysics__v0_slot08
005d13c0	gameplay	PointResponsePhysics__v0_slot10	RTTI:00846f84	PointResponsePhysics__v0_slot10
005d1890	gameplay	PointResponsePhysics__v0_slot25	RTTI:00846f84	PointResponsePhysics__v0_slot25
005d1cd0	gameplay	StaticPhysicsNode__v0_slot10	RTTI:00846e1c	StaticPhysicsNode__v0_slot10;PointPhysicsNode__v0_slot10
005d1ce0	gameplay	PhysicsNode__v0_slot09	RTTI:00846914	PhysicsNode__v0_slot09;StaticPhysicsNode__v0_slot09;PointPhysicsNode__v0_slot09;PhysicsEngine__v0_slot09;PhysicsFloatingBundle__v0_slot09;PhysicsSpring__v0_slot09;PhysicsWing__v0_slot09;PhysicsWinch__v0_slot09
005d1cf0	gameplay	PhysicsNode__v0_slot11	RTTI:00846914	PhysicsNode__v0_slot11;StaticPhysicsNode__v0_slot11;PointPhysicsNode__v0_slot11;PhysicsEngine__v0_slot11;PhysicsFloatingBundle__v0_slot11;PhysicsSpring__v0_slot11;PhysicsWing__v0_slot11;PhysicsWinch__v0_slot11
005d1d00	gameplay	PhysicsNode__v0_slot12	RTTI:00846914	PhysicsNode__v0_slot12;StaticPhysicsNode__v0_slot12;PointPhysicsNode__v0_slot12;PhysicsEngine__v0_slot12;PhysicsFloatingBundle__v0_slot12;PhysicsSpring__v0_slot12;PhysicsWing__v0_slot12;PhysicsWinch__v0_slot12
005d1d10	gameplay	StaticPhysicsNode__v0_slot13	RTTI:00846e1c	StaticPhysicsNode__v0_slot13;PointPhysicsNode__v0_slot13
005d1d20	gameplay	PhysicsNode__v0_slot14	RTTI:00846914	PhysicsNode__v0_slot14;StaticPhysicsNode__v0_slot14;PointPhysicsNode__v0_slot14;PhysicsEngine__v0_slot14;PhysicsFloatingBundle__v0_slot14;PhysicsSpring__v0_slot14;PhysicsWing__v0_slot14;PhysicsWinch__v0_slot14
005d1d30	gameplay	PhysicsNode__v0_slot08	RTTI:00846914	PhysicsNode__v0_slot08;StaticPhysicsNode__v0_slot08;PointPhysicsNode__v0_slot08;PhysicsEngine__v0_slot08;PhysicsFloatingBundle__v0_slot08;PhysicsSpring__v0_slot08;PhysicsWing__v0_slot08;PhysicsWinch__v0_slot08
005d1d40	gameplay	PointPhysicsNode__v0_slot32	RTTI:0084704c	PointPhysicsNode__v0_slot32;PointPhysicsNode__v0_slot33
005d1d70	gameplay	PointPhysicsNode__v0_slot58	RTTI:0084704c	PointPhysicsNode__v0_slot58
005d1de0	gameplay	PointPhysicsNode__v0_slot56	RTTI:0084704c	PointPhysicsNode__v0_slot56
005d1df0	gameplay	PointPhysicsNode__v0_slot57	RTTI:0084704c	PointPhysicsNode__v0_slot57
005d1e10	gameplay	PointPhysicsNode__v0_slot00	RTTI:0084704c	PointPhysicsNode__v0_slot00
005d1e40	gameplay	PointPhysicsNode__v0_slot55	RTTI:0084704c	PointPhysicsNode__v0_slot55
005d1e60	gameplay	PhysicsNode__v0_slot21	RTTI:00846914	PhysicsNode__v0_slot21;PointPhysicsNode__v0_slot21;PhysicsEngine__v0_slot21;PhysicsFloatingBundle__v0_slot21;PhysicsSpring__v0_slot21;PhysicsWing__v0_slot21;PhysicsWinch__v0_slot21
005d1e90	gameplay	PointPhysicsNode__v0_slot27	RTTI:0084704c	PointPhysicsNode__v0_slot27;PointPhysicsNode__v0_slot28
005d1ec0	gameplay	PointPhysicsNode__v0_slot29	RTTI:0084704c	PointPhysicsNode__v0_slot29;PointPhysicsNode__v0_slot30
005d1ef0	gameplay	StaticPhysicsNode__v0_slot15	RTTI:00846e1c	StaticPhysicsNode__v0_slot15;StaticPhysicsNode__v0_slot18;StaticPhysicsNode__v0_slot34;StaticPhysicsNode__v0_slot35;StaticPhysicsNode__v0_slot36;StaticPhysicsNode__v0_slot37;StaticPhysicsNode__v0_slot39;StaticPhysicsNode__v0_slot46;PointPhysicsNode__v0_slot18;PointPhysicsNode__v0_slot35;PointPhysicsNode__v0_slot37;PointPhysicsNode__v0_slot39;PointPhysicsNode__v0_slot46
005d2240	gameplay	PointPhysicsNode__v0_slot40	RTTI:0084704c	PointPhysicsNode__v0_slot40
005d6f10	gameplay	SpawnPoint__v344_slot06	RTTI:008476e4	SpawnPoint__v344_slot06
005d6f30	gameplay	SpawnPoint__v0_slot14	RTTI:00847714	SpawnPoint__v0_slot14
005d70b0	gameplay	BFSpawnPoint__v0_slot03	RTTI:008202b4	BFSpawnPoint__v0_slot03;SpawnPoint__v0_slot03
005d70f0	gameplay	BFSpawnPoint__v344_slot08	RTTI:00820280	BFSpawnPoint__v344_slot08;SpawnPoint__v344_slot08
005d7100	gameplay	BFSpawnPoint__v344_slot09	RTTI:00820280	BFSpawnPoint__v344_slot09;SpawnPoint__v344_slot09
005d7110	gameplay	BFSpawnPoint__v344_slot10	RTTI:00820280	BFSpawnPoint__v344_slot10;SpawnPoint__v344_slot10
005d7120	gameplay	BFSpawnPoint__v344_slot03	RTTI:00820280	BFSpawnPoint__v344_slot03;SpawnPoint__v344_slot03
005d7130	gameplay	BFSpawnPoint__v0_slot00	RTTI:008202b4	BFSpawnPoint__v0_slot00;SpawnPoint__v0_slot00
005d7170	gameplay	SpawnPoint__v344_slot05	RTTI:008476e4	SpawnPoint__v344_slot05
005d7cc0	gameplay	PhysicsEngine__v0_slot01	RTTI:00847934	PhysicsEngine__v0_slot01;PhysicsFloatingBundle__v0_slot01;PhysicsSpring__v0_slot01;PhysicsWing__v0_slot01;PhysicsWinch__v0_slot01
005d7f50	gameplay	PhysicsEngine__v0_slot40	RTTI:00847934	PhysicsEngine__v0_slot40
005d8b00	gameplay	PhysicsFloatingBundle__v0_slot40	RTTI:00847b94	PhysicsFloatingBundle__v0_slot40
005d91c0	gameplay	PhysicsSpring__v0_slot40	RTTI:00847ddc	PhysicsSpring__v0_slot40
005d9c90	gameplay	PhysicsWing__v0_slot40	RTTI:0084803c	PhysicsWing__v0_slot40
005da290	gameplay	NetworkableInfo__v0_slot03	RTTI:0084826c	NetworkableInfo__v0_slot03
005da2d0	gameplay	NetworkableInfo__v0_slot10	RTTI:0084826c	NetworkableInfo__v0_slot10
005da300	gameplay	NetworkableInfo__v0_slot18	RTTI:0084826c	NetworkableInfo__v0_slot18
005da310	gameplay	NetworkableInfo__v0_slot19	RTTI:0084826c	NetworkableInfo__v0_slot19
005da320	gameplay	NetworkableInfo__v0_slot20	RTTI:0084826c	NetworkableInfo__v0_slot20
005da330	gameplay	NetworkableInfo__v0_slot21	RTTI:0084826c	NetworkableInfo__v0_slot21
005da340	gameplay	NetworkableInfo__v0_slot22	RTTI:0084826c	NetworkableInfo__v0_slot22
005da350	gameplay	NetworkableInfo__v0_slot23	RTTI:0084826c	NetworkableInfo__v0_slot23
005da360	gameplay	NetworkableInfo__v0_slot12	RTTI:0084826c	NetworkableInfo__v0_slot12
005da370	gameplay	NetworkableInfo__v0_slot13	RTTI:0084826c	NetworkableInfo__v0_slot13
005da380	gameplay	NetworkableInfo__v0_slot14	RTTI:0084826c	NetworkableInfo__v0_slot14
005da390	gameplay	NetworkableInfo__v0_slot15	RTTI:0084826c	NetworkableInfo__v0_slot15
005da3a0	gameplay	NetworkableInfo__v0_slot00	RTTI:0084826c	NetworkableInfo__v0_slot00
005da3d0	gameplay	NetworkableInfo__v0_slot04	RTTI:0084826c	NetworkableInfo__v0_slot04
005dbc20	gameplay	PhysicsEngine__v0_slot02	RTTI:00847934	PhysicsEngine__v0_slot02;PhysicsFloatingBundle__v0_slot02;PhysicsSpring__v0_slot02;PhysicsWing__v0_slot02;PhysicsWinch__v0_slot02
005dbc40	gameplay	PhysicsNode__v0_slot00	RTTI:00846914	PhysicsNode__v0_slot00;PhysicsEngine__v0_slot00;PhysicsFloatingBundle__v0_slot00;PhysicsSpring__v0_slot00;PhysicsWing__v0_slot00;PhysicsWinch__v0_slot00
005dccc0	gameplay	PhysicsWinch__v0_slot40	RTTI:00848404	PhysicsWinch__v0_slot40
005ddf40	gameplay	PointPhysicsNode__v0_slot42	RTTI:0084704c	PointPhysicsNode__v0_slot42
006019b0	gameplay	ControlPointTemplate__v0_slot02	RTTI:0083839c	ControlPointTemplate__v0_slot02
00603cc0	gameplay	PlayerControlObject__v344_slot17	RTTI:00837a04	PlayerControlObject__v344_slot17
00603d70	gameplay	PlayerControlObject__v344_slot06	RTTI:00837a04	PlayerControlObject__v344_slot06;NetworkableInfo__v0_slot16
00607830	gameplay	PointPhysicsNode__v0_slot34	RTTI:0084704c	PointPhysicsNode__v0_slot34
00607880	gameplay	PhysicsNode__v0_slot46	RTTI:00846914	PhysicsNode__v0_slot46;PhysicsEngine__v0_slot46;PhysicsFloatingBundle__v0_slot46;PhysicsSpring__v0_slot46;PhysicsWing__v0_slot46;PhysicsWinch__v0_slot46
00607890	gameplay	PhysicsNode__v0_slot35	RTTI:00846914	PhysicsNode__v0_slot35;PhysicsEngine__v0_slot35;PhysicsFloatingBundle__v0_slot35;PhysicsSpring__v0_slot35;PhysicsWing__v0_slot35;PhysicsWinch__v0_slot35
006078b0	gameplay	PhysicsNode__v0_slot34	RTTI:00846914	PhysicsNode__v0_slot34;PointPhysicsNode__v0_slot36;PhysicsEngine__v0_slot34;PhysicsFloatingBundle__v0_slot34;PhysicsSpring__v0_slot34;PhysicsWing__v0_slot34;PhysicsWinch__v0_slot34
0060d970	gameplay	NetworkManager__v0_slot24	RTTI:0085d44c	NetworkManager__v0_slot24
0060fb90	gameplay	PhysicsNode__v0_slot65	RTTI:00846914	PhysicsNode__v0_slot65;PhysicsEngine__v0_slot65;PhysicsFloatingBundle__v0_slot65;PhysicsSpring__v0_slot65;PhysicsWing__v0_slot65;PhysicsWinch__v0_slot65
0060fba0	gameplay	PlayerControlObjectTemplate__v428_slot04	RTTI:008377ec	PlayerControlObjectTemplate__v428_slot04
0060fbe0	gameplay	PlayerControlObjectTemplate__v428_slot08	RTTI:008377ec	PlayerControlObjectTemplate__v428_slot08
0060fc00	gameplay	PlayerControlObjectTemplate__v428_slot14	RTTI:008377ec	PlayerControlObjectTemplate__v428_slot14
0060fe30	gameplay	BFSoldier__v0_slot07	RTTI:00836bd4	BFSoldier__v0_slot07;PlayerControlObject__v0_slot07;Projectile__v0_slot07;ControlPoint__v0_slot07;BFSpawnPoint__v0_slot07;HandFireArms__v0_slot07;ClusterProjectile__v0_slot07;SpawnPoint__v0_slot07
00610080	gameplay	PlayerControlObjectTemplate__v428_slot31	RTTI:008377ec	PlayerControlObjectTemplate__v428_slot31
00610090	gameplay	BFSoldier__v0_slot23	RTTI:00836bd4	BFSoldier__v0_slot23;PlayerControlObject__v0_slot23;Projectile__v0_slot23;ControlPoint__v0_slot23;BFSpawnPoint__v0_slot23;HandFireArms__v0_slot23;ClusterProjectile__v0_slot23;SpawnPoint__v0_slot23
006100a0	gameplay	BFSoldier__v0_slot24	RTTI:00836bd4	BFSoldier__v0_slot24;PlayerControlObject__v0_slot24;Projectile__v0_slot24;ControlPoint__v0_slot24;BFSpawnPoint__v0_slot24;HandFireArms__v0_slot24;ClusterProjectile__v0_slot24;SpawnPoint__v0_slot24
0061ec80	gameplay	BFSoldierTemplate__v0_slot39	RTTI:00836d64	BFSoldierTemplate__v0_slot39
00637100	gameplay	BFSpawnPoint__v344_slot07	RTTI:00820280	BFSpawnPoint__v344_slot07;SpawnPoint__v344_slot07
006373f0	gameplay	NetworkableInfo__v0_slot17	RTTI:0084826c	NetworkableInfo__v0_slot17
00656400	gameplay	PointPhysicsNode__v0_slot15	RTTI:0084704c	PointPhysicsNode__v0_slot15
0067d370	gameplay	NetworkManager__v0_slot05	RTTI:0085d44c	NetworkManager__v0_slot05
0067d380	gameplay	NetworkManager__v0_slot27	RTTI:0085d44c	NetworkManager__v0_slot27
0067d390	gameplay	NetworkManager__v0_slot07	RTTI:0085d44c	NetworkManager__v0_slot07
0067d3d0	gameplay	NetworkManager__v0_slot03	RTTI:0085d44c	NetworkManager__v0_slot03
0067d410	gameplay	PointPhysicsNode__v0_slot59	RTTI:0084704c	PointPhysicsNode__v0_slot59
0067daa0	gameplay	NetworkManager__v0_slot01	RTTI:0085d44c	NetworkManager__v0_slot01
0067db50	gameplay	NetworkManager__v0_slot09	RTTI:0085d44c	NetworkManager__v0_slot09
0067db80	gameplay	NetworkManager__v0_slot11	RTTI:0085d44c	NetworkManager__v0_slot11
0067de50	gameplay	NetworkManager__v0_slot02	RTTI:0085d44c	NetworkManager__v0_slot02
0067dea0	gameplay	NetworkManager__v0_slot10	RTTI:0085d44c	NetworkManager__v0_slot10
0067e830	gameplay	NetworkManager__v0_slot04	RTTI:0085d44c	NetworkManager__v0_slot04
0067e880	gameplay	NetworkManager__v0_slot29	RTTI:0085d44c	NetworkManager__v0_slot29
0067fa70	gameplay	NetworkManager__v0_slot06	RTTI:0085d44c	NetworkManager__v0_slot06
0067ff50	gameplay	NetworkManager__v0_slot08	RTTI:0085d44c	NetworkManager__v0_slot08
00680d60	gameplay	NetworkManager__v0_slot28	RTTI:0085d44c	NetworkManager__v0_slot28
00681840	gameplay	NetworkManager__v0_slot13	RTTI:0085d44c	NetworkManager__v0_slot13
00681870	gameplay	NetworkManager__v0_slot14	RTTI:0085d44c	NetworkManager__v0_slot14
006818a0	gameplay	NetworkManager__v0_slot17	RTTI:0085d44c	NetworkManager__v0_slot17
006818c0	gameplay	NetworkManager__v0_slot18	RTTI:0085d44c	NetworkManager__v0_slot18
00681900	gameplay	NetworkManager__v0_slot20	RTTI:0085d44c	NetworkManager__v0_slot20
00681930	gameplay	NetworkManager__v0_slot22	RTTI:0085d44c	NetworkManager__v0_slot22
00681980	gameplay	NetworkManager__v0_slot12	RTTI:0085d44c	NetworkManager__v0_slot12
00681af0	gameplay	NetworkManager__v0_slot15	RTTI:0085d44c	NetworkManager__v0_slot15
00681b90	gameplay	NetworkManager__v0_slot19	RTTI:0085d44c	NetworkManager__v0_slot19
00681d40	gameplay	NetworkManager__v0_slot21	RTTI:0085d44c	NetworkManager__v0_slot21
00681e00	gameplay	NetworkManager__v0_slot16	RTTI:0085d44c	NetworkManager__v0_slot16
00681fa0	gameplay	NetworkManager__v0_slot00	RTTI:0085d44c	NetworkManager__v0_slot00
00682c80	gameplay	NetworkModule__v0_slot06	RTTI:00809f68	NetworkModule__v0_slot06
0068ee90	gameplay	BFSoldier__v348_slot23	RTTI:00836adc	BFSoldier__v348_slot23
0068f980	gameplay	PlayerControlObject__v344_slot04	RTTI:00837a04	PlayerControlObject__v344_slot04;NetworkableInfoManager__v0_slot09
00692c40	gameplay	PointPhysicsNode__v0_slot50	RTTI:0084704c	PointPhysicsNode__v0_slot50
00695610	gameplay	PhysicsNode__v0_slot39	RTTI:00846914	PhysicsNode__v0_slot39;PhysicsEngine__v0_slot39;PhysicsFloatingBundle__v0_slot39;PhysicsSpring__v0_slot39;PhysicsWing__v0_slot39;PhysicsWinch__v0_slot39
00695ae0	gameplay	GameEventManager__v0_slot01	RTTI:0081f928	GameEventManager__v0_slot01;PhysicsNode__v0_slot01;StaticPhysicsNode__v0_slot01;PointPhysicsNode__v0_slot01;NetworkableInfo__v0_slot01
00697510	gameplay	GameEventManager__v0_slot02	RTTI:0081f928	GameEventManager__v0_slot02;PhysicsNode__v0_slot02;StaticPhysicsNode__v0_slot02;PointPhysicsNode__v0_slot02;NetworkableInfo__v0_slot02
0069f0b0	gameplay	PlayerControlObject__v344_slot05	RTTI:00837a04	PlayerControlObject__v344_slot05
007077e0	gameplay	BFSpawnPointTemplate__v0_slot01	RTTI:0081f03c	BFSpawnPointTemplate__v0_slot01;SpawnPointTemplate__v0_slot01
00720a30	gameplay	PlayerControlObjectTemplate__v428_slot23	RTTI:008377ec	PlayerControlObjectTemplate__v428_slot23
0072aa10	gameplay	NetworkableInfo__v0_slot05	RTTI:0084826c	NetworkableInfo__v0_slot05
0072acb0	gameplay	PlayerControlObjectTemplate__v428_slot68	RTTI:008377ec	PlayerControlObjectTemplate__v428_slot68
0075a7f0	gameplay	PhysicsNode__v0_slot53	RTTI:00846914	PhysicsNode__v0_slot53;PhysicsEngine__v0_slot53;PhysicsFloatingBundle__v0_slot53;PhysicsSpring__v0_slot53;PhysicsWing__v0_slot53;PhysicsWinch__v0_slot53
0075dd70	gameplay	EntryMoveToObjectMediumSoldier__v0_slot01	RTTI:00874e14	EntryMoveToObjectMediumSoldier__v0_slot01
0075ee90	gameplay	EntryMoveToMediumSoldier__v0_slot01	RTTI:00874ea4	EntryMoveToMediumSoldier__v0_slot01
007601d0	gameplay	EntryMoveToLightSoldier__v0_slot01	RTTI:0087501c	EntryMoveToLightSoldier__v0_slot01
00760a40	gameplay	EntrySoldierPose__v0_slot01	RTTI:00875114	EntrySoldierPose__v0_slot01
00781990	gameplay	IPlayerControlObjectConstraint__v0_slot00	RTTI:00877194	IPlayerControlObjectConstraint__v0_slot00
00791910	gameplay	BasicPhysicsSystem__v0_slot06	RTTI:00846b94	BasicPhysicsSystem__v0_slot06
007da980	gameplay	ObjTemplNetworkModule__v0_slot00	RTTI:00809ddc	ObjTemplNetworkModule__v0_slot00;PhysicsModule__v0_slot00;NetworkModule__v0_slot00;IPlayerControlObject__v0_slot00;NetworkableBase__v0_slot00;ISpawnPoint__v0_slot00;NetworkableObjectBase__v0_slot00;IPlayerControlObjectTemplate__v0_slot00;BasicPhysicsSystem__v0_slot00;ResponsePhysicsManager__v0_slot00
