target	pointer_location	status	body_bytes
00403830	00807304	candidate_created	57
00403870	00807308	candidate_created	57
004038b0	0080730c	candidate_created	57
00403aa0	00807380	candidate_created	14
00404080	00807554	candidate_created	11
00404090	00807564	candidate_created	5
004040a0	00807568	candidate_created	17
004040c0	00807570	candidate_created	7
004040d0	00807574	candidate_created	7
00404270	008074e0	candidate_created	16
004042a0	008074e4	candidate_created	13
00404300	0080756c	candidate_created	17
00404b40	00807580	candidate_created	28
00404b60	00807588	candidate_created	105
00404c40	008075e8	candidate_created	5
00404d10	008075d8	candidate_created	158
00404db0	008075dc	candidate_created	162
00404e60	00807620	candidate_created	42
00404e90	00807624	candidate_created	42
00404ec0	008075c8	candidate_created	81
00404f20	008075d0	candidate_created	97
00404f90	008075e0	candidate_created	368
00405100	008075e4	candidate_created	231
004051f0	008075b8	candidate_created	30
004054a0	008075f8	candidate_created	48
00405ac0	00807640	candidate_created	21
00405b10	00807648	candidate_created	21
00405b60	00807650	candidate_created	7
00405b70	0080764c	candidate_created	37
00405ba0	00807658	candidate_created	7
00405bb0	00807654	candidate_created	37
00406a60	00807688	candidate_created	289
00407cd0	008076f8	candidate_created	28
00407cf0	00807700	candidate_created	153
00407f10	00807778	candidate_created	322
00408240	00807770	candidate_created	117
00408440	008077e8	candidate_created	322
00408720	00807860	candidate_created	61
00408760	00807868	candidate_created	153
004089d0	00807890	candidate_created	30
00408a20	00807898	candidate_created	48
00408e50	0080785c	candidate_created	14
00408e60	008078e8	candidate_created	28
00409ad0	00807cd0	candidate_created	153
00409c90	00807d48	candidate_created	153
00409fe0	00807eb8	candidate_created	153
0040a270	00807f30	candidate_created	33
0040a2a0	00807f38	candidate_created	250
0040a4b0	00807fb0	candidate_created	28
0040a4d0	00807fb8	candidate_created	153
0040a810	00808020	candidate_created	28
0040a830	00808028	candidate_created	153
0040a9e0	00808090	candidate_created	54
0040aa20	00808098	candidate_created	153
0040abd0	00808110	candidate_created	54
0040ac10	00808118	candidate_created	153
0040aec0	00808210	candidate_created	76
0040af10	00808218	candidate_created	153
0040b1b0	00808290	candidate_created	351
0040b870	00808300	candidate_created	212
0040b950	00808308	candidate_created	573
0040be00	00808378	candidate_created	781
0040c3e0	008083d8	candidate_created	98
0040c450	008083e0	candidate_created	220
0040c5b0	00808450	candidate_created	28
0040c6e0	008084c0	candidate_created	79
0040c730	008084c8	candidate_created	220
0040c890	00808530	candidate_created	28
0040c930	008085a8	candidate_created	28
0040ca60	00808620	candidate_created	33
0040ca90	00808628	candidate_created	220
0040cc80	00808690	candidate_created	33
0040ccb0	00808698	candidate_created	220
0040cea0	00808708	candidate_created	33
0040ced0	00808710	candidate_created	220
0040d0c0	00808780	candidate_created	33
0040d0f0	00808788	candidate_created	220
0040d3c0	00808808	candidate_created	274
0040d4e0	00808810	candidate_created	569
0040d990	00808880	candidate_created	33
0040d9c0	00808888	candidate_created	220
0040dbb0	00808908	candidate_created	283
0040de60	00808980	candidate_created	283
0040e110	00808a00	candidate_created	283
0040e3c0	00808a80	candidate_created	283
0040e780	00808b78	candidate_created	220
0040ea20	0080820c	candidate_created	14
0040ea30	00808be8	candidate_created	67
0040ea80	00808bf0	candidate_created	220
0040ec70	00808c68	candidate_created	69
0040ecc0	00808c70	candidate_created	220
0040ef30	00808cd8	candidate_created	388
0040f250	00808d38	candidate_created	27
0040f2f0	00808db0	candidate_created	27
0040f420	00808e30	candidate_created	283
0040f8f0	00808e98	candidate_created	32
0040f910	00808ea0	candidate_created	220
004107b0	00808f4c	candidate_created	48
00410890	00808f44	candidate_created	48
00413070	00807db8	candidate_created	44
004134e0	00809b94	candidate_created	42
00413de0	00809068	candidate_created	37
00415246	00856eb8	candidate_created	1
0041b6d0	008e6520	candidate_created	528
0041fcc0	00809a18	candidate_created	55
00420bc0	00809a30	candidate_created	69
00420c10	00809a38	candidate_created	57
00421070	00809a28	candidate_created	101
00421780	00809a14	candidate_created	22
00421ce0	00809a08	candidate_created	37
00422060	00809a64	candidate_created	28
004221d0	00809ac0	candidate_created	85
00422260	00809ab0	candidate_created	85
00422ad0	00809b40	candidate_created	28
00422af0	00809b48	candidate_created	8
00422b00	00809b4c	candidate_created	23
00422b20	008072b8	candidate_created	28
00422f20	0080a068	candidate_created	65
004245f0	0080a070	candidate_created	28
00425fe0	0080a060	candidate_created	318
0042f7b0	0080a4cc	candidate_created	80
00437ed0	0080b8ec	candidate_created	11
00437ee0	0080b924	candidate_created	21
00437f30	0080b908	candidate_created	47
00437f60	0080b90c	candidate_created	47
00437f90	0080b914	candidate_created	88
00438020	0080b9a8	candidate_created	18
00438040	0080b938	candidate_created	19
00438060	0080b940	candidate_created	22
00438080	0080b998	candidate_created	13
00438090	0080b99c	candidate_created	7
004380b0	0080b920	candidate_created	224
00438200	0080b9c8	candidate_created	21
00438220	0080b9f0	candidate_created	29
00438240	0080ba18	candidate_created	61
00438280	0080ba24	candidate_created	13
00438f10	0080b944	candidate_created	219
00439550	0080ba3c	candidate_created	6
00439560	0080ba40	candidate_created	6
00439570	0080ba58	candidate_created	114
004395f0	0080b92c	candidate_created	142
00439680	0080b934	candidate_created	57
004396c0	0080b93c	candidate_created	60
00439aa0	0080b8e4	candidate_created	6
00439b50	0080b9e4	candidate_created	1674
0043aca0	0080b8f4	candidate_created	80
0043b4d0	0080b9dc	candidate_created	71
0043b520	0080b9e0	candidate_created	71
0043e400	0080b958	candidate_created	13
0043e410	0080b97c	candidate_created	16
0043e420	0080b988	candidate_created	7
0043e430	0080b990	candidate_created	13
0043e440	0080b994	candidate_created	7
0043e450	0080b9ac	candidate_created	13
0043e460	0080b9b0	candidate_created	7
0043e470	0080b9b4	candidate_created	50
0043e4b0	0080b9b8	candidate_created	51
0043e4f0	0080b9bc	candidate_created	7
0043e500	0080b9c0	candidate_created	7
0043e510	0080b9cc	candidate_created	7
0043e520	0080b9d0	candidate_created	7
0043e530	0080b9e8	candidate_created	10
0043e540	0080b9ec	candidate_created	7
0043e550	0080b9f4	candidate_created	7
0043e560	0080b9f8	candidate_created	7
0043e570	0080ba08	candidate_created	13
0043e5b0	0080ba10	candidate_created	23
0043e5d0	0080b918	candidate_created	24
0043e970	0080ba2c	candidate_created	21
0043ee00	00809b70	candidate_created	18
0043f9e0	0080bcac	candidate_created	12
0043fac0	0080bcb8	candidate_created	329
0043fda0	0080bd28	candidate_created	222
0043ff90	0080bd90	candidate_created	26
0043ffb0	0080bd98	candidate_created	153
00440160	0080be10	candidate_created	40
00440190	0080be18	candidate_created	153
00440340	0080be88	candidate_created	50
00440380	0080be90	candidate_created	153
00440530	0080bf04	candidate_created	14
00440540	0080bf08	candidate_created	67
00440590	0080bf10	candidate_created	153
004407d0	0080bf90	candidate_created	222
00440c30	0080c0d8	candidate_created	153
00440e30	0080c148	candidate_created	153
00441030	0080c1c0	candidate_created	153
00441150	0080c230	candidate_created	45
00441200	0080c0cc	candidate_created	40
00441230	0080c2a0	candidate_created	45
00441370	0080be84	candidate_created	40
00441450	0080c318	candidate_created	222
00441640	0080c384	candidate_created	14
00441650	0080c388	candidate_created	61
00441690	0080c390	candidate_created	153
00441840	0080c410	candidate_created	153
004418e0	0080c408	candidate_created	76
00441a50	0080c490	candidate_created	222
00441d60	0080c508	candidate_created	79
00441db0	0080c510	candidate_created	153
00441f60	0080c580	candidate_created	67
00441fb0	0080c588	candidate_created	153
00442160	0080c5f0	candidate_created	67
004421b0	0080c5f8	candidate_created	153
00442360	0080c668	candidate_created	67
004423b0	0080c670	candidate_created	153
00442560	0080c6e0	candidate_created	67
004425b0	0080c6e8	candidate_created	153
00442760	0080c758	candidate_created	67
004427b0	0080c760	candidate_created	153
00442960	0080c7d8	candidate_created	67
004429b0	0080c7e0	candidate_created	153
00442b60	0080c850	candidate_created	67
00442bb0	0080c858	candidate_created	153
00442d60	0080c8c8	candidate_created	91
00442dc0	0080c8d0	candidate_created	153
00442ee0	0080c938	candidate_created	22
00442fd0	0080c9c0	candidate_created	28
00443170	0080ca30	candidate_created	71
004431c0	0080ca38	candidate_created	268
00443450	0080cab8	candidate_created	71
004434a0	0080cac0	candidate_created	404
004437c0	0080cb48	candidate_created	451
00443b60	0080cba8	candidate_created	41
00443b90	0080cbb0	candidate_created	220
00443ed0	0080cc18	candidate_created	824
00444400	0080cc78	candidate_created	30
00444441	00850310	candidate_created	187
00444610	0080cce0	candidate_created	33
00444640	0080cce8	candidate_created	220
004448f0	0080cd50	candidate_created	738
00444fa0	0080cdc0	candidate_created	283
00445260	0080ce38	candidate_created	283
004454a0	0080cea8	candidate_created	283
004457b0	0080cf20	candidate_created	283
00445ac0	0080cf98	candidate_created	283
00445dd0	0080d010	candidate_created	283
004460e0	0080d088	candidate_created	283
00446530	0080d100	candidate_created	513
004467d0	0080d178	candidate_created	38
00446910	0080d1f8	candidate_created	67
00446960	0080d200	candidate_created	220
00446a40	0080d1fc	candidate_created	182
00446c20	0080d270	candidate_created	283
00446f00	0080d2e0	candidate_created	67
00446f50	0080d2e8	candidate_created	220
00447140	0080d368	candidate_created	67
00447190	0080d370	candidate_created	220
00447380	0080d3f8	candidate_created	67
004473d0	0080d400	candidate_created	220
004475d0	0080d478	candidate_created	283
00447890	0080d4e0	candidate_created	27
004479c0	0080d558	candidate_created	73
00447a10	0080d560	candidate_created	220
00447af0	0080d3fc	candidate_created	196
00447cd0	0080d5d0	candidate_created	67
00447d20	0080d5d8	candidate_created	220
00447f10	0080d648	candidate_created	77
00447f60	0080d650	candidate_created	220
00448150	0080d6c0	candidate_created	67
004481a0	0080d6c8	candidate_created	220
00448390	0080d738	candidate_created	67
004483e0	0080d740	candidate_created	220
004485d0	0080d7b0	candidate_created	67
00448620	0080d7b8	candidate_created	220
00448810	0080d830	candidate_created	67
00448860	0080d838	candidate_created	220
00448a50	0080d8a8	candidate_created	67
00448aa0	0080d8b0	candidate_created	220
00448c90	0080d920	candidate_created	67
00448ce0	0080d928	candidate_created	220
00448ed0	0080d9a0	candidate_created	67
00448f20	0080d9a8	candidate_created	220
00449110	0080da20	candidate_created	67
00449160	0080da28	candidate_created	220
00449350	0080daa0	candidate_created	67
004493a0	0080daa8	candidate_created	220
00449590	0080db20	candidate_created	67
004495e0	0080db28	candidate_created	220
004497d0	0080db98	candidate_created	67
00449820	0080dba0	candidate_created	220
00449a10	0080dc18	candidate_created	67
00449a60	0080dc20	candidate_created	220
00449c50	0080dc90	candidate_created	67
00449ca0	0080dc98	candidate_created	220
00449e90	0080dd08	candidate_created	67
00449ee0	0080dd10	candidate_created	220
0044a0e0	0080dd88	candidate_created	283
0044a430	0080de00	candidate_created	283
0044a770	0080de78	candidate_created	73
0044a7c0	0080de80	candidate_created	220
0044a9b0	0080def8	candidate_created	67
0044aa00	0080df00	candidate_created	220
0044abf0	0080df80	candidate_created	67
0044ac40	0080df88	candidate_created	220
0044af40	0080e008	candidate_created	451
0044b220	0080e080	candidate_created	63
0044b270	0080e088	candidate_created	220
0044b460	0080e100	candidate_created	67
0044b4b0	0080e108	candidate_created	220
0044b6a0	0080e180	candidate_created	67
0044b6f0	0080e188	candidate_created	220
0044b8e0	0080e200	candidate_created	67
0044b930	0080e208	candidate_created	220
0044bb20	0080e280	candidate_created	67
0044bb70	0080e288	candidate_created	220
0044bd60	0080e300	candidate_created	67
0044bdb0	0080e308	candidate_created	220
0044bfa0	0080e380	candidate_created	67
0044bff0	0080e388	candidate_created	220
0044c1f0	0080e408	candidate_created	283
0044c4e0	0080e480	candidate_created	283
0044c7c0	0080e4f0	candidate_created	67
0044c810	0080e4f8	candidate_created	220
0044ca00	0080e570	candidate_created	67
0044ca50	0080e578	candidate_created	220
0044cc40	0080e5f0	candidate_created	67
0044cc90	0080e5f8	candidate_created	220
0044ce80	0080e680	candidate_created	70
0044ced0	0080e688	candidate_created	220
0044cfb0	0080e684	candidate_created	182
0044d180	0080e708	candidate_created	67
0044d1d0	0080e710	candidate_created	220
0044d3c0	0080e780	candidate_created	67
0044d410	0080e788	candidate_created	220
0044d600	0080e7f8	candidate_created	67
0044d650	0080e800	candidate_created	220
0044d840	0080e870	candidate_created	67
0044d890	0080e878	candidate_created	220
0044da80	0080e8e8	candidate_created	67
0044dad0	0080e8f0	candidate_created	220
0044dcc0	0080e968	candidate_created	67
0044dd10	0080e970	candidate_created	220
0044df00	0080e9f0	candidate_created	67
0044df50	0080e9f8	candidate_created	220
0044e150	0080ea80	candidate_created	283
0044e490	0080eae8	candidate_created	67
0044e4e0	0080eaf0	candidate_created	220
0044e6d0	0080eb58	candidate_created	67
0044e720	0080eb60	candidate_created	220
0044e910	0080ebd0	candidate_created	67
0044e960	0080ebd8	candidate_created	220
0044eb50	0080ec48	candidate_created	67
0044eba0	0080ec50	candidate_created	220
0044ed90	0080ecc8	candidate_created	67
0044ede0	0080ecd0	candidate_created	220
0044efd0	0080ed48	candidate_created	79
0044f020	0080ed50	candidate_created	220
0044f210	0080edc0	candidate_created	77
0044f260	0080edc8	candidate_created	220
0044f450	0080ee38	candidate_created	76
0044f4a0	0080ee40	candidate_created	220
0044f690	0080eeb0	candidate_created	67
0044f6e0	0080eeb8	candidate_created	220
0044f8d0	0080ef28	candidate_created	67
0044f920	0080ef30	candidate_created	220
0044fb10	0080efa8	candidate_created	67
0044fb60	0080efb0	candidate_created	220
0044fd50	0080f020	candidate_created	67
0044fda0	0080f028	candidate_created	220
0044ff90	0080f090	candidate_created	67
0044ffe0	0080f098	candidate_created	220
004501d0	0080f100	candidate_created	67
00450220	0080f108	candidate_created	220
00450410	0080f178	candidate_created	67
00450460	0080f180	candidate_created	220
004506e0	0080f1f0	candidate_created	220
004508d0	0080f260	candidate_created	55
00450910	0080f268	candidate_created	220
00450b00	0080f2d0	candidate_created	52
00450b40	0080f2d8	candidate_created	220
00450e40	0080f348	candidate_created	451
004512a0	0080f3c0	candidate_created	616
004517a0	0080f438	candidate_created	616
00451c30	0080f4a8	candidate_created	451
00452020	0080f520	candidate_created	451
004524b0	0080f680	candidate_created	61
004524f0	0080f688	candidate_created	220
00452820	0080f700	candidate_created	109
00452890	0080f708	candidate_created	718
00452ce0	0080f780	candidate_created	451
00453320	0080f830	candidate_created	799
00453860	0080f8a8	candidate_created	451
00453ab0	0080f920	candidate_created	90
00453c20	0080f990	candidate_created	33
00453c50	0080f998	candidate_created	220
00453e40	0080fa08	candidate_created	33
00453e70	0080fa10	candidate_created	220
004540c0	0080fa90	candidate_created	513
00454480	0080fb00	candidate_created	58
00454640	0080fb78	candidate_created	451
00454d60	0080fbe8	candidate_created	650
004551b0	0080fc60	candidate_created	283
00455430	0080fcd0	candidate_created	220
00455690	0080fd48	candidate_created	68
004556e0	0080fd50	candidate_created	388
004559f0	0080fdd0	candidate_created	71
00455a40	0080fdd8	candidate_created	388
00455d40	0080fe48	candidate_created	63
00455d80	0080fe50	candidate_created	388
00456020	0080fec0	candidate_created	144
004560b0	0080fec8	candidate_created	220
004562a0	0080ff38	candidate_created	144
00456330	0080ff40	candidate_created	220
00456520	0080ffb8	candidate_created	144
004565b0	0080ffc0	candidate_created	220
004567a0	00810028	candidate_created	144
00456830	00810030	candidate_created	220
00456a20	00810098	candidate_created	169
00456ad0	008100a0	candidate_created	220
00456cc0	00810108	candidate_created	144
00456d50	00810110	candidate_created	220
00456fa0	00810180	candidate_created	81
00457000	00810188	candidate_created	388
00457300	008101f8	candidate_created	63
00457340	00810200	candidate_created	388
00457640	00810278	candidate_created	63
00457680	00810280	candidate_created	388
00457890	008102f8	candidate_created	48
004579d0	00810370	candidate_created	144
00457a60	00810378	candidate_created	220
00457c50	008103e8	candidate_created	144
00457ce0	008103f0	candidate_created	224
00457dc0	008103ec	candidate_created	193
00458000	00810458	candidate_created	81
00458060	00810460	candidate_created	388
00458300	008104d8	candidate_created	61
00458340	008104e0	candidate_created	220
00458530	00810548	candidate_created	61
00458570	00810550	candidate_created	220
00458760	008105c0	candidate_created	61
004587a0	008105c8	candidate_created	220
00458990	00810638	candidate_created	144
00458a20	00810640	candidate_created	220
00458c10	008106b8	candidate_created	144
00458ca0	008106c0	candidate_created	220
00458e90	00810738	candidate_created	54
00458ed0	00810740	candidate_created	220
00459180	008107c0	candidate_created	738
00459870	00810830	candidate_created	738
00459ea0	008108a0	candidate_created	67
00459ef0	008108a8	candidate_created	220
0045a050	00810918	candidate_created	28
0045a180	00810980	candidate_created	33
0045a1b0	00810988	candidate_created	220
0045a4d0	00810a00	candidate_created	451
0045a8e0	00810a78	candidate_created	451
0045abd0	00810af0	candidate_created	220
0045ae40	00810b68	candidate_created	144
0045aed0	00810b70	candidate_created	220
0045b0c0	00810bd8	candidate_created	144
0045b150	00810be0	candidate_created	220
0045b3d0	00810c58	candidate_created	220
0045b5c0	00810cc0	candidate_created	61
0045b600	00810cc8	candidate_created	220
0045b7f0	00810d38	candidate_created	61
0045b830	00810d40	candidate_created	220
0045ba20	00810db0	candidate_created	67
0045ba70	00810db8	candidate_created	220
0045bc60	00810e20	candidate_created	67
0045bcb0	00810e28	candidate_created	220
0045bea0	00810e90	candidate_created	144
0045bf30	00810e98	candidate_created	220
0045c120	00810f00	candidate_created	145
0045c1c0	00810f08	candidate_created	220
0045c3b0	00810f78	candidate_created	144
0045c440	00810f80	candidate_created	220
0045c630	00811008	candidate_created	278
0045c7d0	00811080	candidate_created	59
0045c9a0	008110f8	candidate_created	220
0045cb90	00811168	candidate_created	135
0045cc20	00811170	candidate_created	220
0045ce10	008111e0	candidate_created	67
0045ce60	008111e8	candidate_created	220
0045d050	00811258	candidate_created	54
0045d090	00811260	candidate_created	220
0045d280	008112d0	candidate_created	135
0045d310	008112d8	candidate_created	220
0045d500	00811350	candidate_created	54
0045d540	00811358	candidate_created	220
0045d6a0	008113c8	candidate_created	30
0045d7d0	00811448	candidate_created	220
0045d9c0	008114c0	candidate_created	220
0045dbb0	00811538	candidate_created	220
0045dda0	008115b8	candidate_created	220
0045df90	00811640	candidate_created	220
0045e180	008116b8	candidate_created	220
0045e370	00811730	candidate_created	220
0045e560	008117b0	candidate_created	220
0045e750	00811830	candidate_created	220
0045e940	008118a0	candidate_created	220
0045eb30	00811918	candidate_created	220
0045edb0	00811980	candidate_created	220
0045f030	008119f0	candidate_created	220
0045f210	00811ac8	candidate_created	28
0045f500	00811b48	candidate_created	738
0045f900	00811bb8	candidate_created	144
0045f990	00811bc0	candidate_created	220
0045fb80	00811c40	candidate_created	220
0045fd70	0080f2cc	candidate_created	40
0045fda0	00811cb0	candidate_created	55
0045fde0	00811cb8	candidate_created	220
0045ffd0	00811d30	candidate_created	220
004601c0	00811da8	candidate_created	220
004603b0	00811e18	candidate_created	144
00460440	00811e20	candidate_created	220
00460630	00811e98	candidate_created	144
004606c0	00811ea0	candidate_created	220
004608b0	00811f10	candidate_created	144
00460940	00811f18	candidate_created	220
00460b30	00811f88	candidate_created	144
00460bc0	00811f90	candidate_created	220
00460db0	00812000	candidate_created	52
00460df0	00812008	candidate_created	220
00460f50	00812078	candidate_created	38
004612d0	00812100	candidate_created	681
00461600	00812170	candidate_created	28
004616a0	008121f0	candidate_created	29
00461740	00812270	candidate_created	30
00461900	008122f8	candidate_created	220
00461b80	00812378	candidate_created	283
00461d20	008123e8	candidate_created	48
00461e60	00812460	candidate_created	144
00461ef0	00812468	candidate_created	220
004620e0	008124d8	candidate_created	144
00462170	008124e0	candidate_created	220
00462360	00812558	candidate_created	144
004623f0	00812560	candidate_created	220
004625e0	008125d8	candidate_created	144
00462670	008125e0	candidate_created	220
00462860	00812650	candidate_created	144
004628f0	00812658	candidate_created	220
00462ae0	008126d0	candidate_created	144
00462b70	008126d8	candidate_created	220
00462d60	00812750	candidate_created	144
00462df0	00812758	candidate_created	220
00462fe0	008127c0	candidate_created	74
00463030	008127c8	candidate_created	220
004632b0	00812838	candidate_created	283
00463650	008128b0	candidate_created	451
00463ae0	00812920	candidate_created	513
00463e90	00812998	candidate_created	283
00464140	00812a88	candidate_created	48
004643f0	00812b08	candidate_created	451
00464880	00812b80	candidate_created	513
00464c30	00812bf8	candidate_created	283
00465030	00812cf0	candidate_created	738
004656a0	00812d58	candidate_created	55
004656e0	00812d60	candidate_created	220
00465960	00812dc8	candidate_created	220
00465be0	00812e38	candidate_created	220
00465dd0	00812ea8	candidate_created	144
00465e60	00812eb0	candidate_created	220
00466050	00812f20	candidate_created	144
004660e0	00812f28	candidate_created	220
004662d0	00812f98	candidate_created	144
00466360	00812fa0	candidate_created	220
004665d0	00811440	candidate_created	61
00466610	00813088	candidate_created	220
00466800	008114b8	candidate_created	144
00466890	008130f0	candidate_created	220
00466a80	00811530	candidate_created	144
00466b10	00813158	candidate_created	220
00466d00	008115b0	candidate_created	144
00466d90	008131c0	candidate_created	220
00467010	00813228	candidate_created	283
00467240	00811638	candidate_created	144
004672d0	008132a0	candidate_created	220
004674c0	008116b0	candidate_created	144
00467550	00813308	candidate_created	220
00467740	00811728	candidate_created	144
004677d0	00813370	candidate_created	220
004679c0	008117a8	candidate_created	144
00467a50	008133d8	candidate_created	220
00467c40	00811828	candidate_created	144
00467cd0	00813440	candidate_created	220
00467ec0	00811898	candidate_created	144
00467f50	008134a8	candidate_created	220
00468140	00813510	candidate_created	220
00468330	00813578	candidate_created	220
00468520	008135e0	candidate_created	220
00468680	00811a58	candidate_created	48
00468900	00813718	candidate_created	738
00468d00	00813780	candidate_created	220
00468ef0	00811c38	candidate_created	55
00468f30	008137e8	candidate_created	220
00469120	00811d28	candidate_created	144
004691b0	00813850	candidate_created	220
004693a0	00811da0	candidate_created	144
00469430	008138b8	candidate_created	220
00469620	00813918	candidate_created	79
00469670	00813920	candidate_created	220
00469860	00813988	candidate_created	70
004698b0	00813990	candidate_created	220
00469aa0	008139f8	candidate_created	67
00469af0	00813a00	candidate_created	220
00469d60	00813a80	candidate_created	220
00469fe0	00813af0	candidate_created	220
0046a250	00813b60	candidate_created	220
0046a4c0	00813bd8	candidate_created	220
0046a730	00813c48	candidate_created	220
0046a920	00813ca8	candidate_created	129
0046a9b0	00813cb0	candidate_created	220
0046ab10	00813a74	candidate_created	37
0046ab40	00813d18	candidate_created	40
0046baa0	00813e04	candidate_created	86
0046bb50	00813e08	candidate_created	66
0046bc60	00813e44	candidate_created	5
0046bc70	00813e4c	candidate_created	5
00475f79	0085f60c	candidate_created	1028
00478cd0	00809c20	candidate_created	18
00478cf0	00809c24	candidate_created	18
00478e20	00814df8	candidate_created	41
00478e50	00814e00	candidate_created	105
00478fd0	00814e78	candidate_created	222
004792d0	00814ef0	candidate_created	222
00479550	00814f68	candidate_created	222
004797d0	00814fe0	candidate_created	222
00479a50	00815058	candidate_created	222
00479cd0	008150d0	candidate_created	222
00479f50	00815148	candidate_created	222
0047a1d0	008151c0	candidate_created	222
0047a450	00815238	candidate_created	222
0047a6d0	008152c0	candidate_created	222
0047a950	00815348	candidate_created	222
0047abd0	00814df4	candidate_created	14
0047abe0	008153d0	candidate_created	222
0047ae60	00815458	candidate_created	222
0047b0e0	008154e0	candidate_created	222
0047b360	00815568	candidate_created	222
0047b5e0	008155f0	candidate_created	222
0047b860	00815678	candidate_created	222
0047bae0	00815700	candidate_created	222
0047bd60	00815788	candidate_created	222
0047bfe0	00815800	candidate_created	222
0047c260	00815878	candidate_created	222
0047c4e0	008158e8	candidate_created	222
0047c760	00815960	candidate_created	222
0047c920	00809fc8	candidate_created	23
0047c940	00809fcc	candidate_created	8
0047caf0	00815a04	candidate_created	14
0047cb00	00815a08	candidate_created	70
0047cb50	00815a10	candidate_created	105
0047cbc0	00815a0c	candidate_created	139
0047cdb0	00815a80	candidate_created	153
0047cfb0	00815af8	candidate_created	153
0047d160	00815b68	candidate_created	105
0047d1d0	00815b70	candidate_created	153
0047d380	00815be0	candidate_created	89
0047d3e0	00815be8	candidate_created	153
0047d590	00815c58	candidate_created	89
0047d5f0	00815c60	candidate_created	153
0047d7a0	00815a74	candidate_created	18
0047d7c0	00815cd0	candidate_created	89
0047d820	00815cd8	candidate_created	153
0047d9d0	00815d48	candidate_created	70
0047da20	00815d50	candidate_created	153
0047dbd0	00815db8	candidate_created	70
0047dc20	00815dc0	candidate_created	153
0047ddd0	00815e28	candidate_created	87
0047de30	00815e30	candidate_created	153
0047e040	00815e98	candidate_created	54
0047e080	00815ea0	candidate_created	250
0047e300	00815e24	candidate_created	18
0047e320	00815f18	candidate_created	319
0047e460	00815f10	candidate_created	276
0047e770	00815f90	candidate_created	431
0047e920	00815f88	candidate_created	223
0047ea90	00815ff8	candidate_created	28
0047ec40	00809fec	candidate_created	18
0047edb0	008160dc	candidate_created	14
0047edc0	008160e0	candidate_created	70
0047ee10	008160e8	candidate_created	105
0047ef90	00816150	candidate_created	70
0047efe0	00816158	candidate_created	153
0047f190	008161c0	candidate_created	70
0047f1e0	008161c8	candidate_created	153
0047f390	00816228	candidate_created	70
0047f3e0	00816230	candidate_created	153
0047f590	00816298	candidate_created	70
0047f5e0	008162a0	candidate_created	153
0047f790	00816308	candidate_created	70
0047f7e0	00816310	candidate_created	153
0047f990	00816378	candidate_created	33
0047f9c0	00816380	candidate_created	153
0047fb70	008163e8	candidate_created	39
0047fba0	008163f0	candidate_created	153
0047ff10	008164b4	candidate_created	12
0047ff20	008164b8	candidate_created	72
0047ff70	008164c0	candidate_created	105
00480150	00816530	candidate_created	153
00480380	008165b0	candidate_created	173
00480590	00816620	candidate_created	222
00480870	00816524	candidate_created	19
00480890	00816688	candidate_created	85
004808f0	00816690	candidate_created	153
00480b00	00816700	candidate_created	153
00480d10	00816780	candidate_created	153
00480f20	008167f0	candidate_created	153
004810d0	00816860	candidate_created	42
00481100	00816868	candidate_created	153
00481220	008168d0	candidate_created	29
00481650	00816aa8	candidate_created	57
00481690	00816ab0	candidate_created	173
00481850	00816b20	candidate_created	57
00481890	00816b28	candidate_created	173
00481a50	00816ba0	candidate_created	46
00481a80	00816ba8	candidate_created	153
00481c30	00816c20	candidate_created	40
00481c60	00816c28	candidate_created	153
00481e10	00816c90	candidate_created	40
00481e40	00816c98	candidate_created	153
00482170	00816de0	candidate_created	40
004821a0	00816de8	candidate_created	153
00482350	00816e60	candidate_created	40
00482380	00816e68	candidate_created	153
00482530	00816ed8	candidate_created	40
00482560	00816ee0	candidate_created	153
00482710	00816f50	candidate_created	40
00482740	00816f58	candidate_created	153
00482950	00816fd8	candidate_created	153
00482b60	00817058	candidate_created	153
00482d70	008170d0	candidate_created	153
00482f20	00816aa4	candidate_created	18
00482fa0	00817148	candidate_created	153
0048485a	00857644	candidate_created	92
004853c0	0080ae24	candidate_created	43
004862f0	008176b4	candidate_created	999
00486740	00817700	candidate_created	4
00486790	00817728	candidate_created	15
00486850	008176ec	candidate_created	43
004868e0	008176e8	candidate_created	22
004873a0	008176e0	candidate_created	81
00487830	008176b8	candidate_created	1165
004894d0	008176dc	candidate_created	6
004894e0	008176f4	candidate_created	4
004894f0	0081770c	candidate_created	4
00489510	00817720	candidate_created	13
00489520	00817724	candidate_created	7
00489530	00817718	candidate_created	13
00489540	0081771c	candidate_created	7
00489550	0081769c	candidate_created	8
00489560	008176a8	candidate_created	8
0048b650	00817890	candidate_created	6
0048b6a0	00817ef8	candidate_created	28
0048b6c0	008178ac	candidate_created	6
0048b6d0	0081825c	candidate_created	8
0048b6f0	00817f4c	candidate_created	7
0048b7d0	00817eec	candidate_created	7
0048b7e0	00817ed4	candidate_created	24
0048b800	00817ed8	candidate_created	23
0048b820	00818164	candidate_created	7
0048b830	008181e0	candidate_created	7
0048b840	00817edc	candidate_created	24
0048b860	00817f20	candidate_created	25
0048b880	00817f2c	candidate_created	25
0048b8a0	00817f28	candidate_created	23
0048b8f0	008178c8	candidate_created	6
0048b900	008178e4	candidate_created	6
0048b910	0081803c	candidate_created	22
0048b930	00817938	candidate_created	6
0048b9d0	00818388	candidate_created	209
0048bb80	008180c8	candidate_created	207
0048bc50	008180d0	candidate_created	207
0048bd20	008180d8	candidate_created	207
0048bdf0	008180e8	candidate_created	207
0048bec0	008180f0	candidate_created	207
0048bf90	008180f8	candidate_created	207
0048c060	008180e0	candidate_created	207
0048c130	008181e8	candidate_created	13
0048c140	008181ec	candidate_created	7
0048c150	008181f0	candidate_created	45
0048c180	008181f4	candidate_created	7
0048cdd0	00818194	candidate_created	72
0048ce20	00818190	candidate_created	58
0048dab0	00817efc	candidate_created	92
0048e040	00818224	candidate_created	69
0048e090	0081822c	candidate_created	60
0048e350	00817f24	candidate_created	66
0048f3d0	0081829c	candidate_created	381
0048f720	00817f48	candidate_created	23
0048f9a0	00817fb0	candidate_created	70
0048f9f0	00818230	candidate_created	70
0048fa40	00818030	candidate_created	23
004901e0	00817f00	candidate_created	55
00490850	008181b8	candidate_created	66
00491ca0	00818160	candidate_created	24
00491cc0	008181dc	candidate_created	92
00491d20	00817f40	candidate_created	769
004926d0	008183a8	candidate_created	1656
00492de0	00818038	candidate_created	643
00493620	00818290	candidate_created	67
0049485a	0085764c	candidate_created	22
00494ca0	00817ee0	candidate_created	7
00494cb0	00817f7c	candidate_created	13
00494cc0	00817f80	candidate_created	7
00494cd0	00817fdc	candidate_created	7
00494ce0	00817fe0	candidate_created	13
00494cf0	00817fe4	candidate_created	7
00494d00	00817f78	candidate_created	13
00494d20	00817f8c	candidate_created	21
00494d40	00817f94	candidate_created	13
00494d50	00817f98	candidate_created	7
00494d60	00817f9c	candidate_created	13
00494d70	00817fa0	candidate_created	7
00494d80	00817fa8	candidate_created	13
00494d90	00817fb8	candidate_created	13
00494da0	00817fbc	candidate_created	7
00494db0	00817fc0	candidate_created	23
00494dd0	00817fc4	candidate_created	38
00494e00	00817fc8	candidate_created	21
00494e20	00817fd0	candidate_created	13
00494e30	00817ff4	candidate_created	7
00494e40	00817ffc	candidate_created	7
00494e50	00818004	candidate_created	7
00494e60	0081800c	candidate_created	7
00494e70	00818014	candidate_created	7
00494e80	0081801c	candidate_created	7
00494e90	00818034	candidate_created	7
00494ea0	00818044	candidate_created	13
00494eb0	00818048	candidate_created	7
00494ec0	00818058	candidate_created	13
00494ed0	0081805c	candidate_created	7
00494ee0	00818060	candidate_created	7
00494ef0	00818064	candidate_created	13
00494f00	00818068	candidate_created	13
00494f10	0081806c	candidate_created	7
00494f20	00818070	candidate_created	13
00494f30	00818074	candidate_created	7
00494f40	00818078	candidate_created	13
00494f50	0081807c	candidate_created	7
00494f60	00818080	candidate_created	13
00494f70	00818084	candidate_created	7
00494f80	0081817c	candidate_created	13
00494f90	00818180	candidate_created	7
00494fa0	008180c4	candidate_created	7
00494fb0	008180cc	candidate_created	7
00494fc0	008180d4	candidate_created	7
00494fd0	008180dc	candidate_created	7
00494fe0	008180e4	candidate_created	7
00494ff0	008180ec	candidate_created	7
00495000	008180f4	candidate_created	7
00495010	008180fc	candidate_created	7
00495020	00818184	candidate_created	7
00495030	00818188	candidate_created	7
00495040	00817fe8	candidate_created	10
00495050	00817fec	candidate_created	10
00495060	00818198	candidate_created	13
00495070	0081819c	candidate_created	7
00495080	008181a0	candidate_created	13
00495090	008181a4	candidate_created	7
004950a0	008181ac	candidate_created	13
004950b0	008181b0	candidate_created	7
004950c0	008181c0	candidate_created	7
004950d0	008181d4	candidate_created	13
004950e0	008181d8	candidate_created	7
004950f0	008181e4	candidate_created	13
00495100	008181f8	candidate_created	13
00495110	008181fc	candidate_created	7
00495120	00818200	candidate_created	13
00495130	00818204	candidate_created	7
00495140	00818208	candidate_created	13
00495150	0081820c	candidate_created	7
00495160	00818210	candidate_created	13
00495170	00818214	candidate_created	7
00495180	00818238	candidate_created	27
004951a0	00818218	candidate_created	13
004951b0	00817ebc	candidate_created	11
004951c0	00817ec8	candidate_created	11
004951d0	00817f30	candidate_created	11
004951e0	00817f3c	candidate_created	11
004951f0	00817f44	candidate_created	11
00495200	008181a8	candidate_created	11
00495210	00818228	candidate_created	11
00495220	00818248	candidate_created	14
00495230	0081824c	candidate_created	32
00495250	00818028	candidate_created	82
004952b0	00817ec0	candidate_created	11
004952c0	00817ec4	candidate_created	11
004952d0	00818234	candidate_created	19
00497360	00818488	candidate_created	12
00497370	008184b4	candidate_created	26
00497470	00818578	candidate_created	8
00497480	00818580	candidate_created	8
00497490	0081857c	candidate_created	8
00497540	00818584	candidate_created	8
004979d0	00819204	candidate_created	38
00498040	008190dc	candidate_created	43
004982e0	00818504	candidate_created	30
00498900	008193b8	candidate_created	6
00498970	008193f8	candidate_created	6
004989e0	00819438	candidate_created	6
00498b20	008194f4	candidate_created	12
00498b30	0084fae0	candidate_created	17
00498b50	0084fae4	candidate_created	17
00498c30	00819578	candidate_created	6
00498ca0	008195b8	candidate_created	6
00498d10	008195f8	candidate_created	6
00498d80	00819638	candidate_created	6
00498df0	00819678	candidate_created	6
00498e60	008196b8	candidate_created	6
00498ed0	008196f8	candidate_created	6
00498f40	00819738	candidate_created	6
00498fb0	00819778	candidate_created	6
00499020	008197b8	candidate_created	6
00499090	008197f8	candidate_created	6
00499100	00819838	candidate_created	6
00499170	00819878	candidate_created	6
004991e0	008198b8	candidate_created	6
00499250	008198f8	candidate_created	6
004992c0	00819938	candidate_created	6
00499330	00819978	candidate_created	6
004993a0	008199b8	candidate_created	6
00499410	008199f8	candidate_created	6
00499480	00819a38	candidate_created	6
004994f0	00819a78	candidate_created	6
00499560	00819ab8	candidate_created	6
004995d0	00819af8	candidate_created	6
00499640	00819b38	candidate_created	6
004996b0	00819b78	candidate_created	6
00499720	00819bb8	candidate_created	6
00499790	00819bf8	candidate_created	6
00499800	00819c38	candidate_created	6
00499870	00819c78	candidate_created	6
004998e0	00819cb8	candidate_created	6
00499950	00819cf8	candidate_created	6
004999c0	00819d38	candidate_created	6
00499a30	00819d78	candidate_created	6
00499aa0	00819db8	candidate_created	6
00499b50	008191c0	candidate_created	6
00499b60	008184b0	candidate_created	6
00499b70	008191c8	candidate_created	6
00499b80	00819e14	candidate_created	6
00499b90	00818598	candidate_created	12
00499bd0	00818638	candidate_created	46
00499c00	008186e8	candidate_created	12
00499c40	00818798	candidate_created	12
00499c80	00818838	candidate_created	46
00499cb0	008188d8	candidate_created	12
00499cf0	00818a18	candidate_created	46
00499d20	00818ab8	candidate_created	12
00499d60	00818b58	candidate_created	12
00499da0	00818c08	candidate_created	12
00499de0	00818ca8	candidate_created	46
00499e10	00818d48	candidate_created	12
00499e50	00818de8	candidate_created	12
00499e90	00818e88	candidate_created	12
00499ed0	00818f38	candidate_created	12
00499f10	00818fd8	candidate_created	12
00499f50	00819078	candidate_created	12
00499f90	0081920c	candidate_created	32
00499fb0	00819214	candidate_created	32
00499fd0	0081921c	candidate_created	32
00499ff0	00819224	candidate_created	32
0049a010	0081922c	candidate_created	32
0049a030	00819234	candidate_created	32
0049a050	0081923c	candidate_created	32
0049a070	00819244	candidate_created	32
0049a090	0081924c	candidate_created	32
0049a0b0	00819254	candidate_created	32
0049a0d0	0081925c	candidate_created	32
0049a0f0	00819264	candidate_created	32
0049a110	0081926c	candidate_created	32
0049a130	00819274	candidate_created	32
0049a150	0081927c	candidate_created	32
0049a170	00819284	candidate_created	32
0049a190	0081928c	candidate_created	32
0049a1b0	00819294	candidate_created	32
0049a1d0	0081929c	candidate_created	32
0049a1f0	008192a4	candidate_created	32
0049a210	008192ac	candidate_created	32
0049a230	008192b4	candidate_created	32
0049a250	008192bc	candidate_created	32
0049a270	008192c4	candidate_created	32
0049a290	008192cc	candidate_created	32
0049a2b0	008192d4	candidate_created	32
0049a2d0	008192dc	candidate_created	32
0049a2f0	008192e4	candidate_created	32
0049a310	008192ec	candidate_created	32
0049a330	008192f4	candidate_created	32
0049a350	008192fc	candidate_created	32
0049a370	00819304	candidate_created	32
0049a390	0081930c	candidate_created	32
0049a3b0	00819314	candidate_created	32
0049a3d0	0081931c	candidate_created	32
0049a3f0	00819324	candidate_created	32
0049a410	0081932c	candidate_created	32
0049a430	00819334	candidate_created	32
0049a450	0081933c	candidate_created	32
0049a470	00819344	candidate_created	32
0049a490	0081934c	candidate_created	32
0049a4b0	00819354	candidate_created	32
0049a4d0	0081935c	candidate_created	32
0049a4f0	00819364	candidate_created	32
0049a510	0081936c	candidate_created	32
0049a530	00819374	candidate_created	32
0049a550	0081937c	candidate_created	32
0049a570	00819384	candidate_created	32
0049a590	0081938c	candidate_created	32
0049a5b0	00819394	candidate_created	32
0049a5d0	0081939c	candidate_created	32
0049a5f0	00819690	candidate_created	6
0049a640	00819450	candidate_created	6
0049a650	008196d0	candidate_created	6
0049a660	00819710	candidate_created	6
0049a670	00819750	candidate_created	6
0049a680	00819790	candidate_created	6
0049a690	0081a400	candidate_created	6
0049a6a0	0081a408	candidate_created	6
0049a6b0	0081a44c	candidate_created	6
0049a6c0	0081a454	candidate_created	6
0049a6d0	0081a498	candidate_created	6
0049a6e0	0081a4a0	candidate_created	6
0049a6f0	0081a4e4	candidate_created	6
0049a700	0081a4ec	candidate_created	6
0049a710	0081a530	candidate_created	6
0049a720	0081a538	candidate_created	6
0049a730	0081a57c	candidate_created	6
0049a740	0081a584	candidate_created	6
0049a750	0081a5c8	candidate_created	6
0049a760	0081a5d0	candidate_created	6
0049a770	0081a614	candidate_created	6
0049a780	0081a61c	candidate_created	6
0049a790	0081a660	candidate_created	6
0049a7a0	0081a668	candidate_created	6
0049a7b0	0081a6ac	candidate_created	6
0049a7c0	0081a6b4	candidate_created	6
0049a7d0	0081a6f8	candidate_created	6
0049a7e0	0081a700	candidate_created	6
0049a7f0	0081a744	candidate_created	6
0049a800	0081a74c	candidate_created	6
0049a810	0081a790	candidate_created	6
0049a820	0081a798	candidate_created	6
0049a830	0081a7dc	candidate_created	6
0049a840	0081a7e4	candidate_created	6
0049a850	0081a828	candidate_created	6
0049a860	0081a830	candidate_created	6
0049a870	0081a874	candidate_created	6
0049a880	0081a87c	candidate_created	6
0049a890	0081a8c0	candidate_created	6
0049a8a0	0081a8c8	candidate_created	6
0049a8b0	0081a90c	candidate_created	6
0049a8c0	0081a914	candidate_created	6
0049a8d0	0081a958	candidate_created	6
0049a8e0	0081a960	candidate_created	6
0049a8f0	0081a9a4	candidate_created	6
0049a900	0081a9ac	candidate_created	6
0049a910	0081a9f0	candidate_created	6
0049a920	0081a9f8	candidate_created	6
0049a930	0081aa3c	candidate_created	6
0049a940	0081aa44	candidate_created	6
0049a950	00819de4	candidate_created	8
0049abe0	008193d0	candidate_created	6
0049abf0	008193bc	candidate_created	35
0049ac20	00819410	candidate_created	6
0049ac30	008193fc	candidate_created	35
0049ac60	0081943c	candidate_created	35
0049ac90	008194ac	candidate_created	5
0049aca0	008194ec	candidate_created	10
0049acb0	00819590	candidate_created	6
0049acc0	0081957c	candidate_created	35
0049acf0	008195d0	candidate_created	6
0049ad00	008195bc	candidate_created	35
0049ad30	00819610	candidate_created	6
0049ad40	008195fc	candidate_created	35
0049ad70	0081963c	candidate_created	35
0049ada0	0081967c	candidate_created	35
0049add0	008196bc	candidate_created	35
0049ae00	008196fc	candidate_created	35
0049ae30	0081973c	candidate_created	35
0049ae60	0081977c	candidate_created	35
0049ae90	008197d0	candidate_created	6
0049aea0	008197bc	candidate_created	35
0049aed0	00819810	candidate_created	6
0049aee0	008197fc	candidate_created	35
0049af10	00819850	candidate_created	6
0049af20	0081983c	candidate_created	35
0049af50	00819890	candidate_created	6
0049af60	0081987c	candidate_created	35
0049af90	008198d0	candidate_created	6
0049afa0	008198bc	candidate_created	35
0049afd0	00819910	candidate_created	6
0049afe0	008198fc	candidate_created	35
0049b010	00819950	candidate_created	6
0049b020	0081993c	candidate_created	35
0049b050	00819990	candidate_created	6
0049b060	0081997c	candidate_created	35
0049b090	008199d0	candidate_created	6
0049b0a0	008199bc	candidate_created	35
0049b0d0	00819a10	candidate_created	6
0049b0e0	008199fc	candidate_created	35
0049b110	00819a50	candidate_created	6
0049b120	00819a3c	candidate_created	35
0049b150	00819a90	candidate_created	6
0049b160	00819a7c	candidate_created	35
0049b190	00819ad0	candidate_created	6
0049b1a0	00819abc	candidate_created	35
0049b1d0	00819b10	candidate_created	6
0049b1e0	00819afc	candidate_created	35
0049b210	00819b50	candidate_created	6
0049b220	00819b3c	candidate_created	35
0049b250	00819b90	candidate_created	6
0049b260	00819b7c	candidate_created	35
0049b290	00819bd0	candidate_created	6
0049b2a0	00819bbc	candidate_created	35
0049b2d0	00819c10	candidate_created	6
0049b2e0	00819bfc	candidate_created	35
0049b310	00819c50	candidate_created	6
0049b320	00819c3c	candidate_created	35
0049b350	00819c90	candidate_created	6
0049b360	00819c7c	candidate_created	35
0049b390	00819cd0	candidate_created	6
0049b3a0	00819cbc	candidate_created	35
0049b3d0	00819d10	candidate_created	6
0049b3e0	00819cfc	candidate_created	35
0049b410	00819d50	candidate_created	6
0049b420	00819d3c	candidate_created	35
0049b450	00819d90	candidate_created	6
0049b460	00819d7c	candidate_created	35
0049b490	00818484	candidate_created	28
0049b4b0	00819dd0	candidate_created	6
0049b4c0	00819dbc	candidate_created	35
0049b4f0	008191d4	candidate_created	24
0049b850	0081947c	candidate_created	35
0049b880	00819478	candidate_created	6
0049b890	0081aa70	candidate_created	6
0049b900	008194bc	candidate_created	35
0049b930	008194b8	candidate_created	6
0049b940	0081aab0	candidate_created	6
0049b9b0	008194fc	candidate_created	35
0049b9e0	008194f8	candidate_created	6
0049b9f0	0081aaf0	candidate_created	6
0049ba60	0081aaf4	candidate_created	35
0049ba90	0081953c	candidate_created	35
0049bac0	00819538	candidate_created	6
0049bad0	0081ab30	candidate_created	6
0049bb40	0081ab70	candidate_created	6
0049bbb0	00818554	candidate_created	133
0049bc40	0081abf0	candidate_created	6
0049cdc0	0081ab74	candidate_created	35
0049cdf0	0081abb0	candidate_created	6
0049ce60	0081abb4	candidate_created	35
0049ce90	0081abf4	candidate_created	35
0049cec0	0081ac30	candidate_created	6
0049cf30	0081ac34	candidate_created	35
0049cf90	0081abec	candidate_created	20
0049d200	00819fa4	candidate_created	52
0049d240	0081a16c	candidate_created	52
0049d2b0	0081a3cc	candidate_created	55
0049d2f0	0081a418	candidate_created	64
0049d390	0081a464	candidate_created	64
0049d3d0	0081a4b0	candidate_created	64
0049d410	0081a4fc	candidate_created	64
0049d450	0081a548	candidate_created	62
0049d4f0	0081a594	candidate_created	62
0049d530	0081a5e0	candidate_created	62
0049d5d0	0081a62c	candidate_created	64
0049d610	0081a678	candidate_created	64
0049d650	0081a6c4	candidate_created	62
0049d690	0081a710	candidate_created	64
0049d6d0	0081a75c	candidate_created	62
0049d710	0081a7a8	candidate_created	62
0049d750	0081a7f4	candidate_created	62
0049d790	0081a840	candidate_created	62
0049d7d0	0081a88c	candidate_created	65
0049d850	0081a8d8	candidate_created	65
0049d8d0	0081a924	candidate_created	64
0049d910	0081a970	candidate_created	64
0049d970	0081a9bc	candidate_created	62
0049d9b0	0081aa08	candidate_created	62
0049d9f0	0081aa54	candidate_created	62
0049e330	00818568	candidate_created	13
0049e410	0081af44	candidate_created	86
0049e4e0	00819e28	candidate_created	78
0049e530	0081af64	candidate_created	10
0049e570	00819e74	candidate_created	78
0049e5c0	0081a03c	candidate_created	78
0049e610	0081a0d4	candidate_created	54
0049e720	0081a2e8	candidate_created	93
0049ec70	0081b01c	candidate_created	14
004a0cc0	0081b820	candidate_created	8
004a0dc0	0081b868	candidate_created	8
004a0ec0	0081b8b0	candidate_created	8
004a0f00	0081b860	candidate_created	116
004a1040	0081b8f8	candidate_created	8
004a1140	0081b940	candidate_created	8
004a1240	0081b988	candidate_created	8
004a1340	0081b9d0	candidate_created	8
004a1440	0081ba18	candidate_created	8
004a1540	0081ba60	candidate_created	8
004a1640	0081baa8	candidate_created	8
004a1740	0081baf0	candidate_created	8
004a1840	0081bb38	candidate_created	8
004a1940	0081bb80	candidate_created	8
004a1a40	0081bbc8	candidate_created	8
004a1b40	0081bc10	candidate_created	8
004a1c40	0081bc58	candidate_created	8
004a1d40	0081bca0	candidate_created	8
004a1ea0	0081bd60	candidate_created	169
004a1fd0	0081bda0	candidate_created	177
004a2130	0081bde4	candidate_created	12
004a2210	0081be24	candidate_created	12
004a3120	0081c0b4	candidate_created	8
004a32b0	0081be4c	candidate_created	31
004a32d0	0081c13c	candidate_created	123
004a51d0	0081c32c	candidate_created	12
004a5350	0081c3ac	candidate_created	46
004a5540	00819f58	candidate_created	55
004a5580	00819ff0	candidate_created	52
004a5610	0081a088	candidate_created	52
004a56a0	0081a1b8	candidate_created	71
004a5750	0081a204	candidate_created	52
004a5790	0081a250	candidate_created	58
004a57d0	0081a29c	candidate_created	93
004a5970	0081a334	candidate_created	55
004a5b10	0081c52c	candidate_created	35
004a5fa0	0081c4d8	candidate_created	261
004a60e0	0081cb24	candidate_created	68
004a62f0	0081c68c	candidate_created	68
004a6560	0081c534	candidate_created	68
004a6930	0081a120	candidate_created	55
004a6970	0081a380	candidate_created	52
004a6a80	0081c5e4	candidate_created	68
004a6be0	0081d1ec	candidate_created	8
004a77a0	0081d50c	candidate_created	12
004afac0	0081dec4	candidate_created	713
004b0600	0081debc	candidate_created	22
004b2d70	00813e9c	candidate_created	93
004b3040	00813e94	candidate_created	53
004b3d00	0081e96c	candidate_created	33
004b5ad0	0081ecd4	candidate_created	29
004b5af0	0081ecdc	candidate_created	29
004b5c40	0081ed00	candidate_created	34
004b6770	0081ece0	candidate_created	92
004b67d0	0081ecb0	candidate_created	47
004b6e40	0081eca0	candidate_created	33
004b6e70	0081ecac	candidate_created	10
004b6e80	0081ecfc	candidate_created	98
004b7390	0081ecd8	candidate_created	237
004b7790	0081ed68	candidate_created	37
004b7810	0081edcc	candidate_created	32
004b7830	0081ee78	candidate_created	129
004b78c0	0081ee80	candidate_created	15
004b79f0	0081ee4c	candidate_created	80
004b7c30	0081ed60	candidate_created	33
004b7c90	0081eda4	candidate_created	4
004b7ca0	0081eda8	candidate_created	13
004b7cb0	0081edac	candidate_created	7
004b7cc0	0081ee68	candidate_created	13
004b7cd0	0081ee6c	candidate_created	7
004b7ce0	0081edb0	candidate_created	21
004b7d00	00817fcc	candidate_created	7
004b7d10	0081ee70	candidate_created	21
004b7d30	0081ee74	candidate_created	7
004b7d40	0081edd4	candidate_created	10
004b7d50	0081edd8	candidate_created	4
004b7d70	0081edc4	candidate_created	26
004b7d90	0081ee8c	candidate_created	13
004b7da0	0081ee90	candidate_created	7
004b7dd0	0081ed84	candidate_created	7
004b7df0	0081edf8	candidate_created	13
004b7e10	0081ee98	candidate_created	7
004b7e20	0081ee00	candidate_created	13
004b7e30	0081ee04	candidate_created	7
004b7e40	0081ee08	candidate_created	13
004b7e50	0081ee0c	candidate_created	7
004b7e60	0081ee10	candidate_created	13
004b7e70	0081ee14	candidate_created	7
004b7e90	0081ee24	candidate_created	7
004b7ea0	0081ee18	candidate_created	13
004b7eb0	0081ee1c	candidate_created	7
004b7ec0	0081ee28	candidate_created	23
004b7ee0	0081ee2c	candidate_created	7
004b7ef0	0081ee30	candidate_created	13
004b7f00	0081ee34	candidate_created	7
004b7f20	0081ee3c	candidate_created	7
004b7f30	0081ee64	candidate_created	7
004b7f40	0081ee44	candidate_created	13
004b7f50	0081ee48	candidate_created	7
004b7f60	0081ee40	candidate_created	8
004b7f70	0081ee88	candidate_created	13
004b7f80	0081ee84	candidate_created	47
004b8090	0081ed54	candidate_created	27
004b8b70	0081ef44	candidate_created	86
004b8bd0	0081ef4c	candidate_created	10
004b8be0	0081ef54	candidate_created	91
004b8c40	0081eed8	candidate_created	31
004b8c60	0081eee0	candidate_created	765
004b9060	0081ef10	candidate_created	14
004b9490	0081eee8	candidate_created	1522
004b9f10	0081ef1c	candidate_created	10
004b9f30	0081ef24	candidate_created	10
004b9f40	0081ef28	candidate_created	4
004b9f50	0081ef2c	candidate_created	10
004b9f90	0081ef48	candidate_created	4
004b9fa0	0081ef50	candidate_created	4
004b9fb0	0081eec8	candidate_created	8
004b9fc0	0081eed4	candidate_created	8
004b9ff0	0081ef5c	candidate_created	27
004ba6d0	0081ef60	candidate_created	15
004bfc00	0081f634	candidate_created	49
004bfc40	0081f650	candidate_created	78
004bfcb0	0081f1b8	candidate_created	6
004bfd40	0081f8b8	candidate_created	40
004c0210	0081f630	candidate_created	20
004c0860	0081f5d4	candidate_created	6
004c0f40	0081f698	candidate_created	6
004c14c0	0081f75c	candidate_created	6
004c1550	008176c4	candidate_created	6
004c15d0	0081f794	candidate_created	6
004c1650	0081f7b0	candidate_created	6
004c16e0	0081f7cc	candidate_created	6
004c17f0	0081f7e8	candidate_created	6
004c1890	0081f510	candidate_created	6
004c1a20	0081f820	candidate_created	6
004c1ab0	0081f83c	candidate_created	6
004c1bc0	0081f858	candidate_created	6
004c1e00	0081f890	candidate_created	6
004c21f0	0081f8c8	candidate_created	6
004c27a0	0081f520	candidate_created	146
004c2840	0081f524	candidate_created	212
004c2920	00817948	candidate_created	122
004c29a0	0081794c	candidate_created	172
004c2a50	008178f4	candidate_created	95
004c2ab0	008178f8	candidate_created	128
004c2b30	008178d8	candidate_created	187
004c2bf0	008178dc	candidate_created	255
004c2cf0	0081f1ac	candidate_created	352
004c2e50	0081f1b0	candidate_created	394
004c2fe0	00817850	candidate_created	106
004c3050	0081784c	candidate_created	72
004c3120	00817910	candidate_created	93
004c3180	0081f68c	candidate_created	95
004c31e0	0081f690	candidate_created	150
004c3280	00817914	candidate_created	128
004c33e0	0081f63c	candidate_created	258
004c34f0	0081f654	candidate_created	118
004c3570	0081f658	candidate_created	153
004c3610	0081f61c	candidate_created	74
004c3660	0081f620	candidate_created	106
004c36d0	0081f814	candidate_created	328
004c3820	0081f818	candidate_created	339
004c3980	0081f86c	candidate_created	113
004c3a00	0081f834	candidate_created	100
004c3a70	00817830	candidate_created	86
004c3ad0	00817834	candidate_created	125
004c3bb0	0081f788	candidate_created	179
004c3c70	0081f78c	candidate_created	196
004c3d80	0081f604	candidate_created	162
004c3e30	0081792c	candidate_created	89
004c3e90	00817930	candidate_created	141
004c3f20	0081f238	candidate_created	95
004c3f80	0081f23c	candidate_created	150
004c4020	008178a0	candidate_created	91
004c4080	008178a4	candidate_created	128
004c4100	0081f7e0	candidate_created	81
004c4160	0081f6e0	candidate_created	87
004c41c0	0081f6e4	candidate_created	100
004c4230	0081f84c	candidate_created	72
004c4280	0081f850	candidate_created	105
004c42f0	0081f1c8	candidate_created	91
004c4350	0081f1cc	candidate_created	128
004c43d0	0081f884	candidate_created	259
004c44e0	0081f888	candidate_created	237
004c4542	00856f9c	absorbed	0
004c4544	0085771c	absorbed	0
004c45d0	0081f53c	candidate_created	197
004c46a0	0081f540	candidate_created	227
004c4820	0081f55c	candidate_created	240
004c4843	00857288	absorbed	0
004c4910	0081f1e4	candidate_created	166
004c49c0	0081f1e8	candidate_created	265
004c4ad0	00817868	candidate_created	91
004c4b30	0081786c	candidate_created	126
004c4d00	00817888	candidate_created	419
004c4eb0	0081f504	candidate_created	103
004c4f20	0081f508	candidate_created	201
004c4ff0	0081f4e8	candidate_created	110
004c5060	0081f4ec	candidate_created	145
004c5100	0081f8bc	candidate_created	72
004c5150	0081f8c0	candidate_created	105
004c5280	0081f220	candidate_created	100
004c52f0	0081f574	candidate_created	194
004c5345	00857280	absorbed	0
004c53c0	0081f578	candidate_created	207
004c5490	0081f594	candidate_created	125
004c5510	0081f590	candidate_created	92
004c5570	0081f5b0	candidate_created	339
004c56d0	0081f5ac	candidate_created	287
004c57f0	0081f8f4	candidate_created	91
004c5850	0081f8f8	candidate_created	127
004c58d0	0081f5c8	candidate_created	293
004c5a00	0081f5cc	candidate_created	298
004c5b30	0081f5e8	candidate_created	219
004c5c10	0081f5e4	candidate_created	176
004c8150	0081837c	candidate_created	52
004c8190	00817f60	candidate_created	35
004c81c0	00817f5c	candidate_created	116
004c8240	00817f64	candidate_created	25
004c8260	00817f68	candidate_created	41
004c8290	00817f6c	candidate_created	118
004c8410	00817ff0	candidate_created	73
004c8460	00817ff8	candidate_created	73
004c84b0	00818000	candidate_created	73
004c8500	00818008	candidate_created	73
004c8550	00818010	candidate_created	13
004c8560	00818018	candidate_created	13
004c86c0	00818054	candidate_created	23
004c86e0	008181bc	candidate_created	31
004c8700	008181c4	candidate_created	212
004c92c0	00818174	candidate_created	20
004c9ac0	008183e0	candidate_created	94
004ca030	0081828c	candidate_created	190
004ca910	008183d0	candidate_created	1825
004cd510	0081827c	candidate_created	26
004cd900	00818300	candidate_created	792
004cecd0	00817f34	candidate_created	258
004d0930	00817ef0	candidate_created	121
004d11b0	008181cc	candidate_created	175
004d6880	00818090	candidate_created	11
004d6890	00818094	candidate_created	11
004d68a0	00818098	candidate_created	11
004d68b0	0081809c	candidate_created	11
004d68c0	008180a0	candidate_created	49
004d6900	008180a4	candidate_created	11
004d6910	008180a8	candidate_created	13
004d6920	008180ac	candidate_created	7
004d6930	008180b0	candidate_created	13
004d6940	008180b4	candidate_created	7
004d6950	008180b8	candidate_created	25
004d6970	008180bc	candidate_created	7
004d6980	00818100	candidate_created	13
004d6990	00818104	candidate_created	7
004d69a0	00818110	candidate_created	49
004d69e0	00818114	candidate_created	52
004d6a40	0081812c	candidate_created	36
004d6a70	00818154	candidate_created	34
004d6aa0	0081813c	candidate_created	29
004d6ac0	0081815c	candidate_created	65
004d6ae0	00817f08	candidate_created	50
004d6b20	00817f10	candidate_created	50
004d6b60	00818138	candidate_created	32
004d6b80	00818168	candidate_created	22
004d6ba0	00818170	candidate_created	22
004d71d0	00818124	candidate_created	41
004d7260	0081814c	candidate_created	39
004d7290	00818130	candidate_created	100
004d7570	00818134	candidate_created	336
004d7ec0	0081810c	candidate_created	90
004d9150	0081acd4	candidate_created	21
004d9230	0081acac	candidate_created	107
004d92a0	0081ad10	candidate_created	36
004d9360	0081addc	candidate_created	133
004d94c0	0081ae30	candidate_created	55
004d9500	0081ae44	candidate_created	71
004d9730	0081adc4	candidate_created	1418
004d9d00	0081add8	candidate_created	1133
004da1b0	0081adec	candidate_created	1614
004db300	0081ae28	candidate_created	1222
004db800	0081ae3c	candidate_created	1222
004dc0b0	0081ae64	candidate_created	1130
004dc550	0081ae78	candidate_created	1417
004dcb20	0081ae14	candidate_created	1417
004ddbf0	0082008c	candidate_created	16
004df0e0	0082010c	candidate_created	22
004df990	00820174	candidate_created	30
004df9b0	00820178	candidate_created	23
004dfa30	00820184	candidate_created	18
004dfa70	0082017c	candidate_created	105
004e1c70	008203c8	candidate_created	20
004e1cd0	008203d8	candidate_created	15
004e1ce0	008203e0	candidate_created	43
004e1d30	00807110	candidate_created	23
004e1d8e	00807124	candidate_created	16
004e1de6	0080713c	candidate_created	4
004e1df6	00807140	candidate_created	520
004e1e32	0080714c	absorbed	0
004e1e7a	00807158	absorbed	0
004e1f16	00807184	absorbed	0
004e1f82	008071a0	absorbed	0
004e2000	008203dc	candidate_created	114
004e2036	008071c0	absorbed	0
004e2042	008071c4	absorbed	0
004e2064	008071cc	absorbed	0
004e2a30	00820458	candidate_created	37
004e2a80	00820478	candidate_created	20
004e2aa0	0082047c	candidate_created	20
004e2af0	00820484	candidate_created	20
004e5a50	00809d44	candidate_created	18
004e5d40	00809d40	candidate_created	767
004e6200	008208ec	candidate_created	18
004e64b0	00820968	candidate_created	112
004e6520	00820970	candidate_created	303
004e67b0	008209d8	candidate_created	143
004e6880	008209e0	candidate_created	153
004e6a30	00820a44	candidate_created	40
004e6a60	00820a48	candidate_created	143
004e6af0	00820a50	candidate_created	153
004e6ca0	00820ab4	candidate_created	40
004e6cd0	00820ab8	candidate_created	143
004e6d60	00820ac0	candidate_created	153
004e6f10	00820b2c	candidate_created	40
004e6f40	00820b30	candidate_created	143
004e6fd0	00820b38	candidate_created	153
004e7180	00820b9c	candidate_created	40
004e71b0	00820ba0	candidate_created	143
004e7240	00820ba8	candidate_created	153
004e73f0	00820c18	candidate_created	143
004e7480	00820c20	candidate_created	153
004e7630	00820c84	candidate_created	40
004e7660	00820c88	candidate_created	143
004e76f0	00820c90	candidate_created	153
004e7790	00820a4c	candidate_created	256
004e79a0	008209d4	candidate_created	40
004e79d0	00820d00	candidate_created	67
004e7a70	00820d08	candidate_created	153
004e7c20	00820c14	candidate_created	40
004e7c50	00820d80	candidate_created	104
004e7cc0	00820d88	candidate_created	153
004e7e70	00820dfc	candidate_created	40
004e7ea0	00820e00	candidate_created	96
004e7f00	00820e08	candidate_created	153
004e8040	00820e7c	candidate_created	18
004e8210	00820ee4	candidate_created	14
004e8220	00820ef0	candidate_created	384
004e8630	00820fcc	candidate_created	40
004e8660	00820fd0	candidate_created	140
004e8730	00820fd8	candidate_created	214
004e8920	00821044	candidate_created	40
004e8950	00821048	candidate_created	147
004e89f0	00821050	candidate_created	220
004e8be0	008210bc	candidate_created	40
004e8c10	008210c0	candidate_created	147
004e8cb0	008210c8	candidate_created	220
004e8ea0	00821134	candidate_created	40
004e8ed0	00821138	candidate_created	147
004e8f70	00821140	candidate_created	220
004e9160	008211b4	candidate_created	40
004e9190	008211b8	candidate_created	147
004e9230	008211c0	candidate_created	220
004e9420	0082122c	candidate_created	40
004e9450	00821230	candidate_created	147
004e94f0	00821238	candidate_created	220
004e96e0	008212a4	candidate_created	40
004e9710	008212a8	candidate_created	147
004e97b0	008212b0	candidate_created	220
004e99a0	0082131c	candidate_created	40
004e99d0	00821320	candidate_created	147
004e9a70	00821328	candidate_created	220
004e9c60	008213a4	candidate_created	40
004e9c90	008213a8	candidate_created	147
004e9d30	008213b0	candidate_created	220
004e9f20	00821414	candidate_created	40
004e9f50	00821418	candidate_created	147
004e9ff0	00821420	candidate_created	220
004ea1e0	0082148c	candidate_created	40
004ea210	00821490	candidate_created	147
004ea2b0	00821498	candidate_created	220
004ea500	00821518	candidate_created	553
004ea810	00821514	candidate_created	253
004eaa20	00821578	candidate_created	70
004eaa70	00821580	candidate_created	220
004eae00	0082150c	candidate_created	14
004eae10	008216d8	candidate_created	283
004eb140	0082174c	candidate_created	52
004eb180	00821750	candidate_created	167
004eb280	00821758	candidate_created	220
004eb470	008217bc	candidate_created	52
004eb4b0	008217c0	candidate_created	167
004eb560	008217c8	candidate_created	220
004eb6e0	0082182c	candidate_created	18
004eb8b0	008218a0	candidate_created	220
004eb990	00820eec	candidate_created	254
004ebc60	00821908	candidate_created	388
004ebf00	00821980	candidate_created	77
004ebf50	00821988	candidate_created	220
004ec1c0	008219f8	candidate_created	236
004ec2b0	008219f4	candidate_created	253
004ec4c0	00821a60	candidate_created	77
004ec510	00821a68	candidate_created	220
004ec690	0082197c	candidate_created	14
004ec7a0	00820e84	candidate_created	258
004ecfe0	00821c60	candidate_created	422
004ed190	00821c5c	candidate_created	319
004ed2d0	00821c58	candidate_created	140
004ed650	00821ce0	candidate_created	220
004ed730	00821cd8	candidate_created	54
004ede90	00820f58	candidate_created	78
004edfd0	008215e8	candidate_created	78
004eec70	00821e6c	candidate_created	597
004ef170	00821ecc	candidate_created	6
004ef180	00821ee8	candidate_created	45
004ef1b0	00821eb0	candidate_created	8
004ef1c0	00821ec0	candidate_created	8
004ef1d0	00821ec4	candidate_created	26
004ef1f0	00821eec	candidate_created	44
004ef400	00821e1c	candidate_created	3335
004f004e	009433ac	absorbed	0
004f0210	00822310	candidate_created	30
004f0230	00822314	candidate_created	54
004f0270	00822318	candidate_created	28
004f02e0	008221bc	candidate_created	25
004f0300	00822108	candidate_created	53
004f03f0	008221dc	candidate_created	37
004f0420	008221e0	candidate_created	19
004f0720	0082227c	candidate_created	178
004f27a0	008221f0	candidate_created	4
004f27b0	008221f4	candidate_created	10
004f27c0	008221f8	candidate_created	13
004f27e0	00822124	candidate_created	17
004f2810	00822130	candidate_created	13
004f2830	008221cc	candidate_created	11
004f2840	008221d8	candidate_created	11
004f2850	008221a8	candidate_created	11
004f2860	008221b4	candidate_created	11
004f2870	008220e4	candidate_created	11
004f2880	008220f0	candidate_created	11
004f2890	00822230	candidate_created	14
004f28a0	00822234	candidate_created	32
004f28c0	008221d0	candidate_created	11
004f28d0	008221d4	candidate_created	11
004f28e0	008221ac	candidate_created	11
004f28f0	008221b0	candidate_created	11
004f2900	008220e8	candidate_created	11
004f2910	008220ec	candidate_created	11
004f2920	00822184	candidate_created	4
004f2bd0	00809d64	candidate_created	47
004f2c00	00809d68	candidate_created	39
004f2d30	00820964	candidate_created	14
004f2d40	008223a8	candidate_created	28
004f30c0	00809d8c	candidate_created	18
004f3310	0082254c	candidate_created	6
004f3320	0082256c	candidate_created	34
004f3350	00822568	candidate_created	26
004f3710	00822650	candidate_created	54
004f3750	00822658	candidate_created	105
004f38d0	008226c8	candidate_created	55
004f3910	008226d0	candidate_created	153
004f3ac0	00822740	candidate_created	55
004f3b00	00822748	candidate_created	153
004f3cb0	008227b8	candidate_created	55
004f3cf0	008227c0	candidate_created	153
004f3ea0	0082282c	candidate_created	18
004f3f30	00822838	candidate_created	153
004f4150	008228b0	candidate_created	153
004f4370	00822928	candidate_created	153
004f4580	008229a0	candidate_created	153
004f47b0	00822a18	candidate_created	173
004f4970	00822a80	candidate_created	95
004f49d0	00822a88	candidate_created	153
004f4b80	00822af0	candidate_created	95
004f4be0	00822af8	candidate_created	153
004f4d90	00822b68	candidate_created	173
004f5000	00822bd8	candidate_created	84
004f5060	00822be0	candidate_created	153
004f5210	00822c48	candidate_created	134
004f52a0	00822c50	candidate_created	153
004f5450	00822cc0	candidate_created	134
004f5454	008574f4	absorbed	0
004f54e0	00822cc8	candidate_created	153
004f5690	00822d30	candidate_created	95
004f56f0	00822d38	candidate_created	153
004f5900	00822da0	candidate_created	153
004f5ab0	00822e10	candidate_created	95
004f5b10	00822e18	candidate_created	153
004f5cc0	00822e80	candidate_created	95
004f5d20	00822e88	candidate_created	153
004f5ed0	00822ef8	candidate_created	95
004f5f30	00822f00	candidate_created	153
004f60e0	00822f68	candidate_created	95
004f6140	00822f70	candidate_created	153
004f6350	00822fe8	candidate_created	153
004f6500	00823058	candidate_created	95
004f6560	00823060	candidate_created	153
004f6710	008230d0	candidate_created	95
004f6770	008230d8	candidate_created	153
004f6810	0080c50c	candidate_created	187
004f69e0	00823148	candidate_created	95
004f6a40	00823150	candidate_created	153
004f6bf0	008231c0	candidate_created	95
004f6c50	008231c8	candidate_created	153
004f6e00	00823238	candidate_created	95
004f6e60	00823240	candidate_created	153
004f7010	008232b8	candidate_created	95
004f7070	008232c0	candidate_created	153
004f7220	00823338	candidate_created	95
004f7280	00823340	candidate_created	153
004f7490	008233c0	candidate_created	153
004f7640	00823438	candidate_created	95
004f76a0	00823440	candidate_created	153
004f78b0	008234c8	candidate_created	153
004f7a60	00823538	candidate_created	95
004f7ac0	00823540	candidate_created	153
004f7c70	008235b0	candidate_created	95
004f7cd0	008235b8	candidate_created	153
004f7ef0	00823638	candidate_created	153
004f8110	008236a0	candidate_created	153
004f82d0	00823718	candidate_created	222
004f8590	00823788	candidate_created	222
004f88d0	008237f8	candidate_created	153
004f8a80	00823858	candidate_created	95
004f8ae0	00823860	candidate_created	153
004f8cf0	008238e0	candidate_created	153
004f8ea0	00823958	candidate_created	102
004f8f10	00823960	candidate_created	153
004f9130	008239e0	candidate_created	153
004f92e0	00823a50	candidate_created	95
004f9340	00823a58	candidate_created	153
004f94f0	00823ac8	candidate_created	101
004f9560	00823ad0	candidate_created	153
004f9770	00823b50	candidate_created	153
004f9980	00823bc0	candidate_created	153
004f9b90	00823c40	candidate_created	153
004f9da0	00823cb8	candidate_created	153
004f9fd0	00823d30	candidate_created	173
004fa080	00822b64	candidate_created	241
004fa290	00823da8	candidate_created	40
004fa2c0	00823db0	candidate_created	153
004fa550	00823e28	candidate_created	450
004fa960	00823f10	candidate_created	35
004faab0	00823f90	candidate_created	214
004fad70	00824000	candidate_created	283
004fb030	00824068	candidate_created	50
004fb070	00824070	candidate_created	220
004fb260	008240e0	candidate_created	40
004fb290	008240e8	candidate_created	220
004fb4e0	00824158	candidate_created	74
004fb530	00824160	candidate_created	388
004fb840	008241d0	candidate_created	123
004fb8c0	008241d8	candidate_created	404
004fbbe0	00824240	candidate_created	123
004fbc60	00824248	candidate_created	404
004fbf80	008242b8	candidate_created	220
004fc1e0	00824328	candidate_created	220
004fc3d0	00823e94	candidate_created	18
004fc3f0	00824390	candidate_created	40
004fc420	00824398	candidate_created	220
004fc610	0082440c	candidate_created	18
004fc630	00824410	candidate_created	46
004fc660	00824418	candidate_created	220
004fc850	00824488	candidate_created	57
004fc890	00824490	candidate_created	236
004fca90	008244f0	candidate_created	57
004fcad0	008244f8	candidate_created	236
004fccd0	00824484	candidate_created	18
004fccf0	00824558	candidate_created	46
004fcd20	00824560	candidate_created	220
004fcf10	008245c0	candidate_created	40
004fcf40	008245c8	candidate_created	220
004fd4e0	00809db0	candidate_created	18
004fdbf0	00809dac	candidate_created	468
004fdf00	00824830	candidate_created	210
004fe220	00824898	candidate_created	143
004fe420	00824918	candidate_created	143
004fe620	00824988	candidate_created	143
004fe7c0	008249f8	candidate_created	95
004fe820	00824a00	candidate_created	143
004fea20	00824a78	candidate_created	143
004febc0	00824ae8	candidate_created	95
004fec20	00824af0	candidate_created	143
004fedc0	00824b60	candidate_created	95
004fee20	00824b68	candidate_created	143
004fefc0	00824bd8	candidate_created	95
004ff020	00824be0	candidate_created	143
004ff260	00824c68	candidate_created	178
004ff780	00824cf8	candidate_created	190
004ffa10	00824d68	candidate_created	190
004ffca0	00824dd8	candidate_created	190
004ffd60	00824cf4	candidate_created	182
004ffff0	00824e48	candidate_created	190
00500280	00824ec8	candidate_created	190
00500510	00824f48	candidate_created	190
005007a0	00824fc8	candidate_created	190
00500a30	00825048	candidate_created	190
00500cc0	008250c0	candidate_created	190
00500f50	00825140	candidate_created	190
005011e0	008251c0	candidate_created	190
00501470	00825238	candidate_created	190
00501700	008252b8	candidate_created	190
00501930	00825330	candidate_created	143
00501b30	008253a8	candidate_created	143
00501d30	00825418	candidate_created	143
00501ed0	00824824	candidate_created	18
00501f50	00825490	candidate_created	143
00502150	00825508	candidate_created	143
00502350	00825578	candidate_created	143
00502550	008255f0	candidate_created	143
00502750	00825668	candidate_created	143
00502950	008256e0	candidate_created	143
00502b50	00825758	candidate_created	143
00502cf0	008257d0	candidate_created	97
00502d60	008257d8	candidate_created	143
00502f00	00825850	candidate_created	97
00502f70	00825858	candidate_created	143
00503120	008258c4	candidate_created	18
00503140	008258d0	candidate_created	210
00503450	00825938	candidate_created	143
005036b0	008259a0	candidate_created	190
00503940	00825a08	candidate_created	190
00503bd0	00825a78	candidate_created	190
00503e60	00825af0	candidate_created	190
00504030	00825b50	candidate_created	95
00504090	00825b58	candidate_created	143
00504230	00825bc8	candidate_created	95
00504290	00825bd0	candidate_created	143
0050434f	00857c2c	candidate_created	210
00504430	00825c40	candidate_created	95
00504490	00825c48	candidate_created	143
005046b0	00825cc0	candidate_created	162
00504910	00825d38	candidate_created	178
0050495a	0085d610	absorbed	0
00504b80	00825db0	candidate_created	178
00504df0	00825e30	candidate_created	178
00505060	00825ea8	candidate_created	178
00505290	00825f20	candidate_created	143
00505345	00856e60	candidate_created	220
00505490	00825f88	candidate_created	143
005056f0	00825ff0	candidate_created	190
00505980	00826058	candidate_created	190
00505c10	008260c0	candidate_created	190
00505ea0	00826128	candidate_created	190
00506110	00826190	candidate_created	178
00506380	008261f8	candidate_created	178
005065f0	00826260	candidate_created	178
005067d0	008262c8	candidate_created	210
00506ad0	00826330	candidate_created	143
00506cd0	008263a0	candidate_created	143
00506e70	00826418	candidate_created	100
00506ee0	00826420	candidate_created	143
00507140	00826498	candidate_created	190
00507370	0080747c	candidate_created	28
00507390	00826528	candidate_created	143
00507740	00826524	candidate_created	182
00507ab0	00826648	candidate_created	143
00507d10	008266c0	candidate_created	190
00507f40	00826738	candidate_created	143
005081a0	008267b0	candidate_created	190
00508410	00826828	candidate_created	178
00508680	008268a8	candidate_created	178
005088f0	00826920	candidate_created	178
005089b0	00824c64	candidate_created	182
00508c40	008269a0	candidate_created	190
00508ed0	00826a10	candidate_created	190
00509190	00826aa0	candidate_created	237
00509450	00826a9c	candidate_created	182
00509800	00826b18	candidate_created	190
00509a70	00826b90	candidate_created	178
00509c40	00825f7c	candidate_created	18
00509cc0	00826c10	candidate_created	143
00509ec0	00826c88	candidate_created	143
0050a0c0	00826cec	candidate_created	18
0050a0e0	00826cf0	candidate_created	74
0050a130	00826cf8	candidate_created	246
0050a3a0	00826d68	candidate_created	74
0050a3f0	00826d70	candidate_created	246
0050a600	00826de0	candidate_created	74
0050a650	00826de8	candidate_created	143
0050a7f0	00826e58	candidate_created	74
0050a840	00826e60	candidate_created	143
0050a9e0	00826ed8	candidate_created	143
0050ac40	00826f50	candidate_created	190
0050ae10	00826fb0	candidate_created	95
0050ae70	00826fb8	candidate_created	143
0050b010	00827038	candidate_created	95
0050b070	00827040	candidate_created	143
0050b210	008270bc	candidate_created	18
0050b230	008270c0	candidate_created	68
0050b280	008270c8	candidate_created	162
0050b4b0	00827138	candidate_created	315
0050b810	008271a8	candidate_created	68
0050b860	008271b0	candidate_created	262
0050baf0	00827220	candidate_created	68
0050bb40	00827228	candidate_created	313
0050be00	00827298	candidate_created	54
0050be40	008272a0	candidate_created	246
0050c0c0	00827310	candidate_created	76
0050c110	00827318	candidate_created	262
0050c3a0	00827388	candidate_created	76
0050c3f0	00827390	candidate_created	262
0050c680	00827400	candidate_created	54
0050c6c0	00827408	candidate_created	246
0050c940	00827488	candidate_created	315
0050cc00	008274f8	candidate_created	68
0050cc50	00827500	candidate_created	313
0050cf10	0082712c	candidate_created	18
0050cf30	00827570	candidate_created	68
0050cf80	00827578	candidate_created	313
0050d240	008275e8	candidate_created	54
0050d280	008275f0	candidate_created	246
0050d500	00827660	candidate_created	76
0050d550	00827668	candidate_created	262
0050d7e0	008276d8	candidate_created	76
0050d830	008276e0	candidate_created	262
0050dac0	00827750	candidate_created	54
0050db00	00827758	candidate_created	246
0050dd10	008277d0	candidate_created	40
0050dd40	008277d8	candidate_created	143
0050dee0	00827848	candidate_created	40
0050df10	00827850	candidate_created	143
0050e0b0	008278c0	candidate_created	40
0050e0e0	008278c8	candidate_created	143
0050e430	00827a98	candidate_created	35
0050e570	00827b10	candidate_created	93
0050e5d0	00827b18	candidate_created	143
0050e7d0	00827b90	candidate_created	143
0050e970	00827bf0	candidate_created	54
0050e9b0	00827bf8	candidate_created	143
0050eb50	00827c58	candidate_created	59
0050eb90	00827c60	candidate_created	143
0050ed30	00827cd0	candidate_created	77
0050ed80	00827cd8	candidate_created	143
0050ef20	00827d40	candidate_created	68
0050ef70	00827d48	candidate_created	143
0050f110	00827db0	candidate_created	77
0050f160	00827db8	candidate_created	143
0050f300	00827e28	candidate_created	210
0050f580	00827e98	candidate_created	210
0050f870	00827f08	candidate_created	46
0050f8a0	00827f10	candidate_created	246
0050fc60	00827f90	candidate_created	94
0050fcc0	00827f98	candidate_created	570
00510010	00828010	candidate_created	71
00510060	00828018	candidate_created	143
00510200	00828078	candidate_created	64
00510240	00828080	candidate_created	143
005103e0	008280ec	candidate_created	65
00510430	008280f0	candidate_created	181
005104f0	008280f8	candidate_created	143
005106f0	00828170	candidate_created	105
00510760	00828178	candidate_created	246
00510860	00826ed0	candidate_created	52
00510c80	00809dd4	candidate_created	18
00511250	008283d4	candidate_created	18
005113e0	00828440	candidate_created	54
00511420	00828448	candidate_created	105
00511490	008209dc	candidate_created	263
00512a70	00828ac8	candidate_created	70
00512ac0	00828ad0	candidate_created	105
00512b30	00828acc	candidate_created	138
00512cd0	00828b44	candidate_created	14
00512ce0	00828b50	candidate_created	222
00512f50	00828bc8	candidate_created	222
005131c0	00828c30	candidate_created	47
005131f0	00828c38	candidate_created	153
005133a0	00828c2c	candidate_created	35
005133d0	00828ca8	candidate_created	53
00513410	00828cb0	candidate_created	153
005135c0	00828d20	candidate_created	53
00513600	00828d28	candidate_created	153
005137b0	00828d90	candidate_created	53
005137f0	00828d98	candidate_created	153
005139a0	00828e10	candidate_created	54
005139e0	00828e18	candidate_created	153
00514370	00809e1c	candidate_created	18
00517170	00829bcc	candidate_created	12
005171b0	00829bd0	candidate_created	83
00517210	00829bd8	candidate_created	105
00517430	00829c40	candidate_created	96
005175a0	00829ca0	candidate_created	95
00517600	00829ca8	candidate_created	96
00517770	00829d10	candidate_created	83
005177d0	00829d18	candidate_created	96
005178b0	00829d80	candidate_created	78
00517ac0	00829df8	candidate_created	115
00517c50	00829c34	candidate_created	49
00517d20	00829e68	candidate_created	96
00517e90	00829ec4	candidate_created	12
00517ed0	00829ec8	candidate_created	101
00517f40	00829ed0	candidate_created	96
005180b0	00829f40	candidate_created	106
00518120	00829f48	candidate_created	96
00518300	00829fc0	candidate_created	208
00518590	00829f3c	candidate_created	49
005185d0	0082a030	candidate_created	163
005188a0	0082a0a8	candidate_created	210
00518ac0	0082a118	candidate_created	74
00518b90	0082a194	candidate_created	12
00518bd0	0082a198	candidate_created	74
00518d30	0082a210	candidate_created	54
00518d70	0082a218	candidate_created	96
00518ee0	0082a288	candidate_created	163
00519190	0082a300	candidate_created	208
00519470	0082a370	candidate_created	69
005194c0	0082a378	candidate_created	159
005197c0	0082a3f0	candidate_created	309
00519ab0	0082a468	candidate_created	40
00519ae0	0082a470	candidate_created	96
00519c50	0082a27c	candidate_created	18
00519c70	0082a4e8	candidate_created	46
00519ca0	0082a4f0	candidate_created	96
00519e10	0082a560	candidate_created	48
00519e40	0082a568	candidate_created	96
0051a020	0082a5d8	candidate_created	210
0051a300	0082a638	candidate_created	71
0051a350	0082a640	candidate_created	143
0051a550	0082a6b8	candidate_created	71
0051a5a0	0082a6c0	candidate_created	143
0051a7a0	0082a730	candidate_created	71
0051a7f0	0082a738	candidate_created	143
0051a990	0082a7b0	candidate_created	46
0051a9c0	0082a7b8	candidate_created	96
0051ab30	0082a828	candidate_created	46
0051ab60	0082a830	candidate_created	96
0051acd0	0082a8a8	candidate_created	46
0051ad00	0082a8b0	candidate_created	96
0051ae70	0082a928	candidate_created	46
0051aea0	0082a930	candidate_created	96
0051b010	0082a9a0	candidate_created	46
0051b040	0082a9a8	candidate_created	96
0051b1b0	0082aa18	candidate_created	46
0051b1e0	0082aa20	candidate_created	96
0051b350	0082aa90	candidate_created	46
0051b380	0082aa98	candidate_created	96
0051b570	0082ab10	candidate_created	115
0051b700	0082ab80	candidate_created	46
0051b730	0082ab88	candidate_created	96
0051b8a0	0082abf0	candidate_created	46
0051b8d0	0082abf8	candidate_created	96
0051ba40	0082ac68	candidate_created	46
0051ba70	0082ac70	candidate_created	96
0051bc40	0082ace8	candidate_created	96
0051bdb0	0082ad48	candidate_created	95
0051be10	0082ad50	candidate_created	96
0051bf80	0082adc0	candidate_created	163
0051c140	0082ae28	candidate_created	95
0051c1a0	0082ae30	candidate_created	96
0051c310	0082aea0	candidate_created	163
0051c550	0082af08	candidate_created	163
0051c790	0082af70	candidate_created	163
0051ca30	0082ae94	candidate_created	18
0051ca50	0082aff0	candidate_created	274
0051cd50	0082b060	candidate_created	163
0051cf90	0082b0d0	candidate_created	68
0051cfe0	0082b0d8	candidate_created	115
0051d170	0082b140	candidate_created	46
0051d1a0	0082b148	candidate_created	96
0051d310	0082b1c0	candidate_created	68
0051d360	0082b1c8	candidate_created	115
0051d4f0	0082b238	candidate_created	51
0051d530	0082b240	candidate_created	115
0051d7a0	0082b2c0	candidate_created	299
0051daa0	0082b338	candidate_created	163
0051dd60	0082b3a0	candidate_created	96
0051ded0	0082b408	candidate_created	95
0051df30	0082b410	candidate_created	96
0051e0a0	0082b394	candidate_created	18
0051e120	0082b480	candidate_created	96
0051e290	0082b4e0	candidate_created	104
0051e300	0082b4e8	candidate_created	96
0051e4e0	0082b558	candidate_created	96
0051e6c0	0082b5c8	candidate_created	96
0051e890	0082b630	candidate_created	96
0051eb40	0082b6a8	candidate_created	96
0051eba0	0082b6b0	candidate_created	244
0051eef0	0082b718	candidate_created	96
0051ef50	0082b720	candidate_created	244
0051f230	0082b788	candidate_created	82
0051f290	0082b790	candidate_created	192
0051f5a0	0082b7f8	candidate_created	109
0051f610	0082b800	candidate_created	244
0051f820	0082b868	candidate_created	95
0051f880	0082b870	candidate_created	96
0051f9f0	0082b54c	candidate_created	18
0051fa10	0082b8d8	candidate_created	95
0051fa70	0082b8e0	candidate_created	96
0051fbe0	0082b950	candidate_created	95
0051fc40	0082b958	candidate_created	96
0051fdb0	0082b9c8	candidate_created	95
0051fe10	0082b9d0	candidate_created	96
0051ff80	0082ba40	candidate_created	95
0051ffe0	0082ba48	candidate_created	96
00520150	0082bab8	candidate_created	95
005201b0	0082bac0	candidate_created	96
00520390	0082bb38	candidate_created	253
00520670	0082bbb0	candidate_created	163
00520910	0082bc30	candidate_created	163
00520bb0	0082bca8	candidate_created	163
00520e50	0082bd20	candidate_created	163
00520fd0	0082bbac	candidate_created	139
00521180	0082bda8	candidate_created	163
00521490	0082be28	candidate_created	115
005216a0	0082bea0	candidate_created	115
00521890	0082bf18	candidate_created	96
00521a60	0082bf88	candidate_created	96
00521c30	0082bff8	candidate_created	96
00521e00	0082c068	candidate_created	96
00521fd0	0082c0e0	candidate_created	96
00522140	0082c160	candidate_created	96
00522310	0082c1d0	candidate_created	96
005224e0	0082c240	candidate_created	96
005226b0	0082c2b0	candidate_created	96
00522820	0082c318	candidate_created	95
00522880	0082c320	candidate_created	96
005229f0	0082c388	candidate_created	95
00522a50	0082c390	candidate_created	96
00522bc0	0082c408	candidate_created	95
00522c20	0082c410	candidate_created	96
00522d90	0082c478	candidate_created	95
00522df0	0082c480	candidate_created	96
00522fc0	0082c4f8	candidate_created	96
00523190	0082c568	candidate_created	96
005231f0	00829d84	candidate_created	135
005233f0	0082c5d8	candidate_created	96
005235c0	0082c648	candidate_created	96
00523790	0082c6b8	candidate_created	96
00523960	0082c730	candidate_created	96
00523b30	0082c7a8	candidate_created	96
00523d20	0082c820	candidate_created	115
00523eb0	0082c890	candidate_created	95
00523f10	0082c898	candidate_created	96
00523f70	0082ad4c	candidate_created	135
00524110	0082bb2c	candidate_created	18
00524130	0082c900	candidate_created	95
00524190	0082c908	candidate_created	96
00524300	0082c970	candidate_created	95
00524360	0082c978	candidate_created	96
00524530	0082c9e8	candidate_created	96
005246a0	0082ca50	candidate_created	95
00524700	0082ca58	candidate_created	96
00524870	0082cac0	candidate_created	95
005248d0	0082cac8	candidate_created	96
00524ac0	0082cb40	candidate_created	115
00524cd0	0082cbb8	candidate_created	115
00524ec0	0082cc38	candidate_created	96
00525030	0082cca0	candidate_created	124
005250b0	0082cca8	candidate_created	96
00525280	0082cd28	candidate_created	96
00525450	0082cd98	candidate_created	163
00525730	0082ce10	candidate_created	163
00525a10	0082ce80	candidate_created	163
00525d40	0082cef0	candidate_created	96
00525eb0	0082cf80	candidate_created	40
00525ee0	0082cf88	candidate_created	96
00526050	0082d010	candidate_created	40
00526080	0082d018	candidate_created	96
00526200	0082d088	candidate_created	163
005264e0	0082d0f8	candidate_created	163
005267c0	0082d168	candidate_created	163
00526af0	0082d1d8	candidate_created	96
00526cc0	0082d248	candidate_created	96
00526e90	0082d2b8	candidate_created	96
00527060	0082d328	candidate_created	96
00527230	0082d3a0	candidate_created	96
00527400	0082d418	candidate_created	96
00527570	0082d480	candidate_created	95
005275d0	0082d488	candidate_created	96
00527740	0082d4f8	candidate_created	95
005277a0	0082d500	candidate_created	96
00527910	0082d568	candidate_created	95
00527970	0082d570	candidate_created	96
00527ae0	0082d5e0	candidate_created	95
00527b40	0082d5e8	candidate_created	96
00527cb0	0082d658	candidate_created	107
00527d20	0082d660	candidate_created	96
00527ef0	0082d6d8	candidate_created	96
005280c0	0082d748	candidate_created	96
00528230	0082d7b0	candidate_created	95
00528290	0082d7b8	candidate_created	96
00528460	0082d828	candidate_created	96
00528630	0082d8a0	candidate_created	96
005287a0	0082d918	candidate_created	95
00528800	0082d920	candidate_created	96
005289d0	0082d998	candidate_created	96
00528c10	0082da08	candidate_created	82
00528c70	0082da10	candidate_created	192
00528e40	0082da78	candidate_created	48
00528e70	0082da80	candidate_created	96
00528fe0	0082dae8	candidate_created	95
00529040	0082daf0	candidate_created	96
005291b0	0082db60	candidate_created	65
00529200	0082db68	candidate_created	139
005293a0	0082dbd8	candidate_created	65
005293f0	0082dbe0	candidate_created	139
00529590	0082dc58	candidate_created	40
005295c0	0082dc60	candidate_created	96
00529730	0082dcd0	candidate_created	40
00529760	0082dcd8	candidate_created	96
00529930	0082dd50	candidate_created	96
00529b00	0082ddd0	candidate_created	96
00529cd0	0082de50	candidate_created	96
00529ea0	0082ded0	candidate_created	96
0052a010	0082df40	candidate_created	95
0052a070	0082df48	candidate_created	96
0052a1e0	0082dfb0	candidate_created	95
0052a240	0082dfb8	candidate_created	96
0052a3b0	0082e028	candidate_created	95
0052a410	0082e030	candidate_created	96
0052a5f0	0082e0b0	candidate_created	177
0052a7c0	0082e128	candidate_created	163
0052aa60	0082e1b0	candidate_created	96
0052abe0	0082e228	candidate_created	163
0052aec0	0082e298	candidate_created	163
0052b1f0	0082e308	candidate_created	96
0052b3c0	0082e380	candidate_created	96
0052b590	0082e3f8	candidate_created	96
0052b760	0082e470	candidate_created	96
0052b930	0082e4f0	candidate_created	96
0052baa0	0082e560	candidate_created	95
0052bb00	0082e568	candidate_created	96
0052bcd0	0082e5e0	candidate_created	96
0052bea0	0082e650	candidate_created	96
0052c070	0082e6c8	candidate_created	96
0052c240	0082e750	candidate_created	96
0052c3b0	0082e7c0	candidate_created	95
0052c410	0082e7c8	candidate_created	96
0052c580	0082e830	candidate_created	95
0052c5e0	0082e838	candidate_created	96
0052c750	0082e8a0	candidate_created	95
0052c7b0	0082e8a8	candidate_created	96
0052c920	0082e910	candidate_created	95
0052c980	0082e918	candidate_created	96
0052caf0	0082e980	candidate_created	95
0052cb50	0082e988	candidate_created	96
0052ccc0	0082e9f0	candidate_created	95
0052cd20	0082e9f8	candidate_created	96
0052ce90	0082ea68	candidate_created	108
0052cf00	0082ea70	candidate_created	96
0052d0d0	0082ead8	candidate_created	96
0052d2a0	0082eb40	candidate_created	96
0052d410	0082eba0	candidate_created	95
0052d470	0082eba8	candidate_created	96
0052d5e0	0082ec08	candidate_created	95
0052d640	0082ec10	candidate_created	96
0052d7b0	0082ea64	candidate_created	18
0052d830	0082ec78	candidate_created	96
0052da00	0082ecf0	candidate_created	96
0052dbd0	0082ed60	candidate_created	96
0052dd40	0082ece4	candidate_created	18
0052dd60	0082edc8	candidate_created	65
0052ddb0	0082edd0	candidate_created	139
0052df50	0082ee40	candidate_created	65
0052dfa0	0082ee48	candidate_created	139
0052e280	0082eec0	candidate_created	309
0052e4d0	0082ef40	candidate_created	163
0052e740	0082efb8	candidate_created	96
0052e910	0082f030	candidate_created	96
0052eae0	0082f0a8	candidate_created	96
0052ecb0	0082f118	candidate_created	96
0052ee20	0082f180	candidate_created	95
0052ee80	0082f188	candidate_created	96
0052f050	0082f200	candidate_created	96
0052f220	0082f270	candidate_created	96
0052f3f0	0082f2e0	candidate_created	96
0052f5c0	0082f350	candidate_created	96
0052f730	0082f3b8	candidate_created	95
0052f790	0082f3c0	candidate_created	96
0052f960	0082f430	candidate_created	96
0052fad0	0082f498	candidate_created	95
0052fb30	0082f4a0	candidate_created	96
0052fca0	0082f510	candidate_created	95
0052fd00	0082f518	candidate_created	96
0052fe70	0082f588	candidate_created	95
0052fed0	0082f590	candidate_created	96
00530040	0082f600	candidate_created	95
00530052	009433b4	absorbed	0
005300a0	0082f608	candidate_created	96
00530270	0082f680	candidate_created	96
00530440	0082f6f8	candidate_created	96
00530610	0082f770	candidate_created	96
00530780	0082f7e8	candidate_created	65
005307d0	0082f7f0	candidate_created	139
00530970	0082f858	candidate_created	65
005309c0	0082f860	candidate_created	139
00530bc0	0082f8d0	candidate_created	96
00530d30	0082f948	candidate_created	95
00530d90	0082f950	candidate_created	96
00530fc0	0082f9c8	candidate_created	139
00531050	0082f9c4	candidate_created	134
005311f0	0082fa28	candidate_created	95
00531250	0082fa30	candidate_created	96
00531420	0082fab0	candidate_created	96
00531590	0082fb20	candidate_created	95
005315f0	0082fb28	candidate_created	96
00531760	0082fba0	candidate_created	95
005317c0	0082fba8	candidate_created	96
00531940	0082fc10	candidate_created	163
00531be0	0082fc88	candidate_created	163
00531ed0	0082fd00	candidate_created	96
005320a0	0082fd78	candidate_created	96
00532270	0082fdf0	candidate_created	96
00532440	0082fe60	candidate_created	96
00532610	0082fee0	candidate_created	96
005327e0	0082ff58	candidate_created	96
005329b0	0082ffd0	candidate_created	96
00532b80	00830048	candidate_created	96
00532d50	008300b8	candidate_created	96
00532ec0	00830120	candidate_created	95
00532f20	00830128	candidate_created	96
00533090	008301a0	candidate_created	95
005330f0	008301a8	candidate_created	96
005332c0	00830220	candidate_created	96
00533490	00830290	candidate_created	96
00533660	00830308	candidate_created	96
00533830	00830378	candidate_created	96
005339a0	008303f0	candidate_created	95
00533a00	008303f8	candidate_created	96
00533b70	00830468	candidate_created	95
00533bd0	00830470	candidate_created	96
00533da0	008304e8	candidate_created	96
00533f10	00830558	candidate_created	95
00533f70	00830560	candidate_created	96
005340e0	0082f9bc	candidate_created	18
00534100	008305d0	candidate_created	95
00534160	008305d8	candidate_created	96
005342d0	00830650	candidate_created	95
00534330	00830658	candidate_created	96
00534500	008306d0	candidate_created	96
00534670	00830738	candidate_created	95
005346d0	00830740	candidate_created	96
00534840	008307a8	candidate_created	95
005348a0	008307b0	candidate_created	96
00534a10	00830818	candidate_created	95
00534a70	00830820	candidate_created	96
00534be0	00830890	candidate_created	95
00534c40	00830898	candidate_created	96
00534db0	00830908	candidate_created	95
00534e10	00830910	candidate_created	96
00534e45	0085714c	absorbed	0
00534fe0	00830988	candidate_created	96
005351b0	00830a00	candidate_created	96
00535320	00830a68	candidate_created	95
00535345	00857228	absorbed	0
00535380	00830a70	candidate_created	96
00535550	00830ae8	candidate_created	96
005356c0	00830b68	candidate_created	40
005356f0	00830b70	candidate_created	96
00535860	00830be0	candidate_created	95
005358c0	00830be8	candidate_created	96
00535aa0	00830c60	candidate_created	210
00535d30	00830cd0	candidate_created	54
00535d70	00830cd8	candidate_created	96
00535ee0	00830d50	candidate_created	96
00536050	00830db0	candidate_created	95
005360b0	00830db8	candidate_created	96
00536220	00830e28	candidate_created	95
00536280	00830e30	candidate_created	96
005363f0	00830e90	candidate_created	95
00536450	00830e98	candidate_created	96
00536620	00830f08	candidate_created	96
005367a0	00830f70	candidate_created	163
00536ab0	00830fd8	candidate_created	96
00536c20	00830c54	candidate_created	18
00536ca0	00831050	candidate_created	96
00536e10	008310c8	candidate_created	95
00536e70	008310d0	candidate_created	96
00536fe0	00831138	candidate_created	95
00537040	00831140	candidate_created	96
005371b0	008311b0	candidate_created	95
00537210	008311b8	candidate_created	96
00537380	00831228	candidate_created	95
005373e0	00831230	candidate_created	96
00537560	008312a8	candidate_created	163
00537890	00831320	candidate_created	115
00537a20	00831380	candidate_created	95
00537a80	00831388	candidate_created	96
00537c50	00831400	candidate_created	96
00537e20	00831470	candidate_created	96
00537f90	008314dc	candidate_created	18
00537fb0	008314e0	candidate_created	95
00538010	008314e8	candidate_created	96
00538180	00831548	candidate_created	95
005381e0	00831550	candidate_created	96
00538360	008315bc	candidate_created	18
00538380	008315c8	candidate_created	163
00538630	00831638	candidate_created	95
00538690	00831640	candidate_created	96
00538860	008316a8	candidate_created	96
00538a30	00831708	candidate_created	108
00538aa0	00831710	candidate_created	177
00538ce0	00831788	candidate_created	96
00538e50	0083177c	candidate_created	17
00538ee0	008317f8	candidate_created	96
005390b0	00831860	candidate_created	102
00539120	00831868	candidate_created	177
005392f0	008318e0	candidate_created	56
00539330	008318e8	candidate_created	115
00539530	00831960	candidate_created	96
005396b0	008319c8	candidate_created	163
00539a00	00831a38	candidate_created	162
00539ab0	00831a34	candidate_created	134
00539cf0	00831ab0	candidate_created	96
00539e70	00831b28	candidate_created	163
0053a140	00831ba0	candidate_created	163
0053a400	00831c10	candidate_created	104
0053a470	00831c18	candidate_created	96
0053a5f0	00831c90	candidate_created	163
0053a8b0	00831cf0	candidate_created	104
0053a920	00831cf8	candidate_created	96
0053aa90	00831d68	candidate_created	102
0053ab00	00831d70	candidate_created	96
0053ac70	00831e00	candidate_created	49
0053acb0	00831e08	candidate_created	96
0053ae20	00831e78	candidate_created	49
0053ae60	00831e80	candidate_created	96
0053afd0	00831ef0	candidate_created	49
0053b010	00831ef8	candidate_created	96
0053b180	00831f78	candidate_created	52
0053b1c0	00831f80	candidate_created	96
0053b330	00832010	candidate_created	52
0053b370	00832018	candidate_created	96
0053b4e0	008320a0	candidate_created	52
0053b520	008320a8	candidate_created	96
0053b690	00832118	candidate_created	163
0053b8f0	00832180	candidate_created	52
0053b930	00832188	candidate_created	96
0053baa0	008321f8	candidate_created	54
0053bae0	00832200	candidate_created	96
0053bc50	00832270	candidate_created	110
0053bcc0	00832278	candidate_created	96
0053be30	008322e0	candidate_created	110
0053bea0	008322e8	candidate_created	96
0053c010	00832358	candidate_created	110
0053c080	00832360	candidate_created	96
0053c1f0	008323d0	candidate_created	110
0053c260	008323d8	candidate_created	96
0053c3d0	00832448	candidate_created	110
0053c440	00832450	candidate_created	96
0053c5b0	008324c0	candidate_created	110
0053c620	008324c8	candidate_created	96
0053c790	00832538	candidate_created	110
0053c800	00832540	candidate_created	96
0053ca10	008325b8	candidate_created	115
0053cc00	00832630	candidate_created	96
0053cdd0	008326a8	candidate_created	96
0053cfa0	00832730	candidate_created	96
0053d190	008327b0	candidate_created	115
0053d320	00832828	candidate_created	44
0053d350	00832830	candidate_created	96
0053d4c0	00832898	candidate_created	110
0053d530	008328a0	candidate_created	96
0053d6a0	00832908	candidate_created	110
0053d710	00832910	candidate_created	96
0053db00	00832978	candidate_created	140
0053db90	00832980	candidate_created	400
0053de30	008329f0	candidate_created	102
0053dea0	008329f8	candidate_created	96
0053e010	00832a70	candidate_created	102
0053e080	00832a78	candidate_created	96
0053e1f0	00832af0	candidate_created	93
0053e250	00832af8	candidate_created	96
0053e3c0	00832b68	candidate_created	167
0053e470	00832b70	candidate_created	96
0053e640	00832bf0	candidate_created	96
0053e810	00832c68	candidate_created	96
0053e980	00832cd8	candidate_created	93
0053e9e0	00832ce0	candidate_created	96
0053eb50	00832d40	candidate_created	93
0053ebb0	00832d48	candidate_created	96
0053ed20	00832db8	candidate_created	93
0053ed80	00832dc0	candidate_created	96
0053eef0	00832e30	candidate_created	93
0053ef50	00832e38	candidate_created	96
0053f120	00832ea8	candidate_created	96
0053f2f0	00832f30	candidate_created	96
0053f470	00832fa0	candidate_created	163
0053f710	00833020	candidate_created	163
0053f9a0	00833098	candidate_created	93
0053fa00	008330a0	candidate_created	96
0053fb70	00833118	candidate_created	93
0053fbd0	00833120	candidate_created	96
0053fd40	00833198	candidate_created	93
0053fda0	008331a0	candidate_created	96
0053ff10	00832f24	candidate_created	17
0053ff30	00833210	candidate_created	93
0053ff90	00833218	candidate_created	96
00540110	00833284	candidate_created	18
00540130	00833290	candidate_created	163
00540430	00833300	candidate_created	96
00540610	00833378	candidate_created	210
00540800	008333e4	candidate_created	18
00540820	008333e8	candidate_created	95
00540880	008333f0	candidate_created	96
00540a50	00833474	candidate_created	134
00540ae0	00833478	candidate_created	96
00540c60	008334e0	candidate_created	163
00540f40	00833558	candidate_created	163
00541210	008335c8	candidate_created	46
00541240	008335d0	candidate_created	96
005413b0	00833640	candidate_created	46
005413e0	00833648	candidate_created	96
00541550	008336c0	candidate_created	163
00541840	00833738	candidate_created	210
00541b40	008337a8	candidate_created	210
00541e40	00833818	candidate_created	210
005420d0	00833884	candidate_created	18
005420f0	00833888	candidate_created	95
00542150	00833890	candidate_created	96
00542320	008338f8	candidate_created	96
005425e0	00833958	candidate_created	82
00542640	00833960	candidate_created	244
005429a0	008339d0	candidate_created	309
00542d90	00833a40	candidate_created	74
00542de0	00833a48	candidate_created	192
00543010	00833ab8	candidate_created	96
005431e0	00833b30	candidate_created	96
00543240	00829e64	candidate_created	137
00543440	00833ba8	candidate_created	96
005435b0	00833c10	candidate_created	93
00543610	00833c18	candidate_created	96
005437e0	00833c90	candidate_created	96
00543950	00833c0c	candidate_created	17
005439d0	00833d08	candidate_created	96
00543b40	00833d74	candidate_created	18
00543b60	00833d78	candidate_created	95
00543bc0	00833d80	candidate_created	96
00543d30	00833de8	candidate_created	61
00543d70	00833df0	candidate_created	162
00543f30	00833de4	candidate_created	18
00543f50	00833e60	candidate_created	93
00543fb0	00833e68	candidate_created	96
00544120	00833ed8	candidate_created	95
00544180	00833ee0	candidate_created	96
00544350	00833f48	candidate_created	96
005444c0	00833fb0	candidate_created	96
00544630	00834028	candidate_created	96
00544800	008340a0	candidate_created	96
005449d0	00834118	candidate_created	96
00544ba0	00834190	candidate_created	96
00544d10	00834208	candidate_created	96
00544e80	00834200	candidate_created	46
00544eb0	00834280	candidate_created	96
00545080	008342f0	candidate_created	96
00545250	00834368	candidate_created	96
005452b0	00830f04	candidate_created	135
00545460	008343e0	candidate_created	163
00545770	00834458	candidate_created	96
005458e0	008344d8	candidate_created	101
00545950	008344e0	candidate_created	96
00545ac0	00834550	candidate_created	95
00545b20	00834558	candidate_created	96
00545d10	008345d0	candidate_created	115
00545f10	00834648	candidate_created	210
005461a0	008346b0	candidate_created	163
005463e0	00834718	candidate_created	163
00546620	00834780	candidate_created	163
005468c0	008347e8	candidate_created	274
00546bc0	00834850	candidate_created	163
00546e00	008348b0	candidate_created	68
00546e50	008348b8	candidate_created	115
00546fe0	00834918	candidate_created	46
00547010	00834920	candidate_created	96
00547180	00834980	candidate_created	68
005471d0	00834988	candidate_created	115
00547360	008349e8	candidate_created	51
005473a0	008349f0	candidate_created	162
00547640	00834a58	candidate_created	299
00547940	00833ed4	candidate_created	18
00547960	00834ac0	candidate_created	163
00547bb0	00834b20	candidate_created	55
00547bf0	00834b28	candidate_created	96
00547c50	0082e0a8	candidate_created	124
00547cd0	0082efb0	candidate_created	52
00547e60	00833fa8	candidate_created	101
00547ed0	00834020	candidate_created	52
00548b30	00809e40	candidate_created	18
00548cf0	00834f1c	candidate_created	34
00548d20	00834efc	candidate_created	6
00548d30	00834f18	candidate_created	45
00548d60	00834ee0	candidate_created	8
005493b0	00809e64	candidate_created	18
00549510	00835118	candidate_created	49
00549550	0083511c	candidate_created	6
00549560	00835100	candidate_created	8
00549570	008350d4	candidate_created	11
00549580	008350e0	candidate_created	11
00549590	008350b0	candidate_created	11
005495a0	008350bc	candidate_created	11
00549e70	00835240	candidate_created	170
0054a200	008352d8	candidate_created	384
0054a460	008352d4	candidate_created	225
0054a6d0	008353a4	candidate_created	14
0054a6e0	008353a8	candidate_created	28
0054a810	00835418	candidate_created	70
0054a860	00835420	candidate_created	220
0054a9e0	0083547c	candidate_created	66
0054abc0	008354e4	candidate_created	66
0054ac10	008354f0	candidate_created	283
0054af50	00835558	candidate_created	98
0054afc0	00835560	candidate_created	220
0054b220	008355d8	candidate_created	220
0054b380	00835554	candidate_created	66
0054b540	008356c0	candidate_created	98
0054b5b0	008356c8	candidate_created	220
0054b810	00835740	candidate_created	220
0054b970	008356bc	candidate_created	66
0054bb30	00835818	candidate_created	98
0054bba0	00835820	candidate_created	220
0054bd90	00835880	candidate_created	98
0054be00	00835888	candidate_created	220
0054c060	008358f0	candidate_created	220
0054c1c0	00835814	candidate_created	66
0054c380	008359b8	candidate_created	98
0054c3f0	008359c0	candidate_created	220
0054c5e0	00835a20	candidate_created	98
0054c650	00835a28	candidate_created	220
0054c8b0	00835a90	candidate_created	220
0054ca10	008359b4	candidate_created	66
0054cbd0	00835b58	candidate_created	187
0054cc90	00835b60	candidate_created	220
0054ce80	00835bd0	candidate_created	187
0054cf40	00835bd8	candidate_created	220
0054d130	00835c48	candidate_created	187
0054d1f0	00835c50	candidate_created	220
0054d3f0	00835cbc	candidate_created	12
0054d420	00835cc8	candidate_created	283
0054d7f0	00835d14	candidate_created	37
0054dc40	00809e84	candidate_created	18
0054dc60	00809e88	candidate_created	18
0054dde0	00835f04	candidate_created	14
0054ddf0	00835f08	candidate_created	79
0054de40	00835f10	candidate_created	105
0054dfc0	00835f78	candidate_created	70
0054e010	00835f80	candidate_created	153
0055bf70	00836e44	candidate_created	6
0055bf80	00836e60	candidate_created	25
0055daf0	00836fb4	candidate_created	7
0055db90	00836f34	candidate_created	8
0055dba0	00836fc8	candidate_created	14
0055e610	00836f54	candidate_created	229
0055e7c0	00836fc4	candidate_created	37
0055ead0	00836f10	candidate_created	47
0055eb00	00836f14	candidate_created	53
0055fed0	00836fe4	candidate_created	50
0055ffd0	00836f58	candidate_created	81
00560270	00836f18	candidate_created	144
005603c0	00836f30	candidate_created	166
005607b0	00836f3c	candidate_created	5216
00561f80	00836f44	candidate_created	1281
00562490	00836f64	candidate_created	22
00562600	00836fbc	candidate_created	142
005627f0	00836f04	candidate_created	232
005632d0	00836ef8	candidate_created	45
00563300	00836f78	candidate_created	7
00563310	00836f9c	candidate_created	7
00563320	00836f84	candidate_created	7
00563330	00836f90	candidate_created	7
00563340	00836f68	candidate_created	91
005633a0	00836f74	candidate_created	81
00563950	00836f28	candidate_created	35
00563980	00836f38	candidate_created	35
00563ec0	00836fd0	candidate_created	120
00563fd0	00836fa0	candidate_created	30
00563ff0	00836f88	candidate_created	30
00564010	00836f94	candidate_created	30
00564030	00836fb0	candidate_created	30
005644d0	0083708c	candidate_created	47
00564a50	00837118	candidate_created	55
00564c70	0083716c	candidate_created	201
00565130	0083711c	candidate_created	84
005699e0	0083755c	candidate_created	28
00569a00	008375d4	candidate_created	34
0056aa90	008375b4	candidate_created	6
0056aaa0	008375d0	candidate_created	37
0056b310	0084f610	candidate_created	7
0056b330	0080ba1c	candidate_created	7
0056b570	00837ab8	candidate_created	13
0056b580	00837abc	candidate_created	44
0056b5b0	00837ac0	candidate_created	24
0056b6f0	00837aa8	candidate_created	36
0056b720	00837aac	candidate_created	36
0056b750	00837ab0	candidate_created	32
0056b770	00837ab4	candidate_created	32
0056b840	00837a78	candidate_created	42
0056b8c0	00837a9c	candidate_created	9
0056b8d0	00837aa0	candidate_created	9
0056b8e0	00837aa4	candidate_created	10
0056e640	00837a80	candidate_created	76
0056ea30	00837a88	candidate_created	21
0056fc60	00837d18	candidate_created	123
0056fef0	00837c44	candidate_created	1120
00570056	009433bc	absorbed	0
00570fb0	00837cf4	candidate_created	6
00570fc0	00837d10	candidate_created	45
00570ff0	00837cd4	candidate_created	8
00571000	00837d14	candidate_created	34
005710c0	00837d8c	candidate_created	71
00573ba0	00837da4	candidate_created	11
00573bb0	00837dd8	candidate_created	14
00573bc0	00837ddc	candidate_created	32
00573be0	00837da8	candidate_created	11
00573bf0	00837dac	candidate_created	11
00575680	00837f7c	candidate_created	6
00575690	00837f98	candidate_created	38
005756c0	00837f5c	candidate_created	8
005756d0	00837f30	candidate_created	11
005792f0	00837f9c	candidate_created	34
00579e80	008380c4	candidate_created	67
0057a640	00838174	candidate_created	6
0057a650	00838190	candidate_created	45
0057a680	00838154	candidate_created	8
0057a690	00838194	candidate_created	34
0057ddb0	00847538	candidate_created	7
0057ec20	008386a0	candidate_created	6
0057ec90	008386e0	candidate_created	6
0057ed00	00838720	candidate_created	6
0057ee30	008386b8	candidate_created	6
0057ee40	008386a4	candidate_created	35
0057ee70	008386f8	candidate_created	6
0057ee80	008386e4	candidate_created	35
0057eeb0	00838738	candidate_created	6
0057eec0	00838724	candidate_created	35
0057eef0	00838764	candidate_created	35
0057ef20	00838760	candidate_created	6
0057ef30	008387a0	candidate_created	6
0057efa0	008387dc	candidate_created	26
0057f020	008387e4	candidate_created	35
0057f050	008387e0	candidate_created	6
0057f060	00838820	candidate_created	6
0057f0d0	00838824	candidate_created	35
0057f100	008387d4	candidate_created	30
0057f810	00838a84	candidate_created	12
0057f8f0	00838ac4	candidate_created	12
0057ff60	00838c5c	candidate_created	8
00580420	00838b04	candidate_created	46
00580590	00838df4	candidate_created	46
00580800	0083915c	candidate_created	8
00581090	00839334	candidate_created	6
005810a0	00839350	candidate_created	37
005810d0	0083932c	candidate_created	26
005810f0	00839354	candidate_created	44
00581220	008393bc	candidate_created	211
00581430	008393fc	candidate_created	314
00581570	00839448	candidate_created	525
00581780	0083944c	candidate_created	309
00581d30	008394e4	candidate_created	6
00581d40	00839500	candidate_created	26
00581d60	008394c8	candidate_created	8
00581d70	0083949c	candidate_created	11
00581d80	00839504	candidate_created	44
00582ac0	00839720	candidate_created	4
00582af0	008396f4	candidate_created	6
00583320	008396fc	candidate_created	196
00583870	00839718	candidate_created	47
005838a0	00839724	candidate_created	40
00584200	0083971c	candidate_created	398
00584400	008396f8	candidate_created	133
00584700	008396f0	candidate_created	37
00584c80	0083979c	candidate_created	77
00584e80	008397a8	candidate_created	36
00585360	008397b4	candidate_created	405
005857c0	00839870	candidate_created	42
00585820	00839880	candidate_created	25
00585970	00839860	candidate_created	115
00585ad0	00839864	candidate_created	45
00585b30	008398a4	candidate_created	143
00585cb0	0083985c	candidate_created	131
00586220	008398a8	candidate_created	112
00586370	00839854	candidate_created	139
005864c0	00839850	candidate_created	37
005864f0	008398b4	candidate_created	6
005865f0	00839954	candidate_created	6
00586600	00839974	candidate_created	34
005872a0	00839b00	candidate_created	20
005872c0	00839b1c	candidate_created	61
00587300	00839b18	candidate_created	13
00587600	00839bc8	candidate_created	409
00587830	00839a44	candidate_created	6
00587840	00839a60	candidate_created	26
00587860	00822504	candidate_created	11
00588790	00839b38	candidate_created	49
005887d0	00839ae8	candidate_created	7
005887e0	00839aec	candidate_created	13
005887f0	00837a98	candidate_created	7
00588800	00837a94	candidate_created	13
00588810	00839af8	candidate_created	13
00588820	00839afc	candidate_created	7
00588830	00839b04	candidate_created	17
00588850	00839b08	candidate_created	13
00588860	00839b0c	candidate_created	7
00588870	00839b10	candidate_created	24
00588890	00839b14	candidate_created	7
005888a0	00839acc	candidate_created	11
005888b0	00839ad8	candidate_created	11
005888c0	00839b30	candidate_created	14
005888d0	00839b34	candidate_created	32
005888f0	00839ad0	candidate_created	11
00588900	00839ad4	candidate_created	11
00588950	00839a64	candidate_created	34
00589700	00839cd4	candidate_created	28
00589750	00839c54	candidate_created	6
00589760	00839c70	candidate_created	45
00589820	00839dc0	candidate_created	7
00589840	00839cd0	candidate_created	11
00589870	00839c74	candidate_created	34
005898a0	00839e54	candidate_created	34
005898d0	00839e34	candidate_created	6
00589d20	0081edf4	candidate_created	7
00589e00	0081ee60	candidate_created	13
00589e10	00817fd8	candidate_created	13
00589e20	00839290	candidate_created	7
00589e90	0081ee5c	candidate_created	7
0058a0c0	0085cbc0	candidate_created	7
0058a3b0	0080ba30	candidate_created	7
0058a460	00818538	candidate_created	29
0058a710	0083a5b8	candidate_created	6
0058a780	0083a5f8	candidate_created	6
0058a7f0	0083a638	candidate_created	6
0058a860	0083a678	candidate_created	6
0058a8d0	0083a6b8	candidate_created	6
0058a940	0083a6f8	candidate_created	6
0058a9b0	0083a738	candidate_created	6
0058aa20	0083a778	candidate_created	6
0058aa90	0083a7b8	candidate_created	6
0058ab00	0083a7f8	candidate_created	6
0058ab70	0083a838	candidate_created	6
0058abe0	0083a878	candidate_created	6
0058ac50	0083a8b8	candidate_created	6
0058acc0	0083a8f8	candidate_created	6
0058ad50	0083a3a0	candidate_created	12
0058ad90	0083a450	candidate_created	12
0058add0	0083a4f0	candidate_created	12
0058ae10	0083a540	candidate_created	32
0058ae30	0083a548	candidate_created	32
0058ae50	0083a550	candidate_created	32
0058ae70	0083a558	candidate_created	32
0058ae90	0083a560	candidate_created	32
0058aeb0	0083a568	candidate_created	32
0058aed0	0083a570	candidate_created	32
0058aef0	0083a578	candidate_created	32
0058af10	0083a580	candidate_created	32
0058af30	0083a588	candidate_created	32
0058af50	0083a590	candidate_created	32
0058af70	0083a598	candidate_created	32
0058af90	0083a750	candidate_created	6
0058afa0	0083a790	candidate_created	6
0058afb0	0083a7d0	candidate_created	6
0058afc0	0083a810	candidate_created	6
0058afd0	0083a8d0	candidate_created	6
0058afe0	0083a890	candidate_created	6
0058aff0	0083ab18	candidate_created	6
0058b000	0083ab20	candidate_created	6
0058b010	0083a910	candidate_created	6
0058b020	0083a850	candidate_created	6
0058b030	0083a5d0	candidate_created	6
0058b040	0083a5bc	candidate_created	35
0058b070	0083a610	candidate_created	6
0058b080	0083a5fc	candidate_created	35
0058b0b0	0083a650	candidate_created	6
0058b0c0	0083a63c	candidate_created	35
0058b0f0	0083a6d0	candidate_created	6
0058b100	0083a6bc	candidate_created	35
0058b130	0083a710	candidate_created	6
0058b140	0083a6fc	candidate_created	35
0058b170	0083a73c	candidate_created	35
0058b1a0	0083a77c	candidate_created	35
0058b1d0	0083a7bc	candidate_created	35
0058b200	0083a7fc	candidate_created	35
0058b230	0083a83c	candidate_created	35
0058b260	0083a87c	candidate_created	35
0058b290	0083a8bc	candidate_created	35
0058b2c0	0083a8fc	candidate_created	35
0058b4b0	0083abe8	candidate_created	6
0058b520	0083a67c	candidate_created	35
0058b920	0083a968	candidate_created	55
0058b960	0083aa00	candidate_created	55
0058ba30	0083aa98	candidate_created	55
0058ba70	0083aae4	candidate_created	55
0058bab0	0083ab30	candidate_created	92
0058bb10	0083ab7c	candidate_created	55
0058bb50	0083abc8	candidate_created	55
0058c030	0083a9b4	candidate_created	52
0058ce20	0083b064	candidate_created	8
0058cf20	0083b0ac	candidate_created	8
0058d020	0083b0f4	candidate_created	8
0058d6a0	0083b3b4	candidate_created	46
0058d770	0083b3f4	candidate_created	46
0058d840	0083b434	candidate_created	12
0058d920	0083b474	candidate_created	46
0058da90	0083b4f4	candidate_created	12
0058db90	0083b4fc	candidate_created	8
0058dbd0	0083b53c	candidate_created	116
0058eb00	0083b834	candidate_created	46
0058ebd0	0083b874	candidate_created	12
0058ecb0	0083b8b4	candidate_created	46
0058ef80	0083b97c	candidate_created	8
0058f3a0	0083bbd8	candidate_created	16
0058f3b0	0083bbe0	candidate_created	14
0058f3f0	0083bbdc	candidate_created	37
0058f530	0083bbe4	candidate_created	74
0058f5b0	0081c548	candidate_created	12
0058f5c0	0081c528	candidate_created	33
0058f5f0	0081c530	candidate_created	10
0058f970	0083be3c	candidate_created	8
0058fc10	0083bb00	candidate_created	175
0058fcd0	0083bf7c	candidate_created	8
00590080	0083bc8c	candidate_created	68
005900d0	0083bd34	candidate_created	68
00590120	0083c34c	candidate_created	8
00590770	0083c674	candidate_created	46
00591180	0083c9ec	candidate_created	8
005911e0	0083ca30	candidate_created	188
00591360	0083ca3c	candidate_created	8
005913c0	0083ca80	candidate_created	169
00591540	0083cad0	candidate_created	177
00591740	0083cb70	candidate_created	176
00591910	0083cc1c	candidate_created	8
00591940	0083cc6c	candidate_created	8
00591970	0083ccbc	candidate_created	8
00594230	0083d1f0	candidate_created	47
00594260	0083d1c8	candidate_created	8
00594270	0083d1d4	candidate_created	8
00594280	0083d1d8	candidate_created	8
00594290	0083d1dc	candidate_created	8
005943a0	0083d210	candidate_created	37
00594420	0083d1f4	candidate_created	584
00594670	0083d214	candidate_created	101
00594eb0	0083d44c	candidate_created	6
00594ec0	0083d468	candidate_created	45
00594ef0	0083d46c	candidate_created	47
00595580	0083d5c4	candidate_created	6
00595590	0083d5e0	candidate_created	37
005955c0	00839328	candidate_created	8
005955d0	0083d5e4	candidate_created	44
00595630	0083d674	candidate_created	34
00595a40	0083d654	candidate_created	6
00595a50	0083d670	candidate_created	45
00595a80	0083d634	candidate_created	8
00595db0	0084f638	candidate_created	7
00595dc0	008440a4	candidate_created	7
00595e80	00817ee8	candidate_created	7
00595fb0	00836f20	candidate_created	7
00596130	0085cbcc	candidate_created	7
00596160	00836fa8	candidate_created	7
00596af0	0083d770	candidate_created	6
00596b00	0083d7d0	candidate_created	17
00596b20	0083d7d4	candidate_created	17
00596bd0	0083d730	candidate_created	6
00596c00	0083d754	candidate_created	26
00596c80	0083d860	candidate_created	6
00596cf0	0083d8a0	candidate_created	6
00596d60	0083d8e0	candidate_created	6
00596dd0	0083d920	candidate_created	6
00596e40	0083d960	candidate_created	6
00596eb0	0083d9a0	candidate_created	6
00596f20	0083d7b4	candidate_created	35
00596f50	0083d7dc	candidate_created	32
00596f70	0083d7e4	candidate_created	32
00596f90	0083d7ec	candidate_created	32
00596fb0	0083d7f4	candidate_created	32
00596fd0	0083d7fc	candidate_created	32
00596ff0	0083d804	candidate_created	32
00597010	0083d8f8	candidate_created	6
00597020	0083d938	candidate_created	6
00597030	0083d978	candidate_created	6
00597040	0083d9b8	candidate_created	6
00597050	0083d8b8	candidate_created	6
00597060	00819de8	candidate_created	8
00597070	0083d814	candidate_created	45
005970e0	0083d8a4	candidate_created	35
00597110	0083d8e4	candidate_created	35
00597140	0083d924	candidate_created	35
00597170	0083d964	candidate_created	35
005971a0	0083d9a4	candidate_created	35
005971d0	0084eeac	candidate_created	7
005971f0	00849544	candidate_created	7
00597440	0083d824	candidate_created	38
00597480	0083dba8	candidate_created	6
005974f0	0083dbac	candidate_created	35
00597520	0083d864	candidate_created	35
00597560	0083dbe8	candidate_created	6
005975d0	0083dbec	candidate_created	35
00597600	0083dc28	candidate_created	6
00597670	0083d774	candidate_created	35
005976a0	0083d9f4	candidate_created	52
005979a0	0083dc58	candidate_created	7
005979d0	0083dc68	candidate_created	6
00597a00	0083dc8c	candidate_created	26
00597a80	0083dcac	candidate_created	38
00597ab0	0083dce8	candidate_created	6
00597b20	0083dcec	candidate_created	35
00597b50	0083dc9c	candidate_created	134
00597c70	0083d9cc	candidate_created	34
00597ca0	0083da5c	candidate_created	55
00597ce0	0083daa8	candidate_created	55
00597f00	0083daf4	candidate_created	55
00597f40	0083db40	candidate_created	55
00598150	008193c0	candidate_created	266
005982a0	0083d7b8	candidate_created	210
00598380	0083d7bc	candidate_created	86
00598d30	0083e10c	candidate_created	12
00598e10	0083e14c	candidate_created	12
00598fb0	0083b6ac	candidate_created	8
005990f0	0083e214	candidate_created	12
005991d0	0083e254	candidate_created	46
005993e0	0083e314	candidate_created	12
005994c0	0083e354	candidate_created	46
005996d0	0083e414	candidate_created	46
005998e0	0083e4d4	candidate_created	46
005999c0	0083e4dc	candidate_created	8
00599a20	0083be80	candidate_created	154
00599cf0	0083b9cc	candidate_created	8
00599dc0	0083babc	candidate_created	8
00599e70	0083e65c	candidate_created	8
00599e80	0083b9a0	candidate_created	31
0059a060	0083e6ac	candidate_created	8
0059a150	0081c3d8	candidate_created	31
0059a170	0083e6fc	candidate_created	8
0059a1d0	0083e740	candidate_created	175
0059a340	00838b4c	candidate_created	8
0059a3e0	0083e79c	candidate_created	8
0059a5b0	0081c3b4	candidate_created	8
0059a5c0	0081c3f8	candidate_created	162
0059a8e0	0083e6f0	candidate_created	188
0059a9b0	0083e97c	candidate_created	8
0059a9e0	0083c0bc	candidate_created	8
0059aac0	0083ea1c	candidate_created	8
0059abf0	0083bfcc	candidate_created	8
0059ac00	0083eb8c	candidate_created	8
0059ac30	0083ebdc	candidate_created	8
0059ac40	0083ec2c	candidate_created	8
0059ac50	00838d6c	candidate_created	8
0059ac60	0083eccc	candidate_created	8
0059ac70	0081d0bc	candidate_created	8
0059ae00	0083ef2c	candidate_created	8
0059b1d0	0083cb2c	candidate_created	8
0059b460	00838fcc	candidate_created	8
0059b4c0	0083cd5c	candidate_created	8
0059b5b0	0083f2dc	candidate_created	8
0059b6d0	008390bc	candidate_created	8
0059b6e0	0083f3cc	candidate_created	8
0059d380	0083f530	candidate_created	17
0059d3a0	0083f524	candidate_created	12
0059d5e0	0083f52c	candidate_created	38
0059d9d0	0083f518	candidate_created	45
0059dd70	0083f674	candidate_created	59
0059de20	0083f5d0	candidate_created	7
0059de70	0083f5d4	candidate_created	30
0059e190	0083f654	candidate_created	6
0059e1a0	0083f670	candidate_created	26
0059e1c0	0083f5d8	candidate_created	13
0059e1d0	0083f5dc	candidate_created	7
0059e1e0	0083f5e0	candidate_created	13
0059e1f0	0083f5e4	candidate_created	7
0059e220	0083f5f0	candidate_created	41
0059e250	0083f5f4	candidate_created	16
0059e260	0083f5f8	candidate_created	13
0059e270	0083f5fc	candidate_created	7
0059e280	0083f600	candidate_created	13
0059e290	0083f604	candidate_created	7
0059e2a0	0083f638	candidate_created	8
0059e2b0	0083f60c	candidate_created	11
0059e2c0	0083f618	candidate_created	11
0059e2d0	0083f5bc	candidate_created	11
0059e2e0	0083f5c8	candidate_created	11
0059e2f0	0083f648	candidate_created	14
0059e300	0083f64c	candidate_created	32
0059e360	0083f610	candidate_created	11
0059e370	0083f614	candidate_created	11
0059e380	0083f5c0	candidate_created	11
0059e390	0083f5c4	candidate_created	11
0059e3a0	0083f5cc	candidate_created	22
0059e3c0	0083f754	candidate_created	34
0059e4d0	0083f734	candidate_created	6
0059e4e0	0083f750	candidate_created	26
0059e500	00822530	candidate_created	8
0059e510	0083f834	candidate_created	34
0059e540	0083f868	candidate_created	90
0059e630	0083f814	candidate_created	6
0059e640	0083f830	candidate_created	26
0059e660	0083f914	candidate_created	34
0059e690	0083f948	candidate_created	90
0059e7d0	0083f8f4	candidate_created	6
0059e7e0	0083f910	candidate_created	26
0059e800	0083f9f4	candidate_created	34
0059e880	0083f9d4	candidate_created	6
0059e890	0083f9f0	candidate_created	26
0059ec50	0083fa6c	candidate_created	32
0059ec70	0083fa74	candidate_created	32
0059ec90	0083fa7c	candidate_created	32
0059ecb0	0083fa84	candidate_created	32
0059ecd0	0083fa8c	candidate_created	32
0059ecf0	0083faa8	candidate_created	6
0059ed00	0083fb68	candidate_created	6
0059ed10	0083fae8	candidate_created	6
0059ed20	0083fba8	candidate_created	6
0059ed30	0083fb28	candidate_created	6
0059ed40	0083fac0	candidate_created	6
0059ed50	0083faac	candidate_created	35
0059ed80	0083fb00	candidate_created	6
0059ed90	0083faec	candidate_created	35
0059edc0	0083fb40	candidate_created	6
0059edd0	0083fb2c	candidate_created	35
0059ee00	0083fb80	candidate_created	6
0059ee10	0083fb6c	candidate_created	35
0059ee40	0083fbc0	candidate_created	6
0059ee50	0083fbac	candidate_created	35
0059f0a0	0083fc18	candidate_created	55
0059f0e0	0083fc64	candidate_created	55
0059f120	0083fcb0	candidate_created	55
0059f160	0083fcfc	candidate_created	55
0059f1a0	0083fd48	candidate_created	55
0059fd60	0084007c	candidate_created	12
0059fe40	008400bc	candidate_created	12
0059ff20	008400fc	candidate_created	46
005a0720	0084003c	candidate_created	46
005a0b10	0083b9c0	candidate_created	163
005a0ee0	00840764	candidate_created	46
005a0fd0	0083c804	candidate_created	8
005a1170	0083ca8c	candidate_created	8
005b0b30	008411c0	candidate_created	31
005b0b50	008412b4	candidate_created	25
005b0b70	008411c4	candidate_created	13
005b0c10	008411e0	candidate_created	49
005b0c50	008412b8	candidate_created	7
005b0c60	008411a0	candidate_created	11
005b0cd0	00841328	candidate_created	69
005b0d20	0084132c	candidate_created	6
005b0d30	00841348	candidate_created	26
005b0d50	008413a4	candidate_created	13
005b0d60	008413a8	candidate_created	7
005b0d70	00841310	candidate_created	8
005b0d80	008412e4	candidate_created	11
005b0d90	008412f0	candidate_created	11
005b0da0	008412c0	candidate_created	11
005b0db0	008412cc	candidate_created	11
005b0e00	0084134c	candidate_created	34
005b0e70	00841224	candidate_created	53
005b0f70	008414d8	candidate_created	88
005b1020	008415ec	candidate_created	79
005b1070	008415f0	candidate_created	83
005b1250	008414b0	candidate_created	889
005b1770	00841444	candidate_created	6
005b1780	00841460	candidate_created	38
005b17b0	00841428	candidate_created	8
005b17c0	008413fc	candidate_created	11
005b17d0	008413d8	candidate_created	11
005b20a0	008414c8	candidate_created	11
005b20d0	00841464	candidate_created	34
005b2ca0	0084164c	candidate_created	11
005b3360	008417c0	candidate_created	26
005b3380	008417a4	candidate_created	6
005b3390	00841788	candidate_created	8
005b33a0	0084175c	candidate_created	11
005b5210	008417c4	candidate_created	34
005b6090	00841be4	candidate_created	80
005b61c0	00841c78	candidate_created	40
005b61f0	00841c70	candidate_created	67
005b6240	00841c80	candidate_created	5
005b6370	00841b1c	candidate_created	6
005b6380	00841b38	candidate_created	26
005b63a0	00841c34	candidate_created	227
005b6580	00841b3c	candidate_created	34
005b6670	00841cb0	candidate_created	11
005b6770	00841e44	candidate_created	6
005b6780	00841e60	candidate_created	38
005b67b0	00841e28	candidate_created	8
005b67c0	00841dfc	candidate_created	11
005b67d0	00841dd8	candidate_created	11
005b6800	00841e64	candidate_created	34
005b69a0	00841d3c	candidate_created	598
005b6db0	0084201c	candidate_created	6
005b6dc0	00842038	candidate_created	45
005b6df0	00841ffc	candidate_created	8
005b6e00	0084203c	candidate_created	78
005b6e80	00841f6c	candidate_created	784
005b7220	00841f54	candidate_created	149
005b72f0	00842100	candidate_created	13
005b7300	00842118	candidate_created	49
005b7340	008420f4	candidate_created	11
005b73f0	00842250	candidate_created	69
005b7440	00842254	candidate_created	6
005b7450	00842270	candidate_created	26
005b7470	008421fc	candidate_created	15
005b7480	00842234	candidate_created	8
005b7490	00842208	candidate_created	11
005b74a0	00842214	candidate_created	11
005b74b0	008421ec	candidate_created	11
005b74c0	008421f8	candidate_created	11
005b74d0	00842274	candidate_created	77
005b7660	00842488	candidate_created	23
005b7680	00842484	candidate_created	48
005b7710	00842438	candidate_created	84
005b77d0	00842414	candidate_created	6
005b77e0	00842430	candidate_created	26
005b7800	0084248c	candidate_created	8
005b7810	00842490	candidate_created	13
005b7820	00842494	candidate_created	7
005b7830	008423f8	candidate_created	8
005b7840	008423cc	candidate_created	11
005b7850	00842434	candidate_created	47
005b7930	0084250c	candidate_created	6
005b7940	00842528	candidate_created	26
005b7960	0084252c	candidate_created	87
005b7bc0	008425d4	candidate_created	244
005b7cc0	008427a0	candidate_created	57
005b7d30	008426d4	candidate_created	6
005b7d40	008426f0	candidate_created	26
005b7da0	008426f4	candidate_created	47
005b7dd0	00842864	candidate_created	5
005b87c0	0084297c	candidate_created	6
005b87d0	00842998	candidate_created	26
005b87f0	00842960	candidate_created	8
005b8800	00842934	candidate_created	11
005b8810	0084299c	candidate_created	34
005b8c00	00842a88	candidate_created	6
005b8c70	00842ac8	candidate_created	6
005b8ce0	00842b08	candidate_created	6
005b8d60	00842b48	candidate_created	6
005b8dd0	00842b88	candidate_created	6
005b8e40	00842bc8	candidate_created	6
005b8ef0	00842a34	candidate_created	32
005b8f10	00842a3c	candidate_created	32
005b8f30	00842a44	candidate_created	32
005b8f50	00842a4c	candidate_created	32
005b8f70	00842a54	candidate_created	32
005b8f90	00842a5c	candidate_created	32
005b8fb0	00842a64	candidate_created	32
005b8fd0	00842a6c	candidate_created	32
005b8ff0	00842aa0	candidate_created	6
005b9000	00842a8c	candidate_created	35
005b9030	00842ae0	candidate_created	6
005b9040	00842acc	candidate_created	35
005b9070	00842b20	candidate_created	6
005b9080	00842b0c	candidate_created	35
005b90b0	00842b60	candidate_created	6
005b90c0	00842b4c	candidate_created	35
005b90f0	00842ba0	candidate_created	6
005b9100	00842b8c	candidate_created	35
005b9130	00842be0	candidate_created	6
005b9140	00842bcc	candidate_created	35
005b91b0	0081ab6c	candidate_created	18
005b9230	00842c0c	candidate_created	35
005b9260	00842c08	candidate_created	6
005b9270	00842c48	candidate_created	6
005b92e0	00842c4c	candidate_created	35
005b9310	0081ab64	candidate_created	21
005ba050	0084300c	candidate_created	12
005ba130	0084304c	candidate_created	12
005ba350	008430cc	candidate_created	46
005bb170	0083ba10	candidate_created	171
005bb630	0084308c	candidate_created	46
005bb720	0084385c	candidate_created	8
005bb780	008438a0	candidate_created	170
005bb840	008438ac	candidate_created	8
005bca60	00843dac	candidate_created	34
005bcba0	00843d8c	candidate_created	6
005bcbb0	00843da8	candidate_created	26
005bcbd0	00843d70	candidate_created	8
005bcbe0	00843d44	candidate_created	11
005bcd20	00843e74	candidate_created	6
005bcd30	00843e90	candidate_created	26
005bcda0	00843f8c	candidate_created	127
005bce50	00843e54	candidate_created	8
005bce60	00843e28	candidate_created	11
005bd130	00843e94	candidate_created	34
005bd160	00843f88	candidate_created	116
005bd320	00844034	candidate_created	6
005bd330	00844050	candidate_created	26
005bd360	008440ac	candidate_created	7
005bd370	00844054	candidate_created	65
005bd3c0	00844018	candidate_created	8
005bd3d0	00843fec	candidate_created	11
005bd490	0084411c	candidate_created	6
005bd4a0	00844138	candidate_created	26
005bd4c0	0084413c	candidate_created	34
005bd4f0	00844100	candidate_created	8
005bd500	008440d4	candidate_created	11
005bd9b0	00844578	candidate_created	6
005bda20	008445b8	candidate_created	6
005bda90	008445f8	candidate_created	6
005bdb00	00844638	candidate_created	6
005bdb70	00844678	candidate_created	6
005bdbe0	008446b8	candidate_created	6
005bdc50	008446f8	candidate_created	6
005bdcc0	00844738	candidate_created	6
005bdd30	00844778	candidate_created	6
005bdda0	008447b8	candidate_created	6
005bde10	008447f8	candidate_created	6
005bde80	00844838	candidate_created	6
005bdef0	00844228	candidate_created	12
005bdf30	008442c8	candidate_created	12
005bdf70	00844368	candidate_created	12
005bdfb0	00844408	candidate_created	46
005bdfe0	008444a8	candidate_created	12
005be020	00844524	candidate_created	32
005be040	0084452c	candidate_created	32
005be060	00844534	candidate_created	32
005be080	0084453c	candidate_created	32
005be0a0	00844544	candidate_created	32
005be0c0	0084454c	candidate_created	32
005be0e0	00844554	candidate_created	32
005be100	0084455c	candidate_created	32
005be120	00844610	candidate_created	6
005be130	00844590	candidate_created	6
005be140	0084457c	candidate_created	35
005be170	008445d0	candidate_created	6
005be180	008445bc	candidate_created	35
005be1b0	008445fc	candidate_created	35
005be1e0	00844650	candidate_created	6
005be1f0	0084463c	candidate_created	35
005be220	00844690	candidate_created	6
005be230	0084467c	candidate_created	35
005be260	008446d0	candidate_created	6
005be270	008446bc	candidate_created	35
005be2a0	00844710	candidate_created	6
005be2b0	008446fc	candidate_created	35
005be2e0	00844750	candidate_created	6
005be2f0	0084473c	candidate_created	35
005be320	00844790	candidate_created	6
005be330	0084477c	candidate_created	35
005be360	008447d0	candidate_created	6
005be370	008193ac	candidate_created	8
005be380	008447bc	candidate_created	35
005be3b0	00844810	candidate_created	6
005be3c0	008447fc	candidate_created	35
005be3f0	00844850	candidate_created	6
005be400	0084483c	candidate_created	35
005bea50	00844940	candidate_created	8
005bf0f0	00844a98	candidate_created	8
005c08f0	00844f90	candidate_created	8
005c09f0	00844fd8	candidate_created	8
005c1230	0084519c	candidate_created	46
005c1300	008451dc	candidate_created	46
005c17d0	0081be2c	candidate_created	8
005c18a0	0083b664	candidate_created	8
005c1a00	0081be74	candidate_created	8
005c2c40	0084573c	candidate_created	46
005c2fb0	0083ba1c	candidate_created	8
005c3130	0081c4b4	candidate_created	11
005c3400	0083c01c	candidate_created	8
005c37f0	008452ac	candidate_created	68
005c38e0	008448a8	candidate_created	52
005c3940	008448f4	candidate_created	52
005c43e0	0081d554	candidate_created	8
005c4880	0084521c	candidate_created	46
005c5d90	008465ec	candidate_created	6
005c5da0	0084660c	candidate_created	21
005c5ea0	008465e8	candidate_created	59
005c5f00	008465fc	candidate_created	20
005c5f20	008350c0	candidate_created	20
005c5f40	00846608	candidate_created	16
005c61c0	00846604	candidate_created	52
005c6260	00846620	candidate_created	45
005c6270	00817428	absorbed	0
005c6290	00846618	candidate_created	8
005c62a0	0084661c	candidate_created	26
005c62f0	008465f8	candidate_created	168
005c63a0	00846674	candidate_created	6
005c6440	00846670	candidate_created	59
005c64e0	00846680	candidate_created	168
005c6590	008466fc	candidate_created	6
005c6630	008466f8	candidate_created	59
005c6690	0084670c	candidate_created	20
005c66f0	00846708	candidate_created	168
005c67a0	0084678c	candidate_created	6
005c6850	00846788	candidate_created	59
005c68b0	008467bc	candidate_created	10
005c68c0	008467c0	candidate_created	4
005c68d0	008467c4	candidate_created	10
005c68e0	008467c8	candidate_created	4
005c6910	0084679c	candidate_created	20
005c6980	00846800	candidate_created	10
005c6990	00846804	candidate_created	4
005c69a0	00846808	candidate_created	10
005c69b0	0084680c	candidate_created	4
005c6a00	00846798	candidate_created	168
005c6ab0	0083513c	candidate_created	66
005c6b00	00835138	candidate_created	26
005c6b20	008350c8	candidate_created	19
005c6b40	008350cc	candidate_created	19
005c6cf0	00835d20	candidate_created	52
005c72a0	00835d18	candidate_created	78
005c7390	00846880	candidate_created	25
005c73c0	008468c4	candidate_created	47
005c73f0	008468c8	candidate_created	47
005c80e0	008468a8	candidate_created	64
005c86e0	008468b4	candidate_created	36
005c89b0	008468b0	candidate_created	71
005c8b30	008468b8	candidate_created	25
005c8de0	008468a0	candidate_created	37
005c8e90	008468bc	candidate_created	47
005c8ec0	008468c0	candidate_created	47
005c9270	008468cc	candidate_created	1278
005c98c0	00846a30	candidate_created	278
005c9d80	00846a1c	candidate_created	7
005c9d90	00846a2c	candidate_created	13
005cfe80	00846d0c	candidate_created	5
005cfe90	00846d08	candidate_created	7
005cff00	00846d10	candidate_created	36
005cff30	00846cd8	candidate_created	239
005d2500	00847204	candidate_created	133
005d2590	0084720c	candidate_created	151
005d2630	0084721c	candidate_created	40
005d2830	00847238	candidate_created	57
005d2a50	008471d0	candidate_created	45
005d2a80	008471d4	candidate_created	88
005d2e10	008471c8	candidate_created	123
005d2f50	00847200	candidate_created	131
005d2fe0	0084722c	candidate_created	164
005d3410	00847228	candidate_created	180
005d3850	008471c0	candidate_created	37
005d3880	008471e4	candidate_created	4
005d3890	008471e8	candidate_created	10
005d38a0	008471f8	candidate_created	32
005d4c10	00847534	candidate_created	7
005d4c70	008474d8	candidate_created	83
005d4cd0	00847514	candidate_created	80
005d4d60	008474c0	candidate_created	50
005d4fe0	00847530	candidate_created	47
005d5010	008474fc	candidate_created	6
005d5020	00847444	candidate_created	8
005d5030	00847450	candidate_created	8
005d5040	00847448	candidate_created	8
005d5050	0084744c	candidate_created	8
005d5a40	008467f0	candidate_created	6
005d7240	008478b4	candidate_created	242
005d7450	008478b0	candidate_created	216
005d8e50	00847d30	candidate_created	26
005d8f70	00847d2c	candidate_created	345
005d9740	00847f74	candidate_created	553
005d9970	00847fc4	candidate_created	428
005da4c0	00848398	candidate_created	228
005dad00	0084839c	candidate_created	77
005dcde0	00848634	candidate_created	7
005dcdf0	00848638	candidate_created	13
005dce00	00848644	candidate_created	7
005dce10	00848648	candidate_created	7
005dce20	0084864c	candidate_created	13
005dce30	008384b8	candidate_created	5
005dced0	00848630	candidate_created	51
005dd070	008485a4	candidate_created	418
005dd490	008486cc	candidate_created	122
005dd650	00846624	candidate_created	152
005ddc80	00846630	candidate_created	6
005dde50	008466b8	candidate_created	6
005dde60	008466bc	candidate_created	78
005ddf50	00846744	candidate_created	6
005de240	008487fc	candidate_created	88
005de2a0	00848804	candidate_created	16
005de3c0	008487f8	candidate_created	37
005de510	0084880c	candidate_created	28
005de540	0080b968	candidate_created	10
005de6e0	00848840	candidate_created	37
005ded60	00809cb0	candidate_created	28
005ded80	00809cb4	candidate_created	18
005dedd0	008489cc	candidate_created	7
005dede0	00848a04	candidate_created	9
005dedf0	00848a08	candidate_created	9
005dee00	00848a10	candidate_created	5
005dee20	00848a20	candidate_created	6
005dee30	008489a4	candidate_created	8
005dee40	008489b0	candidate_created	8
005dee50	00848a0c	candidate_created	16
005def10	0080b94c	candidate_created	5
005defe0	00848a00	candidate_created	27
005df000	008489e0	candidate_created	57
005df040	00848a14	candidate_created	27
005df060	00848a18	candidate_created	33
005df090	008489b4	candidate_created	198
005df500	00848b20	candidate_created	277
005df700	00848b1c	candidate_created	176
005df930	00848be4	candidate_created	14
005df940	00848be8	candidate_created	28
005dfa70	00848c50	candidate_created	70
005dfac0	00848c58	candidate_created	153
005dfbf0	00848cb4	candidate_created	58
005dfc80	00848c54	candidate_created	225
005e01e0	00809cd4	candidate_created	48
005e0210	00809cd8	candidate_created	43
005e0c20	00848df4	candidate_created	66
005e0c70	00848e00	candidate_created	170
005e0f90	00848e80	candidate_created	153
005e1030	00848e7c	candidate_created	196
005e1300	00848ee8	candidate_created	173
005e15a0	00848f68	candidate_created	173
005e16a0	00848f64	candidate_created	182
005e1810	00848e74	candidate_created	66
005e1860	00848fd0	candidate_created	80
005e1cd0	008490b4	candidate_created	14
005e1ce0	008490b8	candidate_created	97
005e1d50	008490c0	candidate_created	781
005e21e0	00849128	candidate_created	111
005e2250	00849130	candidate_created	388
005e24f0	00849044	candidate_created	66
005e25b0	00849198	candidate_created	220
005e2710	008491f4	candidate_created	62
005e2750	008491f8	candidate_created	76
005e28b0	0084926c	candidate_created	62
005e29a0	00849278	candidate_created	220
005e2a80	00849274	candidate_created	241
005e2d70	008492f0	candidate_created	236
005e3040	00849368	candidate_created	283
005e3160	00849364	candidate_created	214
005e3350	008493dc	candidate_created	62
005e3470	008493e8	candidate_created	236
005e3670	00849458	candidate_created	55
005e36b0	00849460	candidate_created	220
005e3b20	00849498	candidate_created	37
005e4320	00849550	candidate_created	13
005e4330	00849568	candidate_created	13
005e4340	008494ec	candidate_created	8
005e4350	008494d0	candidate_created	8
005e4360	00849560	candidate_created	23
005e4380	008494fc	candidate_created	22
005e6590	00849610	candidate_created	8
005e65a0	008495f4	candidate_created	8
005e65e0	00849608	candidate_created	8
005e65f0	0084960c	candidate_created	8
005e6600	008495ec	candidate_created	8
005e6610	008495f0	candidate_created	8
005e6b70	00809cf8	candidate_created	23
005e6b90	00809cfc	candidate_created	18
005e6e30	00849938	candidate_created	170
005e6ff0	00849934	candidate_created	265
005e7220	008499a8	candidate_created	222
005e75d0	00849a18	candidate_created	153
005e7790	00849a90	candidate_created	222
005e7ac0	00849b00	candidate_created	222
005e7de0	00849b70	candidate_created	187
005e7ea0	00849b78	candidate_created	153
005e8100	00849bf0	candidate_created	153
005e81a0	00849a14	candidate_created	254
005e8460	00849c60	candidate_created	153
005e86c0	00849cd0	candidate_created	153
005e8870	00849d40	candidate_created	187
005e8930	00849d48	candidate_created	153
005e8ae0	00849db0	candidate_created	187
005e8ba0	00849db8	candidate_created	153
005e8d50	00849e20	candidate_created	190
005e8e10	00849e28	candidate_created	153
005e8fc0	00849e90	candidate_created	196
005e9090	00849e98	candidate_created	153
005e9240	00849f08	candidate_created	196
005e9310	00849f10	candidate_created	153
005e94d0	00849f80	candidate_created	222
005e98c0	00849ff8	candidate_created	173
005e9a80	0084a068	candidate_created	196
005e9b50	0084a070	candidate_created	153
005e9d00	0084a0e0	candidate_created	196
005e9dd0	0084a0e8	candidate_created	153
005e9f80	008498c4	candidate_created	66
005e9fd0	0084a158	candidate_created	196
005ea0a0	0084a160	candidate_created	153
005ea250	0084a1d4	candidate_created	77
005ea2a0	0084a1d8	candidate_created	92
005ea300	0084a1e0	candidate_created	153
005ea4b0	0084a250	candidate_created	111
005ea520	0084a258	candidate_created	153
005ea770	0084a2d0	candidate_created	173
005ea930	0084a340	candidate_created	111
005ea9a0	0084a348	candidate_created	153
005eab50	0084a3c0	candidate_created	111
005eabc0	0084a3c8	candidate_created	153
005eae10	0084a440	candidate_created	173
005eafd0	0084a24c	candidate_created	25
005eaff0	0084a4b8	candidate_created	111
005eb060	0084a4c0	candidate_created	153
005eb2c0	0084a538	candidate_created	173
005eb530	0084a5a8	candidate_created	173
005eb5e0	0084a2cc	candidate_created	308
005eb830	0084a620	candidate_created	173
005eb9f0	0084a680	candidate_created	168
005ebaa0	0084a688	candidate_created	153
005ebc50	0084a6f8	candidate_created	158
005ebcf0	0084a700	candidate_created	153
005ebea0	0084a52c	candidate_created	51
005ebee0	0084a770	candidate_created	168
005ebf90	0084a778	candidate_created	153
005ec1f0	0084a7f0	candidate_created	173
005ec460	0084a858	candidate_created	173
005ec620	0084a8c0	candidate_created	173
005ec7e0	0084a920	candidate_created	168
005ec890	0084a928	candidate_created	153
005ec930	00821984	candidate_created	254
005ecb40	0084a988	candidate_created	158
005ecbe0	0084a990	candidate_created	153
005ecd90	0084a7e4	candidate_created	51
005ecdd0	0084a9f0	candidate_created	168
005ece80	0084a9f8	candidate_created	153
005ed0e0	0084ab40	candidate_created	73
005ed130	008471ec	candidate_created	4
005ed140	0084ab00	candidate_created	8
005ed150	0084ab0c	candidate_created	8
005ed160	0084aadc	candidate_created	8
005ed170	0084aae8	candidate_created	8
005ed180	0084ab38	candidate_created	8
005ed190	0084ab04	candidate_created	8
005ed1a0	0084ab08	candidate_created	8
005ed1b0	0084aae0	candidate_created	8
005ed1c0	0084aae4	candidate_created	8
005ed480	00809f18	candidate_created	23
005ed680	0084ac20	candidate_created	22
005ed720	0084ac90	candidate_created	29
005ed850	0084ad10	candidate_created	170
005eda00	0084ad88	candidate_created	29
005edb30	0084ae10	candidate_created	163
005edf70	0084ae80	candidate_created	617
005ee4e0	0084aef0	candidate_created	274
005ee7f0	0084af60	candidate_created	163
005eea30	0084afd8	candidate_created	163
005eec70	0084b038	candidate_created	31
005eec90	0084b040	candidate_created	96
005eed70	0084b0a8	candidate_created	26
005eeea0	0084b128	candidate_created	163
005ef1c0	0084b1a0	candidate_created	257
005ef550	0084b210	candidate_created	65
005ef5a0	0084b218	candidate_created	192
005ef8c0	0084b298	candidate_created	314
005efca0	0084b308	candidate_created	67
005efcf0	0084b310	candidate_created	192
005efec0	0084b390	candidate_created	163
005f0180	0084b410	candidate_created	210
005f03f0	0084b488	candidate_created	163
005f0630	0084b500	candidate_created	163
005f07e0	0084b568	candidate_created	29
005f09e0	0084b5e0	candidate_created	84
005f0a40	0084b5e8	candidate_created	192
005f0c10	0084b658	candidate_created	163
005f0dd0	0084b6c8	candidate_created	37
005f0e00	0084b6d0	candidate_created	96
005f1050	0084b740	candidate_created	68
005f10a0	0084b748	candidate_created	192
005f1270	0084b7b8	candidate_created	31
005f1290	0084b7c0	candidate_created	96
005f1370	0084b828	candidate_created	26
005f14a0	0084b8a0	candidate_created	31
005f14c0	0084b8a8	candidate_created	96
005f1630	0084b920	candidate_created	30
005f1650	0084b928	candidate_created	96
005f18a0	0084b998	candidate_created	67
005f18f0	0084b9a0	candidate_created	192
005f1ba0	0084ba10	candidate_created	67
005f1bf0	0084ba18	candidate_created	192
005f1ea0	0084ba88	candidate_created	67
005f1ef0	0084ba90	candidate_created	192
005f21a0	0084bb00	candidate_created	67
005f21f0	0084bb08	candidate_created	192
005f24a0	0084bb80	candidate_created	67
005f24f0	0084bb88	candidate_created	192
005f27a0	0084bc00	candidate_created	67
005f27f0	0084bc08	candidate_created	192
005f2a30	0084bc78	candidate_created	48
005f2a60	0084bc80	candidate_created	143
005f2c70	0084bcf8	candidate_created	48
005f2ca0	0084bd00	candidate_created	143
005f2eb0	0084bd78	candidate_created	48
005f2ee0	0084bd80	candidate_created	143
005f2ff0	0084bdf8	candidate_created	29
005f3190	0084be68	candidate_created	208
005f3470	0084ac8c	candidate_created	12
005f3480	0084bee0	candidate_created	208
005f36f0	0084b0a4	candidate_created	12
005f3700	0084bf50	candidate_created	85
005f3760	0084bf58	candidate_created	96
005f37c0	00807864	candidate_created	141
005f3940	0084c030	candidate_created	45
005f3970	0084c03c	candidate_created	45
005f4d10	0084c004	candidate_created	11
005f4d20	0084c018	candidate_created	5
005f55e0	0084c064	candidate_created	961
005f59e0	0084c0b8	candidate_created	5
005f5ad0	0084c11c	candidate_created	6
005f5c60	0084c118	candidate_created	45
005f6310	0084c128	candidate_created	162
005fd1b0	0084c338	candidate_created	45
005fd2e0	0084c7ec	candidate_created	6
005fd620	0084c57c	candidate_created	33
005fda70	0084c534	candidate_created	30
005fda90	0084c558	candidate_created	8
005fdaa0	0084c4c8	candidate_created	10
005fdab0	0084c564	candidate_created	23
005fdad0	0084c500	candidate_created	8
005fdae0	0084c4e8	candidate_created	8
005fdaf0	0084c4b4	candidate_created	8
005fdb00	0084c490	candidate_created	8
005fdb10	0084c478	candidate_created	8
005fdb20	0084c45c	candidate_created	8
005fdb30	0084c55c	candidate_created	26
005fdb50	0084c4cc	candidate_created	30
005fdb70	0084c4a4	candidate_created	14
005fdb80	0084c4a8	candidate_created	14
005fdb90	0084c4ac	candidate_created	14
005fdba0	0084c488	candidate_created	14
005fdbb0	0084c4f8	candidate_created	225
005fdca0	0084c4d0	candidate_created	82
005fdd00	0084c4dc	candidate_created	82
005fdd60	0084c4e0	candidate_created	67
005fe100	0084c62c	candidate_created	8
005fe110	0084c638	candidate_created	8
005fe120	0084c614	candidate_created	8
005fe130	0084c620	candidate_created	8
005fe140	0084c5e0	candidate_created	8
005fe150	0084c5ec	candidate_created	8
005fe160	0084c5bc	candidate_created	8
005fe170	0084c5c8	candidate_created	8
005fe180	0084c5a4	candidate_created	8
005fe190	0084c5b0	candidate_created	8
005fe1a0	0084c588	candidate_created	8
005fe1b0	0084c594	candidate_created	8
005fe1c0	0084c56c	candidate_created	11
005fe1d0	0084c578	candidate_created	11
005fe1e0	0084c650	candidate_created	14
005fe1f0	0084c654	candidate_created	32
005fe210	0084c630	candidate_created	8
005fe220	0084c634	candidate_created	8
005fe230	0084c618	candidate_created	8
005fe240	0084c61c	candidate_created	8
005fe250	0084c5e4	candidate_created	8
005fe260	0084c5e8	candidate_created	8
005fe270	0084c5c0	candidate_created	8
005fe280	0084c5c4	candidate_created	8
005fe290	0084c5a8	candidate_created	8
005fe2a0	0084c5ac	candidate_created	8
005fe2b0	0084c58c	candidate_created	8
005fe2c0	0084c590	candidate_created	8
005fe2d0	0084c570	candidate_created	11
005fe2e0	0084c574	candidate_created	11
005fe3a0	0084c4c4	candidate_created	16
005ff4f0	0084c888	candidate_created	44
006004d0	0084c87c	candidate_created	146
00600ed0	0084c878	candidate_created	5
006011c0	00849570	candidate_created	29
006011e0	00849530	candidate_created	25
00601200	00849534	candidate_created	18
00601220	00849540	candidate_created	33
00601250	00849554	candidate_created	7
00601280	00849564	candidate_created	7
00601290	0084956c	candidate_created	7
006012a0	00849590	candidate_created	64
006012e0	0084c6b8	candidate_created	8
006012f0	0084c69c	candidate_created	8
00601360	00849520	candidate_created	25
00601380	00849524	candidate_created	38
00601440	00849598	candidate_created	115
006018e0	0084c7e8	candidate_created	101
00601950	0084c7c4	candidate_created	8
00601960	0084c7d0	candidate_created	8
00601970	0084c7a8	candidate_created	8
00601980	0084c7b4	candidate_created	8
00601990	0084c78c	candidate_created	11
006019a0	0084c798	candidate_created	11
006019d0	0084c7c8	candidate_created	8
006019e0	0084c7cc	candidate_created	8
006019f0	0084c7ac	candidate_created	8
00601a00	0084c7b0	candidate_created	8
00601a10	0084c790	candidate_created	11
00601a20	0084c794	candidate_created	11
00601a30	0084c79c	candidate_created	23
00601c40	0084c940	candidate_created	6
00601cb0	0084c980	candidate_created	6
00601d20	0084c9c0	candidate_created	6
00601d90	0084ca00	candidate_created	6
00601e00	0084ca40	candidate_created	6
00601e90	0084c8f0	candidate_created	6
00601ea0	0083d9e4	candidate_created	32
00601ec0	0084c91c	candidate_created	32
00601ee0	0084c924	candidate_created	32
00601f00	0084c958	candidate_created	6
00601f10	0084c944	candidate_created	35
00601f40	0084c998	candidate_created	6
00601f50	0084c984	candidate_created	35
00601f80	0084c9d8	candidate_created	6
00601f90	0084c9c4	candidate_created	35
00601fc0	0084ca18	candidate_created	6
00601fd0	0084ca04	candidate_created	35
00602000	0084ca58	candidate_created	6
00602010	0084ca44	candidate_created	35
00602040	0084c8f4	candidate_created	35
00602070	0084ca80	candidate_created	6
006020e0	0084caf4	candidate_created	33
00602110	0084caf8	candidate_created	103
006021d0	0084cb1c	candidate_created	55
00602870	0084ccd4	candidate_created	8
00602880	0081b840	candidate_created	31
00602ac0	0084cd9c	candidate_created	12
00602c40	0084ce1c	candidate_created	12
00602fb0	0084d07c	candidate_created	12
00603090	0084d0bc	candidate_created	12
00603170	0084cddc	candidate_created	46
00603240	0084d17c	candidate_created	12
00603420	0081d860	candidate_created	167
00603590	00839010	candidate_created	168
00603d00	00818548	candidate_created	51
00603f50	0084d6b0	candidate_created	6
00603fc0	0084d6f0	candidate_created	6
00604030	0084d730	candidate_created	6
006040a0	0084d770	candidate_created	6
00604110	0084d7b0	candidate_created	6
00604180	0084d590	candidate_created	12
006041c0	0084d630	candidate_created	12
00604200	0084d680	candidate_created	32
00604220	0084d688	candidate_created	32
00604240	0084d690	candidate_created	32
00604260	0084d7c8	candidate_created	6
00604270	0084d6c8	candidate_created	6
00604280	0084d6b4	candidate_created	35
006042b0	0084d708	candidate_created	6
006042c0	0084d6f4	candidate_created	35
006042f0	0084d748	candidate_created	6
00604300	0084d734	candidate_created	35
00604330	0084d788	candidate_created	6
00604340	0084d774	candidate_created	35
00604370	0084d7b4	candidate_created	35
00604450	0084d820	candidate_created	52
00605240	0084db00	candidate_created	8
00605340	0084db48	candidate_created	8
00605400	00845058	candidate_created	152
00606230	0084dc4c	candidate_created	46
00606300	0084dec4	candidate_created	46
006063e0	00838b90	candidate_created	166
00606510	0084dfa4	candidate_created	68
00607820	0084e6a4	candidate_created	6
00607840	0081ee7c	candidate_created	4
00607850	0084e6c8	candidate_created	26
006078c0	0084e608	candidate_created	26
00607be0	0084e63c	candidate_created	72
00607ef0	0084e620	candidate_created	63
00607f30	0084e5f8	candidate_created	8
00607f40	0084e604	candidate_created	8
00607f50	0084e634	candidate_created	249
00608100	0084e6a0	candidate_created	63
00608140	0084e678	candidate_created	8
00608150	0084e684	candidate_created	8
00608220	0084e6a8	candidate_created	20
00608240	0084e6c0	candidate_created	20
00608c20	0084e668	candidate_created	29
00608d40	0084e6b0	candidate_created	92
00608dd0	0084e78c	candidate_created	14
00608de0	0084e790	candidate_created	14
00608df0	0084e738	candidate_created	10
00608e00	0084e73c	candidate_created	14
00608e10	0084e748	candidate_created	7
00608e20	0084e750	candidate_created	63
00608e30	0084e75c	candidate_created	89
00608e40	0084e778	absorbed	0
00608ea0	0084e71c	candidate_created	63
00608eb0	0084e728	candidate_created	8
00608f30	0084e7b0	candidate_created	15
00608f40	0084e76c	absorbed	0
00608f80	0084e7e0	candidate_created	41
00609a10	0084e7d4	candidate_created	6
00609a40	0084e760	candidate_created	1138
0060a210	0084e7e4	candidate_created	28
0060aa80	0084e874	candidate_created	400
0060aea0	0084e8a0	candidate_created	36
0060b000	0084e88c	candidate_created	47
0060b030	0084e848	candidate_created	8
0060b040	0084e854	candidate_created	8
0060cc60	0084962c	candidate_created	6
0060ccf0	0084c530	candidate_created	10
0060cd00	0084c53c	candidate_created	4
0060cd10	0084c540	candidate_created	4
0060cd20	0084c54c	candidate_created	130
0060cdb0	0084c560	candidate_created	4
0060cdc0	0084c46c	candidate_created	117
0060ce40	0084c554	candidate_created	33
0060ce70	0084e990	candidate_created	8
0060ce80	0084e978	candidate_created	8
0060ce90	0084e944	candidate_created	8
0060cea0	0084e920	candidate_created	8
0060ceb0	0084e908	candidate_created	8
0060cec0	0084e8ec	candidate_created	8
0060ced0	0084c4a0	candidate_created	21
0060cef0	0084c4d4	candidate_created	82
0060cf50	0084c4d8	candidate_created	82
0060d190	0084eac8	candidate_created	207
0060d260	0084eaa0	candidate_created	8
0060d270	0084eaac	candidate_created	8
0060d280	0084ea88	candidate_created	8
0060d290	0084ea94	candidate_created	8
0060d2a0	0084ea54	candidate_created	8
0060d2b0	0084ea60	candidate_created	8
0060d2c0	0084ea30	candidate_created	8
0060d2d0	0084ea3c	candidate_created	8
0060d2e0	0084ea18	candidate_created	8
0060d2f0	0084ea24	candidate_created	8
0060d300	0084e9fc	candidate_created	8
0060d310	0084ea08	candidate_created	8
0060d320	0084eac0	candidate_created	14
0060d330	0084eac4	candidate_created	32
0060d350	0084eaa4	candidate_created	8
0060d360	0084eaa8	candidate_created	8
0060d370	0084ea8c	candidate_created	8
0060d380	0084ea90	candidate_created	8
0060d390	0084ea58	candidate_created	8
0060d3a0	0084ea5c	candidate_created	8
0060d3b0	0084ea34	candidate_created	8
0060d3c0	0084ea38	candidate_created	8
0060d3d0	0084ea1c	candidate_created	8
0060d3e0	0084ea20	candidate_created	8
0060d3f0	0084ea00	candidate_created	8
0060d400	0084ea04	candidate_created	8
0060d7f0	008496c8	candidate_created	44
0060d820	0084eb78	candidate_created	6
0060d890	0084eb30	candidate_created	32
0060d8b0	0084eb38	candidate_created	32
0060d8d0	0084eb40	candidate_created	32
0060d8f0	0084eb48	candidate_created	32
0060d910	0084eb50	candidate_created	32
0060d930	0084eb58	candidate_created	32
0060d950	0084ebd0	candidate_created	6
0060d960	0084ebd8	candidate_created	6
0060d980	0084ec1c	candidate_created	6
0060d990	0084ec24	candidate_created	6
0060d9a0	0084eb90	candidate_created	6
0060d9b0	0084eb7c	candidate_created	35
0060d9e0	008184c4	candidate_created	28
0060dac0	0084ec34	candidate_created	55
0060e7c0	0084ebe8	candidate_created	89
0060e820	0084949c	candidate_created	45
0060e960	008494b8	candidate_created	124
0060f6d0	008494b4	candidate_created	232
0060faf0	0084ee7c	candidate_created	22
0060fb10	0084ee78	candidate_created	76
0060fb70	0084ee9c	candidate_created	4
0060fb80	0084eea4	candidate_created	7
0060fbc0	0084eec0	candidate_created	13
0060fbf0	0084eecc	candidate_created	7
0060fc10	0084eed4	candidate_created	7
0060fc30	0084eedc	candidate_created	7
0060fc40	0084eee4	candidate_created	7
0060fc50	0084eeec	candidate_created	7
0060fc60	0084eef4	candidate_created	7
0060fc70	0084eef8	candidate_created	29
0060fc90	0080b978	candidate_created	7
0060fca0	00817fd4	candidate_created	7
0060fcb0	0084ee6c	candidate_created	6
0060fdb0	0084ee68	candidate_created	45
0060fe00	0084ef18	candidate_created	13
0060fe10	0084ef1c	candidate_created	7
0060fe20	0084ef10	candidate_created	13
0060ffc0	0084e7d8	candidate_created	20
00610000	0084ee98	candidate_created	37
00610060	0084eef0	candidate_created	23
006100b0	0084ef98	candidate_created	6
00610120	0084ef74	candidate_created	32
00610140	0084ef7c	candidate_created	32
00610160	0084efb0	candidate_created	6
00610170	0084ef9c	candidate_created	35
006103d0	0083d8a8	candidate_created	153
006105e0	0084f07c	candidate_created	12
006106c0	0084f0bc	candidate_created	46
00610850	0084f114	candidate_created	8
006108b0	0084f1b4	candidate_created	8
00611190	0084f294	candidate_created	6
006111a0	0084f2bc	candidate_created	13
006111b0	0084f2c0	candidate_created	7
00613740	0084f2b4	candidate_created	55
00613780	0084f284	candidate_created	8
00613790	0084f290	candidate_created	8
006137a0	0083d1cc	candidate_created	8
006137b0	0083d1d0	candidate_created	8
00613ea0	0084f300	candidate_created	6
00613ed0	0084f33c	candidate_created	25
00614af0	0084f308	candidate_created	194
00614bc0	0084f340	candidate_created	51
00614c00	0084f348	candidate_created	31
006156f0	0084f344	candidate_created	28
00615d80	0084f324	candidate_created	1317
00616770	0084f338	candidate_created	73
006167c0	0084f314	candidate_created	8
006167d0	0084f320	candidate_created	8
006167e0	0084f2f0	candidate_created	8
006167f0	0084f2fc	candidate_created	8
006169d0	0084aaec	candidate_created	6
006169e0	0084ab1c	candidate_created	19
00616a00	0084ab24	candidate_created	19
00616f60	0084aaf0	candidate_created	303
00617090	0084ab44	candidate_created	1380
00617461	0080edec	absorbed	0
006185d0	0084c068	candidate_created	72
00619770	0084c070	candidate_created	792
0061cf90	0084f634	candidate_created	7
0061cfa0	0084f5dc	candidate_created	25
0061cfc0	0084f614	candidate_created	9
0061cfd0	0084f624	candidate_created	25
0061cff0	0084f5b0	candidate_created	31
0061d200	0084f61c	candidate_created	24
0061d220	0084f620	candidate_created	193
0061d460	0084f618	candidate_created	28
0061ebf0	0084f5e4	candidate_created	13
0061ec00	0084f5e8	candidate_created	7
0061ec10	0084f5ec	candidate_created	29
0061ec30	0084f5f0	candidate_created	7
0061ec40	0084f5f4	candidate_created	43
0061ec70	0084f5f8	candidate_created	7
0061ec90	0084f60c	candidate_created	29
0061ecb0	0084f604	candidate_created	7
0061ecc0	0084f58c	candidate_created	8
0061ecd0	0084f598	candidate_created	8
0061ece0	0084f570	candidate_created	8
0061ecf0	0084f57c	candidate_created	8
006239c0	0084f7e8	candidate_created	6
00623a30	0084f878	candidate_created	6
00623a40	0084f858	candidate_created	17
00623a60	0084f85c	candidate_created	17
00623ae0	0084f8b8	candidate_created	6
00623b50	0084f8f4	candidate_created	14
00623b60	0084f8f8	candidate_created	6
00623bd0	0084f938	candidate_created	6
00623be0	0084f918	candidate_created	19
00623c00	0084f91c	candidate_created	19
00623c80	0084f9f8	candidate_created	6
00623c90	0084fa18	candidate_created	23
00623cb0	0084fa1c	candidate_created	23
00623d30	0084fa38	candidate_created	6
00623da0	0084f7dc	candidate_created	8
00623db0	0084f80c	candidate_created	45
00623de0	0084f7ec	candidate_created	31
00623e00	0084f83c	candidate_created	35
00623e30	0084f87c	candidate_created	35
00623e60	0084f8bc	candidate_created	35
00623e90	0084f8fc	candidate_created	35
00623ec0	0084f8ec	candidate_created	7
00623ed0	0084f93c	candidate_created	35
00623f00	0084f97c	candidate_created	35
00623f30	0084f9bc	candidate_created	35
00623f60	0084f9fc	candidate_created	35
00623f90	0084f9ec	candidate_created	9
00623fa0	0084fa3c	candidate_created	35
00624080	0084fa84	candidate_created	41
006240b0	0084fac4	candidate_created	41
006240e0	0084fb24	candidate_created	37
00624110	0084fb04	candidate_created	46
00624410	0084f840	candidate_created	46
00624440	0084f884	candidate_created	91
006244a0	0084f8c4	candidate_created	137
00624530	0084f904	candidate_created	133
00624780	0084f944	candidate_created	133
006249a0	0084f984	candidate_created	133
00624a30	0084f9c4	candidate_created	133
00624ac0	0084fa04	candidate_created	133
00624ce0	0084fa44	candidate_created	133
00624f00	0084fa88	candidate_created	216
00624fe0	0084fa8c	candidate_created	133
00625070	0084fac8	candidate_created	216
00625150	0084facc	candidate_created	133
00625370	0084fb0c	candidate_created	106
006253f0	0084faf4	candidate_created	16
00625400	0084fb20	candidate_created	44
00625430	0084f7f0	candidate_created	57
006254c0	0084f880	candidate_created	104
00625580	0084f8c0	candidate_created	149
00625670	0084f900	candidate_created	146
00625960	0084f940	candidate_created	146
00625a50	0084f980	candidate_created	143
00625b30	0084f9c0	candidate_created	143
00625c40	0084fa00	candidate_created	147
00625f40	0084fa40	candidate_created	147
00627ca0	0084fc8c	candidate_created	12
00628870	0084fd14	candidate_created	46
00629260	0084fde8	candidate_created	37
00629290	0084fddc	candidate_created	36
0062b2c0	0084fdec	candidate_created	40
0062b480	00850190	candidate_created	6
0062b490	00850198	candidate_created	6
0062b540	00850218	candidate_created	6
0062b5b0	00850230	candidate_created	6
0062b5c0	0085021c	candidate_created	35
0062b700	00819400	candidate_created	275
0062d040	008502a8	candidate_created	6
0062d050	008502b4	candidate_created	6
006326c0	00809f38	candidate_created	18
006326e0	00809f3c	candidate_created	18
006328e0	008504d0	candidate_created	280
00632a00	008504d8	candidate_created	235
00632af0	008208f4	candidate_created	139
00632c90	00850538	candidate_created	55
00632cd0	00850540	candidate_created	153
00632e80	008505b8	candidate_created	69
00632ed0	008505c0	candidate_created	153
00633090	00850628	candidate_created	153
006332c0	00850688	candidate_created	70
00633310	00850690	candidate_created	153
00633430	008506f8	candidate_created	27
00633670	008507d0	candidate_created	153
006338b0	00850838	candidate_created	153
00633ae0	008508b0	candidate_created	70
00633b30	008508b8	candidate_created	153
00633ce0	00850920	candidate_created	70
00633d30	00850928	candidate_created	153
00633ee0	00850990	candidate_created	222
006342b0	00850a10	candidate_created	153
006344d0	00850a88	candidate_created	173
00634690	00850af8	candidate_created	69
006346e0	00850b00	candidate_created	153
00634780	008505bc	candidate_created	187
00634960	00850b68	candidate_created	153
00634b90	00850bc8	candidate_created	70
00634be0	00850bd0	candidate_created	153
00634d90	00850c30	candidate_created	70
00634de0	00850c38	candidate_created	153
00634f00	00850ca0	candidate_created	27
00635040	00850d18	candidate_created	222
006354e0	00850e00	candidate_created	153
00637110	00850f68	candidate_created	13
00637120	00850f8c	candidate_created	86
006373a0	00850f58	candidate_created	45
006373d0	00850f5c	candidate_created	6
006373e0	00850f98	candidate_created	10
00637430	00850f90	candidate_created	5
006374b0	00850f7c	candidate_created	46
006376e0	00851028	candidate_created	41
00637710	00851030	candidate_created	105
00637890	00851090	candidate_created	61
006378d0	00851098	candidate_created	173
00637a00	00851108	candidate_created	28
00637aa0	00851188	candidate_created	28
00637bd0	00851200	candidate_created	222
00637e40	00851268	candidate_created	41
00637e70	00851270	candidate_created	153
00637f90	008512d0	candidate_created	28
006380c0	00851024	candidate_created	14
006380d0	00851338	candidate_created	39
00638100	00851340	candidate_created	153
006382b0	008513a0	candidate_created	41
006382e0	008513a8	candidate_created	153
006386e0	00851408	candidate_created	37
00638770	00851410	candidate_created	232
00638bb0	00851414	candidate_created	110
0063ab0c	00851644	candidate_created	13
0063b654	008e527c	candidate_created	169
006411da	008e528c	candidate_created	19
006467fc	00853000	candidate_created	4
0064681f	00853018	candidate_created	4
00646cf9	0085300c	candidate_created	15
00653450	0083d9e0	candidate_created	26
00653790	0083d9d0	candidate_created	5
006537a0	00807560	candidate_created	5
00653940	00858030	candidate_created	6
006539b0	00858070	candidate_created	6
00653a20	008580b0	candidate_created	6
00653a90	008580f0	candidate_created	6
00653b60	00858170	candidate_created	6
00653c30	0083d9dc	candidate_created	25
00653c50	0083d9e8	candidate_created	51
00653c90	0083d9d8	candidate_created	37
00653d20	00857fe4	candidate_created	70
00653d70	0083da08	candidate_created	64
00653db0	00857f10	candidate_created	12
00653df0	0085800c	candidate_created	32
00653e10	00858014	candidate_created	32
00653e30	00858130	candidate_created	6
00653e40	008581b0	candidate_created	6
00653e50	00858048	candidate_created	6
00653e60	00858034	candidate_created	35
00653e90	00858088	candidate_created	6
00653ea0	00858074	candidate_created	35
00653ed0	008580c8	candidate_created	6
00653ee0	008580b4	candidate_created	35
00653f10	00858108	candidate_created	6
00653f20	008580f4	candidate_created	35
00653f50	00858148	candidate_created	6
00653f60	00858134	candidate_created	35
00653f90	00858188	candidate_created	6
00653fa0	00858174	candidate_created	35
00653fd0	008581c8	candidate_created	6
00653fe0	008581b4	candidate_created	35
00654050	008586d4	candidate_created	33
00654080	008586d8	candidate_created	103
00654140	0085872c	candidate_created	33
00654170	00858730	candidate_created	103
00654230	0083d9fc	candidate_created	23
00654280	00858874	candidate_created	33
006542b0	00858878	candidate_created	103
00654370	008588cc	candidate_created	33
006543a0	008588d0	candidate_created	103
00654460	00858928	candidate_created	28
006545e0	00857f64	candidate_created	35
00654610	00857f60	candidate_created	6
00654620	00858a38	candidate_created	6
00654690	00857fa4	candidate_created	35
006546c0	00857fa0	candidate_created	6
006546d0	00858a78	candidate_created	6
00654780	0084cadc	candidate_created	60
00654960	00858abc	candidate_created	35
00654990	00858644	candidate_created	6
006549a0	00858af8	candidate_created	6
00654a10	00858afc	candidate_created	35
00654a40	00858aac	candidate_created	37
00654a70	00858b3c	candidate_created	35
00654aa0	008585f4	candidate_created	6
00654ab0	00858b78	candidate_created	6
00654b20	00858b7c	candidate_created	35
00654b60	00858bec	candidate_created	32
00654b80	00858bbc	candidate_created	80
00654bd0	00858c1c	candidate_created	53
00654d50	008581e4	candidate_created	6
00654dc0	00858c5c	candidate_created	35
00654df0	00858c98	candidate_created	6
00654e60	00858c9c	candidate_created	35
00654f30	00858d1c	candidate_created	6
00654f80	00858cec	candidate_created	41
00654fb0	00858d74	candidate_created	6
00654fc0	00858d44	candidate_created	41
00654ff0	00858d9c	candidate_created	41
00655020	0085822c	candidate_created	74
00655260	00858e24	candidate_created	19
00655280	00858df4	candidate_created	47
006552b0	00858bc4	candidate_created	181
00655370	0084cb0c	candidate_created	19
006553f0	0084cb20	candidate_created	188
006554b0	00858e54	candidate_created	55
006554f0	00858e94	candidate_created	55
00655530	00857fec	candidate_created	86
00655590	00858c24	candidate_created	132
00655620	008581dc	candidate_created	81
00655890	00858ed4	candidate_created	55
006558d0	00858f14	candidate_created	55
00655f70	00858038	candidate_created	198
00656410	00859074	candidate_created	55
00656450	00857fe8	candidate_created	142
006564e0	00858c20	candidate_created	142
00656570	00859104	candidate_created	19
00656590	008590d4	candidate_created	65
006565e0	00858c54	candidate_created	76
00656630	00858258	candidate_created	21
00656650	008582a8	candidate_created	28
00656670	008582f4	candidate_created	32
00656840	00858344	candidate_created	32
00656a10	0085834c	candidate_created	67
00656a60	00858394	candidate_created	32
00656c30	008583e4	candidate_created	31
00656df0	008583ec	candidate_created	66
00656e40	00858434	candidate_created	29
006571b0	0085848c	candidate_created	75
00657200	00858484	candidate_created	31
006573d0	008582fc	candidate_created	56
00657c40	008589cc	candidate_created	72
00657d30	00858a18	candidate_created	82
006582f0	00859170	candidate_created	143
006586d0	00859230	candidate_created	8
006590b0	008594d0	candidate_created	8
00659230	00859594	candidate_created	46
006592e0	00859610	candidate_created	185
00659420	0084fc48	candidate_created	164
00659520	00858d14	candidate_created	178
006595e0	00858d18	candidate_created	129
00659670	00858cf8	candidate_created	832
0065a2d0	00858dc4	candidate_created	178
0065a390	00858dc8	candidate_created	129
0065a420	00858da8	candidate_created	832
0065a860	00859674	candidate_created	35
0065a890	00858694	candidate_created	6
0065a8a0	008596b0	candidate_created	6
0065af80	008596e4	candidate_created	6
0065b0a0	008581f8	candidate_created	73
0065b0f0	00858204	candidate_created	41
0065b120	00858200	candidate_created	391
0065bc60	00859734	candidate_created	6
0065bc70	0083da0c	candidate_created	154
0065bd30	00858568	candidate_created	73
0065bd80	00858574	candidate_created	41
0065bdb0	00858570	candidate_created	391
0065c470	00859784	candidate_created	6
0065c4a0	008585b8	candidate_created	73
0065c4f0	008585c4	candidate_created	41
0065c520	008585c0	candidate_created	391
0065cbe0	008597d4	candidate_created	6
0065cce0	00858608	candidate_created	73
0065cd30	00858614	candidate_created	41
0065cd60	00858610	candidate_created	391
0065d420	00859824	candidate_created	6
0065d450	00858658	candidate_created	73
0065d4a0	00858664	candidate_created	41
0065d4d0	00858660	candidate_created	391
0065db90	00859874	candidate_created	6
0065dbe0	00858758	candidate_created	73
0065dc30	00858764	candidate_created	41
0065dc60	00858760	candidate_created	391
0065e450	0081c06c	candidate_created	8
0065e6e0	0084de04	candidate_created	8
0065e7c0	00859a20	candidate_created	8
0065e950	00859a68	candidate_created	8
0065ea50	00859ab0	candidate_created	8
0065efd0	00858e1c	candidate_created	112
0065f040	00858e20	candidate_created	88
0065f870	00859c04	candidate_created	8
0065fdd0	0085909c	candidate_created	112
0065fe40	008590a0	candidate_created	88
00660070	00858d6c	candidate_created	178
00660140	00858d70	candidate_created	117
00660210	00858d50	candidate_created	770
00660520	00858be4	candidate_created	112
00660590	00858be8	candidate_created	88
00660880	00859e44	candidate_created	8
006610d0	00859f4c	candidate_created	8
006612e0	0081d81c	candidate_created	8
006612f0	008590fc	candidate_created	48
00661370	00859100	candidate_created	67
006615d0	0081d86c	candidate_created	8
006628e0	0085a374	candidate_created	28
00663f40	00809bdc	candidate_created	18
00664730	00809bd8	candidate_created	7451
006666a0	0085add8	candidate_created	170
00666800	0082482c	candidate_created	143
006669a0	0085ae40	candidate_created	79
006669f0	0085ae48	candidate_created	96
00666b60	0085aeb0	candidate_created	79
00666bb0	0085aeb8	candidate_created	96
00666d30	0085af28	candidate_created	163
00667060	0085afa0	candidate_created	163
006673f0	0085b018	candidate_created	210
00667463	00814c00	absorbed	0
006676f0	0085b098	candidate_created	274
00667a90	0085b110	candidate_created	274
00667e30	0085b188	candidate_created	274
00668180	0085b1f8	candidate_created	163
00668340	0085b268	candidate_created	70
00668390	0085b270	candidate_created	96
00668500	0085b2d8	candidate_created	70
00668550	0085b2e0	candidate_created	96
006686c0	0085b350	candidate_created	70
00668710	0085b358	candidate_created	96
00668880	0085adcc	candidate_created	14
00668890	0085b3d0	candidate_created	79
006688e0	0085b3d8	candidate_created	96
00668ab0	0085b448	candidate_created	39
00668ae0	0085b450	candidate_created	143
00668cf0	0085b4b8	candidate_created	76
00668d40	0085b4c0	candidate_created	159
00668de0	00829df4	candidate_created	134
00668ff0	0085b528	candidate_created	78
00669040	0085b530	candidate_created	159
00669260	0085b598	candidate_created	78
006692b0	0085b5a0	candidate_created	159
00669460	0085b608	candidate_created	65
006694b0	0085b610	candidate_created	115
00669640	0085b678	candidate_created	63
00669680	0085b680	candidate_created	115
00669810	0085b6e8	candidate_created	63
00669850	0085b6f0	candidate_created	115
00669aa0	0085b760	candidate_created	391
0066a160	0085b7d0	candidate_created	258
0066a4f0	0085b840	candidate_created	258
0066a880	0085b8b0	candidate_created	299
0066ac40	0085b920	candidate_created	299
0066ae50	0082ab0c	candidate_created	193
0066b100	0085b990	candidate_created	299
0066b330	0085b98c	candidate_created	134
0066b5b0	0085ba20	candidate_created	103
0066b620	0085ba28	candidate_created	192
0066b8d0	0085ba98	candidate_created	103
0066b940	0085baa0	candidate_created	192
0066bb10	0085bb18	candidate_created	163
0066bd50	0085bb0c	candidate_created	14
0066bd60	0085bb80	candidate_created	163
0066bfa0	0085bbec	candidate_created	18
0066bfc0	0085bbf0	candidate_created	48
0066bff0	0085bbf8	candidate_created	96
0066c160	0085bc68	candidate_created	48
0066c190	0085bc70	candidate_created	96
0066c4c0	0085bce0	candidate_created	167
0066c570	0085bce8	candidate_created	296
0066c970	0085bd70	candidate_created	148
0066ca10	0085bd78	candidate_created	296
0066ce80	0085be00	candidate_created	162
0066cf30	0085be08	candidate_created	348
0066d3d0	0085be88	candidate_created	162
0066d480	0085be90	candidate_created	348
0066d8b0	0085bf10	candidate_created	148
0066d950	0085bf18	candidate_created	296
0066dd50	0085bf90	candidate_created	167
0066de00	0085bf98	candidate_created	296
0066e200	0085c010	candidate_created	167
0066e2b0	0085c018	candidate_created	296
0066e6b0	0085c090	candidate_created	156
0066e750	0085c098	candidate_created	296
0066e990	0085c118	candidate_created	163
0066ebe0	0085c188	candidate_created	163
0066ee90	0085c1f8	candidate_created	274
0066f200	0085c268	candidate_created	274
0066f570	0085c2d8	candidate_created	274
0066f8b0	0085c350	candidate_created	163
0066fb60	0085c3d0	candidate_created	274
0066fed0	0085c10c	candidate_created	14
0066fee0	0085c448	candidate_created	274
006701f0	0085c4b8	candidate_created	77
00670240	0085c4c0	candidate_created	96
006703b0	0085c4b4	candidate_created	14
006703c0	0085c528	candidate_created	79
00670410	0085c530	candidate_created	96
00670580	0085c590	candidate_created	70
006705d0	0085c598	candidate_created	96
006706b0	0085c58c	candidate_created	14
006706c0	0085c600	candidate_created	28
006707f0	0085c680	candidate_created	54
00670830	0085c688	candidate_created	96
00671220	0085c85c	candidate_created	28
006713b0	0085cbd8	candidate_created	67
006719c0	0085cb5c	candidate_created	2322
00672660	0085cb80	candidate_created	1213
00672b30	0085cb84	candidate_created	1213
00673600	0085cb68	candidate_created	2408
00674090	0085cb6c	candidate_created	48
006740c0	0085cba0	candidate_created	102
00674130	0085cba8	candidate_created	105
006764a0	0085cb64	candidate_created	2300
00676544	0086aa18	absorbed	0
00676f6c	0085294c	candidate_created	552
00677440	0085cb88	candidate_created	13
00677450	0085cb8c	candidate_created	7
00677460	0085cb90	candidate_created	13
00677470	0085cb94	candidate_created	7
00677480	0085cb98	candidate_created	13
00677490	00817fac	candidate_created	7
006774a0	00836f6c	candidate_created	7
006774b0	0085cbd0	candidate_created	13
006774c0	0085cbd4	candidate_created	7
006774d0	0085cbbc	candidate_created	23
00677650	0085cb74	candidate_created	187
0067ab40	0085cb48	candidate_created	2767
00682a50	00809c44	candidate_created	18
00682a70	00809c48	candidate_created	18
00683fe0	0085e82c	candidate_created	29
00684070	0085e864	candidate_created	11
00684120	0085e860	candidate_created	81
006843b0	0085e8ac	candidate_created	8
006843c0	0085e8b0	candidate_created	8
006843d0	0085e8b4	candidate_created	8
006843e0	0085e8bc	candidate_created	8
006843f0	0085e8b8	candidate_created	8
00684400	0085e8c8	candidate_created	8
00684410	0085e8cc	candidate_created	13
00685900	0085e8e8	candidate_created	802
00687f50	0085e8f8	candidate_created	181
00688110	0085e8f4	candidate_created	983
00688620	0085e8a0	candidate_created	45
00688650	0085e8fc	candidate_created	53
006888a0	0085e9f8	candidate_created	19
006888c0	0085e9fc	candidate_created	15
006888d0	0085e9ac	candidate_created	13
006888f0	0084e66c	candidate_created	7
00688900	0085e9cc	candidate_created	17
00688da0	0085e9a0	candidate_created	91
00689d60	0085e9bc	candidate_created	36
00689d90	0085e9c4	candidate_created	57
00689dd0	0085e9c0	candidate_created	61
0068a570	0085e9d8	candidate_created	1043
0068b610	0085e9e0	candidate_created	2198
0068cd20	0085e988	candidate_created	37
0068cd50	0085e9f4	candidate_created	6
0068cd80	0085e9a4	candidate_created	5
0068d710	0085e9d4	candidate_created	152
0068db20	0085ea70	candidate_created	37
0068e440	0085eb3c	candidate_created	55
0068e480	0085eb40	candidate_created	51
0068e4c0	0085eb44	candidate_created	48
0068e4f0	0085eafc	candidate_created	35
0068e520	0085eb00	candidate_created	35
0068ee60	0085eae8	candidate_created	37
0068eec0	0085eb2c	candidate_created	125
0068f2a0	0085eb1c	candidate_created	95
0068f300	0085eb18	candidate_created	35
0068f480	0085eb14	candidate_created	187
0068f540	0085eb10	candidate_created	187
0068f600	0085eb28	candidate_created	203
0068f6d0	0085eb24	candidate_created	203
0068f880	0085eb20	candidate_created	95
0068f8e0	0085eb08	candidate_created	40
0068f910	0085eb04	candidate_created	40
0068f940	0085eb7c	candidate_created	25
0068f960	0085eb78	candidate_created	25
0068fb00	0085eb64	candidate_created	55
0068fb70	0085eb6c	candidate_created	45
00690080	0085eb60	candidate_created	37
00690170	0085ebb0	candidate_created	28
00690190	0085ebb8	candidate_created	95
006901f0	0085ebbc	candidate_created	6
00690200	0085ebcc	candidate_created	62
00690330	0085ebd8	candidate_created	193
00690400	0085ebc8	candidate_created	106
00690470	0085ebc0	candidate_created	113
00692c50	0085f880	candidate_created	10
00692c60	00820474	candidate_created	4
00694340	0085f890	candidate_created	113
006953b0	0085f870	candidate_created	47
006953e0	0085f84c	candidate_created	8
006953f0	0085f858	candidate_created	8
00695490	0085f8c8	candidate_created	37
006954c0	0085f8cc	candidate_created	25
006954e0	0085f8d0	candidate_created	38
00695510	0085f9e0	candidate_created	71
00695560	0085f9e4	candidate_created	28
00695580	0085f9e8	candidate_created	24
00695a50	0085f9c0	candidate_created	55
00695a90	0085f974	candidate_created	8
00695aa0	0085f98c	candidate_created	8
00695ab0	0085f990	candidate_created	8
00695ac0	0085f998	candidate_created	8
00695ad0	0085f99c	candidate_created	8
00695e30	0085f9c8	candidate_created	75
00696120	0085fa58	candidate_created	142
006962a0	0085fa68	candidate_created	20
006962c0	0085fa70	candidate_created	20
006966a0	0085f984	candidate_created	8
006966b0	0085f988	candidate_created	8
00696730	0085fa38	candidate_created	166
006967e0	0085fa3c	candidate_created	73
00696830	0085fa40	candidate_created	153
00696863	00857bd0	absorbed	0
006968d0	0085fa44	candidate_created	159
00696980	0085fa54	candidate_created	247
00697090	0085fa1c	candidate_created	49
006974c0	0085fa30	candidate_created	47
006974f0	0085fa08	candidate_created	8
00697500	0085fa14	candidate_created	8
00697eb0	0085f994	candidate_created	8
00697ec0	0085fa50	candidate_created	2867
00698af0	0085fb30	candidate_created	46
00698b20	0085fb44	candidate_created	9
00698b70	0085fb10	candidate_created	71
00698bc0	0085fac4	candidate_created	8
00698bd0	0085fad0	candidate_created	8
00698be0	0085fadc	candidate_created	8
00698bf0	0085fae0	candidate_created	8
00698c80	0085fb14	candidate_created	65
00698cd0	0085fb18	candidate_created	140
00698d60	0085faf0	candidate_created	82
00698dc0	0085faf4	candidate_created	10
00698dd0	0085faf8	candidate_created	80
00698e20	0085fad4	candidate_created	8
00698e30	0085fad8	candidate_created	8
00698e40	0085fba0	candidate_created	17
00698e60	0085fba8	candidate_created	17
00698e80	0085fba4	candidate_created	17
00698f30	0085fc00	candidate_created	73
00698f80	0085fbb4	candidate_created	8
00698f90	0085fbc0	candidate_created	8
00698fa0	0085fb74	candidate_created	8
00698fb0	0085fb80	candidate_created	8
006991c0	0085fbc8	candidate_created	8
006991d0	0085fbcc	candidate_created	8
006991e0	0085fb88	candidate_created	8
006991f0	0085fb8c	candidate_created	8
006992a0	0085fc04	candidate_created	253
006993e0	0085fc18	candidate_created	8
006993f0	0085fc1c	candidate_created	8
006994b0	0085fbc4	candidate_created	8
006994c0	0085fbd0	candidate_created	8
006994d0	0085fae4	candidate_created	8
006994e0	0085fbd8	candidate_created	8
006994f0	0085fbdc	candidate_created	8
00699500	0085fb84	candidate_created	8
00699510	0085fb90	candidate_created	8
00699520	0085fb94	candidate_created	8
00699530	0085fb98	candidate_created	8
00699540	0085fb9c	candidate_created	8
00699780	0085fc6c	candidate_created	186
00699840	0085fc70	candidate_created	18
00699a30	0085fc8c	candidate_created	57
00699a70	0085d520	candidate_created	87
00699b60	0085fc88	candidate_created	565
0069a0c0	0085fc68	candidate_created	45
0069a230	0085d51c	candidate_created	81
0069a2b0	0085fdf8	candidate_created	75
0069a300	0085fdfc	candidate_created	44
0069a330	0085fcd8	candidate_created	35
0069a360	0085fcdc	candidate_created	42
0069a390	0085fd3c	candidate_created	34
0069a3c0	0085fd40	candidate_created	9
0069a3d0	0085fd58	candidate_created	6
0069a3e0	0085fd7c	candidate_created	35
0069a410	0085fd80	candidate_created	10
0069a420	0085fd98	candidate_created	7
0069aaf0	0085fce4	candidate_created	8
0069ab00	0085f980	candidate_created	8
0069ab10	0085fcfc	candidate_created	8
0069ab20	0085fd00	candidate_created	8
0069ab30	0085fae8	candidate_created	8
0069ab40	0085fd0c	candidate_created	8
0069ad70	0085fdf4	candidate_created	94
0069ade0	0085fe00	candidate_created	89
0069afa0	0085fdc8	candidate_created	79
0069b0b0	0085fde8	candidate_created	22
0069b160	0085d540	candidate_created	87
0069b310	0085fd34	candidate_created	89
0069b370	0085fd38	candidate_created	89
0069b3d0	0085fd44	candidate_created	59
0069b410	0085fd50	candidate_created	31
0069b490	0085fd90	candidate_created	32
0069c130	0085fcf4	candidate_created	8
0069c140	0085fcf8	candidate_created	8
0069c150	0085fd04	candidate_created	8
0069c230	0085fd70	candidate_created	45
0069cc00	0085fde0	candidate_created	788
0069d300	0085fd74	candidate_created	569
0069d540	0085fd84	candidate_created	59
0069d810	0085fdc0	candidate_created	53
0069e480	0085d53c	candidate_created	84
0069e4e0	0085fe3c	candidate_created	18
0069e520	0085fe50	candidate_created	31
0069e6f0	0085fe54	candidate_created	23
0069e710	0085fe58	candidate_created	19
0069ece0	0085fe44	candidate_created	61
0069ed90	0085fe38	candidate_created	45
0069ef20	0085fe48	candidate_created	127
0069efa0	0085fe4c	candidate_created	127
0069f0c0	0085fef0	candidate_created	13
0069f0d0	0085fef4	candidate_created	7
0069f350	0085feec	candidate_created	46
0069fa50	0085fee8	candidate_created	143
0069fbe0	0085fed8	candidate_created	47
0069fc10	0085fea8	candidate_created	8
0069fc20	0085feb4	candidate_created	8
006a0250	0085fef8	candidate_created	40
006a12c0	0085fffc	candidate_created	28
006a1730	00860260	candidate_created	43
006a17a0	0086028c	candidate_created	4
006a17b0	00860290	candidate_created	60
006a17f0	00860284	candidate_created	60
006a1830	00860280	candidate_created	50
006a1870	00860268	candidate_created	70
006a18c0	00860270	candidate_created	10
006a18d0	0086026c	candidate_created	4
006a18e0	00860288	candidate_created	43
006a1d80	00860258	candidate_created	119
006a1ed0	00860274	candidate_created	213
006a2a60	008603d4	candidate_created	38
006a2ac0	00860484	candidate_created	38
006a2b00	0080a014	candidate_created	18
006a3020	00860598	candidate_created	33
006a3050	008605a0	candidate_created	105
006a31d0	00860610	candidate_created	33
006a3200	00860618	candidate_created	153
006a33b0	00860680	candidate_created	33
006a33e0	00860688	candidate_created	153
006a35f0	008606f8	candidate_created	59
006a3630	00860700	candidate_created	250
006a3840	00860770	candidate_created	39
006a3870	00860778	candidate_created	153
006a3a20	008607e8	candidate_created	39
006a3a50	008607f0	candidate_created	153
006a3c00	00860868	candidate_created	33
006a3c30	00860870	candidate_created	153
006a3d50	008608e4	candidate_created	14
006a3d60	008608e8	candidate_created	42
006a3d90	008160e4	candidate_created	139
006a3ea0	00860968	candidate_created	42
006a3f50	008609e0	candidate_created	42
006a4360	00860a68	candidate_created	1258
006a4850	00860a60	candidate_created	668
006a4c70	00860ae0	candidate_created	501
006a5120	00860b70	candidate_created	681
006a5740	00860be8	candidate_created	681
006a5ce0	00860c78	candidate_created	616
006a6100	00860cf8	candidate_created	283
006a6430	00860d70	candidate_created	451
006a6820	00860de0	candidate_created	451
006a6bb0	00860e58	candidate_created	220
006a6df0	00860ec8	candidate_created	220
006a7050	00860f40	candidate_created	283
006a7320	00860fc0	candidate_created	283
006a76a0	00861040	candidate_created	451
006a7a20	008610c0	candidate_created	283
006a7f80	0086122c	candidate_created	14
006a7f90	00861238	candidate_created	451
006a83f0	008612b0	candidate_created	616
006a89e0	00861328	candidate_created	946
006a8fe0	00861398	candidate_created	83
006a9040	008613a0	candidate_created	388
006a92e0	0086140c	candidate_created	14
006a92f0	00861410	candidate_created	95
006a9350	00861418	candidate_created	220
006a9540	00861480	candidate_created	41
006a9570	00861488	candidate_created	220
006a9760	008614f8	candidate_created	41
006a9790	00861500	candidate_created	220
006a9980	00861578	candidate_created	33
006a99b0	00861580	candidate_created	220
006a9b10	008615e8	candidate_created	42
006a9c50	00861658	candidate_created	39
006a9c80	00861660	candidate_created	220
006a9de0	008616c8	candidate_created	42
006a9e90	00861738	candidate_created	42
006a9fd0	008617b8	candidate_created	53
006aa010	008617c0	candidate_created	220
006aa210	00861838	candidate_created	220
006aa440	008618b0	candidate_created	283
006aa760	00861928	candidate_created	451
006aaa50	008619a0	candidate_created	42
006aab90	00861a20	candidate_created	39
006aabc0	00861a28	candidate_created	220
006aae20	00861aa8	candidate_created	451
006ab1f0	00861b28	candidate_created	451
006ab5c0	00861ba0	candidate_created	51
006ab600	00861ba8	candidate_created	388
006ab8a0	00861c20	candidate_created	283
006abb60	00861c98	candidate_created	283
006abf20	00861d88	candidate_created	95
006abf80	00861d90	candidate_created	220
006ac170	00861df8	candidate_created	91
006ac1d0	00861e00	candidate_created	220
006ac330	00861e60	candidate_created	49
006ac480	00861ee0	candidate_created	51
006ac4c0	00861ee8	candidate_created	220
006ac820	00861fe8	candidate_created	55
006ac860	00861ff0	candidate_created	388
006acb00	00862060	candidate_created	59
006acb40	00862068	candidate_created	220
006ace10	008620e8	candidate_created	63
006ace50	008620f0	candidate_created	553
006ad200	00862170	candidate_created	60
006ad240	00862178	candidate_created	388
006ad4e0	008621f8	candidate_created	86
006ad540	00862200	candidate_created	220
006ad730	00861d84	candidate_created	19
006ad750	00862270	candidate_created	86
006ad7b0	00862278	candidate_created	220
006ad9a0	008622f0	candidate_created	283
006adc60	00862368	candidate_created	283
006adf40	008623f0	candidate_created	283
006ae300	008624a8	candidate_created	116
006ae380	008624b0	candidate_created	553
006ae730	00862528	candidate_created	112
006ae7a0	00862530	candidate_created	388
006ae9b0	008625a8	candidate_created	36
006aeb60	00862638	candidate_created	451
006aee70	008626b0	candidate_created	29
006aefa0	00862730	candidate_created	283
006af260	008627a8	candidate_created	283
006af7a0	00862920	candidate_created	451
006afb90	00862998	candidate_created	283
006b0280	00862b88	candidate_created	1111
006b0a90	00862c08	candidate_created	946
006b1260	00862c88	candidate_created	1111
006b1980	00862d10	candidate_created	681
006b1e50	00862da8	candidate_created	41
006b1e80	00862db0	candidate_created	220
006b1fe0	00862e28	candidate_created	49
006b2020	00862e2c	candidate_created	182
006b21f0	00862ea8	candidate_created	49
006b2230	00862eb0	candidate_created	220
006b2390	00862da4	candidate_created	19
006b23b0	00862f20	candidate_created	49
006b2470	00862f98	candidate_created	29
006b25a0	00863010	candidate_created	97
006b2610	00863018	candidate_created	220
006b2880	00863088	candidate_created	451
006b2c40	00861c14	candidate_created	12
006b2c50	008630f8	candidate_created	81
006b2cb0	00863100	candidate_created	220
006b2ea0	00863168	candidate_created	79
006b2ef0	00863170	candidate_created	220
006b30e0	008631e0	candidate_created	33
006b3110	008631e8	candidate_created	220
006b3470	00863318	candidate_created	28
006b3610	00863388	candidate_created	220
006b3860	00863408	candidate_created	46
006b3890	00863410	candidate_created	388
006b3aa0	00863490	candidate_created	28
006b3cc0	00863590	candidate_created	220
006b3e20	00863608	candidate_created	42
006b3ed0	00863678	candidate_created	42
006b3f80	008636f8	candidate_created	42
006b4260	00863780	candidate_created	1133
006b4ae0	008637f0	candidate_created	903
006b5140	00863868	candidate_created	220
006b5330	008638d8	candidate_created	33
006b5360	008638e0	candidate_created	220
006b5560	00863950	candidate_created	220
006b57d0	008639c0	candidate_created	283
006b5a30	00863a28	candidate_created	28
006b5c30	00863aa0	candidate_created	678
006b6320	00863b18	candidate_created	336
006b6470	00863b20	candidate_created	1098
006b6c00	00863b98	candidate_created	336
006b6d50	00863ba0	candidate_created	1098
006b6f6f	0083503c	absorbed	0
006b7390	00863c18	candidate_created	77
006b73e0	00807584	candidate_created	22
006b7400	00863c20	candidate_created	569
006b7910	00863c88	candidate_created	111
006b7980	00863c90	candidate_created	899
006b7f00	00863d00	candidate_created	616
006b8280	00863d70	candidate_created	35
006b83c0	00863de0	candidate_created	99
006b8430	00863de8	candidate_created	220
006b8620	0086337c	candidate_created	18
006b8640	00863e50	candidate_created	84
006b86a0	00863e58	candidate_created	220
006b8890	00863ec8	candidate_created	84
006b88f0	00863ed0	candidate_created	220
006b8b50	00863f48	candidate_created	451
006b8ed0	00863fb8	candidate_created	84
006b8f30	00863fc0	candidate_created	220
006b9120	00864028	candidate_created	84
006b9180	00864030	candidate_created	220
006b9370	00864098	candidate_created	93
006b93d0	008640a0	candidate_created	220
006b95c0	00864120	candidate_created	93
006b9620	00864128	candidate_created	220
006b9810	00864198	candidate_created	93
006b9870	008641a0	candidate_created	220
006b9a60	00864210	candidate_created	93
006b9ac0	00864218	candidate_created	220
006b9cb0	00864288	candidate_created	93
006b9d10	00864290	candidate_created	220
006b9f00	00864300	candidate_created	93
006b9f60	00864308	candidate_created	220
006ba150	00863604	candidate_created	14
006ba160	00864378	candidate_created	81
006ba1c0	00864380	candidate_created	220
006ba3b0	008643f0	candidate_created	93
006ba410	008643f8	candidate_created	220
006ba600	00864468	candidate_created	48
006ba630	00864470	candidate_created	220
006ba820	008644d8	candidate_created	48
006ba850	008644e0	candidate_created	220
006baa40	00864550	candidate_created	48
006baa70	00864558	candidate_created	220
006babd0	008645c0	candidate_created	74
006bac20	008165ac	candidate_created	182
006bad60	00864640	candidate_created	74
006baec0	008646c0	candidate_created	93
006baf20	008646c8	candidate_created	220
006bb080	00864738	candidate_created	35
006bb1c0	008647b0	candidate_created	70
006bb210	008647b8	candidate_created	220
006bb370	00864828	candidate_created	41
006bb420	00860a5c	candidate_created	14
006bb430	008648a0	candidate_created	41
006bb4e0	00864918	candidate_created	41
006bb620	00864994	candidate_created	14
006bb630	00864998	candidate_created	87
006bb690	008649a0	candidate_created	236
006bb950	00864a24	candidate_created	14
006bb960	00864a28	candidate_created	87
006bb9c0	00864a30	candidate_created	220
006bbc10	00864aa0	candidate_created	59
006bbc50	00864aa8	candidate_created	388
006bbef0	00864b20	candidate_created	87
006bbf50	00864b28	candidate_created	220
006bc140	00864ba0	candidate_created	87
006bc1a0	00864ba8	candidate_created	220
006bc390	00864c20	candidate_created	87
006bc3f0	00864c28	candidate_created	220
006bc5e0	00864c98	candidate_created	87
006bc640	00864ca0	candidate_created	220
006bc830	00864d18	candidate_created	87
006bc890	00864d20	candidate_created	220
006bcaf0	00864d98	candidate_created	51
006bcb30	00864da0	candidate_created	388
006bcdd0	00864e18	candidate_created	53
006bce10	00864e20	candidate_created	220
006bd070	00864e98	candidate_created	51
006bd0b0	00864ea0	candidate_created	388
006bd350	00864f10	candidate_created	53
006bd390	00864f18	candidate_created	220
006bd5f0	00864f88	candidate_created	51
006bd630	00864f90	candidate_created	388
006bd8d0	00864ff8	candidate_created	53
006bd910	00865000	candidate_created	220
006bda70	00865068	candidate_created	31
006bdba0	008650e0	candidate_created	78
006bdbf0	008650e8	candidate_created	220
006bddf0	00865168	candidate_created	220
006be060	008651e0	candidate_created	220
006be2d0	00865260	candidate_created	220
006be610	008652e0	candidate_created	616
006be920	00808094	candidate_created	189
006beed0	00865358	candidate_created	1789
006bf760	008653c8	candidate_created	28
006bf800	00865438	candidate_created	28
006bf8a0	008654b0	candidate_created	28
006bf940	00865528	candidate_created	28
006bf9e0	008655a0	candidate_created	28
006bfb10	00865620	candidate_created	33
006bfb40	00865628	candidate_created	220
006bfd30	00865690	candidate_created	33
006bfd60	00865698	candidate_created	220
006bff50	00865708	candidate_created	33
006bff80	00865710	candidate_created	220
006c00e0	00865780	candidate_created	28
006c0180	008657f8	candidate_created	28
006c0220	00865868	candidate_created	28
006c02c0	008658e0	candidate_created	28
006c0360	00865958	candidate_created	28
006c04f0	008659d0	candidate_created	39
006c0520	008659d8	candidate_created	388
006c07c0	00865a48	candidate_created	51
006c0800	00865a50	candidate_created	220
006c0a50	00865ac0	candidate_created	39
006c0a80	00865ac8	candidate_created	388
006c0d20	00865b38	candidate_created	51
006c0d60	00865b40	candidate_created	220
006c0fc0	00865bd0	candidate_created	434
006c1350	00865c58	candidate_created	446
006c1810	00865d40	candidate_created	220
006c1a60	00865db8	candidate_created	220
006c1c50	00865e28	candidate_created	51
006c1c90	00865e30	candidate_created	220
006c1e80	00865e98	candidate_created	51
006c1ec0	00865ea0	candidate_created	220
006c20c0	00865f18	candidate_created	220
006c2320	00865f88	candidate_created	51
006c2360	00865f90	candidate_created	220
006c2560	00866000	candidate_created	220
006c2840	00866078	candidate_created	388
006c2b50	008660e8	candidate_created	51
006c2b90	008660f0	candidate_created	220
006c2e40	00866168	candidate_created	388
006c2fd0	00866164	candidate_created	182
006c31b0	008661e0	candidate_created	220
006c3420	00865cc4	candidate_created	14
006c3430	00866258	candidate_created	220
006c38b0	008662d0	candidate_created	1275
006c4020	008662c4	candidate_created	14
006c4030	00866340	candidate_created	51
006c4070	00866348	candidate_created	220
006c4330	008663b0	candidate_created	49
006c4370	008663b8	candidate_created	553
006c4780	00866428	candidate_created	49
006c47c0	00866430	candidate_created	553
006c4bd0	008664a0	candidate_created	76
006c4c20	008664a8	candidate_created	553
006c5030	00866528	candidate_created	76
006c5080	00866530	candidate_created	553
006c5420	008665b0	candidate_created	41
006c5450	008665b8	candidate_created	388
006c5750	00866630	candidate_created	41
006c5780	00866638	candidate_created	388
006c5af0	008666a8	candidate_created	49
006c5b30	008666b0	candidate_created	553
006c5de0	00866720	candidate_created	42
006c5e90	008667a0	candidate_created	42
006c5f40	00866820	candidate_created	42
006c5ff0	008668a0	candidate_created	42
006c60a0	00866920	candidate_created	42
006c6176	0080c708	candidate_created	21
006c6210	008669a0	candidate_created	42
006c62c0	00866a20	candidate_created	42
006c6370	00866ab0	candidate_created	42
006c6420	00866b40	candidate_created	42
006c6450	00863384	candidate_created	192
006c6590	00866bd0	candidate_created	42
006c6640	00866c60	candidate_created	42
006c66f0	00866cf0	candidate_created	42
006c67a0	00866d80	candidate_created	42
006c6850	00866e08	candidate_created	42
006c6900	00866e98	candidate_created	42
006c696e	0085034c	candidate_created	10
006c69b0	00866f10	candidate_created	42
006c6a60	00866f90	candidate_created	42
006c6b10	00867018	candidate_created	42
006c6bc0	008670a0	candidate_created	42
006c6d00	008663ac	candidate_created	14
006c6d10	00867120	candidate_created	44
006c6d40	00867128	candidate_created	220
006c70f0	008671a4	candidate_created	12
006c7100	008671b0	candidate_created	1045
006c7840	00867218	candidate_created	283
006c7c00	008672f0	candidate_created	283
006c8030	008673e0	candidate_created	220
006c8190	00867458	candidate_created	29
006c82c0	008674d0	candidate_created	83
006c8320	008674d8	candidate_created	283
006c84c0	00867540	candidate_created	67
006c8510	00867544	candidate_created	214
006c8700	008675a8	candidate_created	83
006c8760	008675b0	candidate_created	283
006c8b50	00867700	candidate_created	52
006c8b90	00867708	candidate_created	220
006c8d80	00867778	candidate_created	52
006c8dc0	00867780	candidate_created	220
006c8f20	008677f0	candidate_created	42
006c9060	00867868	candidate_created	52
006c90a0	00867870	candidate_created	220
006c9340	008678f0	candidate_created	388
006c9640	00867960	candidate_created	220
006c9720	0080c6e4	candidate_created	187
006c98f0	008679c8	candidate_created	97
006c9960	008679d0	candidate_created	220
006c9bc0	00867a40	candidate_created	49
006c9c00	00867a48	candidate_created	388
006c9ee0	00867ab8	candidate_created	220
006ca040	00867b20	candidate_created	29
006ca330	00867c98	candidate_created	47
006ca360	00867ca0	candidate_created	220
006ca4c0	00867d10	candidate_created	41
006ca670	00867d80	candidate_created	514
006cab60	00867e68	candidate_created	41
006cab90	00867e70	candidate_created	220
006cacf0	00867ed8	candidate_created	49
006cae80	00867f50	candidate_created	220
006cb070	00867fb8	candidate_created	283
006cb320	00868030	candidate_created	283
006cb5d0	008680a8	candidate_created	283
006cb880	00868120	candidate_created	41
006cb8b0	00868128	candidate_created	220
006cbaa0	00868198	candidate_created	47
006cbad0	008681a0	candidate_created	220
006cbcc0	008674cc	candidate_created	19
006cbce0	00868210	candidate_created	47
006cbd10	00868218	candidate_created	220
006cbf00	00868288	candidate_created	283
006cc1b0	00868300	candidate_created	283
006cc5c0	008683f0	candidate_created	220
006cc7f0	00868468	candidate_created	220
006cc8d0	008678ec	candidate_created	182
006ccaa0	008684d0	candidate_created	59
006ccae0	008684d8	candidate_created	220
006cccd0	00868550	candidate_created	59
006ccd10	00868558	candidate_created	220
006ccf00	008685d8	candidate_created	59
006ccf40	008685e0	candidate_created	220
006cd130	00868660	candidate_created	59
006cd170	00868668	candidate_created	220
006cd370	008686e8	candidate_created	220
006cd5b0	00868760	candidate_created	283
006cd870	008687d8	candidate_created	283
006cdb80	00868850	candidate_created	220
006cdd80	008688c8	candidate_created	283
006ce1e0	00868950	candidate_created	908
006ce6c0	008688bc	candidate_created	14
006ce840	00868a34	candidate_created	18
006ce8e0	00868a40	candidate_created	283
006ceb90	00868ab0	candidate_created	283
006cedc0	00868b18	candidate_created	84
006cee20	00868b20	candidate_created	220
006cef00	00868b1c	candidate_created	182
006cf120	00868b98	candidate_created	220
006cf320	00868bfc	candidate_created	14
006cf330	00868c08	candidate_created	283
006cf640	00868c70	candidate_created	283
006cf950	00868b8c	candidate_created	18
006cf9c0	00868cd8	candidate_created	220
006cfbb0	00868d38	candidate_created	89
006cfc10	00868d40	candidate_created	220
006cfe00	00868db0	candidate_created	89
006cfe60	00868db8	candidate_created	220
006d0050	00868e28	candidate_created	89
006d00b0	00868e30	candidate_created	220
006d02f0	00868ea0	candidate_created	220
006d0530	00868f18	candidate_created	220
006d0720	00868f98	candidate_created	50
006d0760	00868fa0	candidate_created	220
006d0960	00869010	candidate_created	283
006d0cd0	00869074	candidate_created	14
006d0ce0	00869080	candidate_created	513
006d1140	008690e8	candidate_created	283
006d1450	00869144	candidate_created	55
006d1490	00869148	candidate_created	160
006d1530	00869150	candidate_created	220
006d1720	008691b8	candidate_created	160
006d17c0	008691c0	candidate_created	220
006d1a50	00869238	candidate_created	220
006d1c40	008692a8	candidate_created	166
006d1cf0	008692b0	candidate_created	220
006d1ee0	0086922c	candidate_created	58
006d1f20	00869310	candidate_created	166
006d1fd0	00869318	candidate_created	220
006d21c0	00869380	candidate_created	166
006d2270	00869388	candidate_created	220
006d2460	008693f0	candidate_created	166
006d2510	008693f8	candidate_created	220
006d2700	00869460	candidate_created	178
006d27c0	00869468	candidate_created	220
006d29b0	008694d8	candidate_created	166
006d2a60	008694e0	candidate_created	220
006d2cf0	00869560	candidate_created	220
006d2f40	008695c8	candidate_created	96
006d2fa0	008695d0	candidate_created	388
006d32a0	00869648	candidate_created	96
006d3300	00869650	candidate_created	388
006d3510	008696c8	candidate_created	87
006d3680	008696c4	candidate_created	56
006d36c0	00869738	candidate_created	67
006d3710	00869740	candidate_created	220
006d3900	008697a8	candidate_created	69
006d3950	008697b0	candidate_created	220
006d3b40	00869820	candidate_created	69
006d3b90	00869828	candidate_created	220
006d3d80	008697a4	candidate_created	58
006d3dc0	008698a0	candidate_created	101
006d3e30	008698a8	candidate_created	236
006d40d0	00869930	candidate_created	220
006d4320	008699a8	candidate_created	388
006d44b0	008699a0	candidate_created	91
006d46a0	00869a20	candidate_created	388
006d4830	00869a18	candidate_created	91
006d49c0	00869924	candidate_created	58
006d4aa0	00869ab0	candidate_created	220
006d4b80	00869aac	candidate_created	182
006d4d50	00869b18	candidate_created	69
006d4da0	00869b20	candidate_created	220
006d4f90	00869ba0	candidate_created	69
006d4fe0	00869ba8	candidate_created	220
006d51d0	00869c20	candidate_created	69
006d5220	00869c28	candidate_created	220
006d5390	00869ca0	candidate_created	77
006d5470	00869d18	candidate_created	77
006d5550	00869d88	candidate_created	77
006d56b0	00869e00	candidate_created	166
006d5760	00869e08	candidate_created	220
006d5950	00869e78	candidate_created	166
006d5a00	00869e80	candidate_created	220
006d5bf0	00869c9c	candidate_created	58
006d5c30	00869ef0	candidate_created	166
006d5ce0	00869ef8	candidate_created	220
006d5ed0	00869f68	candidate_created	166
006d5f80	00869f70	candidate_created	220
006d6170	00869fe0	candidate_created	166
006d6220	00869fe8	candidate_created	220
006d6474	00814bf0	candidate_created	66
006d6552	0080b750	candidate_created	74
006d6574	00829fd8	absorbed	0
006d66b0	0086a0d0	candidate_created	166
006d6760	0086a0d8	candidate_created	220
006d6950	0086a148	candidate_created	166
006d6977	008299a4	absorbed	0
006d6a00	0086a150	candidate_created	220
006d6bf0	0086a1c0	candidate_created	166
006d6ca0	0086a1c8	candidate_created	220
006d6e90	0086a238	candidate_created	166
006d6f40	0086a240	candidate_created	220
006d7130	0086a2a8	candidate_created	166
006d71e0	0086a2b0	candidate_created	220
006d73d0	0086a318	candidate_created	166
006d7480	0086a320	candidate_created	220
006d7670	0086a388	candidate_created	166
006d7720	0086a390	candidate_created	220
006d7910	0086a408	candidate_created	166
006d79c0	0086a410	candidate_created	220
006d7bb0	0086a488	candidate_created	166
006d7c60	0086a490	candidate_created	220
006d7e50	0086a508	candidate_created	166
006d7f00	0086a510	candidate_created	220
006d80f0	0086a588	candidate_created	166
006d81a0	0086a590	candidate_created	220
006d8390	0086a600	candidate_created	166
006d8440	0086a608	candidate_created	220
006d8630	0086a678	candidate_created	166
006d86e0	0086a680	candidate_created	220
006d8970	0086a700	candidate_created	220
006d8c00	0086a780	candidate_created	220
006d8e90	0086a7f8	candidate_created	220
006d9120	0086a870	candidate_created	220
006d93b0	0086a8f0	candidate_created	220
006d9640	0086a968	candidate_created	220
006d9830	0086a9e0	candidate_created	114
006d98b0	0086a9e8	candidate_created	236
006d9ab0	0086aa68	candidate_created	114
006d9b30	0086aa70	candidate_created	236
006d9d30	0086aaf0	candidate_created	160
006d9dd0	0086aaf8	candidate_created	220
006da060	0086ab70	candidate_created	220
006da250	0086abe0	candidate_created	160
006da2f0	0086abe8	candidate_created	220
006da4e0	0086ac58	candidate_created	160
006da580	0086ac60	candidate_created	220
006da810	0086acd8	candidate_created	220
006daaa0	0086ad50	candidate_created	220
006dac90	0086aaec	candidate_created	53
006dad70	0086adc8	candidate_created	220
006db000	0086ae40	candidate_created	220
006db1f0	0086aebc	candidate_created	14
006db200	0086aec0	candidate_created	33
006db230	0086aec8	candidate_created	220
006db490	0086af38	candidate_created	47
006db4c0	0086af40	candidate_created	388
006db840	0086afb0	candidate_created	67
006db890	0086afb8	candidate_created	553
006dbc40	0086b018	candidate_created	47
006dbc70	0086b020	candidate_created	388
006dbf80	0086b090	candidate_created	47
006dbfb0	0086b098	candidate_created	388
006dc260	0086b10c	candidate_created	14
006dc270	0086b118	candidate_created	283
006dc580	0086b180	candidate_created	283
006dc8e0	0086b1e8	candidate_created	220
006dcad0	0086b250	candidate_created	88
006dcb30	0086b258	candidate_created	220
006dcd20	0086b2c0	candidate_created	122
006dcda0	0086b2c8	candidate_created	220
006dcf90	0086b338	candidate_created	61
006dcfd0	0086b340	candidate_created	220
006dd210	0086b3b8	candidate_created	220
006dd400	0086b428	candidate_created	137
006dd490	0086b430	candidate_created	220
006dd6d0	0086b4b0	candidate_created	220
006dd8c0	0086b518	candidate_created	93
006dd920	0086b520	candidate_created	220
006ddb60	0086b590	candidate_created	220
006ddd50	0086b600	candidate_created	89
006dddb0	0086b608	candidate_created	220
006ddfa0	0086b1dc	candidate_created	18
006ddfc0	0086b668	candidate_created	89
006de020	0086b670	candidate_created	220
006de210	0086b6d8	candidate_created	89
006de270	0086b6e0	candidate_created	220
006de460	0086b748	candidate_created	89
006de4c0	0086b750	candidate_created	220
006de700	0086b7e0	candidate_created	220
006de940	0086b858	candidate_created	220
006deb30	0086b8c0	candidate_created	93
006deb90	0086b8c8	candidate_created	220
006ded80	0086b930	candidate_created	89
006dede0	0086b938	candidate_created	220
006defd0	0086b9a8	candidate_created	89
006df030	0086b9b0	candidate_created	220
006df220	0086ba20	candidate_created	27
006df240	0086ba28	candidate_created	220
006df4a0	0086ba90	candidate_created	47
006df4d0	0086ba98	candidate_created	388
006df7f0	0086bb08	candidate_created	451
006dfbc0	0086bafc	candidate_created	14
006dfbd0	0086bb70	candidate_created	283
006dfee0	0086bbd0	candidate_created	27
006dff00	0086bbd8	candidate_created	220
006e0150	0086bbcc	candidate_created	18
006e0170	0086bc50	candidate_created	46
006e01a0	0086bc58	candidate_created	388
006e0440	0086bcc0	candidate_created	220
006e06a0	0086bd30	candidate_created	47
006e06d0	0086bd38	candidate_created	388
006e0910	00865f8c	candidate_created	182
006e0af0	0086be04	candidate_created	12
006e0b00	0086be10	candidate_created	283
006e0d60	0086be78	candidate_created	35
006e0eb0	0086bef8	candidate_created	283
006e1190	0086bf68	candidate_created	283
006e1430	00807964	candidate_created	191
006e1610	0086c060	candidate_created	220
006e1850	0086c0f0	candidate_created	220
006e1a90	0086c178	candidate_created	220
006e1cd0	0086c1f0	candidate_created	283
006e2060	0086c2d8	candidate_created	451
006e24c0	0086c358	candidate_created	738
006e2ac0	0086c3d8	candidate_created	738
006e2fe0	0086c444	candidate_created	12
006e3040	0086c450	candidate_created	220
006e3230	00860594	candidate_created	14
006e3240	0086c4c8	candidate_created	220
006e3440	0086c524	candidate_created	14
006e3450	0086c530	candidate_created	283
006e3690	0086c59c	candidate_created	17
006e36b0	0086c5a0	candidate_created	78
006e3810	0086c60c	candidate_created	64
006e3850	0086c618	candidate_created	283
006e3b20	0086c684	candidate_created	17
006e3b40	0086c690	candidate_created	283
006e3e10	0086c6ec	candidate_created	17
006e3e70	0086c6f8	candidate_created	283
006e4140	0086c754	candidate_created	17
006e41a0	0086c760	candidate_created	283
006e4470	0086c7c4	candidate_created	65
006e44c0	0086c7c8	candidate_created	100
006e4530	0086c7d0	candidate_created	220
006e4720	0086c840	candidate_created	42
006e4750	0086c848	candidate_created	220
006e4950	0086c83c	candidate_created	12
006e4960	0086c8b8	candidate_created	283
006e4cf0	0086c920	candidate_created	451
006e5100	0086c988	candidate_created	451
006e5510	0086ca10	candidate_created	451
006e5920	0086ca90	candidate_created	451
006e5d30	0086caf8	candidate_created	451
006e6140	0086c914	candidate_created	12
006e616c	0080a120	candidate_created	200
006e64f0	0086beec	candidate_created	14
006e6500	0086cbf0	candidate_created	283
006e6961	008204bc	candidate_created	100
006e6aa0	00807590	candidate_created	20
006e6c10	0086cea0	candidate_created	220
006e7400	0086d210	candidate_created	220
006e7600	0086d288	candidate_created	220
006e7840	0086d2f8	candidate_created	283
006e7b10	0086d358	candidate_created	28
006e7b30	0086d360	candidate_created	220
006e7d20	0086d3c8	candidate_created	35
006e7d50	0086d3d0	candidate_created	220
006e7f40	0086d438	candidate_created	28
006e7f60	0086d440	candidate_created	220
006e8150	0086d4a0	candidate_created	54
006e8190	0086d4a8	candidate_created	236
006e8390	0086d504	candidate_created	54
006e8470	0086d510	candidate_created	220
006ee1a0	0086d6dc	candidate_created	38
006ef230	0086d7ac	candidate_created	38
006f03f0	0086d87c	candidate_created	12
006f0400	0086d8d0	candidate_created	49
006f0440	0086d858	candidate_created	38
006f40b0	0086d85c	candidate_created	1191
006f4560	0086d870	candidate_created	478
006f4740	0086d884	candidate_created	378
006f5320	0086d8c0	candidate_created	981
006f5700	0086d8d4	candidate_created	2256
0070614d	0080c0f0	candidate_created	1
00707760	0086eea0	candidate_created	25
00707780	00837bf8	candidate_created	14
00707790	00837bfc	candidate_created	32
007077f0	0086eea4	candidate_created	57
00707865	00852958	candidate_created	11
00707920	0086f158	candidate_created	6
00707990	0086f198	candidate_created	6
00707a00	0086f1d8	candidate_created	6
00707a70	0086f218	candidate_created	6
00707ae0	0086f258	candidate_created	6
00707b50	0086f298	candidate_created	6
00707bc0	0086f2d8	candidate_created	6
00707c30	0086f318	candidate_created	6
00707ca0	0086f358	candidate_created	6
00707d10	0086f398	candidate_created	6
00707d80	0086f3d8	candidate_created	6
00707df0	0086f418	candidate_created	6
00707e60	0086f458	candidate_created	6
00707ed0	0086f498	candidate_created	6
00707f40	0086f4d8	candidate_created	6
00707fb0	0086f518	candidate_created	6
00708020	0086f558	candidate_created	6
00708090	0086ef88	candidate_created	12
007080d0	0086efc0	candidate_created	32
007080f0	0086efc8	candidate_created	32
00708110	0086efd0	candidate_created	32
00708130	0086efd8	candidate_created	32
00708150	0086efe0	candidate_created	32
00708170	0086efe8	candidate_created	32
00708190	0086eff0	candidate_created	32
007081b0	0086eff8	candidate_created	32
007081d0	0086f000	candidate_created	32
007081f0	0086f008	candidate_created	32
00708210	0086f010	candidate_created	32
00708230	0086f018	candidate_created	32
00708250	0086f020	candidate_created	32
00708270	0086f028	candidate_created	32
00708290	0086f030	candidate_created	32
007082b0	0086f038	candidate_created	32
007082d0	0086f040	candidate_created	32
007082f0	0086f048	candidate_created	32
00708310	0086f050	candidate_created	32
00708330	0086f058	candidate_created	32
00708350	0086f060	candidate_created	32
00708370	0086f068	candidate_created	32
00708390	0086f070	candidate_created	32
007083b0	0086f078	candidate_created	32
007083d0	0086f080	candidate_created	32
007083f0	0086f088	candidate_created	32
00708410	0086f090	candidate_created	32
00708430	0086f098	candidate_created	32
00708450	0086f0a0	candidate_created	32
00708470	0086f0a8	candidate_created	32
00708490	0086f0b0	candidate_created	32
007084b0	0086f0b8	candidate_created	32
007084d0	0086f0c0	candidate_created	32
007084f0	0086f0c8	candidate_created	32
00708510	0086f0d0	candidate_created	32
00708530	0086f0d8	candidate_created	32
00708550	0086f0e0	candidate_created	32
00708570	0086f0e8	candidate_created	32
00708590	0086f0f0	candidate_created	32
007085b0	0086f0f8	candidate_created	32
007085d0	0086f100	candidate_created	32
007085f0	0086f108	candidate_created	32
00708610	0086f110	candidate_created	32
00708630	0086f118	candidate_created	32
00708650	0086f120	candidate_created	32
00708670	0086f128	candidate_created	32
00708690	0086f130	candidate_created	32
007086b0	0086f138	candidate_created	32
007086d0	0086f170	candidate_created	6
007086e0	0086f15c	candidate_created	35
00708710	0086f1b0	candidate_created	6
00708720	0086f19c	candidate_created	35
00708750	0086f1f0	candidate_created	6
00708760	0086f1dc	candidate_created	35
00708790	0086f230	candidate_created	6
007087a0	0086f21c	candidate_created	35
007087d0	0086f270	candidate_created	6
007087e0	0086f25c	candidate_created	35
00708810	0086f2b0	candidate_created	6
00708820	0086f29c	candidate_created	35
00708850	0086f2f0	candidate_created	6
00708860	0086f2dc	candidate_created	35
00708890	0086f330	candidate_created	6
007088a0	0086f31c	candidate_created	35
007088d0	0086f370	candidate_created	6
007088e0	0086f35c	candidate_created	35
00708910	0086f3b0	candidate_created	6
00708920	0086f39c	candidate_created	35
00708950	0086f3f0	candidate_created	6
00708960	0086f3dc	candidate_created	35
00708990	0086f430	candidate_created	6
007089a0	0086f41c	candidate_created	35
007089d0	0086f470	candidate_created	6
007089e0	0086f45c	candidate_created	35
00708a10	0086f4b0	candidate_created	6
00708a20	0086f49c	candidate_created	35
00708a50	0086f4f0	candidate_created	6
00708a60	0086f4dc	candidate_created	35
00708a90	0086f530	candidate_created	6
00708aa0	0086f51c	candidate_created	35
00708ad0	0086f570	candidate_created	6
00708ae0	0086f55c	candidate_created	35
0070a0b0	0086f9bc	candidate_created	8
0070b210	0086fdec	candidate_created	68
0071b010	00871aa4	candidate_created	38
0071b070	00871b9c	candidate_created	38
0071b500	00871d84	candidate_created	225
007221e0	00871fac	candidate_created	28
00722430	008720b4	candidate_created	11
00722b00	008721dc	candidate_created	58
00722b40	008721e0	candidate_created	33
00723c90	008722dc	candidate_created	210
00723d80	00872310	candidate_created	210
00723e70	00872344	candidate_created	266
00723fa0	008723ac	candidate_created	204
00726941	00829164	candidate_created	102
00726961	0081e634	absorbed	0
007271b0	00872c44	candidate_created	30
007271d0	00872c48	candidate_created	30
007271f0	00872c4c	candidate_created	20
00727210	00872c50	candidate_created	43
00727250	00872c5c	candidate_created	30
00727270	00872c60	candidate_created	16
00727280	00872c64	candidate_created	44
007272f0	00872c54	candidate_created	180
007273d0	00872cbc	candidate_created	23
007273f0	00872cc4	candidate_created	9
00727400	00872cc8	candidate_created	24
00727420	00872cd4	candidate_created	19
00727440	00872cd8	candidate_created	16
00727450	00872cdc	candidate_created	32
007274e0	00872ccc	candidate_created	220
007275e0	00872d5c	candidate_created	23
00727600	00872d64	candidate_created	9
00727610	00872d68	candidate_created	24
00727630	00872d74	candidate_created	19
00727650	00872d78	candidate_created	16
00727660	00872d7c	candidate_created	32
007276f0	00872d6c	candidate_created	204
00728890	00872f6c	candidate_created	38
00728ec0	00872fcc	candidate_created	38
00729f00	00873124	candidate_created	38
0072a050	00873254	candidate_created	41
0072a5e0	00873288	candidate_created	45
0072a610	008732b8	candidate_created	7
0072a620	008732bc	candidate_created	7
0072a630	008732cc	candidate_created	17
0072a650	008732a8	candidate_created	13
0072a660	008732d4	candidate_created	13
0072a6d0	008732a0	candidate_created	11
0072a6e0	008732ac	candidate_created	11
0072a6f0	008732b0	candidate_created	23
0072a710	008732b4	candidate_created	11
0072a720	008732d8	candidate_created	11
0072a730	008732e0	candidate_created	10
0072a740	008732e8	candidate_created	8
0072a750	008732ec	candidate_created	8
0072a7d0	0081af60	candidate_created	4
0072a7e0	00873360	candidate_created	13
0072a820	00873364	candidate_created	11
0072a830	00873368	candidate_created	33
0072a860	0087336c	candidate_created	11
0072a870	008733a0	candidate_created	20
0072a900	00873398	candidate_created	104
0072a970	008733a4	candidate_created	89
0072a9d0	00873410	candidate_created	8
0072a9e0	0085fa74	candidate_created	4
0072a9f0	00873420	candidate_created	23
0072aa20	00873414	candidate_created	19
0072aca0	008734c8	candidate_created	8
0072acc0	008734d8	candidate_created	23
0072ace0	008734cc	candidate_created	22
0072ae90	008734c4	candidate_created	237
0072f340	00873dfc	candidate_created	49
00736f50	00843bec	candidate_created	70
00736f63	0085336c	absorbed	0
0073c1d0	008743cc	candidate_created	28
0073c2c0	00874410	candidate_created	40
0073c2f0	008743f8	candidate_created	45
0073c320	008743f4	candidate_created	75
007416f0	00817858	candidate_created	6
00741740	00874604	candidate_created	19
007417b0	00874600	candidate_created	33
0074696b	00813c5c	candidate_created	3973
00755540	008743e8	candidate_created	85
00757063	0081724c	candidate_created	4287
0075a5b0	00874b7c	candidate_created	28
0075a8c0	00874c34	candidate_created	35
0075c810	00874c74	candidate_created	10
0075c820	00874c78	candidate_created	4
0075c830	00874c64	candidate_created	28
0075c850	00874c8c	candidate_created	45
0075cd80	00874ccc	candidate_created	45
0075ce00	00874cc8	candidate_created	583
0075d190	00874d34	candidate_created	33
0075d2d0	00874d30	candidate_created	160
0075d380	00874d74	candidate_created	33
00766f4e	00856dc4	candidate_created	2241
00767eb0	00876310	candidate_created	28
007687f0	00876320	candidate_created	28
0076d8a0	00876328	candidate_created	33
00774d30	0087680c	candidate_created	28
00779870	00877030	candidate_created	8
00779880	00877048	candidate_created	9
00779890	0087704c	candidate_created	9
007798a0	00877040	candidate_created	30
007798c0	00877044	candidate_created	30
00779960	00877070	candidate_created	7
00779ab0	00876a90	candidate_created	16
00779fb0	0087708c	candidate_created	31
00779fd0	00877090	candidate_created	31
00779ff0	00877094	candidate_created	29
0077a010	00877080	candidate_created	10
0077a1a0	00877064	candidate_created	41
0077a1d0	00877088	candidate_created	51
0077a260	00877060	candidate_created	67
0077a2b0	00877068	candidate_created	57
0077a2f0	00877078	candidate_created	115
0077b1f0	0087707c	candidate_created	431
0077cd90	00877054	candidate_created	5
0077d5f0	00877020	candidate_created	27
0077e640	00877024	candidate_created	5
007814a0	00877130	candidate_created	17
007814f0	008771b8	candidate_created	15
00781550	00877240	candidate_created	22
00781570	008771e8	candidate_created	57
007815b0	008771ec	candidate_created	57
007815f0	0087726c	candidate_created	22
00781610	00877270	candidate_created	27
00781630	00877278	candidate_created	82
00781690	00877284	candidate_created	51
007816d0	00877294	candidate_created	11
007816e0	0087729c	candidate_created	29
00781750	00877218	candidate_created	44
007817d0	00877220	candidate_created	44
00781850	00877228	candidate_created	44
007818d0	00877230	candidate_created	44
00781960	00877238	candidate_created	44
00781a70	008771a4	candidate_created	49
00781b80	008771f8	candidate_created	110
00781bf0	008771ac	candidate_created	48
00781da0	0087727c	candidate_created	85
00781e00	00877148	candidate_created	116
007820a0	00877244	candidate_created	89
00782380	00877208	candidate_created	911
00782710	00877268	candidate_created	654
00782a30	00877204	candidate_created	612
00782d10	00877210	candidate_created	202
00782de0	00877214	candidate_created	152
00782e80	0087724c	candidate_created	11
00782e90	00877250	candidate_created	11
00782ea0	00877254	candidate_created	11
00782eb0	00877258	candidate_created	11
00782ec0	0087725c	candidate_created	11
00782ed0	00877260	candidate_created	11
00782ee0	00877264	candidate_created	29
00782f00	00877280	candidate_created	46
00782f30	00877248	candidate_created	80
00782f80	00877288	candidate_created	124
00783000	0087728c	candidate_created	38
00783030	00877298	candidate_created	170
00783710	0087720c	candidate_created	1193
00783ec0	008771d4	candidate_created	129
0078d190	008776b4	candidate_created	109
0078d490	00877704	candidate_created	7
0078d4a0	008776f4	candidate_created	66
0078def0	00877784	candidate_created	28
0078df30	008777b4	candidate_created	33
0078e8c0	008777dc	candidate_created	28
0078e930	00877834	candidate_created	75
0078ea20	00877874	candidate_created	74
00790000	00877964	candidate_created	11
00790010	00877974	candidate_created	47
00791110	00877b84	candidate_created	31
00791160	00877ba0	candidate_created	52
007911a0	00877ba4	candidate_created	62
00791260	00877b94	candidate_created	195
007913d0	00877c04	candidate_created	157
00791490	00877b90	candidate_created	82
007916b0	00877c7c	candidate_created	401
00791860	00877cdc	candidate_created	100
00791920	00877cf0	candidate_created	23
00791940	00877cf4	candidate_created	59
00791960	00877d00	candidate_created	79
00791980	00877d1c	candidate_created	31
007919a0	00877cd4	candidate_created	33
007919d0	00877d64	candidate_created	79
00791a20	00877ce8	candidate_created	23
00791a60	00877d6c	candidate_created	38
00791aa0	00877cf8	candidate_created	23
00791ac0	00877cfc	candidate_created	35
00791af0	00877d08	candidate_created	25
00791b10	00877d0c	candidate_created	23
00791b30	00877d10	candidate_created	23
00791b50	00877d14	candidate_created	23
00791b70	00877d18	candidate_created	23
00791b90	00877d20	candidate_created	38
00791bb0	00877da4	candidate_created	31
00791bd0	00877d04	candidate_created	31
00791bf0	00877d5c	candidate_created	33
00798e10	00877f40	candidate_created	192
00799a30	00877f50	candidate_created	110
00799aa0	00877f54	candidate_created	164
0079b200	00877f3c	candidate_created	46
0079b810	00877f44	candidate_created	11768
0079e630	008732e4	candidate_created	31
0079e650	008732c4	candidate_created	12
0079e710	008732f4	candidate_created	97
0079e900	008732f0	candidate_created	79
0079e950	0087338c	candidate_created	10
0079e960	00877f7c	candidate_created	8
0079e9d0	008733ac	candidate_created	58
0079ebd0	0087337c	candidate_created	57
0079fef0	008783dc	candidate_created	8
0079ff00	008783e8	candidate_created	8
0079ff10	008783f0	candidate_created	8
0079ff20	008783d0	candidate_created	106
0079ff90	008783cc	candidate_created	13
0079ffa0	008783ec	candidate_created	40
007a0000	008783e4	candidate_created	116
007a0240	00878440	candidate_created	28
007a0280	0080b930	candidate_created	4
007a0290	00878450	candidate_created	4
007a03c0	00878434	candidate_created	154
007a0460	00878454	candidate_created	30
007a04b0	0087844c	candidate_created	82
007a0800	00878474	candidate_created	58
007a1d70	0087858c	candidate_created	28
007a8c80	00879d7c	candidate_created	16
007a8ef0	00807604	candidate_created	6
007a8f00	008783d8	candidate_created	9
007a8f20	00879d64	candidate_created	7
007a8f30	00879d5c	candidate_created	30
007a8f50	00879d54	candidate_created	69
007b6d80	0087b408	candidate_created	36
007b6db0	0087b40c	candidate_created	28
007b6dd0	0087b448	candidate_created	23
007b6df0	0087b44c	candidate_created	23
007b6f80	0087b450	candidate_created	115
007b7c40	0087b550	candidate_created	28
007b9e90	0087b5c4	candidate_created	38
007be730	0087b6ec	candidate_created	31
007be750	0087b6f8	candidate_created	31
007be7b0	0087b700	candidate_created	23
007be7f0	0087b6e0	candidate_created	23
007be810	0087b6dc	candidate_created	56
007be830	0087b6e4	candidate_created	23
007be850	0087b6cc	candidate_created	33
007be880	0087b6e8	candidate_created	12
007be9b0	0087b768	candidate_created	36
007bea00	0087b6f0	candidate_created	23
007bea20	0087b73c	candidate_created	33
007bea50	0087b758	candidate_created	8
007bea60	0087b764	candidate_created	98
007bfd50	0087b95c	candidate_created	8
007bfd60	0087b970	candidate_created	20
007bfd80	0087b984	candidate_created	51
007bfdc0	0087b964	candidate_created	23
007bfde0	0087b98c	candidate_created	36
007bfe10	0087b968	candidate_created	36
007bfe80	0087b954	candidate_created	33
007bfeb0	0087b96c	candidate_created	31
007bff00	0087b974	candidate_created	23
007bff20	0087b978	candidate_created	23
007bff40	0087b9f8	candidate_created	5
007bffb0	0087b97c	candidate_created	23
007bffd0	0087b980	candidate_created	23
007ccc40	0087c16c	candidate_created	818
007d0380	0087c194	candidate_created	759
007da320	0087d33c	candidate_created	33
007da350	0087d344	candidate_created	350
007da4b0	0087d34c	candidate_created	7
007da4c0	0087d358	candidate_created	24
007da4e0	0087d360	candidate_created	24
007da500	0087d364	candidate_created	4
007da510	0087d368	candidate_created	24
007da530	0087d370	candidate_created	29
007da550	0087d378	candidate_created	40
007da580	0087d37c	candidate_created	4
007da590	0087d380	candidate_created	40
007da950	0087d338	candidate_created	37
007daa70	0087d40c	candidate_created	8
007daa80	0087d3f8	candidate_created	45
007dad90	0087d45c	candidate_created	18
007dadb0	0087d464	candidate_created	51
007dadf0	0087d458	candidate_created	45
007db3b0	00809bb4	candidate_created	8
007db3c0	00809bb8	candidate_created	8
007de5d0	0087d608	candidate_created	28
007de5f0	0087d614	candidate_created	28
007de610	0087d68c	candidate_created	49
007de650	0087d688	candidate_created	49
007de690	0087d6b4	candidate_created	64
007de6d0	0087d6c0	candidate_created	10
007de6e0	0087d694	candidate_created	14
007de6f0	0087d69c	candidate_created	13
007de700	0087d6c4	candidate_created	10
007de710	0087d6a0	candidate_created	57
007de7d0	0087d6b0	candidate_created	32
007dea10	0087d6b8	candidate_created	50
007dea50	0087d6bc	candidate_created	45
007deb90	0087d6cc	candidate_created	122
007ded00	0087d6a4	candidate_created	51
007df570	0087d6d4	candidate_created	1549
007e0280	0087d6d0	candidate_created	547
007e42d0	008e3014	candidate_created	24
007e42f0	008e3018	candidate_created	38
007e4320	008e301c	candidate_created	24
007e4340	008e3020	candidate_created	37
007e4370	008e3024	candidate_created	18
007e4390	008e3028	candidate_created	22
007e43b0	008e302c	candidate_created	22
007e43d0	008e3030	candidate_created	22
007e43f0	008e3034	candidate_created	22
007e4410	008e3038	candidate_created	22
007e4430	008e303c	candidate_created	22
007e4450	008e3040	candidate_created	18
007e4470	008e3044	candidate_created	22
007e4490	008e3048	candidate_created	22
007e44b0	008e304c	candidate_created	22
007e44d0	008e3050	candidate_created	22
007e44f0	008e3054	candidate_created	22
007e4510	008e3058	candidate_created	22
007e4530	008e305c	candidate_created	22
007e4550	008e3060	candidate_created	22
007e4570	008e3064	candidate_created	22
007e4590	008e3068	candidate_created	22
007e45b0	008e306c	candidate_created	22
007e45d0	008e3070	candidate_created	22
007e45f0	008e3074	candidate_created	18
007e4610	008e3078	candidate_created	22
007e4630	008e307c	candidate_created	22
007e4650	008e3080	candidate_created	22
007e4670	008e3084	candidate_created	22
007e4690	008e3088	candidate_created	22
007e46b0	008e308c	candidate_created	22
007e46d0	008e3090	candidate_created	22
007e46f0	008e3094	candidate_created	22
007e4710	008e3098	candidate_created	22
007e4730	008e309c	candidate_created	22
007e4750	008e30a0	candidate_created	22
007e4770	008e30a4	candidate_created	22
007e4790	008e30a8	candidate_created	22
007e47b0	008e30ac	candidate_created	22
007e47d0	008e30b0	candidate_created	22
007e47f0	008e30b4	candidate_created	22
007e4810	008e30b8	candidate_created	22
007e4830	008e30bc	candidate_created	22
007e4850	008e30c0	candidate_created	22
007e4870	008e30c4	candidate_created	22
007e4890	008e30c8	candidate_created	22
007e48b0	008e30cc	candidate_created	22
007e48d0	008e30d0	candidate_created	18
007e48f0	008e30d4	candidate_created	22
007e4910	008e30d8	candidate_created	22
007e4930	008e30dc	candidate_created	22
007e4950	008e30e0	candidate_created	22
007e4970	008e30e4	candidate_created	22
007e4990	008e30e8	candidate_created	22
007e49b0	008e30ec	candidate_created	12
007e49f0	008e30f4	candidate_created	22
007e4a10	008e30f8	candidate_created	104
007e4a80	008e30fc	candidate_created	78
007e4af0	008e3104	candidate_created	12
007e4b00	008e3108	candidate_created	11
007e4b10	008e310c	candidate_created	24
007e4b30	008e3110	candidate_created	12
007e4b40	008e3114	candidate_created	12
007e4b50	008e3118	candidate_created	12
007e4b60	008e311c	candidate_created	1285
007e51d0	008e3128	candidate_created	24
007e51f0	008e312c	candidate_created	12
007e5200	008e3130	candidate_created	24
007e5220	008e3134	candidate_created	37
007e5250	008e3138	candidate_created	18
007e5270	008e313c	candidate_created	22
007e5290	008e3140	candidate_created	22
007e52b0	008e3144	candidate_created	18
007e52d0	008e3148	candidate_created	18
007e52f0	008e314c	candidate_created	22
007e5310	008e3150	candidate_created	22
007e5330	008e3154	candidate_created	22
007e5350	008e3158	candidate_created	22
007e5370	008e315c	candidate_created	18
007e5390	008e3160	candidate_created	22
007e53b0	008e3164	candidate_created	22
007e53d0	008e3168	candidate_created	22
007e53f0	008e316c	candidate_created	22
007e5410	008e3170	candidate_created	22
007e5430	008e3174	candidate_created	22
007e5450	008e3178	candidate_created	22
007e5470	008e317c	candidate_created	22
007e5490	008e3180	candidate_created	22
007e54b0	008e3184	candidate_created	22
007e54d0	008e3188	candidate_created	22
007e54f0	008e318c	candidate_created	22
007e5510	008e3190	candidate_created	18
007e5530	008e3194	candidate_created	22
007e5550	008e3198	candidate_created	22
007e5570	008e319c	candidate_created	22
007e5590	008e31a0	candidate_created	22
007e55b0	008e31a4	candidate_created	22
007e55d0	008e31a8	candidate_created	22
007e55f0	008e31ac	candidate_created	22
007e5610	008e31b0	candidate_created	22
007e5630	008e31b4	candidate_created	22
007e5650	008e31b8	candidate_created	22
007e5670	008e31bc	candidate_created	22
007e5690	008e31c0	candidate_created	22
007e56b0	008e31c4	candidate_created	22
007e56d0	008e31c8	candidate_created	22
007e56f0	008e31cc	candidate_created	22
007e5710	008e31d0	candidate_created	22
007e5730	008e31d4	candidate_created	22
007e5750	008e31d8	candidate_created	22
007e5770	008e31dc	candidate_created	22
007e5790	008e31e0	candidate_created	22
007e57b0	008e31e4	candidate_created	22
007e57d0	008e31e8	candidate_created	22
007e57f0	008e31ec	candidate_created	22
007e5810	008e31f0	candidate_created	22
007e5830	008e31f4	candidate_created	22
007e5850	008e31f8	candidate_created	22
007e5870	008e31fc	candidate_created	22
007e5890	008e3200	candidate_created	22
007e58b0	008e3204	candidate_created	22
007e58d0	008e3208	candidate_created	22
007e58f0	008e320c	candidate_created	22
007e5910	008e3210	candidate_created	22
007e5930	008e3214	candidate_created	22
007e5950	008e3218	candidate_created	22
007e5970	008e321c	candidate_created	22
007e5990	008e3220	candidate_created	22
007e59b0	008e3224	candidate_created	22
007e59d0	008e3228	candidate_created	22
007e59f0	008e322c	candidate_created	22
007e5a10	008e3230	candidate_created	22
007e5a30	008e3234	candidate_created	22
007e5a50	008e3238	candidate_created	22
007e5a70	008e323c	candidate_created	22
007e5a90	008e3240	candidate_created	22
007e5ab0	008e3244	candidate_created	22
007e5ad0	008e3248	candidate_created	22
007e5af0	008e324c	candidate_created	22
007e5b10	008e3250	candidate_created	22
007e5b30	008e3254	candidate_created	22
007e5b50	008e3258	candidate_created	22
007e5b70	008e325c	candidate_created	22
007e5b90	008e3260	candidate_created	22
007e5bb0	008e3264	candidate_created	22
007e5bd0	008e3268	candidate_created	22
007e5bf0	008e326c	candidate_created	22
007e5c10	008e3270	candidate_created	22
007e5c30	008e3274	candidate_created	22
007e5c50	008e3278	candidate_created	22
007e5c70	008e327c	candidate_created	22
007e5c90	008e3280	candidate_created	22
007e5cb0	008e3284	candidate_created	22
007e5cd0	008e3288	candidate_created	22
007e5cf0	008e328c	candidate_created	22
007e5d10	008e3290	candidate_created	22
007e5d30	008e3294	candidate_created	22
007e5d50	008e3298	candidate_created	22
007e5d70	008e329c	candidate_created	22
007e5d90	008e32a0	candidate_created	22
007e5db0	008e32a4	candidate_created	22
007e5dd0	008e32a8	candidate_created	22
007e5df0	008e32ac	candidate_created	22
007e5e10	008e32b0	candidate_created	22
007e5e30	008e32b4	candidate_created	22
007e5e50	008e32b8	candidate_created	22
007e5e70	008e32bc	candidate_created	22
007e5e90	008e32c0	candidate_created	22
007e5eb0	008e32c4	candidate_created	22
007e5ed0	008e32c8	candidate_created	22
007e5ef0	008e32cc	candidate_created	22
007e5f10	008e32d0	candidate_created	22
007e5f30	008e32d4	candidate_created	22
007e5f50	008e32d8	candidate_created	22
007e5f70	008e32dc	candidate_created	22
007e5f90	008e32e0	candidate_created	22
007e5fb0	008e32e4	candidate_created	22
007e5fd0	008e32e8	candidate_created	22
007e5ff0	008e32ec	candidate_created	22
007e6010	008e32f0	candidate_created	22
007e6030	008e32f4	candidate_created	22
007e6050	008e32f8	candidate_created	22
007e6070	008e32fc	candidate_created	22
007e6090	008e3300	candidate_created	22
007e60b0	008e3304	candidate_created	22
007e60d0	008e3308	candidate_created	22
007e60f0	008e330c	candidate_created	22
007e6110	008e3310	candidate_created	22
007e6130	008e3314	candidate_created	22
007e6150	008e3318	candidate_created	22
007e6170	008e331c	candidate_created	22
007e6190	008e3320	candidate_created	22
007e61b0	008e3324	candidate_created	22
007e61d0	008e3328	candidate_created	22
007e61f0	008e332c	candidate_created	22
007e6210	008e3330	candidate_created	22
007e6230	008e3334	candidate_created	22
007e6250	008e3338	candidate_created	22
007e6270	008e333c	candidate_created	22
007e6290	008e3340	candidate_created	22
007e62b0	008e3344	candidate_created	22
007e62d0	008e3348	candidate_created	22
007e62f0	008e334c	candidate_created	22
007e6310	008e3350	candidate_created	22
007e6330	008e3354	candidate_created	22
007e6350	008e3358	candidate_created	22
007e6370	008e335c	candidate_created	22
007e6390	008e3360	candidate_created	22
007e63b0	008e3364	candidate_created	22
007e63d0	008e3368	candidate_created	22
007e63f0	008e336c	candidate_created	22
007e6410	008e3370	candidate_created	22
007e6430	008e3374	candidate_created	22
007e6450	008e3378	candidate_created	22
007e6470	008e337c	candidate_created	22
007e6490	008e3380	candidate_created	22
007e64b0	008e3384	candidate_created	22
007e64d0	008e3388	candidate_created	22
007e64f0	008e338c	candidate_created	22
007e6510	008e3390	candidate_created	22
007e6530	008e3394	candidate_created	22
007e6550	008e3398	candidate_created	22
007e6570	008e339c	candidate_created	22
007e6590	008e33a0	candidate_created	22
007e65b0	008e33a4	candidate_created	22
007e65d0	008e33a8	candidate_created	22
007e65f0	008e33ac	candidate_created	22
007e6610	008e33b0	candidate_created	22
007e6630	008e33b4	candidate_created	22
007e6650	008e33b8	candidate_created	22
007e6670	008e33bc	candidate_created	22
007e6690	008e33c0	candidate_created	22
007e66b0	008e33c4	candidate_created	22
007e66d0	008e33c8	candidate_created	22
007e66f0	008e33cc	candidate_created	22
007e6710	008e33d0	candidate_created	22
007e6730	008e33d4	candidate_created	22
007e6750	008e33d8	candidate_created	22
007e6770	008e33dc	candidate_created	22
007e6790	008e33e0	candidate_created	22
007e67b0	008e33e4	candidate_created	22
007e67d0	008e33e8	candidate_created	22
007e67f0	008e33ec	candidate_created	22
007e6810	008e33f0	candidate_created	22
007e6830	008e33f4	candidate_created	22
007e6850	008e33f8	candidate_created	22
007e6870	008e33fc	candidate_created	22
007e6890	008e3400	candidate_created	22
007e68b0	008e3404	candidate_created	22
007e68d0	008e3408	candidate_created	22
007e68f0	008e340c	candidate_created	22
007e6910	008e3410	candidate_created	22
007e6930	008e3414	candidate_created	22
007e6950	008e3418	candidate_created	22
007e6970	008e341c	candidate_created	22
007e6990	008e3420	candidate_created	22
007e69b0	008e3424	candidate_created	22
007e69d0	008e3428	candidate_created	22
007e69f0	008e342c	candidate_created	22
007e6a10	008e3430	candidate_created	22
007e6a30	008e3434	candidate_created	22
007e6a50	008e3438	candidate_created	22
007e6a70	008e343c	candidate_created	22
007e6a90	008e3440	candidate_created	22
007e6ab0	008e3444	candidate_created	22
007e6ad0	008e3448	candidate_created	22
007e6af0	008e344c	candidate_created	22
007e6b10	008e3450	candidate_created	22
007e6b30	008e3454	candidate_created	22
007e6b50	008e3458	candidate_created	22
007e6b70	008e345c	candidate_created	22
007e6b90	008e3460	candidate_created	22
007e6bb0	008e3464	candidate_created	22
007e6bd0	008e3468	candidate_created	22
007e6bf0	008e346c	candidate_created	22
007e6c10	008e3470	candidate_created	22
007e6c30	008e3474	candidate_created	22
007e6c50	008e3478	candidate_created	22
007e6c70	008e347c	candidate_created	22
007e6c90	008e3480	candidate_created	22
007e6cb0	008e3484	candidate_created	18
007e6cd0	008e3488	candidate_created	22
007e6cf0	008e348c	candidate_created	22
007e6d10	008e3490	candidate_created	22
007e6d30	008e3494	candidate_created	22
007e6d50	008e3498	candidate_created	22
007e6d70	008e349c	candidate_created	22
007e6d90	008e34a0	candidate_created	22
007e6db0	008e34a4	candidate_created	22
007e6dd0	008e34a8	candidate_created	22
007e6df0	008e34ac	candidate_created	22
007e6e10	008e34b0	candidate_created	22
007e6e30	008e34b4	candidate_created	22
007e6e50	008e34b8	candidate_created	22
007e6e70	008e34bc	candidate_created	22
007e6e90	008e34c0	candidate_created	22
007e6eb0	008e34c4	candidate_created	22
007e6ed0	008e34c8	candidate_created	22
007e6ef0	008e34cc	candidate_created	22
007e6f10	008e34d0	candidate_created	22
007e6f30	008e34d4	candidate_created	22
007e6f50	008e34d8	candidate_created	22
007e6f70	008e34dc	candidate_created	22
007e6f90	008e34e0	candidate_created	22
007e6fb0	008e34e4	candidate_created	22
007e6fd0	008e34e8	candidate_created	22
007e6ff0	008e34ec	candidate_created	22
007e7010	008e34f0	candidate_created	22
007e7030	008e34f4	candidate_created	22
007e7050	008e34f8	candidate_created	22
007e7070	008e34fc	candidate_created	22
007e7090	008e3500	candidate_created	22
007e70b0	008e3504	candidate_created	22
007e70d0	008e3508	candidate_created	22
007e70f0	008e350c	candidate_created	22
007e7110	008e3510	candidate_created	22
007e7130	008e3514	candidate_created	22
007e7150	008e3518	candidate_created	22
007e7170	008e351c	candidate_created	22
007e7190	008e3520	candidate_created	22
007e71b0	008e3524	candidate_created	22
007e71d0	008e3528	candidate_created	22
007e71f0	008e352c	candidate_created	22
007e7210	008e3530	candidate_created	22
007e7230	008e3534	candidate_created	22
007e7250	008e3538	candidate_created	22
007e7270	008e353c	candidate_created	22
007e7290	008e3540	candidate_created	22
007e72b0	008e3544	candidate_created	22
007e72d0	008e3548	candidate_created	22
007e72f0	008e354c	candidate_created	22
007e7310	008e3550	candidate_created	22
007e7330	008e3554	candidate_created	22
007e7350	008e3558	candidate_created	22
007e7370	008e355c	candidate_created	22
007e7390	008e3560	candidate_created	22
007e73b0	008e3564	candidate_created	22
007e73d0	008e3568	candidate_created	22
007e73f0	008e356c	candidate_created	22
007e7410	008e3570	candidate_created	22
007e7430	008e3574	candidate_created	22
007e7450	008e3578	candidate_created	18
007e7470	008e357c	candidate_created	18
007e7490	008e3580	candidate_created	22
007e74b0	008e3584	candidate_created	22
007e74d0	008e3588	candidate_created	22
007e74f0	008e358c	candidate_created	18
007e7510	008e3590	candidate_created	18
007e7530	008e3594	candidate_created	22
007e7550	008e3598	candidate_created	22
007e7570	008e359c	candidate_created	22
007e7590	008e35a0	candidate_created	22
007e75b0	008e35a4	candidate_created	22
007e75d0	008e35a8	candidate_created	22
007e75f0	008e35ac	candidate_created	22
007e7610	008e35b0	candidate_created	24
007e7630	008e35b4	candidate_created	24
007e7650	008e35b8	candidate_created	29
007e7670	008e35bc	candidate_created	24
007e7690	008e35c0	candidate_created	22
007e76b0	008e35c4	candidate_created	22
007e76d0	008e35c8	candidate_created	24
007e76f0	008e35cc	candidate_created	37
007e7720	008e35d0	candidate_created	18
007e7740	008e35d4	candidate_created	22
007e7760	008e35d8	candidate_created	22
007e7780	008e35dc	candidate_created	22
007e77a0	008e35e0	candidate_created	22
007e77c0	008e35e4	candidate_created	22
007e77e0	008e35e8	candidate_created	22
007e7800	008e35ec	candidate_created	22
007e7820	008e35f0	candidate_created	22
007e7840	008e35f4	candidate_created	22
007e7860	008e35f8	candidate_created	22
007e7880	008e35fc	candidate_created	22
007e78a0	008e3600	candidate_created	22
007e78c0	008e3604	candidate_created	22
007e78e0	008e3608	candidate_created	22
007e7900	008e360c	candidate_created	22
007e7920	008e3610	candidate_created	22
007e7940	008e3614	candidate_created	22
007e7960	008e3618	candidate_created	22
007e7980	008e361c	candidate_created	22
007e79a0	008e3620	candidate_created	22
007e79c0	008e3624	candidate_created	22
007e79e0	008e3628	candidate_created	22
007e7a00	008e362c	candidate_created	22
007e7a20	008e3630	candidate_created	22
007e7a40	008e3634	candidate_created	37
007e7a70	008e3638	candidate_created	18
007e7a90	008e363c	candidate_created	22
007e7ab0	008e3640	candidate_created	22
007e7ad0	008e3644	candidate_created	22
007e7af0	008e3648	candidate_created	22
007e7b10	008e364c	candidate_created	22
007e7b30	008e3650	candidate_created	22
007e7b50	008e3654	candidate_created	22
007e7b70	008e3658	candidate_created	22
007e7b90	008e365c	candidate_created	22
007e7bb0	008e3660	candidate_created	22
007e7bd0	008e3664	candidate_created	22
007e7bf0	008e3668	candidate_created	22
007e7c10	008e366c	candidate_created	22
007e7c30	008e3670	candidate_created	22
007e7c50	008e3674	candidate_created	37
007e7c80	008e3678	candidate_created	18
007e7ca0	008e367c	candidate_created	22
007e7cc0	008e3680	candidate_created	22
007e7ce0	008e3684	candidate_created	22
007e7d00	008e3688	candidate_created	22
007e7d20	008e368c	candidate_created	22
007e7d40	008e3690	candidate_created	22
007e7d60	008e3694	candidate_created	22
007e7d80	008e3698	candidate_created	22
007e7da0	008e369c	candidate_created	37
007e7dd0	008e36a0	candidate_created	18
007e7df0	008e36a4	candidate_created	22
007e7e10	008e36a8	candidate_created	22
007e7e30	008e36ac	candidate_created	22
007e7e50	008e36b0	candidate_created	22
007e7e70	008e36b4	candidate_created	22
007e7e90	008e36b8	candidate_created	22
007e7eb0	008e36bc	candidate_created	22
007e7ed0	008e36c0	candidate_created	22
007e7ef0	008e36c4	candidate_created	22
007e7f10	008e36c8	candidate_created	22
007e7f30	008e36cc	candidate_created	22
007e7f50	008e36d0	candidate_created	22
007e7f70	008e36d4	candidate_created	22
007e7f90	008e36d8	candidate_created	18
007e7fb0	008e36dc	candidate_created	22
007e7fd0	008e36e0	candidate_created	22
007e7ff0	008e36e4	candidate_created	22
007e8010	008e36e8	candidate_created	22
007e8030	008e36ec	candidate_created	22
007e8050	008e36f0	candidate_created	22
007e8070	008e36f4	candidate_created	22
007e8090	008e36f8	candidate_created	22
007e80b0	008e36fc	candidate_created	22
007e80d0	008e3700	candidate_created	22
007e80f0	008e3704	candidate_created	22
007e8110	008e3708	candidate_created	22
007e8130	008e370c	candidate_created	22
007e8150	008e3710	candidate_created	22
007e8170	008e3714	candidate_created	22
007e8190	008e3718	candidate_created	12
007e81a0	008e371c	candidate_created	24
007e81c0	008e3720	candidate_created	24
007e81e0	008e3724	candidate_created	24
007e8200	008e3728	candidate_created	29
007e8220	008e372c	candidate_created	198
007e82f0	008e3730	candidate_created	24
007e8310	008e3734	candidate_created	24
007e8330	008e3738	candidate_created	24
007e8350	008e373c	candidate_created	22
007e8370	008e3740	candidate_created	24
007e8390	008e3744	candidate_created	64
007e83d0	008e3748	candidate_created	24
007e83f0	008e374c	candidate_created	24
007e8410	008e3750	candidate_created	24
007e8430	008e3754	candidate_created	64
007e8470	008e3758	candidate_created	24
007e8490	008e375c	candidate_created	24
007e84b0	008e3760	candidate_created	24
007e84d0	008e3764	candidate_created	24
007e84f0	008e3768	candidate_created	24
007e8510	008e376c	candidate_created	24
007e8530	008e3770	candidate_created	24
007e8550	008e3774	candidate_created	24
007e8570	008e3778	candidate_created	24
007e8590	008e377c	candidate_created	29
007e85b0	008e3780	candidate_created	11
007e85c0	008e3784	candidate_created	46
007e85f0	008e3788	candidate_created	46
007e8620	008e378c	candidate_created	37
007e8650	008e3790	candidate_created	18
007e8670	008e3794	candidate_created	22
007e8690	008e3798	candidate_created	22
007e86b0	008e379c	candidate_created	22
007e86d0	008e37a0	candidate_created	22
007e86f0	008e37a4	candidate_created	22
007e8710	008e37a8	candidate_created	22
007e8730	008e37ac	candidate_created	22
007e8750	008e37b0	candidate_created	22
007e8770	008e37b4	candidate_created	22
007e8790	008e37b8	candidate_created	22
007e87b0	008e37bc	candidate_created	22
007e87d0	008e37c0	candidate_created	22
007e87f0	008e37c4	candidate_created	18
007e8810	008e37c8	candidate_created	22
007e8830	008e37cc	candidate_created	22
007e8850	008e37d0	candidate_created	22
007e8870	008e37d4	candidate_created	22
007e8890	008e37d8	candidate_created	22
007e88b0	008e37dc	candidate_created	22
007e88d0	008e37e0	candidate_created	22
007e88f0	008e37e4	candidate_created	22
007e8910	008e37e8	candidate_created	22
007e8930	008e37ec	candidate_created	22
007e8950	008e37f0	candidate_created	22
007e8970	008e37f4	candidate_created	22
007e8990	008e37f8	candidate_created	22
007e89b0	008e37fc	candidate_created	22
007e89d0	008e3800	candidate_created	18
007e89f0	008e3804	candidate_created	22
007e8a10	008e3808	candidate_created	22
007e8a30	008e380c	candidate_created	22
007e8a50	008e3810	candidate_created	22
007e8a70	008e3814	candidate_created	22
007e8a90	008e3818	candidate_created	22
007e8ab0	008e381c	candidate_created	22
007e8ad0	008e3820	candidate_created	22
007e8af0	008e3824	candidate_created	22
007e8b10	008e3828	candidate_created	22
007e8b30	008e382c	candidate_created	18
007e8b50	008e3830	candidate_created	22
007e8b70	008e3834	candidate_created	22
007e8b90	008e3838	candidate_created	22
007e8bb0	008e383c	candidate_created	22
007e8bd0	008e3840	candidate_created	18
007e8bf0	008e3844	candidate_created	22
007e8c10	008e3848	candidate_created	22
007e8c30	008e384c	candidate_created	22
007e8c50	008e3850	candidate_created	22
007e8c70	008e3854	candidate_created	24
007e8c90	008e3858	candidate_created	24
007e8cb0	008e385c	candidate_created	24
007e8cd0	008e3860	candidate_created	37
007e8d00	008e3864	candidate_created	18
007e8d20	008e3868	candidate_created	18
007e8d40	008e386c	candidate_created	22
007e8d60	008e3870	candidate_created	24
007e8d80	008e3874	candidate_created	37
007e8db0	008e3878	candidate_created	18
007e8dd0	008e387c	candidate_created	22
007e8df0	008e3880	candidate_created	22
007e8e10	008e3884	candidate_created	22
007e8e30	008e3888	candidate_created	22
007e8e50	008e388c	candidate_created	18
007e8e70	008e3890	candidate_created	18
007e8e90	008e3894	candidate_created	22
007e8eb0	008e3898	candidate_created	22
007e8ed0	008e389c	candidate_created	22
007e8ef0	008e38a0	candidate_created	22
007e8f10	008e38a4	candidate_created	22
007e8f30	008e38a8	candidate_created	22
007e8f50	008e38ac	candidate_created	22
007e8f70	008e38b0	candidate_created	22
007e8f90	008e38b4	candidate_created	22
007e8fb0	008e38b8	candidate_created	22
007e8fd0	008e38bc	candidate_created	22
007e8ff0	008e38c0	candidate_created	22
007e9010	008e38c4	candidate_created	22
007e9030	008e38c8	candidate_created	22
007e9050	008e38cc	candidate_created	22
007e9070	008e38d0	candidate_created	22
007e9090	008e38d4	candidate_created	22
007e90b0	008e38d8	candidate_created	22
007e90d0	008e38dc	candidate_created	22
007e90f0	008e38e0	candidate_created	22
007e9110	008e38e4	candidate_created	22
007e9130	008e38e8	candidate_created	22
007e9150	008e38ec	candidate_created	22
007e9170	008e38f0	candidate_created	22
007e9190	008e38f4	candidate_created	22
007e91b0	008e38f8	candidate_created	22
007e91d0	008e38fc	candidate_created	22
007e91f0	008e3900	candidate_created	22
007e9210	008e3904	candidate_created	22
007e9230	008e3908	candidate_created	22
007e9250	008e390c	candidate_created	22
007e9270	008e3910	candidate_created	22
007e9290	008e3914	candidate_created	22
007e92b0	008e3918	candidate_created	22
007e92d0	008e391c	candidate_created	22
007e92f0	008e3920	candidate_created	22
007e9310	008e3924	candidate_created	22
007e9330	008e3928	candidate_created	22
007e9350	008e392c	candidate_created	22
007e9370	008e3930	candidate_created	22
007e9390	008e3934	candidate_created	22
007e93b0	008e3938	candidate_created	22
007e93d0	008e393c	candidate_created	22
007e93f0	008e3940	candidate_created	22
007e9410	008e3944	candidate_created	22
007e9430	008e3948	candidate_created	22
007e9450	008e394c	candidate_created	22
007e9470	008e3950	candidate_created	22
007e9490	008e3954	candidate_created	22
007e94b0	008e3958	candidate_created	22
007e94d0	008e395c	candidate_created	22
007e94f0	008e3960	candidate_created	22
007e9510	008e3964	candidate_created	22
007e9530	008e3968	candidate_created	22
007e9550	008e396c	candidate_created	22
007e9570	008e3970	candidate_created	22
007e9590	008e3974	candidate_created	22
007e95b0	008e3978	candidate_created	22
007e95d0	008e397c	candidate_created	22
007e95f0	008e3980	candidate_created	22
007e9610	008e3984	candidate_created	22
007e9630	008e3988	candidate_created	22
007e9650	008e398c	candidate_created	22
007e9670	008e3990	candidate_created	22
007e9690	008e3994	candidate_created	22
007e96b0	008e3998	candidate_created	24
007e96d0	008e399c	candidate_created	37
007e9700	008e39a0	candidate_created	18
007e9720	008e39a4	candidate_created	22
007e9740	008e39a8	candidate_created	22
007e9760	008e39ac	candidate_created	22
007e9780	008e39b0	candidate_created	22
007e97a0	008e39b4	candidate_created	22
007e97c0	008e39b8	candidate_created	22
007e97e0	008e39bc	candidate_created	22
007e9800	008e39c0	candidate_created	22
007e9820	008e39c4	candidate_created	22
007e9840	008e39c8	candidate_created	22
007e9860	008e39cc	candidate_created	22
007e9880	008e39d0	candidate_created	22
007e98a0	008e39d4	candidate_created	22
007e98c0	008e39d8	candidate_created	22
007e98e0	008e39dc	candidate_created	22
007e9900	008e39e0	candidate_created	22
007e9920	008e39e4	candidate_created	22
007e9940	008e39e8	candidate_created	22
007e9960	008e39ec	candidate_created	22
007e9980	008e39f0	candidate_created	22
007e99a0	008e39f4	candidate_created	22
007e99c0	008e39f8	candidate_created	22
007e99e0	008e39fc	candidate_created	22
007e9a00	008e3a00	candidate_created	22
007e9a20	008e3a04	candidate_created	22
007e9a40	008e3a08	candidate_created	22
007e9a60	008e3a0c	candidate_created	22
007e9a80	008e3a10	candidate_created	22
007e9aa0	008e3a14	candidate_created	22
007e9ac0	008e3a18	candidate_created	22
007e9ae0	008e3a1c	candidate_created	22
007e9b00	008e3a20	candidate_created	22
007e9b20	008e3a24	candidate_created	22
007e9b40	008e3a28	candidate_created	22
007e9b60	008e3a2c	candidate_created	22
007e9b80	008e3a30	candidate_created	22
007e9ba0	008e3a34	candidate_created	22
007e9bc0	008e3a38	candidate_created	22
007e9be0	008e3a3c	candidate_created	22
007e9c00	008e3a40	candidate_created	22
007e9c20	008e3a44	candidate_created	22
007e9c40	008e3a48	candidate_created	22
007e9c60	008e3a4c	candidate_created	22
007e9c80	008e3a50	candidate_created	22
007e9ca0	008e3a54	candidate_created	22
007e9cc0	008e3a58	candidate_created	22
007e9ce0	008e3a5c	candidate_created	22
007e9d00	008e3a60	candidate_created	22
007e9d20	008e3a64	candidate_created	22
007e9d40	008e3a68	candidate_created	22
007e9d60	008e3a6c	candidate_created	22
007e9d80	008e3a70	candidate_created	22
007e9da0	008e3a74	candidate_created	22
007e9dc0	008e3a78	candidate_created	22
007e9de0	008e3a7c	candidate_created	22
007e9e00	008e3a80	candidate_created	22
007e9e20	008e3a84	candidate_created	22
007e9e40	008e3a88	candidate_created	22
007e9e60	008e3a8c	candidate_created	22
007e9e80	008e3a90	candidate_created	22
007e9ea0	008e3a94	candidate_created	22
007e9ec0	008e3a98	candidate_created	22
007e9ee0	008e3a9c	candidate_created	22
007e9f00	008e3aa0	candidate_created	22
007e9f20	008e3aa4	candidate_created	22
007e9f40	008e3aa8	candidate_created	22
007e9f60	008e3aac	candidate_created	22
007e9f80	008e3ab0	candidate_created	22
007e9fa0	008e3ab4	candidate_created	22
007e9fc0	008e3ab8	candidate_created	22
007e9fe0	008e3abc	candidate_created	22
007ea000	008e3ac0	candidate_created	22
007ea020	008e3ac4	candidate_created	22
007ea040	008e3ac8	candidate_created	22
007ea060	008e3acc	candidate_created	22
007ea080	008e3ad0	candidate_created	22
007ea0a0	008e3ad4	candidate_created	22
007ea0c0	008e3ad8	candidate_created	22
007ea0e0	008e3adc	candidate_created	22
007ea100	008e3ae0	candidate_created	22
007ea120	008e3ae4	candidate_created	22
007ea140	008e3ae8	candidate_created	22
007ea160	008e3aec	candidate_created	22
007ea180	008e3af0	candidate_created	22
007ea1a0	008e3af4	candidate_created	22
007ea1c0	008e3af8	candidate_created	22
007ea1e0	008e3afc	candidate_created	22
007ea200	008e3b00	candidate_created	22
007ea220	008e3b04	candidate_created	22
007ea240	008e3b08	candidate_created	22
007ea260	008e3b0c	candidate_created	22
007ea280	008e3b10	candidate_created	22
007ea2a0	008e3b14	candidate_created	22
007ea2c0	008e3b18	candidate_created	22
007ea2e0	008e3b1c	candidate_created	22
007ea300	008e3b20	candidate_created	22
007ea320	008e3b24	candidate_created	22
007ea340	008e3b28	candidate_created	22
007ea360	008e3b2c	candidate_created	22
007ea380	008e3b30	candidate_created	22
007ea3a0	008e3b34	candidate_created	22
007ea3c0	008e3b38	candidate_created	22
007ea3e0	008e3b3c	candidate_created	22
007ea400	008e3b40	candidate_created	22
007ea420	008e3b44	candidate_created	22
007ea440	008e3b48	candidate_created	22
007ea460	008e3b4c	candidate_created	22
007ea480	008e3b50	candidate_created	22
007ea4a0	008e3b54	candidate_created	22
007ea4c0	008e3b58	candidate_created	22
007ea4e0	008e3b5c	candidate_created	18
007ea500	008e3b60	candidate_created	22
007ea520	008e3b64	candidate_created	18
007ea540	008e3b68	candidate_created	22
007ea560	008e3b6c	candidate_created	22
007ea580	008e3b70	candidate_created	22
007ea5a0	008e3b74	candidate_created	22
007ea5c0	008e3b78	candidate_created	22
007ea5e0	008e3b7c	candidate_created	22
007ea600	008e3b80	candidate_created	22
007ea620	008e3b84	candidate_created	22
007ea640	008e3b88	candidate_created	22
007ea660	008e3b8c	candidate_created	18
007ea680	008e3b90	candidate_created	22
007ea6a0	008e3b94	candidate_created	18
007ea6c0	008e3b98	candidate_created	22
007ea6e0	008e3b9c	candidate_created	22
007ea700	008e3ba0	candidate_created	24
007ea720	008e3ba4	candidate_created	37
007ea750	008e3ba8	candidate_created	18
007ea770	008e3bac	candidate_created	22
007ea790	008e3bb0	candidate_created	18
007ea7b0	008e3bb4	candidate_created	22
007ea7d0	008e3bb8	candidate_created	24
007ea7f0	008e3bbc	candidate_created	37
007ea820	008e3bc0	candidate_created	18
007ea840	008e3bc4	candidate_created	22
007ea860	008e3bc8	candidate_created	18
007ea880	008e3bcc	candidate_created	22
007ea8a0	008e3bd0	candidate_created	22
007ea8c0	008e3bd4	candidate_created	22
007ea8e0	008e3bd8	candidate_created	22
007ea900	008e3bdc	candidate_created	22
007ea920	008e3be0	candidate_created	22
007ea940	008e3be4	candidate_created	22
007ea960	008e3be8	candidate_created	24
007ea980	008e3bec	candidate_created	37
007ea9b0	008e3bf0	candidate_created	18
007ea9d0	008e3bf4	candidate_created	22
007ea9f0	008e3bf8	candidate_created	22
007eaa10	008e3bfc	candidate_created	22
007eaa30	008e3c00	candidate_created	22
007eaa50	008e3c04	candidate_created	22
007eaa70	008e3c08	candidate_created	22
007eaa90	008e3c0c	candidate_created	22
007eaab0	008e3c10	candidate_created	22
007eaad0	008e3c14	candidate_created	22
007eaaf0	008e3c18	candidate_created	22
007eab10	008e3c1c	candidate_created	22
007eab30	008e3c20	candidate_created	22
007eab50	008e3c24	candidate_created	22
007eab70	008e3c28	candidate_created	22
007eab90	008e3c2c	candidate_created	22
007eabb0	008e3c30	candidate_created	18
007eabd0	008e3c34	candidate_created	22
007eabf0	008e3c38	candidate_created	22
007eac10	008e3c3c	candidate_created	22
007eac30	008e3c40	candidate_created	22
007eac50	008e3c44	candidate_created	22
007eac70	008e3c48	candidate_created	22
007eac90	008e3c4c	candidate_created	22
007eacb0	008e3c50	candidate_created	22
007eacd0	008e3c54	candidate_created	22
007eacf0	008e3c58	candidate_created	22
007ead10	008e3c5c	candidate_created	22
007ead30	008e3c60	candidate_created	22
007ead50	008e3c64	candidate_created	22
007ead70	008e3c68	candidate_created	22
007ead90	008e3c6c	candidate_created	22
007eadb0	008e3c70	candidate_created	22
007eadd0	008e3c74	candidate_created	22
007eadf0	008e3c78	candidate_created	22
007eae10	008e3c7c	candidate_created	22
007eae30	008e3c80	candidate_created	22
007eae50	008e3c84	candidate_created	22
007eae70	008e3c88	candidate_created	22
007eae90	008e3c8c	candidate_created	22
007eaeb0	008e3c90	candidate_created	22
007eaed0	008e3c94	candidate_created	22
007eaef0	008e3c98	candidate_created	22
007eaf10	008e3c9c	candidate_created	22
007eaf30	008e3ca0	candidate_created	22
007eaf50	008e3ca4	candidate_created	22
007eaf70	008e3ca8	candidate_created	22
007eaf90	008e3cac	candidate_created	22
007eafb0	008e3cb0	candidate_created	22
007eafd0	008e3cb4	candidate_created	22
007eaff0	008e3cb8	candidate_created	22
007eb010	008e3cbc	candidate_created	22
007eb030	008e3cc0	candidate_created	22
007eb050	008e3cc4	candidate_created	22
007eb070	008e3cc8	candidate_created	22
007eb090	008e3ccc	candidate_created	22
007eb0b0	008e3cd0	candidate_created	22
007eb0d0	008e3cd4	candidate_created	22
007eb0f0	008e3cd8	candidate_created	22
007eb110	008e3cdc	candidate_created	22
007eb130	008e3ce0	candidate_created	22
007eb150	008e3ce4	candidate_created	22
007eb170	008e3ce8	candidate_created	22
007eb190	008e3cec	candidate_created	22
007eb1b0	008e3cf0	candidate_created	22
007eb1d0	008e3cf4	candidate_created	22
007eb1f0	008e3cf8	candidate_created	22
007eb210	008e3cfc	candidate_created	22
007eb230	008e3d00	candidate_created	22
007eb250	008e3d04	candidate_created	22
007eb270	008e3d08	candidate_created	22
007eb290	008e3d0c	candidate_created	22
007eb2b0	008e3d10	candidate_created	22
007eb2d0	008e3d14	candidate_created	22
007eb2f0	008e3d18	candidate_created	22
007eb310	008e3d1c	candidate_created	22
007eb330	008e3d20	candidate_created	22
007eb350	008e3d24	candidate_created	22
007eb370	008e3d28	candidate_created	22
007eb390	008e3d2c	candidate_created	22
007eb3b0	008e3d30	candidate_created	22
007eb3d0	008e3d34	candidate_created	22
007eb3f0	008e3d38	candidate_created	22
007eb410	008e3d3c	candidate_created	22
007eb430	008e3d40	candidate_created	22
007eb450	008e3d44	candidate_created	22
007eb470	008e3d48	candidate_created	22
007eb490	008e3d4c	candidate_created	22
007eb4b0	008e3d50	candidate_created	22
007eb4d0	008e3d54	candidate_created	22
007eb4f0	008e3d58	candidate_created	22
007eb510	008e3d5c	candidate_created	22
007eb530	008e3d60	candidate_created	22
007eb550	008e3d64	candidate_created	22
007eb570	008e3d68	candidate_created	22
007eb590	008e3d6c	candidate_created	22
007eb5b0	008e3d70	candidate_created	22
007eb5d0	008e3d74	candidate_created	22
007eb5f0	008e3d78	candidate_created	22
007eb610	008e3d7c	candidate_created	22
007eb630	008e3d80	candidate_created	22
007eb650	008e3d84	candidate_created	22
007eb670	008e3d88	candidate_created	22
007eb690	008e3d8c	candidate_created	22
007eb6b0	008e3d90	candidate_created	22
007eb6d0	008e3d94	candidate_created	22
007eb6f0	008e3d98	candidate_created	22
007eb710	008e3d9c	candidate_created	22
007eb730	008e3da0	candidate_created	22
007eb750	008e3da4	candidate_created	22
007eb770	008e3da8	candidate_created	22
007eb790	008e3dac	candidate_created	22
007eb7b0	008e3db0	candidate_created	22
007eb7d0	008e3db4	candidate_created	22
007eb7f0	008e3db8	candidate_created	22
007eb810	008e3dbc	candidate_created	22
007eb830	008e3dc0	candidate_created	22
007eb850	008e3dc4	candidate_created	22
007eb870	008e3dc8	candidate_created	22
007eb890	008e3dcc	candidate_created	22
007eb8b0	008e3dd0	candidate_created	22
007eb8d0	008e3dd4	candidate_created	22
007eb8f0	008e3dd8	candidate_created	22
007eb910	008e3ddc	candidate_created	22
007eb930	008e3de0	candidate_created	22
007eb950	008e3de4	candidate_created	22
007eb970	008e3de8	candidate_created	22
007eb990	008e3dec	candidate_created	22
007eb9b0	008e3df0	candidate_created	22
007eb9d0	008e3df4	candidate_created	22
007eb9f0	008e3df8	candidate_created	22
007eba10	008e3dfc	candidate_created	22
007eba30	008e3e00	candidate_created	22
007eba50	008e3e04	candidate_created	22
007eba70	008e3e08	candidate_created	22
007eba90	008e3e0c	candidate_created	22
007ebab0	008e3e10	candidate_created	22
007ebad0	008e3e14	candidate_created	22
007ebaf0	008e3e18	candidate_created	22
007ebb10	008e3e1c	candidate_created	22
007ebb30	008e3e20	candidate_created	22
007ebb50	008e3e24	candidate_created	22
007ebb70	008e3e28	candidate_created	22
007ebb90	008e3e2c	candidate_created	22
007ebbb0	008e3e30	candidate_created	22
007ebbd0	008e3e34	candidate_created	22
007ebbf0	008e3e38	candidate_created	22
007ebc10	008e3e3c	candidate_created	22
007ebc30	008e3e40	candidate_created	22
007ebc50	008e3e44	candidate_created	22
007ebc70	008e3e48	candidate_created	22
007ebc90	008e3e4c	candidate_created	22
007ebcb0	008e3e50	candidate_created	22
007ebcd0	008e3e54	candidate_created	22
007ebcf0	008e3e58	candidate_created	22
007ebd10	008e3e5c	candidate_created	22
007ebd30	008e3e60	candidate_created	22
007ebd50	008e3e64	candidate_created	22
007ebd70	008e3e68	candidate_created	22
007ebd90	008e3e6c	candidate_created	22
007ebdb0	008e3e70	candidate_created	22
007ebdd0	008e3e74	candidate_created	22
007ebdf0	008e3e78	candidate_created	22
007ebe10	008e3e7c	candidate_created	22
007ebe30	008e3e80	candidate_created	22
007ebe50	008e3e84	candidate_created	22
007ebe70	008e3e88	candidate_created	22
007ebe90	008e3e8c	candidate_created	22
007ebeb0	008e3e90	candidate_created	22
007ebed0	008e3e94	candidate_created	22
007ebef0	008e3e98	candidate_created	22
007ebf10	008e3e9c	candidate_created	22
007ebf30	008e3ea0	candidate_created	22
007ebf50	008e3ea4	candidate_created	22
007ebf70	008e3ea8	candidate_created	22
007ebf90	008e3eac	candidate_created	22
007ebfb0	008e3eb0	candidate_created	22
007ebfd0	008e3eb4	candidate_created	22
007ebff0	008e3eb8	candidate_created	22
007ec010	008e3ebc	candidate_created	22
007ec030	008e3ec0	candidate_created	22
007ec050	008e3ec4	candidate_created	22
007ec070	008e3ec8	candidate_created	22
007ec090	008e3ecc	candidate_created	22
007ec0b0	008e3ed0	candidate_created	22
007ec0d0	008e3ed4	candidate_created	22
007ec0f0	008e3ed8	candidate_created	22
007ec110	008e3edc	candidate_created	22
007ec130	008e3ee0	candidate_created	22
007ec150	008e3ee4	candidate_created	22
007ec170	008e3ee8	candidate_created	22
007ec190	008e3eec	candidate_created	22
007ec1b0	008e3ef0	candidate_created	22
007ec1d0	008e3ef4	candidate_created	22
007ec1f0	008e3ef8	candidate_created	22
007ec210	008e3efc	candidate_created	22
007ec230	008e3f00	candidate_created	22
007ec250	008e3f04	candidate_created	22
007ec270	008e3f08	candidate_created	22
007ec290	008e3f0c	candidate_created	22
007ec2b0	008e3f10	candidate_created	22
007ec2d0	008e3f14	candidate_created	22
007ec2f0	008e3f18	candidate_created	22
007ec310	008e3f1c	candidate_created	22
007ec330	008e3f20	candidate_created	22
007ec350	008e3f24	candidate_created	22
007ec370	008e3f28	candidate_created	22
007ec390	008e3f2c	candidate_created	22
007ec3b0	008e3f30	candidate_created	22
007ec3d0	008e3f34	candidate_created	22
007ec3f0	008e3f38	candidate_created	22
007ec410	008e3f3c	candidate_created	22
007ec430	008e3f40	candidate_created	22
007ec450	008e3f44	candidate_created	22
007ec470	008e3f48	candidate_created	22
007ec490	008e3f4c	candidate_created	22
007ec4b0	008e3f50	candidate_created	22
007ec4d0	008e3f54	candidate_created	22
007ec4f0	008e3f58	candidate_created	22
007ec510	008e3f5c	candidate_created	22
007ec530	008e3f60	candidate_created	22
007ec550	008e3f64	candidate_created	22
007ec570	008e3f68	candidate_created	22
007ec590	008e3f6c	candidate_created	22
007ec5b0	008e3f70	candidate_created	22
007ec5d0	008e3f74	candidate_created	22
007ec5f0	008e3f78	candidate_created	22
007ec610	008e3f7c	candidate_created	22
007ec630	008e3f80	candidate_created	22
007ec650	008e3f84	candidate_created	22
007ec670	008e3f88	candidate_created	22
007ec690	008e3f8c	candidate_created	22
007ec6b0	008e3f90	candidate_created	22
007ec6d0	008e3f94	candidate_created	22
007ec6f0	008e3f98	candidate_created	22
007ec710	008e3f9c	candidate_created	22
007ec730	008e3fa0	candidate_created	22
007ec750	008e3fa4	candidate_created	22
007ec770	008e3fa8	candidate_created	22
007ec790	008e3fac	candidate_created	22
007ec7b0	008e3fb0	candidate_created	22
007ec7d0	008e3fb4	candidate_created	22
007ec7f0	008e3fb8	candidate_created	22
007ec810	008e3fbc	candidate_created	22
007ec830	008e3fc0	candidate_created	22
007ec850	008e3fc4	candidate_created	22
007ec870	008e3fc8	candidate_created	22
007ec890	008e3fcc	candidate_created	22
007ec8b0	008e3fd0	candidate_created	22
007ec8d0	008e3fd4	candidate_created	22
007ec8f0	008e3fd8	candidate_created	22
007ec910	008e3fdc	candidate_created	22
007ec930	008e3fe0	candidate_created	22
007ec950	008e3fe4	candidate_created	22
007ec970	008e3fe8	candidate_created	22
007ec990	008e3fec	candidate_created	22
007ec9b0	008e3ff0	candidate_created	22
007ec9d0	008e3ff4	candidate_created	22
007ec9f0	008e3ff8	candidate_created	22
007eca10	008e3ffc	candidate_created	22
007eca30	008e4000	candidate_created	22
007eca50	008e4004	candidate_created	22
007eca70	008e4008	candidate_created	22
007eca90	008e400c	candidate_created	22
007ecab0	008e4010	candidate_created	22
007ecad0	008e4014	candidate_created	22
007ecaf0	008e4018	candidate_created	22
007ecb10	008e401c	candidate_created	22
007ecb30	008e4020	candidate_created	22
007ecb50	008e4024	candidate_created	22
007ecb70	008e4028	candidate_created	22
007ecb90	008e402c	candidate_created	22
007ecbb0	008e4030	candidate_created	22
007ecbd0	008e4034	candidate_created	22
007ecbf0	008e4038	candidate_created	22
007ecc10	008e403c	candidate_created	22
007ecc30	008e4040	candidate_created	22
007ecc50	008e4044	candidate_created	22
007ecc70	008e4048	candidate_created	22
007ecc90	008e404c	candidate_created	22
007eccb0	008e4050	candidate_created	22
007eccd0	008e4054	candidate_created	22
007eccf0	008e4058	candidate_created	22
007ecd10	008e405c	candidate_created	22
007ecd30	008e4060	candidate_created	22
007ecd50	008e4064	candidate_created	22
007ecd70	008e4068	candidate_created	22
007ecd90	008e406c	candidate_created	22
007ecdb0	008e4070	candidate_created	22
007ecdd0	008e4074	candidate_created	22
007ecdf0	008e4078	candidate_created	22
007ece10	008e407c	candidate_created	22
007ece30	008e4080	candidate_created	22
007ece50	008e4084	candidate_created	22
007ece70	008e4088	candidate_created	22
007ece90	008e408c	candidate_created	22
007eceb0	008e4090	candidate_created	22
007eced0	008e4094	candidate_created	22
007ecef0	008e4098	candidate_created	22
007ecf10	008e409c	candidate_created	22
007ecf30	008e40a0	candidate_created	22
007ecf50	008e40a4	candidate_created	22
007ecf70	008e40a8	candidate_created	22
007ecf90	008e40ac	candidate_created	22
007ecfb0	008e40b0	candidate_created	22
007ecfd0	008e40b4	candidate_created	22
007ecff0	008e40b8	candidate_created	22
007ed010	008e40bc	candidate_created	22
007ed030	008e40c0	candidate_created	22
007ed050	008e40c4	candidate_created	22
007ed070	008e40c8	candidate_created	22
007ed090	008e40cc	candidate_created	22
007ed0b0	008e40d0	candidate_created	22
007ed0d0	008e40d4	candidate_created	22
007ed0f0	008e40d8	candidate_created	22
007ed110	008e40dc	candidate_created	22
007ed130	008e40e0	candidate_created	22
007ed150	008e40e4	candidate_created	22
007ed170	008e40e8	candidate_created	22
007ed190	008e40ec	candidate_created	22
007ed1b0	008e40f0	candidate_created	22
007ed1d0	008e40f4	candidate_created	22
007ed1f0	008e40f8	candidate_created	22
007ed210	008e40fc	candidate_created	22
007ed230	008e4100	candidate_created	22
007ed250	008e4104	candidate_created	22
007ed270	008e4108	candidate_created	22
007ed290	008e410c	candidate_created	22
007ed2b0	008e4110	candidate_created	22
007ed2d0	008e4114	candidate_created	22
007ed2f0	008e4118	candidate_created	22
007ed310	008e411c	candidate_created	22
007ed330	008e4120	candidate_created	22
007ed350	008e4124	candidate_created	22
007ed370	008e4128	candidate_created	22
007ed390	008e412c	candidate_created	22
007ed3b0	008e4130	candidate_created	22
007ed3d0	008e4134	candidate_created	22
007ed3f0	008e4138	candidate_created	22
007ed410	008e413c	candidate_created	22
007ed430	008e4140	candidate_created	22
007ed450	008e4144	candidate_created	22
007ed470	008e4148	candidate_created	22
007ed490	008e414c	candidate_created	22
007ed4b0	008e4150	candidate_created	22
007ed4d0	008e4154	candidate_created	22
007ed4f0	008e4158	candidate_created	22
007ed510	008e415c	candidate_created	22
007ed530	008e4160	candidate_created	22
007ed550	008e4164	candidate_created	22
007ed570	008e4168	candidate_created	22
007ed590	008e416c	candidate_created	22
007ed5b0	008e4170	candidate_created	22
007ed5d0	008e4174	candidate_created	22
007ed5f0	008e4178	candidate_created	22
007ed610	008e417c	candidate_created	22
007ed630	008e4180	candidate_created	22
007ed650	008e4184	candidate_created	22
007ed670	008e4188	candidate_created	22
007ed690	008e418c	candidate_created	22
007ed6b0	008e4190	candidate_created	22
007ed6d0	008e4194	candidate_created	22
007ed6f0	008e4198	candidate_created	22
007ed710	008e419c	candidate_created	22
007ed730	008e41a0	candidate_created	22
007ed750	008e41a4	candidate_created	22
007ed770	008e41a8	candidate_created	22
007ed790	008e41ac	candidate_created	22
007ed7b0	008e41b0	candidate_created	22
007ed7d0	008e41b4	candidate_created	22
007ed7f0	008e41b8	candidate_created	22
007ed810	008e41bc	candidate_created	22
007ed830	008e41c0	candidate_created	22
007ed850	008e41c4	candidate_created	22
007ed870	008e41c8	candidate_created	22
007ed890	008e41cc	candidate_created	22
007ed8b0	008e41d0	candidate_created	22
007ed8d0	008e41d4	candidate_created	22
007ed8f0	008e41d8	candidate_created	22
007ed910	008e41dc	candidate_created	22
007ed930	008e41e0	candidate_created	22
007ed950	008e41e4	candidate_created	22
007ed970	008e41e8	candidate_created	22
007ed990	008e41ec	candidate_created	22
007ed9b0	008e41f0	candidate_created	18
007ed9d0	008e41f4	candidate_created	22
007ed9f0	008e41f8	candidate_created	24
007eda10	008e41fc	candidate_created	37
007eda40	008e4200	candidate_created	18
007eda60	008e4204	candidate_created	24
007eda80	008e4208	candidate_created	37
007edab0	008e420c	candidate_created	18
007edad0	008e4210	candidate_created	18
007edaf0	008e4214	candidate_created	22
007edb10	008e4218	candidate_created	22
007edb30	008e421c	candidate_created	22
007edb50	008e4220	candidate_created	22
007edb70	008e4224	candidate_created	22
007edb90	008e4228	candidate_created	22
007edbb0	008e422c	candidate_created	22
007edbd0	008e4230	candidate_created	22
007edbf0	008e4234	candidate_created	22
007edc10	008e4238	candidate_created	22
007edc30	008e423c	candidate_created	22
007edc50	008e4240	candidate_created	22
007edc70	008e4244	candidate_created	22
007edc90	008e4248	candidate_created	22
007edcb0	008e424c	candidate_created	22
007edcd0	008e4250	candidate_created	22
007edcf0	008e4254	candidate_created	22
007edd10	008e4258	candidate_created	22
007edd30	008e425c	candidate_created	22
007edd50	008e4260	candidate_created	22
007edd70	008e4264	candidate_created	22
007edd90	008e4268	candidate_created	22
007eddb0	008e426c	candidate_created	22
007eddd0	008e4270	candidate_created	22
007eddf0	008e4274	candidate_created	18
007ede10	008e4278	candidate_created	22
007ede30	008e427c	candidate_created	37
007ede60	008e4280	candidate_created	18
007ede80	008e4284	candidate_created	22
007edea0	008e4288	candidate_created	22
007edec0	008e428c	candidate_created	24
007ee0f0	008e429c	candidate_created	24
007ee110	008e42a0	candidate_created	81
007ee170	008e42a4	candidate_created	24
007ee190	008e42a8	candidate_created	24
007ee1b0	008e42ac	candidate_created	24
007ee1d0	008e42b0	candidate_created	12
007ee1e0	008e42b4	candidate_created	12
007ee1f0	008e42b8	candidate_created	24
007ee210	008e42bc	candidate_created	24
007ee230	008e42c0	candidate_created	24
007ee250	008e42c4	candidate_created	24
007ee270	008e42c8	candidate_created	24
007ee290	008e42cc	candidate_created	24
007ee2b0	008e42d0	candidate_created	24
007ee2d0	008e42d4	candidate_created	24
007ee2f0	008e42d8	candidate_created	24
007ee310	008e42dc	candidate_created	24
007ee330	008e42e0	candidate_created	24
007ee350	008e42e4	candidate_created	24
007ee370	008e42e8	candidate_created	24
007ee390	008e42ec	candidate_created	29
007ee3b0	008e42f0	candidate_created	29
007ee3d0	008e42f4	candidate_created	24
007ee3f0	008e42f8	candidate_created	24
007ee410	008e42fc	candidate_created	24
007ee430	008e4300	candidate_created	24
007ee450	008e4304	candidate_created	24
007ee470	008e4308	candidate_created	89
007ee4e0	008e430c	candidate_created	24
007ee500	008e4310	candidate_created	22
007ee520	008e4314	candidate_created	24
007ee540	008e4318	candidate_created	24
007ee560	008e431c	candidate_created	24
007ee580	008e4320	candidate_created	24
007ee5a0	008e4324	candidate_created	24
007ee5c0	008e4328	candidate_created	24
007ee5e0	008e432c	candidate_created	24
007ee600	008e4330	candidate_created	24
007ee620	008e4334	candidate_created	24
007ee640	008e4338	candidate_created	24
007ee660	008e433c	candidate_created	24
007ee680	008e4340	candidate_created	24
007ee6a0	008e4344	candidate_created	24
007ee6c0	008e4348	candidate_created	24
007ee6e0	008e434c	candidate_created	24
007ee700	008e4350	candidate_created	24
007ee720	008e4354	candidate_created	24
007ee740	008e4358	candidate_created	24
007ee760	008e435c	candidate_created	24
007ee780	008e4360	candidate_created	24
007ee7a0	008e4364	candidate_created	24
007ee7c0	008e4368	candidate_created	24
007ee7e0	008e436c	candidate_created	64
007ee820	008e4370	candidate_created	64
007ee860	008e4374	candidate_created	64
007ee8a0	008e4378	candidate_created	24
007eea20	008e4384	candidate_created	24
007eea40	008e4388	candidate_created	24
007eea60	008e438c	candidate_created	24
007eea80	008e4390	candidate_created	24
007eeaa0	008e4394	candidate_created	24
007eeac0	008e4398	candidate_created	24
007eeae0	008e439c	candidate_created	24
007eeb00	008e43a0	candidate_created	24
007eeb20	008e43a4	candidate_created	24
007eeb40	008e43a8	candidate_created	24
007eeb60	008e43ac	candidate_created	24
007eeb80	008e43b0	candidate_created	24
007eeba0	008e43b4	candidate_created	24
007eebc0	008e43b8	candidate_created	24
007eebe0	008e43bc	candidate_created	24
007eec00	008e43c0	candidate_created	24
007eec20	008e43c4	candidate_created	24
007eec40	008e43c8	candidate_created	24
007eec60	008e43cc	candidate_created	12
007eec70	008e43d0	candidate_created	24
007eec90	008e43d4	candidate_created	12
007eeca0	008e43d8	candidate_created	12
007eecb0	008e43dc	candidate_created	24
007eecd0	008e43e0	candidate_created	24
007eecf0	008e43e4	candidate_created	24
007eed10	008e43e8	candidate_created	24
007eed30	008e43ec	candidate_created	24
007eed50	008e43f0	candidate_created	24
007eed70	008e43f4	candidate_created	75
007eedc0	008e43f8	candidate_created	38
007eedf0	008e43fc	candidate_created	24
007eee10	008e4400	candidate_created	24
007eee30	008e4404	candidate_created	24
007eee50	008e4408	candidate_created	24
007eee70	008e440c	candidate_created	24
007eee90	008e4410	candidate_created	24
007eeeb0	008e4414	candidate_created	24
007eeed0	008e4418	candidate_created	24
007eeef0	008e441c	candidate_created	24
007eef10	008e4420	candidate_created	24
007eef30	008e4424	candidate_created	24
007eef50	008e4428	candidate_created	24
007eef70	008e442c	candidate_created	24
007eef90	008e4430	candidate_created	24
007eefb0	008e4434	candidate_created	22
007eefd0	008e4438	candidate_created	37
007ef000	008e443c	candidate_created	18
007ef020	008e4440	candidate_created	22
007ef040	008e4444	candidate_created	22
007ef060	008e4448	candidate_created	22
007ef080	008e444c	candidate_created	22
007ef0a0	008e4450	candidate_created	18
007ef0c0	008e4454	candidate_created	22
007ef0e0	008e4458	candidate_created	24
007ef100	008e445c	candidate_created	16
007ef110	008e4460	candidate_created	37
007ef140	008e4464	candidate_created	18
007ef160	008e4468	candidate_created	22
007ef180	008e446c	candidate_created	22
007ef1a0	008e4470	candidate_created	22
007ef1c0	008e4474	candidate_created	22
007ef1e0	008e4478	candidate_created	22
007ef200	008e447c	candidate_created	22
007ef220	008e4480	candidate_created	22
007ef240	008e4484	candidate_created	22
007ef260	008e4488	candidate_created	22
007ef280	008e448c	candidate_created	18
007ef2a0	008e4490	candidate_created	22
007ef2c0	008e4494	candidate_created	22
007ef2e0	008e4498	candidate_created	22
007ef300	008e449c	candidate_created	22
007ef320	008e44a0	candidate_created	22
007ef340	008e44a4	candidate_created	18
007ef360	008e44a8	candidate_created	22
007ef380	008e44ac	candidate_created	18
007ef3a0	008e44b0	candidate_created	18
007ef3c0	008e44b4	candidate_created	37
007ef3f0	008e44b8	candidate_created	18
007ef410	008e44bc	candidate_created	22
007ef430	008e44c0	candidate_created	22
007ef450	008e44c4	candidate_created	22
007ef470	008e44c8	candidate_created	22
007ef490	008e44cc	candidate_created	22
007ef4b0	008e44d0	candidate_created	22
007ef4d0	008e44d4	candidate_created	22
007ef4f0	008e44d8	candidate_created	22
007ef510	008e44dc	candidate_created	22
007ef530	008e44e0	candidate_created	22
007ef550	008e44e4	candidate_created	22
007ef570	008e44e8	candidate_created	22
007ef590	008e44ec	candidate_created	22
007ef5b0	008e44f0	candidate_created	22
007ef5d0	008e44f4	candidate_created	22
007ef5f0	008e44f8	candidate_created	22
007ef610	008e44fc	candidate_created	22
007ef630	008e4500	candidate_created	22
007ef650	008e4504	candidate_created	22
007ef670	008e4508	candidate_created	22
007ef690	008e450c	candidate_created	22
007ef6b0	008e4510	candidate_created	18
007ef6d0	008e4514	candidate_created	22
007ef6f0	008e4518	candidate_created	22
007ef710	008e451c	candidate_created	22
007ef730	008e4520	candidate_created	22
007ef750	008e4524	candidate_created	22
007ef770	008e4528	candidate_created	22
007ef790	008e452c	candidate_created	18
007ef7b0	008e4530	candidate_created	22
007ef7d0	008e4534	candidate_created	22
007ef7f0	008e4538	candidate_created	22
007ef810	008e453c	candidate_created	22
007ef830	008e4540	candidate_created	22
007ef850	008e4544	candidate_created	22
007ef870	008e4548	candidate_created	18
007ef890	008e454c	candidate_created	22
007ef8b0	008e4550	candidate_created	22
007ef8d0	008e4554	candidate_created	22
007ef8f0	008e4558	candidate_created	22
007ef910	008e455c	candidate_created	22
007ef930	008e4560	candidate_created	22
007ef950	008e4564	candidate_created	37
007ef980	008e4568	candidate_created	18
007ef9a0	008e456c	candidate_created	22
007ef9c0	008e4570	candidate_created	22
007ef9e0	008e4574	candidate_created	22
007efa00	008e4578	candidate_created	22
007efa20	008e457c	candidate_created	22
007efa40	008e4580	candidate_created	22
007efa60	008e4584	candidate_created	22
007efa80	008e4588	candidate_created	22
007efaa0	008e458c	candidate_created	22
007efac0	008e4590	candidate_created	22
007efae0	008e4594	candidate_created	22
007efb00	008e4598	candidate_created	22
007efb20	008e459c	candidate_created	22
007efb40	008e45a0	candidate_created	22
007efb60	008e45a4	candidate_created	22
007efb80	008e45a8	candidate_created	22
007efba0	008e45ac	candidate_created	22
007efbc0	008e45b0	candidate_created	22
007efbe0	008e45b4	candidate_created	22
007efc00	008e45b8	candidate_created	22
007efc20	008e45bc	candidate_created	22
007efc40	008e45c0	candidate_created	22
007efc60	008e45c4	candidate_created	22
007efc80	008e45c8	candidate_created	22
007efca0	008e45cc	candidate_created	22
007efcc0	008e45d0	candidate_created	22
007efce0	008e45d4	candidate_created	22
007efd00	008e45d8	candidate_created	22
007efd20	008e45dc	candidate_created	22
007efd40	008e45e0	candidate_created	22
007efd60	008e45e4	candidate_created	22
007efd80	008e45e8	candidate_created	22
007efda0	008e45ec	candidate_created	22
007efdc0	008e45f0	candidate_created	22
007efde0	008e45f4	candidate_created	22
007efe00	008e45f8	candidate_created	22
007efe20	008e45fc	candidate_created	22
007efe40	008e4600	candidate_created	22
007efe60	008e4604	candidate_created	22
007efe80	008e4608	candidate_created	22
007efea0	008e460c	candidate_created	22
007efec0	008e4610	candidate_created	22
007efee0	008e4614	candidate_created	24
007eff00	008e4618	candidate_created	24
007eff20	008e461c	candidate_created	37
007eff50	008e4620	candidate_created	37
007eff80	008e4624	candidate_created	24
007f0100	008e4630	candidate_created	12
007f0110	008e4634	candidate_created	24
007f0130	008e4638	candidate_created	24
007f0150	008e463c	candidate_created	24
007f0170	008e4640	candidate_created	24
007f0190	008e4644	candidate_created	12
007f01a0	008e4648	candidate_created	12
007f01b0	008e464c	candidate_created	12
007f01c0	008e4650	candidate_created	12
007f01d0	008e4654	candidate_created	12
007f01e0	008e4658	candidate_created	12
007f01f0	008e465c	candidate_created	12
007f0200	008e4660	candidate_created	64
007f0240	008e4664	candidate_created	12
007f0250	008e4668	candidate_created	11
007f0260	008e466c	candidate_created	11
007f0270	008e4670	candidate_created	76
007f02c0	008e4674	candidate_created	11
007f02d0	008e4678	candidate_created	11
007f02e0	008e467c	candidate_created	37
007f0310	008e4680	candidate_created	18
007f0330	008e4684	candidate_created	22
007f0350	008e4688	candidate_created	22
007f0370	008e468c	candidate_created	22
007f0390	008e4690	candidate_created	22
007f03b0	008e4694	candidate_created	22
007f03d0	008e4698	candidate_created	22
007f03f0	008e469c	candidate_created	22
007f0410	008e46a0	candidate_created	22
007f0430	008e46a4	candidate_created	22
007f0450	008e46a8	candidate_created	22
007f0470	008e46ac	candidate_created	22
007f0490	008e46b0	candidate_created	22
007f04b0	008e46b4	candidate_created	22
007f04d0	008e46b8	candidate_created	22
007f04f0	008e46bc	candidate_created	18
007f0510	008e46c0	candidate_created	22
007f0530	008e46c4	candidate_created	22
007f0550	008e46c8	candidate_created	22
007f0570	008e46cc	candidate_created	22
007f0590	008e46d0	candidate_created	22
007f05b0	008e46d4	candidate_created	22
007f05d0	008e46d8	candidate_created	22
007f05f0	008e46dc	candidate_created	22
007f0610	008e46e0	candidate_created	18
007f0630	008e46e4	candidate_created	24
007f0650	008e46e8	candidate_created	22
007f0670	008e46ec	candidate_created	29
007f0690	008e46f0	candidate_created	29
007f06b0	008e46f4	candidate_created	29
007f06d0	008e46f8	candidate_created	37
007f0700	008e46fc	candidate_created	18
007f0720	008e4700	candidate_created	22
007f0740	008e4704	candidate_created	22
007f0760	008e4708	candidate_created	22
007f0780	008e470c	candidate_created	22
007f07a0	008e4710	candidate_created	22
007f07c0	008e4714	candidate_created	22
007f07e0	008e4718	candidate_created	22
007f0800	008e471c	candidate_created	22
007f0820	008e4720	candidate_created	22
007f0836	008e3008	candidate_created	22
007f084c	008e4724	candidate_created	12
007f0858	008e300c	candidate_created	22
007f086e	008e3010	candidate_created	12
007f0880	008e4728	candidate_created	12
007f0890	008e472c	candidate_created	12
007f08a0	008e4730	candidate_created	64
007f08e0	008e4734	candidate_created	12
007f08f0	008e4738	candidate_created	11
007f0900	008e473c	candidate_created	12
007f0910	008e4740	candidate_created	11
007f0920	008e4744	candidate_created	12
007f0930	008e4748	candidate_created	12
007f0940	008e474c	candidate_created	37
007f0970	008e4750	candidate_created	18
007f0990	008e4754	candidate_created	22
007f09b0	008e4758	candidate_created	22
007f09d0	008e475c	candidate_created	22
007f09f0	008e4760	candidate_created	22
007f0a10	008e4764	candidate_created	22
007f0a30	008e4768	candidate_created	22
007f0a50	008e476c	candidate_created	22
007f0a70	008e4770	candidate_created	22
007f0a90	008e4774	candidate_created	22
007f0ab0	008e4778	candidate_created	22
007f0ad0	008e477c	candidate_created	22
007f0af0	008e4780	candidate_created	22
007f0b10	008e4784	candidate_created	22
007f0b30	008e4788	candidate_created	22
007f0b50	008e478c	candidate_created	18
007f0b70	008e4790	candidate_created	22
007f0b90	008e4794	candidate_created	22
007f0bb0	008e4798	candidate_created	22
007f0bd0	008e479c	candidate_created	22
007f0bf0	008e47a0	candidate_created	22
007f0c10	008e47a4	candidate_created	22
007f0c30	008e47a8	candidate_created	22
007f0c50	008e47ac	candidate_created	22
007f0c70	008e47b0	candidate_created	22
007f0c90	008e47b4	candidate_created	22
007f0cb0	008e47b8	candidate_created	22
007f0cd0	008e47bc	candidate_created	22
007f0cf0	008e47c0	candidate_created	22
007f0d10	008e47c4	candidate_created	18
007f0d30	008e47c8	candidate_created	22
007f0d50	008e47cc	candidate_created	22
007f0d70	008e47d0	candidate_created	18
007f0d90	008e47d4	candidate_created	22
007f0db0	008e47d8	candidate_created	22
007f0dd0	008e47dc	candidate_created	22
007f0df0	008e47e0	candidate_created	22
007f0e10	008e47e4	candidate_created	22
007f0e30	008e47e8	candidate_created	22
007f0e50	008e47ec	candidate_created	22
007f0e70	008e47f0	candidate_created	22
007f0e90	008e47f4	candidate_created	22
007f0eb0	008e47f8	candidate_created	22
007f0ed0	008e47fc	candidate_created	22
007f0ef0	008e4800	candidate_created	22
007f0f10	008e4804	candidate_created	18
007f0f30	008e4808	candidate_created	22
007f0f50	008e480c	candidate_created	22
007f0f70	008e4810	candidate_created	22
007f0f90	008e4814	candidate_created	22
007f0fb0	008e4818	candidate_created	22
007f0fd0	008e481c	candidate_created	22
007f0ff0	008e4820	candidate_created	22
007f1010	008e4824	candidate_created	22
007f1030	008e4828	candidate_created	18
007f1050	008e482c	candidate_created	22
007f1070	008e4830	candidate_created	22
007f1090	008e4834	candidate_created	18
007f10b0	008e4838	candidate_created	22
007f10d0	008e483c	candidate_created	22
007f10f0	008e4840	candidate_created	18
007f1110	008e4844	candidate_created	22
007f1130	008e4848	candidate_created	41
007f1160	008e484c	candidate_created	41
007f1190	008e4850	candidate_created	11
007f11a0	008e4854	candidate_created	12
007f11b0	008e4858	candidate_created	37
007f11e0	008e485c	candidate_created	24
007f1200	008e4860	candidate_created	37
007f1230	008e4864	candidate_created	24
007f1250	008e4868	candidate_created	12
007f1260	008e486c	candidate_created	75
007f12b0	008e4870	candidate_created	38
007f12e0	008e4874	candidate_created	38
007f1310	008e4878	candidate_created	38
007f1340	008e487c	candidate_created	40
007f1370	008e4880	candidate_created	38
007f13a0	008e4884	candidate_created	38
007f13d0	008e4888	candidate_created	41
007f1400	008e488c	candidate_created	36
007f1430	008e4890	candidate_created	37
007f1460	008e4894	candidate_created	18
007f1480	008e4898	candidate_created	22
007f14a0	008e489c	candidate_created	22
007f14c0	008e48a0	candidate_created	22
007f14e0	008e48a4	candidate_created	22
007f1500	008e48a8	candidate_created	22
007f1520	008e48ac	candidate_created	22
007f1540	008e48b0	candidate_created	22
007f1560	008e48b4	candidate_created	22
007f1580	008e48b8	candidate_created	22
007f15a0	008e48bc	candidate_created	22
007f15c0	008e48c0	candidate_created	22
007f15e0	008e48c4	candidate_created	22
007f1600	008e48c8	candidate_created	22
007f1620	008e48cc	candidate_created	22
007f1640	008e48d0	candidate_created	22
007f1660	008e48d4	candidate_created	22
007f1680	008e48d8	candidate_created	22
007f16a0	008e48dc	candidate_created	22
007f16c0	008e48e0	candidate_created	22
007f16e0	008e48e4	candidate_created	22
007f1700	008e48e8	candidate_created	22
007f1720	008e48ec	candidate_created	22
007f1740	008e48f0	candidate_created	22
007f1760	008e48f4	candidate_created	22
007f1780	008e48f8	candidate_created	22
007f17a0	008e48fc	candidate_created	22
007f17c0	008e4900	candidate_created	22
007f17e0	008e4904	candidate_created	22
007f1800	008e4908	candidate_created	22
007f1820	008e490c	candidate_created	22
007f1840	008e4910	candidate_created	22
007f1860	008e4914	candidate_created	22
007f1880	008e4918	candidate_created	22
007f18a0	008e491c	candidate_created	22
007f18c0	008e4920	candidate_created	22
007f18e0	008e4924	candidate_created	22
007f1900	008e4928	candidate_created	22
007f1920	008e492c	candidate_created	22
007f1940	008e4930	candidate_created	22
007f1960	008e4934	candidate_created	22
007f1980	008e4938	candidate_created	22
007f19a0	008e493c	candidate_created	22
007f19c0	008e4940	candidate_created	22
007f19e0	008e4944	candidate_created	22
007f1a00	008e4948	candidate_created	22
007f1a20	008e494c	candidate_created	22
007f1a40	008e4950	candidate_created	22
007f1a60	008e4954	candidate_created	18
007f1a80	008e4958	candidate_created	22
007f1aa0	008e495c	candidate_created	22
007f1ac0	008e4960	candidate_created	22
007f1ae0	008e4964	candidate_created	22
007f1b00	008e4968	candidate_created	22
007f1b20	008e496c	candidate_created	22
007f1b40	008e4970	candidate_created	22
007f1b60	008e4974	candidate_created	22
007f1b80	008e4978	candidate_created	22
007f1ba0	008e497c	candidate_created	22
007f1bc0	008e4980	candidate_created	22
007f1be0	008e4984	candidate_created	22
007f1c00	008e4988	candidate_created	22
007f1c20	008e498c	candidate_created	22
007f1c40	008e4990	candidate_created	22
007f1c60	008e4994	candidate_created	22
007f1c80	008e4998	candidate_created	22
007f1ca0	008e499c	candidate_created	22
007f1cc0	008e49a0	candidate_created	22
007f1ce0	008e49a4	candidate_created	22
007f1d00	008e49a8	candidate_created	22
007f1d20	008e49ac	candidate_created	22
007f1d40	008e49b0	candidate_created	22
007f1d60	008e49b4	candidate_created	22
007f1d80	008e49b8	candidate_created	22
007f1da0	008e49bc	candidate_created	22
007f1dc0	008e49c0	candidate_created	22
007f1de0	008e49c4	candidate_created	22
007f1e00	008e49c8	candidate_created	22
007f1e20	008e49cc	candidate_created	22
007f1e40	008e49d0	candidate_created	22
007f1e60	008e49d4	candidate_created	22
007f1e80	008e49d8	candidate_created	22
007f1ea0	008e49dc	candidate_created	22
007f1ec0	008e49e0	candidate_created	22
007f1ee0	008e49e4	candidate_created	22
007f1f00	008e49e8	candidate_created	22
007f1f20	008e49ec	candidate_created	22
007f1f40	008e49f0	candidate_created	22
007f1f60	008e49f4	candidate_created	22
007f1f80	008e49f8	candidate_created	22
007f1fa0	008e49fc	candidate_created	22
007f1fc0	008e4a00	candidate_created	22
007f1fe0	008e4a04	candidate_created	18
007f2000	008e4a08	candidate_created	22
007f2020	008e4a0c	candidate_created	22
007f2040	008e4a10	candidate_created	22
007f2060	008e4a14	candidate_created	22
007f2080	008e4a18	candidate_created	22
007f20a0	008e4a1c	candidate_created	22
007f20c0	008e4a20	candidate_created	22
007f20e0	008e4a24	candidate_created	22
007f2100	008e4a28	candidate_created	22
007f2120	008e4a2c	candidate_created	22
007f2140	008e4a30	candidate_created	22
007f2160	008e4a34	candidate_created	22
007f2180	008e4a38	candidate_created	22
007f21a0	008e4a3c	candidate_created	22
007f21c0	008e4a40	candidate_created	22
007f21e0	008e4a44	candidate_created	22
007f2200	008e4a48	candidate_created	22
007f2220	008e4a4c	candidate_created	22
007f2240	008e4a50	candidate_created	22
007f2260	008e4a54	candidate_created	22
007f2280	008e4a58	candidate_created	22
007f22a0	008e4a5c	candidate_created	22
007f22c0	008e4a60	candidate_created	22
007f22e0	008e4a64	candidate_created	22
007f2300	008e4a68	candidate_created	22
007f2320	008e4a6c	candidate_created	22
007f2340	008e4a70	candidate_created	22
007f2360	008e4a74	candidate_created	22
007f2380	008e4a78	candidate_created	22
007f23a0	008e4a7c	candidate_created	22
007f23c0	008e4a80	candidate_created	22
007f23e0	008e4a84	candidate_created	22
007f2400	008e4a88	candidate_created	22
007f2420	008e4a8c	candidate_created	22
007f2440	008e4a90	candidate_created	22
007f2460	008e4a94	candidate_created	22
007f2480	008e4a98	candidate_created	22
007f24a0	008e4a9c	candidate_created	22
007f24c0	008e4aa0	candidate_created	22
007f24e0	008e4aa4	candidate_created	22
007f2500	008e4aa8	candidate_created	22
007f2520	008e4aac	candidate_created	22
007f2540	008e4ab0	candidate_created	22
007f2560	008e4ab4	candidate_created	22
007f2580	008e4ab8	candidate_created	22
007f25a0	008e4abc	candidate_created	22
007f25c0	008e4ac0	candidate_created	22
007f25e0	008e4ac4	candidate_created	22
007f2600	008e4ac8	candidate_created	22
007f2620	008e4acc	candidate_created	22
007f2640	008e4ad0	candidate_created	22
007f2660	008e4ad4	candidate_created	22
007f2680	008e4ad8	candidate_created	22
007f26a0	008e4adc	candidate_created	22
007f26c0	008e4ae0	candidate_created	22
007f26e0	008e4ae4	candidate_created	22
007f2700	008e4ae8	candidate_created	22
007f2720	008e4aec	candidate_created	22
007f2740	008e4af0	candidate_created	22
007f2760	008e4af4	candidate_created	22
007f2780	008e4af8	candidate_created	22
007f27a0	008e4afc	candidate_created	22
007f27c0	008e4b00	candidate_created	22
007f27e0	008e4b04	candidate_created	22
007f2800	008e4b08	candidate_created	22
007f2820	008e4b0c	candidate_created	22
007f2840	008e4b10	candidate_created	22
007f2860	008e4b14	candidate_created	22
007f2880	008e4b18	candidate_created	22
007f28a0	008e4b1c	candidate_created	22
007f28c0	008e4b20	candidate_created	22
007f28e0	008e4b24	candidate_created	22
007f2900	008e4b28	candidate_created	22
007f2920	008e4b2c	candidate_created	22
007f2940	008e4b30	candidate_created	22
007f2960	008e4b34	candidate_created	22
007f2980	008e4b38	candidate_created	22
007f29a0	008e4b3c	candidate_created	22
007f29c0	008e4b40	candidate_created	22
007f29e0	008e4b44	candidate_created	22
007f2a00	008e4b48	candidate_created	22
007f2a20	008e4b4c	candidate_created	22
007f2a40	008e4b50	candidate_created	22
007f2a60	008e4b54	candidate_created	22
007f2a80	008e4b58	candidate_created	22
007f2aa0	008e4b5c	candidate_created	22
007f2ac0	008e4b60	candidate_created	22
007f2ae0	008e4b64	candidate_created	22
007f2b00	008e4b68	candidate_created	22
007f2b20	008e4b6c	candidate_created	22
007f2b40	008e4b70	candidate_created	22
007f2b60	008e4b74	candidate_created	22
007f2b80	008e4b78	candidate_created	22
007f2ba0	008e4b7c	candidate_created	22
007f2bc0	008e4b80	candidate_created	22
007f2be0	008e4b84	candidate_created	22
007f2c00	008e4b88	candidate_created	22
007f2c20	008e4b8c	candidate_created	22
007f2c40	008e4b90	candidate_created	22
007f2c60	008e4b94	candidate_created	22
007f2c80	008e4b98	candidate_created	22
007f2ca0	008e4b9c	candidate_created	22
007f2cc0	008e4ba0	candidate_created	22
007f2ce0	008e4ba4	candidate_created	22
007f2d00	008e4ba8	candidate_created	22
007f2d20	008e4bac	candidate_created	22
007f2d40	008e4bb0	candidate_created	18
007f2d60	008e4bb4	candidate_created	22
007f2d80	008e4bb8	candidate_created	22
007f2da0	008e4bbc	candidate_created	22
007f2dc0	008e4bc0	candidate_created	22
007f2de0	008e4bc4	candidate_created	22
007f2e00	008e4bc8	candidate_created	22
007f2e20	008e4bcc	candidate_created	22
007f2e40	008e4bd0	candidate_created	22
007f2e60	008e4bd4	candidate_created	22
007f2e80	008e4bd8	candidate_created	22
007f2ea0	008e4bdc	candidate_created	22
007f2ec0	008e4be0	candidate_created	22
007f2ee0	008e4be4	candidate_created	22
007f2f00	008e4be8	candidate_created	22
007f2f20	008e4bec	candidate_created	22
007f2f40	008e4bf0	candidate_created	22
007f2f60	008e4bf4	candidate_created	22
007f2f80	008e4bf8	candidate_created	22
007f2fa0	008e4bfc	candidate_created	22
007f2fc0	008e4c00	candidate_created	22
007f2fe0	008e4c04	candidate_created	22
007f3000	008e4c08	candidate_created	22
007f3020	008e4c0c	candidate_created	22
007f3040	008e4c10	candidate_created	22
007f3060	008e4c14	candidate_created	22
007f3080	008e4c18	candidate_created	22
007f30a0	008e4c1c	candidate_created	22
007f30c0	008e4c20	candidate_created	18
007f30e0	008e4c24	candidate_created	22
007f3100	008e4c28	candidate_created	22
007f3120	008e4c2c	candidate_created	22
007f3140	008e4c30	candidate_created	22
007f3160	008e4c34	candidate_created	22
007f3180	008e4c38	candidate_created	22
007f31a0	008e4c3c	candidate_created	22
007f31c0	008e4c40	candidate_created	22
007f31e0	008e4c44	candidate_created	22
007f3200	008e4c48	candidate_created	22
007f3220	008e4c4c	candidate_created	22
007f3240	008e4c50	candidate_created	22
007f3260	008e4c54	candidate_created	22
007f3280	008e4c58	candidate_created	22
007f32a0	008e4c5c	candidate_created	22
007f32c0	008e4c60	candidate_created	22
007f32e0	008e4c64	candidate_created	22
007f3300	008e4c68	candidate_created	22
007f3320	008e4c6c	candidate_created	22
007f3340	008e4c70	candidate_created	22
007f3360	008e4c74	candidate_created	22
007f3380	008e4c78	candidate_created	22
007f33a0	008e4c7c	candidate_created	22
007f33c0	008e4c80	candidate_created	22
007f33e0	008e4c84	candidate_created	22
007f3400	008e4c88	candidate_created	22
007f3420	008e4c8c	candidate_created	22
007f3440	008e4c90	candidate_created	22
007f3460	008e4c94	candidate_created	22
007f3480	008e4c98	candidate_created	22
007f34a0	008e4c9c	candidate_created	22
007f34c0	008e4ca0	candidate_created	22
007f34e0	008e4ca4	candidate_created	22
007f3500	008e4ca8	candidate_created	22
007f3520	008e4cac	candidate_created	22
007f3540	008e4cb0	candidate_created	22
007f3560	008e4cb4	candidate_created	22
007f3580	008e4cb8	candidate_created	22
007f35a0	008e4cbc	candidate_created	22
007f35c0	008e4cc0	candidate_created	22
007f35e0	008e4cc4	candidate_created	22
007f3600	008e4cc8	candidate_created	22
007f3620	008e4ccc	candidate_created	22
007f3640	008e4cd0	candidate_created	22
007f3660	008e4cd4	candidate_created	22
007f3680	008e4cd8	candidate_created	22
007f36a0	008e4cdc	candidate_created	22
007f36c0	008e4ce0	candidate_created	22
007f36e0	008e4ce4	candidate_created	22
007f3700	008e4ce8	candidate_created	22
007f3720	008e4cec	candidate_created	18
007f3740	008e4cf0	candidate_created	22
007f3760	008e4cf4	candidate_created	22
007f3780	008e4cf8	candidate_created	22
007f37a0	008e4cfc	candidate_created	22
007f37c0	008e4d00	candidate_created	22
007f37e0	008e4d04	candidate_created	22
007f3800	008e4d08	candidate_created	18
007f3820	008e4d0c	candidate_created	22
007f3840	008e4d10	candidate_created	22
007f3860	008e4d14	candidate_created	22
007f3880	008e4d18	candidate_created	22
007f38a0	008e4d1c	candidate_created	22
007f38c0	008e4d20	candidate_created	22
007f38e0	008e4d24	candidate_created	22
007f3900	008e4d28	candidate_created	22
007f3920	008e4d2c	candidate_created	22
007f3940	008e4d30	candidate_created	22
007f3960	008e4d34	candidate_created	22
007f3980	008e4d38	candidate_created	18
007f39a0	008e4d3c	candidate_created	22
007f39c0	008e4d40	candidate_created	22
007f39e0	008e4d44	candidate_created	22
007f3a00	008e4d48	candidate_created	22
007f3a20	008e4d4c	candidate_created	22
007f3a40	008e4d50	candidate_created	22
007f3a60	008e4d54	candidate_created	22
007f3a80	008e4d58	candidate_created	22
007f3aa0	008e4d5c	candidate_created	22
007f3ac0	008e4d60	candidate_created	22
007f3ae0	008e4d64	candidate_created	22
007f3b00	008e4d68	candidate_created	22
007f3b20	008e4d6c	candidate_created	22
007f3b40	008e4d70	candidate_created	22
007f3b60	008e4d74	candidate_created	22
007f3b80	008e4d78	candidate_created	22
007f3ba0	008e4d7c	candidate_created	22
007f3bc0	008e4d80	candidate_created	22
007f3be0	008e4d84	candidate_created	22
007f3c00	008e4d88	candidate_created	22
007f3c20	008e4d8c	candidate_created	22
007f3c40	008e4d90	candidate_created	22
007f3c60	008e4d94	candidate_created	22
007f3c80	008e4d98	candidate_created	22
007f3ca0	008e4d9c	candidate_created	22
007f3cc0	008e4da0	candidate_created	22
007f3ce0	008e4da4	candidate_created	22
007f3d00	008e4da8	candidate_created	22
007f3d20	008e4dac	candidate_created	22
007f3d40	008e4db0	candidate_created	22
007f3d60	008e4db4	candidate_created	22
007f3d80	008e4db8	candidate_created	22
007f3da0	008e4dbc	candidate_created	22
007f3dc0	008e4dc0	candidate_created	22
007f3de0	008e4dc4	candidate_created	22
007f3e00	008e4dc8	candidate_created	22
007f3e20	008e4dcc	candidate_created	22
007f3e40	008e4dd0	candidate_created	22
007f3e60	008e4dd4	candidate_created	22
007f3e80	008e4dd8	candidate_created	22
007f3ea0	008e4ddc	candidate_created	22
007f3ec0	008e4de0	candidate_created	22
007f3ee0	008e4de4	candidate_created	22
007f3f00	008e4de8	candidate_created	22
007f3f20	008e4dec	candidate_created	22
007f3f40	008e4df0	candidate_created	22
007f3f60	008e4df4	candidate_created	22
007f3f80	008e4df8	candidate_created	22
007f3fa0	008e4dfc	candidate_created	22
007f3fc0	008e4e00	candidate_created	22
007f3fe0	008e4e04	candidate_created	22
007f4000	008e4e08	candidate_created	22
007f4020	008e4e0c	candidate_created	22
007f4040	008e4e10	candidate_created	22
007f4060	008e4e14	candidate_created	22
007f4080	008e4e18	candidate_created	22
007f40a0	008e4e1c	candidate_created	22
007f40c0	008e4e20	candidate_created	22
007f40e0	008e4e24	candidate_created	22
007f4100	008e4e28	candidate_created	22
007f4120	008e4e2c	candidate_created	22
007f4140	008e4e30	candidate_created	22
007f4160	008e4e34	candidate_created	22
007f4180	008e4e38	candidate_created	22
007f41a0	008e4e3c	candidate_created	18
007f41c0	008e4e40	candidate_created	22
007f41e0	008e4e44	candidate_created	22
007f4200	008e4e48	candidate_created	22
007f4220	008e4e4c	candidate_created	22
007f4240	008e4e50	candidate_created	22
007f4260	008e4e54	candidate_created	18
007f4280	008e4e58	candidate_created	22
007f42a0	008e4e5c	candidate_created	22
007f42c0	008e4e60	candidate_created	22
007f42e0	008e4e64	candidate_created	22
007f4300	008e4e68	candidate_created	22
007f4320	008e4e6c	candidate_created	22
007f4340	008e4e70	candidate_created	22
007f4360	008e4e74	candidate_created	22
007f4380	008e4e78	candidate_created	22
007f43a0	008e4e7c	candidate_created	22
007f43c0	008e4e80	candidate_created	22
007f43e0	008e4e84	candidate_created	22
007f4400	008e4e88	candidate_created	22
007f4420	008e4e8c	candidate_created	22
007f4440	008e4e90	candidate_created	22
007f4460	008e4e94	candidate_created	22
007f4480	008e4e98	candidate_created	22
007f44a0	008e4e9c	candidate_created	22
007f44c0	008e4ea0	candidate_created	22
007f44e0	008e4ea4	candidate_created	22
007f4500	008e4ea8	candidate_created	22
007f4520	008e4eac	candidate_created	22
007f4540	008e4eb0	candidate_created	18
007f4560	008e4eb4	candidate_created	22
007f4580	008e4eb8	candidate_created	22
007f45a0	008e4ebc	candidate_created	22
007f45c0	008e4ec0	candidate_created	22
007f45e0	008e4ec4	candidate_created	22
007f4600	008e4ec8	candidate_created	22
007f4620	008e4ecc	candidate_created	22
007f4640	008e4ed0	candidate_created	18
007f4660	008e4ed4	candidate_created	22
007f4680	008e4ed8	candidate_created	18
007f46a0	008e4edc	candidate_created	22
007f46c0	008e4ee0	candidate_created	22
007f46e0	008e4ee4	candidate_created	22
007f4700	008e4ee8	candidate_created	22
007f4720	008e4eec	candidate_created	22
007f4740	008e4ef0	candidate_created	22
007f4760	008e4ef4	candidate_created	22
007f4780	008e4ef8	candidate_created	22
007f47a0	008e4efc	candidate_created	22
007f47c0	008e4f00	candidate_created	22
007f47e0	008e4f04	candidate_created	22
007f4800	008e4f08	candidate_created	22
007f4820	008e4f0c	candidate_created	22
007f4840	008e4f10	candidate_created	22
007f4860	008e4f14	candidate_created	22
007f4880	008e4f18	candidate_created	22
007f48a0	008e4f1c	candidate_created	22
007f48c0	008e4f20	candidate_created	22
007f48e0	008e4f24	candidate_created	22
007f4900	008e4f28	candidate_created	22
007f4920	008e4f2c	candidate_created	22
007f4940	008e4f30	candidate_created	22
007f4960	008e4f34	candidate_created	22
007f4980	008e4f38	candidate_created	22
007f49a0	008e4f3c	candidate_created	22
007f49c0	008e4f40	candidate_created	22
007f49e0	008e4f44	candidate_created	22
007f4a00	008e4f48	candidate_created	22
007f4a20	008e4f4c	candidate_created	22
007f4a40	008e4f50	candidate_created	22
007f4a60	008e4f54	candidate_created	22
007f4a80	008e4f58	candidate_created	22
007f4aa0	008e4f5c	candidate_created	22
007f4ac0	008e4f60	candidate_created	22
007f4ae0	008e4f64	candidate_created	22
007f4b00	008e4f68	candidate_created	22
007f4b20	008e4f6c	candidate_created	22
007f4b40	008e4f70	candidate_created	22
007f4b60	008e4f74	candidate_created	22
007f4b80	008e4f78	candidate_created	22
007f4ba0	008e4f7c	candidate_created	22
007f4bc0	008e4f80	candidate_created	22
007f4be0	008e4f84	candidate_created	22
007f4c00	008e4f88	candidate_created	22
007f4c20	008e4f8c	candidate_created	22
007f4c40	008e4f90	candidate_created	22
007f4c60	008e4f94	candidate_created	22
007f4c80	008e4f98	candidate_created	22
007f4ca0	008e4f9c	candidate_created	22
007f4cc0	008e4fa0	candidate_created	22
007f4ce0	008e4fa4	candidate_created	18
007f4d00	008e4fa8	candidate_created	18
007f4d20	008e4fac	candidate_created	22
007f4d40	008e4fb0	candidate_created	24
007f4d60	008e4fb4	candidate_created	12
007f4d70	008e4fb8	candidate_created	12
007f4d80	008e4fbc	candidate_created	38
007f4db0	008e4fc0	candidate_created	22
007f4dd0	008e4fc4	candidate_created	42
007f4e00	008e4fc8	candidate_created	42
007f4e30	008e4fcc	candidate_created	42
007f4e60	008e4fd0	candidate_created	42
007f4e90	008e4fd4	candidate_created	24
007f4eb0	008e4fd8	candidate_created	24
007f4ed0	008e4fdc	candidate_created	38
007f4f00	008e4fe0	candidate_created	38
007f4f30	008e4fe4	candidate_created	38
007f4f60	008e4fe8	candidate_created	24
007f4f80	008e4fec	candidate_created	24
007f4fa0	008e4ff0	candidate_created	29
007f4fc0	008e4ff4	candidate_created	24
007f4fe0	008e4ff8	candidate_created	38
007f5010	008e4ffc	candidate_created	24
007f5030	008e5000	candidate_created	38
007f5060	008e5004	candidate_created	24
007f5080	008e5008	candidate_created	38
007f50b0	008e500c	candidate_created	24
007f50d0	008e5010	candidate_created	41
007f5100	008e5014	candidate_created	24
007f5120	008e5018	candidate_created	41
007f5150	008e501c	candidate_created	38
007f5180	008e5020	candidate_created	38
007f51b0	008e5024	candidate_created	38
007f51e0	008e5028	candidate_created	38
007f5210	008e502c	candidate_created	24
007f5230	008e5030	candidate_created	24
007f5250	008e5034	candidate_created	38
007f5280	008e5038	candidate_created	38
007f52b0	008e503c	candidate_created	38
007f52e0	008e5040	candidate_created	38
007f5310	008e5044	candidate_created	38
007f5340	008e5048	candidate_created	38
007f5370	008e504c	candidate_created	38
007f53a0	008e5050	candidate_created	38
007f53d0	008e5054	candidate_created	38
007f5400	008e5058	candidate_created	38
007f5430	008e505c	candidate_created	85
007f5490	008e5060	candidate_created	38
007f54c0	008e5064	candidate_created	24
007f54e0	008e5068	candidate_created	12
007f54f0	008e506c	candidate_created	24
007f5510	008e5070	candidate_created	24
007f5530	008e5074	candidate_created	24
007f5550	008e5078	candidate_created	38
007f5580	008e507c	candidate_created	38
007f55b0	008e5080	candidate_created	38
007f55e0	008e5084	candidate_created	38
007f5610	008e5088	candidate_created	38
007f5640	008e508c	candidate_created	24
007f5660	008e5090	candidate_created	24
007f5680	008e5094	candidate_created	24
007f56a0	008e5098	candidate_created	24
007f56c0	008e509c	candidate_created	24
007f56e0	008e50a0	candidate_created	38
007f5710	008e50a4	candidate_created	41
007f5740	008e50a8	candidate_created	24
007f5760	008e50ac	candidate_created	38
007f5790	008e50b0	candidate_created	38
007f57c0	008e50b4	candidate_created	38
007f57f0	008e50b8	candidate_created	38
007f5820	008e50bc	candidate_created	38
007f5850	008e50c0	candidate_created	38
007f5880	008e50c4	candidate_created	38
007f58b0	008e50c8	candidate_created	38
007f58e0	008e50cc	candidate_created	38
007f5910	008e50d0	candidate_created	38
007f5940	008e50d4	candidate_created	38
007f5970	008e50d8	candidate_created	38
007f59a0	008e50dc	candidate_created	41
007f59d0	008e50e0	candidate_created	41
007f5a00	008e50e4	candidate_created	41
007f5a30	008e50e8	candidate_created	38
007f5a60	008e50ec	candidate_created	38
007f5a90	008e50f0	candidate_created	38
007f5ac0	008e50f4	candidate_created	35
007f5af0	008e50f8	candidate_created	38
007f5b20	008e50fc	candidate_created	35
007f5b50	008e5100	candidate_created	38
007f5b80	008e5104	candidate_created	35
007f5bb0	008e5108	candidate_created	38
007f5be0	008e510c	candidate_created	38
007f5c10	008e5110	candidate_created	38
007f5c40	008e5114	candidate_created	38
007f5c70	008e5118	candidate_created	38
007f5ca0	008e511c	candidate_created	38
007f5cd0	008e5120	candidate_created	38
007f5d00	008e5124	candidate_created	38
007f5d30	008e5128	candidate_created	38
007f5d60	008e512c	candidate_created	38
007f5d90	008e5130	candidate_created	35
007f5dc0	008e5134	candidate_created	38
007f5df0	008e5138	candidate_created	38
007f5e20	008e5144	candidate_created	38
007f5e50	008e5148	candidate_created	38
007f5e80	008e514c	candidate_created	38
007f5eb0	008e5150	candidate_created	38
007f5ee0	008e5154	candidate_created	38
007f5f10	008e5158	candidate_created	38
007f5f40	008e515c	candidate_created	38
007f5f70	008e5160	candidate_created	38
007f5fa0	008e5164	candidate_created	38
007f5fd0	008e5168	candidate_created	38
007f6000	008e516c	candidate_created	38
007f6030	008e5170	candidate_created	38
007f6060	008e5174	candidate_created	41
007f6090	008e5178	candidate_created	38
007f60c0	008e517c	candidate_created	38
007f60f0	008e5180	candidate_created	41
007f61b0	008e51a4	candidate_created	38
007f61e0	008e51a8	candidate_created	38
007f6210	008e51ac	candidate_created	41
007f6240	008e51b0	candidate_created	41
007f62d0	008e51c8	candidate_created	38
007f6300	008e51cc	candidate_created	38
007f6330	008e51d0	candidate_created	38
007f6360	008e51d4	candidate_created	41
007f63f0	008e51f4	candidate_created	38
007f6420	008e51f8	candidate_created	38
007f6450	008e51fc	candidate_created	38
007f6480	008e5200	candidate_created	38
007f64b0	008e5204	candidate_created	35
007f64e0	008e5208	candidate_created	35
007f6510	008e520c	candidate_created	41
007f6540	008e5210	candidate_created	41
007f6570	008e5214	candidate_created	35
007f65a0	008e5218	candidate_created	38
007f65d0	008e521c	candidate_created	35
007f6600	008e5220	candidate_created	38
007f6630	008e5224	candidate_created	38
007f6660	008e5228	candidate_created	41
007f6690	008e522c	candidate_created	38
007f66c0	008e5230	candidate_created	38
007f66f0	008e5234	candidate_created	38
007f6720	008e5238	candidate_created	38
007f6750	008e523c	candidate_created	22
007f6770	008e5240	candidate_created	22
007f6790	008e5244	candidate_created	24
007f67b0	008e5248	candidate_created	35
007f67e0	008e524c	candidate_created	38
007f6810	008e5250	candidate_created	35
007f6840	008e5254	candidate_created	35
007f6870	008e5258	candidate_created	24
007f6890	008e525c	candidate_created	38
007f68c0	008e5260	candidate_created	38
007f68f0	008e5264	candidate_created	38
007f6920	008e5268	candidate_created	72
007f6970	008e526c	candidate_created	322
00800020	0087be10	candidate_created	43
00800080	0087bdfc	candidate_created	43
