requested_address	category	label	function_entry	status
00409fd0	gameplay	BFSoldier__v348_slot25	00409fd0	resolved
0040a260	gameplay	PhysicsModule__v0_slot07	0040a260	resolved
0043e3f0	ai	BotManager__v4_slot09	0043e3f0	resolved
0046bc80	ai	AIPathfinding__v4_slot55	0046bc80	resolved
0048b5e0	ai	BAPConTrue__v0_slot01	0048b5e0	resolved
00499b30	ai	AIObjectUnit__v0_slot04	00499b30	resolved
0049d4c0	gameplay	PlayerControlPoint__v0_slot00	0049d4c0	resolved
0049d5a0	ai	BotTeamControlPoint__v0_slot00	0049d5a0	resolved
0049d950	ai	AIDifficulty__v0_slot00	0049d950	resolved
004b05f0	ai	BotManager__v4_slot08	004b05f0	resolved
004b7c70	gameplay	PointPhysicsNode__v0_slot54	004b7c70	resolved
004b7c80	ai	AIPathfinding__v4_slot37	004b7c80	resolved
004b7d60	ai	BotMain__v0_slot55	004b7d60	resolved
004b9f00	ai	AIPathfinding__v0_slot05	004b9f00	resolved
004b9f60	ai	AIScriptManager__v0_slot23	004b9f60	resolved
004b9f80	ai	AIScriptManager__v0_slot26	004b9f80	resolved
004beb30	gameplay	BFSpawnPointTemplate__v0_slot18	004beb30	resolved
004bfbf0	gameplay	KitNetworkable__v0_slot10	004bfbf0	resolved
004bfcc0	ai	BAPATurn__v0_slot03	004bfcc0	resolved
004bfdc0	ai	BAPAResetControls__v0_slot03	004bfdc0	resolved
004bfe30	ai	BAPConObjectBehind__v0_slot01	004bfe30	resolved
004c0020	gameplay	EntrySoldierPose__v0_slot02	004c0020	resolved
004c0350	ai	BAPASense__v0_slot03	004c0350	resolved
004c0440	ai	BAPALook__v0_slot03	004c0440	resolved
004c0600	ai	BAPICChangeVehicle__v0_slot03	004c0600	resolved
004c06b0	ai	BAPICScout__v0_slot03	004c06b0	resolved
004c0730	gameplay	BFSoldierNetworkable__v0_slot10	004c0730	resolved
004c07f0	ai	BAPAEvaluate__v0_slot03	004c07f0	resolved
004c0b00	gameplay	ItemNetworkable__v0_slot10	004c0b00	resolved
004c0ba0	gameplay	RotationalBundleNetworkable__v0_slot10	004c0ba0	resolved
004c0c20	ai	AITemplateControlInfo__v0_slot02	004c0c20	resolved
004c0e20	gameplay	EngineNetworkable__v0_slot10	004c0e20	resolved
004c0fd0	gameplay	ProjectileNetworkable__v0_slot10	004c0fd0	resolved
004c10e0	ai	BAPInfoWrapper__v0_slot03	004c10e0	resolved
004c1170	ai	BAPConObjectExists__v0_slot01	004c1170	resolved
004c1200	ai	BAPConOr__v0_slot01	004c1200	resolved
004c1290	ai	BAPConRandTime__v0_slot01	004c1290	resolved
004c13c0	gameplay	BFSpawnPointManager__v4_slot10	004c13c0	resolved
004c16d0	gameplay	NetworkableBase__v0_slot09	004c16d0	resolved
004c1cd0	ai	BAPConObjectHealth__v0_slot01	004c1cd0	resolved
004c20e0	ai	BAPAUpdateVehicle__v0_slot03	004c20e0	resolved
004c24f0	ai	BAPICTurnLock__v0_slot03	004c24f0	resolved
004c72b0	gameplay	GameEventManager__v0_slot04	004c72b0	resolved
004d5b40	ai	AIObject__v0_slot15	004d5b40	resolved
004d9130	ai	NoBotRespawningForTeam__v0_slot01	004d9130	resolved
004dd570	ai	BotTeamControlPoint__v0_slot01	004dd570	resolved
004dd5c0	ai	BotTeamSpawnGroup__v0_slot01	004dd5c0	resolved
004df0d0	ai	BotManager__v4_slot20	004df0d0	resolved
004f27d0	ai	BAPAAimAt3d__v0_slot10	004f27d0	resolved
00518ab0	gameplay	GameEvent__v0_slot02	00518ab0	resolved
0056def0	gameplay	PlayerControlObjectTemplate__v428_slot07	0056def0	resolved
0056e000	gameplay	PlayerControlObjectTemplate__v428_slot39	0056e000	resolved
0057dd90	ai	BotManager__v4_slot10	0057dd90	resolved
0057e900	gameplay	PointPhysicsNode__v0_slot60	0057e900	resolved
00580230	ai	BBPAirLift__v0_slot00	00580230	resolved
00586500	ai	AIObjectSecondaryReal__v0_slot38	00586500	resolved
00589900	ai	BotMain__v0_slot100	00589900	resolved
00589930	ai	BotMain__v0_slot101	00589930	resolved
0058a030	ai	BotMain__v0_slot39	0058a030	resolved
0058a700	ai	AIObject__v0_slot37	0058a700	resolved
0058ad40	ai	AIPathfinding__v4_slot22	0058ad40	resolved
00597550	gameplay	HandFireArmsTemplate__v1424_slot05	00597550	resolved
0059d3b0	ai	AIScriptManager__v0_slot19	0059d3b0	resolved
0059d3c0	ai	AIScriptManager__v0_slot24	0059d3c0	resolved
005b5f20	gameplay	HandFireArmsTemplate__v1424_slot07	005b5f20	resolved
005bd640	gameplay	Projectile__v0_slot39	005bd640	resolved
005c67b0	gameplay	PointPhysicsNode__v0_slot53	005c67b0	resolved
005c73b0	ai	AIPredWrapper__v0_slot01	005c73b0	resolved
005c9810	gameplay	GameEventManager__v0_slot09	005c9810	resolved
005c9d70	gameplay	PhysicsNode__v0_slot64	005c9d70	resolved
005c9de0	gameplay	PhysicsNode__v0_slot60	005c9de0	resolved
005c9df0	gameplay	PhysicsNode__v0_slot63	005c9df0	resolved
005cf6e0	gameplay	HandFireArmsTemplate__v1424_slot04	005cf6e0	resolved
005d0f50	gameplay	StaticPhysicsNode__v0_slot42	005d0f50	resolved
005d1e00	gameplay	PointPhysicsNode__v0_slot63	005d1e00	resolved
005da2c0	gameplay	NetworkableInfo__v0_slot08	005da2c0	resolved
005de4f0	ai	BAPAComponentSoldierPose__v0_slot07	005de4f0	resolved
005de500	gameplay	GameEventManager__v0_slot10	005de500	resolved
005de530	ai	BAPAComponentSoldierPose__v0_slot13	005de530	resolved
005dee10	ai	AIStrategicObject__v0_slot21	005dee10	resolved
005f7ef0	ai	AISettings__v4_slot15	005f7ef0	resolved
005fcdc0	gameplay	PlayerControlObjectNetworkable__v0_slot08	005fcdc0	resolved
006064a0	gameplay	BFSpawnPointTemplate__v0_slot09	006064a0	resolved
00607870	ai	AIObjectPrimaryReal__v0_slot31	00607870	resolved
006078a0	ai	BotMain__v0_slot14	006078a0	resolved
00609ec0	gameplay	PointPhysicsNode__v0_slot41	00609ec0	resolved
0060ae80	gameplay	NetworkableInfo__v0_slot06	0060ae80	resolved
0060ae90	gameplay	PlayerControlObject__v344_slot12	0060ae90	resolved
0060fb60	ai	AIScriptManager__v0_slot20	0060fb60	resolved
0060fbb0	ai	BotMain__v0_slot52	0060fbb0	resolved
0063bd00	gameplay	IPlayerControlObject__v0_slot01	0063bd00	resolved
006535c0	ai	BAPAMoveTo__v0_slot12	006535c0	resolved
00654b50	ai	StrategyCondition__v0_slot01	00654b50	resolved
00654f20	gameplay	FireArmsNetworkable__v0_slot10	00654f20	resolved
006888e0	ai	BotManager__v4_slot12	006888e0	resolved
0068cd60	gameplay	ObjTemplNetworkModule__v0_slot02	0068cd60	resolved
0068eea0	gameplay	NetworkableInfoManager__v0_slot10	0068eea0	resolved
0068eeb0	gameplay	ObjTemplNetworkModule__v0_slot01	0068eeb0	resolved
006993d0	gameplay	IPlayerControlObject__v0_slot05	006993d0	resolved
006a0710	ai	AISettings__v0_slot31	006a0710	resolved
006a2a00	ai	IBotManager__v0_slot00	006a2a00	resolved
006af790	gameplay	StaticResponsePhysics__v0_slot27	006af790	resolved
006ea9f0	ai	AILODManager__v0_slot00	006ea9f0	resolved
006eb2f0	ai	AILODManager__v0_slot01	006eb2f0	resolved
006f9100	ai	AITemplateManager__v0_slot01	006f9100	resolved
006f9970	ai	AITemplateManager__v0_slot00	006f9970	resolved
006fb960	ai	AITemplatePlugInManager__v0_slot01	006fb960	resolved
006fc480	ai	AITemplatePlugInManager__v0_slot00	006fc480	resolved
006fc710	ai	BBCreateFunctionAirLift__v0_slot00	006fc710	resolved
006fc7d0	ai	BBCreateFunctionMoveToFixed__v0_slot00	006fc7d0	resolved
006fc840	ai	BBCreateFunctionFireUnarmed__v0_slot00	006fc840	resolved
006fc8b0	ai	BBCreateFunctionIdle__v0_slot00	006fc8b0	resolved
006fca00	ai	BBCreateFunctionBailOut__v0_slot00	006fca00	resolved
006fcac0	ai	BBCreateFunctionChange__v0_slot00	006fcac0	resolved
006fcb80	ai	BBCreateFunctionChangeLandingCraft__v0_slot00	006fcb80	resolved
006fcc40	ai	BBCreateFunctionChangeTeleport__v0_slot00	006fcc40	resolved
006fcd00	ai	BBCreateFunctionMedicAssist__v0_slot00	006fcd00	resolved
006fd580	ai	BBCreateFunctionAvoid__v0_slot00	006fd580	resolved
006fd6e0	ai	BBCreateFunctionMoveTo__v0_slot00	006fd6e0	resolved
006fd890	ai	BBCreateFunctionScout__v0_slot00	006fd890	resolved
006fd9b0	ai	BBCreateFunctionFire__v0_slot00	006fd9b0	resolved
006fdad0	ai	BBCreateFunctionFireLargeBore__v0_slot00	006fdad0	resolved
006fdbd0	ai	BBCreateFunctionFireDriver__v0_slot00	006fdbd0	resolved
006fdca0	ai	BBCreateFunctionFire3d__v0_slot00	006fdca0	resolved
006fdd70	ai	BBCreateFunctionFireInfantery__v0_slot00	006fdd70	resolved
006fde30	ai	BBCreateFunctionRoam__v0_slot00	006fde30	resolved
006fdf50	ai	BBCreateFunctionTakeCover__v0_slot00	006fdf50	resolved
006fe020	ai	BBCreateFunctionTakeCoverInfantry__v0_slot00	006fe020	resolved
006fe0f0	ai	BBCreateFunctionTakeCover3d__v0_slot00	006fe0f0	resolved
006fe370	ai	BotBehaviourManager__v0_slot01	006fe370	resolved
006ff290	ai	BotBehaviourManager__v0_slot00	006ff290	resolved
00703940	ai	AIConsole__v0_slot01	00703940	resolved
00705ac0	ai	AIConsole__v0_slot00	00705ac0	resolved
00706b50	ai	AILandingZoneManager__v0_slot01	00706b50	resolved
00706d90	ai	AILandingZoneManager__v0_slot00	00706d90	resolved
0070e510	ai	AIStrategicObjectManager__v0_slot02	0070e510	resolved
00710610	ai	AIStrategicObjectManager__v0_slot00	00710610	resolved
00710a30	ai	AIStrategicObjectManager__v0_slot01	00710a30	resolved
00711e20	ai	StrategyManager__v0_slot01	00711e20	resolved
00712f00	ai	StrategyManager__v0_slot00	00712f00	resolved
00712f20	ai	AISettings__v0_slot05	00712f20	resolved
00712f40	ai	AISettings__v0_slot06	00712f40	resolved
00712f60	ai	AISettings__v0_slot07	00712f60	resolved
00712f70	ai	AISettings__v0_slot08	00712f70	resolved
00712f90	ai	AISettings__v4_slot11	00712f90	resolved
00712fa0	ai	AISettings__v4_slot12	00712fa0	resolved
00713140	ai	AISettings__v0_slot09	00713140	resolved
00713150	ai	AISettings__v4_slot13	00713150	resolved
00713230	ai	AISettings__v0_slot13	00713230	resolved
00713240	ai	AISettings__v0_slot10	00713240	resolved
00713250	ai	AISettings__v4_slot16	00713250	resolved
00713260	ai	AISettings__v0_slot14	00713260	resolved
00713270	ai	AISettings__v0_slot15	00713270	resolved
00713280	ai	AISettings__v0_slot16	00713280	resolved
00713290	ai	AISettings__v4_slot19	00713290	resolved
007132b0	ai	AISettings__v4_slot20	007132b0	resolved
007132d0	ai	AISettings__v0_slot27	007132d0	resolved
007132e0	ai	AISettings__v0_slot28	007132e0	resolved
007132f0	ai	AISettings__v0_slot17	007132f0	resolved
00713320	ai	AISettings__v4_slot21	00713320	resolved
00713350	ai	AISettings__v0_slot29	00713350	resolved
00713360	ai	AISettings__v0_slot32	00713360	resolved
00713370	ai	AISettings__v0_slot23	00713370	resolved
007133a0	ai	AISettings__v0_slot25	007133a0	resolved
007133b0	ai	AISettings__v0_slot26	007133b0	resolved
007133c0	ai	AISettings__v4_slot25	007133c0	resolved
00713400	ai	AISettings__v0_slot22	00713400	resolved
00713430	ai	AISettings__v0_slot21	00713430	resolved
00713470	gameplay	NetworkableInfo__v0_slot11	00713470	resolved
00713480	ai	AISettings__v0_slot04	00713480	resolved
00713490	ai	AISettings__v4_slot01	00713490	resolved
007134b0	ai	AISettings__v4_slot03	007134b0	resolved
007134d0	ai	AISettings__v4_slot04	007134d0	resolved
00713500	ai	AISettings__v4_slot05	00713500	resolved
00713520	ai	AISettings__v4_slot10	00713520	resolved
00713550	ai	AISettings__v4_slot07	00713550	resolved
00713580	ai	AISettings__v4_slot06	00713580	resolved
007135b0	ai	AISettings__v4_slot08	007135b0	resolved
007135e0	ai	AISettings__v4_slot09	007135e0	resolved
00713610	ai	AISettings__v0_slot24	00713610	resolved
00713630	ai	AISettings__v4_slot22	00713630	resolved
007138e0	ai	AISettings__v0_slot18	007138e0	resolved
007138f0	ai	AISettings__v0_slot19	007138f0	resolved
00713900	ai	AISettings__v4_slot00	00713900	resolved
00713910	ai	AISettings__v4_slot24	00713910	resolved
00713b90	ai	AISettings__v0_slot00	00713b90	resolved
00713bb0	ai	AISettings__v4_slot23	00713bb0	resolved
00713c70	ai	AISettings__v0_slot30	00713c70	resolved
00713e20	ai	AISettings__v4_slot26	00713e20	resolved
007184b0	gameplay	NetworkableInfo__v0_slot07	007184b0	resolved
00718530	ai	StrategyCondition__v0_slot00	00718530	resolved
007188b0	ai	AIMain__v4_slot15	007188b0	resolved
007188d0	ai	AIMain__v4_slot18	007188d0	resolved
00718900	ai	AIMain__v4_slot05	00718900	resolved
00718970	ai	AIMain__v4_slot04	00718970	resolved
007189e0	ai	AIMain__v4_slot13	007189e0	resolved
00718ad0	ai	AIMain__v0_slot03	00718ad0	resolved
00718c80	ai	AIMain__v4_slot19	00718c80	resolved
00718c90	ai	AIMain__v4_slot21	00718c90	resolved
00718d00	ai	AIMain__v4_slot28	00718d00	resolved
00718d40	ai	AIMain__v4_slot31	00718d40	resolved
00718d90	ai	AIMain__v4_slot33	00718d90	resolved
00718e70	ai	AIMain__v4_slot32	00718e70	resolved
007193f0	ai	AIMain__v4_slot11	007193f0	resolved
00719b80	ai	AIMain__v4_slot26	00719b80	resolved
00719c60	ai	AIMain__v0_slot04	00719c60	resolved
0071a1f0	ai	AIMain__v4_slot17	0071a1f0	resolved
0071a820	ai	AIMain__v0_slot02	0071a820	resolved
0071a830	ai	AIMain__v4_slot06	0071a830	resolved
0071a840	ai	AIMain__v4_slot24	0071a840	resolved
0071a850	ai	AIMain__v4_slot25	0071a850	resolved
0071a860	ai	AIMain__v4_slot27	0071a860	resolved
0071a870	ai	AIMain__v4_slot07	0071a870	resolved
0071a880	ai	AIMain__v4_slot08	0071a880	resolved
0071a8a0	ai	AIMain__v4_slot09	0071a8a0	resolved
0071a8c0	ai	AIMain__v4_slot29	0071a8c0	resolved
0071a8e0	ai	AIMain__v4_slot30	0071a8e0	resolved
0071a8f0	ai	AIMain__v4_slot00	0071a8f0	resolved
0071a900	ai	AIMain__v4_slot02	0071a900	resolved
0071a940	ai	AIMain__v4_slot20	0071a940	resolved
0071a950	ai	AIMain__v4_slot01	0071a950	resolved
0071ad00	ai	AIMain__v0_slot00	0071ad00	resolved
0071af90	ai	AIMain__v4_slot03	0071af90	resolved
0071b0d0	ai	IBotManagerModifier__v0_slot00	0071b0d0	resolved
0071b190	ai	AIStrategicArea__v0_slot07	0071b190	resolved
0071b210	ai	AIStrategicArea__v0_slot08	0071b210	resolved
0071b2c0	ai	AIStrategicArea__v0_slot09	0071b2c0	resolved
0071b350	ai	AIStrategicArea__v0_slot04	0071b350	resolved
0071b390	ai	AIStrategicArea__v0_slot15	0071b390	resolved
0071b3b0	ai	AIStrategicArea__v0_slot16	0071b3b0	resolved
0071b3d0	ai	AIStrategicArea__v0_slot17	0071b3d0	resolved
0071b430	ai	AIStrategicArea__v0_slot26	0071b430	resolved
0071b5f0	ai	AIStrategicArea__v0_slot28	0071b5f0	resolved
0071b630	ai	AIStrategicArea__v0_slot24	0071b630	resolved
0071b650	ai	AIStrategicArea__v0_slot25	0071b650	resolved
0071b700	ai	AIStrategicArea__v0_slot10	0071b700	resolved
0071b730	ai	AIStrategicArea__v0_slot11	0071b730	resolved
0071b770	ai	AIStrategicArea__v0_slot12	0071b770	resolved
0071b7a0	ai	AIStrategicArea__v0_slot13	0071b7a0	resolved
0071c000	ai	AIStrategicArea__v0_slot22	0071c000	resolved
0071c240	ai	AIStrategicArea__v0_slot21	0071c240	resolved
0071c5d0	ai	AIStrategicArea__v0_slot05	0071c5d0	resolved
0071c700	ai	AIStrategicArea__v0_slot20	0071c700	resolved
0071c8e0	ai	AIStrategicArea__v0_slot23	0071c8e0	resolved
0071e1b0	ai	AIStrategicArea__v0_slot06	0071e1b0	resolved
0071ecc0	ai	AIStrategicArea__v0_slot27	0071ecc0	resolved
0071f860	ai	AIStrategicObject__v0_slot02	0071f860	resolved
0071f870	ai	AIStrategicObject__v0_slot03	0071f870	resolved
0071f890	ai	AIStrategicArea__v0_slot14	0071f890	resolved
0071fbd0	ai	AIStrategicArea__v0_slot00	0071fbd0	resolved
00720310	ai	AIStrategicArea__v0_slot18	00720310	resolved
007205e0	ai	AIStrategicArea__v0_slot19	007205e0	resolved
007210c0	ai	AIStrategicObject__v0_slot14	007210c0	resolved
007210d0	ai	AIStrategicObject__v0_slot24	007210d0	resolved
00721650	ai	AIStrategicObject__v0_slot00	00721650	resolved
00721ac0	ai	AITemplatePlugIn__v0_slot00	00721ac0	resolved
00721b70	ai	AITemplateMobile__v0_slot01	00721b70	resolved
00721bd0	ai	AITemplateControlInfo__v0_slot05	00721bd0	resolved
00721bf0	ai	AITemplateControlInfo__v0_slot06	00721bf0	resolved
00721c10	ai	AITemplateControlInfo__v0_slot07	00721c10	resolved
00721ea0	ai	AITemplateControlInfo__v0_slot04	00721ea0	resolved
00723530	ai	AIScriptManager__v0_slot22	00723530	resolved
00723550	ai	AIScriptManager__v0_slot25	00723550	resolved
00723560	ai	AIScriptManager__v0_slot27	00723560	resolved
00723bd0	ai	AIScriptManager__v0_slot28	00723bd0	resolved
00724090	ai	AIScriptManager__v0_slot01	00724090	resolved
007240c0	ai	AIScriptManager__v0_slot03	007240c0	resolved
007241f0	ai	AIScriptManager__v0_slot16	007241f0	resolved
007242f0	ai	AIScriptManager__v0_slot04	007242f0	resolved
007246d0	ai	AIScriptManager__v0_slot08	007246d0	resolved
00725690	ai	AIScriptManager__v0_slot09	00725690	resolved
00725760	ai	AIScriptManager__v0_slot11	00725760	resolved
00725830	ai	AIScriptManager__v0_slot13	00725830	resolved
00725900	ai	AIScriptManager__v0_slot18	00725900	resolved
00725a20	ai	AIScriptManager__v0_slot17	00725a20	resolved
00725ec0	ai	AIScriptManager__v0_slot02	00725ec0	resolved
007263a0	ai	AIScriptManager__v0_slot10	007263a0	resolved
00726490	ai	AIScriptManager__v0_slot12	00726490	resolved
00726590	ai	AIScriptManager__v0_slot14	00726590	resolved
00726690	ai	AIScriptManager__v0_slot15	00726690	resolved
00726b30	ai	AIScriptManager__v0_slot05	00726b30	resolved
00726c70	ai	AIScriptManager__v0_slot06	00726c70	resolved
00726f70	ai	AIScriptManager__v0_slot07	00726f70	resolved
00727170	ai	AIScriptManager__v0_slot00	00727170	resolved
007277f0	ai	AIObject__v0_slot32	007277f0	resolved
00727dc0	ai	AIObjectPlugIn__v0_slot00	00727dc0	resolved
00728060	ai	AIObjectPhysical__v0_slot00	00728060	resolved
00728180	ai	AIObjectPhysical__v0_slot03	00728180	resolved
007281c0	ai	AIObjectPhysical__v0_slot02	007281c0	resolved
00729ff0	ai	AStarStrategicSearch__v0_slot00	00729ff0	resolved
0072a010	ai	TaskAStarStrategicSearch__v0_slot00	0072a010	resolved
0072a0e0	ai	AStarStrategicSearch__v0_slot01	0072a0e0	resolved
0072a280	ai	TaskStrategicPlayerMapSearch__v0_slot00	0072a280	resolved
0072a2a0	ai	TaskGetStrategicCellInfoNo__v0_slot00	0072a2a0	resolved
0072a370	ai	TaskStrategicSearch__v0_slot00	0072a370	resolved
0072af80	ai	AIObjectPrimaryReal__v0_slot12	0072af80	resolved
0072afe0	ai	AIObjectPrimaryReal__v0_slot13	0072afe0	resolved
0072b0a0	ai	AIObjectPrimaryReal__v0_slot29	0072b0a0	resolved
0072b130	ai	AIObjectPrimaryReal__v0_slot10	0072b130	resolved
0072b160	ai	AIObjectPrimaryReal__v0_slot08	0072b160	resolved
0072b1a0	ai	AIObjectPrimaryReal__v0_slot32	0072b1a0	resolved
0072b1f0	ai	AIObjectPrimaryReal__v0_slot34	0072b1f0	resolved
0072b380	ai	AIObjectReal__v0_slot06	0072b380	resolved
0072b390	ai	AIObjectReal__v0_slot07	0072b390	resolved
0072b3a0	ai	AIObjectReal__v0_slot40	0072b3a0	resolved
0072b3b0	ai	AIObjectReal__v0_slot51	0072b3b0	resolved
0072b3c0	ai	AIObjectReal__v0_slot16	0072b3c0	resolved
0072b3d0	ai	AIObjectReal__v0_slot17	0072b3d0	resolved
0072b3e0	ai	AIObjectPrimaryReal__v0_slot01	0072b3e0	resolved
0072b3f0	ai	AIObjectPrimaryReal__v0_slot00	0072b3f0	resolved
0072b720	ai	AIObjectPrimaryReal__v0_slot30	0072b720	resolved
0072b760	gameplay	PhysicsNode__v0_slot36	0072b760	resolved
0072b770	ai	AIObjectPrimaryShared__v0_slot12	0072b770	resolved
0072b7c0	ai	AIObjectPrimaryShared__v0_slot13	0072b7c0	resolved
0072b870	ai	AIObjectPrimaryShared__v0_slot29	0072b870	resolved
0072b8a0	ai	AIObjectPrimaryShared__v0_slot10	0072b8a0	resolved
0072b8d0	ai	AIObjectPrimaryShared__v0_slot08	0072b8d0	resolved
0072b910	ai	AIObjectPrimaryShared__v0_slot32	0072b910	resolved
0072b960	ai	AIObjectPrimaryShared__v0_slot34	0072b960	resolved
0072ba50	ai	AIObjectShared__v0_slot06	0072ba50	resolved
0072ba60	ai	AIObjectShared__v0_slot05	0072ba60	resolved
0072ba70	ai	AIObjectShared__v0_slot07	0072ba70	resolved
0072ba80	ai	AIObjectReal__v0_slot41	0072ba80	resolved
0072ba90	ai	AIObjectShared__v0_slot51	0072ba90	resolved
0072baa0	ai	AIObjectShared__v0_slot16	0072baa0	resolved
0072bab0	ai	AIObjectShared__v0_slot17	0072bab0	resolved
0072bac0	ai	AIObjectShared__v0_slot26	0072bac0	resolved
0072baf0	gameplay	BFSpawnPointManager__v0_slot01	0072baf0	resolved
0072bb00	ai	AIObjectPrimaryShared__v0_slot00	0072bb00	resolved
0072bb70	ai	AIObjectPrimaryShared__v0_slot30	0072bb70	resolved
0072bbb0	ai	AIObjectSecondaryReal__v0_slot10	0072bbb0	resolved
0072bbc0	ai	AIObjectSecondaryReal__v0_slot08	0072bbc0	resolved
0072bbf0	ai	AIObjectSecondaryReal__v0_slot37	0072bbf0	resolved
0072bcb0	ai	AIObjectPrimaryReal__v0_slot02	0072bcb0	resolved
0072bd50	ai	AIObjectSecondaryReal__v0_slot00	0072bd50	resolved
0072bd70	ai	AIObjectSecondaryReal__v0_slot21	0072bd70	resolved
0072bf50	ai	AIObjectSecondaryShared__v0_slot10	0072bf50	resolved
0072bf60	ai	AIObjectSecondaryShared__v0_slot08	0072bf60	resolved
0072bfd0	gameplay	BFSpawnPointManager__v0_slot02	0072bfd0	resolved
0072bff0	ai	AIObjectSecondaryShared__v0_slot00	0072bff0	resolved
0072c050	ai	AIObjectSecondaryShared__v0_slot21	0072c050	resolved
0072c1a0	ai	AITemplateControlInfo3d__v0_slot05	0072c1a0	resolved
0072c1e0	ai	AITemplateControlInfo3d__v0_slot06	0072c1e0	resolved
0072c220	ai	AITemplateControlInfo3d__v0_slot00	0072c220	resolved
0072c250	ai	AITemplateControlInfo__v0_slot01	0072c250	resolved
0072c290	ai	AITemplateUnit__v0_slot00	0072c290	resolved
0072c4c0	ai	AITemplateUnit__v0_slot01	0072c4c0	resolved
0072c520	ai	AITemplateArmament__v0_slot01	0072c520	resolved
0072c7a0	ai	AITemplatePhysical__v0_slot01	0072c7a0	resolved
0072c980	ai	AITemplateCover__v0_slot00	0072c980	resolved
0072c9f0	ai	AITemplateCover__v0_slot01	0072c9f0	resolved
0072d150	ai	BBAirLift__v0_slot09	0072d150	resolved
0072d160	ai	BBAirLift__v0_slot00	0072d160	resolved
0072d1c0	ai	BBPPattern__v0_slot02	0072d1c0	resolved
0072d1e0	ai	BBPPattern__v0_slot01	0072d1e0	resolved
0072d200	ai	BBPAirLift__v0_slot04	0072d200	resolved
0072d230	ai	BBMoveToFixed__v0_slot00	0072d230	resolved
0072d270	ai	BBMoveToFixed__v0_slot09	0072d270	resolved
0072d540	ai	BBFireUnarmed__v0_slot00	0072d540	resolved
0072d8c0	ai	BBFireUnarmed__v0_slot09	0072d8c0	resolved
0072e380	ai	BBIdle__v0_slot08	0072e380	resolved
0072e3a0	ai	BBIdle__v0_slot00	0072e3a0	resolved
0072e3d0	ai	BBIdle__v0_slot09	0072e3d0	resolved
0072e460	ai	BAPCondition__v0_slot02	0072e460	resolved
0072e4a0	ai	BAPConTrue__v0_slot02	0072e4a0	resolved
0072e510	ai	BBPPattern__v0_slot03	0072e510	resolved
0072e530	ai	BBPIdleInfantery__v0_slot04	0072e530	resolved
0072e580	ai	BBPIdleInfantery__v0_slot00	0072e580	resolved
0072e7a0	ai	BAPConFalse__v0_slot02	0072e7a0	resolved
0072e850	ai	BBPIdle3d__v0_slot04	0072e850	resolved
0072e8f0	ai	BBPIdle3d__v0_slot00	0072e8f0	resolved
0072ec40	ai	BBPIdle2d__v0_slot04	0072ec40	resolved
0072ec70	ai	BBPIdle2d__v0_slot00	0072ec70	resolved
0072eec0	ai	BBBailOut__v0_slot00	0072eec0	resolved
0072eef0	ai	BBBailOut__v0_slot09	0072eef0	resolved
0072f050	ai	BBPBailOut__v0_slot04	0072f050	resolved
0072f080	ai	BBPBailOut__v0_slot00	0072f080	resolved
0072f790	ai	BBChange__v0_slot00	0072f790	resolved
0072f9e0	ai	BBChange__v0_slot09	0072f9e0	resolved
00730fa0	ai	BBPChange__v0_slot04	00730fa0	resolved
00731030	ai	BBPChange__v0_slot00	00731030	resolved
007322d0	ai	BBChangeLandingCraft__v0_slot00	007322d0	resolved
00732310	ai	BBChangeLandingCraft__v0_slot09	00732310	resolved
00732c30	ai	BBPChangeLandingCraft__v0_slot04	00732c30	resolved
00732cc0	ai	BBPChangeLandingCraft__v0_slot00	00732cc0	resolved
007331c0	ai	BBChangeTeleport__v0_slot00	007331c0	resolved
00733200	ai	BBChangeTeleport__v0_slot09	00733200	resolved
00733a50	ai	BBPChangeTeleport__v0_slot04	00733a50	resolved
00733ae0	ai	BBPChangeTeleport__v0_slot00	00733ae0	resolved
00734010	ai	BBMedicAssist__v0_slot12	00734010	resolved
00734090	ai	BBMedicAssist__v0_slot00	00734090	resolved
00734270	ai	BBMedicAssist__v0_slot09	00734270	resolved
00734cf0	ai	BotScriptVariable__v0_slot00	00734cf0	resolved
00734d80	ai	BBPMedicAssist__v0_slot04	00734d80	resolved
00734ff0	ai	BBPMedicAssist__v0_slot00	00734ff0	resolved
00736110	ai	BBAvoid__v0_slot00	00736110	resolved
00736610	ai	BBAvoid__v0_slot09	00736610	resolved
00736f10	ai	BBPAvoidCollisionInfantery__v0_slot05	00736f10	resolved
00736fc0	ai	BBPAvoidCollisionInfantery__v0_slot04	00736fc0	resolved
00737210	ai	BBPAvoidCollisionInfantery__v0_slot00	00737210	resolved
00737f40	ai	BBPAvoidCollision3d__v0_slot05	00737f40	resolved
00737fe0	ai	BBPAvoidCollision3d__v0_slot04	00737fe0	resolved
00738060	ai	BBPAvoidCollision3d__v0_slot00	00738060	resolved
00738720	ai	BBPAvoidCollision2d__v0_slot04	00738720	resolved
007387a0	ai	BBPAvoidCollision2d__v0_slot00	007387a0	resolved
00738d20	ai	BBMoveTo__v0_slot00	00738d20	resolved
00738e70	ai	BBMoveTo__v0_slot09	00738e70	resolved
00739330	ai	BBPGotoWaypoint__v0_slot04	00739330	resolved
00739420	ai	BBPGotoWaypointSoldier__v0_slot04	00739420	resolved
007394b0	ai	BBPGotoWaypointSoldier__v0_slot00	007394b0	resolved
0073a120	ai	BBPGotoWaypoint3d__v0_slot04	0073a120	resolved
0073a140	ai	BBPGotoWaypoint3d__v0_slot00	0073a140	resolved
0073a5f0	ai	BBPGotoWaypointBoat__v0_slot00	0073a5f0	resolved
0073b2d0	ai	BBPGotoWaypoint2d__v0_slot00	0073b2d0	resolved
0073c260	ai	BBScout__v0_slot08	0073c260	resolved
0073c530	ai	BBScout__v0_slot00	0073c530	resolved
0073ce60	ai	BBScout__v0_slot09	0073ce60	resolved
0073e270	ai	BotScript__v0_slot01	0073e270	resolved
0073e290	ai	BAPStatement__v0_slot01	0073e290	resolved
0073e330	ai	BBPScoutInfantery__v0_slot04	0073e330	resolved
0073e360	ai	BAPICScout__v0_slot01	0073e360	resolved
0073e3a0	ai	BBPScoutInfantery__v0_slot00	0073e3a0	resolved
0073e910	ai	BBPScout__v0_slot04	0073e910	resolved
0073e9d0	ai	BBPScout__v0_slot05	0073e9d0	resolved
0073eb60	ai	BBPScout__v0_slot00	0073eb60	resolved
0073f9d0	ai	BBFire__v0_slot00	0073f9d0	resolved
0073f9f0	ai	BBFire__v0_slot09	0073f9f0	resolved
00741340	ai	BAPExpression__v0_slot00	00741340	resolved
00741620	ai	BBPFireInfantery__v0_slot05	00741620	resolved
00742290	ai	BBPFireInfantery__v0_slot04	00742290	resolved
00745810	ai	BBPFireInfantery__v0_slot00	00745810	resolved
00747b80	ai	BBPFire2d__v0_slot04	00747b80	resolved
00747bc0	ai	BBPFire2d__v0_slot05	00747bc0	resolved
00747d70	ai	BBPFire2d__v0_slot00	00747d70	resolved
007492e0	ai	BBFireLargeBore__v0_slot13	007492e0	resolved
00749a60	ai	BBFireLargeBore__v0_slot00	00749a60	resolved
0074bad0	ai	BBFireLargeBore__v0_slot09	0074bad0	resolved
0074bb30	ai	BBFireArtilleryDriver__v0_slot00	0074bb30	resolved
0074bb80	ai	BBFireArtilleryDriver__v0_slot09	0074bb80	resolved
0074be60	ai	BBPFire2dDriver__v0_slot04	0074be60	resolved
0074bee0	ai	BBPFire2dDriver__v0_slot00	0074bee0	resolved
0074d130	ai	BBFire__v0_slot13	0074d130	resolved
0074d870	ai	BBFire3d__v0_slot00	0074d870	resolved
0074d890	ai	BBFire3d__v0_slot09	0074d890	resolved
0074ff10	ai	BBPFire3d__v0_slot05	0074ff10	resolved
0074ff70	ai	BBPFire3d__v0_slot04	0074ff70	resolved
00751fe0	ai	BBPFire3d__v0_slot00	00751fe0	resolved
00752490	ai	BBFireInfantery__v0_slot13	00752490	resolved
007524a0	ai	BBFireInfantery__v0_slot00	007524a0	resolved
00752550	ai	BBRoam__v0_slot00	00752550	resolved
007526a0	ai	BBRoam__v0_slot09	007526a0	resolved
00752e10	ai	BBPRoam3d__v0_slot04	00752e10	resolved
00752e50	ai	BBPRoam3d__v0_slot00	00752e50	resolved
00753240	ai	BBPRoam2d__v0_slot04	00753240	resolved
00753270	ai	BBPRoam2d__v0_slot00	00753270	resolved
007534e0	ai	BBTakeCover__v0_slot08	007534e0	resolved
00753540	ai	BBTakeCover__v0_slot00	00753540	resolved
007536b0	ai	BBTakeCover__v0_slot09	007536b0	resolved
00754c00	ai	BBPTakeCover__v0_slot04	00754c00	resolved
00754c60	ai	BAPConEndOfPath__v0_slot02	00754c60	resolved
00754d00	ai	BBPTakeCover__v0_slot00	00754d00	resolved
00755520	ai	BBTakeCoverInfantry__v0_slot00	00755520	resolved
00756580	ai	BBTakeCoverInfantry__v0_slot09	00756580	resolved
00758210	ai	BBPTakeCoverInfantry__v0_slot04	00758210	resolved
007583e0	ai	BBPTakeCoverInfantry__v0_slot00	007583e0	resolved
00759a50	ai	BBTakeCover3d__v0_slot00	00759a50	resolved
00759a90	ai	BBTakeCover3d__v0_slot09	00759a90	resolved
0075a070	ai	BBPTakeCover3d__v0_slot04	0075a070	resolved
0075a0a0	ai	BBPTakeCover3d__v0_slot00	0075a0a0	resolved
00765d50	ai	BAPEntry__v0_slot00	00765d50	resolved
00767e60	ai	Bot__v0_slot00	00767e60	resolved
00767f00	ai	BotMain__v0_slot06	00767f00	resolved
00767f70	ai	BotMain__v0_slot16	00767f70	resolved
00767fa0	ai	BotMain__v0_slot19	00767fa0	resolved
00767fc0	ai	BotMain__v0_slot28	00767fc0	resolved
00768050	ai	BotMain__v0_slot42	00768050	resolved
00768060	ai	BotMain__v0_slot43	00768060	resolved
00768070	ai	BotMain__v0_slot46	00768070	resolved
00768090	ai	BotMain__v0_slot49	00768090	resolved
007680a0	ai	BotMain__v0_slot50	007680a0	resolved
007680b0	ai	BotMain__v0_slot44	007680b0	resolved
007680d0	gameplay	BFSoldier__v0_slot11	007680d0	resolved
007680e0	ai	BotMain__v0_slot35	007680e0	resolved
007680f0	ai	BotMain__v0_slot20	007680f0	resolved
00768100	ai	BotMain__v0_slot21	00768100	resolved
00768110	ai	BotMain__v0_slot22	00768110	resolved
00768130	ai	BotMain__v0_slot37	00768130	resolved
00768140	ai	BotMain__v0_slot38	00768140	resolved
00768150	ai	BotMain__v0_slot40	00768150	resolved
00768160	ai	BotMain__v0_slot41	00768160	resolved
00768170	ai	BotMain__v0_slot82	00768170	resolved
007681c0	ai	BotMain__v0_slot83	007681c0	resolved
007682e0	ai	BotMain__v0_slot106	007682e0	resolved
00768310	ai	BotMain__v0_slot68	00768310	resolved
00768320	ai	BotMain__v0_slot25	00768320	resolved
00768330	ai	BotMain__v0_slot26	00768330	resolved
00768340	ai	BotMain__v0_slot73	00768340	resolved
00768350	ai	BotMain__v0_slot74	00768350	resolved
00768360	ai	BotMain__v0_slot75	00768360	resolved
00768390	ai	BotMain__v0_slot76	00768390	resolved
007683c0	ai	BotMain__v0_slot77	007683c0	resolved
00768430	ai	BotMain__v0_slot107	00768430	resolved
007684c0	ai	BotMain__v0_slot30	007684c0	resolved
00768520	ai	BotMain__v0_slot31	00768520	resolved
00768530	ai	BotMain__v0_slot32	00768530	resolved
00768550	ai	BotMain__v0_slot89	00768550	resolved
00768560	ai	BotMain__v0_slot87	00768560	resolved
00768580	ai	BotMain__v0_slot90	00768580	resolved
00768590	ai	BotMain__v0_slot88	00768590	resolved
007685b0	ai	BotMain__v0_slot57	007685b0	resolved
007685c0	ai	BotMain__v0_slot85	007685c0	resolved
007685d0	ai	BotMain__v0_slot86	007685d0	resolved
007685e0	ai	BotMain__v0_slot48	007685e0	resolved
007685f0	ai	BotMain__v0_slot93	007685f0	resolved
00768610	ai	BotMain__v0_slot95	00768610	resolved
00768620	ai	BotMain__v0_slot96	00768620	resolved
00768640	ai	BotMain__v0_slot97	00768640	resolved
007686b0	ai	BotMain__v0_slot98	007686b0	resolved
007686c0	ai	BotMain__v0_slot99	007686c0	resolved
007686d0	ai	BotMain__v0_slot102	007686d0	resolved
00768760	ai	BotMain__v0_slot62	00768760	resolved
00768770	ai	BotMain__v0_slot63	00768770	resolved
00768790	ai	BotMain__v0_slot65	00768790	resolved
007687a0	ai	BotMain__v0_slot66	007687a0	resolved
007687c0	ai	BotMain__v0_slot69	007687c0	resolved
00768810	ai	BotMain__v0_slot47	00768810	resolved
00768870	ai	BotMain__v0_slot94	00768870	resolved
00769380	ai	BotMain__v0_slot18	00769380	resolved
007693c0	ai	BotMain__v0_slot61	007693c0	resolved
00769780	ai	BotMain__v0_slot34	00769780	resolved
007697c0	ai	BotMain__v0_slot105	007697c0	resolved
0076ade0	ai	BotMain__v0_slot29	0076ade0	resolved
0076ae30	ai	BotMain__v0_slot64	0076ae30	resolved
0076ae80	ai	BotMain__v0_slot67	0076ae80	resolved
0076aed0	ai	BotMain__v0_slot45	0076aed0	resolved
0076bc80	ai	BotMain__v0_slot91	0076bc80	resolved
0076bcb0	ai	BotMain__v0_slot78	0076bcb0	resolved
0076ca40	ai	BotMain__v0_slot03	0076ca40	resolved
0076ce00	ai	BotMain__v0_slot10	0076ce00	resolved
0076d0a0	ai	BotMain__v0_slot11	0076d0a0	resolved
0076d9f0	ai	BotMain__v0_slot04	0076d9f0	resolved
0076e200	ai	BotMain__v0_slot17	0076e200	resolved
0076e270	ai	BotMain__v0_slot07	0076e270	resolved
0076f240	ai	BotMain__v0_slot84	0076f240	resolved
0076f690	ai	BotMain__v0_slot81	0076f690	resolved
0076faf0	ai	BotMain__v0_slot59	0076faf0	resolved
0076fd60	ai	BotMain__v0_slot72	0076fd60	resolved
00770310	ai	BotMain__v0_slot92	00770310	resolved
007706e0	ai	BotMain__v0_slot104	007706e0	resolved
00770950	ai	BotMain__v0_slot08	00770950	resolved
00771880	ai	BotMain__v0_slot09	00771880	resolved
007723c0	ai	BotMain__v0_slot60	007723c0	resolved
007729f0	ai	BotMain__v0_slot71	007729f0	resolved
00773900	ai	BotMain__v0_slot24	00773900	resolved
00773910	ai	BotMain__v0_slot70	00773910	resolved
00773920	ai	BotMain__v0_slot103	00773920	resolved
00773d00	ai	BotMain__v0_slot58	00773d00	resolved
00773ea0	ai	BotMain__v0_slot00	00773ea0	resolved
00774430	ai	BotMain__v0_slot12	00774430	resolved
00774a30	gameplay	MusicPlayerNetworkable__v0_slot10	00774a30	resolved
00774c20	gameplay	StaticPhysicsNode__v0_slot67	00774c20	resolved
00774fc0	ai	BAPInterpreter__v0_slot00	00774fc0	resolved
00774ff0	ai	BAPInterpreter__v0_slot01	00774ff0	resolved
00775270	ai	BotManager__v4_slot01	00775270	resolved
007752a0	ai	BotManager__v4_slot02	007752a0	resolved
007752d0	ai	BotManager__v4_slot03	007752d0	resolved
00775330	ai	BotManager__v4_slot04	00775330	resolved
00775390	ai	BotManager__v4_slot05	00775390	resolved
007753b0	ai	BotManager__v4_slot14	007753b0	resolved
007753c0	ai	BotManager__v4_slot15	007753c0	resolved
007753d0	ai	BotManager__v4_slot16	007753d0	resolved
007753e0	ai	BotManager__v4_slot17	007753e0	resolved
007753f0	ai	BotManager__v4_slot18	007753f0	resolved
00775400	ai	BotManager__v4_slot19	00775400	resolved
00775410	ai	BotManager__v4_slot22	00775410	resolved
00775420	ai	BotManager__v4_slot23	00775420	resolved
00775430	ai	BotManager__v4_slot24	00775430	resolved
00775440	ai	BotManager__v4_slot25	00775440	resolved
00775450	ai	BotManager__v4_slot26	00775450	resolved
00775470	ai	BotManager__v0_slot10	00775470	resolved
00775540	ai	BotManager__v0_slot11	00775540	resolved
007755c0	ai	BotManager__v0_slot01	007755c0	resolved
007755e0	ai	BotManager__v0_slot02	007755e0	resolved
00775600	ai	BotManager__v0_slot03	00775600	resolved
00775610	ai	BotManager__v0_slot12	00775610	resolved
007758f0	ai	BotManager__v4_slot29	007758f0	resolved
00775940	ai	BotManager__v4_slot41	00775940	resolved
00775ca0	ai	BotManager__v0_slot06	00775ca0	resolved
00775cd0	ai	BotManager__v0_slot08	00775cd0	resolved
00775d90	ai	BotManager__v0_slot07	00775d90	resolved
00775db0	ai	BotManager__v0_slot13	00775db0	resolved
00775e90	ai	BotManager__v0_slot14	00775e90	resolved
00776270	ai	BotManager__v0_slot15	00776270	resolved
00776760	ai	BotManager__v4_slot06	00776760	resolved
007767b0	ai	BotManager__v4_slot07	007767b0	resolved
00776820	ai	BotManager__v0_slot05	00776820	resolved
00776840	ai	BotManager__v0_slot04	00776840	resolved
00776890	ai	BotManager__v4_slot28	00776890	resolved
007768d0	ai	BotManager__v4_slot30	007768d0	resolved
007768f0	ai	BotManager__v4_slot31	007768f0	resolved
00776910	ai	BotManager__v4_slot32	00776910	resolved
00776930	ai	BotManager__v4_slot33	00776930	resolved
00776950	ai	BotManager__v4_slot34	00776950	resolved
00776970	ai	BotManager__v4_slot35	00776970	resolved
00776990	ai	BotManager__v4_slot36	00776990	resolved
007769b0	ai	BotManager__v4_slot37	007769b0	resolved
007769d0	ai	BotManager__v4_slot38	007769d0	resolved
007769f0	ai	BotManager__v4_slot39	007769f0	resolved
00776a10	ai	BotManager__v0_slot22	00776a10	resolved
00778ba0	ai	BotManager__v0_slot16	00778ba0	resolved
00779140	ai	BotManager__v0_slot17	00779140	resolved
00779150	ai	BotManager__v0_slot18	00779150	resolved
00779160	ai	BotManager__v0_slot21	00779160	resolved
00779170	ai	BotManager__v4_slot00	00779170	resolved
00779180	ai	BotManager__v4_slot27	00779180	resolved
00779190	ai	BotManager__v0_slot19	00779190	resolved
00779210	ai	BotManager__v4_slot40	00779210	resolved
00779220	ai	BotManager__v0_slot20	00779220	resolved
00779850	ai	BotManager__v0_slot00	00779850	resolved
007812d0	ai	AIDebugRenderer__v0_slot05	007812d0	resolved
00781440	ai	AIDebugRenderer__v0_slot00	00781440	resolved
00781b40	ai	AIPredWrapper__v0_slot00	00781b40	resolved
00784350	ai	AIPathfinding__v4_slot21	00784350	resolved
00784380	ai	AIPathfinding__v0_slot15	00784380	resolved
007843b0	ai	AIPathfinding__v0_slot19	007843b0	resolved
007843e0	ai	AIPathfinding__v0_slot21	007843e0	resolved
00784410	ai	AIPathfinding__v4_slot39	00784410	resolved
00784440	ai	AIPathfinding__v4_slot40	00784440	resolved
00784450	ai	AIPathfinding__v4_slot42	00784450	resolved
00784480	ai	AIPathfinding__v4_slot43	00784480	resolved
00784490	ai	AIPathfinding__v4_slot44	00784490	resolved
007844c0	ai	AIPathfinding__v4_slot45	007844c0	resolved
007844d0	ai	AIPathfinding__v4_slot46	007844d0	resolved
00784500	ai	AIPathfinding__v4_slot47	00784500	resolved
00784510	ai	AIPathfinding__v4_slot48	00784510	resolved
00784540	ai	AIPathfinding__v4_slot49	00784540	resolved
00784550	ai	AIPathfinding__v4_slot50	00784550	resolved
00784580	ai	AIPathfinding__v4_slot51	00784580	resolved
007845f0	ai	AIPathfinding__v0_slot01	007845f0	resolved
00784610	ai	AIPathfinding__v0_slot02	00784610	resolved
00784630	ai	AIPathfinding__v0_slot03	00784630	resolved
00784650	ai	AIPathfinding__v0_slot49	00784650	resolved
007846b0	ai	AIPathfinding__v0_slot13	007846b0	resolved
00784a60	ai	AIPathfinding__v0_slot07	00784a60	resolved
007853e0	ai	AIPathfinding__v0_slot06	007853e0	resolved
007853f0	ai	AIPathfinding__v0_slot08	007853f0	resolved
00785420	ai	AIPathfinding__v0_slot09	00785420	resolved
00785450	ai	AIPathfinding__v0_slot04	00785450	resolved
00785470	ai	AIPathfinding__v4_slot19	00785470	resolved
007854a0	ai	AIPathfinding__v4_slot15	007854a0	resolved
007854d0	ai	AIPathfinding__v0_slot10	007854d0	resolved
007854f0	ai	AIPathfinding__v4_slot17	007854f0	resolved
00785550	ai	AIPathfinding__v0_slot11	00785550	resolved
00785570	ai	AIPathfinding__v4_slot24	00785570	resolved
00785610	ai	AIPathfinding__v4_slot23	00785610	resolved
007856f0	ai	AIPathfinding__v4_slot25	007856f0	resolved
00785790	ai	AIPathfinding__v0_slot40	00785790	resolved
007857e0	ai	AIPathfinding__v0_slot36	007857e0	resolved
00785820	ai	AIPathfinding__v0_slot37	00785820	resolved
00785870	ai	AIPathfinding__v0_slot41	00785870	resolved
007858d0	ai	AIPathfinding__v0_slot47	007858d0	resolved
00785900	ai	AIPathfinding__v0_slot48	00785900	resolved
00785930	ai	AIPathfinding__v0_slot31	00785930	resolved
00785970	ai	AIPathfinding__v0_slot35	00785970	resolved
007859d0	ai	AIPathfinding__v0_slot34	007859d0	resolved
00785a50	ai	AIPathfinding__v0_slot33	00785a50	resolved
00785b00	ai	AIPathfinding__v0_slot32	00785b00	resolved
00785bd0	ai	AIPathfinding__v0_slot12	00785bd0	resolved
00785cc0	ai	AIPathfinding__v0_slot14	00785cc0	resolved
00785ea0	ai	AIPathfinding__v0_slot46	00785ea0	resolved
00785f60	ai	AIPathfinding__v0_slot26	00785f60	resolved
00786010	ai	AIPathfinding__v0_slot29	00786010	resolved
00786110	ai	AIPathfinding__v0_slot22	00786110	resolved
007861c0	ai	AIPathfinding__v0_slot16	007861c0	resolved
007861f0	ai	AIPathfinding__v0_slot17	007861f0	resolved
00786220	ai	AIPathfinding__v0_slot50	00786220	resolved
00786270	ai	AIPathfinding__v4_slot09	00786270	resolved
007862a0	ai	AIPathfinding__v4_slot10	007862a0	resolved
007862e0	ai	AIPathfinding__v4_slot11	007862e0	resolved
00786310	ai	AIPathfinding__v4_slot12	00786310	resolved
00786350	ai	AIPathfinding__v4_slot13	00786350	resolved
00786380	ai	AIPathfinding__v4_slot14	00786380	resolved
007863b0	ai	AIPathfinding__v0_slot44	007863b0	resolved
00786de0	ai	AIPathfinding__v4_slot26	00786de0	resolved
00786f80	ai	AIPathfinding__v4_slot29	00786f80	resolved
007870c0	ai	AIPathfinding__v4_slot31	007870c0	resolved
00787340	ai	AIPathfinding__v4_slot28	00787340	resolved
007875e0	ai	AIPathfinding__v4_slot32	007875e0	resolved
00787a40	ai	AIPathfinding__v4_slot33	00787a40	resolved
00787c80	ai	AIPathfinding__v0_slot39	00787c80	resolved
00787cc0	ai	AIPathfinding__v0_slot38	00787cc0	resolved
00787cf0	ai	AIPathfinding__v0_slot42	00787cf0	resolved
00787d50	ai	AIPathfinding__v0_slot25	00787d50	resolved
00787df0	ai	AIPathfinding__v0_slot24	00787df0	resolved
00787ec0	ai	AIPathfinding__v0_slot45	00787ec0	resolved
00787ef0	ai	AIPathfinding__v0_slot28	00787ef0	resolved
00787fb0	ai	AIPathfinding__v0_slot27	00787fb0	resolved
007880f0	ai	AIPathfinding__v0_slot30	007880f0	resolved
00788220	ai	AIPathfinding__v0_slot18	00788220	resolved
00788300	ai	AIPathfinding__v0_slot20	00788300	resolved
00788580	ai	AIPathfinding__v4_slot53	00788580	resolved
00788590	ai	BotMain__v0_slot15	00788590	resolved
007885a0	ai	AIPathfinding__v4_slot00	007885a0	resolved
007885b0	ai	AIPathfinding__v4_slot54	007885b0	resolved
007885c0	ai	AIPathfinding__v4_slot01	007885c0	resolved
007885d0	ai	AIPathfinding__v4_slot07	007885d0	resolved
007885e0	ai	AIPathfinding__v4_slot16	007885e0	resolved
007885f0	ai	AIPathfinding__v4_slot18	007885f0	resolved
00788600	ai	AIPathfinding__v4_slot38	00788600	resolved
00788610	ai	AIPathfinding__v4_slot08	00788610	resolved
007887d0	ai	AIPathfinding__v0_slot23	007887d0	resolved
00788a10	ai	AIPathfinding__v4_slot06	00788a10	resolved
00788c70	ai	AIPathfinding__v4_slot05	00788c70	resolved
00788d80	ai	AIPathfinding__v4_slot04	00788d80	resolved
00788f70	ai	AIPathfinding__v0_slot43	00788f70	resolved
00789610	ai	AIPathfinding__v0_slot00	00789610	resolved
00789630	ai	AIPathfinding__v4_slot20	00789630	resolved
007896d0	ai	AIMeshLoader__v0_slot00	007896d0	resolved
007896f0	ai	AIPathfinding__v4_slot30	007896f0	resolved
007899a0	ai	AIPathfinding__v4_slot27	007899a0	resolved
00789c00	ai	AICollisionHandler__v0_slot05	00789c00	resolved
00789c40	ai	AICollisionHandler__v0_slot07	00789c40	resolved
00789c90	ai	AICollisionHandler__v0_slot08	00789c90	resolved
00789dc0	ai	AICollisionHandler__v0_slot00	00789dc0	resolved
00789ed0	ai	AICollisionHandler__v0_slot06	00789ed0	resolved
0078a500	ai	AICollisionHandler__v0_slot01	0078a500	resolved
0078a880	ai	AICollisionHandler__v0_slot04	0078a880	resolved
0078b200	ai	AICollisionHandler__v0_slot03	0078b200	resolved
0078b2c0	ai	AICollisionHandler__v0_slot02	0078b2c0	resolved
0078c6b0	ai	AIObjectUnit__v0_slot00	0078c6b0	resolved
0078c850	ai	AIObjectUnit__v0_slot03	0078c850	resolved
0078c9b0	ai	AIObjectUnit__v0_slot02	0078c9b0	resolved
0078da10	ai	AIObjectMobile__v0_slot00	0078da10	resolved
0078daa0	ai	AIObjectMobile__v0_slot05	0078daa0	resolved
0078dba0	ai	AIObjectMobile__v0_slot02	0078dba0	resolved
0078dde0	ai	AIObjectMobile__v0_slot03	0078dde0	resolved
0078df60	ai	AIObjectControlInfo__v0_slot00	0078df60	resolved
0078e5c0	ai	AIObjectControlInfo__v0_slot03	0078e5c0	resolved
0078e5f0	ai	AIObjectControlInfo__v0_slot02	0078e5f0	resolved
0078f600	ai	AIScriptExecuter__v0_slot00	0078f600	resolved
00790290	ai	AIScript__v0_slot02	00790290	resolved
007902a0	ai	AIScript__v0_slot03	007902a0	resolved
007902b0	ai	AIScript__v0_slot01	007902b0	resolved
00790c90	ai	AIScript__v0_slot00	00790c90	resolved
00790ce0	ai	SVUBotVehicle__v0_slot00	00790ce0	resolved
00790d10	ai	SVUBotVehicle__v0_slot06	00790d10	resolved
00790dc0	ai	SVUBotPos__v0_slot00	00790dc0	resolved
00790df0	ai	SVUBotPos__v0_slot06	00790df0	resolved
00790f00	ai	SVUBotHealth__v0_slot00	00790f00	resolved
00790f30	ai	SVUBotHealth__v0_slot06	00790f30	resolved
00791000	ai	SVUBotExists__v0_slot00	00791000	resolved
00791030	ai	SVUBotExists__v0_slot06	00791030	resolved
00791090	ai	AIScriptSubroutine__v0_slot00	00791090	resolved
00791c80	ai	TaskAStarStrategicSearch__v0_slot03	00791c80	resolved
00791e90	ai	TaskAStarStrategicSearch__v0_slot01	00791e90	resolved
00791ff0	ai	TaskStrategicPlayerMapSearch__v0_slot01	00791ff0	resolved
00792070	ai	TaskStrategicSearch__v0_slot01	00792070	resolved
00792370	ai	TaskGetStrategicCellInfoNo__v0_slot01	00792370	resolved
007925b0	ai	AStarStrategicSearch__v0_slot06	007925b0	resolved
007925d0	ai	AStarStrategicSearch__v0_slot07	007925d0	resolved
007925f0	ai	AStarStrategicSearch__v0_slot02	007925f0	resolved
007927e0	ai	AStarStrategicSearch__v0_slot04	007927e0	resolved
00792b30	ai	AStarStrategicSearch__v0_slot03	00792b30	resolved
0079ec10	ai	AIObjectReal__v0_slot10	0079ec10	resolved
0079ec80	ai	AIObjectReal__v0_slot42	0079ec80	resolved
0079ecb0	ai	AIObjectReal__v0_slot22	0079ecb0	resolved
0079ece0	ai	AIObjectReal__v0_slot19	0079ece0	resolved
0079ecf0	ai	AIObjectReal__v0_slot45	0079ecf0	resolved
0079ed10	ai	AIObjectReal__v0_slot46	0079ed10	resolved
0079ed30	ai	AIObjectReal__v0_slot47	0079ed30	resolved
0079edb0	gameplay	PointPhysicsNode__v0_slot49	0079edb0	resolved
0079edc0	ai	AIObjectReal__v0_slot20	0079edc0	resolved
0079ede0	ai	AIObjectReal__v0_slot48	0079ede0	resolved
0079ee50	ai	AIObjectReal__v0_slot49	0079ee50	resolved
0079ee70	ai	AIObjectReal__v0_slot27	0079ee70	resolved
0079ef20	ai	AIObjectReal__v0_slot00	0079ef20	resolved
0079ef40	ai	AIObjectReal__v0_slot24	0079ef40	resolved
0079eff0	ai	AIObjectReal__v0_slot25	0079eff0	resolved
0079f0d0	ai	AIObjectReal__v0_slot50	0079f0d0	resolved
0079f130	ai	AIObjectReal__v0_slot26	0079f130	resolved
0079f1d0	ai	AIObjectReal__v0_slot23	0079f1d0	resolved
0079f220	ai	AIObjectReal__v0_slot21	0079f220	resolved
0079f400	ai	AIObjectReal__v0_slot08	0079f400	resolved
0079f620	ai	AIObject__v0_slot43	0079f620	resolved
0079f670	ai	AIObject__v0_slot38	0079f670	resolved
0079f680	gameplay	IPlayerControlObject__v0_slot45	0079f680	resolved
0079f690	gameplay	BFSoldier__v348_slot15	0079f690	resolved
0079f6f0	ai	AIObject__v0_slot03	0079f6f0	resolved
0079f760	ai	AIObject__v0_slot00	0079f760	resolved
0079f780	ai	AIObject__v0_slot44	0079f780	resolved
0079f7e0	ai	AIObjectShared__v0_slot10	0079f7e0	resolved
0079f820	ai	AIObjectReal__v0_slot11	0079f820	resolved
0079f880	ai	AIObjectShared__v0_slot03	0079f880	resolved
0079f8b0	ai	AIObjectShared__v0_slot42	0079f8b0	resolved
0079f8f0	ai	AIObjectShared__v0_slot08	0079f8f0	resolved
0079f920	ai	AIObjectShared__v0_slot19	0079f920	resolved
0079f930	ai	AIObjectShared__v0_slot45	0079f930	resolved
0079f950	ai	AIObjectShared__v0_slot46	0079f950	resolved
0079f970	ai	AIObjectShared__v0_slot47	0079f970	resolved
0079f9e0	ai	AIObjectShared__v0_slot20	0079f9e0	resolved
0079fa00	ai	AIObjectShared__v0_slot48	0079fa00	resolved
0079fa70	ai	AIObjectShared__v0_slot49	0079fa70	resolved
0079faa0	ai	AIObjectShared__v0_slot27	0079faa0	resolved
0079fac0	ai	AIObjectReal__v0_slot01	0079fac0	resolved
0079fad0	ai	AIObjectReal__v0_slot02	0079fad0	resolved
0079fb40	ai	AIObjectShared__v0_slot00	0079fb40	resolved
0079fb60	ai	AIObjectShared__v0_slot23	0079fb60	resolved
0079fba0	ai	AIObjectShared__v0_slot24	0079fba0	resolved
0079fc40	ai	AIObjectShared__v0_slot25	0079fc40	resolved
0079fcd0	ai	AIObjectShared__v0_slot50	0079fcd0	resolved
0079fd30	ai	AIObjectShared__v0_slot21	0079fd30	resolved
007a08f0	ai	AIObjectArmament__v0_slot04	007a08f0	resolved
007a0cf0	ai	AIObjectArmament__v0_slot02	007a0cf0	resolved
007a0fd0	ai	AIObjectArmament__v0_slot00	007a0fd0	resolved
007a0ff0	ai	AIObjectArmament__v0_slot03	007a0ff0	resolved
007a1150	ai	AIObjectCover__v0_slot00	007a1150	resolved
007a1180	ai	AIObjectCover__v0_slot03	007a1180	resolved
007a11c0	ai	AIObjectCover__v0_slot02	007a11c0	resolved
007a1d90	ai	BotBehaviour__v0_slot01	007a1d90	resolved
007a1db0	ai	BotBehaviour__v0_slot02	007a1db0	resolved
007a1dd0	ai	BotBehaviour__v0_slot03	007a1dd0	resolved
007a1e10	ai	BotBehaviour__v0_slot04	007a1e10	resolved
007a1e30	ai	BotBehaviour__v0_slot05	007a1e30	resolved
007a1ef0	ai	BotBehaviour__v0_slot06	007a1ef0	resolved
007a1f30	ai	BotBehaviour__v0_slot08	007a1f30	resolved
007a2000	ai	BotBehaviour__v0_slot00	007a2000	resolved
007a20f0	ai	BotBehaviour__v0_slot10	007a20f0	resolved
007a21c0	ai	BBPPattern__v0_slot04	007a21c0	resolved
007a2290	ai	BAPStatement__v0_slot02	007a2290	resolved
007a22c0	ai	BAPAResetControls__v0_slot00	007a22c0	resolved
007a2300	ai	BAPAResetControls__v0_slot01	007a2300	resolved
007a2390	ai	BAPFlowCWhile__v0_slot02	007a2390	resolved
007a23a0	ai	BAPFlowCWhile__v0_slot03	007a23a0	resolved
007a2450	ai	BAPFlowCWhile__v0_slot00	007a2450	resolved
007a2520	ai	BAPFlowCWhile__v0_slot01	007a2520	resolved
007a25b0	ai	BBPIdle__v0_slot04	007a25b0	resolved
007a26f0	ai	BAPAMoveTo3d__v0_slot00	007a26f0	resolved
007a2850	ai	BAPAMoveTo3d__v0_slot01	007a2850	resolved
007a28a0	ai	BAPCombinerSerial__v0_slot02	007a28a0	resolved
007a28b0	ai	BAPCombiner__v0_slot01	007a28b0	resolved
007a2a10	ai	BAPCombinerSerial__v0_slot00	007a2a10	resolved
007a2b70	ai	BAPCombinerSerial__v0_slot01	007a2b70	resolved
007a2b90	ai	BAPCombinerSerial__v0_slot06	007a2b90	resolved
007a2cc0	ai	BAPInfoWrapper__v0_slot02	007a2cc0	resolved
007a2cd0	ai	BAPIWIdle__v0_slot01	007a2cd0	resolved
007a2d40	ai	BAPAUpdateVehicle__v0_slot01	007a2d40	resolved
007a2d80	ai	BAPAUpdateVehicle__v0_slot00	007a2d80	resolved
007a2de0	ai	BAPATrigger__v0_slot00	007a2de0	resolved
007a2e80	gameplay	SimpleObjectNetworkable__v0_slot10	007a2e80	resolved
007a2e90	ai	BAPATrigger__v0_slot01	007a2e90	resolved
007a2ef0	ai	BAPATrigger__v0_slot05	007a2ef0	resolved
007a4870	ai	BAPCombinerParallel__v0_slot00	007a4870	resolved
007a4980	ai	BAPCombinerParallel__v0_slot01	007a4980	resolved
007a49a0	ai	BAPCombinerParallel__v0_slot06	007a49a0	resolved
007a4a30	gameplay	EntryMoveToObjectMediumSoldier__v0_slot02	007a4a30	resolved
007a4a40	ai	BAPAMoveToObject__v0_slot01	007a4a40	resolved
007a4a70	ai	BAPAMoveToObjectFinding__v0_slot06	007a4a70	resolved
007a4aa0	ai	BAPAMoveToObjectFinding__v0_slot07	007a4aa0	resolved
007a4b00	ai	BAPAMoveToObjectFinding__v0_slot08	007a4b00	resolved
007a4b40	ai	BAPAMoveToObjectFinding__v0_slot09	007a4b40	resolved
007a4b50	ai	BAPAMoveToObject__v24_slot00	007a4b50	resolved
007a4b60	ai	BAPAMoveToObjectFinding__v24_slot00	007a4b60	resolved
007a4b70	ai	BAPAMoveToObjectFinding__v0_slot01	007a4b70	resolved
007a5440	ai	BAPAMoveToObjectFinding__v0_slot12	007a5440	resolved
007a56b0	ai	BAPAMoveTo3dObject__v0_slot00	007a56b0	resolved
007a5860	ai	BAPAMoveTo3dObject__v0_slot01	007a5860	resolved
007a58b0	ai	BAPAMoveToFinding__v0_slot00	007a58b0	resolved
007a58f0	ai	BAPAMoveToFinding__v0_slot06	007a58f0	resolved
007a5920	ai	BAPAMoveToFinding__v0_slot07	007a5920	resolved
007a5980	ai	BAPAMoveToFinding__v0_slot08	007a5980	resolved
007a59c0	ai	BAPAMoveToFinding__v0_slot09	007a59c0	resolved
007a59d0	ai	BAPAMoveToFinding__v0_slot12	007a59d0	resolved
007a5ce0	ai	BAPAMoveToFinding__v24_slot00	007a5ce0	resolved
007a5cf0	ai	BAPAMoveToFinding__v0_slot01	007a5cf0	resolved
007a5d30	ai	BAPConOr__v0_slot00	007a5d30	resolved
007a5da0	ai	BAPBoleanOp__v0_slot02	007a5da0	resolved
007a5f50	ai	BAPConOr__v0_slot02	007a5f50	resolved
007a5ff0	ai	BAPConAnd__v0_slot00	007a5ff0	resolved
007a6120	ai	BAPConAnd__v0_slot02	007a6120	resolved
007a6140	ai	BAPConOr__v0_slot03	007a6140	resolved
007a61b0	ai	BAPIWChange__v0_slot01	007a61b0	resolved
007a6220	ai	BAPConObjectBehind__v0_slot02	007a6220	resolved
007a6250	ai	BAPConObjectBehind__v0_slot00	007a6250	resolved
007a6440	ai	BAPConObjectDistance__v0_slot02	007a6440	resolved
007a6470	ai	BAPConObjectDistance__v0_slot00	007a6470	resolved
007a6680	ai	BAPConObjectOccupied__v0_slot02	007a6680	resolved
007a66b0	ai	BAPConObjectOccupied__v0_slot00	007a66b0	resolved
007a6760	ai	BAPConObjectMoved__v0_slot02	007a6760	resolved
007a6790	ai	BAPConObjectMoved__v0_slot00	007a6790	resolved
007a6840	ai	BAPConObjectEnemyOccupied__v0_slot01	007a6840	resolved
007a6850	ai	BAPConObjectEnemyOccupied__v0_slot02	007a6850	resolved
007a6880	ai	BAPConObjectEnemyOccupied__v0_slot00	007a6880	resolved
007a69d0	ai	BAPConPosition__v0_slot01	007a69d0	resolved
007a69e0	ai	BAPConPosition__v0_slot02	007a69e0	resolved
007a6a30	ai	BAPConPosition__v0_slot00	007a6a30	resolved
007a6b50	ai	BAPICTurnLock__v0_slot01	007a6b50	resolved
007a6b90	ai	BAPICTurnLock__v0_slot00	007a6b90	resolved
007a6bf0	ai	BAPICChangeVehicle__v0_slot01	007a6bf0	resolved
007a6c30	ai	BAPICChangeVehicle__v0_slot00	007a6c30	resolved
007a6c60	ai	BAPFlowCWait__v0_slot00	007a6c60	resolved
007a6cb0	ai	BAPFlowCWait__v0_slot03	007a6cb0	resolved
007a6d00	ai	BAPFlowCWait__v0_slot01	007a6d00	resolved
007a6d90	ai	BAPConTime__v0_slot00	007a6d90	resolved
007a6e20	ai	BAPConTime__v0_slot01	007a6e20	resolved
007a6e50	ai	BAPConRandTime__v0_slot00	007a6e50	resolved
007a6f10	ai	BAPConTime__v0_slot02	007a6f10	resolved
007a6f40	ai	BAPConRandTime__v0_slot02	007a6f40	resolved
007a6fc0	ai	BAPIWFire__v0_slot01	007a6fc0	resolved
007a7000	ai	BAPFlowCIf__v0_slot02	007a7000	resolved
007a7040	ai	BAPFlowCIf__v0_slot03	007a7040	resolved
007a70b0	ai	BAPFlowCIf__v0_slot00	007a70b0	resolved
007a7170	ai	BAPFlowCIf__v0_slot05	007a7170	resolved
007a7280	ai	BAPFlowCIf__v0_slot01	007a7280	resolved
007a72f0	ai	BAPALookAtObject__v0_slot06	007a72f0	resolved
007a7450	ai	BAPALookAtObject__v0_slot01	007a7450	resolved
007a7490	ai	BAPConNot__v0_slot00	007a7490	resolved
007a75a0	ai	BAPConNot__v0_slot02	007a75a0	resolved
007a76a0	ai	BAPConNot__v0_slot03	007a76a0	resolved
007a7710	ai	BAPConObjectExists__v0_slot02	007a7710	resolved
007a7740	ai	BAPConObjectExists__v0_slot00	007a7740	resolved
007a77d0	ai	BAPConObjectHealth__v0_slot02	007a77d0	resolved
007a7800	ai	BAPConObjectHealth__v0_slot00	007a7800	resolved
007a78c0	ai	BAPConWeaponMagAmmo__v0_slot02	007a78c0	resolved
007a78f0	ai	BAPConWeaponMagAmmo__v0_slot00	007a78f0	resolved
007a7c10	ai	BAPAMoveToDirect__v0_slot00	007a7c10	resolved
007a7c50	ai	BAPAMoveToDirect__v0_slot06	007a7c50	resolved
007a7c80	ai	BAPAMoveToDirect__v0_slot08	007a7c80	resolved
007a7cc0	ai	BAPAMoveToDirect__v0_slot09	007a7cc0	resolved
007a7cd0	ai	BAPAMoveToDirect__v0_slot07	007a7cd0	resolved
007a7e10	ai	BAPAMoveToDirect__v24_slot00	007a7e10	resolved
007a7e20	ai	BAPAMoveToDirect__v0_slot01	007a7e20	resolved
007a7e60	ai	BAPASoldierPose__v0_slot00	007a7e60	resolved
007a7f20	ai	BAPASoldierPose__v24_slot00	007a7f20	resolved
007a8060	ai	BAPASoldierPose__v0_slot01	007a8060	resolved
007a80f0	ai	BAPConObjectSpeed__v0_slot01	007a80f0	resolved
007a8100	ai	BAPConObjectSpeed__v0_slot02	007a8100	resolved
007a8130	ai	BAPConObjectSpeed__v0_slot00	007a8130	resolved
007a8200	ai	BBPAvoidCollision__v0_slot04	007a8200	resolved
007a8a00	ai	BAPIWMoveTo__v0_slot01	007a8a00	resolved
007a8a40	ai	BAPALookAhead__v0_slot06	007a8a40	resolved
007a8b20	ai	BAPALookAhead__v0_slot01	007a8b20	resolved
007a8b60	ai	BAPATriggerContinously__v0_slot00	007a8b60	resolved
007a8c10	ai	BAPATriggerContinously__v0_slot01	007a8c10	resolved
007a8f10	ai	BotManager__v4_slot11	007a8f10	resolved
007a9000	ai	BAPStatement__v0_slot05	007a9000	resolved
007a9070	ai	BAPALookInDir__v0_slot01	007a9070	resolved
007a90b0	ai	BAPASense__v0_slot00	007a90b0	resolved
007a9130	ai	BAPASense__v0_slot01	007a9130	resolved
007a9240	ai	BAPCConLookDeviation__v0_slot02	007a9240	resolved
007a9270	ai	BAPCConLookDeviation__v0_slot00	007a9270	resolved
007a94d0	ai	BAPIWScout__v0_slot01	007a94d0	resolved
007a9510	ai	BAPICScout__v0_slot00	007a9510	resolved
007a9530	ai	BAPALookInDir__v0_slot06	007a9530	resolved
007a95b0	ai	BAPATurnTowardsDirection__v0_slot01	007a95b0	resolved
007a9670	ai	BAPConObjectValidYawAiming__v0_slot02	007a9670	resolved
007a9690	ai	BAPConObjectValidYawAiming__v0_slot00	007a9690	resolved
007a9960	ai	BBPFire__v0_slot04	007a9960	resolved
007a99a0	ai	BAPAComponentSoldierPose__v0_slot05	007a99a0	resolved
007a9f70	ai	BAPAChangeWeapon__v0_slot01	007a9f70	resolved
007a9fb0	ai	BAPAChangeWeapon__v0_slot00	007a9fb0	resolved
007aa200	ai	BAPAAimAt__v0_slot01	007aa200	resolved
007aa250	ai	BAPAAimAtPoint__v0_slot08	007aa250	resolved
007aa330	ai	BAPAAimAtPoint__v0_slot07	007aa330	resolved
007aa700	ai	BAPAAimAtPoint__v0_slot01	007aa700	resolved
007aa760	ai	BAPAAimAtPoint__v0_slot10	007aa760	resolved
007aa770	ai	BAPAAimAtPoint__v0_slot11	007aa770	resolved
007aa7a0	ai	BAPAAimAtPoint__v0_slot12	007aa7a0	resolved
007aa7d0	ai	BAPAAimAtPoint__v0_slot13	007aa7d0	resolved
007aa7f0	ai	BotMain__v0_slot36	007aa7f0	resolved
007aa800	ai	BAPAAimAtPoint__v0_slot14	007aa800	resolved
007aa870	ai	BAPAAimAtObject__v0_slot08	007aa870	resolved
007aaa50	ai	BAPAAimAtObject__v0_slot07	007aaa50	resolved
007aafc0	ai	BAPAAimAtObject__v0_slot01	007aafc0	resolved
007ab020	ai	BAPATurnTowardsObject__v0_slot06	007ab020	resolved
007ab250	ai	BAPATurnTowardsObject__v0_slot01	007ab250	resolved
007ab2d0	ai	BAPANotifyBot__v0_slot01	007ab2d0	resolved
007ab310	ai	BAPANotifyBot__v0_slot00	007ab310	resolved
007ab3b0	ai	BAPConObjectDistanceToPoint__v0_slot02	007ab3b0	resolved
007ab3e0	ai	BAPConObjectDistanceToPoint__v0_slot00	007ab3e0	resolved
007ab580	ai	BAPConObjectLineOfFire__v0_slot02	007ab580	resolved
007ab5b0	ai	BAPConObjectLineOfFire__v0_slot00	007ab5b0	resolved
007ab670	ai	BAPConObjectInsideFrustum__v0_slot00	007ab670	resolved
007ab7f0	ai	BAPConObjectInsideFrustum__v0_slot02	007ab7f0	resolved
007ab8a0	ai	BAPConObjectValidAiming__v0_slot02	007ab8a0	resolved
007abc10	ai	BAPConObjectValidAiming__v0_slot00	007abc10	resolved
007abcd0	ai	BAPConObjectValidPitchAiming__v0_slot02	007abcd0	resolved
007abcf0	ai	BAPConObjectValidPitchAiming__v0_slot00	007abcf0	resolved
007abde0	ai	BAPConWeaponHeat__v0_slot02	007abde0	resolved
007abe10	ai	BAPConWeaponHeat__v0_slot00	007abe10	resolved
007abe50	ai	BAPConSharedCondition__v0_slot00	007abe50	resolved
007abe80	ai	BAPConSharedCondition__v0_slot01	007abe80	resolved
007abf20	ai	BAPConSharedCondition__v0_slot02	007abf20	resolved
007abfc0	ai	BAPCConPrecision__v0_slot02	007abfc0	resolved
007abff0	ai	BAPCConPrecision__v0_slot00	007abff0	resolved
007ac2a0	ai	BAPAUpdateVehicle__v0_slot02	007ac2a0	resolved
007ac2f0	ai	BAPFlowCEnd__v0_slot00	007ac2f0	resolved
007ac3f0	ai	BAPFlowCEnd__v0_slot01	007ac3f0	resolved
007ac4a0	ai	BAPWrapperAiming__v0_slot01	007ac4a0	resolved
007ac4e0	ai	BAPWrapperAiming__v0_slot00	007ac4e0	resolved
007ac880	ai	BAPWrapperFinished__v0_slot00	007ac880	resolved
007ac910	ai	BAPWrapperFinished__v0_slot01	007ac910	resolved
007ac9a0	ai	BAPWrapperWeapon__v0_slot01	007ac9a0	resolved
007aca20	ai	BAPWrapperWeapon__v0_slot00	007aca20	resolved
007acb00	ai	BAPConLineOfFire__v0_slot02	007acb00	resolved
007acb30	ai	BAPConLineOfFire__v0_slot00	007acb30	resolved
007acc80	ai	BAPASendMessage__v0_slot00	007acc80	resolved
007acd00	ai	BAPASendMessage__v0_slot01	007acd00	resolved
007acd50	ai	BAPASendMessage__v0_slot05	007acd50	resolved
007acf20	ai	BAPAEvaluate__v0_slot00	007acf20	resolved
007acf40	ai	BAPAEvaluate__v0_slot01	007acf40	resolved
007ad010	ai	BAPCConPrecision3d__v0_slot02	007ad010	resolved
007ad040	ai	BAPCConPrecision3d__v0_slot00	007ad040	resolved
007ad280	ai	BAPCConBombPrecision3d__v0_slot02	007ad280	resolved
007ad2b0	ai	BAPCConBombPrecision3d__v0_slot00	007ad2b0	resolved
007ad5e0	ai	BAPConObjectInFront__v0_slot02	007ad5e0	resolved
007ad610	ai	BAPConObjectInFront__v0_slot00	007ad610	resolved
007ad7d0	ai	BAPConInsideBattleZone__v0_slot02	007ad7d0	resolved
007ad800	ai	BAPConInsideBattleZone__v0_slot00	007ad800	resolved
007ad8c0	ai	BAPAMoveTo3dDirection__v0_slot00	007ad8c0	resolved
007adb30	ai	BAPAMoveTo3dDirection__v0_slot01	007adb30	resolved
007adb80	ai	BAPAAimAt3d__v0_slot09	007adb80	resolved
007adb90	ai	BAPAAimAt3d__v0_slot11	007adb90	resolved
007adbc0	ai	BAPAAimAt3d__v0_slot13	007adbc0	resolved
007adbf0	ai	BAPAAimAt3d__v0_slot14	007adbf0	resolved
007adc10	ai	BAPAAimAt3d__v0_slot01	007adc10	resolved
007adc60	ai	BAPAAimAtObject3d__v0_slot07	007adc60	resolved
007add50	ai	BAPAAimAtObject3d__v0_slot08	007add50	resolved
007ae200	ai	BAPAAimAtObject3d__v0_slot01	007ae200	resolved
007ae280	ai	BAPConObjectVisible__v0_slot00	007ae280	resolved
007ae2d0	ai	BAPConObjectVisible__v0_slot02	007ae2d0	resolved
007ae330	ai	BAPIWRoam__v0_slot01	007ae330	resolved
007ae390	ai	BBPRoam__v0_slot04	007ae390	resolved
007ae400	ai	BAPConEndOfPath__v0_slot00	007ae400	resolved
007ae4d0	ai	BAPIWTakeCover__v0_slot01	007ae4d0	resolved
007ae630	ai	BAPARoll3d__v0_slot00	007ae630	resolved
007ae670	ai	BAPConObjectLineOfFire__v0_slot01	007ae670	resolved
007ae7c0	ai	BAPARoll3d__v0_slot01	007ae7c0	resolved
007b1040	ai	BAPAMoveTo__v24_slot00	007b1040	resolved
007b1050	ai	BAPAMoveTo__v0_slot01	007b1050	resolved
007b1140	ai	AIScriptManager__v0_slot21	007b1140	resolved
007b6710	ai	BotScriptDebugger__v0_slot00	007b6710	resolved
007b6960	ai	BAPDebugger__v0_slot02	007b6960	resolved
007b6ba0	ai	BAPDebugger__v0_slot01	007b6ba0	resolved
007b6d20	ai	BAPDebugger__v0_slot00	007b6d20	resolved
007b87c0	ai	AIInformationGrid__v0_slot01	007b87c0	resolved
007b8810	ai	AIInformationGrid__v0_slot02	007b8810	resolved
007b8e80	ai	AIInformationGrid__v0_slot09	007b8e80	resolved
007b8ea0	ai	AIInformationGrid__v0_slot00	007b8ea0	resolved
007b9000	ai	AIInformationGrid__v0_slot03	007b9000	resolved
007b90b0	ai	AIInformationGrid__v0_slot04	007b90b0	resolved
007b9210	ai	AIInformationGrid__v0_slot05	007b9210	resolved
007b9470	ai	AIInformationGrid__v0_slot06	007b9470	resolved
007b9ab0	ai	AIInformationGrid__v0_slot07	007b9ab0	resolved
007b9d20	ai	AIInformationGrid__v0_slot08	007b9d20	resolved
007be040	ai	AIMeshLoader__v0_slot03	007be040	resolved
007be0f0	ai	AIMeshLoader__v0_slot02	007be0f0	resolved
007be5c0	ai	AIMeshLoader__v0_slot01	007be5c0	resolved
007beb80	ai	ISVUBot__v0_slot00	007beb80	resolved
007c0400	ai	BAPInfoWrapper__v0_slot01	007c0400	resolved
007c0440	ai	BAPInfoWrapper__v0_slot00	007c0440	resolved
007c04b0	ai	AISettings__v4_slot02	007c04b0	resolved
007c04c0	ai	AIMain__v0_slot01	007c04c0	resolved
007c0570	ai	BAPAComponentSoldierPose__v0_slot00	007c0570	resolved
007c0590	ai	BAPAComponentSoldierPose__v0_slot14	007c0590	resolved
007c0660	ai	BAPAMoveToObject__v0_slot00	007c0660	resolved
007c0700	ai	BAPALook__v0_slot00	007c0700	resolved
007c0790	ai	BAPATurn__v0_slot00	007c0790	resolved
007c0820	ai	BAPAAimAt__v0_slot00	007c0820	resolved
007c0b50	ai	BAPAAimAt3d__v0_slot00	007c0b50	resolved
007c0b90	ai	BAPAAimAt3d__v0_slot15	007c0b90	resolved
007c0c00	ai	BAPAAimAt3d__v0_slot16	007c0c00	resolved
007c0c70	ai	BAPAAimAt3d__v0_slot12	007c0c70	resolved
007da310	gameplay	ObjTemplNetworkModule__v0_slot05	007da310	resolved
00422b40	gameplay	ObjTemplNetworkModule__v0_slot03	00422b40	resolved
00489500	gameplay	GameEventManager__v0_slot05	00489500	resolved
0048ed90	gameplay	GameEvent__v0_slot01	0048ed90	resolved
0048f3a0	gameplay	SpecialGameEvent__v0_slot01	0048f3a0	resolved
00494d10	gameplay	PlayerControlObjectTemplate__v428_slot55	00494d10	resolved
00499b20	gameplay	BFSoldier__v0_slot51	00499b20	resolved
004b7c60	gameplay	PointPhysicsNode__v0_slot44	004b7c60	resolved
004b7db0	gameplay	BFSpawnPoint__v344_slot04	004b7db0	resolved
004b7dc0	gameplay	PlayerControlObjectTemplate__v428_slot22	004b7dc0	resolved
004b7de0	gameplay	PlayerControlObjectTemplate__v428_slot30	004b7de0	resolved
004b7e00	gameplay	BFSoldier__v0_slot25	004b7e00	resolved
004b7f10	gameplay	PointResponsePhysics__v0_slot11	004b7f10	resolved
004b9f20	gameplay	BFSoldier__v0_slot31	004b9f20	resolved
004b9fd0	gameplay	BFSpawnPointManager__v4_slot01	004b9fd0	resolved
004b9fe0	gameplay	BFSpawnPointManager__v4_slot02	004b9fe0	resolved
004bb7a0	gameplay	BFSpawnPointManager__v0_slot06	004bb7a0	resolved
004bc310	gameplay	BFSpawnPointManager__v0_slot05	004bc310	resolved
004bc3d0	gameplay	BFSpawnPointManager__v4_slot07	004bc3d0	resolved
004bd620	gameplay	BFSpawnPointManager__v0_slot04	004bd620	resolved
004bd6f0	gameplay	BFSpawnPointManager__v4_slot04	004bd6f0	resolved
004bdd60	gameplay	BFSpawnPointManager__v4_slot06	004bdd60	resolved
004bdd80	gameplay	BFSpawnPointManager__v4_slot08	004bdd80	resolved
004be760	gameplay	BFSpawnPointManager__v0_slot03	004be760	resolved
004be790	gameplay	BFSpawnPointManager__v4_slot00	004be790	resolved
004be7a0	gameplay	BFSpawnPointManager__v4_slot03	004be7a0	resolved
004bea10	gameplay	BFSpawnPointManager__v0_slot00	004bea10	resolved
004bead0	gameplay	BFSpawnPointTemplate__v0_slot07	004bead0	resolved
004beae0	gameplay	BFSpawnPointTemplate__v0_slot08	004beae0	resolved
004beaf0	gameplay	BFSpawnPointTemplate__v0_slot20	004beaf0	resolved
004beb00	gameplay	BFSpawnPointTemplate__v0_slot16	004beb00	resolved
004beb10	gameplay	BFSpawnPointTemplate__v0_slot17	004beb10	resolved
004beb20	gameplay	BFSpawnPointTemplate__v0_slot21	004beb20	resolved
004beb40	gameplay	BFSpawnPointTemplate__v0_slot03	004beb40	resolved
004beb70	gameplay	BFSpawnPointTemplate__v0_slot04	004beb70	resolved
004beb80	gameplay	BFSpawnPointTemplate__v0_slot11	004beb80	resolved
004bebb0	gameplay	BFSpawnPointTemplate__v0_slot19	004bebb0	resolved
004bebd0	gameplay	BFSpawnPointTemplate__v0_slot22	004bebd0	resolved
004bebf0	gameplay	BFSpawnPointTemplate__v0_slot12	004bebf0	resolved
004bfd90	gameplay	SpecialGameEvent__v0_slot00	004bfd90	resolved
004c0930	gameplay	__GameEventMakerMaker__v0_slot01	004c0930	resolved
004c0980	gameplay	__GameEventMakerMaker__v0_slot00	004c0980	resolved
004c09d0	gameplay	__GameEventMakerMaker__v0_slot01	004c09d0	resolved
004c0a00	gameplay	__GameEventMakerMaker__v0_slot00	004c0a00	resolved
004c0a50	gameplay	__GameEventMakerMaker__v0_slot01	004c0a50	resolved
004c0a80	gameplay	__GameEventMakerMaker__v0_slot00	004c0a80	resolved
004c0ad0	gameplay	__GameEventMakerMaker__v0_slot01	004c0ad0	resolved
004c0b10	gameplay	__GameEventMakerMaker__v0_slot00	004c0b10	resolved
004c0b60	gameplay	__GameEventMakerMaker__v0_slot01	004c0b60	resolved
004c0bb0	gameplay	__GameEventMakerMaker__v0_slot00	004c0bb0	resolved
004c0bf0	gameplay	__GameEventMakerMaker__v0_slot01	004c0bf0	resolved
004c0c30	gameplay	__GameEventMakerMaker__v0_slot00	004c0c30	resolved
004c0c90	gameplay	__GameEventMakerMaker__v0_slot01	004c0c90	resolved
004c0cf0	gameplay	__GameEventMakerMaker__v0_slot00	004c0cf0	resolved
004c0d60	gameplay	__GameEventMakerMaker__v0_slot01	004c0d60	resolved
004c0d90	gameplay	__GameEventMakerMaker__v0_slot00	004c0d90	resolved
004c0df0	gameplay	__GameEventMakerMaker__v0_slot01	004c0df0	resolved
004c0e30	gameplay	__GameEventMakerMaker__v0_slot00	004c0e30	resolved
004c0e80	gameplay	__GameEventMakerMaker__v0_slot01	004c0e80	resolved
004c0eb0	gameplay	__GameEventMakerMaker__v0_slot00	004c0eb0	resolved
004c0f10	gameplay	__GameEventMakerMaker__v0_slot01	004c0f10	resolved
004c0f50	gameplay	__GameEventMakerMaker__v0_slot00	004c0f50	resolved
004c0fa0	gameplay	__GameEventMakerMaker__v0_slot01	004c0fa0	resolved
004c0fe0	gameplay	__GameEventMakerMaker__v0_slot00	004c0fe0	resolved
004c1030	gameplay	__GameEventMakerMaker__v0_slot01	004c1030	resolved
004c1060	gameplay	__GameEventMakerMaker__v0_slot00	004c1060	resolved
004c10b0	gameplay	__GameEventMakerMaker__v0_slot01	004c10b0	resolved
004c10f0	gameplay	__GameEventMakerMaker__v0_slot00	004c10f0	resolved
004c1140	gameplay	__GameEventMakerMaker__v0_slot01	004c1140	resolved
004c1180	gameplay	__GameEventMakerMaker__v0_slot00	004c1180	resolved
004c11d0	gameplay	__GameEventMakerMaker__v0_slot01	004c11d0	resolved
004c1210	gameplay	__GameEventMakerMaker__v0_slot00	004c1210	resolved
004c1260	gameplay	__GameEventMakerMaker__v0_slot01	004c1260	resolved
004c12a0	gameplay	__GameEventMakerMaker__v0_slot00	004c12a0	resolved
004c1300	gameplay	__GameEventMakerMaker__v0_slot01	004c1300	resolved
004c1330	gameplay	__GameEventMakerMaker__v0_slot00	004c1330	resolved
004c1390	gameplay	__GameEventMakerMaker__v0_slot01	004c1390	resolved
004c13d0	gameplay	__GameEventMakerMaker__v0_slot00	004c13d0	resolved
004c1420	gameplay	__GameEventMakerMaker__v0_slot01	004c1420	resolved
004c1450	gameplay	__GameEventMakerMaker__v0_slot00	004c1450	resolved
004c1490	gameplay	__GameEventMakerMaker__v0_slot01	004c1490	resolved
004c14d0	gameplay	__GameEventMakerMaker__v0_slot00	004c14d0	resolved
004c1520	gameplay	__GameEventMakerMaker__v0_slot01	004c1520	resolved
004c1560	gameplay	__GameEventMakerMaker__v0_slot00	004c1560	resolved
004c15a0	gameplay	__GameEventMakerMaker__v0_slot01	004c15a0	resolved
004c15e0	gameplay	__GameEventMakerMaker__v0_slot00	004c15e0	resolved
004c1620	gameplay	__GameEventMakerMaker__v0_slot01	004c1620	resolved
004c1660	gameplay	__GameEventMakerMaker__v0_slot00	004c1660	resolved
004c16a0	gameplay	__GameEventMakerMaker__v0_slot01	004c16a0	resolved
004c16f0	gameplay	__GameEventMakerMaker__v0_slot00	004c16f0	resolved
004c1740	gameplay	__GameEventMakerMaker__v0_slot01	004c1740	resolved
004c1770	gameplay	__GameEventMakerMaker__v0_slot00	004c1770	resolved
004c17c0	gameplay	__GameEventMakerMaker__v0_slot01	004c17c0	resolved
004c1800	gameplay	__GameEventMakerMaker__v0_slot00	004c1800	resolved
004c1860	gameplay	__GameEventMakerMaker__v0_slot01	004c1860	resolved
004c18a0	gameplay	__GameEventMakerMaker__v0_slot00	004c18a0	resolved
004c18f0	gameplay	__GameEventMakerMaker__v0_slot01	004c18f0	resolved
004c1920	gameplay	__GameEventMakerMaker__v0_slot00	004c1920	resolved
004c1970	gameplay	__GameEventMakerMaker__v0_slot01	004c1970	resolved
004c19a0	gameplay	__GameEventMakerMaker__v0_slot00	004c19a0	resolved
004c19f0	gameplay	__GameEventMakerMaker__v0_slot01	004c19f0	resolved
004c1a30	gameplay	__GameEventMakerMaker__v0_slot00	004c1a30	resolved
004c1a80	gameplay	__GameEventMakerMaker__v0_slot01	004c1a80	resolved
004c1ac0	gameplay	__GameEventMakerMaker__v0_slot00	004c1ac0	resolved
004c1b10	gameplay	__GameEventMakerMaker__v0_slot01	004c1b10	resolved
004c1b40	gameplay	__GameEventMakerMaker__v0_slot00	004c1b40	resolved
004c1b90	gameplay	__GameEventMakerMaker__v0_slot01	004c1b90	resolved
004c1bd0	gameplay	__GameEventMakerMaker__v0_slot00	004c1bd0	resolved
004c1c20	gameplay	__GameEventMakerMaker__v0_slot01	004c1c20	resolved
004c1c50	gameplay	__GameEventMakerMaker__v0_slot00	004c1c50	resolved
004c1ca0	gameplay	__GameEventMakerMaker__v0_slot01	004c1ca0	resolved
004c1ce0	gameplay	__GameEventMakerMaker__v0_slot00	004c1ce0	resolved
004c1d40	gameplay	__GameEventMakerMaker__v0_slot01	004c1d40	resolved
004c1d70	gameplay	__GameEventMakerMaker__v0_slot00	004c1d70	resolved
004c1dd0	gameplay	__GameEventMakerMaker__v0_slot01	004c1dd0	resolved
004c1e10	gameplay	__GameEventMakerMaker__v0_slot00	004c1e10	resolved
004c1e60	gameplay	__GameEventMakerMaker__v0_slot01	004c1e60	resolved
004c1e90	gameplay	__GameEventMakerMaker__v0_slot00	004c1e90	resolved
004c1ee0	gameplay	__GameEventMakerMaker__v0_slot01	004c1ee0	resolved
004c1f10	gameplay	__GameEventMakerMaker__v0_slot00	004c1f10	resolved
004c1f50	gameplay	__GameEventMakerMaker__v0_slot01	004c1f50	resolved
004c1f80	gameplay	__GameEventMakerMaker__v0_slot00	004c1f80	resolved
004c1fd0	gameplay	__GameEventMakerMaker__v0_slot01	004c1fd0	resolved
004c2000	gameplay	__GameEventMakerMaker__v0_slot00	004c2000	resolved
004c2040	gameplay	__GameEventMakerMaker__v0_slot01	004c2040	resolved
004c2070	gameplay	__GameEventMakerMaker__v0_slot00	004c2070	resolved
004c20b0	gameplay	__GameEventMakerMaker__v0_slot01	004c20b0	resolved
004c20f0	gameplay	__GameEventMakerMaker__v0_slot00	004c20f0	resolved
004c2140	gameplay	__GameEventMakerMaker__v0_slot01	004c2140	resolved
004c2170	gameplay	__GameEventMakerMaker__v0_slot00	004c2170	resolved
004c21c0	gameplay	__GameEventMakerMaker__v0_slot01	004c21c0	resolved
004c2200	gameplay	__GameEventMakerMaker__v0_slot00	004c2200	resolved
004c2260	gameplay	__GameEventMakerMaker__v0_slot01	004c2260	resolved
004c2290	gameplay	__GameEventMakerMaker__v0_slot00	004c2290	resolved
004c22e0	gameplay	__GameEventMakerMaker__v0_slot01	004c22e0	resolved
004c2310	gameplay	__GameEventMakerMaker__v0_slot00	004c2310	resolved
004c2350	gameplay	__GameEventMakerMaker__v0_slot01	004c2350	resolved
004c2380	gameplay	__GameEventMakerMaker__v0_slot00	004c2380	resolved
004c23c0	gameplay	__GameEventMakerMaker__v0_slot01	004c23c0	resolved
004c23f0	gameplay	__GameEventMakerMaker__v0_slot00	004c23f0	resolved
004c2450	gameplay	__GameEventMakerMaker__v0_slot01	004c2450	resolved
004c2480	gameplay	__GameEventMakerMaker__v0_slot00	004c2480	resolved
004c24c0	gameplay	__GameEventMakerMaker__v0_slot01	004c24c0	resolved
004c2500	gameplay	__GameEventMakerMaker__v0_slot00	004c2500	resolved
004c2550	gameplay	__GameEventMakerMaker__v0_slot01	004c2550	resolved
004c2580	gameplay	__GameEventMakerMaker__v0_slot00	004c2580	resolved
004c25d0	gameplay	__GameEventMakerMaker__v0_slot01	004c25d0	resolved
004c2600	gameplay	__GameEventMakerMaker__v0_slot00	004c2600	resolved
004c2660	gameplay	__GameEventMakerMaker__v0_slot01	004c2660	resolved
004c2690	gameplay	__GameEventMakerMaker__v0_slot00	004c2690	resolved
004c30a0	gameplay	ControlPointCapturedEvent__v0_slot05	004c30a0	resolved
004c3b50	gameplay	ControlPointCapturedEvent__v0_slot04	004c3b50	resolved
004c51c0	gameplay	SpecialGameEvent__v0_slot04	004c51c0	resolved
004c5210	gameplay	SpecialGameEvent__v0_slot05	004c5210	resolved
004c72c0	gameplay	GameEventManager__v0_slot06	004c72c0	resolved
004c7640	gameplay	GameEventManager__v0_slot00	004c7640	resolved
004c7660	gameplay	GameEventManager__v0_slot08	004c7660	resolved
004c7b40	gameplay	GameEventManager__v0_slot07	004c7b40	resolved
004c8310	gameplay	PlayerControlObjectTemplate__v428_slot42	004c8310	resolved
004d6c30	gameplay	BFSoldier__v0_slot65	004d6c30	resolved
004da850	gameplay	ControlPointCapture__v0_slot01	004da850	resolved
004dac00	gameplay	ControlPointPossession__v0_slot01	004dac00	resolved
004dbd00	gameplay	ControlPointDefense__v0_slot01	004dbd00	resolved
004dd1d0	gameplay	ControlPointCapture__v0_slot02	004dd1d0	resolved
004dd2b0	gameplay	ControlPointPossession__v0_slot02	004dd2b0	resolved
004dd3a0	gameplay	ControlPointDefense__v0_slot03	004dd3a0	resolved
004dd550	gameplay	PlayerControlPoint__v0_slot01	004dd550	resolved
004ddbc0	gameplay	GameEventManager__v0_slot03	004ddbc0	resolved
004e16e0	gameplay	BFSpawnPoint__v0_slot06	004e16e0	resolved
004e1730	gameplay	BFSpawnPoint__v0_slot04	004e1730	resolved
004e17c0	gameplay	BFSpawnPoint__v344_slot05	004e17c0	resolved
004e17f0	gameplay	BFSpawnPoint__v344_slot06	004e17f0	resolved
004e1980	gameplay	BFSpawnPoint__v0_slot10	004e1980	resolved
004e1a60	gameplay	BFSpawnPoint__v0_slot13	004e1a60	resolved
004e1a70	gameplay	BFSpawnPoint__v0_slot14	004e1a70	resolved
004e1c30	gameplay	BFSoldier__v0_slot38	004e1c30	resolved
004e1c40	gameplay	BFSoldier__v0_slot46	004e1c40	resolved
004e1c50	gameplay	PlayerControlObject__v0_slot02	004e1c50	resolved
004e2bc0	gameplay	StaticResponsePhysics__v0_slot09	004e2bc0	resolved
004ee960	gameplay	Projectile__v0_slot01	004ee960	resolved
004ee970	gameplay	Projectile__v0_slot02	004ee970	resolved
004f2800	gameplay	PlayerControlObject__v344_slot14	004f2800	resolved
004f2820	gameplay	BFSoldier__v0_slot70	004f2820	resolved
004f2930	gameplay	BFSoldier__v348_slot20	004f2930	resolved
005118c0	gameplay	ObjTemplNetworkModule__v0_slot07	005118c0	resolved
00511940	gameplay	SimpleObjectNetworkable__v0_slot00	00511940	resolved
00511960	gameplay	SimpleObjectNetworkable__v56_slot00	00511960	resolved
00511970	gameplay	SimpleObjectNetworkable__v0_slot02	00511970	resolved
005119f0	gameplay	RotationalBundleNetworkable__v0_slot00	005119f0	resolved
00511a10	gameplay	RotationalBundleNetworkable__v56_slot00	00511a10	resolved
00511a80	gameplay	FreeCameraNetworkable__v0_slot00	00511a80	resolved
00511aa0	gameplay	FreeCameraNetworkable__v56_slot00	00511aa0	resolved
00511b10	gameplay	BFSoldierNetworkable__v0_slot03	00511b10	resolved
00511b50	gameplay	BFSoldierNetworkable__v0_slot00	00511b50	resolved
00511b70	gameplay	BFSoldierNetworkable__v56_slot00	00511b70	resolved
00511b80	gameplay	BFSoldierNetworkable__v56_slot03	00511b80	resolved
00511bf0	gameplay	ItemNetworkable__v0_slot00	00511bf0	resolved
00511c10	gameplay	ItemNetworkable__v56_slot00	00511c10	resolved
00511c80	gameplay	SpringNetworkable__v0_slot00	00511c80	resolved
00511ca0	gameplay	SpringNetworkable__v56_slot00	00511ca0	resolved
00511d10	gameplay	PlayerControlObjectNetworkable__v0_slot07	00511d10	resolved
00511d20	gameplay	PlayerControlObjectNetworkable__v0_slot00	00511d20	resolved
00511d40	gameplay	PlayerControlObjectNetworkable__v56_slot00	00511d40	resolved
00511db0	gameplay	KitNetworkable__v0_slot00	00511db0	resolved
00511dd0	gameplay	KitNetworkable__v56_slot00	00511dd0	resolved
00511e40	gameplay	ProjectileNetworkable__v0_slot00	00511e40	resolved
00511e60	gameplay	ProjectileNetworkable__v56_slot00	00511e60	resolved
00511ed0	gameplay	FireArmsNetworkable__v0_slot00	00511ed0	resolved
00511ef0	gameplay	FireArmsNetworkable__v56_slot00	00511ef0	resolved
00511f60	gameplay	ControlPointNetworkable__v0_slot00	00511f60	resolved
00511f80	gameplay	ControlPointNetworkable__v56_slot00	00511f80	resolved
00511ff0	gameplay	EngineNetworkable__v0_slot00	00511ff0	resolved
00512010	gameplay	EngineNetworkable__v56_slot00	00512010	resolved
00512080	gameplay	MusicPlayerNetworkable__v0_slot00	00512080	resolved
005120a0	gameplay	MusicPlayerNetworkable__v56_slot00	005120a0	resolved
00512110	gameplay	WinchNetworkable__v0_slot00	00512110	resolved
00512130	gameplay	WinchNetworkable__v56_slot00	00512130	resolved
005121a0	gameplay	WireLinkNetworkable__v0_slot00	005121a0	resolved
005121c0	gameplay	WireLinkNetworkable__v56_slot00	005121c0	resolved
00512230	gameplay	SimpleObjectNetworkable__v0_slot03	00512230	resolved
00512260	gameplay	HookNetworkable__v0_slot00	00512260	resolved
00512280	gameplay	HookNetworkable__v56_slot00	00512280	resolved
00512290	gameplay	SimpleObjectNetworkable__v56_slot03	00512290	resolved
005122a0	gameplay	SimpleObjectNetworkable__v0_slot01	005122a0	resolved
005122b0	gameplay	ObjTemplNetworkModule__v0_slot06	005122b0	resolved
005122e0	gameplay	SimpleObjectNetworkable__v56_slot02	005122e0	resolved
005122f0	gameplay	SimpleObjectNetworkable__v56_slot01	005122f0	resolved
00513a80	gameplay	ObjTemplNetworkModule__v0_slot04	00513a80	resolved
00548d70	gameplay	BFSpawnPointTemplate__v0_slot02	00548d70	resolved
005495b0	gameplay	BFSoldierTemplate__v0_slot02	005495b0	resolved
005495d0	gameplay	BFSoldierTemplate__v400_slot01	005495d0	resolved
005495e0	gameplay	BFSoldierTemplate__v400_slot02	005495e0	resolved
005495f0	gameplay	BFSoldierTemplate__v428_slot01	005495f0	resolved
00549600	gameplay	BFSoldierTemplate__v428_slot02	00549600	resolved
0054e3a0	gameplay	PhysicsModule__v0_slot06	0054e3a0	resolved
0054e590	gameplay	PhysicsModule__v0_slot04	0054e590	resolved
0054e9a0	gameplay	BFSoldier__v0_slot03	0054e9a0	resolved
0054ea30	gameplay	BFSoldier__v0_slot05	0054ea30	resolved
0054ea60	gameplay	BFSoldier__v0_slot06	0054ea60	resolved
0054eaf0	gameplay	BFSoldier__v0_slot60	0054eaf0	resolved
0054ec40	gameplay	BFSoldier__v344_slot07	0054ec40	resolved
0054ef50	gameplay	BFSoldier__v348_slot38	0054ef50	resolved
0054ef60	gameplay	BFSoldier__v348_slot39	0054ef60	resolved
0054ef70	gameplay	BFSoldier__v348_slot40	0054ef70	resolved
0054f9d0	gameplay	BFSoldier__v348_slot32	0054f9d0	resolved
005514a0	gameplay	BFSoldier__v0_slot18	005514a0	resolved
005516f0	gameplay	BFSoldier__v0_slot19	005516f0	resolved
00552730	gameplay	BFSoldier__v344_slot05	00552730	resolved
00552840	gameplay	BFSoldier__v344_slot04	00552840	resolved
005528b0	gameplay	BFSoldier__v0_slot62	005528b0	resolved
00552920	gameplay	BFSoldier__v0_slot49	00552920	resolved
00553980	gameplay	BFSoldier__v348_slot24	00553980	resolved
00553e10	gameplay	BFSoldier__v348_slot09	00553e10	resolved
00553f80	gameplay	BFSoldier__v348_slot10	00553f80	resolved
00554010	gameplay	BFSoldier__v348_slot11	00554010	resolved
005540f0	gameplay	BFSoldier__v0_slot39	005540f0	resolved
00555e40	gameplay	BFSoldier__v0_slot40	00555e40	resolved
005565d0	gameplay	BFSoldier__v0_slot57	005565d0	resolved
005568a0	gameplay	BFSoldier__v0_slot56	005568a0	resolved
00556c10	gameplay	BFSoldier__v0_slot58	00556c10	resolved
00556cb0	gameplay	BFSoldier__v344_slot06	00556cb0	resolved
00556d00	gameplay	BFSoldier__v344_slot08	00556d00	resolved
00556da0	gameplay	BFSoldierTemplate__v0_slot13	00556da0	resolved
00556e20	gameplay	BFSoldier__v0_slot21	00556e20	resolved
00557f40	gameplay	BFSoldier__v0_slot53	00557f40	resolved
005586a0	gameplay	BFSoldier__v0_slot20	005586a0	resolved
005596e0	gameplay	BFSoldier__v0_slot59	005596e0	resolved
005597b0	gameplay	BFSoldier__v348_slot31	005597b0	resolved
00559a70	gameplay	BFSoldier__v344_slot09	00559a70	resolved
00559a80	gameplay	BFSoldier__v344_slot10	00559a80	resolved
00559a90	gameplay	BFSoldier__v348_slot04	00559a90	resolved
00559aa0	gameplay	BFSoldier__v348_slot06	00559aa0	resolved
00559ab0	gameplay	BFSoldier__v348_slot08	00559ab0	resolved
00559ac0	gameplay	BFSoldier__v348_slot14	00559ac0	resolved
00559ad0	gameplay	BFSoldier__v348_slot17	00559ad0	resolved
00559ae0	gameplay	BFSoldier__v348_slot18	00559ae0	resolved
00559af0	gameplay	BFSoldier__v348_slot19	00559af0	resolved
00559b00	gameplay	BFSoldier__v0_slot66	00559b00	resolved
00559b10	gameplay	BFSoldier__v0_slot67	00559b10	resolved
00559b20	gameplay	BFSoldier__v348_slot28	00559b20	resolved
00559b30	gameplay	BFSoldier__v348_slot30	00559b30	resolved
00559b40	gameplay	BFSoldier__v344_slot00	00559b40	resolved
00559b50	gameplay	BFSoldier__v344_slot03	00559b50	resolved
00559b60	gameplay	BFSoldier__v348_slot00	00559b60	resolved
00559b70	gameplay	BFSoldier__v348_slot03	00559b70	resolved
00559b80	gameplay	BFSoldier__v0_slot01	00559b80	resolved
00559b90	gameplay	BFSoldier__v0_slot02	00559b90	resolved
00559bb0	gameplay	BFSoldier__v0_slot55	00559bb0	resolved
00559bd0	gameplay	BFSoldier__v348_slot22	00559bd0	resolved
00559bf0	gameplay	BFSoldier__v344_slot01	00559bf0	resolved
00559c00	gameplay	BFSoldier__v344_slot02	00559c00	resolved
00559c10	gameplay	BFSoldier__v348_slot01	00559c10	resolved
00559c20	gameplay	BFSoldier__v348_slot02	00559c20	resolved
00559c30	gameplay	BFSoldier__v348_slot16	00559c30	resolved
00559c40	gameplay	BFSoldier__v0_slot61	00559c40	resolved
00559cb0	gameplay	BFSoldier__v0_slot63	00559cb0	resolved
00559f60	gameplay	BFSoldier__v0_slot64	00559f60	resolved
0055a560	gameplay	BFSoldier__v348_slot21	0055a560	resolved
0055ae60	gameplay	BFSoldier__v0_slot00	0055ae60	resolved
0055ae80	gameplay	BFSoldier__v0_slot04	0055ae80	resolved
0055b170	gameplay	BFSoldierTemplate__v0_slot03	0055b170	resolved
0055b1c0	gameplay	BFSoldierTemplate__v0_slot11	0055b1c0	resolved
0055b1e0	gameplay	BFSoldierTemplate__v0_slot04	0055b1e0	resolved
0055b1f0	gameplay	BFSoldierTemplate__v428_slot04	0055b1f0	resolved
0055b200	gameplay	PlayerControlObjectTemplate__v0_slot34	0055b200	resolved
0055b210	gameplay	BFSoldierTemplate__v0_slot33	0055b210	resolved
0055b220	gameplay	BFSoldierTemplate__v0_slot34	0055b220	resolved
0055b240	gameplay	BFSoldierTemplate__v0_slot36	0055b240	resolved
0055b260	gameplay	BFSoldierTemplate__v0_slot38	0055b260	resolved
0055b270	gameplay	BFSoldierTemplate__v116_slot00	0055b270	resolved
0055b280	gameplay	BFSoldierTemplate__v400_slot00	0055b280	resolved
0055b290	gameplay	BFSoldierTemplate__v400_slot03	0055b290	resolved
0055b2a0	gameplay	BFSoldierTemplate__v428_slot00	0055b2a0	resolved
0055b2b0	gameplay	BFSoldierTemplate__v428_slot03	0055b2b0	resolved
0055b2c0	gameplay	BFSoldierTemplate__v0_slot01	0055b2c0	resolved
0055b3c0	gameplay	BFSoldierTemplate__v0_slot12	0055b3c0	resolved
0055b3f0	gameplay	BFSoldierTemplate__v0_slot00	0055b3f0	resolved
0055b410	gameplay	BFSpawnPointTemplate__v0_slot10	0055b410	resolved
0055b5c0	gameplay	BFSpawnPointTemplate__v0_slot15	0055b5c0	resolved
0055bac0	gameplay	BFSpawnPointTemplate__v0_slot05	0055bac0	resolved
0055bec0	gameplay	BFSpawnPointTemplate__v0_slot14	0055bec0	resolved
0055db80	gameplay	PhysicsNode__v0_slot37	0055db80	resolved
00565420	gameplay	Projectile__v0_slot16	00565420	resolved
00565430	gameplay	Projectile__v0_slot14	00565430	resolved
00565440	gameplay	Projectile__v0_slot05	00565440	resolved
00565890	gameplay	Projectile__v0_slot40	00565890	resolved
005660a0	gameplay	Projectile__v0_slot22	005660a0	resolved
00566410	gameplay	ProjectileTemplate__v0_slot04	00566410	resolved
00566420	gameplay	ProjectileTemplate__v0_slot11	00566420	resolved
00566440	gameplay	ProjectileTemplate__v116_slot00	00566440	resolved
00566450	gameplay	ProjectileTemplate__v400_slot00	00566450	resolved
00566460	gameplay	ProjectileTemplate__v0_slot01	00566460	resolved
00566470	gameplay	ProjectileTemplate__v0_slot02	00566470	resolved
00566490	gameplay	ProjectileTemplate__v400_slot01	00566490	resolved
005664a0	gameplay	ProjectileTemplate__v400_slot02	005664a0	resolved
005664b0	gameplay	ProjectileTemplate__v0_slot00	005664b0	resolved
005664f0	gameplay	ClusterProjectile__v0_slot58	005664f0	resolved
00566510	gameplay	ClusterProjectile__v0_slot59	00566510	resolved
00566790	gameplay	Projectile__v0_slot55	00566790	resolved
00566a10	gameplay	Projectile__v0_slot18	00566a10	resolved
00566ec0	gameplay	ProjectileTemplate__v0_slot12	00566ec0	resolved
00566fd0	gameplay	ClusterProjectile__v0_slot00	00566fd0	resolved
00567030	gameplay	ClusterProjectile__v0_slot56	00567030	resolved
005671b0	gameplay	Projectile__v0_slot00	005671b0	resolved
00567270	gameplay	ClusterProjectile__v0_slot20	00567270	resolved
00567390	gameplay	Projectile__v0_slot20	00567390	resolved
00567950	gameplay	Projectile__v0_slot49	00567950	resolved
00567990	gameplay	ProjectileTemplate__v0_slot22	00567990	resolved
005679e0	gameplay	ProjectileTemplate__v0_slot13	005679e0	resolved
00567f20	gameplay	ClusterProjectileTemplate__v0_slot13	00567f20	resolved
005686d0	gameplay	ClusterProjectile__v0_slot57	005686d0	resolved
00568ea0	gameplay	Projectile__v0_slot21	00568ea0	resolved
00569570	gameplay	Projectile__v0_slot04	00569570	resolved
005697a0	gameplay	ClusterProjectileTemplate__v0_slot04	005697a0	resolved
005697b0	gameplay	ClusterProjectileTemplate__v0_slot11	005697b0	resolved
005697e0	gameplay	ClusterProjectileTemplate__v116_slot00	005697e0	resolved
005697f0	gameplay	ClusterProjectileTemplate__v400_slot00	005697f0	resolved
00569800	gameplay	ClusterProjectileTemplate__v0_slot12	00569800	resolved
00569830	gameplay	ClusterProjectileTemplate__v0_slot00	00569830	resolved
005699d0	gameplay	BFSpawnPointTemplate__v116_slot01	005699d0	resolved
00569a30	gameplay	BFSpawnPointTemplate__v0_slot30	00569a30	resolved
00569aa0	gameplay	BFSpawnPointTemplate__v0_slot28	00569aa0	resolved
00569e90	gameplay	BFSpawnPointTemplate__v0_slot13	00569e90	resolved
00569f10	gameplay	BFSpawnPointTemplate__v0_slot27	00569f10	resolved
00569ff0	gameplay	BFSpawnPointTemplate__v0_slot25	00569ff0	resolved
0056a5b0	gameplay	BFSpawnPointTemplate__v0_slot29	0056a5b0	resolved
0056aad0	gameplay	BFSpawnPointTemplate__v116_slot00	0056aad0	resolved
0056ace0	gameplay	BFSpawnPointTemplate__v0_slot00	0056ace0	resolved
0056ad00	gameplay	PlayerControlObjectTemplate__v428_slot62	0056ad00	resolved
0056b350	gameplay	ResponsePhysics__v0_slot12	0056b350	resolved
0056b360	gameplay	PlayerControlObjectTemplate__v428_slot70	0056b360	resolved
0056b3a0	gameplay	PlayerControlObject__v0_slot55	0056b3a0	resolved
0056b3b0	gameplay	PlayerControlObject__v0_slot05	0056b3b0	resolved
0056b3d0	gameplay	PlayerControlObject__v0_slot06	0056b3d0	resolved
0056b400	gameplay	PlayerControlObject__v0_slot40	0056b400	resolved
0056b520	gameplay	PlayerControlObject__v344_slot25	0056b520	resolved
0056b530	gameplay	PlayerControlObject__v344_slot26	0056b530	resolved
0056b540	gameplay	PlayerControlObject__v344_slot27	0056b540	resolved
0056b660	gameplay	PlayerControlObject__v344_slot18	0056b660	resolved
0056b670	gameplay	PlayerControlObject__v344_slot19	0056b670	resolved
0056b790	gameplay	PlayerControlObjectTemplate__v0_slot33	0056b790	resolved
0056b7e0	gameplay	PlayerControlObjectTemplate__v0_slot04	0056b7e0	resolved
0056b7f0	gameplay	PlayerControlObjectTemplate__v0_slot13	0056b7f0	resolved
0056b800	gameplay	PlayerControlObjectTemplate__v0_slot11	0056b800	resolved
0056b820	gameplay	PlayerControlObject__v344_slot28	0056b820	resolved
0056b870	gameplay	PlayerControlObject__v0_slot57	0056b870	resolved
0056b890	gameplay	PlayerControlObject__v0_slot58	0056b890	resolved
0056b9b0	gameplay	PlayerControlObject__v0_slot56	0056b9b0	resolved
0056bae0	gameplay	PlayerControlObject__v344_slot11	0056bae0	resolved
0056bc90	gameplay	PlayerControlObject__v0_slot21	0056bc90	resolved
0056bef0	gameplay	PlayerControlObject__v344_slot16	0056bef0	resolved
0056bf30	gameplay	PlayerControlObject__v0_slot20	0056bf30	resolved
0056c400	gameplay	PlayerControlObject__v344_slot15	0056c400	resolved
0056c420	gameplay	PlayerControlObject__v0_slot49	0056c420	resolved
0056c470	gameplay	PlayerControlObject__v344_slot09	0056c470	resolved
0056cd50	gameplay	PlayerControlObject__v0_slot39	0056cd50	resolved
0056ce20	gameplay	PlayerControlObject__v344_slot24	0056ce20	resolved
0056d650	gameplay	PlayerControlObject__v344_slot10	0056d650	resolved
0056de80	gameplay	PlayerControlObjectTemplate__v0_slot03	0056de80	resolved
0056ded0	gameplay	PlayerControlObjectTemplate__v428_slot06	0056ded0	resolved
0056df00	gameplay	PlayerControlObjectTemplate__v428_slot09	0056df00	resolved
0056df10	gameplay	PlayerControlObjectTemplate__v428_slot12	0056df10	resolved
0056df30	gameplay	PlayerControlObjectTemplate__v428_slot13	0056df30	resolved
0056df50	gameplay	PlayerControlObjectTemplate__v428_slot15	0056df50	resolved
0056df60	gameplay	PlayerControlObjectTemplate__v428_slot18	0056df60	resolved
0056df70	gameplay	PlayerControlObjectTemplate__v428_slot19	0056df70	resolved
0056df80	gameplay	PlayerControlObjectTemplate__v428_slot24	0056df80	resolved
0056df90	gameplay	PlayerControlObjectTemplate__v428_slot25	0056df90	resolved
0056dfa0	gameplay	PlayerControlObjectTemplate__v428_slot26	0056dfa0	resolved
0056dfb0	gameplay	PlayerControlObjectTemplate__v428_slot27	0056dfb0	resolved
0056dfc0	gameplay	PlayerControlObjectTemplate__v428_slot28	0056dfc0	resolved
0056dfd0	gameplay	PlayerControlObjectTemplate__v428_slot29	0056dfd0	resolved
0056dfe0	gameplay	PlayerControlObjectTemplate__v428_slot35	0056dfe0	resolved
0056dff0	gameplay	PlayerControlObjectTemplate__v428_slot37	0056dff0	resolved
0056e010	gameplay	PlayerControlObjectTemplate__v428_slot43	0056e010	resolved
0056e020	gameplay	PlayerControlObjectTemplate__v428_slot44	0056e020	resolved
0056e030	gameplay	PlayerControlObjectTemplate__v428_slot45	0056e030	resolved
0056e040	gameplay	PlayerControlObjectTemplate__v428_slot46	0056e040	resolved
0056e080	gameplay	PlayerControlObjectTemplate__v428_slot47	0056e080	resolved
0056e090	gameplay	PlayerControlObjectTemplate__v428_slot48	0056e090	resolved
0056e0a0	gameplay	PlayerControlObjectTemplate__v428_slot49	0056e0a0	resolved
0056e0b0	gameplay	PlayerControlObjectTemplate__v428_slot50	0056e0b0	resolved
0056e0c0	gameplay	PlayerControlObjectTemplate__v428_slot51	0056e0c0	resolved
0056e0d0	gameplay	PlayerControlObjectTemplate__v428_slot52	0056e0d0	resolved
0056e0e0	gameplay	PlayerControlObjectTemplate__v428_slot53	0056e0e0	resolved
0056e0f0	gameplay	PlayerControlObjectTemplate__v428_slot54	0056e0f0	resolved
0056e100	gameplay	PlayerControlObjectTemplate__v428_slot56	0056e100	resolved
0056e110	gameplay	PlayerControlObjectTemplate__v428_slot57	0056e110	resolved
0056e120	gameplay	PlayerControlObjectTemplate__v428_slot58	0056e120	resolved
0056e130	gameplay	PlayerControlObjectTemplate__v428_slot59	0056e130	resolved
0056e140	gameplay	PlayerControlObjectTemplate__v428_slot60	0056e140	resolved
0056e150	gameplay	PlayerControlObjectTemplate__v428_slot63	0056e150	resolved
0056e160	gameplay	PlayerControlObjectTemplate__v428_slot64	0056e160	resolved
0056e170	gameplay	PlayerControlObjectTemplate__v0_slot35	0056e170	resolved
0056e180	gameplay	PlayerControlObjectTemplate__v0_slot36	0056e180	resolved
0056e190	gameplay	PlayerControlObjectTemplate__v0_slot37	0056e190	resolved
0056e1a0	gameplay	PlayerControlObjectTemplate__v428_slot65	0056e1a0	resolved
0056e1c0	gameplay	PlayerControlObjectTemplate__v428_slot67	0056e1c0	resolved
0056e1e0	gameplay	PlayerControlObjectTemplate__v428_slot71	0056e1e0	resolved
0056e1f0	gameplay	PlayerControlObjectTemplate__v428_slot72	0056e1f0	resolved
0056e200	gameplay	PlayerControlObjectTemplate__v0_slot38	0056e200	resolved
0056e210	gameplay	PlayerControlObjectTemplate__v0_slot39	0056e210	resolved
0056e220	gameplay	PlayerControlObjectTemplate__v428_slot73	0056e220	resolved
0056e240	gameplay	PlayerControlObjectTemplate__v428_slot74	0056e240	resolved
0056e250	gameplay	PlayerControlObjectTemplate__v116_slot00	0056e250	resolved
0056e260	gameplay	PlayerControlObjectTemplate__v400_slot00	0056e260	resolved
0056e270	gameplay	PlayerControlObjectTemplate__v400_slot03	0056e270	resolved
0056e280	gameplay	PlayerControlObjectTemplate__v428_slot00	0056e280	resolved
0056e290	gameplay	PlayerControlObjectTemplate__v428_slot03	0056e290	resolved
0056e2a0	gameplay	PlayerControlObjectTemplate__v0_slot01	0056e2a0	resolved
0056e2b0	gameplay	PlayerControlObjectTemplate__v0_slot02	0056e2b0	resolved
0056e2d0	gameplay	PlayerControlObjectTemplate__v400_slot01	0056e2d0	resolved
0056e2e0	gameplay	PlayerControlObjectTemplate__v400_slot02	0056e2e0	resolved
0056e2f0	gameplay	PlayerControlObjectTemplate__v428_slot01	0056e2f0	resolved
0056e300	gameplay	PlayerControlObjectTemplate__v428_slot02	0056e300	resolved
0056e310	gameplay	PlayerControlObjectTemplate__v428_slot11	0056e310	resolved
0056e340	gameplay	PlayerControlObjectTemplate__v428_slot17	0056e340	resolved
0056e370	gameplay	PlayerControlObjectTemplate__v428_slot21	0056e370	resolved
0056e3a0	gameplay	PlayerControlObjectTemplate__v428_slot33	0056e3a0	resolved
0056e3d0	gameplay	PlayerControlObjectTemplate__v428_slot41	0056e3d0	resolved
0056e400	gameplay	PlayerControlObjectTemplate__v428_slot10	0056e400	resolved
0056e430	gameplay	PlayerControlObjectTemplate__v428_slot16	0056e430	resolved
0056e460	gameplay	PlayerControlObjectTemplate__v428_slot20	0056e460	resolved
0056e490	gameplay	PlayerControlObjectTemplate__v428_slot32	0056e490	resolved
0056e4c0	gameplay	PlayerControlObjectTemplate__v428_slot40	0056e4c0	resolved
0056e4f0	gameplay	PlayerControlObjectTemplate__v0_slot00	0056e4f0	resolved
0056e690	gameplay	PlayerControlObjectTemplate__v0_slot32	0056e690	resolved
0056e9c0	gameplay	PlayerControlObject__v0_slot03	0056e9c0	resolved
0056ea00	gameplay	PlayerControlObject__v344_slot08	0056ea00	resolved
0056ea10	gameplay	PlayerControlObject__v344_slot13	0056ea10	resolved
0056ea20	gameplay	PlayerControlObject__v344_slot23	0056ea20	resolved
0056ea50	gameplay	PlayerControlObject__v344_slot00	0056ea50	resolved
0056ea60	gameplay	PlayerControlObject__v344_slot03	0056ea60	resolved
0056ea70	gameplay	PlayerControlObject__v344_slot22	0056ea70	resolved
0056ea90	gameplay	PlayerControlObject__v344_slot20	0056ea90	resolved
0056eaa0	gameplay	PlayerControlObject__v344_slot21	0056eaa0	resolved
0056eca0	gameplay	PlayerControlObject__v0_slot00	0056eca0	resolved
0056ecc0	gameplay	PlayerControlObjectTemplate__v0_slot12	0056ecc0	resolved
0056f090	gameplay	PlayerControlObject__v0_slot04	0056f090	resolved
00570910	gameplay	Projectile__v0_slot03	00570910	resolved
00571110	gameplay	HandFireArms__v0_slot63	00571110	resolved
00571150	gameplay	HandFireArms__v0_slot64	00571150	resolved
00571440	gameplay	HandFireArms__v0_slot19	00571440	resolved
00571610	gameplay	HandFireArms__v0_slot57	00571610	resolved
00571620	gameplay	HandFireArms__v0_slot61	00571620	resolved
00571fc0	gameplay	HandFireArms__v0_slot55	00571fc0	resolved
00572030	gameplay	HandFireArms__v0_slot56	00572030	resolved
00572040	gameplay	HandFireArms__v0_slot60	00572040	resolved
00573200	gameplay	HandFireArmsTemplate__v0_slot13	00573200	resolved
00573400	gameplay	HandFireArms__v0_slot49	00573400	resolved
00573b20	gameplay	ControlPoint__v0_slot03	00573b20	resolved
00573b60	gameplay	HandFireArms__v0_slot58	00573b60	resolved
00573b70	gameplay	HandFireArms__v0_slot59	00573b70	resolved
00573b80	gameplay	HandFireArms__v0_slot62	00573b80	resolved
00575620	gameplay	ControlPointTemplate__v0_slot03	00575620	resolved
005756e0	gameplay	ControlPointTemplate__v400_slot03	005756e0	resolved
005779a0	gameplay	HandFireArms__v0_slot04	005779a0	resolved
00577a20	gameplay	HandFireArms__v0_slot20	00577a20	resolved
005789a0	gameplay	HandFireArms__v0_slot40	005789a0	resolved
0057ac20	gameplay	ControlPoint__v344_slot00	0057ac20	resolved
0057ac30	gameplay	ControlPoint__v344_slot03	0057ac30	resolved
0057ac40	gameplay	ControlPoint__v0_slot00	0057ac40	resolved
0057b060	gameplay	ControlPoint__v0_slot49	0057b060	resolved
0057b160	gameplay	ControlPointTemplate__v0_slot13	0057b160	resolved
0057b1c0	gameplay	ControlPoint__v0_slot04	0057b1c0	resolved
0057b240	gameplay	ControlPoint__v0_slot20	0057b240	resolved
0057b8a0	gameplay	ControlPointTemplate__v0_slot04	0057b8a0	resolved
0057b8b0	gameplay	ControlPointTemplate__v0_slot11	0057b8b0	resolved
0057b8e0	gameplay	ControlPointTemplate__v116_slot00	0057b8e0	resolved
0057b8f0	gameplay	ControlPointTemplate__v400_slot00	0057b8f0	resolved
0057b900	gameplay	ControlPointTemplate__v0_slot12	0057b900	resolved
0057b930	gameplay	ControlPointTemplate__v0_slot00	0057b930	resolved
0057ba30	gameplay	SpringNetworkable__v0_slot04	0057ba30	resolved
0057bac0	gameplay	SpringNetworkable__v0_slot06	0057bac0	resolved
0057bde0	gameplay	SpringNetworkable__v0_slot07	0057bde0	resolved
0057bed0	gameplay	SpringNetworkable__v0_slot08	0057bed0	resolved
0057c170	gameplay	ControlPoint__v0_slot05	0057c170	resolved
0057c1c0	gameplay	Projectile__v0_slot06	0057c1c0	resolved
0057c210	gameplay	BFSoldier__v0_slot10	0057c210	resolved
0057c590	gameplay	BFSoldier__v0_slot37	0057c590	resolved
0057c5d0	gameplay	BFSoldier__v0_slot34	0057c5d0	resolved
0057c5f0	gameplay	BFSpawnPoint__v0_slot42	0057c5f0	resolved
0057c600	gameplay	BFSoldier__v0_slot41	0057c600	resolved
0057c610	gameplay	BFSoldier__v0_slot43	0057c610	resolved
0057c620	gameplay	BFSoldier__v0_slot44	0057c620	resolved
0057c630	gameplay	BFSoldier__v0_slot47	0057c630	resolved
0057c640	gameplay	BFSoldier__v0_slot48	0057c640	resolved
0057c680	gameplay	BFSoldier__v0_slot22	0057c680	resolved
0057c700	gameplay	BFSoldier__v0_slot27	0057c700	resolved
0057c760	gameplay	BFSoldier__v0_slot13	0057c760	resolved
0057c7a0	gameplay	BFSoldier__v0_slot29	0057c7a0	resolved
0057c800	gameplay	BFSoldier__v0_slot15	0057c800	resolved
0057c8a0	gameplay	BFSoldier__v0_slot09	0057c8a0	resolved
0057ca30	gameplay	BFSoldier__v0_slot14	0057ca30	resolved
0057cb60	gameplay	BFSoldier__v0_slot16	0057cb60	resolved
0057cc70	gameplay	BFSoldier__v0_slot28	0057cc70	resolved
0057cca0	gameplay	BFSoldier__v0_slot30	0057cca0	resolved
0057ccd0	gameplay	BFSoldier__v0_slot17	0057ccd0	resolved
0057d270	gameplay	BFSoldier__v0_slot12	0057d270	resolved
0057d2d0	gameplay	BFSoldier__v0_slot32	0057d2d0	resolved
0057d3c0	gameplay	BFSoldier__v0_slot33	0057d3c0	resolved
0057d4c0	gameplay	BFSoldier__v0_slot35	0057d4c0	resolved
0057d530	gameplay	BFSoldier__v0_slot36	0057d530	resolved
0057d5e0	gameplay	BFSoldier__v0_slot26	0057d5e0	resolved
0057da10	gameplay	BFSoldier__v0_slot45	0057da10	resolved
0057da20	gameplay	BFSoldier__v0_slot52	0057da20	resolved
0057da50	gameplay	BFSoldier__v0_slot08	0057da50	resolved
0057ddc0	gameplay	BFSoldier__v0_slot54	0057ddc0	resolved
0057de30	gameplay	PlayerControlObject__v0_slot53	0057de30	resolved
0057de70	gameplay	BFSpawnPoint__v0_slot40	0057de70	resolved
0057df70	gameplay	SpawnPoint__v0_slot04	0057df70	resolved
0057e0d0	gameplay	BFSpawnPoint__v0_slot20	0057e0d0	resolved
0057e580	gameplay	BFSpawnPoint__v0_slot49	0057e580	resolved
0057e5c0	gameplay	ControlPoint__v0_slot21	0057e5c0	resolved
00582030	gameplay	BFSoldier__v0_slot42	00582030	resolved
005820d0	gameplay	ControlPoint__v0_slot40	005820d0	resolved
005823b0	gameplay	SpawnPointManager__v0_slot06	005823b0	resolved
00582650	gameplay	SpawnPointManager__v0_slot05	00582650	resolved
00582960	gameplay	SpawnPointManager__v0_slot03	00582960	resolved
00582a50	gameplay	SpawnPointManager__v0_slot00	00582a50	resolved
00582a70	gameplay	SpawnPointManager__v0_slot04	00582a70	resolved
00586700	gameplay	PlayerControlObjectTemplate__v400_slot07	00586700	resolved
005867d0	gameplay	PlayerControlObjectTemplate__v400_slot09	005867d0	resolved
00586910	gameplay	PlayerControlObjectTemplate__v400_slot05	00586910	resolved
00586a80	gameplay	PlayerControlObjectTemplate__v400_slot08	00586a80	resolved
00586c70	gameplay	PlayerControlObjectTemplate__v0_slot31	00586c70	resolved
00587160	gameplay	PlayerControlObjectTemplate__v400_slot04	00587160	resolved
00589830	gameplay	BFSpawnPoint__v344_slot00	00589830	resolved
00589850	gameplay	PlayerControlObject__v344_slot01	00589850	resolved
00589860	gameplay	PlayerControlObject__v344_slot02	00589860	resolved
00589aa0	gameplay	SpawnPointTemplate__v0_slot12	00589aa0	resolved
00589b30	gameplay	SpawnPointTemplate__v0_slot04	00589b30	resolved
00589b40	gameplay	SpawnPointTemplate__v0_slot11	00589b40	resolved
00589d70	gameplay	ResponsePhysics__v0_slot04	00589d70	resolved
00589e30	gameplay	PlayerControlObjectTemplate__v428_slot34	00589e30	resolved
00589e40	gameplay	PlayerControlObjectTemplate__v428_slot36	00589e40	resolved
00589e80	gameplay	PlayerControlObjectTemplate__v428_slot38	00589e80	resolved
0058a0e0	gameplay	BFSoldierTemplate__v0_slot35	0058a0e0	resolved
0058a150	gameplay	BFSoldierTemplate__v0_slot37	0058a150	resolved
0058a370	gameplay	PlayerControlObjectTemplate__v428_slot61	0058a370	resolved
00596ba0	gameplay	BFSoldierTemplate__v428_slot05	00596ba0	resolved
00597470	gameplay	BFSpawnPointTemplate__v0_slot06	00597470	resolved
0059e200	gameplay	PlayerControlObjectTemplate__v0_slot40	0059e200	resolved
0059e210	gameplay	PlayerControlObjectTemplate__v0_slot41	0059e210	resolved
0059e720	gameplay	BFSpawnPointTemplate__v0_slot26	0059e720	resolved
005a2230	gameplay	NetworkableInfoManager__v0_slot08	005a2230	resolved
005a2250	gameplay	NetworkableInfoManager__v0_slot07	005a2250	resolved
005a24e0	gameplay	NetworkableInfoManager__v0_slot05	005a24e0	resolved
005a2520	gameplay	NetworkableInfoManager__v0_slot04	005a2520	resolved
005a2560	gameplay	NetworkableInfoManager__v0_slot12	005a2560	resolved
005a2d40	gameplay	NetworkableInfoManager__v0_slot11	005a2d40	resolved
005a2eb0	gameplay	NetworkableInfoManager__v0_slot13	005a2eb0	resolved
005a2fa0	gameplay	NetworkableInfoManager__v0_slot06	005a2fa0	resolved
005a30c0	gameplay	NetworkableInfoManager__v0_slot03	005a30c0	resolved
005a30f0	gameplay	NetworkableInfoManager__v0_slot00	005a30f0	resolved
005a3330	gameplay	SimpleObjectNetworkable__v0_slot05	005a3330	resolved
005a39f0	gameplay	SimpleObjectNetworkable__v0_slot04	005a39f0	resolved
005a3bf0	gameplay	SimpleObjectNetworkable__v0_slot06	005a3bf0	resolved
005a3f20	gameplay	SimpleObjectNetworkable__v0_slot09	005a3f20	resolved
005a4040	gameplay	SimpleObjectNetworkable__v56_slot04	005a4040	resolved
005a4de0	gameplay	SimpleObjectNetworkable__v0_slot07	005a4de0	resolved
005a51a0	gameplay	SimpleObjectNetworkable__v0_slot08	005a51a0	resolved
005a59a0	gameplay	RotationalBundleNetworkable__v0_slot05	005a59a0	resolved
005a59b0	gameplay	RotationalBundleNetworkable__v0_slot06	005a59b0	resolved
005a5c30	gameplay	RotationalBundleNetworkable__v0_slot04	005a5c30	resolved
005a5d90	gameplay	RotationalBundleNetworkable__v0_slot09	005a5d90	resolved
005a5e00	gameplay	RotationalBundleNetworkable__v56_slot04	005a5e00	resolved
005a6550	gameplay	RotationalBundleNetworkable__v0_slot07	005a6550	resolved
005a6710	gameplay	RotationalBundleNetworkable__v0_slot08	005a6710	resolved
005a6cd0	gameplay	FreeCameraNetworkable__v0_slot06	005a6cd0	resolved
005a6e20	gameplay	FreeCameraNetworkable__v0_slot04	005a6e20	resolved
005a6f50	gameplay	FreeCameraNetworkable__v56_slot04	005a6f50	resolved
005a72c0	gameplay	FreeCameraNetworkable__v0_slot07	005a72c0	resolved
005a7400	gameplay	FreeCameraNetworkable__v0_slot08	005a7400	resolved
005a7840	gameplay	BFSoldierNetworkable__v0_slot05	005a7840	resolved
005a7850	gameplay	BFSoldierNetworkable__v0_slot06	005a7850	resolved
005a7d10	gameplay	BFSoldierNetworkable__v0_slot04	005a7d10	resolved
005a7f70	gameplay	BFSoldierNetworkable__v0_slot09	005a7f70	resolved
005a8050	gameplay	BFSoldierNetworkable__v56_slot04	005a8050	resolved
005a8fc0	gameplay	BFSoldierNetworkable__v0_slot07	005a8fc0	resolved
005a94b0	gameplay	BFSoldierNetworkable__v0_slot08	005a94b0	resolved
005a9cf0	gameplay	ItemNetworkable__v0_slot06	005a9cf0	resolved
005a9e20	gameplay	ItemNetworkable__v0_slot04	005a9e20	resolved
005a9f20	gameplay	ItemNetworkable__v0_slot07	005a9f20	resolved
005aa060	gameplay	ItemNetworkable__v0_slot08	005aa060	resolved
005aa340	gameplay	PlayerControlObjectNetworkable__v0_slot04	005aa340	resolved
005aa3a0	gameplay	KitNetworkable__v0_slot06	005aa3a0	resolved
005aa4b0	gameplay	KitNetworkable__v0_slot04	005aa4b0	resolved
005aa5a0	gameplay	KitNetworkable__v0_slot07	005aa5a0	resolved
005aa730	gameplay	KitNetworkable__v0_slot08	005aa730	resolved
005aaaa0	gameplay	ProjectileNetworkable__v0_slot04	005aaaa0	resolved
005aad50	gameplay	ProjectileNetworkable__v0_slot06	005aad50	resolved
005ab1a0	gameplay	ProjectileNetworkable__v56_slot04	005ab1a0	resolved
005ab810	gameplay	ProjectileNetworkable__v0_slot07	005ab810	resolved
005abbf0	gameplay	ProjectileNetworkable__v0_slot08	005abbf0	resolved
005ac510	gameplay	FireArmsNetworkable__v0_slot04	005ac510	resolved
005ac6d0	gameplay	FireArmsNetworkable__v0_slot06	005ac6d0	resolved
005ac9d0	gameplay	FireArmsNetworkable__v0_slot07	005ac9d0	resolved
005acc20	gameplay	FireArmsNetworkable__v0_slot08	005acc20	resolved
005ad1a0	gameplay	ControlPointNetworkable__v0_slot04	005ad1a0	resolved
005ad260	gameplay	ControlPointNetworkable__v0_slot06	005ad260	resolved
005ad340	gameplay	ControlPointNetworkable__v0_slot07	005ad340	resolved
005ad4b0	gameplay	ControlPointNetworkable__v0_slot08	005ad4b0	resolved
005ad780	gameplay	EngineNetworkable__v0_slot04	005ad780	resolved
005ad840	gameplay	EngineNetworkable__v0_slot09	005ad840	resolved
005ad8a0	gameplay	EngineNetworkable__v0_slot06	005ad8a0	resolved
005adac0	gameplay	EngineNetworkable__v56_slot04	005adac0	resolved
005adbf0	gameplay	EngineNetworkable__v0_slot07	005adbf0	resolved
005adf60	gameplay	EngineNetworkable__v0_slot08	005adf60	resolved
005ae560	gameplay	MusicPlayerNetworkable__v0_slot04	005ae560	resolved
005ae610	gameplay	MusicPlayerNetworkable__v0_slot06	005ae610	resolved
005ae690	gameplay	MusicPlayerNetworkable__v0_slot07	005ae690	resolved
005ae7a0	gameplay	MusicPlayerNetworkable__v0_slot08	005ae7a0	resolved
005ae9d0	gameplay	WinchNetworkable__v0_slot06	005ae9d0	resolved
005af0c0	gameplay	WinchNetworkable__v0_slot04	005af0c0	resolved
005af1a0	gameplay	WinchNetworkable__v0_slot07	005af1a0	resolved
005af4a0	gameplay	WinchNetworkable__v0_slot08	005af4a0	resolved
005afb40	gameplay	WireLinkNetworkable__v0_slot06	005afb40	resolved
005afc30	gameplay	WireLinkNetworkable__v56_slot04	005afc30	resolved
005afdb0	gameplay	WireLinkNetworkable__v0_slot04	005afdb0	resolved
005afeb0	gameplay	WireLinkNetworkable__v0_slot07	005afeb0	resolved
005b0070	gameplay	WireLinkNetworkable__v0_slot08	005b0070	resolved
005b04d0	gameplay	HookNetworkable__v0_slot06	005b04d0	resolved
005b0540	gameplay	HookNetworkable__v0_slot04	005b0540	resolved
005b06b0	gameplay	HookNetworkable__v56_slot04	005b06b0	resolved
005b0790	gameplay	HookNetworkable__v0_slot07	005b0790	resolved
005b0880	gameplay	HookNetworkable__v0_slot08	005b0880	resolved
005b2100	gameplay	ControlPoint__v344_slot07	005b2100	resolved
005b2130	gameplay	ControlPoint__v344_slot09	005b2130	resolved
005b22a0	gameplay	ControlPoint__v344_slot08	005b22a0	resolved
005b2890	gameplay	ControlPoint__v344_slot06	005b2890	resolved
005b2cb0	gameplay	ControlPoint__v344_slot04	005b2cb0	resolved
005b2ce0	gameplay	ControlPoint__v344_slot05	005b2ce0	resolved
005b4170	gameplay	ControlPoint__v0_slot18	005b4170	resolved
005b5240	gameplay	HandFireArms__v864_slot04	005b5240	resolved
005b5290	gameplay	HandFireArms__v864_slot05	005b5290	resolved
005b5300	gameplay	HandFireArms__v864_slot11	005b5300	resolved
005b5390	gameplay	HandFireArms__v0_slot65	005b5390	resolved
005b53a0	gameplay	HandFireArms__v864_slot12	005b53a0	resolved
005b53b0	gameplay	HandFireArms__v0_slot66	005b53b0	resolved
005b5420	gameplay	HandFireArms__v0_slot68	005b5420	resolved
005b55b0	gameplay	HandFireArms__v0_slot03	005b55b0	resolved
005b5600	gameplay	HandFireArms__v344_slot00	005b5600	resolved
005b5610	gameplay	HandFireArms__v344_slot03	005b5610	resolved
005b5620	gameplay	HandFireArms__v864_slot00	005b5620	resolved
005b5630	gameplay	HandFireArms__v864_slot03	005b5630	resolved
005b5640	gameplay	HandFireArms__v864_slot13	005b5640	resolved
005b5650	gameplay	HandFireArms__v0_slot01	005b5650	resolved
005b5660	gameplay	HandFireArms__v0_slot02	005b5660	resolved
005b5680	gameplay	HandFireArms__v0_slot00	005b5680	resolved
005b56c0	gameplay	HandFireArms__v344_slot01	005b56c0	resolved
005b56d0	gameplay	HandFireArms__v344_slot02	005b56d0	resolved
005b56e0	gameplay	HandFireArms__v864_slot01	005b56e0	resolved
005b56f0	gameplay	HandFireArms__v864_slot02	005b56f0	resolved
005b5700	gameplay	HandFireArms__v0_slot67	005b5700	resolved
005b5bd0	gameplay	HandFireArms__v864_slot10	005b5bd0	resolved
005b5e90	gameplay	HandFireArmsTemplate__v0_slot03	005b5e90	resolved
005b5ee0	gameplay	HandFireArmsTemplate__v0_slot04	005b5ee0	resolved
005b5ef0	gameplay	HandFireArmsTemplate__v0_slot11	005b5ef0	resolved
005b5f30	gameplay	HandFireArmsTemplate__v116_slot00	005b5f30	resolved
005b5f40	gameplay	HandFireArmsTemplate__v400_slot00	005b5f40	resolved
005b5f50	gameplay	HandFireArmsTemplate__v400_slot03	005b5f50	resolved
005b5f60	gameplay	HandFireArmsTemplate__v1424_slot00	005b5f60	resolved
005b5f70	gameplay	HandFireArmsTemplate__v1424_slot03	005b5f70	resolved
005b5f80	gameplay	HandFireArmsTemplate__v0_slot01	005b5f80	resolved
005b5f90	gameplay	HandFireArmsTemplate__v0_slot02	005b5f90	resolved
005b5fb0	gameplay	HandFireArmsTemplate__v400_slot01	005b5fb0	resolved
005b5fc0	gameplay	HandFireArmsTemplate__v400_slot02	005b5fc0	resolved
005b5fd0	gameplay	HandFireArmsTemplate__v1424_slot01	005b5fd0	resolved
005b5fe0	gameplay	HandFireArmsTemplate__v1424_slot02	005b5fe0	resolved
005b5ff0	gameplay	HandFireArmsTemplate__v0_slot12	005b5ff0	resolved
005b6020	gameplay	HandFireArmsTemplate__v0_slot00	005b6020	resolved
005b7350	gameplay	PlayerControlObject__v0_slot01	005b7350	resolved
005bcb60	gameplay	ProjectileTemplate__v0_slot03	005bcb60	resolved
005bcbf0	gameplay	ControlPointTemplate__v0_slot01	005bcbf0	resolved
005bce70	gameplay	ProjectileTemplate__v400_slot03	005bce70	resolved
005bcf50	gameplay	ControlPointTemplate__v400_slot01	005bcf50	resolved
005bcf60	gameplay	ControlPointTemplate__v400_slot02	005bcf60	resolved
005bd5b0	gameplay	PlayerControlObjectTemplate__v428_slot69	005bd5b0	resolved
005c6890	gameplay	PointPhysicsNode__v0_slot51	005c6890	resolved
005c68a0	gameplay	PointPhysicsNode__v0_slot52	005c68a0	resolved
005c9850	gameplay	PhysicsNode__v0_slot58	005c9850	resolved
005c99e0	gameplay	StaticPhysicsNode__v0_slot16	005c99e0	resolved
005c9a10	gameplay	StaticPhysicsNode__v0_slot17	005c9a10	resolved
005c9a30	gameplay	PhysicsNode__v0_slot16	005c9a30	resolved
005c9b80	gameplay	PhysicsNode__v0_slot03	005c9b80	resolved
005c9bb0	gameplay	PhysicsNode__v0_slot19	005c9bb0	resolved
005c9bd0	gameplay	PhysicsNode__v0_slot20	005c9bd0	resolved
005c9bf0	gameplay	PhysicsNode__v0_slot23	005c9bf0	resolved
005c9c10	gameplay	PhysicsNode__v0_slot24	005c9c10	resolved
005c9c30	gameplay	PhysicsNode__v0_slot25	005c9c30	resolved
005c9c50	gameplay	PhysicsNode__v0_slot26	005c9c50	resolved
005c9c70	gameplay	PhysicsNode__v0_slot41	005c9c70	resolved
005c9c80	gameplay	PhysicsNode__v0_slot42	005c9c80	resolved
005c9c90	gameplay	PhysicsNode__v0_slot43	005c9c90	resolved
005c9ca0	gameplay	PhysicsNode__v0_slot44	005c9ca0	resolved
005c9cb0	gameplay	PhysicsNode__v0_slot45	005c9cb0	resolved
005c9cd0	gameplay	PhysicsNode__v0_slot47	005c9cd0	resolved
005c9cf0	gameplay	PhysicsNode__v0_slot48	005c9cf0	resolved
005c9d00	gameplay	PhysicsNode__v0_slot38	005c9d00	resolved
005c9d20	gameplay	PhysicsNode__v0_slot49	005c9d20	resolved
005c9d30	gameplay	PhysicsNode__v0_slot50	005c9d30	resolved
005c9d40	gameplay	PhysicsNode__v0_slot51	005c9d40	resolved
005c9d50	gameplay	PhysicsNode__v0_slot52	005c9d50	resolved
005c9d60	gameplay	PhysicsNode__v0_slot54	005c9d60	resolved
005c9da0	gameplay	PlayerControlObjectTemplate__v428_slot05	005c9da0	resolved
005c9db0	gameplay	PhysicsNode__v0_slot56	005c9db0	resolved
005c9dc0	gameplay	PhysicsNode__v0_slot57	005c9dc0	resolved
005c9dd0	gameplay	PhysicsNode__v0_slot59	005c9dd0	resolved
005c9e00	gameplay	PhysicsNode__v0_slot55	005c9e00	resolved
005c9ef0	gameplay	PhysicsNode__v0_slot22	005c9ef0	resolved
005c9f20	gameplay	PhysicsNode__v0_slot33	005c9f20	resolved
005c9fc0	gameplay	PhysicsNode__v0_slot28	005c9fc0	resolved
005ca530	gameplay	PhysicsNode__v0_slot15	005ca530	resolved
005ca580	gameplay	PhysicsNode__v0_slot18	005ca580	resolved
005ca5d0	gameplay	PhysicsNode__v0_slot32	005ca5d0	resolved
005ca6b0	gameplay	PhysicsNode__v0_slot17	005ca6b0	resolved
005ca790	gameplay	PhysicsNode__v0_slot27	005ca790	resolved
005ca840	gameplay	PhysicsNode__v0_slot29	005ca840	resolved
005ca910	gameplay	PhysicsNode__v0_slot30	005ca910	resolved
005cb2e0	gameplay	PhysicsNode__v0_slot40	005cb2e0	resolved
005cb620	gameplay	PhysicsNode__v0_slot10	005cb620	resolved
005cb650	gameplay	PhysicsNode__v0_slot13	005cb650	resolved
005cb6d0	gameplay	PhysicsNode__v0_slot31	005cb6d0	resolved
005cb8c0	gameplay	ResponsePhysics__v0_slot20	005cb8c0	resolved
005cb8e0	gameplay	ResponsePhysics__v0_slot19	005cb8e0	resolved
005cb900	gameplay	ResponsePhysics__v0_slot18	005cb900	resolved
005cb910	gameplay	ResponsePhysics__v0_slot22	005cb910	resolved
005cb920	gameplay	ResponsePhysics__v0_slot05	005cb920	resolved
005cb9a0	gameplay	ResponsePhysics__v0_slot21	005cb9a0	resolved
005cb9f0	gameplay	ResponsePhysics__v0_slot23	005cb9f0	resolved
005cba80	gameplay	ResponsePhysics__v0_slot24	005cba80	resolved
005cbb30	gameplay	ResponsePhysics__v0_slot33	005cbb30	resolved
005cbd70	gameplay	ResponsePhysics__v0_slot03	005cbd70	resolved
005cbda0	gameplay	ResponsePhysics__v0_slot11	005cbda0	resolved
005cbdb0	gameplay	ResponsePhysics__v0_slot13	005cbdb0	resolved
005cbdd0	gameplay	ResponsePhysics__v0_slot14	005cbdd0	resolved
005cbdf0	gameplay	ResponsePhysics__v0_slot15	005cbdf0	resolved
005cbe00	gameplay	ResponsePhysics__v0_slot26	005cbe00	resolved
005cbe10	gameplay	ResponsePhysics__v0_slot27	005cbe10	resolved
005cbe40	gameplay	ResponsePhysics__v0_slot28	005cbe40	resolved
005cbe50	gameplay	ResponsePhysics__v0_slot29	005cbe50	resolved
005cbe60	gameplay	ResponsePhysics__v0_slot32	005cbe60	resolved
005cbe70	gameplay	ResponsePhysics__v0_slot30	005cbe70	resolved
005cbe90	gameplay	ResponsePhysics__v0_slot31	005cbe90	resolved
005cbea0	gameplay	ResponsePhysics__v0_slot02	005cbea0	resolved
005cbec0	gameplay	ResponsePhysics__v0_slot00	005cbec0	resolved
005cbfa0	gameplay	ResponsePhysics__v0_slot06	005cbfa0	resolved
005cc030	gameplay	ResponsePhysics__v0_slot07	005cc030	resolved
005cc520	gameplay	ResponsePhysics__v0_slot16	005cc520	resolved
005cc550	gameplay	ResponsePhysics__v0_slot10	005cc550	resolved
005ccf90	gameplay	ResponsePhysics__v0_slot08	005ccf90	resolved
005cd690	gameplay	ResponsePhysics__v0_slot09	005cd690	resolved
005ce930	gameplay	ResponsePhysics__v0_slot25	005ce930	resolved
005cf650	gameplay	ResponsePhysics__v0_slot17	005cf650	resolved
005cf6f0	gameplay	BasicPhysicsSystem__v0_slot07	005cf6f0	resolved
005cf710	gameplay	BasicPhysicsSystem__v0_slot08	005cf710	resolved
005cf730	gameplay	BasicPhysicsSystem__v0_slot09	005cf730	resolved
005cf740	gameplay	BasicPhysicsSystem__v0_slot10	005cf740	resolved
005cf790	gameplay	BasicPhysicsSystem__v0_slot03	005cf790	resolved
005cf7c0	gameplay	BasicPhysicsSystem__v0_slot11	005cf7c0	resolved
005cf8f0	gameplay	PhysicsNodeManager__v0_slot05	005cf8f0	resolved
005cf940	gameplay	PhysicsNodeManager__v0_slot06	005cf940	resolved
005cfa20	gameplay	PhysicsNodeManager__v0_slot03	005cfa20	resolved
005cfa50	gameplay	PhysicsNodeManager__v0_slot00	005cfa50	resolved
005cfa80	gameplay	PhysicsNodeManager__v0_slot07	005cfa80	resolved
005cfe00	gameplay	PhysicsNodeManager__v0_slot04	005cfe00	resolved
005cfed0	gameplay	ResponsePhysicsManager__v0_slot03	005cfed0	resolved
005d0020	gameplay	ResponsePhysicsManager__v0_slot04	005d0020	resolved
005d0080	gameplay	ResponsePhysicsManager__v0_slot05	005d0080	resolved
005d0860	gameplay	ResponsePhysicsManager__v0_slot06	005d0860	resolved
005d0b30	gameplay	StaticResponsePhysics__v0_slot20	005d0b30	resolved
005d0b50	gameplay	StaticResponsePhysics__v0_slot19	005d0b50	resolved
005d0b70	gameplay	StaticResponsePhysics__v0_slot18	005d0b70	resolved
005d0b80	gameplay	StaticResponsePhysics__v0_slot22	005d0b80	resolved
005d0b90	gameplay	StaticResponsePhysics__v0_slot23	005d0b90	resolved
005d0c20	gameplay	StaticResponsePhysics__v0_slot24	005d0c20	resolved
005d0d50	gameplay	StaticResponsePhysics__v0_slot15	005d0d50	resolved
005d0d60	gameplay	StaticResponsePhysics__v0_slot26	005d0d60	resolved
005d0d70	gameplay	StaticResponsePhysics__v0_slot00	005d0d70	resolved
005d0da0	gameplay	StaticResponsePhysics__v0_slot31	005d0da0	resolved
005d0de0	gameplay	StaticResponsePhysics__v0_slot16	005d0de0	resolved
005d0e60	gameplay	StaticResponsePhysics__v0_slot17	005d0e60	resolved
005d0f10	gameplay	PhysicsNode__v0_slot07	005d0f10	resolved
005d0f60	gameplay	StaticPhysicsNode__v0_slot44	005d0f60	resolved
005d0f70	gameplay	StaticPhysicsNode__v0_slot50	005d0f70	resolved
005d0f80	gameplay	StaticPhysicsNode__v0_slot00	005d0f80	resolved
005d0fb0	gameplay	StaticPhysicsNode__v0_slot48	005d0fb0	resolved
005d0ff0	gameplay	StaticPhysicsNode__v0_slot32	005d0ff0	resolved
005d1070	gameplay	PointResponsePhysics__v0_slot22	005d1070	resolved
005d1080	gameplay	StaticResponsePhysics__v0_slot07	005d1080	resolved
005d1090	gameplay	PointResponsePhysics__v0_slot23	005d1090	resolved
005d1120	gameplay	PointResponsePhysics__v0_slot24	005d1120	resolved
005d1220	gameplay	PointResponsePhysics__v0_slot12	005d1220	resolved
005d1230	gameplay	StaticResponsePhysics__v0_slot13	005d1230	resolved
005d1250	gameplay	StaticResponsePhysics__v0_slot14	005d1250	resolved
005d1270	gameplay	PointResponsePhysics__v0_slot26	005d1270	resolved
005d1280	gameplay	ResponsePhysics__v0_slot01	005d1280	resolved
005d1290	gameplay	PointResponsePhysics__v0_slot00	005d1290	resolved
005d12c0	gameplay	PointResponsePhysics__v0_slot31	005d12c0	resolved
005d1300	gameplay	PointResponsePhysics__v0_slot08	005d1300	resolved
005d13c0	gameplay	PointResponsePhysics__v0_slot10	005d13c0	resolved
005d1890	gameplay	PointResponsePhysics__v0_slot25	005d1890	resolved
005d1cd0	gameplay	StaticPhysicsNode__v0_slot10	005d1cd0	resolved
005d1ce0	gameplay	PhysicsNode__v0_slot09	005d1ce0	resolved
005d1cf0	gameplay	PhysicsNode__v0_slot11	005d1cf0	resolved
005d1d00	gameplay	PhysicsNode__v0_slot12	005d1d00	resolved
005d1d10	gameplay	StaticPhysicsNode__v0_slot13	005d1d10	resolved
005d1d20	gameplay	PhysicsNode__v0_slot14	005d1d20	resolved
005d1d30	gameplay	PhysicsNode__v0_slot08	005d1d30	resolved
005d1d40	gameplay	PointPhysicsNode__v0_slot32	005d1d40	resolved
005d1d70	gameplay	PointPhysicsNode__v0_slot58	005d1d70	resolved
005d1de0	gameplay	PointPhysicsNode__v0_slot56	005d1de0	resolved
005d1df0	gameplay	PointPhysicsNode__v0_slot57	005d1df0	resolved
005d1e10	gameplay	PointPhysicsNode__v0_slot00	005d1e10	resolved
005d1e40	gameplay	PointPhysicsNode__v0_slot55	005d1e40	resolved
005d1e60	gameplay	PhysicsNode__v0_slot21	005d1e60	resolved
005d1e90	gameplay	PointPhysicsNode__v0_slot27	005d1e90	resolved
005d1ec0	gameplay	PointPhysicsNode__v0_slot29	005d1ec0	resolved
005d1ef0	gameplay	StaticPhysicsNode__v0_slot15	005d1ef0	resolved
005d2240	gameplay	PointPhysicsNode__v0_slot40	005d2240	resolved
005d6f10	gameplay	SpawnPoint__v344_slot06	005d6f10	resolved
005d6f30	gameplay	SpawnPoint__v0_slot14	005d6f30	resolved
005d70b0	gameplay	BFSpawnPoint__v0_slot03	005d70b0	resolved
005d70f0	gameplay	BFSpawnPoint__v344_slot08	005d70f0	resolved
005d7100	gameplay	BFSpawnPoint__v344_slot09	005d7100	resolved
005d7110	gameplay	BFSpawnPoint__v344_slot10	005d7110	resolved
005d7120	gameplay	BFSpawnPoint__v344_slot03	005d7120	resolved
005d7130	gameplay	BFSpawnPoint__v0_slot00	005d7130	resolved
005d7170	gameplay	SpawnPoint__v344_slot05	005d7170	resolved
005d7cc0	gameplay	PhysicsEngine__v0_slot01	005d7cc0	resolved
005d7f50	gameplay	PhysicsEngine__v0_slot40	005d7f50	resolved
005d8b00	gameplay	PhysicsFloatingBundle__v0_slot40	005d8b00	resolved
005d91c0	gameplay	PhysicsSpring__v0_slot40	005d91c0	resolved
005d9c90	gameplay	PhysicsWing__v0_slot40	005d9c90	resolved
005da290	gameplay	NetworkableInfo__v0_slot03	005da290	resolved
005da2d0	gameplay	NetworkableInfo__v0_slot10	005da2d0	resolved
005da300	gameplay	NetworkableInfo__v0_slot18	005da300	resolved
005da310	gameplay	NetworkableInfo__v0_slot19	005da310	resolved
005da320	gameplay	NetworkableInfo__v0_slot20	005da320	resolved
005da330	gameplay	NetworkableInfo__v0_slot21	005da330	resolved
005da340	gameplay	NetworkableInfo__v0_slot22	005da340	resolved
005da350	gameplay	NetworkableInfo__v0_slot23	005da350	resolved
005da360	gameplay	NetworkableInfo__v0_slot12	005da360	resolved
005da370	gameplay	NetworkableInfo__v0_slot13	005da370	resolved
005da380	gameplay	NetworkableInfo__v0_slot14	005da380	resolved
005da390	gameplay	NetworkableInfo__v0_slot15	005da390	resolved
005da3a0	gameplay	NetworkableInfo__v0_slot00	005da3a0	resolved
005da3d0	gameplay	NetworkableInfo__v0_slot04	005da3d0	resolved
005dbc20	gameplay	PhysicsEngine__v0_slot02	005dbc20	resolved
005dbc40	gameplay	PhysicsNode__v0_slot00	005dbc40	resolved
005dccc0	gameplay	PhysicsWinch__v0_slot40	005dccc0	resolved
005ddf40	gameplay	PointPhysicsNode__v0_slot42	005ddf40	resolved
006019b0	gameplay	ControlPointTemplate__v0_slot02	006019b0	resolved
00603cc0	gameplay	PlayerControlObject__v344_slot17	00603cc0	resolved
00603d70	gameplay	PlayerControlObject__v344_slot06	00603d70	resolved
00607830	gameplay	PointPhysicsNode__v0_slot34	00607830	resolved
00607880	gameplay	PhysicsNode__v0_slot46	00607880	resolved
00607890	gameplay	PhysicsNode__v0_slot35	00607890	resolved
006078b0	gameplay	PhysicsNode__v0_slot34	006078b0	resolved
0060d970	gameplay	NetworkManager__v0_slot24	0060d970	resolved
0060fb90	gameplay	PhysicsNode__v0_slot65	0060fb90	resolved
0060fba0	gameplay	PlayerControlObjectTemplate__v428_slot04	0060fba0	resolved
0060fbe0	gameplay	PlayerControlObjectTemplate__v428_slot08	0060fbe0	resolved
0060fc00	gameplay	PlayerControlObjectTemplate__v428_slot14	0060fc00	resolved
0060fe30	gameplay	BFSoldier__v0_slot07	0060fe30	resolved
00610080	gameplay	PlayerControlObjectTemplate__v428_slot31	00610080	resolved
00610090	gameplay	BFSoldier__v0_slot23	00610090	resolved
006100a0	gameplay	BFSoldier__v0_slot24	006100a0	resolved
0061ec80	gameplay	BFSoldierTemplate__v0_slot39	0061ec80	resolved
00637100	gameplay	BFSpawnPoint__v344_slot07	00637100	resolved
006373f0	gameplay	NetworkableInfo__v0_slot17	006373f0	resolved
00656400	gameplay	PointPhysicsNode__v0_slot15	00656400	resolved
0067d370	gameplay	NetworkManager__v0_slot05	0067d370	resolved
0067d380	gameplay	NetworkManager__v0_slot27	0067d380	resolved
0067d390	gameplay	NetworkManager__v0_slot07	0067d390	resolved
0067d3d0	gameplay	NetworkManager__v0_slot03	0067d3d0	resolved
0067d410	gameplay	PointPhysicsNode__v0_slot59	0067d410	resolved
0067daa0	gameplay	NetworkManager__v0_slot01	0067daa0	resolved
0067db50	gameplay	NetworkManager__v0_slot09	0067db50	resolved
0067db80	gameplay	NetworkManager__v0_slot11	0067db80	resolved
0067de50	gameplay	NetworkManager__v0_slot02	0067de50	resolved
0067dea0	gameplay	NetworkManager__v0_slot10	0067dea0	resolved
0067e830	gameplay	NetworkManager__v0_slot04	0067e830	resolved
0067e880	gameplay	NetworkManager__v0_slot29	0067e880	resolved
0067fa70	gameplay	NetworkManager__v0_slot06	0067fa70	resolved
0067ff50	gameplay	NetworkManager__v0_slot08	0067ff50	resolved
00680d60	gameplay	NetworkManager__v0_slot28	00680d60	resolved
00681840	gameplay	NetworkManager__v0_slot13	00681840	resolved
00681870	gameplay	NetworkManager__v0_slot14	00681870	resolved
006818a0	gameplay	NetworkManager__v0_slot17	006818a0	resolved
006818c0	gameplay	NetworkManager__v0_slot18	006818c0	resolved
00681900	gameplay	NetworkManager__v0_slot20	00681900	resolved
00681930	gameplay	NetworkManager__v0_slot22	00681930	resolved
00681980	gameplay	NetworkManager__v0_slot12	00681980	resolved
00681af0	gameplay	NetworkManager__v0_slot15	00681af0	resolved
00681b90	gameplay	NetworkManager__v0_slot19	00681b90	resolved
00681d40	gameplay	NetworkManager__v0_slot21	00681d40	resolved
00681e00	gameplay	NetworkManager__v0_slot16	00681e00	resolved
00681fa0	gameplay	NetworkManager__v0_slot00	00681fa0	resolved
00682c80	gameplay	NetworkModule__v0_slot06	00682c80	resolved
0068ee90	gameplay	BFSoldier__v348_slot23	0068ee90	resolved
0068f980	gameplay	PlayerControlObject__v344_slot04	0068f980	resolved
00692c40	gameplay	PointPhysicsNode__v0_slot50	00692c40	resolved
00695610	gameplay	PhysicsNode__v0_slot39	00695610	resolved
00695ae0	gameplay	GameEventManager__v0_slot01	00695ae0	resolved
00697510	gameplay	GameEventManager__v0_slot02	00697510	resolved
0069f0b0	gameplay	PlayerControlObject__v344_slot05	0069f0b0	resolved
007077e0	gameplay	BFSpawnPointTemplate__v0_slot01	007077e0	resolved
00720a30	gameplay	PlayerControlObjectTemplate__v428_slot23	00720a30	resolved
0072aa10	gameplay	NetworkableInfo__v0_slot05	0072aa10	resolved
0072acb0	gameplay	PlayerControlObjectTemplate__v428_slot68	0072acb0	resolved
0075a7f0	gameplay	PhysicsNode__v0_slot53	0075a7f0	resolved
0075dd70	gameplay	EntryMoveToObjectMediumSoldier__v0_slot01	0075dd70	resolved
0075ee90	gameplay	EntryMoveToMediumSoldier__v0_slot01	0075ee90	resolved
007601d0	gameplay	EntryMoveToLightSoldier__v0_slot01	007601d0	resolved
00760a40	gameplay	EntrySoldierPose__v0_slot01	00760a40	resolved
00781990	gameplay	IPlayerControlObjectConstraint__v0_slot00	00781990	resolved
00791910	gameplay	BasicPhysicsSystem__v0_slot06	00791910	resolved
007da980	gameplay	ObjTemplNetworkModule__v0_slot00	007da980	resolved
